Sample_No,Recipe_Version,Rev_No,Wafer_ID,Tool_ID,Chamber_ID,Site_ID,Zone,Radius_frac,Angle_deg,Top_CD_nm,Mid_CD_nm,Bottom_CD_nm,Depth_nm,Top_CD_Pass,Mid_CD_Pass,Bottom_CD_Pass,Depth_Pass,Defect_Count,Defect_Severity,Anomaly_Event
1,Rev8,8,W001,AE-3200,CH-A,C1,Center,0.0,0.0,73.98,69.59,69.28,427.9,True,True,True,True,0,0.0,
2,Rev8,8,W001,AE-3200,CH-A,MID-01,Mid,0.52,30.0,75.25,71.15,65.94,357.0,False,True,True,False,0,0.0,
3,Rev8,8,W001,AE-3200,CH-A,MID-02,Mid,0.52,90.0,74.23,72.5,62.25,395.8,True,True,True,True,1,2.27,pressure_spike
4,Rev8,8,W001,AE-3200,CH-A,MID-03,Mid,0.52,150.0,75.85,69.96,71.47,416.6,False,True,False,True,2,11.04,
5,Rev8,8,W001,AE-3200,CH-A,MID-04,Mid,0.52,210.0,73.46,72.07,64.09,388.2,True,True,True,True,0,0.0,
6,Rev8,8,W001,AE-3200,CH-A,MID-05,Mid,0.52,270.0,74.46,72.02,72.01,391.3,True,True,False,True,1,3.59,
7,Rev8,8,W001,AE-3200,CH-A,MID-06,Mid,0.52,330.0,73.37,72.62,63.4,437.7,True,True,True,True,0,0.0,
8,Rev8,8,W001,AE-3200,CH-A,EDG-01,Edge,0.84,0.0,77.71,71.0,67.84,397.5,False,True,True,True,1,3.98,polymer_residue
9,Rev8,8,W001,AE-3200,CH-A,EDG-02,Edge,0.84,32.7,73.16,71.67,68.7,386.1,True,True,True,True,1,4.82,
10,Rev8,8,W001,AE-3200,CH-A,EDG-03,Edge,0.84,65.5,76.37,71.92,65.47,415.8,False,True,True,True,1,4.26,polymer_residue
11,Rev8,8,W001,AE-3200,CH-A,EDG-04,Edge,0.84,98.2,75.71,74.0,68.01,398.1,False,False,True,True,2,12.4,arc_event
12,Rev8,8,W001,AE-3200,CH-A,EDG-05,Edge,0.84,130.9,74.71,69.64,68.39,389.7,True,True,True,True,0,0.0,
13,Rev8,8,W001,AE-3200,CH-A,EDG-06,Edge,0.84,163.6,75.14,73.21,67.9,386.2,True,False,True,True,0,0.0,
14,Rev8,8,W001,AE-3200,CH-A,EDG-07,Edge,0.84,196.4,75.91,71.75,67.73,434.7,False,True,True,True,1,4.87,
15,Rev8,8,W001,AE-3200,CH-A,EDG-08,Edge,0.84,229.1,75.07,71.43,70.8,414.9,True,True,False,True,1,4.54,arc_event
16,Rev8,8,W001,AE-3200,CH-A,EDG-09,Edge,0.84,261.8,75.78,72.01,71.36,414.1,False,True,False,True,0,0.0,
17,Rev8,8,W001,AE-3200,CH-A,EDG-10,Edge,0.84,294.5,73.53,73.88,72.52,429.5,True,False,False,True,0,0.0,
18,Rev8,8,W001,AE-3200,CH-A,EDG-11,Edge,0.84,327.3,76.72,74.44,63.55,407.3,False,False,True,True,1,4.92,polymer_residue
19,Rev8,8,W001,AE-3200,CH-A,EXT-01,Extreme Edge,0.96,16.4,74.07,70.97,68.05,399.8,True,True,True,True,1,5.72,esc_temp_drift
20,Rev8,8,W001,AE-3200,CH-A,EXT-02,Extreme Edge,0.96,49.1,75.23,73.9,69.37,425.6,False,False,True,True,1,2.33,
21,Rev8,8,W001,AE-3200,CH-A,EXT-03,Extreme Edge,0.96,81.8,76.58,75.89,63.24,383.6,False,False,True,True,1,2.69,polymer_residue
22,Rev8,8,W001,AE-3200,CH-A,EXT-04,Extreme Edge,0.96,114.5,77.36,74.0,73.7,378.7,False,False,False,True,3,10.89,polymer_residue
23,Rev8,8,W001,AE-3200,CH-A,EXT-05,Extreme Edge,0.96,147.3,78.09,72.78,68.78,423.1,False,True,True,True,0,0.0,
24,Rev8,8,W001,AE-3200,CH-A,EXT-06,Extreme Edge,0.96,180.0,77.14,70.77,65.22,431.9,False,True,True,True,1,3.12,polymer_residue
25,Rev8,8,W001,AE-3200,CH-A,EXT-07,Extreme Edge,0.96,212.7,75.77,71.78,63.53,412.3,False,True,True,True,1,2.37,endpoint_late
26,Rev8,8,W001,AE-3200,CH-A,EXT-08,Extreme Edge,0.96,245.5,77.27,71.76,70.08,407.6,False,True,True,True,1,4.47,endpoint_late
27,Rev8,8,W001,AE-3200,CH-A,EXT-09,Extreme Edge,0.96,278.2,77.69,71.44,67.27,433.5,False,True,True,True,1,2.24,polymer_residue
28,Rev8,8,W001,AE-3200,CH-A,EXT-10,Extreme Edge,0.96,310.9,77.55,71.13,72.01,411.1,False,True,False,True,0,0.0,
29,Rev8,8,W001,AE-3200,CH-A,EXT-11,Extreme Edge,0.96,343.6,74.77,72.3,64.79,417.3,True,True,True,True,0,0.0,
30,Rev5,5,W002,AE-3200,CH-B,C1,Center,0.0,0.0,72.06,70.31,66.85,415.2,True,True,True,True,0,0.0,
31,Rev5,5,W002,AE-3200,CH-B,MID-01,Mid,0.52,30.0,73.13,68.89,63.73,406.1,True,True,True,True,0,0.0,
32,Rev5,5,W002,AE-3200,CH-B,MID-02,Mid,0.52,90.0,71.92,67.88,69.43,452.0,True,True,True,True,0,0.0,
33,Rev5,5,W002,AE-3200,CH-B,MID-03,Mid,0.52,150.0,71.03,72.58,68.88,438.7,True,True,True,True,0,0.0,
34,Rev5,5,W002,AE-3200,CH-B,MID-04,Mid,0.52,210.0,73.04,72.07,64.07,457.5,True,True,True,False,1,3.1,arc_event
35,Rev5,5,W002,AE-3200,CH-B,MID-05,Mid,0.52,270.0,73.08,70.02,72.58,415.3,True,True,False,True,0,0.0,
36,Rev5,5,W002,AE-3200,CH-B,MID-06,Mid,0.52,330.0,69.74,68.06,63.71,472.8,True,True,True,False,0,0.0,
37,Rev5,5,W002,AE-3200,CH-B,EDG-01,Edge,0.84,0.0,74.76,70.02,65.34,453.0,True,True,True,False,0,0.0,
38,Rev5,5,W002,AE-3200,CH-B,EDG-02,Edge,0.84,32.7,73.96,69.57,66.67,446.7,True,True,True,True,1,4.77,
39,Rev5,5,W002,AE-3200,CH-B,EDG-03,Edge,0.84,65.5,74.23,69.07,68.29,391.5,True,True,True,True,0,0.0,
40,Rev5,5,W002,AE-3200,CH-B,EDG-04,Edge,0.84,98.2,70.56,68.92,71.75,375.0,True,True,False,False,1,5.67,polymer_residue
41,Rev5,5,W002,AE-3200,CH-B,EDG-05,Edge,0.84,130.9,76.56,70.93,66.33,413.2,False,True,True,True,1,3.59,
42,Rev5,5,W002,AE-3200,CH-B,EDG-06,Edge,0.84,163.6,73.55,71.0,71.12,425.6,True,True,False,True,0,0.0,
43,Rev5,5,W002,AE-3200,CH-B,EDG-07,Edge,0.84,196.4,72.67,72.13,65.25,435.0,True,True,True,True,1,5.06,
44,Rev5,5,W002,AE-3200,CH-B,EDG-08,Edge,0.84,229.1,72.16,72.56,67.32,445.0,True,True,True,True,0,0.0,
45,Rev5,5,W002,AE-3200,CH-B,EDG-09,Edge,0.84,261.8,73.43,71.25,75.82,454.8,True,True,False,False,0,0.0,
46,Rev5,5,W002,AE-3200,CH-B,EDG-10,Edge,0.84,294.5,73.71,69.72,64.63,423.7,True,True,True,True,0,0.0,
47,Rev5,5,W002,AE-3200,CH-B,EDG-11,Edge,0.84,327.3,71.38,70.65,65.36,470.1,True,True,True,False,0,0.0,
48,Rev5,5,W002,AE-3200,CH-B,EXT-01,Extreme Edge,0.96,16.4,73.15,75.44,68.5,420.7,True,False,True,True,0,0.0,
49,Rev5,5,W002,AE-3200,CH-B,EXT-02,Extreme Edge,0.96,49.1,75.59,69.96,67.87,461.6,False,True,True,False,2,8.48,polymer_residue
50,Rev5,5,W002,AE-3200,CH-B,EXT-03,Extreme Edge,0.96,81.8,73.42,68.67,66.67,424.6,True,True,True,True,2,10.37,endpoint_late
51,Rev5,5,W002,AE-3200,CH-B,EXT-04,Extreme Edge,0.96,114.5,74.65,73.35,71.22,410.7,True,False,False,True,1,4.9,pressure_spike
52,Rev5,5,W002,AE-3200,CH-B,EXT-05,Extreme Edge,0.96,147.3,75.44,72.29,68.01,475.0,False,True,True,False,0,0.0,
53,Rev5,5,W002,AE-3200,CH-B,EXT-06,Extreme Edge,0.96,180.0,72.64,70.32,69.95,450.2,True,True,True,True,0,0.0,
54,Rev5,5,W002,AE-3200,CH-B,EXT-07,Extreme Edge,0.96,212.7,74.58,70.56,69.15,418.6,True,True,True,True,1,4.15,
55,Rev5,5,W002,AE-3200,CH-B,EXT-08,Extreme Edge,0.96,245.5,74.79,72.85,72.69,423.0,True,False,False,True,0,0.0,
56,Rev5,5,W002,AE-3200,CH-B,EXT-09,Extreme Edge,0.96,278.2,75.31,70.21,70.02,424.5,False,True,True,True,0,0.0,
57,Rev5,5,W002,AE-3200,CH-B,EXT-10,Extreme Edge,0.96,310.9,75.89,73.25,72.43,473.4,False,False,False,False,0,0.0,
58,Rev5,5,W002,AE-3200,CH-B,EXT-11,Extreme Edge,0.96,343.6,73.57,71.03,69.83,426.0,True,True,True,True,1,5.44,
59,Base,0,W003,AE-3200,CH-A,C1,Center,0.0,0.0,70.93,72.92,66.38,396.7,True,False,True,True,0,0.0,
60,Base,0,W003,AE-3200,CH-A,MID-01,Mid,0.52,30.0,71.98,71.56,66.19,429.0,True,True,True,True,0,0.0,
61,Base,0,W003,AE-3200,CH-A,MID-02,Mid,0.52,90.0,70.58,73.07,69.36,401.4,True,False,True,True,1,5.85,polymer_residue
62,Base,0,W003,AE-3200,CH-A,MID-03,Mid,0.52,150.0,70.09,73.34,67.13,423.6,True,False,True,True,1,6.29,
63,Base,0,W003,AE-3200,CH-A,MID-04,Mid,0.52,210.0,69.73,70.86,68.29,389.6,True,True,True,True,0,0.0,
64,Base,0,W003,AE-3200,CH-A,MID-05,Mid,0.52,270.0,72.47,72.81,70.1,406.6,True,False,True,True,1,6.34,arc_event
65,Base,0,W003,AE-3200,CH-A,MID-06,Mid,0.52,330.0,72.17,74.77,67.51,403.2,True,False,True,True,1,5.24,
66,Base,0,W003,AE-3200,CH-A,EDG-01,Edge,0.84,0.0,71.18,72.76,67.47,386.5,True,True,True,True,0,0.0,
67,Base,0,W003,AE-3200,CH-A,EDG-02,Edge,0.84,32.7,72.77,74.25,64.54,460.1,True,False,True,False,0,0.0,
68,Base,0,W003,AE-3200,CH-A,EDG-03,Edge,0.84,65.5,73.9,73.38,68.26,414.2,True,False,True,True,1,5.18,polymer_residue
69,Base,0,W003,AE-3200,CH-A,EDG-04,Edge,0.84,98.2,74.14,71.66,69.77,416.9,True,True,True,True,1,5.84,
70,Base,0,W003,AE-3200,CH-A,EDG-05,Edge,0.84,130.9,73.1,73.49,70.56,428.6,True,False,True,True,0,0.0,
71,Base,0,W003,AE-3200,CH-A,EDG-06,Edge,0.84,163.6,73.26,72.94,72.33,410.7,True,False,False,True,2,10.25,polymer_residue
72,Base,0,W003,AE-3200,CH-A,EDG-07,Edge,0.84,196.4,72.61,73.95,65.5,453.0,True,False,True,False,1,5.52,
73,Base,0,W003,AE-3200,CH-A,EDG-08,Edge,0.84,229.1,73.41,75.06,74.31,418.8,True,False,False,True,0,0.0,
74,Base,0,W003,AE-3200,CH-A,EDG-09,Edge,0.84,261.8,73.79,74.04,73.54,405.5,True,False,False,True,2,9.3,esc_temp_drift
75,Base,0,W003,AE-3200,CH-A,EDG-10,Edge,0.84,294.5,72.19,72.17,71.37,420.9,True,True,False,True,0,0.0,
76,Base,0,W003,AE-3200,CH-A,EDG-11,Edge,0.84,327.3,73.9,72.04,64.2,426.2,True,True,True,True,0,0.0,
77,Base,0,W003,AE-3200,CH-A,EXT-01,Extreme Edge,0.96,16.4,73.95,75.87,66.32,427.5,True,False,True,True,1,3.29,
78,Base,0,W003,AE-3200,CH-A,EXT-02,Extreme Edge,0.96,49.1,73.02,74.83,73.39,447.0,True,False,False,True,1,6.31,
79,Base,0,W003,AE-3200,CH-A,EXT-03,Extreme Edge,0.96,81.8,72.41,72.52,68.83,447.6,True,True,True,True,0,0.0,
80,Base,0,W003,AE-3200,CH-A,EXT-04,Extreme Edge,0.96,114.5,73.98,75.46,68.35,422.3,True,False,True,True,0,0.0,
81,Base,0,W003,AE-3200,CH-A,EXT-05,Extreme Edge,0.96,147.3,71.12,73.93,76.31,437.4,True,False,False,True,1,4.63,arc_event
82,Base,0,W003,AE-3200,CH-A,EXT-06,Extreme Edge,0.96,180.0,72.74,73.3,72.46,397.1,True,False,False,True,0,0.0,
83,Base,0,W003,AE-3200,CH-A,EXT-07,Extreme Edge,0.96,212.7,72.43,73.74,68.81,438.8,True,False,True,True,1,4.77,polymer_residue
84,Base,0,W003,AE-3200,CH-A,EXT-08,Extreme Edge,0.96,245.5,73.58,72.81,69.96,448.3,True,False,True,True,1,5.93,
85,Base,0,W003,AE-3200,CH-A,EXT-09,Extreme Edge,0.96,278.2,71.47,78.12,71.57,434.7,True,False,False,True,0,0.0,
86,Base,0,W003,AE-3200,CH-A,EXT-10,Extreme Edge,0.96,310.9,73.01,74.47,70.32,435.2,True,False,True,True,1,5.64,
87,Base,0,W003,AE-3200,CH-A,EXT-11,Extreme Edge,0.96,343.6,72.8,71.46,73.3,429.2,True,True,False,True,1,4.74,
88,Rev4,4,W004,AE-3200,CH-A,C1,Center,0.0,0.0,73.26,69.0,63.13,444.2,True,True,True,True,0,0.0,
89,Rev4,4,W004,AE-3200,CH-A,MID-01,Mid,0.52,30.0,73.81,70.31,61.76,402.3,True,True,True,True,1,1.85,polymer_residue
90,Rev4,4,W004,AE-3200,CH-A,MID-02,Mid,0.52,90.0,73.53,69.57,67.83,424.4,True,True,True,True,2,5.16,polymer_residue
91,Rev4,4,W004,AE-3200,CH-A,MID-03,Mid,0.52,150.0,73.55,71.03,60.6,418.5,True,True,True,True,1,3.61,polymer_residue
92,Rev4,4,W004,AE-3200,CH-A,MID-04,Mid,0.52,210.0,74.15,69.95,60.44,454.0,True,True,True,False,0,0.0,
93,Rev4,4,W004,AE-3200,CH-A,MID-05,Mid,0.52,270.0,73.36,70.64,69.41,432.4,True,True,True,True,2,6.48,esc_temp_drift
94,Rev4,4,W004,AE-3200,CH-A,MID-06,Mid,0.52,330.0,75.46,67.66,60.23,418.4,False,True,True,True,1,2.35,
95,Rev4,4,W004,AE-3200,CH-A,EDG-01,Edge,0.84,0.0,77.9,72.28,70.45,413.5,False,True,True,True,0,0.0,
96,Rev4,4,W004,AE-3200,CH-A,EDG-02,Edge,0.84,32.7,74.17,72.29,63.68,455.0,True,True,True,False,0,0.0,
97,Rev4,4,W004,AE-3200,CH-A,EDG-03,Edge,0.84,65.5,76.65,69.26,64.74,417.5,False,True,True,True,1,3.68,polymer_residue
98,Rev4,4,W004,AE-3200,CH-A,EDG-04,Edge,0.84,98.2,75.01,71.48,65.87,459.3,True,True,True,False,0,0.0,
99,Rev4,4,W004,AE-3200,CH-A,EDG-05,Edge,0.84,130.9,71.45,69.63,67.9,437.5,True,True,True,True,0,0.0,
100,Rev4,4,W004,AE-3200,CH-A,EDG-06,Edge,0.84,163.6,76.0,70.91,67.35,430.2,False,True,True,True,1,5.89,
101,Rev4,4,W004,AE-3200,CH-A,EDG-07,Edge,0.84,196.4,73.77,73.59,65.86,454.3,True,False,True,False,0,0.0,
102,Rev4,4,W004,AE-3200,CH-A,EDG-08,Edge,0.84,229.1,75.56,69.16,66.57,444.9,False,True,True,True,0,0.0,
103,Rev4,4,W004,AE-3200,CH-A,EDG-09,Edge,0.84,261.8,75.49,71.3,69.71,415.9,False,True,True,True,1,6.45,
104,Rev4,4,W004,AE-3200,CH-A,EDG-10,Edge,0.84,294.5,76.74,74.59,71.15,431.4,False,False,False,True,1,3.88,arc_event
105,Rev4,4,W004,AE-3200,CH-A,EDG-11,Edge,0.84,327.3,76.55,71.84,66.12,430.2,False,True,True,True,0,0.0,
106,Rev4,4,W004,AE-3200,CH-A,EXT-01,Extreme Edge,0.96,16.4,74.82,72.11,71.35,482.6,True,True,False,False,1,3.08,polymer_residue
107,Rev4,4,W004,AE-3200,CH-A,EXT-02,Extreme Edge,0.96,49.1,77.36,73.79,67.61,431.9,False,False,True,True,0,0.0,
108,Rev4,4,W004,AE-3200,CH-A,EXT-03,Extreme Edge,0.96,81.8,77.99,74.03,67.04,457.2,False,False,True,False,0,0.0,
109,Rev4,4,W004,AE-3200,CH-A,EXT-04,Extreme Edge,0.96,114.5,76.71,72.15,65.26,403.0,False,True,True,True,0,0.0,
110,Rev4,4,W004,AE-3200,CH-A,EXT-05,Extreme Edge,0.96,147.3,76.58,69.53,69.89,462.1,False,True,True,False,0,0.0,
111,Rev4,4,W004,AE-3200,CH-A,EXT-06,Extreme Edge,0.96,180.0,79.0,74.52,65.09,479.7,False,False,True,False,0,0.0,
112,Rev4,4,W004,AE-3200,CH-A,EXT-07,Extreme Edge,0.96,212.7,73.89,71.9,66.77,454.8,True,True,True,False,3,12.28,
113,Rev4,4,W004,AE-3200,CH-A,EXT-08,Extreme Edge,0.96,245.5,74.76,72.48,71.91,432.2,True,True,False,True,2,5.38,polymer_residue
114,Rev4,4,W004,AE-3200,CH-A,EXT-09,Extreme Edge,0.96,278.2,77.03,72.07,64.06,457.0,False,True,True,False,1,2.48,polymer_residue
115,Rev4,4,W004,AE-3200,CH-A,EXT-10,Extreme Edge,0.96,310.9,76.64,74.77,66.85,444.1,False,False,True,True,1,2.34,polymer_residue
116,Rev4,4,W004,AE-3200,CH-A,EXT-11,Extreme Edge,0.96,343.6,75.74,71.07,61.99,444.3,False,True,True,True,0,0.0,
117,Rev5,5,W005,AE-3200,CH-B,C1,Center,0.0,0.0,69.53,66.85,68.36,459.2,True,True,True,False,0,0.0,
118,Rev5,5,W005,AE-3200,CH-B,MID-01,Mid,0.52,30.0,67.62,66.82,63.43,452.9,False,True,True,False,1,4.26,
119,Rev5,5,W005,AE-3200,CH-B,MID-02,Mid,0.52,90.0,70.64,69.2,66.86,434.8,True,True,True,True,0,0.0,
120,Rev5,5,W005,AE-3200,CH-B,MID-03,Mid,0.52,150.0,72.82,68.92,68.44,431.0,True,True,True,True,0,0.0,
121,Rev5,5,W005,AE-3200,CH-B,MID-04,Mid,0.52,210.0,71.48,69.66,63.65,468.1,True,True,True,False,0,0.0,
122,Rev5,5,W005,AE-3200,CH-B,MID-05,Mid,0.52,270.0,74.04,70.59,68.2,423.2,True,True,True,True,0,0.0,
123,Rev5,5,W005,AE-3200,CH-B,MID-06,Mid,0.52,330.0,69.15,65.94,67.1,464.9,True,True,True,False,0,0.0,
124,Rev5,5,W005,AE-3200,CH-B,EDG-01,Edge,0.84,0.0,73.3,68.41,65.77,472.7,True,True,True,False,0,0.0,
125,Rev5,5,W005,AE-3200,CH-B,EDG-02,Edge,0.84,32.7,71.29,73.25,65.7,419.9,True,False,True,True,0,0.0,
126,Rev5,5,W005,AE-3200,CH-B,EDG-03,Edge,0.84,65.5,72.91,68.86,66.28,436.0,True,True,True,True,0,0.0,
127,Rev5,5,W005,AE-3200,CH-B,EDG-04,Edge,0.84,98.2,72.39,67.28,69.08,443.0,True,True,True,True,0,0.0,
128,Rev5,5,W005,AE-3200,CH-B,EDG-05,Edge,0.84,130.9,73.18,66.64,69.83,439.1,True,True,True,True,1,2.26,polymer_residue
129,Rev5,5,W005,AE-3200,CH-B,EDG-06,Edge,0.84,163.6,74.1,71.77,66.35,457.3,True,True,True,False,2,10.88,
130,Rev5,5,W005,AE-3200,CH-B,EDG-07,Edge,0.84,196.4,71.12,73.46,64.74,436.6,True,False,True,True,0,0.0,
131,Rev5,5,W005,AE-3200,CH-B,EDG-08,Edge,0.84,229.1,74.42,67.17,63.89,466.1,True,True,True,False,0,0.0,
132,Rev5,5,W005,AE-3200,CH-B,EDG-09,Edge,0.84,261.8,73.72,69.38,67.46,427.7,True,True,True,True,1,4.83,pressure_spike
133,Rev5,5,W005,AE-3200,CH-B,EDG-10,Edge,0.84,294.5,74.34,72.75,72.07,456.0,True,True,False,False,1,3.34,
134,Rev5,5,W005,AE-3200,CH-B,EDG-11,Edge,0.84,327.3,71.95,71.44,67.88,458.6,True,True,True,False,0,0.0,
135,Rev5,5,W005,AE-3200,CH-B,EXT-01,Extreme Edge,0.96,16.4,73.34,67.24,72.58,434.4,True,True,False,True,0,0.0,
136,Rev5,5,W005,AE-3200,CH-B,EXT-02,Extreme Edge,0.96,49.1,70.07,69.18,64.72,450.4,True,True,True,True,1,2.59,polymer_residue
137,Rev5,5,W005,AE-3200,CH-B,EXT-03,Extreme Edge,0.96,81.8,72.85,70.57,71.49,449.5,True,True,False,True,0,0.0,
138,Rev5,5,W005,AE-3200,CH-B,EXT-04,Extreme Edge,0.96,114.5,73.47,69.32,70.56,451.4,True,True,True,True,0,0.0,
139,Rev5,5,W005,AE-3200,CH-B,EXT-05,Extreme Edge,0.96,147.3,74.25,72.77,66.54,462.2,True,True,True,False,1,2.36,
140,Rev5,5,W005,AE-3200,CH-B,EXT-06,Extreme Edge,0.96,180.0,74.79,67.01,70.67,465.5,True,True,False,False,0,0.0,
141,Rev5,5,W005,AE-3200,CH-B,EXT-07,Extreme Edge,0.96,212.7,74.72,72.22,71.0,473.4,True,True,False,False,1,4.54,pressure_spike
142,Rev5,5,W005,AE-3200,CH-B,EXT-08,Extreme Edge,0.96,245.5,75.18,70.43,73.74,502.3,True,True,False,False,0,0.0,
143,Rev5,5,W005,AE-3200,CH-B,EXT-09,Extreme Edge,0.96,278.2,73.41,69.22,69.69,468.8,True,True,True,False,1,6.46,pressure_spike
144,Rev5,5,W005,AE-3200,CH-B,EXT-10,Extreme Edge,0.96,310.9,71.23,67.82,68.93,492.6,True,True,True,False,0,0.0,
145,Rev5,5,W005,AE-3200,CH-B,EXT-11,Extreme Edge,0.96,343.6,74.61,70.4,64.9,457.1,True,True,True,False,0,0.0,
146,Rev4,4,W006,AE-3200,CH-A,C1,Center,0.0,0.0,73.7,70.6,69.9,439.7,True,True,True,True,1,6.08,
147,Rev4,4,W006,AE-3200,CH-A,MID-01,Mid,0.52,30.0,75.86,73.49,68.97,454.3,False,False,True,False,0,0.0,
148,Rev4,4,W006,AE-3200,CH-A,MID-02,Mid,0.52,90.0,73.71,72.18,68.8,430.0,True,True,True,True,0,0.0,
149,Rev4,4,W006,AE-3200,CH-A,MID-03,Mid,0.52,150.0,72.31,69.08,66.93,370.9,True,True,True,False,0,0.0,
150,Rev4,4,W006,AE-3200,CH-A,MID-04,Mid,0.52,210.0,73.66,69.2,68.6,395.4,True,True,True,True,0,0.0,
151,Rev4,4,W006,AE-3200,CH-A,MID-05,Mid,0.52,270.0,76.44,68.59,68.58,434.7,False,True,True,True,0,0.0,
152,Rev4,4,W006,AE-3200,CH-A,MID-06,Mid,0.52,330.0,74.66,68.79,65.95,426.7,True,True,True,True,0,0.0,
153,Rev4,4,W006,AE-3200,CH-A,EDG-01,Edge,0.84,0.0,73.96,68.82,68.1,416.0,True,True,True,True,1,2.06,arc_event
154,Rev4,4,W006,AE-3200,CH-A,EDG-02,Edge,0.84,32.7,73.98,73.31,68.85,399.6,True,False,True,True,0,0.0,
155,Rev4,4,W006,AE-3200,CH-A,EDG-03,Edge,0.84,65.5,75.88,69.41,69.26,444.8,False,True,True,True,0,0.0,
156,Rev4,4,W006,AE-3200,CH-A,EDG-04,Edge,0.84,98.2,75.38,70.45,66.63,452.0,False,True,True,False,1,2.64,esc_temp_drift
157,Rev4,4,W006,AE-3200,CH-A,EDG-05,Edge,0.84,130.9,78.11,68.61,67.47,475.7,False,True,True,False,1,5.35,endpoint_late
158,Rev4,4,W006,AE-3200,CH-A,EDG-06,Edge,0.84,163.6,74.97,69.88,74.16,405.5,True,True,False,True,0,0.0,
159,Rev4,4,W006,AE-3200,CH-A,EDG-07,Edge,0.84,196.4,75.13,70.44,75.66,464.0,True,True,False,False,2,4.29,
160,Rev4,4,W006,AE-3200,CH-A,EDG-08,Edge,0.84,229.1,73.44,70.85,69.2,439.5,True,True,True,True,1,1.91,polymer_residue
161,Rev4,4,W006,AE-3200,CH-A,EDG-09,Edge,0.84,261.8,74.63,73.12,68.92,432.4,True,False,True,True,1,3.36,endpoint_late
162,Rev4,4,W006,AE-3200,CH-A,EDG-10,Edge,0.84,294.5,75.98,70.13,64.16,445.4,False,True,True,True,0,0.0,
163,Rev4,4,W006,AE-3200,CH-A,EDG-11,Edge,0.84,327.3,75.27,69.99,68.13,476.6,False,True,True,False,0,0.0,
164,Rev4,4,W006,AE-3200,CH-A,EXT-01,Extreme Edge,0.96,16.4,78.3,72.42,70.57,452.8,False,True,True,False,0,0.0,
165,Rev4,4,W006,AE-3200,CH-A,EXT-02,Extreme Edge,0.96,49.1,76.01,72.69,67.75,446.7,False,True,True,True,0,0.0,
166,Rev4,4,W006,AE-3200,CH-A,EXT-03,Extreme Edge,0.96,81.8,74.93,70.44,73.51,479.7,True,True,False,False,0,0.0,
167,Rev4,4,W006,AE-3200,CH-A,EXT-04,Extreme Edge,0.96,114.5,75.74,73.39,64.7,444.4,False,False,True,True,2,8.1,
168,Rev4,4,W006,AE-3200,CH-A,EXT-05,Extreme Edge,0.96,147.3,76.19,71.56,67.9,429.5,False,True,True,True,0,0.0,
169,Rev4,4,W006,AE-3200,CH-A,EXT-06,Extreme Edge,0.96,180.0,75.16,70.43,73.38,419.9,True,True,False,True,0,0.0,
170,Rev4,4,W006,AE-3200,CH-A,EXT-07,Extreme Edge,0.96,212.7,74.94,71.71,75.11,474.7,True,True,False,False,3,10.46,
171,Rev4,4,W006,AE-3200,CH-A,EXT-08,Extreme Edge,0.96,245.5,76.36,71.71,70.08,455.6,False,True,True,False,1,5.85,polymer_residue
172,Rev4,4,W006,AE-3200,CH-A,EXT-09,Extreme Edge,0.96,278.2,73.92,73.32,70.37,427.4,True,False,True,True,2,9.59,
173,Rev4,4,W006,AE-3200,CH-A,EXT-10,Extreme Edge,0.96,310.9,75.2,68.34,70.8,482.7,False,True,False,False,0,0.0,
174,Rev4,4,W006,AE-3200,CH-A,EXT-11,Extreme Edge,0.96,343.6,76.88,70.02,71.76,460.9,False,True,False,False,1,5.65,polymer_residue
175,Rev1,1,W007,AE-3200,CH-B,C1,Center,0.0,0.0,71.38,68.54,69.29,446.3,True,True,True,True,0,0.0,
176,Rev1,1,W007,AE-3200,CH-B,MID-01,Mid,0.52,30.0,74.43,69.66,67.45,404.6,True,True,True,True,0,0.0,
177,Rev1,1,W007,AE-3200,CH-B,MID-02,Mid,0.52,90.0,73.44,71.66,70.68,470.7,True,True,False,False,0,0.0,
178,Rev1,1,W007,AE-3200,CH-B,MID-03,Mid,0.52,150.0,73.13,67.78,68.16,421.6,True,True,True,True,0,0.0,
179,Rev1,1,W007,AE-3200,CH-B,MID-04,Mid,0.52,210.0,72.41,67.55,68.09,452.9,True,True,True,False,1,4.67,arc_event
180,Rev1,1,W007,AE-3200,CH-B,MID-05,Mid,0.52,270.0,75.57,70.3,71.79,420.2,False,True,False,True,0,0.0,
181,Rev1,1,W007,AE-3200,CH-B,MID-06,Mid,0.52,330.0,73.55,70.09,72.93,437.3,True,True,False,True,0,0.0,
182,Rev1,1,W007,AE-3200,CH-B,EDG-01,Edge,0.84,0.0,74.72,69.76,67.87,406.8,True,True,True,True,0,0.0,
183,Rev1,1,W007,AE-3200,CH-B,EDG-02,Edge,0.84,32.7,71.59,69.82,71.39,433.5,True,True,False,True,0,0.0,
184,Rev1,1,W007,AE-3200,CH-B,EDG-03,Edge,0.84,65.5,75.03,70.93,66.95,455.2,True,True,True,False,0,0.0,
185,Rev1,1,W007,AE-3200,CH-B,EDG-04,Edge,0.84,98.2,74.83,72.0,74.3,464.4,True,True,False,False,0,0.0,
186,Rev1,1,W007,AE-3200,CH-B,EDG-05,Edge,0.84,130.9,75.31,70.07,69.36,418.5,False,True,True,True,0,0.0,
187,Rev1,1,W007,AE-3200,CH-B,EDG-06,Edge,0.84,163.6,74.12,72.66,65.99,436.3,True,True,True,True,0,0.0,
188,Rev1,1,W007,AE-3200,CH-B,EDG-07,Edge,0.84,196.4,72.81,67.96,72.18,471.0,True,True,False,False,0,0.0,
189,Rev1,1,W007,AE-3200,CH-B,EDG-08,Edge,0.84,229.1,74.97,70.97,68.64,434.6,True,True,True,True,0,0.0,
190,Rev1,1,W007,AE-3200,CH-B,EDG-09,Edge,0.84,261.8,73.15,69.04,62.83,414.3,True,True,True,True,0,0.0,
191,Rev1,1,W007,AE-3200,CH-B,EDG-10,Edge,0.84,294.5,72.89,71.68,69.11,446.7,True,True,True,True,0,0.0,
192,Rev1,1,W007,AE-3200,CH-B,EDG-11,Edge,0.84,327.3,73.88,69.05,66.88,457.8,True,True,True,False,0,0.0,
193,Rev1,1,W007,AE-3200,CH-B,EXT-01,Extreme Edge,0.96,16.4,74.88,73.09,65.02,442.7,True,False,True,True,1,6.36,polymer_residue
194,Rev1,1,W007,AE-3200,CH-B,EXT-02,Extreme Edge,0.96,49.1,73.7,67.32,69.23,451.7,True,True,True,True,0,0.0,
195,Rev1,1,W007,AE-3200,CH-B,EXT-03,Extreme Edge,0.96,81.8,75.12,69.66,71.39,445.1,True,True,False,True,3,19.16,polymer_residue
196,Rev1,1,W007,AE-3200,CH-B,EXT-04,Extreme Edge,0.96,114.5,74.58,70.9,69.77,459.5,True,True,True,False,0,0.0,
197,Rev1,1,W007,AE-3200,CH-B,EXT-05,Extreme Edge,0.96,147.3,73.81,67.75,72.97,432.5,True,True,False,True,0,0.0,
198,Rev1,1,W007,AE-3200,CH-B,EXT-06,Extreme Edge,0.96,180.0,74.08,70.03,68.83,442.1,True,True,True,True,0,0.0,
199,Rev1,1,W007,AE-3200,CH-B,EXT-07,Extreme Edge,0.96,212.7,74.36,70.81,64.06,421.3,True,True,True,True,0,0.0,
200,Rev1,1,W007,AE-3200,CH-B,EXT-08,Extreme Edge,0.96,245.5,75.84,68.41,74.42,425.2,False,True,False,True,0,0.0,
201,Rev1,1,W007,AE-3200,CH-B,EXT-09,Extreme Edge,0.96,278.2,76.85,70.43,68.04,470.4,False,True,True,False,0,0.0,
202,Rev1,1,W007,AE-3200,CH-B,EXT-10,Extreme Edge,0.96,310.9,75.97,73.62,70.79,442.1,False,False,False,True,4,14.82,
203,Rev1,1,W007,AE-3200,CH-B,EXT-11,Extreme Edge,0.96,343.6,75.82,71.35,71.67,425.6,False,True,False,True,0,0.0,
204,Rev1,1,W008,AE-3200,CH-B,C1,Center,0.0,0.0,72.41,72.38,67.89,416.1,True,True,True,True,0,0.0,
205,Rev1,1,W008,AE-3200,CH-B,MID-01,Mid,0.52,30.0,71.35,71.71,63.84,388.0,True,True,True,True,0,0.0,
206,Rev1,1,W008,AE-3200,CH-B,MID-02,Mid,0.52,90.0,73.85,71.93,62.05,399.0,True,True,True,True,0,0.0,
207,Rev1,1,W008,AE-3200,CH-B,MID-03,Mid,0.52,150.0,73.99,71.26,63.72,393.3,True,True,True,True,0,0.0,
208,Rev1,1,W008,AE-3200,CH-B,MID-04,Mid,0.52,210.0,75.4,67.89,67.86,406.8,False,True,True,True,0,0.0,
209,Rev1,1,W008,AE-3200,CH-B,MID-05,Mid,0.52,270.0,70.3,69.42,64.81,424.8,True,True,True,True,0,0.0,
210,Rev1,1,W008,AE-3200,CH-B,MID-06,Mid,0.52,330.0,72.59,73.13,65.02,433.1,True,False,True,True,0,0.0,
211,Rev1,1,W008,AE-3200,CH-B,EDG-01,Edge,0.84,0.0,75.88,70.78,69.87,454.5,False,True,True,False,2,12.35,polymer_residue
212,Rev1,1,W008,AE-3200,CH-B,EDG-02,Edge,0.84,32.7,75.01,72.11,66.53,438.9,True,True,True,True,0,0.0,
213,Rev1,1,W008,AE-3200,CH-B,EDG-03,Edge,0.84,65.5,74.77,71.8,68.76,404.5,True,True,True,True,0,0.0,
214,Rev1,1,W008,AE-3200,CH-B,EDG-04,Edge,0.84,98.2,76.41,71.5,64.83,417.0,False,True,True,True,0,0.0,
215,Rev1,1,W008,AE-3200,CH-B,EDG-05,Edge,0.84,130.9,75.24,71.53,73.22,426.6,False,True,False,True,1,3.33,pressure_spike
216,Rev1,1,W008,AE-3200,CH-B,EDG-06,Edge,0.84,163.6,74.0,71.15,67.72,435.1,True,True,True,True,1,6.09,
217,Rev1,1,W008,AE-3200,CH-B,EDG-07,Edge,0.84,196.4,71.88,72.35,64.97,384.3,True,True,True,True,0,0.0,
218,Rev1,1,W008,AE-3200,CH-B,EDG-08,Edge,0.84,229.1,76.67,71.43,70.44,417.1,False,True,True,True,1,3.11,
219,Rev1,1,W008,AE-3200,CH-B,EDG-09,Edge,0.84,261.8,75.46,72.25,66.89,464.1,False,True,True,False,1,4.32,pressure_spike
220,Rev1,1,W008,AE-3200,CH-B,EDG-10,Edge,0.84,294.5,72.79,69.83,69.15,436.0,True,True,True,True,1,6.38,
221,Rev1,1,W008,AE-3200,CH-B,EDG-11,Edge,0.84,327.3,74.0,70.35,71.05,414.1,True,True,False,True,1,1.93,arc_event
222,Rev1,1,W008,AE-3200,CH-B,EXT-01,Extreme Edge,0.96,16.4,77.27,70.2,74.16,420.2,False,True,False,True,0,0.0,
223,Rev1,1,W008,AE-3200,CH-B,EXT-02,Extreme Edge,0.96,49.1,76.76,71.17,68.08,448.2,False,True,True,True,2,6.27,polymer_residue
224,Rev1,1,W008,AE-3200,CH-B,EXT-03,Extreme Edge,0.96,81.8,73.09,74.95,69.24,412.1,True,False,True,True,0,0.0,
225,Rev1,1,W008,AE-3200,CH-B,EXT-04,Extreme Edge,0.96,114.5,76.28,73.11,66.29,431.3,False,False,True,True,1,4.62,pressure_spike
226,Rev1,1,W008,AE-3200,CH-B,EXT-05,Extreme Edge,0.96,147.3,76.62,73.56,68.41,448.0,False,False,True,True,1,5.91,polymer_residue
227,Rev1,1,W008,AE-3200,CH-B,EXT-06,Extreme Edge,0.96,180.0,76.0,70.07,70.02,492.3,False,True,True,False,2,5.93,polymer_residue
228,Rev1,1,W008,AE-3200,CH-B,EXT-07,Extreme Edge,0.96,212.7,75.75,71.9,68.8,452.6,False,True,True,False,1,3.63,arc_event
229,Rev1,1,W008,AE-3200,CH-B,EXT-08,Extreme Edge,0.96,245.5,75.09,74.3,70.87,407.0,True,False,False,True,0,0.0,
230,Rev1,1,W008,AE-3200,CH-B,EXT-09,Extreme Edge,0.96,278.2,75.05,74.83,68.01,450.2,True,False,True,True,0,0.0,
231,Rev1,1,W008,AE-3200,CH-B,EXT-10,Extreme Edge,0.96,310.9,74.47,71.22,69.91,442.9,True,True,True,True,2,10.72,polymer_residue
232,Rev1,1,W008,AE-3200,CH-B,EXT-11,Extreme Edge,0.96,343.6,76.18,74.91,66.75,443.6,False,False,True,True,0,0.0,
233,Rev7,7,W009,PX-7500,CH-D,C1,Center,0.0,0.0,71.57,70.09,70.76,410.3,True,True,False,True,0,0.0,
234,Rev7,7,W009,PX-7500,CH-D,MID-01,Mid,0.52,30.0,71.69,72.25,64.32,458.0,True,True,True,False,0,0.0,
235,Rev7,7,W009,PX-7500,CH-D,MID-02,Mid,0.52,90.0,74.8,71.62,71.05,435.0,True,True,False,True,0,0.0,
236,Rev7,7,W009,PX-7500,CH-D,MID-03,Mid,0.52,150.0,71.99,69.88,65.98,422.9,True,True,True,True,0,0.0,
237,Rev7,7,W009,PX-7500,CH-D,MID-04,Mid,0.52,210.0,75.98,70.36,61.19,401.4,False,True,True,True,0,0.0,
238,Rev7,7,W009,PX-7500,CH-D,MID-05,Mid,0.52,270.0,72.47,68.77,62.14,392.8,True,True,True,True,0,0.0,
239,Rev7,7,W009,PX-7500,CH-D,MID-06,Mid,0.52,330.0,72.81,70.25,66.95,407.5,True,True,True,True,1,3.4,pressure_spike
240,Rev7,7,W009,PX-7500,CH-D,EDG-01,Edge,0.84,0.0,76.69,71.67,70.71,426.6,False,True,False,True,2,10.5,pressure_spike
241,Rev7,7,W009,PX-7500,CH-D,EDG-02,Edge,0.84,32.7,72.72,71.57,67.93,438.4,True,True,True,True,0,0.0,
242,Rev7,7,W009,PX-7500,CH-D,EDG-03,Edge,0.84,65.5,74.52,71.47,65.62,428.2,True,True,True,True,0,0.0,
243,Rev7,7,W009,PX-7500,CH-D,EDG-04,Edge,0.84,98.2,74.47,70.02,65.51,416.4,True,True,True,True,1,5.66,
244,Rev7,7,W009,PX-7500,CH-D,EDG-05,Edge,0.84,130.9,74.05,71.02,67.96,432.4,True,True,True,True,1,2.69,esc_temp_drift
245,Rev7,7,W009,PX-7500,CH-D,EDG-06,Edge,0.84,163.6,73.85,70.64,68.26,404.6,True,True,True,True,1,5.11,polymer_residue
246,Rev7,7,W009,PX-7500,CH-D,EDG-07,Edge,0.84,196.4,74.88,71.77,72.49,456.1,True,True,False,False,2,9.42,
247,Rev7,7,W009,PX-7500,CH-D,EDG-08,Edge,0.84,229.1,76.94,72.18,75.02,461.4,False,True,False,False,0,0.0,
248,Rev7,7,W009,PX-7500,CH-D,EDG-09,Edge,0.84,261.8,74.95,68.7,69.68,418.4,True,True,True,True,1,3.03,polymer_residue
249,Rev7,7,W009,PX-7500,CH-D,EDG-10,Edge,0.84,294.5,74.34,70.51,66.52,424.3,True,True,True,True,1,4.22,endpoint_late
250,Rev7,7,W009,PX-7500,CH-D,EDG-11,Edge,0.84,327.3,74.55,73.38,68.86,447.5,True,False,True,True,0,0.0,
251,Rev7,7,W009,PX-7500,CH-D,EXT-01,Extreme Edge,0.96,16.4,74.47,70.75,76.2,441.3,True,True,False,True,0,0.0,
252,Rev7,7,W009,PX-7500,CH-D,EXT-02,Extreme Edge,0.96,49.1,74.79,72.32,73.14,431.1,True,True,False,True,2,8.47,
253,Rev7,7,W009,PX-7500,CH-D,EXT-03,Extreme Edge,0.96,81.8,73.85,72.15,68.64,430.7,True,True,True,True,2,7.55,polymer_residue
254,Rev7,7,W009,PX-7500,CH-D,EXT-04,Extreme Edge,0.96,114.5,73.69,72.91,69.08,442.5,True,False,True,True,0,0.0,
255,Rev7,7,W009,PX-7500,CH-D,EXT-05,Extreme Edge,0.96,147.3,76.48,69.04,69.2,435.5,False,True,True,True,0,0.0,
256,Rev7,7,W009,PX-7500,CH-D,EXT-06,Extreme Edge,0.96,180.0,73.92,69.9,65.46,418.2,True,True,True,True,0,0.0,
257,Rev7,7,W009,PX-7500,CH-D,EXT-07,Extreme Edge,0.96,212.7,75.05,68.41,67.48,437.0,True,True,True,True,0,0.0,
258,Rev7,7,W009,PX-7500,CH-D,EXT-08,Extreme Edge,0.96,245.5,75.85,71.8,70.1,415.7,False,True,True,True,1,2.7,
259,Rev7,7,W009,PX-7500,CH-D,EXT-09,Extreme Edge,0.96,278.2,73.32,69.84,66.94,425.0,True,True,True,True,1,2.08,polymer_residue
260,Rev7,7,W009,PX-7500,CH-D,EXT-10,Extreme Edge,0.96,310.9,76.34,73.17,70.45,401.8,False,False,True,True,2,7.27,
261,Rev7,7,W009,PX-7500,CH-D,EXT-11,Extreme Edge,0.96,343.6,75.13,70.12,73.39,428.4,True,True,False,True,0,0.0,
262,Rev5,5,W010,AE-3200,CH-B,C1,Center,0.0,0.0,71.54,69.15,64.41,385.7,True,True,True,True,0,0.0,
263,Rev5,5,W010,AE-3200,CH-B,MID-01,Mid,0.52,30.0,72.14,68.86,68.91,404.5,True,True,True,True,0,0.0,
264,Rev5,5,W010,AE-3200,CH-B,MID-02,Mid,0.52,90.0,71.86,69.18,69.42,392.5,True,True,True,True,0,0.0,
265,Rev5,5,W010,AE-3200,CH-B,MID-03,Mid,0.52,150.0,71.99,69.69,65.34,440.9,True,True,True,True,0,0.0,
266,Rev5,5,W010,AE-3200,CH-B,MID-04,Mid,0.52,210.0,71.4,70.08,70.19,468.0,True,True,True,False,0,0.0,
267,Rev5,5,W010,AE-3200,CH-B,MID-05,Mid,0.52,270.0,70.95,69.41,64.26,453.5,True,True,True,False,0,0.0,
268,Rev5,5,W010,AE-3200,CH-B,MID-06,Mid,0.52,330.0,73.78,68.4,66.9,438.9,True,True,True,True,0,0.0,
269,Rev5,5,W010,AE-3200,CH-B,EDG-01,Edge,0.84,0.0,74.08,68.83,66.88,435.7,True,True,True,True,1,4.8,
270,Rev5,5,W010,AE-3200,CH-B,EDG-02,Edge,0.84,32.7,73.74,68.92,68.36,450.3,True,True,True,True,0,0.0,
271,Rev5,5,W010,AE-3200,CH-B,EDG-03,Edge,0.84,65.5,73.43,70.57,70.6,450.0,True,True,False,True,0,0.0,
272,Rev5,5,W010,AE-3200,CH-B,EDG-04,Edge,0.84,98.2,74.32,70.14,75.41,429.4,True,True,False,True,0,0.0,
273,Rev5,5,W010,AE-3200,CH-B,EDG-05,Edge,0.84,130.9,74.14,69.77,70.81,456.0,True,True,False,False,2,5.33,polymer_residue
274,Rev5,5,W010,AE-3200,CH-B,EDG-06,Edge,0.84,163.6,74.15,66.65,69.41,427.4,True,True,True,True,1,5.1,
275,Rev5,5,W010,AE-3200,CH-B,EDG-07,Edge,0.84,196.4,72.7,68.48,66.6,432.5,True,True,True,True,0,0.0,
276,Rev5,5,W010,AE-3200,CH-B,EDG-08,Edge,0.84,229.1,72.55,71.48,66.78,449.4,True,True,True,True,0,0.0,
277,Rev5,5,W010,AE-3200,CH-B,EDG-09,Edge,0.84,261.8,73.42,72.05,68.89,420.7,True,True,True,True,2,5.81,
278,Rev5,5,W010,AE-3200,CH-B,EDG-10,Edge,0.84,294.5,75.95,70.08,75.9,433.0,False,True,False,True,1,3.38,
279,Rev5,5,W010,AE-3200,CH-B,EDG-11,Edge,0.84,327.3,73.2,73.7,66.71,464.1,True,False,True,False,0,0.0,
280,Rev5,5,W010,AE-3200,CH-B,EXT-01,Extreme Edge,0.96,16.4,72.84,70.46,70.78,456.5,True,True,False,False,0,0.0,
281,Rev5,5,W010,AE-3200,CH-B,EXT-02,Extreme Edge,0.96,49.1,74.68,70.33,64.37,440.7,True,True,True,True,0,0.0,
282,Rev5,5,W010,AE-3200,CH-B,EXT-03,Extreme Edge,0.96,81.8,73.94,68.97,68.32,424.4,True,True,True,True,0,0.0,
283,Rev5,5,W010,AE-3200,CH-B,EXT-04,Extreme Edge,0.96,114.5,71.25,70.91,67.75,471.1,True,True,True,False,0,0.0,
284,Rev5,5,W010,AE-3200,CH-B,EXT-05,Extreme Edge,0.96,147.3,73.55,72.31,68.75,453.2,True,True,True,False,0,0.0,
285,Rev5,5,W010,AE-3200,CH-B,EXT-06,Extreme Edge,0.96,180.0,73.48,70.53,69.49,471.7,True,True,True,False,2,4.25,
286,Rev5,5,W010,AE-3200,CH-B,EXT-07,Extreme Edge,0.96,212.7,74.9,72.1,74.32,438.6,True,True,False,True,1,1.91,
287,Rev5,5,W010,AE-3200,CH-B,EXT-08,Extreme Edge,0.96,245.5,73.62,71.91,67.47,404.6,True,True,True,True,1,3.4,
288,Rev5,5,W010,AE-3200,CH-B,EXT-09,Extreme Edge,0.96,278.2,75.49,72.4,64.85,442.7,False,True,True,True,0,0.0,
289,Rev5,5,W010,AE-3200,CH-B,EXT-10,Extreme Edge,0.96,310.9,75.25,72.46,69.88,437.5,False,True,True,True,0,0.0,
290,Rev5,5,W010,AE-3200,CH-B,EXT-11,Extreme Edge,0.96,343.6,73.89,69.51,69.41,446.3,True,True,True,True,1,4.0,polymer_residue
291,Rev4,4,W011,AE-3200,CH-A,C1,Center,0.0,0.0,73.3,69.55,68.66,431.6,True,True,True,True,0,0.0,
292,Rev4,4,W011,AE-3200,CH-A,MID-01,Mid,0.52,30.0,73.18,71.37,62.67,430.0,True,True,True,True,0,0.0,
293,Rev4,4,W011,AE-3200,CH-A,MID-02,Mid,0.52,90.0,71.99,71.03,65.02,417.0,True,True,True,True,2,10.64,
294,Rev4,4,W011,AE-3200,CH-A,MID-03,Mid,0.52,150.0,72.03,74.63,68.19,437.0,True,False,True,True,0,0.0,
295,Rev4,4,W011,AE-3200,CH-A,MID-04,Mid,0.52,210.0,72.68,73.8,64.67,403.8,True,False,True,True,1,4.39,
296,Rev4,4,W011,AE-3200,CH-A,MID-05,Mid,0.52,270.0,72.3,73.4,68.76,447.1,True,False,True,True,0,0.0,
297,Rev4,4,W011,AE-3200,CH-A,MID-06,Mid,0.52,330.0,74.17,71.69,66.68,439.8,True,True,True,True,0,0.0,
298,Rev4,4,W011,AE-3200,CH-A,EDG-01,Edge,0.84,0.0,73.47,74.11,69.48,442.2,True,False,True,True,1,4.77,esc_temp_drift
299,Rev4,4,W011,AE-3200,CH-A,EDG-02,Edge,0.84,32.7,73.92,72.12,70.91,464.9,True,True,False,False,0,0.0,
300,Rev4,4,W011,AE-3200,CH-A,EDG-03,Edge,0.84,65.5,73.48,73.48,68.03,460.1,True,False,True,False,0,0.0,
301,Rev4,4,W011,AE-3200,CH-A,EDG-04,Edge,0.84,98.2,74.87,70.69,72.48,440.6,True,True,False,True,1,4.42,
302,Rev4,4,W011,AE-3200,CH-A,EDG-05,Edge,0.84,130.9,74.04,74.46,67.71,474.0,True,False,True,False,0,0.0,
303,Rev4,4,W011,AE-3200,CH-A,EDG-06,Edge,0.84,163.6,72.99,75.19,69.93,456.5,True,False,True,False,0,0.0,
304,Rev4,4,W011,AE-3200,CH-A,EDG-07,Edge,0.84,196.4,73.86,74.77,67.79,436.1,True,False,True,True,0,0.0,
305,Rev4,4,W011,AE-3200,CH-A,EDG-08,Edge,0.84,229.1,73.45,69.16,69.14,427.3,True,True,True,True,1,2.59,polymer_residue
306,Rev4,4,W011,AE-3200,CH-A,EDG-09,Edge,0.84,261.8,75.41,74.01,64.03,468.2,False,False,True,False,1,4.27,esc_temp_drift
307,Rev4,4,W011,AE-3200,CH-A,EDG-10,Edge,0.84,294.5,73.49,71.94,73.28,418.1,True,True,False,True,0,0.0,
308,Rev4,4,W011,AE-3200,CH-A,EDG-11,Edge,0.84,327.3,73.15,76.08,68.07,489.5,True,False,True,False,1,4.03,
309,Rev4,4,W011,AE-3200,CH-A,EXT-01,Extreme Edge,0.96,16.4,73.25,71.47,70.9,446.0,True,True,False,True,2,8.16,
310,Rev4,4,W011,AE-3200,CH-A,EXT-02,Extreme Edge,0.96,49.1,74.59,74.88,73.47,467.9,True,False,False,False,1,3.39,
311,Rev4,4,W011,AE-3200,CH-A,EXT-03,Extreme Edge,0.96,81.8,76.0,72.56,71.41,453.3,False,True,False,False,2,12.0,
312,Rev4,4,W011,AE-3200,CH-A,EXT-04,Extreme Edge,0.96,114.5,77.28,73.04,63.9,456.2,False,False,True,False,0,0.0,
313,Rev4,4,W011,AE-3200,CH-A,EXT-05,Extreme Edge,0.96,147.3,72.06,73.33,70.04,474.5,True,False,True,False,1,5.8,
314,Rev4,4,W011,AE-3200,CH-A,EXT-06,Extreme Edge,0.96,180.0,76.48,75.02,66.59,461.7,False,False,True,False,1,3.96,
315,Rev4,4,W011,AE-3200,CH-A,EXT-07,Extreme Edge,0.96,212.7,74.67,70.1,67.82,448.1,True,True,True,True,0,0.0,
316,Rev4,4,W011,AE-3200,CH-A,EXT-08,Extreme Edge,0.96,245.5,74.84,74.27,70.67,454.1,True,False,False,False,0,0.0,
317,Rev4,4,W011,AE-3200,CH-A,EXT-09,Extreme Edge,0.96,278.2,73.47,73.46,74.63,433.3,True,False,False,True,0,0.0,
318,Rev4,4,W011,AE-3200,CH-A,EXT-10,Extreme Edge,0.96,310.9,70.77,73.8,70.58,477.3,True,False,True,False,1,6.07,polymer_residue
319,Rev4,4,W011,AE-3200,CH-A,EXT-11,Extreme Edge,0.96,343.6,72.99,75.19,72.48,413.0,True,False,False,True,1,5.23,polymer_residue
320,Rev9,9,W012,AE-3200,CH-B,C1,Center,0.0,0.0,73.82,70.52,62.5,370.3,True,True,True,False,0,0.0,
321,Rev9,9,W012,AE-3200,CH-B,MID-01,Mid,0.52,30.0,76.05,72.34,68.64,352.1,False,True,True,False,0,0.0,
322,Rev9,9,W012,AE-3200,CH-B,MID-02,Mid,0.52,90.0,73.55,71.69,67.33,371.2,True,True,True,False,1,2.99,
323,Rev9,9,W012,AE-3200,CH-B,MID-03,Mid,0.52,150.0,73.68,71.92,64.88,390.8,True,True,True,True,0,0.0,
324,Rev9,9,W012,AE-3200,CH-B,MID-04,Mid,0.52,210.0,75.74,70.84,69.0,382.7,False,True,True,True,0,0.0,
325,Rev9,9,W012,AE-3200,CH-B,MID-05,Mid,0.52,270.0,73.4,70.27,65.23,418.2,True,True,True,True,0,0.0,
326,Rev9,9,W012,AE-3200,CH-B,MID-06,Mid,0.52,330.0,74.2,69.62,70.7,414.6,True,True,False,True,0,0.0,
327,Rev9,9,W012,AE-3200,CH-B,EDG-01,Edge,0.84,0.0,74.53,76.6,65.22,384.6,True,False,True,True,0,0.0,
328,Rev9,9,W012,AE-3200,CH-B,EDG-02,Edge,0.84,32.7,76.17,73.04,67.53,370.0,False,False,True,False,2,7.61,polymer_residue
329,Rev9,9,W012,AE-3200,CH-B,EDG-03,Edge,0.84,65.5,74.35,74.72,68.32,408.8,True,False,True,True,0,0.0,
330,Rev9,9,W012,AE-3200,CH-B,EDG-04,Edge,0.84,98.2,74.28,74.05,68.19,381.1,True,False,True,True,1,5.54,
331,Rev9,9,W012,AE-3200,CH-B,EDG-05,Edge,0.84,130.9,72.62,70.51,65.91,383.8,True,True,True,True,0,0.0,
332,Rev9,9,W012,AE-3200,CH-B,EDG-06,Edge,0.84,163.6,73.98,74.51,67.91,376.2,True,False,True,True,0,0.0,
333,Rev9,9,W012,AE-3200,CH-B,EDG-07,Edge,0.84,196.4,78.75,74.65,69.37,394.7,False,False,True,True,0,0.0,
334,Rev9,9,W012,AE-3200,CH-B,EDG-08,Edge,0.84,229.1,76.78,73.08,67.95,410.9,False,False,True,True,0,0.0,
335,Rev9,9,W012,AE-3200,CH-B,EDG-09,Edge,0.84,261.8,73.13,73.2,71.87,368.2,True,False,False,False,0,0.0,
336,Rev9,9,W012,AE-3200,CH-B,EDG-10,Edge,0.84,294.5,72.3,69.77,68.98,364.3,True,True,True,False,0,0.0,
337,Rev9,9,W012,AE-3200,CH-B,EDG-11,Edge,0.84,327.3,76.76,72.03,68.96,398.8,False,True,True,True,0,0.0,
338,Rev9,9,W012,AE-3200,CH-B,EXT-01,Extreme Edge,0.96,16.4,75.62,72.16,67.09,423.6,False,True,True,True,1,5.42,
339,Rev9,9,W012,AE-3200,CH-B,EXT-02,Extreme Edge,0.96,49.1,76.53,73.3,62.62,404.6,False,False,True,True,2,9.52,
340,Rev9,9,W012,AE-3200,CH-B,EXT-03,Extreme Edge,0.96,81.8,76.06,72.12,66.35,388.9,False,True,True,True,1,3.95,
341,Rev9,9,W012,AE-3200,CH-B,EXT-04,Extreme Edge,0.96,114.5,76.68,71.1,63.03,455.0,False,True,True,False,0,0.0,
342,Rev9,9,W012,AE-3200,CH-B,EXT-05,Extreme Edge,0.96,147.3,75.81,75.23,66.48,399.6,False,False,True,True,1,2.25,polymer_residue
343,Rev9,9,W012,AE-3200,CH-B,EXT-06,Extreme Edge,0.96,180.0,74.48,72.28,69.26,397.4,True,True,True,True,0,0.0,
344,Rev9,9,W012,AE-3200,CH-B,EXT-07,Extreme Edge,0.96,212.7,75.35,72.97,66.5,381.0,False,False,True,True,1,6.14,polymer_residue
345,Rev9,9,W012,AE-3200,CH-B,EXT-08,Extreme Edge,0.96,245.5,75.33,73.04,66.69,386.8,False,False,True,True,0,0.0,
346,Rev9,9,W012,AE-3200,CH-B,EXT-09,Extreme Edge,0.96,278.2,76.3,77.71,66.1,397.6,False,False,True,True,0,0.0,
347,Rev9,9,W012,AE-3200,CH-B,EXT-10,Extreme Edge,0.96,310.9,74.77,71.78,64.79,392.1,True,True,True,True,0,0.0,
348,Rev9,9,W012,AE-3200,CH-B,EXT-11,Extreme Edge,0.96,343.6,76.34,75.01,72.5,376.6,False,False,False,True,1,2.25,
349,Rev11,11,W013,PX-7500,CH-D,C1,Center,0.0,0.0,71.05,67.55,66.46,420.8,True,True,True,True,1,2.98,
350,Rev11,11,W013,PX-7500,CH-D,MID-01,Mid,0.52,30.0,69.88,69.84,72.26,434.0,True,True,False,True,1,2.3,endpoint_late
351,Rev11,11,W013,PX-7500,CH-D,MID-02,Mid,0.52,90.0,73.8,71.11,77.65,471.0,True,True,False,False,0,0.0,
352,Rev11,11,W013,PX-7500,CH-D,MID-03,Mid,0.52,150.0,73.13,69.17,64.17,425.7,True,True,True,True,0,0.0,
353,Rev11,11,W013,PX-7500,CH-D,MID-04,Mid,0.52,210.0,71.83,70.31,71.2,430.5,True,True,False,True,0,0.0,
354,Rev11,11,W013,PX-7500,CH-D,MID-05,Mid,0.52,270.0,70.4,70.44,69.41,458.4,True,True,True,False,0,0.0,
355,Rev11,11,W013,PX-7500,CH-D,MID-06,Mid,0.52,330.0,72.67,70.86,68.99,372.8,True,True,True,False,1,4.01,polymer_residue
356,Rev11,11,W013,PX-7500,CH-D,EDG-01,Edge,0.84,0.0,73.06,72.0,72.92,429.0,True,True,False,True,1,6.27,polymer_residue
357,Rev11,11,W013,PX-7500,CH-D,EDG-02,Edge,0.84,32.7,71.98,72.28,72.74,408.8,True,True,False,True,0,0.0,
358,Rev11,11,W013,PX-7500,CH-D,EDG-03,Edge,0.84,65.5,71.23,69.28,72.01,447.7,True,True,False,True,0,0.0,
359,Rev11,11,W013,PX-7500,CH-D,EDG-04,Edge,0.84,98.2,74.18,72.81,72.2,421.6,True,False,False,True,2,11.95,polymer_residue
360,Rev11,11,W013,PX-7500,CH-D,EDG-05,Edge,0.84,130.9,75.79,68.81,77.12,446.0,False,True,False,True,0,0.0,
361,Rev11,11,W013,PX-7500,CH-D,EDG-06,Edge,0.84,163.6,75.11,71.85,70.06,449.1,True,True,True,True,0,0.0,
362,Rev11,11,W013,PX-7500,CH-D,EDG-07,Edge,0.84,196.4,74.19,70.92,68.11,446.1,True,True,True,True,0,0.0,
363,Rev11,11,W013,PX-7500,CH-D,EDG-08,Edge,0.84,229.1,76.9,71.58,74.83,430.8,False,True,False,True,1,5.31,polymer_residue
364,Rev11,11,W013,PX-7500,CH-D,EDG-09,Edge,0.84,261.8,72.64,69.84,75.52,434.0,True,True,False,True,1,3.95,arc_event
365,Rev11,11,W013,PX-7500,CH-D,EDG-10,Edge,0.84,294.5,75.04,68.76,68.35,403.0,True,True,True,True,0,0.0,
366,Rev11,11,W013,PX-7500,CH-D,EDG-11,Edge,0.84,327.3,74.32,67.44,72.26,456.0,True,True,False,False,2,7.07,polymer_residue
367,Rev11,11,W013,PX-7500,CH-D,EXT-01,Extreme Edge,0.96,16.4,76.62,71.43,66.19,455.2,False,True,True,False,1,2.81,polymer_residue
368,Rev11,11,W013,PX-7500,CH-D,EXT-02,Extreme Edge,0.96,49.1,73.26,72.33,70.59,421.1,True,True,True,True,1,1.95,arc_event
369,Rev11,11,W013,PX-7500,CH-D,EXT-03,Extreme Edge,0.96,81.8,74.09,70.09,67.71,393.2,True,True,True,True,1,2.7,
370,Rev11,11,W013,PX-7500,CH-D,EXT-04,Extreme Edge,0.96,114.5,73.49,72.66,68.88,410.1,True,True,True,True,0,0.0,
371,Rev11,11,W013,PX-7500,CH-D,EXT-05,Extreme Edge,0.96,147.3,73.2,68.2,74.5,419.7,True,True,False,True,0,0.0,
372,Rev11,11,W013,PX-7500,CH-D,EXT-06,Extreme Edge,0.96,180.0,74.86,70.59,72.24,441.1,True,True,False,True,3,7.5,
373,Rev11,11,W013,PX-7500,CH-D,EXT-07,Extreme Edge,0.96,212.7,76.58,70.64,75.67,419.5,False,True,False,True,0,0.0,
374,Rev11,11,W013,PX-7500,CH-D,EXT-08,Extreme Edge,0.96,245.5,75.08,71.3,73.81,446.0,True,True,False,True,0,0.0,
375,Rev11,11,W013,PX-7500,CH-D,EXT-09,Extreme Edge,0.96,278.2,74.53,71.72,72.59,467.3,True,True,False,False,1,3.5,
376,Rev11,11,W013,PX-7500,CH-D,EXT-10,Extreme Edge,0.96,310.9,73.87,69.39,74.12,427.1,True,True,False,True,0,0.0,
377,Rev11,11,W013,PX-7500,CH-D,EXT-11,Extreme Edge,0.96,343.6,75.68,71.53,70.48,409.2,False,True,True,True,0,0.0,
378,Rev8,8,W014,AE-3200,CH-A,C1,Center,0.0,0.0,73.35,70.88,71.03,370.6,True,True,False,False,0,0.0,
379,Rev8,8,W014,AE-3200,CH-A,MID-01,Mid,0.52,30.0,74.02,70.94,72.04,365.1,True,True,False,False,1,1.88,endpoint_late
380,Rev8,8,W014,AE-3200,CH-A,MID-02,Mid,0.52,90.0,73.22,69.19,66.74,370.3,True,True,True,False,0,0.0,
381,Rev8,8,W014,AE-3200,CH-A,MID-03,Mid,0.52,150.0,72.87,72.41,58.96,384.7,True,True,False,True,0,0.0,
382,Rev8,8,W014,AE-3200,CH-A,MID-04,Mid,0.52,210.0,74.41,74.83,67.14,421.8,True,False,True,True,0,0.0,
383,Rev8,8,W014,AE-3200,CH-A,MID-05,Mid,0.52,270.0,72.77,70.53,66.6,399.9,True,True,True,True,0,0.0,
384,Rev8,8,W014,AE-3200,CH-A,MID-06,Mid,0.52,330.0,74.25,72.4,63.72,382.3,True,True,True,True,1,5.08,pressure_spike
385,Rev8,8,W014,AE-3200,CH-A,EDG-01,Edge,0.84,0.0,74.61,71.02,67.81,424.5,True,True,True,True,0,0.0,
386,Rev8,8,W014,AE-3200,CH-A,EDG-02,Edge,0.84,32.7,73.28,73.16,71.64,417.8,True,False,False,True,1,3.5,
387,Rev8,8,W014,AE-3200,CH-A,EDG-03,Edge,0.84,65.5,74.08,71.18,69.09,414.7,True,True,True,True,0,0.0,
388,Rev8,8,W014,AE-3200,CH-A,EDG-04,Edge,0.84,98.2,74.2,74.77,66.58,412.4,True,False,True,True,0,0.0,
389,Rev8,8,W014,AE-3200,CH-A,EDG-05,Edge,0.84,130.9,76.62,71.99,63.45,413.8,False,True,True,True,1,3.26,polymer_residue
390,Rev8,8,W014,AE-3200,CH-A,EDG-06,Edge,0.84,163.6,76.9,73.37,67.41,413.1,False,False,True,True,0,0.0,
391,Rev8,8,W014,AE-3200,CH-A,EDG-07,Edge,0.84,196.4,76.51,73.3,67.15,378.4,False,False,True,True,0,0.0,
392,Rev8,8,W014,AE-3200,CH-A,EDG-08,Edge,0.84,229.1,73.47,77.26,60.84,386.2,True,False,True,True,0,0.0,
393,Rev8,8,W014,AE-3200,CH-A,EDG-09,Edge,0.84,261.8,73.84,73.11,64.04,375.3,True,False,True,False,0,0.0,
394,Rev8,8,W014,AE-3200,CH-A,EDG-10,Edge,0.84,294.5,72.74,72.86,69.05,418.6,True,False,True,True,0,0.0,
395,Rev8,8,W014,AE-3200,CH-A,EDG-11,Edge,0.84,327.3,75.14,71.99,71.29,349.6,True,True,False,False,1,6.07,
396,Rev8,8,W014,AE-3200,CH-A,EXT-01,Extreme Edge,0.96,16.4,76.42,71.36,71.53,423.3,False,True,False,True,2,12.68,
397,Rev8,8,W014,AE-3200,CH-A,EXT-02,Extreme Edge,0.96,49.1,75.86,75.66,65.59,420.1,False,False,True,True,2,5.08,
398,Rev8,8,W014,AE-3200,CH-A,EXT-03,Extreme Edge,0.96,81.8,75.99,75.03,70.93,430.7,False,False,False,True,3,9.82,polymer_residue
399,Rev8,8,W014,AE-3200,CH-A,EXT-04,Extreme Edge,0.96,114.5,74.29,76.44,72.04,404.7,True,False,False,True,0,0.0,
400,Rev8,8,W014,AE-3200,CH-A,EXT-05,Extreme Edge,0.96,147.3,75.7,73.68,66.07,390.2,False,False,True,True,1,2.91,polymer_residue
401,Rev8,8,W014,AE-3200,CH-A,EXT-06,Extreme Edge,0.96,180.0,72.99,71.61,66.31,386.1,True,True,True,True,0,0.0,
402,Rev8,8,W014,AE-3200,CH-A,EXT-07,Extreme Edge,0.96,212.7,74.24,72.38,69.3,422.9,True,True,True,True,0,0.0,
403,Rev8,8,W014,AE-3200,CH-A,EXT-08,Extreme Edge,0.96,245.5,74.96,72.33,70.8,394.0,True,True,False,True,0,0.0,
404,Rev8,8,W014,AE-3200,CH-A,EXT-09,Extreme Edge,0.96,278.2,74.05,74.71,65.48,401.5,True,False,True,True,2,8.07,
405,Rev8,8,W014,AE-3200,CH-A,EXT-10,Extreme Edge,0.96,310.9,75.3,73.38,66.66,399.0,False,False,True,True,0,0.0,
406,Rev8,8,W014,AE-3200,CH-A,EXT-11,Extreme Edge,0.96,343.6,77.8,75.06,67.04,403.5,False,False,True,True,2,6.05,
407,Base,0,W015,AE-3200,CH-A,C1,Center,0.0,0.0,71.67,70.2,63.54,416.9,True,True,True,True,0,0.0,
408,Base,0,W015,AE-3200,CH-A,MID-01,Mid,0.52,30.0,71.48,72.36,70.13,424.6,True,True,True,True,0,0.0,
409,Base,0,W015,AE-3200,CH-A,MID-02,Mid,0.52,90.0,72.6,73.61,74.36,433.2,True,False,False,True,0,0.0,
410,Base,0,W015,AE-3200,CH-A,MID-03,Mid,0.52,150.0,72.93,72.94,67.59,437.5,True,False,True,True,1,3.1,polymer_residue
411,Base,0,W015,AE-3200,CH-A,MID-04,Mid,0.52,210.0,71.56,70.26,60.35,417.2,True,True,True,True,0,0.0,
412,Base,0,W015,AE-3200,CH-A,MID-05,Mid,0.52,270.0,73.07,70.04,70.15,442.3,True,True,True,True,0,0.0,
413,Base,0,W015,AE-3200,CH-A,MID-06,Mid,0.52,330.0,74.36,69.91,68.73,446.2,True,True,True,True,0,0.0,
414,Base,0,W015,AE-3200,CH-A,EDG-01,Edge,0.84,0.0,72.62,75.73,69.88,428.4,True,False,True,True,1,4.33,arc_event
415,Base,0,W015,AE-3200,CH-A,EDG-02,Edge,0.84,32.7,75.15,74.46,70.66,436.7,True,False,False,True,0,0.0,
416,Base,0,W015,AE-3200,CH-A,EDG-03,Edge,0.84,65.5,74.7,75.22,67.97,412.2,True,False,True,True,1,5.66,
417,Base,0,W015,AE-3200,CH-A,EDG-04,Edge,0.84,98.2,71.82,72.5,67.9,434.9,True,True,True,True,1,2.95,
418,Base,0,W015,AE-3200,CH-A,EDG-05,Edge,0.84,130.9,74.91,71.37,75.87,458.0,True,True,False,False,3,17.11,
419,Base,0,W015,AE-3200,CH-A,EDG-06,Edge,0.84,163.6,72.34,73.68,68.19,418.4,True,False,True,True,1,5.47,arc_event
420,Base,0,W015,AE-3200,CH-A,EDG-07,Edge,0.84,196.4,72.98,73.47,71.71,435.1,True,False,False,True,0,0.0,
421,Base,0,W015,AE-3200,CH-A,EDG-08,Edge,0.84,229.1,74.49,73.4,76.16,446.8,True,False,False,True,1,3.69,polymer_residue
422,Base,0,W015,AE-3200,CH-A,EDG-09,Edge,0.84,261.8,73.72,71.94,70.44,456.1,True,True,True,False,0,0.0,
423,Base,0,W015,AE-3200,CH-A,EDG-10,Edge,0.84,294.5,74.64,73.84,72.02,481.1,True,False,False,False,0,0.0,
424,Base,0,W015,AE-3200,CH-A,EDG-11,Edge,0.84,327.3,73.6,70.63,72.36,434.7,True,True,False,True,1,5.59,polymer_residue
425,Base,0,W015,AE-3200,CH-A,EXT-01,Extreme Edge,0.96,16.4,72.22,71.47,74.96,449.9,True,True,False,True,2,9.57,
426,Base,0,W015,AE-3200,CH-A,EXT-02,Extreme Edge,0.96,49.1,74.77,74.13,67.33,442.5,True,False,True,True,0,0.0,
427,Base,0,W015,AE-3200,CH-A,EXT-03,Extreme Edge,0.96,81.8,73.9,72.88,73.22,425.0,True,False,False,True,0,0.0,
428,Base,0,W015,AE-3200,CH-A,EXT-04,Extreme Edge,0.96,114.5,73.94,75.06,69.33,446.3,True,False,True,True,2,9.38,
429,Base,0,W015,AE-3200,CH-A,EXT-05,Extreme Edge,0.96,147.3,74.63,71.89,70.35,439.0,True,True,True,True,0,0.0,
430,Base,0,W015,AE-3200,CH-A,EXT-06,Extreme Edge,0.96,180.0,73.61,74.03,70.72,427.1,True,False,False,True,0,0.0,
431,Base,0,W015,AE-3200,CH-A,EXT-07,Extreme Edge,0.96,212.7,74.51,72.37,71.81,451.3,True,True,False,True,0,0.0,
432,Base,0,W015,AE-3200,CH-A,EXT-08,Extreme Edge,0.96,245.5,71.42,74.23,67.76,462.4,True,False,True,False,0,0.0,
433,Base,0,W015,AE-3200,CH-A,EXT-09,Extreme Edge,0.96,278.2,75.39,73.08,73.09,457.2,False,False,False,False,0,0.0,
434,Base,0,W015,AE-3200,CH-A,EXT-10,Extreme Edge,0.96,310.9,76.08,74.76,68.58,419.9,False,False,True,True,1,5.97,
435,Base,0,W015,AE-3200,CH-A,EXT-11,Extreme Edge,0.96,343.6,75.28,75.08,65.54,415.7,False,False,True,True,0,0.0,
436,Rev2,2,W016,PX-7500,CH-C,C1,Center,0.0,0.0,73.22,68.73,65.59,450.5,True,True,True,True,0,0.0,
437,Rev2,2,W016,PX-7500,CH-C,MID-01,Mid,0.52,30.0,73.62,69.77,64.41,450.7,True,True,True,True,0,0.0,
438,Rev2,2,W016,PX-7500,CH-C,MID-02,Mid,0.52,90.0,73.25,72.12,58.2,438.4,True,True,False,True,2,6.91,
439,Rev2,2,W016,PX-7500,CH-C,MID-03,Mid,0.52,150.0,74.81,70.92,58.95,463.2,True,True,False,False,0,0.0,
440,Rev2,2,W016,PX-7500,CH-C,MID-04,Mid,0.52,210.0,70.02,71.65,62.45,441.5,True,True,True,True,0,0.0,
441,Rev2,2,W016,PX-7500,CH-C,MID-05,Mid,0.52,270.0,72.06,68.1,64.94,399.4,True,True,True,True,0,0.0,
442,Rev2,2,W016,PX-7500,CH-C,MID-06,Mid,0.52,330.0,73.72,71.5,63.66,461.1,True,True,True,False,0,0.0,
443,Rev2,2,W016,PX-7500,CH-C,EDG-01,Edge,0.84,0.0,73.39,73.88,63.72,436.0,True,False,True,True,1,5.31,
444,Rev2,2,W016,PX-7500,CH-C,EDG-02,Edge,0.84,32.7,75.6,70.77,62.72,409.4,False,True,True,True,0,0.0,
445,Rev2,2,W016,PX-7500,CH-C,EDG-03,Edge,0.84,65.5,74.2,72.51,64.17,439.0,True,True,True,True,0,0.0,
446,Rev2,2,W016,PX-7500,CH-C,EDG-04,Edge,0.84,98.2,74.38,73.21,60.63,455.2,True,False,True,False,0,0.0,
447,Rev2,2,W016,PX-7500,CH-C,EDG-05,Edge,0.84,130.9,73.12,70.56,65.62,495.9,True,True,True,False,2,7.11,
448,Rev2,2,W016,PX-7500,CH-C,EDG-06,Edge,0.84,163.6,73.23,71.6,64.97,472.4,True,True,True,False,1,5.83,
449,Rev2,2,W016,PX-7500,CH-C,EDG-07,Edge,0.84,196.4,75.04,70.28,66.29,432.5,True,True,True,True,0,0.0,
450,Rev2,2,W016,PX-7500,CH-C,EDG-08,Edge,0.84,229.1,73.28,70.59,65.98,461.1,True,True,True,False,0,0.0,
451,Rev2,2,W016,PX-7500,CH-C,EDG-09,Edge,0.84,261.8,71.9,71.34,62.66,436.2,True,True,True,True,0,0.0,
452,Rev2,2,W016,PX-7500,CH-C,EDG-10,Edge,0.84,294.5,71.94,70.36,64.29,457.4,True,True,True,False,1,2.2,endpoint_late
453,Rev2,2,W016,PX-7500,CH-C,EDG-11,Edge,0.84,327.3,73.29,71.39,61.89,428.6,True,True,True,True,1,5.51,polymer_residue
454,Rev2,2,W016,PX-7500,CH-C,EXT-01,Extreme Edge,0.96,16.4,75.01,71.72,61.15,483.4,True,True,True,False,2,3.86,
455,Rev2,2,W016,PX-7500,CH-C,EXT-02,Extreme Edge,0.96,49.1,72.57,70.49,67.3,483.6,True,True,True,False,0,0.0,
456,Rev2,2,W016,PX-7500,CH-C,EXT-03,Extreme Edge,0.96,81.8,74.16,71.09,69.45,424.0,True,True,True,True,1,4.77,
457,Rev2,2,W016,PX-7500,CH-C,EXT-04,Extreme Edge,0.96,114.5,74.02,74.57,66.28,440.6,True,False,True,True,1,5.61,pressure_spike
458,Rev2,2,W016,PX-7500,CH-C,EXT-05,Extreme Edge,0.96,147.3,74.97,70.44,60.24,456.3,True,True,True,False,0,0.0,
459,Rev2,2,W016,PX-7500,CH-C,EXT-06,Extreme Edge,0.96,180.0,72.7,71.06,65.63,478.5,True,True,True,False,1,4.54,
460,Rev2,2,W016,PX-7500,CH-C,EXT-07,Extreme Edge,0.96,212.7,73.67,71.13,65.9,446.2,True,True,True,True,1,3.74,arc_event
461,Rev2,2,W016,PX-7500,CH-C,EXT-08,Extreme Edge,0.96,245.5,74.26,72.45,63.04,439.6,True,True,True,True,2,10.73,
462,Rev2,2,W016,PX-7500,CH-C,EXT-09,Extreme Edge,0.96,278.2,74.56,73.82,66.37,472.3,True,False,True,False,1,5.34,
463,Rev2,2,W016,PX-7500,CH-C,EXT-10,Extreme Edge,0.96,310.9,75.83,71.99,69.51,486.5,False,True,True,False,1,5.19,
464,Rev2,2,W016,PX-7500,CH-C,EXT-11,Extreme Edge,0.96,343.6,75.13,73.27,69.88,492.6,True,False,True,False,0,0.0,
465,Rev8,8,W017,AE-3200,CH-A,C1,Center,0.0,0.0,75.25,69.18,65.04,409.5,False,True,True,True,0,0.0,
466,Rev8,8,W017,AE-3200,CH-A,MID-01,Mid,0.52,30.0,73.15,68.35,66.13,425.5,True,True,True,True,0,0.0,
467,Rev8,8,W017,AE-3200,CH-A,MID-02,Mid,0.52,90.0,74.74,69.22,69.86,404.6,True,True,True,True,1,3.33,
468,Rev8,8,W017,AE-3200,CH-A,MID-03,Mid,0.52,150.0,75.17,71.04,64.58,395.3,True,True,True,True,0,0.0,
469,Rev8,8,W017,AE-3200,CH-A,MID-04,Mid,0.52,210.0,75.74,68.93,67.16,443.6,False,True,True,True,0,0.0,
470,Rev8,8,W017,AE-3200,CH-A,MID-05,Mid,0.52,270.0,73.93,73.48,60.29,438.5,True,False,True,True,0,0.0,
471,Rev8,8,W017,AE-3200,CH-A,MID-06,Mid,0.52,330.0,74.9,70.56,62.57,397.2,True,True,True,True,0,0.0,
472,Rev8,8,W017,AE-3200,CH-A,EDG-01,Edge,0.84,0.0,75.96,71.95,68.31,447.0,False,True,True,True,0,0.0,
473,Rev8,8,W017,AE-3200,CH-A,EDG-02,Edge,0.84,32.7,75.26,72.28,66.44,432.7,False,True,True,True,1,4.78,esc_temp_drift
474,Rev8,8,W017,AE-3200,CH-A,EDG-03,Edge,0.84,65.5,78.11,71.28,66.99,396.5,False,True,True,True,0,0.0,
475,Rev8,8,W017,AE-3200,CH-A,EDG-04,Edge,0.84,98.2,79.05,71.19,66.34,416.1,False,True,True,True,1,4.13,
476,Rev8,8,W017,AE-3200,CH-A,EDG-05,Edge,0.84,130.9,74.93,70.94,69.69,447.7,True,True,True,True,1,5.51,polymer_residue
477,Rev8,8,W017,AE-3200,CH-A,EDG-06,Edge,0.84,163.6,75.55,72.35,63.03,416.8,False,True,True,True,0,0.0,
478,Rev8,8,W017,AE-3200,CH-A,EDG-07,Edge,0.84,196.4,74.63,70.19,68.36,413.3,True,True,True,True,0,0.0,
479,Rev8,8,W017,AE-3200,CH-A,EDG-08,Edge,0.84,229.1,76.36,70.21,68.67,420.3,False,True,True,True,1,5.92,pressure_spike
480,Rev8,8,W017,AE-3200,CH-A,EDG-09,Edge,0.84,261.8,74.89,69.76,70.94,444.2,True,True,False,True,0,0.0,
481,Rev8,8,W017,AE-3200,CH-A,EDG-10,Edge,0.84,294.5,72.92,72.21,68.76,396.2,True,True,True,True,0,0.0,
482,Rev8,8,W017,AE-3200,CH-A,EDG-11,Edge,0.84,327.3,75.39,70.66,67.48,401.8,False,True,True,True,0,0.0,
483,Rev8,8,W017,AE-3200,CH-A,EXT-01,Extreme Edge,0.96,16.4,76.4,74.94,67.03,437.6,False,False,True,True,0,0.0,
484,Rev8,8,W017,AE-3200,CH-A,EXT-02,Extreme Edge,0.96,49.1,76.08,73.96,66.67,401.7,False,False,True,True,3,13.17,esc_temp_drift
485,Rev8,8,W017,AE-3200,CH-A,EXT-03,Extreme Edge,0.96,81.8,75.16,70.19,65.33,400.5,True,True,True,True,0,0.0,
486,Rev8,8,W017,AE-3200,CH-A,EXT-04,Extreme Edge,0.96,114.5,77.41,73.72,70.62,410.3,False,False,False,True,0,0.0,
487,Rev8,8,W017,AE-3200,CH-A,EXT-05,Extreme Edge,0.96,147.3,75.41,70.39,63.51,395.0,False,True,True,True,1,2.4,
488,Rev8,8,W017,AE-3200,CH-A,EXT-06,Extreme Edge,0.96,180.0,80.18,71.61,67.95,429.1,False,True,True,True,1,4.0,
489,Rev8,8,W017,AE-3200,CH-A,EXT-07,Extreme Edge,0.96,212.7,76.68,71.14,68.52,368.4,False,True,True,False,2,9.12,
490,Rev8,8,W017,AE-3200,CH-A,EXT-08,Extreme Edge,0.96,245.5,76.61,70.84,67.84,375.9,False,True,True,False,3,12.91,polymer_residue
491,Rev8,8,W017,AE-3200,CH-A,EXT-09,Extreme Edge,0.96,278.2,77.04,72.32,69.0,452.8,False,True,True,False,0,0.0,
492,Rev8,8,W017,AE-3200,CH-A,EXT-10,Extreme Edge,0.96,310.9,75.59,70.99,67.21,427.2,False,True,True,True,2,5.25,polymer_residue
493,Rev8,8,W017,AE-3200,CH-A,EXT-11,Extreme Edge,0.96,343.6,75.41,70.94,70.23,434.8,False,True,True,True,0,0.0,
494,Rev3,3,W018,PX-7500,CH-D,C1,Center,0.0,0.0,70.24,64.64,65.49,453.9,True,False,True,False,0,0.0,
495,Rev3,3,W018,PX-7500,CH-D,MID-01,Mid,0.52,30.0,70.69,72.17,70.73,478.3,True,True,False,False,0,0.0,
496,Rev3,3,W018,PX-7500,CH-D,MID-02,Mid,0.52,90.0,72.12,68.71,65.13,461.1,True,True,True,False,2,11.07,
497,Rev3,3,W018,PX-7500,CH-D,MID-03,Mid,0.52,150.0,73.69,69.72,69.69,465.2,True,True,True,False,0,0.0,
498,Rev3,3,W018,PX-7500,CH-D,MID-04,Mid,0.52,210.0,72.06,70.81,71.89,464.3,True,True,False,False,0,0.0,
499,Rev3,3,W018,PX-7500,CH-D,MID-05,Mid,0.52,270.0,74.68,70.43,68.14,418.1,True,True,True,True,0,0.0,
500,Rev3,3,W018,PX-7500,CH-D,MID-06,Mid,0.52,330.0,71.31,68.4,69.95,441.4,True,True,True,True,0,0.0,
501,Rev3,3,W018,PX-7500,CH-D,EDG-01,Edge,0.84,0.0,73.8,72.17,71.02,441.6,True,True,False,True,0,0.0,
502,Rev3,3,W018,PX-7500,CH-D,EDG-02,Edge,0.84,32.7,73.46,70.48,71.2,486.7,True,True,False,False,0,0.0,
503,Rev3,3,W018,PX-7500,CH-D,EDG-03,Edge,0.84,65.5,72.32,69.97,68.91,474.4,True,True,True,False,0,0.0,
504,Rev3,3,W018,PX-7500,CH-D,EDG-04,Edge,0.84,98.2,71.62,71.25,69.33,426.7,True,True,True,True,0,0.0,
505,Rev3,3,W018,PX-7500,CH-D,EDG-05,Edge,0.84,130.9,73.98,72.78,69.98,436.7,True,True,True,True,0,0.0,
506,Rev3,3,W018,PX-7500,CH-D,EDG-06,Edge,0.84,163.6,74.25,69.66,72.28,427.3,True,True,False,True,0,0.0,
507,Rev3,3,W018,PX-7500,CH-D,EDG-07,Edge,0.84,196.4,74.06,73.83,69.86,485.1,True,False,True,False,1,4.32,polymer_residue
508,Rev3,3,W018,PX-7500,CH-D,EDG-08,Edge,0.84,229.1,75.07,74.34,65.12,449.8,True,False,True,True,0,0.0,
509,Rev3,3,W018,PX-7500,CH-D,EDG-09,Edge,0.84,261.8,73.29,72.15,70.45,418.6,True,True,True,True,0,0.0,
510,Rev3,3,W018,PX-7500,CH-D,EDG-10,Edge,0.84,294.5,72.24,70.85,60.94,454.3,True,True,True,False,0,0.0,
511,Rev3,3,W018,PX-7500,CH-D,EDG-11,Edge,0.84,327.3,72.58,71.42,68.64,409.9,True,True,True,True,0,0.0,
512,Rev3,3,W018,PX-7500,CH-D,EXT-01,Extreme Edge,0.96,16.4,73.6,73.51,73.03,453.3,True,False,False,False,0,0.0,
513,Rev3,3,W018,PX-7500,CH-D,EXT-02,Extreme Edge,0.96,49.1,73.8,71.82,63.66,469.8,True,True,True,False,0,0.0,
514,Rev3,3,W018,PX-7500,CH-D,EXT-03,Extreme Edge,0.96,81.8,76.79,75.19,77.58,436.3,False,False,False,True,2,4.53,endpoint_late
515,Rev3,3,W018,PX-7500,CH-D,EXT-04,Extreme Edge,0.96,114.5,75.59,66.81,71.87,424.0,False,True,False,True,0,0.0,
516,Rev3,3,W018,PX-7500,CH-D,EXT-05,Extreme Edge,0.96,147.3,75.43,74.86,64.5,457.2,False,False,True,False,2,7.81,endpoint_late
517,Rev3,3,W018,PX-7500,CH-D,EXT-06,Extreme Edge,0.96,180.0,75.2,69.26,70.08,483.0,False,True,True,False,2,4.17,
518,Rev3,3,W018,PX-7500,CH-D,EXT-07,Extreme Edge,0.96,212.7,73.24,72.59,71.73,452.9,True,True,False,False,0,0.0,
519,Rev3,3,W018,PX-7500,CH-D,EXT-08,Extreme Edge,0.96,245.5,74.77,69.61,66.7,423.4,True,True,True,True,0,0.0,
520,Rev3,3,W018,PX-7500,CH-D,EXT-09,Extreme Edge,0.96,278.2,73.97,73.58,72.37,403.8,True,False,False,True,3,12.23,
521,Rev3,3,W018,PX-7500,CH-D,EXT-10,Extreme Edge,0.96,310.9,76.73,73.84,66.24,460.9,False,False,True,False,2,5.54,
522,Rev3,3,W018,PX-7500,CH-D,EXT-11,Extreme Edge,0.96,343.6,72.79,71.36,66.12,476.1,True,True,True,False,0,0.0,
523,Rev1,1,W019,AE-3200,CH-B,C1,Center,0.0,0.0,72.92,69.6,69.8,432.5,True,True,True,True,0,0.0,
524,Rev1,1,W019,AE-3200,CH-B,MID-01,Mid,0.52,30.0,74.12,70.95,70.1,419.1,True,True,True,True,1,5.23,polymer_residue
525,Rev1,1,W019,AE-3200,CH-B,MID-02,Mid,0.52,90.0,72.32,70.21,69.66,404.5,True,True,True,True,0,0.0,
526,Rev1,1,W019,AE-3200,CH-B,MID-03,Mid,0.52,150.0,74.2,71.27,68.16,404.9,True,True,True,True,0,0.0,
527,Rev1,1,W019,AE-3200,CH-B,MID-04,Mid,0.52,210.0,73.74,69.65,69.03,436.8,True,True,True,True,0,0.0,
528,Rev1,1,W019,AE-3200,CH-B,MID-05,Mid,0.52,270.0,74.32,71.72,66.35,394.7,True,True,True,True,0,0.0,
529,Rev1,1,W019,AE-3200,CH-B,MID-06,Mid,0.52,330.0,72.52,68.12,67.53,409.3,True,True,True,True,0,0.0,
530,Rev1,1,W019,AE-3200,CH-B,EDG-01,Edge,0.84,0.0,74.06,70.05,73.31,423.1,True,True,False,True,1,6.39,
531,Rev1,1,W019,AE-3200,CH-B,EDG-02,Edge,0.84,32.7,74.05,73.14,69.65,398.9,True,False,True,True,1,3.34,esc_temp_drift
532,Rev1,1,W019,AE-3200,CH-B,EDG-03,Edge,0.84,65.5,72.19,71.41,69.48,396.7,True,True,True,True,0,0.0,
533,Rev1,1,W019,AE-3200,CH-B,EDG-04,Edge,0.84,98.2,74.57,71.42,71.41,400.1,True,True,False,True,0,0.0,
534,Rev1,1,W019,AE-3200,CH-B,EDG-05,Edge,0.84,130.9,74.83,71.7,66.15,419.2,True,True,True,True,0,0.0,
535,Rev1,1,W019,AE-3200,CH-B,EDG-06,Edge,0.84,163.6,71.93,70.79,67.7,423.8,True,True,True,True,0,0.0,
536,Rev1,1,W019,AE-3200,CH-B,EDG-07,Edge,0.84,196.4,75.41,70.77,67.86,386.9,False,True,True,True,1,1.95,arc_event
537,Rev1,1,W019,AE-3200,CH-B,EDG-08,Edge,0.84,229.1,76.55,73.49,69.82,377.8,False,False,True,True,0,0.0,
538,Rev1,1,W019,AE-3200,CH-B,EDG-09,Edge,0.84,261.8,72.78,69.68,69.76,428.0,True,True,True,True,1,3.56,
539,Rev1,1,W019,AE-3200,CH-B,EDG-10,Edge,0.84,294.5,74.56,71.04,69.11,409.1,True,True,True,True,0,0.0,
540,Rev1,1,W019,AE-3200,CH-B,EDG-11,Edge,0.84,327.3,72.32,73.2,68.95,416.3,True,False,True,True,0,0.0,
541,Rev1,1,W019,AE-3200,CH-B,EXT-01,Extreme Edge,0.96,16.4,72.89,70.1,71.22,399.3,True,True,False,True,1,2.93,polymer_residue
542,Rev1,1,W019,AE-3200,CH-B,EXT-02,Extreme Edge,0.96,49.1,75.43,69.81,72.98,409.5,False,True,False,True,1,6.28,
543,Rev1,1,W019,AE-3200,CH-B,EXT-03,Extreme Edge,0.96,81.8,77.83,71.31,71.24,396.0,False,True,False,True,0,0.0,
544,Rev1,1,W019,AE-3200,CH-B,EXT-04,Extreme Edge,0.96,114.5,76.02,70.67,70.53,387.3,False,True,True,True,0,0.0,
545,Rev1,1,W019,AE-3200,CH-B,EXT-05,Extreme Edge,0.96,147.3,75.19,70.51,69.58,415.2,True,True,True,True,2,7.12,
546,Rev1,1,W019,AE-3200,CH-B,EXT-06,Extreme Edge,0.96,180.0,75.65,73.83,71.22,430.9,False,False,False,True,0,0.0,
547,Rev1,1,W019,AE-3200,CH-B,EXT-07,Extreme Edge,0.96,212.7,73.81,73.61,66.17,388.1,True,False,True,True,1,6.36,
548,Rev1,1,W019,AE-3200,CH-B,EXT-08,Extreme Edge,0.96,245.5,76.02,73.12,69.29,394.7,False,False,True,True,0,0.0,
549,Rev1,1,W019,AE-3200,CH-B,EXT-09,Extreme Edge,0.96,278.2,75.81,74.0,67.22,414.2,False,False,True,True,1,4.45,polymer_residue
550,Rev1,1,W019,AE-3200,CH-B,EXT-10,Extreme Edge,0.96,310.9,73.21,69.09,69.16,441.6,True,True,True,True,0,0.0,
551,Rev1,1,W019,AE-3200,CH-B,EXT-11,Extreme Edge,0.96,343.6,74.96,70.56,68.05,405.3,True,True,True,True,1,6.32,endpoint_late
552,Rev5,5,W020,AE-3200,CH-B,C1,Center,0.0,0.0,69.28,71.77,71.16,398.2,True,True,False,True,0,0.0,
553,Rev5,5,W020,AE-3200,CH-B,MID-01,Mid,0.52,30.0,75.21,71.61,66.9,442.3,False,True,True,True,1,5.68,pressure_spike
554,Rev5,5,W020,AE-3200,CH-B,MID-02,Mid,0.52,90.0,70.5,69.19,66.88,440.2,True,True,True,True,0,0.0,
555,Rev5,5,W020,AE-3200,CH-B,MID-03,Mid,0.52,150.0,70.68,70.75,70.06,443.3,True,True,True,True,0,0.0,
556,Rev5,5,W020,AE-3200,CH-B,MID-04,Mid,0.52,210.0,72.26,73.13,64.54,453.3,True,False,True,False,2,10.89,polymer_residue
557,Rev5,5,W020,AE-3200,CH-B,MID-05,Mid,0.52,270.0,71.9,71.25,73.85,416.9,True,True,False,True,0,0.0,
558,Rev5,5,W020,AE-3200,CH-B,MID-06,Mid,0.52,330.0,73.39,67.98,68.74,456.5,True,True,True,False,1,6.19,pressure_spike
559,Rev5,5,W020,AE-3200,CH-B,EDG-01,Edge,0.84,0.0,73.37,73.48,68.01,444.2,True,False,True,True,0,0.0,
560,Rev5,5,W020,AE-3200,CH-B,EDG-02,Edge,0.84,32.7,71.26,72.32,68.36,468.7,True,True,True,False,0,0.0,
561,Rev5,5,W020,AE-3200,CH-B,EDG-03,Edge,0.84,65.5,75.2,71.47,67.83,443.6,False,True,True,True,2,4.97,
562,Rev5,5,W020,AE-3200,CH-B,EDG-04,Edge,0.84,98.2,73.19,73.46,67.1,462.2,True,False,True,False,0,0.0,
563,Rev5,5,W020,AE-3200,CH-B,EDG-05,Edge,0.84,130.9,70.5,73.24,65.42,458.4,True,False,True,False,3,9.23,
564,Rev5,5,W020,AE-3200,CH-B,EDG-06,Edge,0.84,163.6,72.05,68.81,65.18,460.0,True,True,True,False,0,0.0,
565,Rev5,5,W020,AE-3200,CH-B,EDG-07,Edge,0.84,196.4,72.73,70.84,67.53,429.0,True,True,True,True,0,0.0,
566,Rev5,5,W020,AE-3200,CH-B,EDG-08,Edge,0.84,229.1,72.73,70.38,71.57,406.0,True,True,False,True,1,6.41,
567,Rev5,5,W020,AE-3200,CH-B,EDG-09,Edge,0.84,261.8,76.16,68.99,69.78,453.7,False,True,True,False,0,0.0,
568,Rev5,5,W020,AE-3200,CH-B,EDG-10,Edge,0.84,294.5,72.06,71.11,69.75,462.9,True,True,True,False,3,13.91,polymer_residue
569,Rev5,5,W020,AE-3200,CH-B,EDG-11,Edge,0.84,327.3,71.12,70.17,72.23,455.7,True,True,False,False,1,5.11,
570,Rev5,5,W020,AE-3200,CH-B,EXT-01,Extreme Edge,0.96,16.4,72.94,71.18,66.51,462.1,True,True,True,False,2,5.41,
571,Rev5,5,W020,AE-3200,CH-B,EXT-02,Extreme Edge,0.96,49.1,72.76,70.99,66.53,460.2,True,True,True,False,0,0.0,
572,Rev5,5,W020,AE-3200,CH-B,EXT-03,Extreme Edge,0.96,81.8,72.29,71.74,68.14,470.6,True,True,True,False,1,4.65,esc_temp_drift
573,Rev5,5,W020,AE-3200,CH-B,EXT-04,Extreme Edge,0.96,114.5,76.04,71.89,68.26,473.9,False,True,True,False,1,4.05,polymer_residue
574,Rev5,5,W020,AE-3200,CH-B,EXT-05,Extreme Edge,0.96,147.3,74.46,73.56,70.41,451.9,True,False,True,True,0,0.0,
575,Rev5,5,W020,AE-3200,CH-B,EXT-06,Extreme Edge,0.96,180.0,74.24,71.78,70.52,447.0,True,True,True,True,1,2.41,
576,Rev5,5,W020,AE-3200,CH-B,EXT-07,Extreme Edge,0.96,212.7,73.27,73.48,72.31,439.3,True,False,False,True,0,0.0,
577,Rev5,5,W020,AE-3200,CH-B,EXT-08,Extreme Edge,0.96,245.5,74.28,73.07,70.22,438.0,True,False,True,True,0,0.0,
578,Rev5,5,W020,AE-3200,CH-B,EXT-09,Extreme Edge,0.96,278.2,72.79,72.35,67.72,459.9,True,True,True,False,0,0.0,
579,Rev5,5,W020,AE-3200,CH-B,EXT-10,Extreme Edge,0.96,310.9,75.88,73.85,72.48,424.1,False,False,False,True,2,4.29,
580,Rev5,5,W020,AE-3200,CH-B,EXT-11,Extreme Edge,0.96,343.6,73.27,74.01,70.92,414.7,True,False,False,True,0,0.0,
581,Rev4,4,W021,AE-3200,CH-A,C1,Center,0.0,0.0,73.38,70.89,67.48,442.8,True,True,True,True,0,0.0,
582,Rev4,4,W021,AE-3200,CH-A,MID-01,Mid,0.52,30.0,74.29,68.75,64.82,417.0,True,True,True,True,0,0.0,
583,Rev4,4,W021,AE-3200,CH-A,MID-02,Mid,0.52,90.0,72.51,73.89,64.42,444.0,True,False,True,True,1,5.62,endpoint_late
584,Rev4,4,W021,AE-3200,CH-A,MID-03,Mid,0.52,150.0,72.77,69.84,68.83,418.2,True,True,True,True,0,0.0,
585,Rev4,4,W021,AE-3200,CH-A,MID-04,Mid,0.52,210.0,73.59,72.43,62.74,449.6,True,True,True,True,0,0.0,
586,Rev4,4,W021,AE-3200,CH-A,MID-05,Mid,0.52,270.0,73.22,73.27,69.63,420.4,True,False,True,True,0,0.0,
587,Rev4,4,W021,AE-3200,CH-A,MID-06,Mid,0.52,330.0,73.86,71.8,73.59,469.1,True,True,False,False,1,6.26,esc_temp_drift
588,Rev4,4,W021,AE-3200,CH-A,EDG-01,Edge,0.84,0.0,75.34,70.13,67.99,444.7,False,True,True,True,0,0.0,
589,Rev4,4,W021,AE-3200,CH-A,EDG-02,Edge,0.84,32.7,74.69,74.28,67.92,449.3,True,False,True,True,0,0.0,
590,Rev4,4,W021,AE-3200,CH-A,EDG-03,Edge,0.84,65.5,77.61,69.49,67.84,437.0,False,True,True,True,0,0.0,
591,Rev4,4,W021,AE-3200,CH-A,EDG-04,Edge,0.84,98.2,74.8,72.96,62.22,449.2,True,False,True,True,0,0.0,
592,Rev4,4,W021,AE-3200,CH-A,EDG-05,Edge,0.84,130.9,74.36,69.05,71.48,474.7,True,True,False,False,1,4.64,polymer_residue
593,Rev4,4,W021,AE-3200,CH-A,EDG-06,Edge,0.84,163.6,76.04,69.91,69.0,495.0,False,True,True,False,0,0.0,
594,Rev4,4,W021,AE-3200,CH-A,EDG-07,Edge,0.84,196.4,72.99,73.08,69.59,491.8,True,False,True,False,0,0.0,
595,Rev4,4,W021,AE-3200,CH-A,EDG-08,Edge,0.84,229.1,76.12,74.4,65.82,468.3,False,False,True,False,0,0.0,
596,Rev4,4,W021,AE-3200,CH-A,EDG-09,Edge,0.84,261.8,75.71,71.06,71.99,436.9,False,True,False,True,2,11.62,
597,Rev4,4,W021,AE-3200,CH-A,EDG-10,Edge,0.84,294.5,75.0,74.62,64.59,449.7,True,False,True,True,0,0.0,
598,Rev4,4,W021,AE-3200,CH-A,EDG-11,Edge,0.84,327.3,73.75,70.79,70.05,468.0,True,True,True,False,0,0.0,
599,Rev4,4,W021,AE-3200,CH-A,EXT-01,Extreme Edge,0.96,16.4,74.27,73.63,68.53,481.6,True,False,True,False,0,0.0,
600,Rev4,4,W021,AE-3200,CH-A,EXT-02,Extreme Edge,0.96,49.1,74.82,71.59,71.55,488.1,True,True,False,False,0,0.0,
601,Rev4,4,W021,AE-3200,CH-A,EXT-03,Extreme Edge,0.96,81.8,75.76,72.38,72.04,436.2,False,True,False,True,3,5.83,
602,Rev4,4,W021,AE-3200,CH-A,EXT-04,Extreme Edge,0.96,114.5,75.85,72.62,65.53,421.9,False,True,True,True,0,0.0,
603,Rev4,4,W021,AE-3200,CH-A,EXT-05,Extreme Edge,0.96,147.3,74.14,72.78,64.6,455.9,True,True,True,False,1,3.51,polymer_residue
604,Rev4,4,W021,AE-3200,CH-A,EXT-06,Extreme Edge,0.96,180.0,74.99,74.81,70.19,479.2,True,False,True,False,0,0.0,
605,Rev4,4,W021,AE-3200,CH-A,EXT-07,Extreme Edge,0.96,212.7,76.93,72.88,66.22,455.8,False,False,True,False,3,11.2,pressure_spike
606,Rev4,4,W021,AE-3200,CH-A,EXT-08,Extreme Edge,0.96,245.5,74.51,74.83,72.64,436.9,True,False,False,True,0,0.0,
607,Rev4,4,W021,AE-3200,CH-A,EXT-09,Extreme Edge,0.96,278.2,75.96,72.12,69.85,442.7,False,True,True,True,1,3.44,
608,Rev4,4,W021,AE-3200,CH-A,EXT-10,Extreme Edge,0.96,310.9,73.53,74.93,70.68,456.4,True,False,False,False,0,0.0,
609,Rev4,4,W021,AE-3200,CH-A,EXT-11,Extreme Edge,0.96,343.6,76.46,71.44,69.27,427.9,False,True,True,True,0,0.0,
610,Rev5,5,W022,AE-3200,CH-B,C1,Center,0.0,0.0,69.3,67.98,66.53,462.2,True,True,True,False,0,0.0,
611,Rev5,5,W022,AE-3200,CH-B,MID-01,Mid,0.52,30.0,68.14,70.93,69.54,419.3,False,True,True,True,0,0.0,
612,Rev5,5,W022,AE-3200,CH-B,MID-02,Mid,0.52,90.0,72.51,73.87,57.72,426.6,True,False,False,True,1,4.34,
613,Rev5,5,W022,AE-3200,CH-B,MID-03,Mid,0.52,150.0,69.34,68.98,62.87,456.7,True,True,True,False,0,0.0,
614,Rev5,5,W022,AE-3200,CH-B,MID-04,Mid,0.52,210.0,71.56,69.27,70.64,419.0,True,True,False,True,1,1.86,polymer_residue
615,Rev5,5,W022,AE-3200,CH-B,MID-05,Mid,0.52,270.0,74.09,69.65,69.26,461.9,True,True,True,False,0,0.0,
616,Rev5,5,W022,AE-3200,CH-B,MID-06,Mid,0.52,330.0,73.65,70.61,69.6,428.5,True,True,True,True,0,0.0,
617,Rev5,5,W022,AE-3200,CH-B,EDG-01,Edge,0.84,0.0,73.18,72.77,73.15,463.3,True,True,False,False,0,0.0,
618,Rev5,5,W022,AE-3200,CH-B,EDG-02,Edge,0.84,32.7,74.98,71.97,67.33,450.1,True,True,True,True,1,2.44,
619,Rev5,5,W022,AE-3200,CH-B,EDG-03,Edge,0.84,65.5,73.77,68.74,68.13,450.3,True,True,True,True,0,0.0,
620,Rev5,5,W022,AE-3200,CH-B,EDG-04,Edge,0.84,98.2,73.84,70.88,63.46,459.8,True,True,True,False,0,0.0,
621,Rev5,5,W022,AE-3200,CH-B,EDG-05,Edge,0.84,130.9,74.39,70.52,66.03,450.3,True,True,True,True,0,0.0,
622,Rev5,5,W022,AE-3200,CH-B,EDG-06,Edge,0.84,163.6,73.44,71.96,67.23,435.5,True,True,True,True,0,0.0,
623,Rev5,5,W022,AE-3200,CH-B,EDG-07,Edge,0.84,196.4,71.64,69.82,70.16,436.1,True,True,True,True,0,0.0,
624,Rev5,5,W022,AE-3200,CH-B,EDG-08,Edge,0.84,229.1,74.37,70.47,64.43,410.4,True,True,True,True,0,0.0,
625,Rev5,5,W022,AE-3200,CH-B,EDG-09,Edge,0.84,261.8,70.89,70.55,66.88,423.2,True,True,True,True,0,0.0,
626,Rev5,5,W022,AE-3200,CH-B,EDG-10,Edge,0.84,294.5,74.19,70.66,66.79,418.0,True,True,True,True,1,3.09,pressure_spike
627,Rev5,5,W022,AE-3200,CH-B,EDG-11,Edge,0.84,327.3,73.1,68.29,68.64,488.5,True,True,True,False,0,0.0,
628,Rev5,5,W022,AE-3200,CH-B,EXT-01,Extreme Edge,0.96,16.4,74.02,67.41,65.84,501.4,True,True,True,False,0,0.0,
629,Rev5,5,W022,AE-3200,CH-B,EXT-02,Extreme Edge,0.96,49.1,74.41,71.42,71.23,466.3,True,True,False,False,0,0.0,
630,Rev5,5,W022,AE-3200,CH-B,EXT-03,Extreme Edge,0.96,81.8,75.35,73.97,68.35,432.6,False,False,True,True,2,4.17,polymer_residue
631,Rev5,5,W022,AE-3200,CH-B,EXT-04,Extreme Edge,0.96,114.5,71.36,73.22,68.52,467.0,True,False,True,False,0,0.0,
632,Rev5,5,W022,AE-3200,CH-B,EXT-05,Extreme Edge,0.96,147.3,72.51,70.71,69.17,463.0,True,True,True,False,0,0.0,
633,Rev5,5,W022,AE-3200,CH-B,EXT-06,Extreme Edge,0.96,180.0,74.6,69.93,68.74,472.4,True,True,True,False,0,0.0,
634,Rev5,5,W022,AE-3200,CH-B,EXT-07,Extreme Edge,0.96,212.7,71.89,67.34,65.13,474.9,True,True,True,False,0,0.0,
635,Rev5,5,W022,AE-3200,CH-B,EXT-08,Extreme Edge,0.96,245.5,74.12,72.35,70.36,463.5,True,True,True,False,0,0.0,
636,Rev5,5,W022,AE-3200,CH-B,EXT-09,Extreme Edge,0.96,278.2,73.06,71.66,66.77,481.2,True,True,True,False,1,4.38,esc_temp_drift
637,Rev5,5,W022,AE-3200,CH-B,EXT-10,Extreme Edge,0.96,310.9,71.74,75.25,75.18,455.5,True,False,False,False,0,0.0,
638,Rev5,5,W022,AE-3200,CH-B,EXT-11,Extreme Edge,0.96,343.6,74.31,71.69,69.37,436.0,True,True,True,True,0,0.0,
639,Rev11,11,W023,PX-7500,CH-D,C1,Center,0.0,0.0,71.0,70.84,66.39,406.1,True,True,True,True,0,0.0,
640,Rev11,11,W023,PX-7500,CH-D,MID-01,Mid,0.52,30.0,72.01,72.43,67.12,405.7,True,True,True,True,0,0.0,
641,Rev11,11,W023,PX-7500,CH-D,MID-02,Mid,0.52,90.0,75.22,71.17,73.01,423.7,False,True,False,True,1,2.22,polymer_residue
642,Rev11,11,W023,PX-7500,CH-D,MID-03,Mid,0.52,150.0,74.47,70.91,69.36,426.1,True,True,True,True,1,2.93,polymer_residue
643,Rev11,11,W023,PX-7500,CH-D,MID-04,Mid,0.52,210.0,73.07,71.48,64.93,439.5,True,True,True,True,0,0.0,
644,Rev11,11,W023,PX-7500,CH-D,MID-05,Mid,0.52,270.0,70.39,67.19,67.66,404.7,True,True,True,True,0,0.0,
645,Rev11,11,W023,PX-7500,CH-D,MID-06,Mid,0.52,330.0,72.66,69.83,70.75,395.5,True,True,False,True,1,6.06,
646,Rev11,11,W023,PX-7500,CH-D,EDG-01,Edge,0.84,0.0,77.03,73.09,74.44,410.0,False,False,False,True,1,3.58,
647,Rev11,11,W023,PX-7500,CH-D,EDG-02,Edge,0.84,32.7,73.05,74.65,69.6,451.6,True,False,True,True,1,1.88,polymer_residue
648,Rev11,11,W023,PX-7500,CH-D,EDG-03,Edge,0.84,65.5,75.3,72.95,72.32,390.4,False,False,False,True,0,0.0,
649,Rev11,11,W023,PX-7500,CH-D,EDG-04,Edge,0.84,98.2,72.62,73.26,75.43,419.6,True,False,False,True,0,0.0,
650,Rev11,11,W023,PX-7500,CH-D,EDG-05,Edge,0.84,130.9,74.16,69.84,73.07,412.4,True,True,False,True,0,0.0,
651,Rev11,11,W023,PX-7500,CH-D,EDG-06,Edge,0.84,163.6,77.25,72.18,73.07,419.8,False,True,False,True,1,3.02,
652,Rev11,11,W023,PX-7500,CH-D,EDG-07,Edge,0.84,196.4,74.93,70.5,72.99,409.6,True,True,False,True,0,0.0,
653,Rev11,11,W023,PX-7500,CH-D,EDG-08,Edge,0.84,229.1,74.5,72.65,69.74,439.9,True,True,True,True,0,0.0,
654,Rev11,11,W023,PX-7500,CH-D,EDG-09,Edge,0.84,261.8,74.64,68.51,73.42,399.8,True,True,False,True,0,0.0,
655,Rev11,11,W023,PX-7500,CH-D,EDG-10,Edge,0.84,294.5,75.74,72.19,68.39,423.7,False,True,True,True,0,0.0,
656,Rev11,11,W023,PX-7500,CH-D,EDG-11,Edge,0.84,327.3,73.54,70.43,73.13,436.9,True,True,False,True,1,4.15,polymer_residue
657,Rev11,11,W023,PX-7500,CH-D,EXT-01,Extreme Edge,0.96,16.4,74.91,70.26,70.78,421.8,True,True,False,True,1,5.52,polymer_residue
658,Rev11,11,W023,PX-7500,CH-D,EXT-02,Extreme Edge,0.96,49.1,71.32,73.96,75.72,463.2,True,False,False,False,0,0.0,
659,Rev11,11,W023,PX-7500,CH-D,EXT-03,Extreme Edge,0.96,81.8,74.32,72.16,72.54,403.0,True,True,False,True,2,4.55,
660,Rev11,11,W023,PX-7500,CH-D,EXT-04,Extreme Edge,0.96,114.5,76.91,73.61,75.01,402.5,False,False,False,True,0,0.0,
661,Rev11,11,W023,PX-7500,CH-D,EXT-05,Extreme Edge,0.96,147.3,74.25,74.12,71.52,451.9,True,False,False,True,3,17.26,
662,Rev11,11,W023,PX-7500,CH-D,EXT-06,Extreme Edge,0.96,180.0,75.31,72.82,74.79,445.1,False,False,False,True,2,10.28,
663,Rev11,11,W023,PX-7500,CH-D,EXT-07,Extreme Edge,0.96,212.7,72.92,72.32,69.99,380.3,True,True,True,True,0,0.0,
664,Rev11,11,W023,PX-7500,CH-D,EXT-08,Extreme Edge,0.96,245.5,75.29,72.65,72.44,409.8,False,True,False,True,0,0.0,
665,Rev11,11,W023,PX-7500,CH-D,EXT-09,Extreme Edge,0.96,278.2,77.3,72.38,72.67,451.9,False,True,False,True,2,12.33,endpoint_late
666,Rev11,11,W023,PX-7500,CH-D,EXT-10,Extreme Edge,0.96,310.9,74.34,72.82,75.88,424.3,True,False,False,True,1,2.02,polymer_residue
667,Rev11,11,W023,PX-7500,CH-D,EXT-11,Extreme Edge,0.96,343.6,75.64,74.21,74.72,440.8,False,False,False,True,0,0.0,
668,Base,0,W024,AE-3200,CH-A,C1,Center,0.0,0.0,71.01,70.11,64.27,448.6,True,True,True,True,0,0.0,
669,Base,0,W024,AE-3200,CH-A,MID-01,Mid,0.52,30.0,71.94,70.92,66.22,415.2,True,True,True,True,1,4.59,
670,Base,0,W024,AE-3200,CH-A,MID-02,Mid,0.52,90.0,71.17,74.13,67.89,434.7,True,False,True,True,0,0.0,
671,Base,0,W024,AE-3200,CH-A,MID-03,Mid,0.52,150.0,71.38,72.47,72.67,382.0,True,True,False,True,0,0.0,
672,Base,0,W024,AE-3200,CH-A,MID-04,Mid,0.52,210.0,72.82,72.88,72.53,434.3,True,False,False,True,0,0.0,
673,Base,0,W024,AE-3200,CH-A,MID-05,Mid,0.52,270.0,74.56,72.32,67.16,431.8,True,True,True,True,1,3.63,arc_event
674,Base,0,W024,AE-3200,CH-A,MID-06,Mid,0.52,330.0,73.38,72.93,68.05,394.8,True,False,True,True,0,0.0,
675,Base,0,W024,AE-3200,CH-A,EDG-01,Edge,0.84,0.0,74.03,73.85,71.01,427.8,True,False,False,True,1,3.7,
676,Base,0,W024,AE-3200,CH-A,EDG-02,Edge,0.84,32.7,75.21,73.37,70.51,439.3,False,False,True,True,0,0.0,
677,Base,0,W024,AE-3200,CH-A,EDG-03,Edge,0.84,65.5,76.59,74.6,73.75,453.2,False,False,False,False,0,0.0,
678,Base,0,W024,AE-3200,CH-A,EDG-04,Edge,0.84,98.2,73.96,71.14,67.28,418.2,True,True,True,True,1,3.49,
679,Base,0,W024,AE-3200,CH-A,EDG-05,Edge,0.84,130.9,74.51,76.26,70.24,426.1,True,False,True,True,0,0.0,
680,Base,0,W024,AE-3200,CH-A,EDG-06,Edge,0.84,163.6,74.67,75.49,69.77,406.2,True,False,True,True,0,0.0,
681,Base,0,W024,AE-3200,CH-A,EDG-07,Edge,0.84,196.4,77.61,73.81,66.38,434.7,False,False,True,True,0,0.0,
682,Base,0,W024,AE-3200,CH-A,EDG-08,Edge,0.84,229.1,72.82,74.75,73.25,439.8,True,False,False,True,0,0.0,
683,Base,0,W024,AE-3200,CH-A,EDG-09,Edge,0.84,261.8,75.76,73.05,70.92,427.9,False,False,False,True,2,6.61,
684,Base,0,W024,AE-3200,CH-A,EDG-10,Edge,0.84,294.5,75.2,74.44,72.47,437.1,True,False,False,True,2,12.52,
685,Base,0,W024,AE-3200,CH-A,EDG-11,Edge,0.84,327.3,72.24,75.21,71.78,471.2,True,False,False,False,0,0.0,
686,Base,0,W024,AE-3200,CH-A,EXT-01,Extreme Edge,0.96,16.4,73.85,72.46,72.71,451.9,True,True,False,True,1,2.41,polymer_residue
687,Base,0,W024,AE-3200,CH-A,EXT-02,Extreme Edge,0.96,49.1,76.12,74.76,67.78,430.2,False,False,True,True,0,0.0,
688,Base,0,W024,AE-3200,CH-A,EXT-03,Extreme Edge,0.96,81.8,76.14,72.55,65.57,473.1,False,True,True,False,1,2.35,
689,Base,0,W024,AE-3200,CH-A,EXT-04,Extreme Edge,0.96,114.5,73.69,72.14,70.06,458.2,True,True,True,False,0,0.0,
690,Base,0,W024,AE-3200,CH-A,EXT-05,Extreme Edge,0.96,147.3,76.35,71.58,66.93,441.2,False,True,True,True,0,0.0,
691,Base,0,W024,AE-3200,CH-A,EXT-06,Extreme Edge,0.96,180.0,74.57,74.59,70.93,407.0,True,False,False,True,0,0.0,
692,Base,0,W024,AE-3200,CH-A,EXT-07,Extreme Edge,0.96,212.7,72.33,75.36,69.22,453.7,True,False,True,False,0,0.0,
693,Base,0,W024,AE-3200,CH-A,EXT-08,Extreme Edge,0.96,245.5,74.35,72.46,70.63,479.9,True,True,False,False,1,2.91,esc_temp_drift
694,Base,0,W024,AE-3200,CH-A,EXT-09,Extreme Edge,0.96,278.2,74.03,76.95,69.98,431.1,True,False,True,True,0,0.0,
695,Base,0,W024,AE-3200,CH-A,EXT-10,Extreme Edge,0.96,310.9,75.22,75.83,76.89,449.2,False,False,False,True,1,6.2,arc_event
696,Base,0,W024,AE-3200,CH-A,EXT-11,Extreme Edge,0.96,343.6,75.22,72.84,66.43,429.9,False,False,True,True,0,0.0,
697,Base,0,W025,AE-3200,CH-A,C1,Center,0.0,0.0,74.67,71.5,70.28,400.5,True,True,True,True,0,0.0,
698,Base,0,W025,AE-3200,CH-A,MID-01,Mid,0.52,30.0,75.0,73.01,67.76,414.5,True,False,True,True,0,0.0,
699,Base,0,W025,AE-3200,CH-A,MID-02,Mid,0.52,90.0,75.04,73.84,67.2,434.8,True,False,True,True,0,0.0,
700,Base,0,W025,AE-3200,CH-A,MID-03,Mid,0.52,150.0,75.04,72.0,63.98,423.1,True,True,True,True,0,0.0,
701,Base,0,W025,AE-3200,CH-A,MID-04,Mid,0.52,210.0,74.19,72.91,64.53,406.3,True,False,True,True,0,0.0,
702,Base,0,W025,AE-3200,CH-A,MID-05,Mid,0.52,270.0,75.04,72.4,62.92,404.8,True,True,True,True,0,0.0,
703,Base,0,W025,AE-3200,CH-A,MID-06,Mid,0.52,330.0,73.37,73.45,64.32,431.4,True,False,True,True,1,4.69,
704,Base,0,W025,AE-3200,CH-A,EDG-01,Edge,0.84,0.0,75.38,71.77,70.32,443.0,False,True,True,True,2,3.67,
705,Base,0,W025,AE-3200,CH-A,EDG-02,Edge,0.84,32.7,74.89,72.77,67.1,427.2,True,True,True,True,0,0.0,
706,Base,0,W025,AE-3200,CH-A,EDG-03,Edge,0.84,65.5,77.33,72.14,63.22,445.3,False,True,True,True,0,0.0,
707,Base,0,W025,AE-3200,CH-A,EDG-04,Edge,0.84,98.2,75.49,71.33,67.54,452.1,False,True,True,False,2,11.35,
708,Base,0,W025,AE-3200,CH-A,EDG-05,Edge,0.84,130.9,74.81,71.81,70.6,429.2,True,True,True,True,1,5.47,
709,Base,0,W025,AE-3200,CH-A,EDG-06,Edge,0.84,163.6,75.79,72.22,63.23,418.0,False,True,True,True,0,0.0,
710,Base,0,W025,AE-3200,CH-A,EDG-07,Edge,0.84,196.4,76.49,73.51,60.27,419.9,False,False,True,True,0,0.0,
711,Base,0,W025,AE-3200,CH-A,EDG-08,Edge,0.84,229.1,74.34,74.07,68.43,405.5,True,False,True,True,0,0.0,
712,Base,0,W025,AE-3200,CH-A,EDG-09,Edge,0.84,261.8,74.51,72.51,68.74,423.3,True,True,True,True,0,0.0,
713,Base,0,W025,AE-3200,CH-A,EDG-10,Edge,0.84,294.5,73.08,70.75,65.14,450.5,True,True,True,True,1,3.55,polymer_residue
714,Base,0,W025,AE-3200,CH-A,EDG-11,Edge,0.84,327.3,77.07,71.92,71.6,432.0,False,True,False,True,1,6.14,endpoint_late
715,Base,0,W025,AE-3200,CH-A,EXT-01,Extreme Edge,0.96,16.4,75.43,76.21,67.71,425.7,False,False,True,True,1,2.34,
716,Base,0,W025,AE-3200,CH-A,EXT-02,Extreme Edge,0.96,49.1,74.72,72.51,67.7,414.6,True,True,True,True,1,5.08,polymer_residue
717,Base,0,W025,AE-3200,CH-A,EXT-03,Extreme Edge,0.96,81.8,73.89,74.11,71.62,413.9,True,False,False,True,3,16.55,polymer_residue
718,Base,0,W025,AE-3200,CH-A,EXT-04,Extreme Edge,0.96,114.5,74.01,70.54,69.69,451.9,True,True,True,True,0,0.0,
719,Base,0,W025,AE-3200,CH-A,EXT-05,Extreme Edge,0.96,147.3,76.32,70.1,70.23,441.1,False,True,True,True,1,6.47,
720,Base,0,W025,AE-3200,CH-A,EXT-06,Extreme Edge,0.96,180.0,75.12,73.97,70.11,382.2,True,False,True,True,0,0.0,
721,Base,0,W025,AE-3200,CH-A,EXT-07,Extreme Edge,0.96,212.7,75.64,74.82,70.42,473.2,False,False,True,False,1,3.31,polymer_residue
722,Base,0,W025,AE-3200,CH-A,EXT-08,Extreme Edge,0.96,245.5,75.49,74.45,63.52,441.7,False,False,True,True,0,0.0,
723,Base,0,W025,AE-3200,CH-A,EXT-09,Extreme Edge,0.96,278.2,76.08,73.77,69.83,433.3,False,False,True,True,0,0.0,
724,Base,0,W025,AE-3200,CH-A,EXT-10,Extreme Edge,0.96,310.9,77.98,71.25,65.14,428.6,False,True,True,True,1,6.07,
725,Base,0,W025,AE-3200,CH-A,EXT-11,Extreme Edge,0.96,343.6,76.42,74.11,68.49,434.5,False,False,True,True,0,0.0,
726,Rev6,6,W026,PX-7500,CH-C,C1,Center,0.0,0.0,71.21,68.33,66.12,422.9,True,True,True,True,0,0.0,
727,Rev6,6,W026,PX-7500,CH-C,MID-01,Mid,0.52,30.0,71.82,70.58,61.75,451.9,True,True,True,True,0,0.0,
728,Rev6,6,W026,PX-7500,CH-C,MID-02,Mid,0.52,90.0,70.79,68.69,60.37,443.3,True,True,True,True,0,0.0,
729,Rev6,6,W026,PX-7500,CH-C,MID-03,Mid,0.52,150.0,71.67,69.14,62.79,400.8,True,True,True,True,1,5.58,
730,Rev6,6,W026,PX-7500,CH-C,MID-04,Mid,0.52,210.0,71.35,69.42,66.08,420.2,True,True,True,True,0,0.0,
731,Rev6,6,W026,PX-7500,CH-C,MID-05,Mid,0.52,270.0,73.43,69.53,64.59,417.8,True,True,True,True,0,0.0,
732,Rev6,6,W026,PX-7500,CH-C,MID-06,Mid,0.52,330.0,72.94,70.54,61.92,405.3,True,True,True,True,0,0.0,
733,Rev6,6,W026,PX-7500,CH-C,EDG-01,Edge,0.84,0.0,73.98,69.95,64.38,402.6,True,True,True,True,0,0.0,
734,Rev6,6,W026,PX-7500,CH-C,EDG-02,Edge,0.84,32.7,71.81,68.6,63.9,445.0,True,True,True,True,0,0.0,
735,Rev6,6,W026,PX-7500,CH-C,EDG-03,Edge,0.84,65.5,75.42,69.12,64.45,459.3,False,True,True,False,1,4.25,
736,Rev6,6,W026,PX-7500,CH-C,EDG-04,Edge,0.84,98.2,74.36,71.53,63.79,413.2,True,True,True,True,0,0.0,
737,Rev6,6,W026,PX-7500,CH-C,EDG-05,Edge,0.84,130.9,74.78,69.93,64.3,421.6,True,True,True,True,0,0.0,
738,Rev6,6,W026,PX-7500,CH-C,EDG-06,Edge,0.84,163.6,72.08,72.62,59.87,409.8,True,True,True,True,1,5.16,
739,Rev6,6,W026,PX-7500,CH-C,EDG-07,Edge,0.84,196.4,74.68,70.6,63.06,456.1,True,True,True,False,1,4.14,polymer_residue
740,Rev6,6,W026,PX-7500,CH-C,EDG-08,Edge,0.84,229.1,76.61,69.66,66.16,417.3,False,True,True,True,0,0.0,
741,Rev6,6,W026,PX-7500,CH-C,EDG-09,Edge,0.84,261.8,75.98,70.84,62.5,472.6,False,True,True,False,1,4.89,polymer_residue
742,Rev6,6,W026,PX-7500,CH-C,EDG-10,Edge,0.84,294.5,74.21,72.82,62.33,468.4,True,False,True,False,1,6.23,esc_temp_drift
743,Rev6,6,W026,PX-7500,CH-C,EDG-11,Edge,0.84,327.3,74.36,68.31,66.0,412.6,True,True,True,True,0,0.0,
744,Rev6,6,W026,PX-7500,CH-C,EXT-01,Extreme Edge,0.96,16.4,74.06,69.66,64.75,443.4,True,True,True,True,0,0.0,
745,Rev6,6,W026,PX-7500,CH-C,EXT-02,Extreme Edge,0.96,49.1,74.57,73.09,69.07,388.9,True,False,True,True,3,11.29,pressure_spike
746,Rev6,6,W026,PX-7500,CH-C,EXT-03,Extreme Edge,0.96,81.8,74.76,71.49,63.67,413.7,True,True,True,True,0,0.0,
747,Rev6,6,W026,PX-7500,CH-C,EXT-04,Extreme Edge,0.96,114.5,74.1,71.21,58.75,415.0,True,True,False,True,0,0.0,
748,Rev6,6,W026,PX-7500,CH-C,EXT-05,Extreme Edge,0.96,147.3,75.47,67.85,65.33,402.6,False,True,True,True,3,11.66,arc_event
749,Rev6,6,W026,PX-7500,CH-C,EXT-06,Extreme Edge,0.96,180.0,73.53,70.7,62.84,454.7,True,True,True,False,2,4.36,
750,Rev6,6,W026,PX-7500,CH-C,EXT-07,Extreme Edge,0.96,212.7,72.83,72.73,59.27,421.7,True,True,False,True,0,0.0,
751,Rev6,6,W026,PX-7500,CH-C,EXT-08,Extreme Edge,0.96,245.5,75.79,70.39,62.25,410.2,False,True,True,True,1,4.94,
752,Rev6,6,W026,PX-7500,CH-C,EXT-09,Extreme Edge,0.96,278.2,75.04,71.23,67.37,439.6,True,True,True,True,0,0.0,
753,Rev6,6,W026,PX-7500,CH-C,EXT-10,Extreme Edge,0.96,310.9,74.92,69.75,64.41,463.9,True,True,True,False,1,2.62,
754,Rev6,6,W026,PX-7500,CH-C,EXT-11,Extreme Edge,0.96,343.6,72.42,68.48,62.18,432.8,True,True,True,True,2,11.63,
755,Rev10,10,W027,PX-7500,CH-C,C1,Center,0.0,0.0,72.61,68.28,63.58,390.3,True,True,True,True,0,0.0,
756,Rev10,10,W027,PX-7500,CH-C,MID-01,Mid,0.52,30.0,70.12,67.73,58.89,401.8,True,True,False,True,0,0.0,
757,Rev10,10,W027,PX-7500,CH-C,MID-02,Mid,0.52,90.0,75.27,66.44,66.64,339.1,False,True,True,False,0,0.0,
758,Rev10,10,W027,PX-7500,CH-C,MID-03,Mid,0.52,150.0,75.34,67.84,65.28,364.5,False,True,True,False,0,0.0,
759,Rev10,10,W027,PX-7500,CH-C,MID-04,Mid,0.52,210.0,74.16,67.06,61.99,361.1,True,True,True,False,0,0.0,
760,Rev10,10,W027,PX-7500,CH-C,MID-05,Mid,0.52,270.0,70.3,66.81,63.54,389.2,True,True,True,True,0,0.0,
761,Rev10,10,W027,PX-7500,CH-C,MID-06,Mid,0.52,330.0,72.43,67.98,64.6,366.3,True,True,True,False,1,5.03,
762,Rev10,10,W027,PX-7500,CH-C,EDG-01,Edge,0.84,0.0,75.54,67.97,69.58,370.3,False,True,True,False,1,4.68,
763,Rev10,10,W027,PX-7500,CH-C,EDG-02,Edge,0.84,32.7,74.93,69.03,63.72,387.2,True,True,True,True,0,0.0,
764,Rev10,10,W027,PX-7500,CH-C,EDG-03,Edge,0.84,65.5,75.37,70.69,63.34,367.7,False,True,True,False,0,0.0,
765,Rev10,10,W027,PX-7500,CH-C,EDG-04,Edge,0.84,98.2,75.75,72.07,65.33,359.0,False,True,True,False,1,2.07,
766,Rev10,10,W027,PX-7500,CH-C,EDG-05,Edge,0.84,130.9,74.56,67.82,68.26,397.3,True,True,True,True,0,0.0,
767,Rev10,10,W027,PX-7500,CH-C,EDG-06,Edge,0.84,163.6,72.7,71.28,67.83,379.6,True,True,True,True,0,0.0,
768,Rev10,10,W027,PX-7500,CH-C,EDG-07,Edge,0.84,196.4,74.26,65.56,69.56,381.2,True,False,True,True,1,5.97,polymer_residue
769,Rev10,10,W027,PX-7500,CH-C,EDG-08,Edge,0.84,229.1,76.22,70.03,71.49,438.1,False,True,False,True,1,5.3,polymer_residue
770,Rev10,10,W027,PX-7500,CH-C,EDG-09,Edge,0.84,261.8,75.11,71.06,73.62,390.1,True,True,False,True,2,8.17,polymer_residue
771,Rev10,10,W027,PX-7500,CH-C,EDG-10,Edge,0.84,294.5,72.48,66.01,66.3,395.3,True,True,True,True,0,0.0,
772,Rev10,10,W027,PX-7500,CH-C,EDG-11,Edge,0.84,327.3,74.27,69.8,68.04,381.1,True,True,True,True,0,0.0,
773,Rev10,10,W027,PX-7500,CH-C,EXT-01,Extreme Edge,0.96,16.4,74.17,70.12,64.91,392.8,True,True,True,True,2,10.77,esc_temp_drift
774,Rev10,10,W027,PX-7500,CH-C,EXT-02,Extreme Edge,0.96,49.1,74.82,71.24,65.09,396.4,True,True,True,True,0,0.0,
775,Rev10,10,W027,PX-7500,CH-C,EXT-03,Extreme Edge,0.96,81.8,75.64,73.15,66.15,408.1,False,False,True,True,1,3.8,
776,Rev10,10,W027,PX-7500,CH-C,EXT-04,Extreme Edge,0.96,114.5,74.89,68.75,68.99,380.8,True,True,True,True,0,0.0,
777,Rev10,10,W027,PX-7500,CH-C,EXT-05,Extreme Edge,0.96,147.3,73.49,70.23,66.21,421.1,True,True,True,True,1,2.69,
778,Rev10,10,W027,PX-7500,CH-C,EXT-06,Extreme Edge,0.96,180.0,76.96,72.17,70.82,422.7,False,True,False,True,0,0.0,
779,Rev10,10,W027,PX-7500,CH-C,EXT-07,Extreme Edge,0.96,212.7,74.19,69.65,66.65,413.7,True,True,True,True,1,4.49,
780,Rev10,10,W027,PX-7500,CH-C,EXT-08,Extreme Edge,0.96,245.5,77.13,71.45,70.16,400.7,False,True,True,True,0,0.0,
781,Rev10,10,W027,PX-7500,CH-C,EXT-09,Extreme Edge,0.96,278.2,76.22,72.24,63.1,385.2,False,True,True,True,1,3.88,pressure_spike
782,Rev10,10,W027,PX-7500,CH-C,EXT-10,Extreme Edge,0.96,310.9,74.91,68.78,71.21,384.2,True,True,False,True,1,6.06,
783,Rev10,10,W027,PX-7500,CH-C,EXT-11,Extreme Edge,0.96,343.6,75.34,69.52,68.89,376.1,False,True,True,True,1,6.41,pressure_spike
784,Rev2,2,W028,PX-7500,CH-C,C1,Center,0.0,0.0,73.87,71.32,62.81,411.4,True,True,True,True,0,0.0,
785,Rev2,2,W028,PX-7500,CH-C,MID-01,Mid,0.52,30.0,73.98,68.13,66.02,401.8,True,True,True,True,0,0.0,
786,Rev2,2,W028,PX-7500,CH-C,MID-02,Mid,0.52,90.0,71.91,68.88,63.53,387.9,True,True,True,True,0,0.0,
787,Rev2,2,W028,PX-7500,CH-C,MID-03,Mid,0.52,150.0,72.76,71.45,66.73,426.3,True,True,True,True,1,2.3,arc_event
788,Rev2,2,W028,PX-7500,CH-C,MID-04,Mid,0.52,210.0,73.08,70.9,67.15,418.3,True,True,True,True,0,0.0,
789,Rev2,2,W028,PX-7500,CH-C,MID-05,Mid,0.52,270.0,71.14,73.51,68.37,446.5,True,False,True,True,0,0.0,
790,Rev2,2,W028,PX-7500,CH-C,MID-06,Mid,0.52,330.0,72.93,70.73,58.69,473.0,True,True,False,False,1,4.49,esc_temp_drift
791,Rev2,2,W028,PX-7500,CH-C,EDG-01,Edge,0.84,0.0,76.3,75.74,64.25,410.5,False,False,True,True,0,0.0,
792,Rev2,2,W028,PX-7500,CH-C,EDG-02,Edge,0.84,32.7,74.74,70.99,66.1,458.6,True,True,True,False,1,3.01,polymer_residue
793,Rev2,2,W028,PX-7500,CH-C,EDG-03,Edge,0.84,65.5,73.2,69.97,67.02,446.0,True,True,True,True,0,0.0,
794,Rev2,2,W028,PX-7500,CH-C,EDG-04,Edge,0.84,98.2,73.88,74.39,71.42,427.2,True,False,False,True,0,0.0,
795,Rev2,2,W028,PX-7500,CH-C,EDG-05,Edge,0.84,130.9,71.1,71.87,69.12,415.5,True,True,True,True,0,0.0,
796,Rev2,2,W028,PX-7500,CH-C,EDG-06,Edge,0.84,163.6,72.52,70.22,69.33,438.8,True,True,True,True,0,0.0,
797,Rev2,2,W028,PX-7500,CH-C,EDG-07,Edge,0.84,196.4,74.45,70.74,66.82,412.2,True,True,True,True,0,0.0,
798,Rev2,2,W028,PX-7500,CH-C,EDG-08,Edge,0.84,229.1,73.84,74.71,68.5,469.4,True,False,True,False,0,0.0,
799,Rev2,2,W028,PX-7500,CH-C,EDG-09,Edge,0.84,261.8,72.83,70.12,67.65,440.9,True,True,True,True,0,0.0,
800,Rev2,2,W028,PX-7500,CH-C,EDG-10,Edge,0.84,294.5,75.06,71.32,68.2,436.5,True,True,True,True,0,0.0,
801,Rev2,2,W028,PX-7500,CH-C,EDG-11,Edge,0.84,327.3,73.52,72.7,67.6,451.8,True,True,True,True,4,18.38,esc_temp_drift
802,Rev2,2,W028,PX-7500,CH-C,EXT-01,Extreme Edge,0.96,16.4,74.51,74.58,71.43,493.5,True,False,False,False,1,6.08,
803,Rev2,2,W028,PX-7500,CH-C,EXT-02,Extreme Edge,0.96,49.1,73.85,73.49,64.22,448.1,True,False,True,True,1,6.08,arc_event
804,Rev2,2,W028,PX-7500,CH-C,EXT-03,Extreme Edge,0.96,81.8,76.97,71.55,65.02,409.2,False,True,True,True,0,0.0,
805,Rev2,2,W028,PX-7500,CH-C,EXT-04,Extreme Edge,0.96,114.5,75.7,73.64,68.46,466.4,False,False,True,False,2,4.3,
806,Rev2,2,W028,PX-7500,CH-C,EXT-05,Extreme Edge,0.96,147.3,75.03,77.16,69.32,426.7,True,False,True,True,1,4.52,
807,Rev2,2,W028,PX-7500,CH-C,EXT-06,Extreme Edge,0.96,180.0,73.9,72.56,68.58,428.2,True,True,True,True,0,0.0,
808,Rev2,2,W028,PX-7500,CH-C,EXT-07,Extreme Edge,0.96,212.7,75.27,72.77,73.86,461.0,False,True,False,False,1,5.55,pressure_spike
809,Rev2,2,W028,PX-7500,CH-C,EXT-08,Extreme Edge,0.96,245.5,77.04,72.88,73.85,474.7,False,False,False,False,1,3.42,polymer_residue
810,Rev2,2,W028,PX-7500,CH-C,EXT-09,Extreme Edge,0.96,278.2,75.2,72.35,66.01,433.6,True,True,True,True,0,0.0,
811,Rev2,2,W028,PX-7500,CH-C,EXT-10,Extreme Edge,0.96,310.9,75.32,70.37,70.71,456.3,False,True,False,False,1,5.17,esc_temp_drift
812,Rev2,2,W028,PX-7500,CH-C,EXT-11,Extreme Edge,0.96,343.6,74.06,70.08,71.61,437.1,True,True,False,True,1,5.07,polymer_residue
813,Rev9,9,W029,AE-3200,CH-B,C1,Center,0.0,0.0,72.86,70.2,59.51,369.5,True,True,True,False,0,0.0,
814,Rev9,9,W029,AE-3200,CH-B,MID-01,Mid,0.52,30.0,71.58,71.1,68.73,427.9,True,True,True,True,2,11.65,
815,Rev9,9,W029,AE-3200,CH-B,MID-02,Mid,0.52,90.0,74.32,68.77,63.2,354.9,True,True,True,False,0,0.0,
816,Rev9,9,W029,AE-3200,CH-B,MID-03,Mid,0.52,150.0,71.65,68.87,64.65,394.9,True,True,True,True,0,0.0,
817,Rev9,9,W029,AE-3200,CH-B,MID-04,Mid,0.52,210.0,71.22,67.82,63.22,433.1,True,True,True,True,0,0.0,
818,Rev9,9,W029,AE-3200,CH-B,MID-05,Mid,0.52,270.0,73.25,68.51,64.67,414.9,True,True,True,True,0,0.0,
819,Rev9,9,W029,AE-3200,CH-B,MID-06,Mid,0.52,330.0,74.24,68.24,67.54,426.1,True,True,True,True,0,0.0,
820,Rev9,9,W029,AE-3200,CH-B,EDG-01,Edge,0.84,0.0,73.25,72.83,65.13,411.1,True,False,True,True,1,2.18,
821,Rev9,9,W029,AE-3200,CH-B,EDG-02,Edge,0.84,32.7,75.56,70.77,70.05,415.1,False,True,True,True,0,0.0,
822,Rev9,9,W029,AE-3200,CH-B,EDG-03,Edge,0.84,65.5,73.26,68.41,67.44,420.8,True,True,True,True,0,0.0,
823,Rev9,9,W029,AE-3200,CH-B,EDG-04,Edge,0.84,98.2,76.24,68.18,64.56,369.4,False,True,True,False,1,2.12,polymer_residue
824,Rev9,9,W029,AE-3200,CH-B,EDG-05,Edge,0.84,130.9,74.31,68.53,64.97,381.4,True,True,True,True,0,0.0,
825,Rev9,9,W029,AE-3200,CH-B,EDG-06,Edge,0.84,163.6,73.98,73.32,69.34,357.4,True,False,True,False,0,0.0,
826,Rev9,9,W029,AE-3200,CH-B,EDG-07,Edge,0.84,196.4,74.09,72.87,66.01,411.6,True,False,True,True,1,4.59,
827,Rev9,9,W029,AE-3200,CH-B,EDG-08,Edge,0.84,229.1,73.22,66.93,65.79,364.0,True,True,True,False,1,4.32,
828,Rev9,9,W029,AE-3200,CH-B,EDG-09,Edge,0.84,261.8,74.34,68.15,66.16,421.4,True,True,True,True,0,0.0,
829,Rev9,9,W029,AE-3200,CH-B,EDG-10,Edge,0.84,294.5,76.37,72.43,61.21,374.1,False,True,True,False,1,4.09,arc_event
830,Rev9,9,W029,AE-3200,CH-B,EDG-11,Edge,0.84,327.3,74.41,70.25,68.02,406.4,True,True,True,True,1,3.88,
831,Rev9,9,W029,AE-3200,CH-B,EXT-01,Extreme Edge,0.96,16.4,75.67,69.98,62.58,403.9,False,True,True,True,1,2.23,
832,Rev9,9,W029,AE-3200,CH-B,EXT-02,Extreme Edge,0.96,49.1,76.76,72.02,70.42,432.4,False,True,True,True,0,0.0,
833,Rev9,9,W029,AE-3200,CH-B,EXT-03,Extreme Edge,0.96,81.8,76.4,69.81,68.13,371.0,False,True,True,False,2,3.82,
834,Rev9,9,W029,AE-3200,CH-B,EXT-04,Extreme Edge,0.96,114.5,74.64,71.85,66.73,342.2,True,True,True,False,1,1.89,polymer_residue
835,Rev9,9,W029,AE-3200,CH-B,EXT-05,Extreme Edge,0.96,147.3,75.81,70.36,68.25,365.8,False,True,True,False,2,10.86,polymer_residue
836,Rev9,9,W029,AE-3200,CH-B,EXT-06,Extreme Edge,0.96,180.0,73.5,70.23,69.58,402.2,True,True,True,True,0,0.0,
837,Rev9,9,W029,AE-3200,CH-B,EXT-07,Extreme Edge,0.96,212.7,75.96,70.74,62.1,405.7,False,True,True,True,1,5.26,
838,Rev9,9,W029,AE-3200,CH-B,EXT-08,Extreme Edge,0.96,245.5,74.92,67.25,72.5,369.0,True,True,False,False,2,5.36,endpoint_late
839,Rev9,9,W029,AE-3200,CH-B,EXT-09,Extreme Edge,0.96,278.2,74.62,71.39,71.53,418.4,True,True,False,True,0,0.0,
840,Rev9,9,W029,AE-3200,CH-B,EXT-10,Extreme Edge,0.96,310.9,74.76,72.43,63.41,424.3,True,True,True,True,0,0.0,
841,Rev9,9,W029,AE-3200,CH-B,EXT-11,Extreme Edge,0.96,343.6,73.68,70.04,65.79,380.3,True,True,True,True,0,0.0,
842,Rev8,8,W030,AE-3200,CH-A,C1,Center,0.0,0.0,73.07,70.17,64.41,432.6,True,True,True,True,0,0.0,
843,Rev8,8,W030,AE-3200,CH-A,MID-01,Mid,0.52,30.0,76.02,71.17,64.84,401.9,False,True,True,True,0,0.0,
844,Rev8,8,W030,AE-3200,CH-A,MID-02,Mid,0.52,90.0,73.78,75.22,65.82,442.6,True,False,True,True,1,5.35,arc_event
845,Rev8,8,W030,AE-3200,CH-A,MID-03,Mid,0.52,150.0,74.62,71.22,58.71,438.0,True,True,False,True,0,0.0,
846,Rev8,8,W030,AE-3200,CH-A,MID-04,Mid,0.52,210.0,76.14,72.0,63.57,394.0,False,True,True,True,1,2.23,
847,Rev8,8,W030,AE-3200,CH-A,MID-05,Mid,0.52,270.0,70.56,71.01,64.1,432.3,True,True,True,True,1,2.13,
848,Rev8,8,W030,AE-3200,CH-A,MID-06,Mid,0.52,330.0,74.8,72.37,60.69,425.1,True,True,True,True,0,0.0,
849,Rev8,8,W030,AE-3200,CH-A,EDG-01,Edge,0.84,0.0,76.68,70.93,69.83,401.6,False,True,True,True,0,0.0,
850,Rev8,8,W030,AE-3200,CH-A,EDG-02,Edge,0.84,32.7,74.4,73.73,67.74,448.1,True,False,True,True,0,0.0,
851,Rev8,8,W030,AE-3200,CH-A,EDG-03,Edge,0.84,65.5,77.26,73.19,62.68,444.4,False,False,True,True,0,0.0,
852,Rev8,8,W030,AE-3200,CH-A,EDG-04,Edge,0.84,98.2,76.49,72.5,68.02,427.4,False,True,True,True,0,0.0,
853,Rev8,8,W030,AE-3200,CH-A,EDG-05,Edge,0.84,130.9,77.7,70.88,68.96,456.5,False,True,True,False,0,0.0,
854,Rev8,8,W030,AE-3200,CH-A,EDG-06,Edge,0.84,163.6,73.95,72.95,64.14,441.6,True,False,True,True,0,0.0,
855,Rev8,8,W030,AE-3200,CH-A,EDG-07,Edge,0.84,196.4,75.66,73.42,71.25,462.6,False,False,False,False,0,0.0,
856,Rev8,8,W030,AE-3200,CH-A,EDG-08,Edge,0.84,229.1,76.38,72.59,62.17,428.1,False,True,True,True,0,0.0,
857,Rev8,8,W030,AE-3200,CH-A,EDG-09,Edge,0.84,261.8,73.1,71.16,68.52,430.6,True,True,True,True,0,0.0,
858,Rev8,8,W030,AE-3200,CH-A,EDG-10,Edge,0.84,294.5,75.88,72.74,65.13,440.7,False,True,True,True,0,0.0,
859,Rev8,8,W030,AE-3200,CH-A,EDG-11,Edge,0.84,327.3,74.9,76.72,66.0,425.3,True,False,True,True,0,0.0,
860,Rev8,8,W030,AE-3200,CH-A,EXT-01,Extreme Edge,0.96,16.4,74.65,76.14,67.06,448.8,True,False,True,True,0,0.0,
861,Rev8,8,W030,AE-3200,CH-A,EXT-02,Extreme Edge,0.96,49.1,76.14,71.43,70.31,442.0,False,True,True,True,1,5.08,polymer_residue
862,Rev8,8,W030,AE-3200,CH-A,EXT-03,Extreme Edge,0.96,81.8,74.54,74.24,64.48,419.9,True,False,True,True,1,3.84,
863,Rev8,8,W030,AE-3200,CH-A,EXT-04,Extreme Edge,0.96,114.5,74.87,72.75,64.82,388.7,True,True,True,True,1,3.36,
864,Rev8,8,W030,AE-3200,CH-A,EXT-05,Extreme Edge,0.96,147.3,75.53,71.36,69.67,409.2,False,True,True,True,0,0.0,
865,Rev8,8,W030,AE-3200,CH-A,EXT-06,Extreme Edge,0.96,180.0,74.82,77.07,67.78,437.3,True,False,True,True,0,0.0,
866,Rev8,8,W030,AE-3200,CH-A,EXT-07,Extreme Edge,0.96,212.7,75.06,69.2,68.21,429.7,True,True,True,True,0,0.0,
867,Rev8,8,W030,AE-3200,CH-A,EXT-08,Extreme Edge,0.96,245.5,78.68,71.28,69.95,447.5,False,True,True,True,0,0.0,
868,Rev8,8,W030,AE-3200,CH-A,EXT-09,Extreme Edge,0.96,278.2,77.0,73.9,67.5,431.9,False,False,True,True,2,10.94,polymer_residue
869,Rev8,8,W030,AE-3200,CH-A,EXT-10,Extreme Edge,0.96,310.9,77.7,72.72,62.76,426.8,False,True,True,True,1,5.94,pressure_spike
870,Rev8,8,W030,AE-3200,CH-A,EXT-11,Extreme Edge,0.96,343.6,75.37,74.93,65.97,439.5,False,False,True,True,0,0.0,
871,Rev6,6,W031,PX-7500,CH-C,C1,Center,0.0,0.0,72.22,67.36,62.77,397.6,True,True,True,True,0,0.0,
872,Rev6,6,W031,PX-7500,CH-C,MID-01,Mid,0.52,30.0,70.65,70.43,58.05,395.0,True,True,False,True,0,0.0,
873,Rev6,6,W031,PX-7500,CH-C,MID-02,Mid,0.52,90.0,72.5,67.97,65.28,401.4,True,True,True,True,0,0.0,
874,Rev6,6,W031,PX-7500,CH-C,MID-03,Mid,0.52,150.0,70.22,68.25,66.68,405.5,True,True,True,True,0,0.0,
875,Rev6,6,W031,PX-7500,CH-C,MID-04,Mid,0.52,210.0,73.07,71.76,61.8,442.4,True,True,True,True,0,0.0,
876,Rev6,6,W031,PX-7500,CH-C,MID-05,Mid,0.52,270.0,74.74,69.39,62.12,417.1,True,True,True,True,0,0.0,
877,Rev6,6,W031,PX-7500,CH-C,MID-06,Mid,0.52,330.0,72.13,70.14,60.45,423.8,True,True,True,True,0,0.0,
878,Rev6,6,W031,PX-7500,CH-C,EDG-01,Edge,0.84,0.0,73.27,73.41,65.85,410.9,True,False,True,True,2,4.46,
879,Rev6,6,W031,PX-7500,CH-C,EDG-02,Edge,0.84,32.7,73.44,71.1,69.43,420.7,True,True,True,True,1,5.01,
880,Rev6,6,W031,PX-7500,CH-C,EDG-03,Edge,0.84,65.5,73.35,70.67,67.08,404.8,True,True,True,True,2,12.07,polymer_residue
881,Rev6,6,W031,PX-7500,CH-C,EDG-04,Edge,0.84,98.2,72.71,70.35,62.94,418.7,True,True,True,True,2,11.04,
882,Rev6,6,W031,PX-7500,CH-C,EDG-05,Edge,0.84,130.9,72.08,69.63,65.76,420.6,True,True,True,True,0,0.0,
883,Rev6,6,W031,PX-7500,CH-C,EDG-06,Edge,0.84,163.6,73.82,73.42,64.42,430.1,True,False,True,True,0,0.0,
884,Rev6,6,W031,PX-7500,CH-C,EDG-07,Edge,0.84,196.4,71.96,72.8,58.66,433.1,True,True,False,True,0,0.0,
885,Rev6,6,W031,PX-7500,CH-C,EDG-08,Edge,0.84,229.1,70.72,71.08,64.33,454.5,True,True,True,False,1,6.27,
886,Rev6,6,W031,PX-7500,CH-C,EDG-09,Edge,0.84,261.8,71.21,71.15,67.35,455.5,True,True,True,False,0,0.0,
887,Rev6,6,W031,PX-7500,CH-C,EDG-10,Edge,0.84,294.5,73.34,72.71,63.23,479.6,True,True,True,False,1,6.05,
888,Rev6,6,W031,PX-7500,CH-C,EDG-11,Edge,0.84,327.3,73.71,69.13,62.77,420.6,True,True,True,True,0,0.0,
889,Rev6,6,W031,PX-7500,CH-C,EXT-01,Extreme Edge,0.96,16.4,74.81,71.2,62.56,409.6,True,True,True,True,0,0.0,
890,Rev6,6,W031,PX-7500,CH-C,EXT-02,Extreme Edge,0.96,49.1,72.8,72.63,61.97,407.9,True,True,True,True,2,11.16,
891,Rev6,6,W031,PX-7500,CH-C,EXT-03,Extreme Edge,0.96,81.8,72.73,70.94,66.68,444.2,True,True,True,True,0,0.0,
892,Rev6,6,W031,PX-7500,CH-C,EXT-04,Extreme Edge,0.96,114.5,71.87,75.19,65.97,451.6,True,False,True,True,1,5.68,esc_temp_drift
893,Rev6,6,W031,PX-7500,CH-C,EXT-05,Extreme Edge,0.96,147.3,73.47,74.42,64.68,454.0,True,False,True,False,2,9.39,
894,Rev6,6,W031,PX-7500,CH-C,EXT-06,Extreme Edge,0.96,180.0,74.77,70.35,69.08,486.9,True,True,True,False,1,4.1,pressure_spike
895,Rev6,6,W031,PX-7500,CH-C,EXT-07,Extreme Edge,0.96,212.7,73.89,71.01,65.51,479.9,True,True,True,False,0,0.0,
896,Rev6,6,W031,PX-7500,CH-C,EXT-08,Extreme Edge,0.96,245.5,72.83,71.43,66.68,416.8,True,True,True,True,1,4.63,polymer_residue
897,Rev6,6,W031,PX-7500,CH-C,EXT-09,Extreme Edge,0.96,278.2,73.94,69.64,69.02,458.3,True,True,True,False,0,0.0,
898,Rev6,6,W031,PX-7500,CH-C,EXT-10,Extreme Edge,0.96,310.9,76.06,71.96,66.88,437.9,False,True,True,True,1,5.55,
899,Rev6,6,W031,PX-7500,CH-C,EXT-11,Extreme Edge,0.96,343.6,71.97,70.31,70.58,407.9,True,True,True,True,0,0.0,
900,Rev8,8,W032,AE-3200,CH-A,C1,Center,0.0,0.0,69.64,69.51,63.43,414.7,True,True,True,True,0,0.0,
901,Rev8,8,W032,AE-3200,CH-A,MID-01,Mid,0.52,30.0,74.68,71.56,61.67,441.1,True,True,True,True,0,0.0,
902,Rev8,8,W032,AE-3200,CH-A,MID-02,Mid,0.52,90.0,76.82,73.15,57.36,394.2,False,False,False,True,0,0.0,
903,Rev8,8,W032,AE-3200,CH-A,MID-03,Mid,0.52,150.0,72.68,70.05,62.18,424.5,True,True,True,True,0,0.0,
904,Rev8,8,W032,AE-3200,CH-A,MID-04,Mid,0.52,210.0,73.23,71.17,61.77,411.8,True,True,True,True,0,0.0,
905,Rev8,8,W032,AE-3200,CH-A,MID-05,Mid,0.52,270.0,74.23,71.23,66.61,409.7,True,True,True,True,0,0.0,
906,Rev8,8,W032,AE-3200,CH-A,MID-06,Mid,0.52,330.0,72.84,69.71,65.78,417.3,True,True,True,True,0,0.0,
907,Rev8,8,W032,AE-3200,CH-A,EDG-01,Edge,0.84,0.0,73.29,71.75,63.32,432.2,True,True,True,True,0,0.0,
908,Rev8,8,W032,AE-3200,CH-A,EDG-02,Edge,0.84,32.7,76.27,71.45,63.59,445.8,False,True,True,True,1,1.88,
909,Rev8,8,W032,AE-3200,CH-A,EDG-03,Edge,0.84,65.5,74.79,73.8,60.52,420.2,True,False,True,True,2,8.36,pressure_spike
910,Rev8,8,W032,AE-3200,CH-A,EDG-04,Edge,0.84,98.2,75.0,72.85,62.77,408.9,True,False,True,True,0,0.0,
911,Rev8,8,W032,AE-3200,CH-A,EDG-05,Edge,0.84,130.9,74.12,72.82,64.98,414.1,True,False,True,True,0,0.0,
912,Rev8,8,W032,AE-3200,CH-A,EDG-06,Edge,0.84,163.6,76.2,74.69,71.92,417.5,False,False,False,True,2,9.4,
913,Rev8,8,W032,AE-3200,CH-A,EDG-07,Edge,0.84,196.4,76.09,71.99,65.11,422.0,False,True,True,True,1,5.96,arc_event
914,Rev8,8,W032,AE-3200,CH-A,EDG-08,Edge,0.84,229.1,76.17,71.58,67.04,419.9,False,True,True,True,1,2.24,
915,Rev8,8,W032,AE-3200,CH-A,EDG-09,Edge,0.84,261.8,75.93,70.85,68.54,427.3,False,True,True,True,1,1.94,
916,Rev8,8,W032,AE-3200,CH-A,EDG-10,Edge,0.84,294.5,74.7,71.2,66.96,429.4,True,True,True,True,0,0.0,
917,Rev8,8,W032,AE-3200,CH-A,EDG-11,Edge,0.84,327.3,73.93,69.8,61.23,402.8,True,True,True,True,0,0.0,
918,Rev8,8,W032,AE-3200,CH-A,EXT-01,Extreme Edge,0.96,16.4,75.85,73.97,65.2,451.1,False,False,True,True,2,5.92,
919,Rev8,8,W032,AE-3200,CH-A,EXT-02,Extreme Edge,0.96,49.1,76.74,73.75,62.75,459.9,False,False,True,False,0,0.0,
920,Rev8,8,W032,AE-3200,CH-A,EXT-03,Extreme Edge,0.96,81.8,75.7,70.76,66.31,413.4,False,True,True,True,0,0.0,
921,Rev8,8,W032,AE-3200,CH-A,EXT-04,Extreme Edge,0.96,114.5,77.61,72.34,70.71,430.3,False,True,False,True,1,4.8,
922,Rev8,8,W032,AE-3200,CH-A,EXT-05,Extreme Edge,0.96,147.3,75.89,72.21,69.54,445.9,False,True,True,True,0,0.0,
923,Rev8,8,W032,AE-3200,CH-A,EXT-06,Extreme Edge,0.96,180.0,74.41,68.66,66.39,459.6,True,True,True,False,2,11.04,
924,Rev8,8,W032,AE-3200,CH-A,EXT-07,Extreme Edge,0.96,212.7,78.31,75.71,66.34,433.9,False,False,True,True,1,2.67,
925,Rev8,8,W032,AE-3200,CH-A,EXT-08,Extreme Edge,0.96,245.5,75.48,71.17,55.94,405.7,False,True,False,True,0,0.0,
926,Rev8,8,W032,AE-3200,CH-A,EXT-09,Extreme Edge,0.96,278.2,74.48,69.98,64.51,434.4,True,True,True,True,0,0.0,
927,Rev8,8,W032,AE-3200,CH-A,EXT-10,Extreme Edge,0.96,310.9,73.63,72.16,65.17,414.4,True,True,True,True,0,0.0,
928,Rev8,8,W032,AE-3200,CH-A,EXT-11,Extreme Edge,0.96,343.6,75.22,71.74,67.19,433.0,False,True,True,True,0,0.0,
929,Rev6,6,W033,PX-7500,CH-C,C1,Center,0.0,0.0,69.96,69.46,63.11,408.0,True,True,True,True,0,0.0,
930,Rev6,6,W033,PX-7500,CH-C,MID-01,Mid,0.52,30.0,73.7,68.31,61.67,411.8,True,True,True,True,0,0.0,
931,Rev6,6,W033,PX-7500,CH-C,MID-02,Mid,0.52,90.0,71.63,71.38,56.4,382.1,True,True,False,True,1,5.28,
932,Rev6,6,W033,PX-7500,CH-C,MID-03,Mid,0.52,150.0,70.47,66.12,61.97,440.9,True,True,True,True,0,0.0,
933,Rev6,6,W033,PX-7500,CH-C,MID-04,Mid,0.52,210.0,71.78,66.8,60.54,401.8,True,True,True,True,0,0.0,
934,Rev6,6,W033,PX-7500,CH-C,MID-05,Mid,0.52,270.0,72.01,68.67,66.45,443.7,True,True,True,True,0,0.0,
935,Rev6,6,W033,PX-7500,CH-C,MID-06,Mid,0.52,330.0,71.87,68.05,64.12,377.6,True,True,True,True,1,4.34,polymer_residue
936,Rev6,6,W033,PX-7500,CH-C,EDG-01,Edge,0.84,0.0,72.63,69.72,66.77,449.8,True,True,True,True,0,0.0,
937,Rev6,6,W033,PX-7500,CH-C,EDG-02,Edge,0.84,32.7,72.82,69.33,61.83,440.1,True,True,True,True,1,2.33,polymer_residue
938,Rev6,6,W033,PX-7500,CH-C,EDG-03,Edge,0.84,65.5,73.04,72.17,63.14,415.1,True,True,True,True,0,0.0,
939,Rev6,6,W033,PX-7500,CH-C,EDG-04,Edge,0.84,98.2,74.65,70.75,59.59,428.4,True,True,True,True,0,0.0,
940,Rev6,6,W033,PX-7500,CH-C,EDG-05,Edge,0.84,130.9,72.43,72.0,66.9,427.0,True,True,True,True,0,0.0,
941,Rev6,6,W033,PX-7500,CH-C,EDG-06,Edge,0.84,163.6,72.93,69.07,67.71,421.6,True,True,True,True,0,0.0,
942,Rev6,6,W033,PX-7500,CH-C,EDG-07,Edge,0.84,196.4,72.2,68.77,67.3,427.7,True,True,True,True,0,0.0,
943,Rev6,6,W033,PX-7500,CH-C,EDG-08,Edge,0.84,229.1,72.33,73.54,66.41,397.0,True,False,True,True,0,0.0,
944,Rev6,6,W033,PX-7500,CH-C,EDG-09,Edge,0.84,261.8,71.89,71.33,65.05,438.2,True,True,True,True,0,0.0,
945,Rev6,6,W033,PX-7500,CH-C,EDG-10,Edge,0.84,294.5,74.31,72.54,64.06,454.7,True,True,True,False,0,0.0,
946,Rev6,6,W033,PX-7500,CH-C,EDG-11,Edge,0.84,327.3,73.83,70.98,69.82,442.9,True,True,True,True,0,0.0,
947,Rev6,6,W033,PX-7500,CH-C,EXT-01,Extreme Edge,0.96,16.4,73.69,71.59,67.55,421.0,True,True,True,True,1,5.37,pressure_spike
948,Rev6,6,W033,PX-7500,CH-C,EXT-02,Extreme Edge,0.96,49.1,74.37,71.12,61.38,443.8,True,True,True,True,0,0.0,
949,Rev6,6,W033,PX-7500,CH-C,EXT-03,Extreme Edge,0.96,81.8,74.34,70.73,64.79,420.3,True,True,True,True,0,0.0,
950,Rev6,6,W033,PX-7500,CH-C,EXT-04,Extreme Edge,0.96,114.5,74.16,72.32,64.21,407.0,True,True,True,True,0,0.0,
951,Rev6,6,W033,PX-7500,CH-C,EXT-05,Extreme Edge,0.96,147.3,73.42,71.33,64.25,425.3,True,True,True,True,0,0.0,
952,Rev6,6,W033,PX-7500,CH-C,EXT-06,Extreme Edge,0.96,180.0,73.78,70.9,67.59,399.6,True,True,True,True,0,0.0,
953,Rev6,6,W033,PX-7500,CH-C,EXT-07,Extreme Edge,0.96,212.7,72.92,70.02,62.98,434.8,True,True,True,True,0,0.0,
954,Rev6,6,W033,PX-7500,CH-C,EXT-08,Extreme Edge,0.96,245.5,71.29,70.57,63.87,487.2,True,True,True,False,4,18.33,polymer_residue
955,Rev6,6,W033,PX-7500,CH-C,EXT-09,Extreme Edge,0.96,278.2,73.25,72.15,67.46,421.2,True,True,True,True,1,4.98,
956,Rev6,6,W033,PX-7500,CH-C,EXT-10,Extreme Edge,0.96,310.9,71.81,74.66,71.01,433.2,True,False,False,True,2,7.8,
957,Rev6,6,W033,PX-7500,CH-C,EXT-11,Extreme Edge,0.96,343.6,73.1,72.23,65.56,449.8,True,True,True,True,0,0.0,
958,Base,0,W034,AE-3200,CH-A,C1,Center,0.0,0.0,72.37,70.87,66.26,449.0,True,True,True,True,0,0.0,
959,Base,0,W034,AE-3200,CH-A,MID-01,Mid,0.52,30.0,72.27,74.07,68.6,442.7,True,False,True,True,0,0.0,
960,Base,0,W034,AE-3200,CH-A,MID-02,Mid,0.52,90.0,72.24,73.49,67.09,463.9,True,False,True,False,3,9.65,
961,Base,0,W034,AE-3200,CH-A,MID-03,Mid,0.52,150.0,71.51,74.05,67.68,433.6,True,False,True,True,0,0.0,
962,Base,0,W034,AE-3200,CH-A,MID-04,Mid,0.52,210.0,72.13,72.96,72.44,463.4,True,False,False,False,0,0.0,
963,Base,0,W034,AE-3200,CH-A,MID-05,Mid,0.52,270.0,71.82,75.08,70.4,431.4,True,False,True,True,0,0.0,
964,Base,0,W034,AE-3200,CH-A,MID-06,Mid,0.52,330.0,73.02,73.29,65.49,427.6,True,False,True,True,0,0.0,
965,Base,0,W034,AE-3200,CH-A,EDG-01,Edge,0.84,0.0,73.32,76.35,66.07,424.0,True,False,True,True,1,3.47,polymer_residue
966,Base,0,W034,AE-3200,CH-A,EDG-02,Edge,0.84,32.7,73.49,73.59,70.48,441.3,True,False,True,True,0,0.0,
967,Base,0,W034,AE-3200,CH-A,EDG-03,Edge,0.84,65.5,75.74,73.72,69.65,434.7,False,False,True,True,0,0.0,
968,Base,0,W034,AE-3200,CH-A,EDG-04,Edge,0.84,98.2,73.31,76.11,67.98,425.4,True,False,True,True,0,0.0,
969,Base,0,W034,AE-3200,CH-A,EDG-05,Edge,0.84,130.9,75.57,75.0,65.3,447.4,False,False,True,True,3,6.19,polymer_residue
970,Base,0,W034,AE-3200,CH-A,EDG-06,Edge,0.84,163.6,75.64,76.86,67.93,427.8,False,False,True,True,0,0.0,
971,Base,0,W034,AE-3200,CH-A,EDG-07,Edge,0.84,196.4,74.11,75.25,69.75,431.1,True,False,True,True,0,0.0,
972,Base,0,W034,AE-3200,CH-A,EDG-08,Edge,0.84,229.1,73.09,76.18,71.6,459.0,True,False,False,False,0,0.0,
973,Base,0,W034,AE-3200,CH-A,EDG-09,Edge,0.84,261.8,72.57,75.26,69.99,448.7,True,False,True,True,0,0.0,
974,Base,0,W034,AE-3200,CH-A,EDG-10,Edge,0.84,294.5,74.29,76.39,63.96,449.0,True,False,True,True,1,5.58,endpoint_late
975,Base,0,W034,AE-3200,CH-A,EDG-11,Edge,0.84,327.3,73.43,73.05,71.74,470.5,True,False,False,False,2,12.9,polymer_residue
976,Base,0,W034,AE-3200,CH-A,EXT-01,Extreme Edge,0.96,16.4,71.79,76.11,71.13,495.5,True,False,False,False,1,2.65,
977,Base,0,W034,AE-3200,CH-A,EXT-02,Extreme Edge,0.96,49.1,72.1,74.86,68.06,426.2,True,False,True,True,0,0.0,
978,Base,0,W034,AE-3200,CH-A,EXT-03,Extreme Edge,0.96,81.8,76.22,75.09,64.79,415.5,False,False,True,True,1,3.8,polymer_residue
979,Base,0,W034,AE-3200,CH-A,EXT-04,Extreme Edge,0.96,114.5,76.92,77.99,70.72,451.2,False,False,False,True,1,3.69,
980,Base,0,W034,AE-3200,CH-A,EXT-05,Extreme Edge,0.96,147.3,73.74,72.73,72.34,457.3,True,True,False,False,0,0.0,
981,Base,0,W034,AE-3200,CH-A,EXT-06,Extreme Edge,0.96,180.0,74.12,78.51,69.35,431.9,True,False,True,True,0,0.0,
982,Base,0,W034,AE-3200,CH-A,EXT-07,Extreme Edge,0.96,212.7,74.02,76.04,72.95,427.1,True,False,False,True,0,0.0,
983,Base,0,W034,AE-3200,CH-A,EXT-08,Extreme Edge,0.96,245.5,72.43,77.19,65.66,441.0,True,False,True,True,1,2.69,
984,Base,0,W034,AE-3200,CH-A,EXT-09,Extreme Edge,0.96,278.2,73.71,75.87,65.78,480.6,True,False,True,False,0,0.0,
985,Base,0,W034,AE-3200,CH-A,EXT-10,Extreme Edge,0.96,310.9,74.0,76.88,70.92,462.3,True,False,False,False,1,2.96,
986,Base,0,W034,AE-3200,CH-A,EXT-11,Extreme Edge,0.96,343.6,75.18,78.48,64.11,425.3,True,False,True,True,0,0.0,
987,Rev11,11,W035,PX-7500,CH-D,C1,Center,0.0,0.0,67.74,69.72,64.63,427.5,False,True,True,True,1,2.55,polymer_residue
988,Rev11,11,W035,PX-7500,CH-D,MID-01,Mid,0.52,30.0,73.35,67.18,71.99,416.0,True,True,False,True,0,0.0,
989,Rev11,11,W035,PX-7500,CH-D,MID-02,Mid,0.52,90.0,71.13,69.17,69.15,432.5,True,True,True,True,0,0.0,
990,Rev11,11,W035,PX-7500,CH-D,MID-03,Mid,0.52,150.0,71.74,65.41,67.94,421.6,True,False,True,True,0,0.0,
991,Rev11,11,W035,PX-7500,CH-D,MID-04,Mid,0.52,210.0,74.32,67.08,65.4,431.0,True,True,True,True,0,0.0,
992,Rev11,11,W035,PX-7500,CH-D,MID-05,Mid,0.52,270.0,70.4,64.41,69.64,391.3,True,False,True,True,0,0.0,
993,Rev11,11,W035,PX-7500,CH-D,MID-06,Mid,0.52,330.0,69.15,66.25,65.57,428.2,True,True,True,True,1,3.17,arc_event
994,Rev11,11,W035,PX-7500,CH-D,EDG-01,Edge,0.84,0.0,72.24,68.11,72.79,437.6,True,True,False,True,0,0.0,
995,Rev11,11,W035,PX-7500,CH-D,EDG-02,Edge,0.84,32.7,73.07,70.17,69.76,433.0,True,True,True,True,1,5.05,
996,Rev11,11,W035,PX-7500,CH-D,EDG-03,Edge,0.84,65.5,75.45,67.31,69.9,458.4,False,True,True,False,2,10.65,polymer_residue
997,Rev11,11,W035,PX-7500,CH-D,EDG-04,Edge,0.84,98.2,73.4,69.44,67.56,415.0,True,True,True,True,0,0.0,
998,Rev11,11,W035,PX-7500,CH-D,EDG-05,Edge,0.84,130.9,71.62,69.39,73.46,405.8,True,True,False,True,1,1.94,esc_temp_drift
999,Rev11,11,W035,PX-7500,CH-D,EDG-06,Edge,0.84,163.6,74.27,69.07,66.14,434.7,True,True,True,True,0,0.0,
1000,Rev11,11,W035,PX-7500,CH-D,EDG-07,Edge,0.84,196.4,70.33,69.86,73.99,414.5,True,True,False,True,1,6.2,
1001,Rev11,11,W035,PX-7500,CH-D,EDG-08,Edge,0.84,229.1,73.08,69.88,69.05,395.4,True,True,True,True,0,0.0,
1002,Rev11,11,W035,PX-7500,CH-D,EDG-09,Edge,0.84,261.8,74.86,66.77,71.19,463.1,True,True,False,False,0,0.0,
1003,Rev11,11,W035,PX-7500,CH-D,EDG-10,Edge,0.84,294.5,73.47,65.97,73.31,388.8,True,True,False,True,0,0.0,
1004,Rev11,11,W035,PX-7500,CH-D,EDG-11,Edge,0.84,327.3,71.07,69.92,67.26,429.8,True,True,True,True,1,6.17,pressure_spike
1005,Rev11,11,W035,PX-7500,CH-D,EXT-01,Extreme Edge,0.96,16.4,73.39,71.17,70.79,396.3,True,True,False,True,0,0.0,
1006,Rev11,11,W035,PX-7500,CH-D,EXT-02,Extreme Edge,0.96,49.1,69.91,67.21,73.79,439.4,True,True,False,True,0,0.0,
1007,Rev11,11,W035,PX-7500,CH-D,EXT-03,Extreme Edge,0.96,81.8,70.66,69.12,70.09,435.5,True,True,True,True,0,0.0,
1008,Rev11,11,W035,PX-7500,CH-D,EXT-04,Extreme Edge,0.96,114.5,74.14,67.99,73.98,468.9,True,True,False,False,1,5.27,endpoint_late
1009,Rev11,11,W035,PX-7500,CH-D,EXT-05,Extreme Edge,0.96,147.3,72.58,69.86,71.08,423.0,True,True,False,True,0,0.0,
1010,Rev11,11,W035,PX-7500,CH-D,EXT-06,Extreme Edge,0.96,180.0,73.37,70.35,74.03,452.2,True,True,False,False,1,3.82,
1011,Rev11,11,W035,PX-7500,CH-D,EXT-07,Extreme Edge,0.96,212.7,72.55,70.23,71.62,464.2,True,True,False,False,1,4.73,
1012,Rev11,11,W035,PX-7500,CH-D,EXT-08,Extreme Edge,0.96,245.5,72.68,68.34,71.87,423.4,True,True,False,True,0,0.0,
1013,Rev11,11,W035,PX-7500,CH-D,EXT-09,Extreme Edge,0.96,278.2,73.68,69.41,67.94,399.9,True,True,True,True,0,0.0,
1014,Rev11,11,W035,PX-7500,CH-D,EXT-10,Extreme Edge,0.96,310.9,74.81,71.97,71.35,409.5,True,True,False,True,1,4.55,
1015,Rev11,11,W035,PX-7500,CH-D,EXT-11,Extreme Edge,0.96,343.6,68.78,67.11,70.55,446.0,True,True,True,True,1,5.51,polymer_residue
1016,Rev1,1,W036,AE-3200,CH-B,C1,Center,0.0,0.0,71.91,67.88,60.47,425.1,True,True,True,True,1,5.67,polymer_residue
1017,Rev1,1,W036,AE-3200,CH-B,MID-01,Mid,0.52,30.0,72.83,70.71,64.3,451.6,True,True,True,True,0,0.0,
1018,Rev1,1,W036,AE-3200,CH-B,MID-02,Mid,0.52,90.0,73.72,70.67,64.04,415.7,True,True,True,True,0,0.0,
1019,Rev1,1,W036,AE-3200,CH-B,MID-03,Mid,0.52,150.0,71.61,69.75,65.38,442.5,True,True,True,True,0,0.0,
1020,Rev1,1,W036,AE-3200,CH-B,MID-04,Mid,0.52,210.0,74.34,71.62,60.08,419.7,True,True,True,True,0,0.0,
1021,Rev1,1,W036,AE-3200,CH-B,MID-05,Mid,0.52,270.0,73.69,69.77,65.06,434.9,True,True,True,True,0,0.0,
1022,Rev1,1,W036,AE-3200,CH-B,MID-06,Mid,0.52,330.0,74.55,73.01,69.02,423.7,True,False,True,True,0,0.0,
1023,Rev1,1,W036,AE-3200,CH-B,EDG-01,Edge,0.84,0.0,74.35,71.74,70.43,431.6,True,True,True,True,0,0.0,
1024,Rev1,1,W036,AE-3200,CH-B,EDG-02,Edge,0.84,32.7,75.97,72.02,70.09,436.0,False,True,True,True,0,0.0,
1025,Rev1,1,W036,AE-3200,CH-B,EDG-03,Edge,0.84,65.5,73.31,72.53,66.19,416.4,True,True,True,True,0,0.0,
1026,Rev1,1,W036,AE-3200,CH-B,EDG-04,Edge,0.84,98.2,75.66,71.12,67.02,427.5,False,True,True,True,0,0.0,
1027,Rev1,1,W036,AE-3200,CH-B,EDG-05,Edge,0.84,130.9,76.65,69.15,65.93,391.1,False,True,True,True,3,12.56,polymer_residue
1028,Rev1,1,W036,AE-3200,CH-B,EDG-06,Edge,0.84,163.6,74.9,71.8,67.58,426.7,True,True,True,True,2,9.13,polymer_residue
1029,Rev1,1,W036,AE-3200,CH-B,EDG-07,Edge,0.84,196.4,75.49,69.79,64.31,442.1,False,True,True,True,0,0.0,
1030,Rev1,1,W036,AE-3200,CH-B,EDG-08,Edge,0.84,229.1,75.43,67.49,68.37,435.9,False,True,True,True,1,3.04,
1031,Rev1,1,W036,AE-3200,CH-B,EDG-09,Edge,0.84,261.8,72.33,70.2,66.32,451.1,True,True,True,True,1,3.38,polymer_residue
1032,Rev1,1,W036,AE-3200,CH-B,EDG-10,Edge,0.84,294.5,73.44,67.1,63.28,467.5,True,True,True,False,1,5.98,
1033,Rev1,1,W036,AE-3200,CH-B,EDG-11,Edge,0.84,327.3,74.17,71.2,67.07,405.3,True,True,True,True,0,0.0,
1034,Rev1,1,W036,AE-3200,CH-B,EXT-01,Extreme Edge,0.96,16.4,74.74,75.18,66.63,418.3,True,False,True,True,1,1.9,esc_temp_drift
1035,Rev1,1,W036,AE-3200,CH-B,EXT-02,Extreme Edge,0.96,49.1,75.14,71.25,65.01,464.8,True,True,True,False,0,0.0,
1036,Rev1,1,W036,AE-3200,CH-B,EXT-03,Extreme Edge,0.96,81.8,76.42,73.37,71.05,419.3,False,False,False,True,0,0.0,
1037,Rev1,1,W036,AE-3200,CH-B,EXT-04,Extreme Edge,0.96,114.5,75.83,71.95,67.95,442.7,False,True,True,True,0,0.0,
1038,Rev1,1,W036,AE-3200,CH-B,EXT-05,Extreme Edge,0.96,147.3,73.11,72.65,65.33,402.9,True,True,True,True,0,0.0,
1039,Rev1,1,W036,AE-3200,CH-B,EXT-06,Extreme Edge,0.96,180.0,76.26,74.97,62.24,396.6,False,False,True,True,1,4.39,
1040,Rev1,1,W036,AE-3200,CH-B,EXT-07,Extreme Edge,0.96,212.7,74.06,72.23,77.49,400.0,True,True,False,True,2,8.47,
1041,Rev1,1,W036,AE-3200,CH-B,EXT-08,Extreme Edge,0.96,245.5,75.64,72.1,71.57,429.4,False,True,False,True,2,11.74,esc_temp_drift
1042,Rev1,1,W036,AE-3200,CH-B,EXT-09,Extreme Edge,0.96,278.2,75.47,70.18,68.52,420.6,False,True,True,True,1,2.59,
1043,Rev1,1,W036,AE-3200,CH-B,EXT-10,Extreme Edge,0.96,310.9,75.73,71.18,66.46,414.2,False,True,True,True,1,3.43,endpoint_late
1044,Rev1,1,W036,AE-3200,CH-B,EXT-11,Extreme Edge,0.96,343.6,74.59,68.48,66.65,423.9,True,True,True,True,1,3.47,arc_event
1045,Rev10,10,W037,PX-7500,CH-C,C1,Center,0.0,0.0,67.66,68.81,64.29,394.7,False,True,True,True,0,0.0,
1046,Rev10,10,W037,PX-7500,CH-C,MID-01,Mid,0.52,30.0,71.22,71.32,66.55,394.6,True,True,True,True,0,0.0,
1047,Rev10,10,W037,PX-7500,CH-C,MID-02,Mid,0.52,90.0,71.97,68.97,65.4,391.1,True,True,True,True,0,0.0,
1048,Rev10,10,W037,PX-7500,CH-C,MID-03,Mid,0.52,150.0,72.37,71.25,63.42,357.0,True,True,True,False,0,0.0,
1049,Rev10,10,W037,PX-7500,CH-C,MID-04,Mid,0.52,210.0,71.69,70.7,63.15,425.7,True,True,True,True,0,0.0,
1050,Rev10,10,W037,PX-7500,CH-C,MID-05,Mid,0.52,270.0,72.03,70.49,68.68,410.0,True,True,True,True,0,0.0,
1051,Rev10,10,W037,PX-7500,CH-C,MID-06,Mid,0.52,330.0,70.35,69.82,71.07,375.7,True,True,False,False,1,4.44,
1052,Rev10,10,W037,PX-7500,CH-C,EDG-01,Edge,0.84,0.0,74.69,68.21,66.38,437.8,True,True,True,True,0,0.0,
1053,Rev10,10,W037,PX-7500,CH-C,EDG-02,Edge,0.84,32.7,75.99,71.91,67.87,405.8,False,True,True,True,0,0.0,
1054,Rev10,10,W037,PX-7500,CH-C,EDG-03,Edge,0.84,65.5,73.16,71.69,71.13,416.5,True,True,False,True,0,0.0,
1055,Rev10,10,W037,PX-7500,CH-C,EDG-04,Edge,0.84,98.2,73.25,71.34,63.75,416.3,True,True,True,True,1,5.95,
1056,Rev10,10,W037,PX-7500,CH-C,EDG-05,Edge,0.84,130.9,72.83,69.81,62.64,419.9,True,True,True,True,1,3.53,esc_temp_drift
1057,Rev10,10,W037,PX-7500,CH-C,EDG-06,Edge,0.84,163.6,72.12,73.02,68.99,415.9,True,False,True,True,0,0.0,
1058,Rev10,10,W037,PX-7500,CH-C,EDG-07,Edge,0.84,196.4,72.8,70.4,68.3,407.9,True,True,True,True,0,0.0,
1059,Rev10,10,W037,PX-7500,CH-C,EDG-08,Edge,0.84,229.1,74.65,72.42,65.09,397.6,True,True,True,True,0,0.0,
1060,Rev10,10,W037,PX-7500,CH-C,EDG-09,Edge,0.84,261.8,72.2,70.7,72.47,357.3,True,True,False,False,0,0.0,
1061,Rev10,10,W037,PX-7500,CH-C,EDG-10,Edge,0.84,294.5,73.59,70.26,67.92,416.2,True,True,True,True,1,5.0,
1062,Rev10,10,W037,PX-7500,CH-C,EDG-11,Edge,0.84,327.3,73.02,70.05,70.7,412.7,True,True,False,True,0,0.0,
1063,Rev10,10,W037,PX-7500,CH-C,EXT-01,Extreme Edge,0.96,16.4,74.01,72.79,63.43,421.1,True,True,True,True,1,3.96,
1064,Rev10,10,W037,PX-7500,CH-C,EXT-02,Extreme Edge,0.96,49.1,72.74,73.68,70.95,427.2,True,False,False,True,2,11.82,esc_temp_drift
1065,Rev10,10,W037,PX-7500,CH-C,EXT-03,Extreme Edge,0.96,81.8,72.85,72.83,67.03,354.3,True,False,True,False,2,7.42,polymer_residue
1066,Rev10,10,W037,PX-7500,CH-C,EXT-04,Extreme Edge,0.96,114.5,74.88,72.08,67.14,392.1,True,True,True,True,0,0.0,
1067,Rev10,10,W037,PX-7500,CH-C,EXT-05,Extreme Edge,0.96,147.3,72.68,74.6,69.07,444.3,True,False,True,True,0,0.0,
1068,Rev10,10,W037,PX-7500,CH-C,EXT-06,Extreme Edge,0.96,180.0,72.41,71.88,65.48,377.2,True,True,True,True,0,0.0,
1069,Rev10,10,W037,PX-7500,CH-C,EXT-07,Extreme Edge,0.96,212.7,74.1,72.45,72.25,425.7,True,True,False,True,1,4.38,
1070,Rev10,10,W037,PX-7500,CH-C,EXT-08,Extreme Edge,0.96,245.5,72.77,71.55,67.24,394.7,True,True,True,True,0,0.0,
1071,Rev10,10,W037,PX-7500,CH-C,EXT-09,Extreme Edge,0.96,278.2,73.17,71.8,75.0,428.5,True,True,False,True,2,5.88,
1072,Rev10,10,W037,PX-7500,CH-C,EXT-10,Extreme Edge,0.96,310.9,74.51,74.85,67.05,373.1,True,False,True,False,0,0.0,
1073,Rev10,10,W037,PX-7500,CH-C,EXT-11,Extreme Edge,0.96,343.6,74.82,71.48,67.73,441.9,True,True,True,True,0,0.0,
1074,Rev10,10,W038,PX-7500,CH-C,C1,Center,0.0,0.0,69.71,72.26,57.81,414.5,True,True,False,True,0,0.0,
1075,Rev10,10,W038,PX-7500,CH-C,MID-01,Mid,0.52,30.0,72.92,71.82,67.26,374.5,True,True,True,False,0,0.0,
1076,Rev10,10,W038,PX-7500,CH-C,MID-02,Mid,0.52,90.0,71.6,70.7,62.73,425.8,True,True,True,True,2,4.34,
1077,Rev10,10,W038,PX-7500,CH-C,MID-03,Mid,0.52,150.0,72.77,70.33,61.07,425.7,True,True,True,True,0,0.0,
1078,Rev10,10,W038,PX-7500,CH-C,MID-04,Mid,0.52,210.0,70.86,73.32,68.62,409.1,True,False,True,True,1,5.11,
1079,Rev10,10,W038,PX-7500,CH-C,MID-05,Mid,0.52,270.0,74.17,69.35,62.67,426.0,True,True,True,True,0,0.0,
1080,Rev10,10,W038,PX-7500,CH-C,MID-06,Mid,0.52,330.0,72.34,72.94,65.0,382.3,True,False,True,True,0,0.0,
1081,Rev10,10,W038,PX-7500,CH-C,EDG-01,Edge,0.84,0.0,73.41,71.25,63.92,432.8,True,True,True,True,0,0.0,
1082,Rev10,10,W038,PX-7500,CH-C,EDG-02,Edge,0.84,32.7,73.29,71.04,66.46,387.6,True,True,True,True,0,0.0,
1083,Rev10,10,W038,PX-7500,CH-C,EDG-03,Edge,0.84,65.5,73.25,70.27,68.5,394.9,True,True,True,True,1,1.93,polymer_residue
1084,Rev10,10,W038,PX-7500,CH-C,EDG-04,Edge,0.84,98.2,70.7,72.3,65.55,432.8,True,True,True,True,0,0.0,
1085,Rev10,10,W038,PX-7500,CH-C,EDG-05,Edge,0.84,130.9,73.51,76.44,72.62,358.1,True,False,False,False,1,2.95,arc_event
1086,Rev10,10,W038,PX-7500,CH-C,EDG-06,Edge,0.84,163.6,73.75,70.08,66.68,411.6,True,True,True,True,2,8.79,arc_event
1087,Rev10,10,W038,PX-7500,CH-C,EDG-07,Edge,0.84,196.4,75.06,73.72,69.38,417.2,True,False,True,True,0,0.0,
1088,Rev10,10,W038,PX-7500,CH-C,EDG-08,Edge,0.84,229.1,74.42,72.35,65.57,410.2,True,True,True,True,0,0.0,
1089,Rev10,10,W038,PX-7500,CH-C,EDG-09,Edge,0.84,261.8,73.77,75.01,67.67,400.5,True,False,True,True,0,0.0,
1090,Rev10,10,W038,PX-7500,CH-C,EDG-10,Edge,0.84,294.5,72.94,71.27,69.27,399.3,True,True,True,True,3,14.15,esc_temp_drift
1091,Rev10,10,W038,PX-7500,CH-C,EDG-11,Edge,0.84,327.3,75.34,70.99,62.37,413.1,False,True,True,True,2,5.2,polymer_residue
1092,Rev10,10,W038,PX-7500,CH-C,EXT-01,Extreme Edge,0.96,16.4,74.11,71.06,65.68,428.8,True,True,True,True,1,2.25,polymer_residue
1093,Rev10,10,W038,PX-7500,CH-C,EXT-02,Extreme Edge,0.96,49.1,75.5,71.79,68.28,409.5,False,True,True,True,0,0.0,
1094,Rev10,10,W038,PX-7500,CH-C,EXT-03,Extreme Edge,0.96,81.8,73.36,76.05,69.03,392.3,True,False,True,True,1,4.69,
1095,Rev10,10,W038,PX-7500,CH-C,EXT-04,Extreme Edge,0.96,114.5,75.09,73.01,64.55,440.0,True,False,True,True,2,11.84,
1096,Rev10,10,W038,PX-7500,CH-C,EXT-05,Extreme Edge,0.96,147.3,74.5,71.88,67.37,432.0,True,True,True,True,1,5.87,polymer_residue
1097,Rev10,10,W038,PX-7500,CH-C,EXT-06,Extreme Edge,0.96,180.0,74.13,72.49,66.75,413.5,True,True,True,True,0,0.0,
1098,Rev10,10,W038,PX-7500,CH-C,EXT-07,Extreme Edge,0.96,212.7,75.53,70.93,67.04,362.7,False,True,True,False,0,0.0,
1099,Rev10,10,W038,PX-7500,CH-C,EXT-08,Extreme Edge,0.96,245.5,75.39,74.11,70.49,397.8,False,False,True,True,0,0.0,
1100,Rev10,10,W038,PX-7500,CH-C,EXT-09,Extreme Edge,0.96,278.2,73.11,71.87,64.3,376.1,True,True,True,True,0,0.0,
1101,Rev10,10,W038,PX-7500,CH-C,EXT-10,Extreme Edge,0.96,310.9,72.66,73.08,61.11,421.2,True,False,True,True,2,11.6,polymer_residue
1102,Rev10,10,W038,PX-7500,CH-C,EXT-11,Extreme Edge,0.96,343.6,74.16,74.17,66.36,413.9,True,False,True,True,1,6.35,endpoint_late
1103,Rev7,7,W039,PX-7500,CH-D,C1,Center,0.0,0.0,70.17,69.18,66.21,353.4,True,True,True,False,1,4.11,endpoint_late
1104,Rev7,7,W039,PX-7500,CH-D,MID-01,Mid,0.52,30.0,71.72,70.71,70.53,421.4,True,True,True,True,0,0.0,
1105,Rev7,7,W039,PX-7500,CH-D,MID-02,Mid,0.52,90.0,70.88,69.59,63.55,423.4,True,True,True,True,1,5.89,polymer_residue
1106,Rev7,7,W039,PX-7500,CH-D,MID-03,Mid,0.52,150.0,71.77,71.83,67.81,384.5,True,True,True,True,0,0.0,
1107,Rev7,7,W039,PX-7500,CH-D,MID-04,Mid,0.52,210.0,72.54,68.67,63.43,386.6,True,True,True,True,0,0.0,
1108,Rev7,7,W039,PX-7500,CH-D,MID-05,Mid,0.52,270.0,71.73,69.06,64.47,403.9,True,True,True,True,0,0.0,
1109,Rev7,7,W039,PX-7500,CH-D,MID-06,Mid,0.52,330.0,71.61,72.51,62.76,417.7,True,True,True,True,1,3.95,polymer_residue
1110,Rev7,7,W039,PX-7500,CH-D,EDG-01,Edge,0.84,0.0,73.37,70.36,66.31,438.9,True,True,True,True,0,0.0,
1111,Rev7,7,W039,PX-7500,CH-D,EDG-02,Edge,0.84,32.7,74.52,70.19,65.72,410.1,True,True,True,True,0,0.0,
1112,Rev7,7,W039,PX-7500,CH-D,EDG-03,Edge,0.84,65.5,73.78,70.1,64.68,432.8,True,True,True,True,0,0.0,
1113,Rev7,7,W039,PX-7500,CH-D,EDG-04,Edge,0.84,98.2,71.36,70.16,68.8,414.8,True,True,True,True,1,3.73,polymer_residue
1114,Rev7,7,W039,PX-7500,CH-D,EDG-05,Edge,0.84,130.9,76.77,70.41,69.79,387.4,False,True,True,True,1,4.65,polymer_residue
1115,Rev7,7,W039,PX-7500,CH-D,EDG-06,Edge,0.84,163.6,73.57,70.15,67.95,409.0,True,True,True,True,0,0.0,
1116,Rev7,7,W039,PX-7500,CH-D,EDG-07,Edge,0.84,196.4,73.29,69.92,68.76,390.1,True,True,True,True,0,0.0,
1117,Rev7,7,W039,PX-7500,CH-D,EDG-08,Edge,0.84,229.1,74.76,68.09,64.89,444.4,True,True,True,True,0,0.0,
1118,Rev7,7,W039,PX-7500,CH-D,EDG-09,Edge,0.84,261.8,75.02,71.65,66.32,425.2,True,True,True,True,0,0.0,
1119,Rev7,7,W039,PX-7500,CH-D,EDG-10,Edge,0.84,294.5,74.08,70.19,69.4,437.4,True,True,True,True,0,0.0,
1120,Rev7,7,W039,PX-7500,CH-D,EDG-11,Edge,0.84,327.3,72.32,73.37,66.94,448.7,True,False,True,True,0,0.0,
1121,Rev7,7,W039,PX-7500,CH-D,EXT-01,Extreme Edge,0.96,16.4,73.26,73.54,73.83,434.3,True,False,False,True,1,3.76,polymer_residue
1122,Rev7,7,W039,PX-7500,CH-D,EXT-02,Extreme Edge,0.96,49.1,73.49,68.87,63.93,431.4,True,True,True,True,0,0.0,
1123,Rev7,7,W039,PX-7500,CH-D,EXT-03,Extreme Edge,0.96,81.8,72.17,71.43,71.6,425.1,True,True,False,True,0,0.0,
1124,Rev7,7,W039,PX-7500,CH-D,EXT-04,Extreme Edge,0.96,114.5,73.04,69.82,64.52,406.1,True,True,True,True,0,0.0,
1125,Rev7,7,W039,PX-7500,CH-D,EXT-05,Extreme Edge,0.96,147.3,74.31,69.34,65.19,416.8,True,True,True,True,0,0.0,
1126,Rev7,7,W039,PX-7500,CH-D,EXT-06,Extreme Edge,0.96,180.0,71.57,73.35,74.34,415.5,True,False,False,True,1,2.5,
1127,Rev7,7,W039,PX-7500,CH-D,EXT-07,Extreme Edge,0.96,212.7,72.96,71.45,63.74,424.7,True,True,True,True,0,0.0,
1128,Rev7,7,W039,PX-7500,CH-D,EXT-08,Extreme Edge,0.96,245.5,74.3,70.83,65.36,399.5,True,True,True,True,0,0.0,
1129,Rev7,7,W039,PX-7500,CH-D,EXT-09,Extreme Edge,0.96,278.2,75.76,71.53,71.43,438.4,False,True,False,True,0,0.0,
1130,Rev7,7,W039,PX-7500,CH-D,EXT-10,Extreme Edge,0.96,310.9,72.75,69.99,73.57,401.9,True,True,False,True,0,0.0,
1131,Rev7,7,W039,PX-7500,CH-D,EXT-11,Extreme Edge,0.96,343.6,74.88,71.01,71.71,394.0,True,True,False,True,0,0.0,
1132,Rev1,1,W040,AE-3200,CH-B,C1,Center,0.0,0.0,70.7,70.78,64.52,422.9,True,True,True,True,0,0.0,
1133,Rev1,1,W040,AE-3200,CH-B,MID-01,Mid,0.52,30.0,71.82,72.14,60.27,403.8,True,True,True,True,1,4.84,polymer_residue
1134,Rev1,1,W040,AE-3200,CH-B,MID-02,Mid,0.52,90.0,70.54,71.82,63.97,400.8,True,True,True,True,0,0.0,
1135,Rev1,1,W040,AE-3200,CH-B,MID-03,Mid,0.52,150.0,69.88,68.5,64.2,463.6,True,True,True,False,0,0.0,
1136,Rev1,1,W040,AE-3200,CH-B,MID-04,Mid,0.52,210.0,71.63,71.19,71.16,462.0,True,True,False,False,0,0.0,
1137,Rev1,1,W040,AE-3200,CH-B,MID-05,Mid,0.52,270.0,70.49,70.8,61.26,420.9,True,True,True,True,0,0.0,
1138,Rev1,1,W040,AE-3200,CH-B,MID-06,Mid,0.52,330.0,71.84,70.64,69.7,439.4,True,True,True,True,0,0.0,
1139,Rev1,1,W040,AE-3200,CH-B,EDG-01,Edge,0.84,0.0,73.27,71.17,69.99,422.5,True,True,True,True,1,2.38,
1140,Rev1,1,W040,AE-3200,CH-B,EDG-02,Edge,0.84,32.7,72.38,71.96,71.61,431.3,True,True,False,True,2,11.54,
1141,Rev1,1,W040,AE-3200,CH-B,EDG-03,Edge,0.84,65.5,73.57,72.76,70.02,433.7,True,True,True,True,1,2.74,polymer_residue
1142,Rev1,1,W040,AE-3200,CH-B,EDG-04,Edge,0.84,98.2,74.0,72.04,70.15,432.5,True,True,True,True,0,0.0,
1143,Rev1,1,W040,AE-3200,CH-B,EDG-05,Edge,0.84,130.9,72.81,72.55,71.13,424.8,True,True,False,True,2,12.63,pressure_spike
1144,Rev1,1,W040,AE-3200,CH-B,EDG-06,Edge,0.84,163.6,72.54,68.81,62.59,437.0,True,True,True,True,0,0.0,
1145,Rev1,1,W040,AE-3200,CH-B,EDG-07,Edge,0.84,196.4,74.89,71.63,69.99,428.8,True,True,True,True,0,0.0,
1146,Rev1,1,W040,AE-3200,CH-B,EDG-08,Edge,0.84,229.1,73.5,71.24,67.64,438.8,True,True,True,True,0,0.0,
1147,Rev1,1,W040,AE-3200,CH-B,EDG-09,Edge,0.84,261.8,75.47,71.25,69.97,441.7,False,True,True,True,0,0.0,
1148,Rev1,1,W040,AE-3200,CH-B,EDG-10,Edge,0.84,294.5,72.11,71.23,70.16,399.6,True,True,True,True,1,5.61,
1149,Rev1,1,W040,AE-3200,CH-B,EDG-11,Edge,0.84,327.3,71.07,70.37,65.03,429.9,True,True,True,True,0,0.0,
1150,Rev1,1,W040,AE-3200,CH-B,EXT-01,Extreme Edge,0.96,16.4,73.12,75.61,67.21,456.4,True,False,True,False,0,0.0,
1151,Rev1,1,W040,AE-3200,CH-B,EXT-02,Extreme Edge,0.96,49.1,73.33,72.08,65.48,450.5,True,True,True,True,1,5.82,arc_event
1152,Rev1,1,W040,AE-3200,CH-B,EXT-03,Extreme Edge,0.96,81.8,75.32,71.52,74.08,445.8,False,True,False,True,2,9.45,endpoint_late
1153,Rev1,1,W040,AE-3200,CH-B,EXT-04,Extreme Edge,0.96,114.5,75.08,72.31,71.64,429.7,True,True,False,True,2,6.22,
1154,Rev1,1,W040,AE-3200,CH-B,EXT-05,Extreme Edge,0.96,147.3,76.3,73.02,68.18,440.5,False,False,True,True,0,0.0,
1155,Rev1,1,W040,AE-3200,CH-B,EXT-06,Extreme Edge,0.96,180.0,77.3,72.48,63.94,426.5,False,True,True,True,0,0.0,
1156,Rev1,1,W040,AE-3200,CH-B,EXT-07,Extreme Edge,0.96,212.7,73.97,74.13,69.75,400.3,True,False,True,True,0,0.0,
1157,Rev1,1,W040,AE-3200,CH-B,EXT-08,Extreme Edge,0.96,245.5,71.92,74.34,66.86,450.0,True,False,True,True,1,3.34,polymer_residue
1158,Rev1,1,W040,AE-3200,CH-B,EXT-09,Extreme Edge,0.96,278.2,76.2,72.36,69.03,420.4,False,True,True,True,3,8.6,
1159,Rev1,1,W040,AE-3200,CH-B,EXT-10,Extreme Edge,0.96,310.9,72.34,73.4,74.06,458.5,True,False,False,False,1,5.73,esc_temp_drift
1160,Rev1,1,W040,AE-3200,CH-B,EXT-11,Extreme Edge,0.96,343.6,72.94,72.49,69.84,404.9,True,True,True,True,0,0.0,
1161,Rev7,7,W041,PX-7500,CH-D,C1,Center,0.0,0.0,71.14,70.35,60.31,385.3,True,True,True,True,1,4.83,pressure_spike
1162,Rev7,7,W041,PX-7500,CH-D,MID-01,Mid,0.52,30.0,72.2,72.32,62.74,350.0,True,True,True,False,0,0.0,
1163,Rev7,7,W041,PX-7500,CH-D,MID-02,Mid,0.52,90.0,72.1,75.24,59.0,420.1,True,False,False,True,0,0.0,
1164,Rev7,7,W041,PX-7500,CH-D,MID-03,Mid,0.52,150.0,71.89,69.72,65.75,429.0,True,True,True,True,0,0.0,
1165,Rev7,7,W041,PX-7500,CH-D,MID-04,Mid,0.52,210.0,73.75,72.76,66.0,400.0,True,True,True,True,0,0.0,
1166,Rev7,7,W041,PX-7500,CH-D,MID-05,Mid,0.52,270.0,74.81,70.22,68.04,421.6,True,True,True,True,0,0.0,
1167,Rev7,7,W041,PX-7500,CH-D,MID-06,Mid,0.52,330.0,72.62,69.47,62.42,430.4,True,True,True,True,1,2.19,arc_event
1168,Rev7,7,W041,PX-7500,CH-D,EDG-01,Edge,0.84,0.0,73.99,71.39,68.09,429.2,True,True,True,True,0,0.0,
1169,Rev7,7,W041,PX-7500,CH-D,EDG-02,Edge,0.84,32.7,74.83,70.42,63.71,422.1,True,True,True,True,0,0.0,
1170,Rev7,7,W041,PX-7500,CH-D,EDG-03,Edge,0.84,65.5,75.4,69.28,65.85,378.5,False,True,True,True,0,0.0,
1171,Rev7,7,W041,PX-7500,CH-D,EDG-04,Edge,0.84,98.2,74.18,73.1,70.94,422.0,True,False,False,True,1,4.22,
1172,Rev7,7,W041,PX-7500,CH-D,EDG-05,Edge,0.84,130.9,71.36,73.66,68.94,394.1,True,False,True,True,1,4.67,pressure_spike
1173,Rev7,7,W041,PX-7500,CH-D,EDG-06,Edge,0.84,163.6,76.92,71.71,65.7,431.6,False,True,True,True,1,2.44,endpoint_late
1174,Rev7,7,W041,PX-7500,CH-D,EDG-07,Edge,0.84,196.4,73.15,70.82,67.94,422.3,True,True,True,True,0,0.0,
1175,Rev7,7,W041,PX-7500,CH-D,EDG-08,Edge,0.84,229.1,71.92,68.57,69.7,433.8,True,True,True,True,0,0.0,
1176,Rev7,7,W041,PX-7500,CH-D,EDG-09,Edge,0.84,261.8,72.96,73.02,69.04,389.4,True,False,True,True,0,0.0,
1177,Rev7,7,W041,PX-7500,CH-D,EDG-10,Edge,0.84,294.5,75.52,71.14,63.04,429.9,False,True,True,True,1,4.98,
1178,Rev7,7,W041,PX-7500,CH-D,EDG-11,Edge,0.84,327.3,72.56,72.05,69.81,439.4,True,True,True,True,1,4.66,polymer_residue
1179,Rev7,7,W041,PX-7500,CH-D,EXT-01,Extreme Edge,0.96,16.4,74.16,74.73,68.19,445.4,True,False,True,True,1,4.65,pressure_spike
1180,Rev7,7,W041,PX-7500,CH-D,EXT-02,Extreme Edge,0.96,49.1,74.5,72.73,67.55,390.4,True,True,True,True,0,0.0,
1181,Rev7,7,W041,PX-7500,CH-D,EXT-03,Extreme Edge,0.96,81.8,76.94,72.4,73.26,429.9,False,True,False,True,1,2.77,polymer_residue
1182,Rev7,7,W041,PX-7500,CH-D,EXT-04,Extreme Edge,0.96,114.5,72.3,71.92,70.02,425.5,True,True,True,True,0,0.0,
1183,Rev7,7,W041,PX-7500,CH-D,EXT-05,Extreme Edge,0.96,147.3,75.76,73.49,66.09,438.0,False,False,True,True,0,0.0,
1184,Rev7,7,W041,PX-7500,CH-D,EXT-06,Extreme Edge,0.96,180.0,72.53,72.23,66.0,498.5,True,True,True,False,1,6.3,polymer_residue
1185,Rev7,7,W041,PX-7500,CH-D,EXT-07,Extreme Edge,0.96,212.7,74.97,76.51,68.22,445.9,True,False,True,True,0,0.0,
1186,Rev7,7,W041,PX-7500,CH-D,EXT-08,Extreme Edge,0.96,245.5,76.1,74.32,70.78,422.6,False,False,False,True,1,6.04,
1187,Rev7,7,W041,PX-7500,CH-D,EXT-09,Extreme Edge,0.96,278.2,74.25,72.59,66.18,473.4,True,True,True,False,1,3.4,polymer_residue
1188,Rev7,7,W041,PX-7500,CH-D,EXT-10,Extreme Edge,0.96,310.9,78.39,70.06,69.97,375.9,False,True,True,False,0,0.0,
1189,Rev7,7,W041,PX-7500,CH-D,EXT-11,Extreme Edge,0.96,343.6,77.35,73.3,73.31,398.4,False,False,False,True,2,8.01,pressure_spike
1190,Rev2,2,W042,PX-7500,CH-C,C1,Center,0.0,0.0,68.98,69.15,64.19,394.9,True,True,True,True,0,0.0,
1191,Rev2,2,W042,PX-7500,CH-C,MID-01,Mid,0.52,30.0,71.11,69.22,66.82,419.0,True,True,True,True,0,0.0,
1192,Rev2,2,W042,PX-7500,CH-C,MID-02,Mid,0.52,90.0,75.73,70.54,60.5,405.6,False,True,True,True,2,9.87,esc_temp_drift
1193,Rev2,2,W042,PX-7500,CH-C,MID-03,Mid,0.52,150.0,72.53,69.6,68.85,423.6,True,True,True,True,1,4.98,endpoint_late
1194,Rev2,2,W042,PX-7500,CH-C,MID-04,Mid,0.52,210.0,72.52,71.42,64.12,401.9,True,True,True,True,0,0.0,
1195,Rev2,2,W042,PX-7500,CH-C,MID-05,Mid,0.52,270.0,72.02,68.83,64.98,405.8,True,True,True,True,0,0.0,
1196,Rev2,2,W042,PX-7500,CH-C,MID-06,Mid,0.52,330.0,71.66,72.78,68.83,404.2,True,True,True,True,0,0.0,
1197,Rev2,2,W042,PX-7500,CH-C,EDG-01,Edge,0.84,0.0,72.8,69.28,65.15,437.1,True,True,True,True,0,0.0,
1198,Rev2,2,W042,PX-7500,CH-C,EDG-02,Edge,0.84,32.7,74.73,72.81,66.63,452.5,True,False,True,False,0,0.0,
1199,Rev2,2,W042,PX-7500,CH-C,EDG-03,Edge,0.84,65.5,72.57,71.51,65.52,439.2,True,True,True,True,2,8.48,arc_event
1200,Rev2,2,W042,PX-7500,CH-C,EDG-04,Edge,0.84,98.2,72.48,71.81,64.26,415.6,True,True,True,True,0,0.0,
1201,Rev2,2,W042,PX-7500,CH-C,EDG-05,Edge,0.84,130.9,73.7,69.74,68.44,429.0,True,True,True,True,1,3.65,polymer_residue
1202,Rev2,2,W042,PX-7500,CH-C,EDG-06,Edge,0.84,163.6,71.52,70.81,65.57,423.6,True,True,True,True,1,3.91,polymer_residue
1203,Rev2,2,W042,PX-7500,CH-C,EDG-07,Edge,0.84,196.4,70.96,72.38,70.52,402.3,True,True,True,True,1,4.41,
1204,Rev2,2,W042,PX-7500,CH-C,EDG-08,Edge,0.84,229.1,73.13,70.91,65.36,429.1,True,True,True,True,1,3.26,polymer_residue
1205,Rev2,2,W042,PX-7500,CH-C,EDG-09,Edge,0.84,261.8,74.28,73.82,62.77,393.3,True,False,True,True,1,2.54,arc_event
1206,Rev2,2,W042,PX-7500,CH-C,EDG-10,Edge,0.84,294.5,76.05,70.88,66.94,392.2,False,True,True,True,0,0.0,
1207,Rev2,2,W042,PX-7500,CH-C,EDG-11,Edge,0.84,327.3,73.24,73.0,61.41,447.1,True,False,True,True,0,0.0,
1208,Rev2,2,W042,PX-7500,CH-C,EXT-01,Extreme Edge,0.96,16.4,73.3,69.04,63.62,384.5,True,True,True,True,0,0.0,
1209,Rev2,2,W042,PX-7500,CH-C,EXT-02,Extreme Edge,0.96,49.1,75.2,69.1,59.92,432.4,True,True,True,True,0,0.0,
1210,Rev2,2,W042,PX-7500,CH-C,EXT-03,Extreme Edge,0.96,81.8,73.88,72.53,62.09,447.4,True,True,True,True,0,0.0,
1211,Rev2,2,W042,PX-7500,CH-C,EXT-04,Extreme Edge,0.96,114.5,72.28,71.95,65.12,424.3,True,True,True,True,0,0.0,
1212,Rev2,2,W042,PX-7500,CH-C,EXT-05,Extreme Edge,0.96,147.3,72.31,70.64,69.37,413.5,True,True,True,True,1,3.28,polymer_residue
1213,Rev2,2,W042,PX-7500,CH-C,EXT-06,Extreme Edge,0.96,180.0,73.27,69.63,71.56,406.0,True,True,False,True,0,0.0,
1214,Rev2,2,W042,PX-7500,CH-C,EXT-07,Extreme Edge,0.96,212.7,75.49,74.15,66.04,393.7,False,False,True,True,1,3.96,
1215,Rev2,2,W042,PX-7500,CH-C,EXT-08,Extreme Edge,0.96,245.5,73.37,70.55,66.77,427.8,True,True,True,True,2,5.59,
1216,Rev2,2,W042,PX-7500,CH-C,EXT-09,Extreme Edge,0.96,278.2,74.17,68.76,70.38,408.1,True,True,True,True,2,8.55,
1217,Rev2,2,W042,PX-7500,CH-C,EXT-10,Extreme Edge,0.96,310.9,72.3,74.3,63.55,381.3,True,False,True,True,1,5.11,pressure_spike
1218,Rev2,2,W042,PX-7500,CH-C,EXT-11,Extreme Edge,0.96,343.6,74.01,75.37,66.02,423.2,True,False,True,True,1,5.64,
1219,Rev1,1,W043,AE-3200,CH-B,C1,Center,0.0,0.0,70.38,71.33,72.19,386.7,True,True,False,True,0,0.0,
1220,Rev1,1,W043,AE-3200,CH-B,MID-01,Mid,0.52,30.0,71.54,70.68,68.82,431.7,True,True,True,True,0,0.0,
1221,Rev1,1,W043,AE-3200,CH-B,MID-02,Mid,0.52,90.0,71.63,70.64,70.27,443.8,True,True,True,True,0,0.0,
1222,Rev1,1,W043,AE-3200,CH-B,MID-03,Mid,0.52,150.0,71.62,72.04,72.59,397.7,True,True,False,True,1,4.45,polymer_residue
1223,Rev1,1,W043,AE-3200,CH-B,MID-04,Mid,0.52,210.0,69.97,74.14,68.62,396.0,True,False,True,True,1,5.78,polymer_residue
1224,Rev1,1,W043,AE-3200,CH-B,MID-05,Mid,0.52,270.0,74.66,72.61,71.9,415.9,True,True,False,True,0,0.0,
1225,Rev1,1,W043,AE-3200,CH-B,MID-06,Mid,0.52,330.0,73.9,72.62,68.81,410.7,True,True,True,True,0,0.0,
1226,Rev1,1,W043,AE-3200,CH-B,EDG-01,Edge,0.84,0.0,74.47,72.32,79.14,464.2,True,True,False,False,0,0.0,
1227,Rev1,1,W043,AE-3200,CH-B,EDG-02,Edge,0.84,32.7,76.03,71.82,71.51,429.1,False,True,False,True,1,3.76,pressure_spike
1228,Rev1,1,W043,AE-3200,CH-B,EDG-03,Edge,0.84,65.5,72.36,72.18,75.34,439.1,True,True,False,True,1,5.58,endpoint_late
1229,Rev1,1,W043,AE-3200,CH-B,EDG-04,Edge,0.84,98.2,77.1,73.69,72.57,471.4,False,False,False,False,0,0.0,
1230,Rev1,1,W043,AE-3200,CH-B,EDG-05,Edge,0.84,130.9,73.92,71.92,72.8,411.5,True,True,False,True,1,4.98,
1231,Rev1,1,W043,AE-3200,CH-B,EDG-06,Edge,0.84,163.6,75.72,70.6,71.15,396.6,False,True,False,True,1,5.81,polymer_residue
1232,Rev1,1,W043,AE-3200,CH-B,EDG-07,Edge,0.84,196.4,72.35,72.05,73.2,428.4,True,True,False,True,0,0.0,
1233,Rev1,1,W043,AE-3200,CH-B,EDG-08,Edge,0.84,229.1,74.18,71.9,72.37,451.8,True,True,False,True,1,2.52,pressure_spike
1234,Rev1,1,W043,AE-3200,CH-B,EDG-09,Edge,0.84,261.8,69.93,73.05,71.14,461.4,True,False,False,False,1,4.64,esc_temp_drift
1235,Rev1,1,W043,AE-3200,CH-B,EDG-10,Edge,0.84,294.5,78.9,70.39,73.81,430.2,False,True,False,True,2,6.02,
1236,Rev1,1,W043,AE-3200,CH-B,EDG-11,Edge,0.84,327.3,73.56,74.7,74.46,433.2,True,False,False,True,0,0.0,
1237,Rev1,1,W043,AE-3200,CH-B,EXT-01,Extreme Edge,0.96,16.4,73.44,71.39,69.65,411.0,True,True,True,True,0,0.0,
1238,Rev1,1,W043,AE-3200,CH-B,EXT-02,Extreme Edge,0.96,49.1,75.2,70.89,67.48,388.3,True,True,True,True,0,0.0,
1239,Rev1,1,W043,AE-3200,CH-B,EXT-03,Extreme Edge,0.96,81.8,75.08,71.07,74.07,413.7,True,True,False,True,0,0.0,
1240,Rev1,1,W043,AE-3200,CH-B,EXT-04,Extreme Edge,0.96,114.5,73.9,70.75,72.85,426.1,True,True,False,True,0,0.0,
1241,Rev1,1,W043,AE-3200,CH-B,EXT-05,Extreme Edge,0.96,147.3,72.15,71.58,77.97,395.3,True,True,False,True,1,3.59,
1242,Rev1,1,W043,AE-3200,CH-B,EXT-06,Extreme Edge,0.96,180.0,76.14,72.25,69.65,442.1,False,True,True,True,2,3.7,
1243,Rev1,1,W043,AE-3200,CH-B,EXT-07,Extreme Edge,0.96,212.7,74.9,71.17,76.28,433.6,True,True,False,True,1,6.32,esc_temp_drift
1244,Rev1,1,W043,AE-3200,CH-B,EXT-08,Extreme Edge,0.96,245.5,74.86,71.85,74.52,451.3,True,True,False,True,0,0.0,
1245,Rev1,1,W043,AE-3200,CH-B,EXT-09,Extreme Edge,0.96,278.2,75.48,73.7,72.89,397.2,False,False,False,True,2,7.88,polymer_residue
1246,Rev1,1,W043,AE-3200,CH-B,EXT-10,Extreme Edge,0.96,310.9,74.31,72.45,76.4,454.4,True,True,False,False,0,0.0,
1247,Rev1,1,W043,AE-3200,CH-B,EXT-11,Extreme Edge,0.96,343.6,72.78,73.64,71.92,460.6,True,False,False,False,1,5.37,pressure_spike
1248,Rev3,3,W044,PX-7500,CH-D,C1,Center,0.0,0.0,73.06,70.16,63.84,415.3,True,True,True,True,0,0.0,
1249,Rev3,3,W044,PX-7500,CH-D,MID-01,Mid,0.52,30.0,72.34,70.86,64.85,413.9,True,True,True,True,0,0.0,
1250,Rev3,3,W044,PX-7500,CH-D,MID-02,Mid,0.52,90.0,71.89,68.14,64.47,453.1,True,True,True,False,0,0.0,
1251,Rev3,3,W044,PX-7500,CH-D,MID-03,Mid,0.52,150.0,72.29,68.1,65.88,428.3,True,True,True,True,0,0.0,
1252,Rev3,3,W044,PX-7500,CH-D,MID-04,Mid,0.52,210.0,73.53,68.28,64.59,418.7,True,True,True,True,1,6.13,
1253,Rev3,3,W044,PX-7500,CH-D,MID-05,Mid,0.52,270.0,73.2,71.07,58.42,464.7,True,True,False,False,0,0.0,
1254,Rev3,3,W044,PX-7500,CH-D,MID-06,Mid,0.52,330.0,71.95,68.86,65.66,433.0,True,True,True,True,0,0.0,
1255,Rev3,3,W044,PX-7500,CH-D,EDG-01,Edge,0.84,0.0,73.72,72.66,69.24,413.9,True,True,True,True,0,0.0,
1256,Rev3,3,W044,PX-7500,CH-D,EDG-02,Edge,0.84,32.7,72.7,71.25,68.33,443.3,True,True,True,True,0,0.0,
1257,Rev3,3,W044,PX-7500,CH-D,EDG-03,Edge,0.84,65.5,73.76,74.15,67.11,444.7,True,False,True,True,1,4.31,pressure_spike
1258,Rev3,3,W044,PX-7500,CH-D,EDG-04,Edge,0.84,98.2,74.39,71.41,63.91,434.0,True,True,True,True,0,0.0,
1259,Rev3,3,W044,PX-7500,CH-D,EDG-05,Edge,0.84,130.9,72.52,73.81,70.05,447.4,True,False,True,True,0,0.0,
1260,Rev3,3,W044,PX-7500,CH-D,EDG-06,Edge,0.84,163.6,74.5,70.22,66.69,460.7,True,True,True,False,0,0.0,
1261,Rev3,3,W044,PX-7500,CH-D,EDG-07,Edge,0.84,196.4,74.05,72.57,62.8,426.7,True,True,True,True,0,0.0,
1262,Rev3,3,W044,PX-7500,CH-D,EDG-08,Edge,0.84,229.1,73.07,69.88,66.75,437.5,True,True,True,True,0,0.0,
1263,Rev3,3,W044,PX-7500,CH-D,EDG-09,Edge,0.84,261.8,74.47,72.85,67.41,457.0,True,False,True,False,0,0.0,
1264,Rev3,3,W044,PX-7500,CH-D,EDG-10,Edge,0.84,294.5,73.21,70.74,68.16,464.8,True,True,True,False,0,0.0,
1265,Rev3,3,W044,PX-7500,CH-D,EDG-11,Edge,0.84,327.3,71.91,69.33,69.52,461.5,True,True,True,False,0,0.0,
1266,Rev3,3,W044,PX-7500,CH-D,EXT-01,Extreme Edge,0.96,16.4,74.1,73.33,68.95,446.2,True,False,True,True,0,0.0,
1267,Rev3,3,W044,PX-7500,CH-D,EXT-02,Extreme Edge,0.96,49.1,72.12,71.83,67.42,482.6,True,True,True,False,1,4.64,pressure_spike
1268,Rev3,3,W044,PX-7500,CH-D,EXT-03,Extreme Edge,0.96,81.8,74.14,72.28,69.31,449.0,True,True,True,True,2,12.71,polymer_residue
1269,Rev3,3,W044,PX-7500,CH-D,EXT-04,Extreme Edge,0.96,114.5,74.03,71.45,72.12,445.1,True,True,False,True,0,0.0,
1270,Rev3,3,W044,PX-7500,CH-D,EXT-05,Extreme Edge,0.96,147.3,73.91,72.37,67.27,437.5,True,True,True,True,1,2.57,
1271,Rev3,3,W044,PX-7500,CH-D,EXT-06,Extreme Edge,0.96,180.0,74.39,74.68,66.48,424.4,True,False,True,True,1,3.43,polymer_residue
1272,Rev3,3,W044,PX-7500,CH-D,EXT-07,Extreme Edge,0.96,212.7,75.35,73.33,68.1,493.3,False,False,True,False,2,12.08,endpoint_late
1273,Rev3,3,W044,PX-7500,CH-D,EXT-08,Extreme Edge,0.96,245.5,75.59,70.65,62.27,462.4,False,True,True,False,0,0.0,
1274,Rev3,3,W044,PX-7500,CH-D,EXT-09,Extreme Edge,0.96,278.2,75.16,71.91,65.66,454.0,True,True,True,False,1,2.76,
1275,Rev3,3,W044,PX-7500,CH-D,EXT-10,Extreme Edge,0.96,310.9,73.39,73.24,64.98,470.1,True,False,True,False,0,0.0,
1276,Rev3,3,W044,PX-7500,CH-D,EXT-11,Extreme Edge,0.96,343.6,74.92,72.63,65.01,454.1,True,True,True,False,0,0.0,
1277,Rev10,10,W045,PX-7500,CH-C,C1,Center,0.0,0.0,70.2,69.93,64.61,371.2,True,True,True,False,0,0.0,
1278,Rev10,10,W045,PX-7500,CH-C,MID-01,Mid,0.52,30.0,72.3,69.08,65.0,385.1,True,True,True,True,0,0.0,
1279,Rev10,10,W045,PX-7500,CH-C,MID-02,Mid,0.52,90.0,69.25,69.13,67.53,392.2,True,True,True,True,0,0.0,
1280,Rev10,10,W045,PX-7500,CH-C,MID-03,Mid,0.52,150.0,71.36,67.64,65.89,368.7,True,True,True,False,0,0.0,
1281,Rev10,10,W045,PX-7500,CH-C,MID-04,Mid,0.52,210.0,69.18,70.09,65.36,397.4,True,True,True,True,0,0.0,
1282,Rev10,10,W045,PX-7500,CH-C,MID-05,Mid,0.52,270.0,70.72,67.49,64.59,383.2,True,True,True,True,0,0.0,
1283,Rev10,10,W045,PX-7500,CH-C,MID-06,Mid,0.52,330.0,70.94,71.24,67.17,365.6,True,True,True,False,0,0.0,
1284,Rev10,10,W045,PX-7500,CH-C,EDG-01,Edge,0.84,0.0,72.09,69.2,70.35,411.9,True,True,True,True,0,0.0,
1285,Rev10,10,W045,PX-7500,CH-C,EDG-02,Edge,0.84,32.7,72.49,70.59,73.04,393.7,True,True,False,True,0,0.0,
1286,Rev10,10,W045,PX-7500,CH-C,EDG-03,Edge,0.84,65.5,73.67,70.72,70.27,393.4,True,True,True,True,0,0.0,
1287,Rev10,10,W045,PX-7500,CH-C,EDG-04,Edge,0.84,98.2,71.11,68.51,71.41,405.6,True,True,False,True,0,0.0,
1288,Rev10,10,W045,PX-7500,CH-C,EDG-05,Edge,0.84,130.9,73.33,70.91,67.77,368.5,True,True,True,False,0,0.0,
1289,Rev10,10,W045,PX-7500,CH-C,EDG-06,Edge,0.84,163.6,73.6,70.58,70.96,330.0,True,True,False,False,1,5.46,
1290,Rev10,10,W045,PX-7500,CH-C,EDG-07,Edge,0.84,196.4,72.83,69.31,68.11,404.9,True,True,True,True,0,0.0,
1291,Rev10,10,W045,PX-7500,CH-C,EDG-08,Edge,0.84,229.1,72.43,70.47,66.72,419.1,True,True,True,True,0,0.0,
1292,Rev10,10,W045,PX-7500,CH-C,EDG-09,Edge,0.84,261.8,72.53,68.62,69.67,403.4,True,True,True,True,0,0.0,
1293,Rev10,10,W045,PX-7500,CH-C,EDG-10,Edge,0.84,294.5,72.12,68.63,71.91,365.4,True,True,False,False,0,0.0,
1294,Rev10,10,W045,PX-7500,CH-C,EDG-11,Edge,0.84,327.3,74.7,71.17,68.92,380.9,True,True,True,True,2,12.51,polymer_residue
1295,Rev10,10,W045,PX-7500,CH-C,EXT-01,Extreme Edge,0.96,16.4,72.68,69.74,67.58,315.9,True,True,True,False,0,0.0,
1296,Rev10,10,W045,PX-7500,CH-C,EXT-02,Extreme Edge,0.96,49.1,72.25,66.76,66.32,403.5,True,True,True,True,1,3.11,polymer_residue
1297,Rev10,10,W045,PX-7500,CH-C,EXT-03,Extreme Edge,0.96,81.8,72.58,69.63,69.08,403.4,True,True,True,True,1,5.19,pressure_spike
1298,Rev10,10,W045,PX-7500,CH-C,EXT-04,Extreme Edge,0.96,114.5,71.44,73.16,67.83,400.0,True,False,True,True,0,0.0,
1299,Rev10,10,W045,PX-7500,CH-C,EXT-05,Extreme Edge,0.96,147.3,74.21,69.63,63.22,395.2,True,True,True,True,0,0.0,
1300,Rev10,10,W045,PX-7500,CH-C,EXT-06,Extreme Edge,0.96,180.0,75.78,67.68,68.65,375.8,False,True,True,False,1,3.35,arc_event
1301,Rev10,10,W045,PX-7500,CH-C,EXT-07,Extreme Edge,0.96,212.7,73.31,72.49,72.71,422.1,True,True,False,True,1,4.51,
1302,Rev10,10,W045,PX-7500,CH-C,EXT-08,Extreme Edge,0.96,245.5,73.48,71.58,71.17,389.6,True,True,False,True,1,2.91,arc_event
1303,Rev10,10,W045,PX-7500,CH-C,EXT-09,Extreme Edge,0.96,278.2,74.55,71.34,71.02,401.3,True,True,False,True,1,2.93,polymer_residue
1304,Rev10,10,W045,PX-7500,CH-C,EXT-10,Extreme Edge,0.96,310.9,73.69,70.6,72.62,401.3,True,True,False,True,0,0.0,
1305,Rev10,10,W045,PX-7500,CH-C,EXT-11,Extreme Edge,0.96,343.6,73.63,69.15,67.12,382.4,True,True,True,True,1,2.05,
1306,Rev4,4,W046,AE-3200,CH-A,C1,Center,0.0,0.0,72.38,68.94,62.96,424.7,True,True,True,True,0,0.0,
1307,Rev4,4,W046,AE-3200,CH-A,MID-01,Mid,0.52,30.0,75.79,71.28,64.16,431.6,False,True,True,True,1,4.7,
1308,Rev4,4,W046,AE-3200,CH-A,MID-02,Mid,0.52,90.0,74.71,70.93,62.26,421.8,True,True,True,True,0,0.0,
1309,Rev4,4,W046,AE-3200,CH-A,MID-03,Mid,0.52,150.0,76.05,69.31,66.22,459.7,False,True,True,False,0,0.0,
1310,Rev4,4,W046,AE-3200,CH-A,MID-04,Mid,0.52,210.0,70.53,67.36,60.64,431.4,True,True,True,True,0,0.0,
1311,Rev4,4,W046,AE-3200,CH-A,MID-05,Mid,0.52,270.0,73.64,69.49,68.41,489.2,True,True,True,False,0,0.0,
1312,Rev4,4,W046,AE-3200,CH-A,MID-06,Mid,0.52,330.0,74.06,69.75,64.61,450.0,True,True,True,True,0,0.0,
1313,Rev4,4,W046,AE-3200,CH-A,EDG-01,Edge,0.84,0.0,74.28,70.95,72.6,432.0,True,True,False,True,0,0.0,
1314,Rev4,4,W046,AE-3200,CH-A,EDG-02,Edge,0.84,32.7,76.87,70.88,65.06,444.5,False,True,True,True,0,0.0,
1315,Rev4,4,W046,AE-3200,CH-A,EDG-03,Edge,0.84,65.5,75.49,71.42,67.68,479.1,False,True,True,False,0,0.0,
1316,Rev4,4,W046,AE-3200,CH-A,EDG-04,Edge,0.84,98.2,74.6,69.59,70.89,455.8,True,True,False,False,0,0.0,
1317,Rev4,4,W046,AE-3200,CH-A,EDG-05,Edge,0.84,130.9,75.07,72.0,61.56,454.2,True,True,True,False,0,0.0,
1318,Rev4,4,W046,AE-3200,CH-A,EDG-06,Edge,0.84,163.6,74.97,70.7,62.48,463.7,True,True,True,False,0,0.0,
1319,Rev4,4,W046,AE-3200,CH-A,EDG-07,Edge,0.84,196.4,76.04,71.96,66.54,465.1,False,True,True,False,1,6.33,polymer_residue
1320,Rev4,4,W046,AE-3200,CH-A,EDG-08,Edge,0.84,229.1,74.42,71.61,69.54,486.9,True,True,True,False,0,0.0,
1321,Rev4,4,W046,AE-3200,CH-A,EDG-09,Edge,0.84,261.8,75.72,66.22,68.32,497.1,False,True,True,False,0,0.0,
1322,Rev4,4,W046,AE-3200,CH-A,EDG-10,Edge,0.84,294.5,76.53,70.67,67.32,455.8,False,True,True,False,1,3.63,endpoint_late
1323,Rev4,4,W046,AE-3200,CH-A,EDG-11,Edge,0.84,327.3,74.42,68.69,70.05,462.2,True,True,True,False,0,0.0,
1324,Rev4,4,W046,AE-3200,CH-A,EXT-01,Extreme Edge,0.96,16.4,74.84,70.79,64.94,459.9,True,True,True,False,3,8.58,
1325,Rev4,4,W046,AE-3200,CH-A,EXT-02,Extreme Edge,0.96,49.1,77.14,69.19,73.22,453.9,False,True,False,False,1,5.44,arc_event
1326,Rev4,4,W046,AE-3200,CH-A,EXT-03,Extreme Edge,0.96,81.8,73.12,68.99,73.41,457.0,True,True,False,False,2,5.53,pressure_spike
1327,Rev4,4,W046,AE-3200,CH-A,EXT-04,Extreme Edge,0.96,114.5,75.91,70.66,68.78,448.8,False,True,True,True,1,4.02,polymer_residue
1328,Rev4,4,W046,AE-3200,CH-A,EXT-05,Extreme Edge,0.96,147.3,78.3,71.19,66.55,462.8,False,True,True,False,0,0.0,
1329,Rev4,4,W046,AE-3200,CH-A,EXT-06,Extreme Edge,0.96,180.0,76.6,69.83,66.82,466.1,False,True,True,False,0,0.0,
1330,Rev4,4,W046,AE-3200,CH-A,EXT-07,Extreme Edge,0.96,212.7,75.36,71.79,64.06,438.0,False,True,True,True,1,5.11,
1331,Rev4,4,W046,AE-3200,CH-A,EXT-08,Extreme Edge,0.96,245.5,77.07,74.18,63.39,478.4,False,False,True,False,1,2.5,pressure_spike
1332,Rev4,4,W046,AE-3200,CH-A,EXT-09,Extreme Edge,0.96,278.2,76.58,70.24,63.08,455.5,False,True,True,False,1,2.76,
1333,Rev4,4,W046,AE-3200,CH-A,EXT-10,Extreme Edge,0.96,310.9,75.64,70.21,68.42,451.9,False,True,True,True,0,0.0,
1334,Rev4,4,W046,AE-3200,CH-A,EXT-11,Extreme Edge,0.96,343.6,76.32,71.95,66.56,472.6,False,True,True,False,0,0.0,
1335,Rev9,9,W047,AE-3200,CH-B,C1,Center,0.0,0.0,73.67,69.59,63.65,394.5,True,True,True,True,0,0.0,
1336,Rev9,9,W047,AE-3200,CH-B,MID-01,Mid,0.52,30.0,73.5,68.6,61.7,400.5,True,True,True,True,0,0.0,
1337,Rev9,9,W047,AE-3200,CH-B,MID-02,Mid,0.52,90.0,74.18,71.07,68.46,382.5,True,True,True,True,0,0.0,
1338,Rev9,9,W047,AE-3200,CH-B,MID-03,Mid,0.52,150.0,73.53,67.68,65.59,397.3,True,True,True,True,0,0.0,
1339,Rev9,9,W047,AE-3200,CH-B,MID-04,Mid,0.52,210.0,74.82,72.23,62.32,393.4,True,True,True,True,0,0.0,
1340,Rev9,9,W047,AE-3200,CH-B,MID-05,Mid,0.52,270.0,75.82,74.21,66.46,386.0,False,False,True,True,0,0.0,
1341,Rev9,9,W047,AE-3200,CH-B,MID-06,Mid,0.52,330.0,76.27,69.43,63.93,415.2,False,True,True,True,0,0.0,
1342,Rev9,9,W047,AE-3200,CH-B,EDG-01,Edge,0.84,0.0,74.85,67.68,68.8,442.9,True,True,True,True,0,0.0,
1343,Rev9,9,W047,AE-3200,CH-B,EDG-02,Edge,0.84,32.7,77.45,67.87,62.16,398.5,False,True,True,True,0,0.0,
1344,Rev9,9,W047,AE-3200,CH-B,EDG-03,Edge,0.84,65.5,74.56,69.6,67.99,388.7,True,True,True,True,0,0.0,
1345,Rev9,9,W047,AE-3200,CH-B,EDG-04,Edge,0.84,98.2,76.46,74.11,65.49,404.3,False,False,True,True,1,4.42,
1346,Rev9,9,W047,AE-3200,CH-B,EDG-05,Edge,0.84,130.9,75.19,69.36,64.54,386.1,True,True,True,True,0,0.0,
1347,Rev9,9,W047,AE-3200,CH-B,EDG-06,Edge,0.84,163.6,75.98,68.26,68.91,418.4,False,True,True,True,1,3.84,polymer_residue
1348,Rev9,9,W047,AE-3200,CH-B,EDG-07,Edge,0.84,196.4,74.4,71.02,69.75,416.6,True,True,True,True,0,0.0,
1349,Rev9,9,W047,AE-3200,CH-B,EDG-08,Edge,0.84,229.1,74.48,68.02,61.49,404.6,True,True,True,True,0,0.0,
1350,Rev9,9,W047,AE-3200,CH-B,EDG-09,Edge,0.84,261.8,77.42,66.82,66.85,399.3,False,True,True,True,0,0.0,
1351,Rev9,9,W047,AE-3200,CH-B,EDG-10,Edge,0.84,294.5,75.34,69.82,58.91,412.5,False,True,False,True,1,3.18,polymer_residue
1352,Rev9,9,W047,AE-3200,CH-B,EDG-11,Edge,0.84,327.3,75.22,69.19,68.9,360.7,False,True,True,False,1,4.96,
1353,Rev9,9,W047,AE-3200,CH-B,EXT-01,Extreme Edge,0.96,16.4,73.91,73.2,66.96,401.9,True,False,True,True,1,2.8,
1354,Rev9,9,W047,AE-3200,CH-B,EXT-02,Extreme Edge,0.96,49.1,75.26,69.02,72.28,431.4,False,True,False,True,2,8.06,polymer_residue
1355,Rev9,9,W047,AE-3200,CH-B,EXT-03,Extreme Edge,0.96,81.8,77.63,71.28,69.22,424.0,False,True,True,True,1,6.34,
1356,Rev9,9,W047,AE-3200,CH-B,EXT-04,Extreme Edge,0.96,114.5,74.93,72.1,66.26,421.2,True,True,True,True,0,0.0,
1357,Rev9,9,W047,AE-3200,CH-B,EXT-05,Extreme Edge,0.96,147.3,76.81,71.57,68.42,383.3,False,True,True,True,0,0.0,
1358,Rev9,9,W047,AE-3200,CH-B,EXT-06,Extreme Edge,0.96,180.0,75.78,71.9,67.99,414.4,False,True,True,True,1,6.45,
1359,Rev9,9,W047,AE-3200,CH-B,EXT-07,Extreme Edge,0.96,212.7,76.0,70.95,65.83,414.2,False,True,True,True,0,0.0,
1360,Rev9,9,W047,AE-3200,CH-B,EXT-08,Extreme Edge,0.96,245.5,72.85,73.79,66.46,396.7,True,False,True,True,0,0.0,
1361,Rev9,9,W047,AE-3200,CH-B,EXT-09,Extreme Edge,0.96,278.2,76.32,69.6,67.86,394.5,False,True,True,True,0,0.0,
1362,Rev9,9,W047,AE-3200,CH-B,EXT-10,Extreme Edge,0.96,310.9,75.29,70.34,65.11,391.0,False,True,True,True,0,0.0,
1363,Rev9,9,W047,AE-3200,CH-B,EXT-11,Extreme Edge,0.96,343.6,76.38,71.8,71.75,396.2,False,True,False,True,0,0.0,
1364,Rev7,7,W048,PX-7500,CH-D,C1,Center,0.0,0.0,74.29,67.98,66.28,400.7,True,True,True,True,0,0.0,
1365,Rev7,7,W048,PX-7500,CH-D,MID-01,Mid,0.52,30.0,72.73,68.41,63.82,421.5,True,True,True,True,0,0.0,
1366,Rev7,7,W048,PX-7500,CH-D,MID-02,Mid,0.52,90.0,74.17,70.31,59.69,413.9,True,True,True,True,0,0.0,
1367,Rev7,7,W048,PX-7500,CH-D,MID-03,Mid,0.52,150.0,73.67,71.41,63.05,401.0,True,True,True,True,0,0.0,
1368,Rev7,7,W048,PX-7500,CH-D,MID-04,Mid,0.52,210.0,75.72,70.36,67.43,403.2,False,True,True,True,0,0.0,
1369,Rev7,7,W048,PX-7500,CH-D,MID-05,Mid,0.52,270.0,73.2,68.47,65.08,423.0,True,True,True,True,0,0.0,
1370,Rev7,7,W048,PX-7500,CH-D,MID-06,Mid,0.52,330.0,74.99,71.22,66.08,419.4,True,True,True,True,0,0.0,
1371,Rev7,7,W048,PX-7500,CH-D,EDG-01,Edge,0.84,0.0,74.48,68.77,58.86,442.0,True,True,False,True,0,0.0,
1372,Rev7,7,W048,PX-7500,CH-D,EDG-02,Edge,0.84,32.7,74.93,69.04,63.67,444.2,True,True,True,True,1,2.77,polymer_residue
1373,Rev7,7,W048,PX-7500,CH-D,EDG-03,Edge,0.84,65.5,74.25,71.6,66.19,432.2,True,True,True,True,0,0.0,
1374,Rev7,7,W048,PX-7500,CH-D,EDG-04,Edge,0.84,98.2,76.77,71.79,67.39,435.4,False,True,True,True,0,0.0,
1375,Rev7,7,W048,PX-7500,CH-D,EDG-05,Edge,0.84,130.9,75.9,72.65,65.03,431.3,False,True,True,True,0,0.0,
1376,Rev7,7,W048,PX-7500,CH-D,EDG-06,Edge,0.84,163.6,74.95,73.41,63.2,438.7,True,False,True,True,1,4.92,
1377,Rev7,7,W048,PX-7500,CH-D,EDG-07,Edge,0.84,196.4,74.18,69.67,65.35,436.4,True,True,True,True,1,2.77,
1378,Rev7,7,W048,PX-7500,CH-D,EDG-08,Edge,0.84,229.1,74.76,69.93,66.09,464.0,True,True,True,False,0,0.0,
1379,Rev7,7,W048,PX-7500,CH-D,EDG-09,Edge,0.84,261.8,75.5,69.56,67.31,408.8,False,True,True,True,0,0.0,
1380,Rev7,7,W048,PX-7500,CH-D,EDG-10,Edge,0.84,294.5,73.45,70.71,64.68,469.3,True,True,True,False,1,2.49,arc_event
1381,Rev7,7,W048,PX-7500,CH-D,EDG-11,Edge,0.84,327.3,77.12,73.0,66.98,432.5,False,False,True,True,0,0.0,
1382,Rev7,7,W048,PX-7500,CH-D,EXT-01,Extreme Edge,0.96,16.4,74.61,75.26,63.62,407.4,True,False,True,True,0,0.0,
1383,Rev7,7,W048,PX-7500,CH-D,EXT-02,Extreme Edge,0.96,49.1,76.62,76.59,67.31,450.7,False,False,True,True,2,10.81,polymer_residue
1384,Rev7,7,W048,PX-7500,CH-D,EXT-03,Extreme Edge,0.96,81.8,77.34,72.86,62.13,448.3,False,False,True,True,2,9.25,polymer_residue
1385,Rev7,7,W048,PX-7500,CH-D,EXT-04,Extreme Edge,0.96,114.5,78.31,69.32,68.33,394.6,False,True,True,True,0,0.0,
1386,Rev7,7,W048,PX-7500,CH-D,EXT-05,Extreme Edge,0.96,147.3,75.41,72.95,73.35,441.1,False,False,False,True,0,0.0,
1387,Rev7,7,W048,PX-7500,CH-D,EXT-06,Extreme Edge,0.96,180.0,74.46,73.68,67.41,428.6,True,False,True,True,0,0.0,
1388,Rev7,7,W048,PX-7500,CH-D,EXT-07,Extreme Edge,0.96,212.7,75.75,71.19,64.12,455.8,False,True,True,False,2,9.91,
1389,Rev7,7,W048,PX-7500,CH-D,EXT-08,Extreme Edge,0.96,245.5,76.08,73.87,64.04,449.9,False,False,True,True,0,0.0,
1390,Rev7,7,W048,PX-7500,CH-D,EXT-09,Extreme Edge,0.96,278.2,75.37,70.55,66.13,417.0,False,True,True,True,1,3.47,
1391,Rev7,7,W048,PX-7500,CH-D,EXT-10,Extreme Edge,0.96,310.9,77.25,72.96,63.71,464.8,False,False,True,False,1,6.39,
1392,Rev7,7,W048,PX-7500,CH-D,EXT-11,Extreme Edge,0.96,343.6,75.15,71.48,66.95,437.1,True,True,True,True,0,0.0,
1393,Rev11,11,W049,PX-7500,CH-D,C1,Center,0.0,0.0,70.58,70.22,72.53,408.0,True,True,False,True,1,2.55,
1394,Rev11,11,W049,PX-7500,CH-D,MID-01,Mid,0.52,30.0,72.68,69.37,69.6,439.1,True,True,True,True,0,0.0,
1395,Rev11,11,W049,PX-7500,CH-D,MID-02,Mid,0.52,90.0,73.48,68.11,70.01,386.0,True,True,True,True,0,0.0,
1396,Rev11,11,W049,PX-7500,CH-D,MID-03,Mid,0.52,150.0,73.62,68.41,72.35,442.9,True,True,False,True,1,5.74,
1397,Rev11,11,W049,PX-7500,CH-D,MID-04,Mid,0.52,210.0,74.46,69.15,66.83,422.0,True,True,True,True,0,0.0,
1398,Rev11,11,W049,PX-7500,CH-D,MID-05,Mid,0.52,270.0,74.22,73.02,72.47,425.4,True,False,False,True,0,0.0,
1399,Rev11,11,W049,PX-7500,CH-D,MID-06,Mid,0.52,330.0,73.26,69.5,67.47,429.7,True,True,True,True,0,0.0,
1400,Rev11,11,W049,PX-7500,CH-D,EDG-01,Edge,0.84,0.0,71.4,72.6,70.9,450.4,True,True,False,True,0,0.0,
1401,Rev11,11,W049,PX-7500,CH-D,EDG-02,Edge,0.84,32.7,75.74,69.07,68.55,450.1,False,True,True,True,0,0.0,
1402,Rev11,11,W049,PX-7500,CH-D,EDG-03,Edge,0.84,65.5,76.93,68.7,74.14,451.2,False,True,False,True,1,2.49,
1403,Rev11,11,W049,PX-7500,CH-D,EDG-04,Edge,0.84,98.2,71.35,71.74,70.19,433.4,True,True,True,True,0,0.0,
1404,Rev11,11,W049,PX-7500,CH-D,EDG-05,Edge,0.84,130.9,72.08,69.43,72.08,408.5,True,True,False,True,3,15.37,
1405,Rev11,11,W049,PX-7500,CH-D,EDG-06,Edge,0.84,163.6,72.52,69.47,69.06,433.1,True,True,True,True,1,4.54,polymer_residue
1406,Rev11,11,W049,PX-7500,CH-D,EDG-07,Edge,0.84,196.4,73.53,70.43,70.8,448.9,True,True,False,True,0,0.0,
1407,Rev11,11,W049,PX-7500,CH-D,EDG-08,Edge,0.84,229.1,74.06,68.8,70.14,422.2,True,True,True,True,2,10.12,arc_event
1408,Rev11,11,W049,PX-7500,CH-D,EDG-09,Edge,0.84,261.8,73.41,71.67,71.79,464.6,True,True,False,False,0,0.0,
1409,Rev11,11,W049,PX-7500,CH-D,EDG-10,Edge,0.84,294.5,73.79,73.1,71.79,426.5,True,False,False,True,0,0.0,
1410,Rev11,11,W049,PX-7500,CH-D,EDG-11,Edge,0.84,327.3,75.16,70.16,68.52,455.0,True,True,True,False,0,0.0,
1411,Rev11,11,W049,PX-7500,CH-D,EXT-01,Extreme Edge,0.96,16.4,72.99,72.24,69.85,429.7,True,True,True,True,0,0.0,
1412,Rev11,11,W049,PX-7500,CH-D,EXT-02,Extreme Edge,0.96,49.1,73.62,71.62,73.56,432.8,True,True,False,True,2,10.32,
1413,Rev11,11,W049,PX-7500,CH-D,EXT-03,Extreme Edge,0.96,81.8,74.94,70.87,69.81,441.6,True,True,True,True,0,0.0,
1414,Rev11,11,W049,PX-7500,CH-D,EXT-04,Extreme Edge,0.96,114.5,75.88,71.8,75.09,432.6,False,True,False,True,0,0.0,
1415,Rev11,11,W049,PX-7500,CH-D,EXT-05,Extreme Edge,0.96,147.3,75.74,72.29,67.11,404.6,False,True,True,True,0,0.0,
1416,Rev11,11,W049,PX-7500,CH-D,EXT-06,Extreme Edge,0.96,180.0,74.69,73.3,71.65,454.0,True,False,False,False,0,0.0,
1417,Rev11,11,W049,PX-7500,CH-D,EXT-07,Extreme Edge,0.96,212.7,73.96,71.25,72.94,456.8,True,True,False,False,2,5.8,
1418,Rev11,11,W049,PX-7500,CH-D,EXT-08,Extreme Edge,0.96,245.5,75.47,72.24,66.67,443.8,False,True,True,True,0,0.0,
1419,Rev11,11,W049,PX-7500,CH-D,EXT-09,Extreme Edge,0.96,278.2,72.97,69.37,72.92,452.1,True,True,False,False,0,0.0,
1420,Rev11,11,W049,PX-7500,CH-D,EXT-10,Extreme Edge,0.96,310.9,73.85,75.8,71.71,402.7,True,False,False,True,1,3.23,
1421,Rev11,11,W049,PX-7500,CH-D,EXT-11,Extreme Edge,0.96,343.6,74.3,68.55,74.02,408.9,True,True,False,True,4,8.5,
1422,Rev10,10,W050,PX-7500,CH-C,C1,Center,0.0,0.0,72.76,72.49,66.78,358.9,True,True,True,False,1,2.99,
1423,Rev10,10,W050,PX-7500,CH-C,MID-01,Mid,0.52,30.0,72.72,68.24,68.61,334.9,True,True,True,False,2,12.84,polymer_residue
1424,Rev10,10,W050,PX-7500,CH-C,MID-02,Mid,0.52,90.0,75.49,69.98,71.71,367.8,False,True,False,False,1,4.81,
1425,Rev10,10,W050,PX-7500,CH-C,MID-03,Mid,0.52,150.0,74.16,68.94,66.46,404.7,True,True,True,True,0,0.0,
1426,Rev10,10,W050,PX-7500,CH-C,MID-04,Mid,0.52,210.0,73.13,70.66,67.75,360.7,True,True,True,False,1,4.6,
1427,Rev10,10,W050,PX-7500,CH-C,MID-05,Mid,0.52,270.0,73.92,69.06,65.79,356.5,True,True,True,False,0,0.0,
1428,Rev10,10,W050,PX-7500,CH-C,MID-06,Mid,0.52,330.0,75.21,67.9,67.81,380.1,False,True,True,True,0,0.0,
1429,Rev10,10,W050,PX-7500,CH-C,EDG-01,Edge,0.84,0.0,74.69,70.94,68.56,362.9,True,True,True,False,0,0.0,
1430,Rev10,10,W050,PX-7500,CH-C,EDG-02,Edge,0.84,32.7,77.47,69.36,68.45,373.3,False,True,True,False,0,0.0,
1431,Rev10,10,W050,PX-7500,CH-C,EDG-03,Edge,0.84,65.5,76.46,70.39,65.52,379.4,False,True,True,True,0,0.0,
1432,Rev10,10,W050,PX-7500,CH-C,EDG-04,Edge,0.84,98.2,75.19,70.23,69.1,354.6,True,True,True,False,2,8.8,
1433,Rev10,10,W050,PX-7500,CH-C,EDG-05,Edge,0.84,130.9,77.01,71.93,67.43,375.1,False,True,True,False,1,2.99,polymer_residue
1434,Rev10,10,W050,PX-7500,CH-C,EDG-06,Edge,0.84,163.6,73.61,72.38,67.37,357.5,True,True,True,False,0,0.0,
1435,Rev10,10,W050,PX-7500,CH-C,EDG-07,Edge,0.84,196.4,76.7,73.52,71.44,384.8,False,False,False,True,1,5.62,arc_event
1436,Rev10,10,W050,PX-7500,CH-C,EDG-08,Edge,0.84,229.1,74.34,69.38,70.47,372.6,True,True,True,False,0,0.0,
1437,Rev10,10,W050,PX-7500,CH-C,EDG-09,Edge,0.84,261.8,76.82,71.74,64.81,377.8,False,True,True,True,0,0.0,
1438,Rev10,10,W050,PX-7500,CH-C,EDG-10,Edge,0.84,294.5,77.12,71.0,65.16,323.9,False,True,True,False,0,0.0,
1439,Rev10,10,W050,PX-7500,CH-C,EDG-11,Edge,0.84,327.3,73.69,71.64,66.15,363.9,True,True,True,False,0,0.0,
1440,Rev10,10,W050,PX-7500,CH-C,EXT-01,Extreme Edge,0.96,16.4,78.74,72.04,68.28,391.6,False,True,True,True,1,6.27,endpoint_late
1441,Rev10,10,W050,PX-7500,CH-C,EXT-02,Extreme Edge,0.96,49.1,75.55,71.07,70.55,381.8,False,True,True,True,1,4.03,
1442,Rev10,10,W050,PX-7500,CH-C,EXT-03,Extreme Edge,0.96,81.8,76.05,73.16,69.14,387.5,False,False,True,True,0,0.0,
1443,Rev10,10,W050,PX-7500,CH-C,EXT-04,Extreme Edge,0.96,114.5,76.19,73.37,67.48,385.6,False,False,True,True,0,0.0,
1444,Rev10,10,W050,PX-7500,CH-C,EXT-05,Extreme Edge,0.96,147.3,75.13,72.75,67.47,339.1,True,True,True,False,2,11.11,
1445,Rev10,10,W050,PX-7500,CH-C,EXT-06,Extreme Edge,0.96,180.0,77.23,72.28,71.26,366.0,False,True,False,False,2,5.4,
1446,Rev10,10,W050,PX-7500,CH-C,EXT-07,Extreme Edge,0.96,212.7,76.29,72.1,71.09,373.4,False,True,False,False,1,4.87,endpoint_late
1447,Rev10,10,W050,PX-7500,CH-C,EXT-08,Extreme Edge,0.96,245.5,78.8,72.46,70.07,374.8,False,True,True,False,1,5.98,endpoint_late
1448,Rev10,10,W050,PX-7500,CH-C,EXT-09,Extreme Edge,0.96,278.2,74.66,71.88,70.45,357.4,True,True,True,False,0,0.0,
1449,Rev10,10,W050,PX-7500,CH-C,EXT-10,Extreme Edge,0.96,310.9,73.78,73.66,67.7,350.2,True,False,True,False,0,0.0,
1450,Rev10,10,W050,PX-7500,CH-C,EXT-11,Extreme Edge,0.96,343.6,73.93,71.73,71.13,389.5,True,True,False,True,0,0.0,
1451,Rev6,6,W051,PX-7500,CH-C,C1,Center,0.0,0.0,71.92,68.5,58.9,400.2,True,True,False,True,0,0.0,
1452,Rev6,6,W051,PX-7500,CH-C,MID-01,Mid,0.52,30.0,76.54,68.59,63.46,436.6,False,True,True,True,0,0.0,
1453,Rev6,6,W051,PX-7500,CH-C,MID-02,Mid,0.52,90.0,73.88,70.05,60.96,481.2,True,True,True,False,1,2.64,endpoint_late
1454,Rev6,6,W051,PX-7500,CH-C,MID-03,Mid,0.52,150.0,76.46,70.51,61.6,443.6,False,True,True,True,0,0.0,
1455,Rev6,6,W051,PX-7500,CH-C,MID-04,Mid,0.52,210.0,75.17,69.79,64.71,458.6,True,True,True,False,1,6.07,arc_event
1456,Rev6,6,W051,PX-7500,CH-C,MID-05,Mid,0.52,270.0,72.35,71.33,66.86,434.6,True,True,True,True,0,0.0,
1457,Rev6,6,W051,PX-7500,CH-C,MID-06,Mid,0.52,330.0,76.09,67.22,67.25,408.7,False,True,True,True,0,0.0,
1458,Rev6,6,W051,PX-7500,CH-C,EDG-01,Edge,0.84,0.0,75.6,71.23,65.71,434.7,False,True,True,True,0,0.0,
1459,Rev6,6,W051,PX-7500,CH-C,EDG-02,Edge,0.84,32.7,74.79,68.87,62.89,466.5,True,True,True,False,0,0.0,
1460,Rev6,6,W051,PX-7500,CH-C,EDG-03,Edge,0.84,65.5,76.64,71.54,68.69,442.6,False,True,True,True,2,8.18,polymer_residue
1461,Rev6,6,W051,PX-7500,CH-C,EDG-04,Edge,0.84,98.2,74.13,70.47,62.72,448.8,True,True,True,True,0,0.0,
1462,Rev6,6,W051,PX-7500,CH-C,EDG-05,Edge,0.84,130.9,73.56,69.54,66.74,435.6,True,True,True,True,0,0.0,
1463,Rev6,6,W051,PX-7500,CH-C,EDG-06,Edge,0.84,163.6,76.99,70.73,66.24,415.2,False,True,True,True,2,5.19,pressure_spike
1464,Rev6,6,W051,PX-7500,CH-C,EDG-07,Edge,0.84,196.4,73.0,70.48,66.48,450.8,True,True,True,True,0,0.0,
1465,Rev6,6,W051,PX-7500,CH-C,EDG-08,Edge,0.84,229.1,75.41,70.2,68.45,433.5,False,True,True,True,0,0.0,
1466,Rev6,6,W051,PX-7500,CH-C,EDG-09,Edge,0.84,261.8,78.09,70.78,65.87,436.2,False,True,True,True,0,0.0,
1467,Rev6,6,W051,PX-7500,CH-C,EDG-10,Edge,0.84,294.5,73.55,68.99,66.33,456.6,True,True,True,False,1,5.88,
1468,Rev6,6,W051,PX-7500,CH-C,EDG-11,Edge,0.84,327.3,72.75,68.37,69.71,446.2,True,True,True,True,0,0.0,
1469,Rev6,6,W051,PX-7500,CH-C,EXT-01,Extreme Edge,0.96,16.4,74.68,72.67,62.64,457.2,True,True,True,False,1,2.96,
1470,Rev6,6,W051,PX-7500,CH-C,EXT-02,Extreme Edge,0.96,49.1,72.32,73.18,62.53,450.5,True,False,True,True,1,3.05,polymer_residue
1471,Rev6,6,W051,PX-7500,CH-C,EXT-03,Extreme Edge,0.96,81.8,74.98,72.16,69.03,424.8,True,True,True,True,1,3.5,pressure_spike
1472,Rev6,6,W051,PX-7500,CH-C,EXT-04,Extreme Edge,0.96,114.5,75.86,70.73,70.94,447.8,False,True,False,True,0,0.0,
1473,Rev6,6,W051,PX-7500,CH-C,EXT-05,Extreme Edge,0.96,147.3,77.41,73.15,63.84,444.6,False,False,True,True,0,0.0,
1474,Rev6,6,W051,PX-7500,CH-C,EXT-06,Extreme Edge,0.96,180.0,76.86,70.48,64.09,448.4,False,True,True,True,1,2.07,
1475,Rev6,6,W051,PX-7500,CH-C,EXT-07,Extreme Edge,0.96,212.7,76.58,71.32,71.31,445.9,False,True,False,True,1,1.94,
1476,Rev6,6,W051,PX-7500,CH-C,EXT-08,Extreme Edge,0.96,245.5,74.12,70.78,70.32,452.7,True,True,True,False,2,9.02,pressure_spike
1477,Rev6,6,W051,PX-7500,CH-C,EXT-09,Extreme Edge,0.96,278.2,77.23,70.09,65.46,477.8,False,True,True,False,2,11.39,
1478,Rev6,6,W051,PX-7500,CH-C,EXT-10,Extreme Edge,0.96,310.9,73.05,71.41,62.27,422.4,True,True,True,True,2,9.76,polymer_residue
1479,Rev6,6,W051,PX-7500,CH-C,EXT-11,Extreme Edge,0.96,343.6,73.97,71.29,61.46,453.0,True,True,True,False,1,3.84,esc_temp_drift
1480,Rev3,3,W052,PX-7500,CH-D,C1,Center,0.0,0.0,71.31,71.93,60.75,417.3,True,True,True,True,0,0.0,
1481,Rev3,3,W052,PX-7500,CH-D,MID-01,Mid,0.52,30.0,73.95,71.35,67.74,441.4,True,True,True,True,0,0.0,
1482,Rev3,3,W052,PX-7500,CH-D,MID-02,Mid,0.52,90.0,75.03,68.71,67.77,461.5,True,True,True,False,0,0.0,
1483,Rev3,3,W052,PX-7500,CH-D,MID-03,Mid,0.52,150.0,71.67,71.57,64.4,473.5,True,True,True,False,0,0.0,
1484,Rev3,3,W052,PX-7500,CH-D,MID-04,Mid,0.52,210.0,72.97,71.36,65.03,420.4,True,True,True,True,0,0.0,
1485,Rev3,3,W052,PX-7500,CH-D,MID-05,Mid,0.52,270.0,70.97,74.53,59.22,426.3,True,False,False,True,0,0.0,
1486,Rev3,3,W052,PX-7500,CH-D,MID-06,Mid,0.52,330.0,73.38,72.39,62.79,423.2,True,True,True,True,2,4.12,
1487,Rev3,3,W052,PX-7500,CH-D,EDG-01,Edge,0.84,0.0,71.72,71.19,70.12,473.1,True,True,True,False,0,0.0,
1488,Rev3,3,W052,PX-7500,CH-D,EDG-02,Edge,0.84,32.7,73.42,71.6,69.68,446.5,True,True,True,True,0,0.0,
1489,Rev3,3,W052,PX-7500,CH-D,EDG-03,Edge,0.84,65.5,75.02,72.01,70.12,447.4,True,True,True,True,0,0.0,
1490,Rev3,3,W052,PX-7500,CH-D,EDG-04,Edge,0.84,98.2,70.74,71.42,71.05,408.3,True,True,False,True,0,0.0,
1491,Rev3,3,W052,PX-7500,CH-D,EDG-05,Edge,0.84,130.9,70.28,73.51,65.73,420.2,True,False,True,True,1,1.89,
1492,Rev3,3,W052,PX-7500,CH-D,EDG-06,Edge,0.84,163.6,74.08,73.54,67.76,413.5,True,False,True,True,1,5.6,polymer_residue
1493,Rev3,3,W052,PX-7500,CH-D,EDG-07,Edge,0.84,196.4,73.82,71.58,66.24,421.3,True,True,True,True,1,3.51,
1494,Rev3,3,W052,PX-7500,CH-D,EDG-08,Edge,0.84,229.1,74.94,71.49,62.47,402.7,True,True,True,True,0,0.0,
1495,Rev3,3,W052,PX-7500,CH-D,EDG-09,Edge,0.84,261.8,74.95,72.47,70.24,481.3,True,True,True,False,2,10.27,
1496,Rev3,3,W052,PX-7500,CH-D,EDG-10,Edge,0.84,294.5,76.42,74.8,63.92,424.4,False,False,True,True,0,0.0,
1497,Rev3,3,W052,PX-7500,CH-D,EDG-11,Edge,0.84,327.3,73.78,72.99,68.18,433.3,True,False,True,True,1,3.18,polymer_residue
1498,Rev3,3,W052,PX-7500,CH-D,EXT-01,Extreme Edge,0.96,16.4,73.27,74.85,66.91,478.3,True,False,True,False,1,3.32,polymer_residue
1499,Rev3,3,W052,PX-7500,CH-D,EXT-02,Extreme Edge,0.96,49.1,73.17,73.56,69.67,427.1,True,False,True,True,1,6.01,arc_event
1500,Rev3,3,W052,PX-7500,CH-D,EXT-03,Extreme Edge,0.96,81.8,75.29,72.5,70.61,418.7,False,True,False,True,2,4.54,polymer_residue
1501,Rev3,3,W052,PX-7500,CH-D,EXT-04,Extreme Edge,0.96,114.5,74.83,72.25,67.69,435.6,True,True,True,True,1,5.63,polymer_residue
1502,Rev3,3,W052,PX-7500,CH-D,EXT-05,Extreme Edge,0.96,147.3,74.16,69.77,67.12,429.3,True,True,True,True,3,12.43,pressure_spike
1503,Rev3,3,W052,PX-7500,CH-D,EXT-06,Extreme Edge,0.96,180.0,74.5,76.1,66.09,424.3,True,False,True,True,1,5.66,
1504,Rev3,3,W052,PX-7500,CH-D,EXT-07,Extreme Edge,0.96,212.7,73.51,72.31,69.99,461.4,True,True,True,False,0,0.0,
1505,Rev3,3,W052,PX-7500,CH-D,EXT-08,Extreme Edge,0.96,245.5,74.53,72.2,69.07,442.6,True,True,True,True,1,2.57,endpoint_late
1506,Rev3,3,W052,PX-7500,CH-D,EXT-09,Extreme Edge,0.96,278.2,73.2,74.64,70.34,462.0,True,False,True,False,1,2.29,
1507,Rev3,3,W052,PX-7500,CH-D,EXT-10,Extreme Edge,0.96,310.9,75.87,74.36,65.8,465.3,False,False,True,False,2,10.94,polymer_residue
1508,Rev3,3,W052,PX-7500,CH-D,EXT-11,Extreme Edge,0.96,343.6,74.22,72.84,67.49,416.6,True,False,True,True,0,0.0,
1509,Rev11,11,W053,PX-7500,CH-D,C1,Center,0.0,0.0,68.67,66.27,75.09,443.1,True,True,False,True,1,2.29,
1510,Rev11,11,W053,PX-7500,CH-D,MID-01,Mid,0.52,30.0,70.61,71.28,76.65,432.8,True,True,False,True,0,0.0,
1511,Rev11,11,W053,PX-7500,CH-D,MID-02,Mid,0.52,90.0,72.33,70.57,70.04,445.2,True,True,True,True,0,0.0,
1512,Rev11,11,W053,PX-7500,CH-D,MID-03,Mid,0.52,150.0,72.0,71.26,68.92,429.8,True,True,True,True,0,0.0,
1513,Rev11,11,W053,PX-7500,CH-D,MID-04,Mid,0.52,210.0,70.38,68.03,70.43,428.9,True,True,True,True,0,0.0,
1514,Rev11,11,W053,PX-7500,CH-D,MID-05,Mid,0.52,270.0,71.33,67.13,62.99,437.4,True,True,True,True,1,3.28,polymer_residue
1515,Rev11,11,W053,PX-7500,CH-D,MID-06,Mid,0.52,330.0,70.74,68.96,73.27,450.0,True,True,False,True,0,0.0,
1516,Rev11,11,W053,PX-7500,CH-D,EDG-01,Edge,0.84,0.0,71.71,68.2,69.67,455.5,True,True,True,False,0,0.0,
1517,Rev11,11,W053,PX-7500,CH-D,EDG-02,Edge,0.84,32.7,74.43,69.73,70.59,439.4,True,True,True,True,1,4.72,
1518,Rev11,11,W053,PX-7500,CH-D,EDG-03,Edge,0.84,65.5,75.44,68.67,75.77,459.1,False,True,False,False,0,0.0,
1519,Rev11,11,W053,PX-7500,CH-D,EDG-04,Edge,0.84,98.2,70.51,67.25,75.31,417.0,True,True,False,True,1,3.6,
1520,Rev11,11,W053,PX-7500,CH-D,EDG-05,Edge,0.84,130.9,73.64,69.85,76.78,413.3,True,True,False,True,0,0.0,
1521,Rev11,11,W053,PX-7500,CH-D,EDG-06,Edge,0.84,163.6,72.44,69.93,71.48,422.9,True,True,False,True,0,0.0,
1522,Rev11,11,W053,PX-7500,CH-D,EDG-07,Edge,0.84,196.4,72.74,66.9,76.81,432.2,True,True,False,True,0,0.0,
1523,Rev11,11,W053,PX-7500,CH-D,EDG-08,Edge,0.84,229.1,73.5,72.74,74.09,434.9,True,True,False,True,0,0.0,
1524,Rev11,11,W053,PX-7500,CH-D,EDG-09,Edge,0.84,261.8,72.88,67.05,73.8,423.5,True,True,False,True,0,0.0,
1525,Rev11,11,W053,PX-7500,CH-D,EDG-10,Edge,0.84,294.5,72.81,69.2,66.62,471.6,True,True,True,False,0,0.0,
1526,Rev11,11,W053,PX-7500,CH-D,EDG-11,Edge,0.84,327.3,71.93,71.7,70.79,427.6,True,True,False,True,0,0.0,
1527,Rev11,11,W053,PX-7500,CH-D,EXT-01,Extreme Edge,0.96,16.4,73.8,70.48,68.64,434.5,True,True,True,True,1,5.31,
1528,Rev11,11,W053,PX-7500,CH-D,EXT-02,Extreme Edge,0.96,49.1,72.42,70.1,67.84,491.2,True,True,True,False,0,0.0,
1529,Rev11,11,W053,PX-7500,CH-D,EXT-03,Extreme Edge,0.96,81.8,73.82,69.84,71.64,404.0,True,True,False,True,0,0.0,
1530,Rev11,11,W053,PX-7500,CH-D,EXT-04,Extreme Edge,0.96,114.5,73.09,68.99,73.55,433.2,True,True,False,True,0,0.0,
1531,Rev11,11,W053,PX-7500,CH-D,EXT-05,Extreme Edge,0.96,147.3,71.6,68.53,75.84,442.4,True,True,False,True,0,0.0,
1532,Rev11,11,W053,PX-7500,CH-D,EXT-06,Extreme Edge,0.96,180.0,71.49,68.05,73.8,435.0,True,True,False,True,0,0.0,
1533,Rev11,11,W053,PX-7500,CH-D,EXT-07,Extreme Edge,0.96,212.7,72.99,67.25,72.25,433.5,True,True,False,True,0,0.0,
1534,Rev11,11,W053,PX-7500,CH-D,EXT-08,Extreme Edge,0.96,245.5,74.06,66.55,67.52,425.9,True,True,True,True,2,12.91,polymer_residue
1535,Rev11,11,W053,PX-7500,CH-D,EXT-09,Extreme Edge,0.96,278.2,71.9,68.41,75.78,468.0,True,True,False,False,1,6.48,
1536,Rev11,11,W053,PX-7500,CH-D,EXT-10,Extreme Edge,0.96,310.9,74.3,71.53,72.86,455.8,True,True,False,False,1,2.82,esc_temp_drift
1537,Rev11,11,W053,PX-7500,CH-D,EXT-11,Extreme Edge,0.96,343.6,73.52,69.38,71.45,429.0,True,True,False,True,0,0.0,
1538,Rev9,9,W054,AE-3200,CH-B,C1,Center,0.0,0.0,71.71,68.2,64.99,378.9,True,True,True,True,0,0.0,
1539,Rev9,9,W054,AE-3200,CH-B,MID-01,Mid,0.52,30.0,73.52,72.21,67.51,362.3,True,True,True,False,0,0.0,
1540,Rev9,9,W054,AE-3200,CH-B,MID-02,Mid,0.52,90.0,69.99,70.32,62.27,389.7,True,True,True,True,0,0.0,
1541,Rev9,9,W054,AE-3200,CH-B,MID-03,Mid,0.52,150.0,71.38,68.61,68.38,394.2,True,True,True,True,0,0.0,
1542,Rev9,9,W054,AE-3200,CH-B,MID-04,Mid,0.52,210.0,72.34,70.27,66.53,389.6,True,True,True,True,0,0.0,
1543,Rev9,9,W054,AE-3200,CH-B,MID-05,Mid,0.52,270.0,72.88,69.43,66.32,387.7,True,True,True,True,0,0.0,
1544,Rev9,9,W054,AE-3200,CH-B,MID-06,Mid,0.52,330.0,72.14,70.65,66.02,365.6,True,True,True,False,0,0.0,
1545,Rev9,9,W054,AE-3200,CH-B,EDG-01,Edge,0.84,0.0,73.14,73.68,68.17,415.9,True,False,True,True,1,2.38,arc_event
1546,Rev9,9,W054,AE-3200,CH-B,EDG-02,Edge,0.84,32.7,74.75,71.74,70.41,387.6,True,True,True,True,0,0.0,
1547,Rev9,9,W054,AE-3200,CH-B,EDG-03,Edge,0.84,65.5,72.46,70.47,63.17,395.5,True,True,True,True,0,0.0,
1548,Rev9,9,W054,AE-3200,CH-B,EDG-04,Edge,0.84,98.2,73.51,72.84,74.65,406.3,True,False,False,True,0,0.0,
1549,Rev9,9,W054,AE-3200,CH-B,EDG-05,Edge,0.84,130.9,73.9,72.24,70.41,388.2,True,True,True,True,1,6.35,
1550,Rev9,9,W054,AE-3200,CH-B,EDG-06,Edge,0.84,163.6,71.75,74.48,68.26,400.4,True,False,True,True,0,0.0,
1551,Rev9,9,W054,AE-3200,CH-B,EDG-07,Edge,0.84,196.4,74.38,73.91,69.5,366.9,True,False,True,False,1,4.28,esc_temp_drift
1552,Rev9,9,W054,AE-3200,CH-B,EDG-08,Edge,0.84,229.1,76.21,72.87,65.94,370.1,False,False,True,False,1,4.63,esc_temp_drift
1553,Rev9,9,W054,AE-3200,CH-B,EDG-09,Edge,0.84,261.8,72.1,72.73,71.11,368.6,True,True,False,False,0,0.0,
1554,Rev9,9,W054,AE-3200,CH-B,EDG-10,Edge,0.84,294.5,73.68,70.86,68.33,379.7,True,True,True,True,1,4.23,
1555,Rev9,9,W054,AE-3200,CH-B,EDG-11,Edge,0.84,327.3,73.78,72.16,69.54,406.8,True,True,True,True,0,0.0,
1556,Rev9,9,W054,AE-3200,CH-B,EXT-01,Extreme Edge,0.96,16.4,73.27,73.79,67.44,382.1,True,False,True,True,2,5.15,
1557,Rev9,9,W054,AE-3200,CH-B,EXT-02,Extreme Edge,0.96,49.1,74.09,73.14,69.79,408.8,True,False,True,True,1,5.44,
1558,Rev9,9,W054,AE-3200,CH-B,EXT-03,Extreme Edge,0.96,81.8,70.8,71.06,65.68,396.2,True,True,True,True,0,0.0,
1559,Rev9,9,W054,AE-3200,CH-B,EXT-04,Extreme Edge,0.96,114.5,76.44,71.35,69.89,386.4,False,True,True,True,0,0.0,
1560,Rev9,9,W054,AE-3200,CH-B,EXT-05,Extreme Edge,0.96,147.3,72.76,73.76,72.33,400.4,True,False,False,True,3,13.44,
1561,Rev9,9,W054,AE-3200,CH-B,EXT-06,Extreme Edge,0.96,180.0,72.6,74.1,66.26,369.0,True,False,True,False,1,3.11,
1562,Rev9,9,W054,AE-3200,CH-B,EXT-07,Extreme Edge,0.96,212.7,71.21,72.89,67.63,385.6,True,False,True,True,0,0.0,
1563,Rev9,9,W054,AE-3200,CH-B,EXT-08,Extreme Edge,0.96,245.5,73.66,70.66,67.63,391.4,True,True,True,True,0,0.0,
1564,Rev9,9,W054,AE-3200,CH-B,EXT-09,Extreme Edge,0.96,278.2,72.95,71.82,67.21,414.1,True,True,True,True,2,7.15,polymer_residue
1565,Rev9,9,W054,AE-3200,CH-B,EXT-10,Extreme Edge,0.96,310.9,74.43,68.97,62.54,409.1,True,True,True,True,0,0.0,
1566,Rev9,9,W054,AE-3200,CH-B,EXT-11,Extreme Edge,0.96,343.6,76.65,69.35,69.87,408.3,False,True,True,True,2,6.14,
1567,Rev6,6,W055,PX-7500,CH-C,C1,Center,0.0,0.0,69.63,68.67,63.59,462.5,True,True,True,False,0,0.0,
1568,Rev6,6,W055,PX-7500,CH-C,MID-01,Mid,0.52,30.0,71.63,69.09,65.12,437.6,True,True,True,True,0,0.0,
1569,Rev6,6,W055,PX-7500,CH-C,MID-02,Mid,0.52,90.0,68.93,71.39,64.23,360.9,True,True,True,False,2,12.82,esc_temp_drift
1570,Rev6,6,W055,PX-7500,CH-C,MID-03,Mid,0.52,150.0,69.36,68.83,66.9,385.8,True,True,True,True,0,0.0,
1571,Rev6,6,W055,PX-7500,CH-C,MID-04,Mid,0.52,210.0,71.38,72.07,65.89,431.6,True,True,True,True,0,0.0,
1572,Rev6,6,W055,PX-7500,CH-C,MID-05,Mid,0.52,270.0,72.04,73.22,63.49,443.3,True,False,True,True,0,0.0,
1573,Rev6,6,W055,PX-7500,CH-C,MID-06,Mid,0.52,330.0,70.12,68.22,63.15,454.5,True,True,True,False,0,0.0,
1574,Rev6,6,W055,PX-7500,CH-C,EDG-01,Edge,0.84,0.0,73.85,71.28,69.76,432.1,True,True,True,True,0,0.0,
1575,Rev6,6,W055,PX-7500,CH-C,EDG-02,Edge,0.84,32.7,72.59,70.68,67.05,453.1,True,True,True,False,0,0.0,
1576,Rev6,6,W055,PX-7500,CH-C,EDG-03,Edge,0.84,65.5,73.78,68.74,64.74,427.5,True,True,True,True,0,0.0,
1577,Rev6,6,W055,PX-7500,CH-C,EDG-04,Edge,0.84,98.2,73.58,71.39,68.07,413.8,True,True,True,True,0,0.0,
1578,Rev6,6,W055,PX-7500,CH-C,EDG-05,Edge,0.84,130.9,71.51,69.66,69.82,430.6,True,True,True,True,0,0.0,
1579,Rev6,6,W055,PX-7500,CH-C,EDG-06,Edge,0.84,163.6,73.09,72.01,66.85,419.2,True,True,True,True,0,0.0,
1580,Rev6,6,W055,PX-7500,CH-C,EDG-07,Edge,0.84,196.4,71.98,72.39,63.49,466.2,True,True,True,False,1,3.78,arc_event
1581,Rev6,6,W055,PX-7500,CH-C,EDG-08,Edge,0.84,229.1,73.12,70.82,65.78,467.7,True,True,True,False,0,0.0,
1582,Rev6,6,W055,PX-7500,CH-C,EDG-09,Edge,0.84,261.8,71.67,70.82,64.24,445.1,True,True,True,True,0,0.0,
1583,Rev6,6,W055,PX-7500,CH-C,EDG-10,Edge,0.84,294.5,73.81,70.19,60.69,451.4,True,True,True,True,1,5.55,polymer_residue
1584,Rev6,6,W055,PX-7500,CH-C,EDG-11,Edge,0.84,327.3,72.44,71.68,68.4,393.3,True,True,True,True,1,2.84,
1585,Rev6,6,W055,PX-7500,CH-C,EXT-01,Extreme Edge,0.96,16.4,73.54,70.42,63.61,407.4,True,True,True,True,2,10.92,
1586,Rev6,6,W055,PX-7500,CH-C,EXT-02,Extreme Edge,0.96,49.1,74.63,70.75,64.51,447.4,True,True,True,True,0,0.0,
1587,Rev6,6,W055,PX-7500,CH-C,EXT-03,Extreme Edge,0.96,81.8,73.35,70.46,66.57,465.8,True,True,True,False,3,15.01,arc_event
1588,Rev6,6,W055,PX-7500,CH-C,EXT-04,Extreme Edge,0.96,114.5,73.03,73.04,65.24,430.2,True,False,True,True,2,4.84,endpoint_late
1589,Rev6,6,W055,PX-7500,CH-C,EXT-05,Extreme Edge,0.96,147.3,73.74,74.56,62.91,484.6,True,False,True,False,0,0.0,
1590,Rev6,6,W055,PX-7500,CH-C,EXT-06,Extreme Edge,0.96,180.0,72.35,71.24,65.41,397.1,True,True,True,True,0,0.0,
1591,Rev6,6,W055,PX-7500,CH-C,EXT-07,Extreme Edge,0.96,212.7,71.12,72.55,68.08,435.1,True,True,True,True,0,0.0,
1592,Rev6,6,W055,PX-7500,CH-C,EXT-08,Extreme Edge,0.96,245.5,72.52,71.67,68.8,475.8,True,True,True,False,0,0.0,
1593,Rev6,6,W055,PX-7500,CH-C,EXT-09,Extreme Edge,0.96,278.2,71.37,73.62,67.08,460.4,True,False,True,False,1,4.2,polymer_residue
1594,Rev6,6,W055,PX-7500,CH-C,EXT-10,Extreme Edge,0.96,310.9,73.56,70.74,65.87,438.4,True,True,True,True,0,0.0,
1595,Rev6,6,W055,PX-7500,CH-C,EXT-11,Extreme Edge,0.96,343.6,72.13,72.1,68.45,444.2,True,True,True,True,0,0.0,
1596,Rev2,2,W056,PX-7500,CH-C,C1,Center,0.0,0.0,70.05,65.6,62.25,462.9,True,True,True,False,0,0.0,
1597,Rev2,2,W056,PX-7500,CH-C,MID-01,Mid,0.52,30.0,73.2,68.33,65.89,448.1,True,True,True,True,0,0.0,
1598,Rev2,2,W056,PX-7500,CH-C,MID-02,Mid,0.52,90.0,72.89,66.0,64.19,414.9,True,True,True,True,0,0.0,
1599,Rev2,2,W056,PX-7500,CH-C,MID-03,Mid,0.52,150.0,72.9,71.59,64.12,441.8,True,True,True,True,0,0.0,
1600,Rev2,2,W056,PX-7500,CH-C,MID-04,Mid,0.52,210.0,74.03,69.2,58.26,451.8,True,True,False,True,0,0.0,
1601,Rev2,2,W056,PX-7500,CH-C,MID-05,Mid,0.52,270.0,75.99,69.83,63.76,442.9,False,True,True,True,0,0.0,
1602,Rev2,2,W056,PX-7500,CH-C,MID-06,Mid,0.52,330.0,71.68,67.93,61.59,450.7,True,True,True,True,1,5.04,polymer_residue
1603,Rev2,2,W056,PX-7500,CH-C,EDG-01,Edge,0.84,0.0,72.5,68.8,58.61,459.3,True,True,False,False,3,6.34,polymer_residue
1604,Rev2,2,W056,PX-7500,CH-C,EDG-02,Edge,0.84,32.7,72.26,67.46,64.12,482.8,True,True,True,False,0,0.0,
1605,Rev2,2,W056,PX-7500,CH-C,EDG-03,Edge,0.84,65.5,74.38,70.52,61.77,444.9,True,True,True,True,1,3.64,polymer_residue
1606,Rev2,2,W056,PX-7500,CH-C,EDG-04,Edge,0.84,98.2,72.56,70.05,65.65,474.9,True,True,True,False,0,0.0,
1607,Rev2,2,W056,PX-7500,CH-C,EDG-05,Edge,0.84,130.9,73.27,69.1,63.78,472.1,True,True,True,False,0,0.0,
1608,Rev2,2,W056,PX-7500,CH-C,EDG-06,Edge,0.84,163.6,73.69,71.74,63.15,447.8,True,True,True,True,0,0.0,
1609,Rev2,2,W056,PX-7500,CH-C,EDG-07,Edge,0.84,196.4,72.52,71.03,54.47,438.7,True,True,False,True,0,0.0,
1610,Rev2,2,W056,PX-7500,CH-C,EDG-08,Edge,0.84,229.1,73.87,66.64,63.95,483.0,True,True,True,False,0,0.0,
1611,Rev2,2,W056,PX-7500,CH-C,EDG-09,Edge,0.84,261.8,74.14,69.05,62.6,448.4,True,True,True,True,0,0.0,
1612,Rev2,2,W056,PX-7500,CH-C,EDG-10,Edge,0.84,294.5,72.23,69.49,63.82,431.8,True,True,True,True,1,2.19,esc_temp_drift
1613,Rev2,2,W056,PX-7500,CH-C,EDG-11,Edge,0.84,327.3,72.0,70.01,67.74,494.2,True,True,True,False,2,4.65,polymer_residue
1614,Rev2,2,W056,PX-7500,CH-C,EXT-01,Extreme Edge,0.96,16.4,73.66,70.73,71.7,479.4,True,True,False,False,1,4.95,
1615,Rev2,2,W056,PX-7500,CH-C,EXT-02,Extreme Edge,0.96,49.1,75.23,69.27,62.33,478.2,False,True,True,False,1,1.99,esc_temp_drift
1616,Rev2,2,W056,PX-7500,CH-C,EXT-03,Extreme Edge,0.96,81.8,78.1,71.04,63.9,463.0,False,True,True,False,0,0.0,
1617,Rev2,2,W056,PX-7500,CH-C,EXT-04,Extreme Edge,0.96,114.5,76.26,71.23,60.57,430.0,False,True,True,True,0,0.0,
1618,Rev2,2,W056,PX-7500,CH-C,EXT-05,Extreme Edge,0.96,147.3,77.47,72.48,66.97,459.7,False,True,True,False,1,3.99,polymer_residue
1619,Rev2,2,W056,PX-7500,CH-C,EXT-06,Extreme Edge,0.96,180.0,75.22,71.16,66.14,420.4,False,True,True,True,0,0.0,
1620,Rev2,2,W056,PX-7500,CH-C,EXT-07,Extreme Edge,0.96,212.7,73.88,69.14,63.3,475.4,True,True,True,False,0,0.0,
1621,Rev2,2,W056,PX-7500,CH-C,EXT-08,Extreme Edge,0.96,245.5,75.33,66.46,62.89,481.7,False,True,True,False,1,5.59,polymer_residue
1622,Rev2,2,W056,PX-7500,CH-C,EXT-09,Extreme Edge,0.96,278.2,73.04,69.45,65.27,424.9,True,True,True,True,1,5.77,esc_temp_drift
1623,Rev2,2,W056,PX-7500,CH-C,EXT-10,Extreme Edge,0.96,310.9,74.49,69.75,63.72,474.6,True,True,True,False,2,11.23,polymer_residue
1624,Rev2,2,W056,PX-7500,CH-C,EXT-11,Extreme Edge,0.96,343.6,74.01,69.28,67.24,462.8,True,True,True,False,1,2.76,polymer_residue
1625,Rev10,10,W057,PX-7500,CH-C,C1,Center,0.0,0.0,73.58,68.68,63.68,371.6,True,True,True,False,0,0.0,
1626,Rev10,10,W057,PX-7500,CH-C,MID-01,Mid,0.52,30.0,76.34,70.55,72.43,368.4,False,True,False,False,0,0.0,
1627,Rev10,10,W057,PX-7500,CH-C,MID-02,Mid,0.52,90.0,74.9,70.23,64.87,366.2,True,True,True,False,0,0.0,
1628,Rev10,10,W057,PX-7500,CH-C,MID-03,Mid,0.52,150.0,73.8,68.98,64.3,387.1,True,True,True,True,0,0.0,
1629,Rev10,10,W057,PX-7500,CH-C,MID-04,Mid,0.52,210.0,74.26,67.98,66.79,405.1,True,True,True,True,0,0.0,
1630,Rev10,10,W057,PX-7500,CH-C,MID-05,Mid,0.52,270.0,72.84,68.7,65.92,380.5,True,True,True,True,0,0.0,
1631,Rev10,10,W057,PX-7500,CH-C,MID-06,Mid,0.52,330.0,74.17,71.64,65.6,366.4,True,True,True,False,0,0.0,
1632,Rev10,10,W057,PX-7500,CH-C,EDG-01,Edge,0.84,0.0,74.8,67.05,68.71,383.3,True,True,True,True,0,0.0,
1633,Rev10,10,W057,PX-7500,CH-C,EDG-02,Edge,0.84,32.7,72.46,69.14,67.81,390.6,True,True,True,True,0,0.0,
1634,Rev10,10,W057,PX-7500,CH-C,EDG-03,Edge,0.84,65.5,72.47,68.71,66.92,371.3,True,True,True,False,0,0.0,
1635,Rev10,10,W057,PX-7500,CH-C,EDG-04,Edge,0.84,98.2,75.3,67.42,68.47,409.0,False,True,True,True,1,3.46,
1636,Rev10,10,W057,PX-7500,CH-C,EDG-05,Edge,0.84,130.9,74.14,69.36,69.49,365.5,True,True,True,False,0,0.0,
1637,Rev10,10,W057,PX-7500,CH-C,EDG-06,Edge,0.84,163.6,74.7,70.65,67.69,399.9,True,True,True,True,1,3.56,polymer_residue
1638,Rev10,10,W057,PX-7500,CH-C,EDG-07,Edge,0.84,196.4,75.75,72.97,67.39,438.4,False,False,True,True,1,4.88,polymer_residue
1639,Rev10,10,W057,PX-7500,CH-C,EDG-08,Edge,0.84,229.1,74.9,72.39,74.23,375.8,True,True,False,False,2,7.7,polymer_residue
1640,Rev10,10,W057,PX-7500,CH-C,EDG-09,Edge,0.84,261.8,73.93,69.71,70.63,382.1,True,True,False,True,0,0.0,
1641,Rev10,10,W057,PX-7500,CH-C,EDG-10,Edge,0.84,294.5,75.97,70.98,68.06,400.8,False,True,True,True,1,2.01,
1642,Rev10,10,W057,PX-7500,CH-C,EDG-11,Edge,0.84,327.3,74.31,69.69,64.43,386.4,True,True,True,True,0,0.0,
1643,Rev10,10,W057,PX-7500,CH-C,EXT-01,Extreme Edge,0.96,16.4,76.19,66.51,69.4,383.8,False,True,True,True,0,0.0,
1644,Rev10,10,W057,PX-7500,CH-C,EXT-02,Extreme Edge,0.96,49.1,77.38,71.04,66.54,384.2,False,True,True,True,0,0.0,
1645,Rev10,10,W057,PX-7500,CH-C,EXT-03,Extreme Edge,0.96,81.8,73.99,70.74,66.17,419.4,True,True,True,True,1,4.29,
1646,Rev10,10,W057,PX-7500,CH-C,EXT-04,Extreme Edge,0.96,114.5,76.07,71.04,63.17,398.8,False,True,True,True,0,0.0,
1647,Rev10,10,W057,PX-7500,CH-C,EXT-05,Extreme Edge,0.96,147.3,77.68,70.66,68.82,378.9,False,True,True,True,1,5.73,
1648,Rev10,10,W057,PX-7500,CH-C,EXT-06,Extreme Edge,0.96,180.0,73.52,65.62,74.93,421.0,True,True,False,True,2,12.33,polymer_residue
1649,Rev10,10,W057,PX-7500,CH-C,EXT-07,Extreme Edge,0.96,212.7,76.74,67.84,64.47,387.5,False,True,True,True,0,0.0,
1650,Rev10,10,W057,PX-7500,CH-C,EXT-08,Extreme Edge,0.96,245.5,75.36,68.84,67.74,406.1,False,True,True,True,1,5.81,endpoint_late
1651,Rev10,10,W057,PX-7500,CH-C,EXT-09,Extreme Edge,0.96,278.2,74.47,72.09,69.85,390.2,True,True,True,True,1,5.37,arc_event
1652,Rev10,10,W057,PX-7500,CH-C,EXT-10,Extreme Edge,0.96,310.9,73.84,69.98,64.21,393.5,True,True,True,True,2,12.93,polymer_residue
1653,Rev10,10,W057,PX-7500,CH-C,EXT-11,Extreme Edge,0.96,343.6,74.29,70.5,72.05,401.4,True,True,False,True,1,5.8,polymer_residue
1654,Rev2,2,W058,PX-7500,CH-C,C1,Center,0.0,0.0,70.82,69.4,66.47,451.4,True,True,True,True,0,0.0,
1655,Rev2,2,W058,PX-7500,CH-C,MID-01,Mid,0.52,30.0,74.51,68.51,61.1,415.9,True,True,True,True,0,0.0,
1656,Rev2,2,W058,PX-7500,CH-C,MID-02,Mid,0.52,90.0,72.01,70.0,64.0,437.5,True,True,True,True,0,0.0,
1657,Rev2,2,W058,PX-7500,CH-C,MID-03,Mid,0.52,150.0,70.13,69.92,63.3,448.9,True,True,True,True,0,0.0,
1658,Rev2,2,W058,PX-7500,CH-C,MID-04,Mid,0.52,210.0,74.29,69.81,67.19,403.3,True,True,True,True,0,0.0,
1659,Rev2,2,W058,PX-7500,CH-C,MID-05,Mid,0.52,270.0,72.81,70.08,65.48,462.5,True,True,True,False,0,0.0,
1660,Rev2,2,W058,PX-7500,CH-C,MID-06,Mid,0.52,330.0,70.33,71.42,59.85,442.5,True,True,True,True,0,0.0,
1661,Rev2,2,W058,PX-7500,CH-C,EDG-01,Edge,0.84,0.0,74.88,68.88,65.22,413.7,True,True,True,True,2,11.33,polymer_residue
1662,Rev2,2,W058,PX-7500,CH-C,EDG-02,Edge,0.84,32.7,73.93,72.84,64.22,433.5,True,False,True,True,0,0.0,
1663,Rev2,2,W058,PX-7500,CH-C,EDG-03,Edge,0.84,65.5,72.63,73.75,59.92,470.6,True,False,True,False,0,0.0,
1664,Rev2,2,W058,PX-7500,CH-C,EDG-04,Edge,0.84,98.2,72.29,69.79,66.15,433.0,True,True,True,True,2,9.1,polymer_residue
1665,Rev2,2,W058,PX-7500,CH-C,EDG-05,Edge,0.84,130.9,74.14,72.03,63.42,467.0,True,True,True,False,3,13.36,
1666,Rev2,2,W058,PX-7500,CH-C,EDG-06,Edge,0.84,163.6,72.26,71.05,65.25,411.1,True,True,True,True,1,4.57,
1667,Rev2,2,W058,PX-7500,CH-C,EDG-07,Edge,0.84,196.4,72.6,70.17,63.57,444.9,True,True,True,True,1,2.64,endpoint_late
1668,Rev2,2,W058,PX-7500,CH-C,EDG-08,Edge,0.84,229.1,72.99,72.89,66.63,471.7,True,False,True,False,0,0.0,
1669,Rev2,2,W058,PX-7500,CH-C,EDG-09,Edge,0.84,261.8,74.17,70.55,63.49,426.7,True,True,True,True,0,0.0,
1670,Rev2,2,W058,PX-7500,CH-C,EDG-10,Edge,0.84,294.5,70.73,74.92,66.83,468.1,True,False,True,False,1,5.79,
1671,Rev2,2,W058,PX-7500,CH-C,EDG-11,Edge,0.84,327.3,73.33,68.87,63.89,436.5,True,True,True,True,0,0.0,
1672,Rev2,2,W058,PX-7500,CH-C,EXT-01,Extreme Edge,0.96,16.4,71.6,72.2,68.68,448.6,True,True,True,True,0,0.0,
1673,Rev2,2,W058,PX-7500,CH-C,EXT-02,Extreme Edge,0.96,49.1,72.64,72.93,67.06,438.9,True,False,True,True,0,0.0,
1674,Rev2,2,W058,PX-7500,CH-C,EXT-03,Extreme Edge,0.96,81.8,71.56,71.57,60.91,433.8,True,True,True,True,0,0.0,
1675,Rev2,2,W058,PX-7500,CH-C,EXT-04,Extreme Edge,0.96,114.5,75.33,74.92,64.05,498.5,False,False,True,False,2,11.63,polymer_residue
1676,Rev2,2,W058,PX-7500,CH-C,EXT-05,Extreme Edge,0.96,147.3,74.86,71.19,66.29,424.6,True,True,True,True,1,4.18,
1677,Rev2,2,W058,PX-7500,CH-C,EXT-06,Extreme Edge,0.96,180.0,72.03,70.99,63.83,462.9,True,True,True,False,0,0.0,
1678,Rev2,2,W058,PX-7500,CH-C,EXT-07,Extreme Edge,0.96,212.7,73.81,71.23,67.43,449.1,True,True,True,True,0,0.0,
1679,Rev2,2,W058,PX-7500,CH-C,EXT-08,Extreme Edge,0.96,245.5,73.84,67.55,69.48,488.7,True,True,True,False,1,2.04,
1680,Rev2,2,W058,PX-7500,CH-C,EXT-09,Extreme Edge,0.96,278.2,72.32,73.48,65.83,471.1,True,False,True,False,0,0.0,
1681,Rev2,2,W058,PX-7500,CH-C,EXT-10,Extreme Edge,0.96,310.9,71.25,72.87,63.6,461.5,True,False,True,False,2,12.22,
1682,Rev2,2,W058,PX-7500,CH-C,EXT-11,Extreme Edge,0.96,343.6,74.24,69.78,63.23,439.0,True,True,True,True,0,0.0,
1683,Base,0,W059,AE-3200,CH-A,C1,Center,0.0,0.0,72.0,73.21,70.32,464.3,True,False,True,False,0,0.0,
1684,Base,0,W059,AE-3200,CH-A,MID-01,Mid,0.52,30.0,73.51,71.63,67.89,421.5,True,True,True,True,0,0.0,
1685,Base,0,W059,AE-3200,CH-A,MID-02,Mid,0.52,90.0,75.85,71.79,72.93,479.0,False,True,False,False,3,16.03,endpoint_late
1686,Base,0,W059,AE-3200,CH-A,MID-03,Mid,0.52,150.0,70.79,71.68,67.67,453.3,True,True,True,False,0,0.0,
1687,Base,0,W059,AE-3200,CH-A,MID-04,Mid,0.52,210.0,73.44,73.56,73.54,462.2,True,False,False,False,1,4.36,polymer_residue
1688,Base,0,W059,AE-3200,CH-A,MID-05,Mid,0.52,270.0,75.18,67.02,69.96,463.0,True,True,True,False,0,0.0,
1689,Base,0,W059,AE-3200,CH-A,MID-06,Mid,0.52,330.0,71.77,69.95,66.69,407.5,True,True,True,True,0,0.0,
1690,Base,0,W059,AE-3200,CH-A,EDG-01,Edge,0.84,0.0,74.76,76.08,72.49,403.9,True,False,False,True,0,0.0,
1691,Base,0,W059,AE-3200,CH-A,EDG-02,Edge,0.84,32.7,76.37,74.57,64.44,447.1,False,False,True,True,3,8.98,polymer_residue
1692,Base,0,W059,AE-3200,CH-A,EDG-03,Edge,0.84,65.5,72.86,72.53,69.36,462.9,True,True,True,False,0,0.0,
1693,Base,0,W059,AE-3200,CH-A,EDG-04,Edge,0.84,98.2,76.45,72.59,67.27,462.0,False,True,True,False,0,0.0,
1694,Base,0,W059,AE-3200,CH-A,EDG-05,Edge,0.84,130.9,75.56,74.67,75.32,463.5,False,False,False,False,2,4.4,endpoint_late
1695,Base,0,W059,AE-3200,CH-A,EDG-06,Edge,0.84,163.6,75.09,72.94,68.45,454.0,True,False,True,False,0,0.0,
1696,Base,0,W059,AE-3200,CH-A,EDG-07,Edge,0.84,196.4,72.45,71.67,75.68,466.6,True,True,False,False,1,4.41,polymer_residue
1697,Base,0,W059,AE-3200,CH-A,EDG-08,Edge,0.84,229.1,76.74,69.92,74.01,497.0,False,True,False,False,1,2.62,polymer_residue
1698,Base,0,W059,AE-3200,CH-A,EDG-09,Edge,0.84,261.8,75.12,75.07,72.72,394.7,True,False,False,True,0,0.0,
1699,Base,0,W059,AE-3200,CH-A,EDG-10,Edge,0.84,294.5,74.52,75.75,69.09,470.0,True,False,True,False,3,14.58,
1700,Base,0,W059,AE-3200,CH-A,EDG-11,Edge,0.84,327.3,74.09,74.71,75.7,476.1,True,False,False,False,0,0.0,
1701,Base,0,W059,AE-3200,CH-A,EXT-01,Extreme Edge,0.96,16.4,75.35,74.03,72.86,476.9,False,False,False,False,1,3.95,polymer_residue
1702,Base,0,W059,AE-3200,CH-A,EXT-02,Extreme Edge,0.96,49.1,75.18,73.46,68.34,437.5,True,False,True,True,1,5.82,
1703,Base,0,W059,AE-3200,CH-A,EXT-03,Extreme Edge,0.96,81.8,73.59,77.2,68.73,441.6,True,False,True,True,0,0.0,
1704,Base,0,W059,AE-3200,CH-A,EXT-04,Extreme Edge,0.96,114.5,75.81,75.71,72.77,450.5,False,False,False,True,2,5.43,
1705,Base,0,W059,AE-3200,CH-A,EXT-05,Extreme Edge,0.96,147.3,70.55,73.53,68.72,447.2,True,False,True,True,0,0.0,
1706,Base,0,W059,AE-3200,CH-A,EXT-06,Extreme Edge,0.96,180.0,74.73,74.69,78.51,468.3,True,False,False,False,2,10.09,polymer_residue
1707,Base,0,W059,AE-3200,CH-A,EXT-07,Extreme Edge,0.96,212.7,75.63,75.07,71.48,437.3,False,False,False,True,1,1.84,
1708,Base,0,W059,AE-3200,CH-A,EXT-08,Extreme Edge,0.96,245.5,74.75,73.28,70.19,465.1,True,False,True,False,0,0.0,
1709,Base,0,W059,AE-3200,CH-A,EXT-09,Extreme Edge,0.96,278.2,74.6,77.89,65.49,442.7,True,False,True,True,0,0.0,
1710,Base,0,W059,AE-3200,CH-A,EXT-10,Extreme Edge,0.96,310.9,76.77,73.55,68.88,460.0,False,False,True,False,3,13.0,
1711,Base,0,W059,AE-3200,CH-A,EXT-11,Extreme Edge,0.96,343.6,76.84,72.85,71.44,468.7,False,False,False,False,1,5.56,polymer_residue
1712,Rev10,10,W060,PX-7500,CH-C,C1,Center,0.0,0.0,69.12,69.06,66.36,389.1,True,True,True,True,0,0.0,
1713,Rev10,10,W060,PX-7500,CH-C,MID-01,Mid,0.52,30.0,72.06,70.6,63.68,356.5,True,True,True,False,0,0.0,
1714,Rev10,10,W060,PX-7500,CH-C,MID-02,Mid,0.52,90.0,74.46,68.16,70.03,385.9,True,True,True,True,0,0.0,
1715,Rev10,10,W060,PX-7500,CH-C,MID-03,Mid,0.52,150.0,71.58,65.54,65.79,362.9,True,False,True,False,0,0.0,
1716,Rev10,10,W060,PX-7500,CH-C,MID-04,Mid,0.52,210.0,73.29,72.68,65.85,396.9,True,True,True,True,0,0.0,
1717,Rev10,10,W060,PX-7500,CH-C,MID-05,Mid,0.52,270.0,74.27,69.37,68.24,371.6,True,True,True,False,0,0.0,
1718,Rev10,10,W060,PX-7500,CH-C,MID-06,Mid,0.52,330.0,71.2,68.48,69.33,363.3,True,True,True,False,0,0.0,
1719,Rev10,10,W060,PX-7500,CH-C,EDG-01,Edge,0.84,0.0,75.37,71.75,63.32,357.0,False,True,True,False,0,0.0,
1720,Rev10,10,W060,PX-7500,CH-C,EDG-02,Edge,0.84,32.7,74.54,68.22,66.83,409.9,True,True,True,True,1,5.34,polymer_residue
1721,Rev10,10,W060,PX-7500,CH-C,EDG-03,Edge,0.84,65.5,78.05,73.91,66.86,387.6,False,False,True,True,1,4.04,
1722,Rev10,10,W060,PX-7500,CH-C,EDG-04,Edge,0.84,98.2,74.42,67.29,64.3,380.8,True,True,True,True,2,12.76,pressure_spike
1723,Rev10,10,W060,PX-7500,CH-C,EDG-05,Edge,0.84,130.9,73.07,73.23,68.0,378.3,True,False,True,True,1,2.56,polymer_residue
1724,Rev10,10,W060,PX-7500,CH-C,EDG-06,Edge,0.84,163.6,73.25,71.54,68.28,389.8,True,True,True,True,1,5.19,
1725,Rev10,10,W060,PX-7500,CH-C,EDG-07,Edge,0.84,196.4,77.04,72.54,68.2,414.3,False,True,True,True,1,2.09,
1726,Rev10,10,W060,PX-7500,CH-C,EDG-08,Edge,0.84,229.1,74.51,70.84,64.83,374.0,True,True,True,False,0,0.0,
1727,Rev10,10,W060,PX-7500,CH-C,EDG-09,Edge,0.84,261.8,72.65,71.2,69.03,409.5,True,True,True,True,1,6.27,
1728,Rev10,10,W060,PX-7500,CH-C,EDG-10,Edge,0.84,294.5,74.01,72.0,65.47,383.0,True,True,True,True,0,0.0,
1729,Rev10,10,W060,PX-7500,CH-C,EDG-11,Edge,0.84,327.3,72.64,71.95,67.96,413.2,True,True,True,True,0,0.0,
1730,Rev10,10,W060,PX-7500,CH-C,EXT-01,Extreme Edge,0.96,16.4,74.54,72.51,67.97,370.4,True,True,True,False,0,0.0,
1731,Rev10,10,W060,PX-7500,CH-C,EXT-02,Extreme Edge,0.96,49.1,76.81,73.54,70.05,380.4,False,False,True,True,0,0.0,
1732,Rev10,10,W060,PX-7500,CH-C,EXT-03,Extreme Edge,0.96,81.8,72.25,75.18,68.45,439.4,True,False,True,True,0,0.0,
1733,Rev10,10,W060,PX-7500,CH-C,EXT-04,Extreme Edge,0.96,114.5,74.87,69.18,64.73,409.2,True,True,True,True,1,3.93,
1734,Rev10,10,W060,PX-7500,CH-C,EXT-05,Extreme Edge,0.96,147.3,74.69,69.58,68.05,399.0,True,True,True,True,1,2.94,
1735,Rev10,10,W060,PX-7500,CH-C,EXT-06,Extreme Edge,0.96,180.0,74.06,69.78,68.71,391.7,True,True,True,True,1,3.17,
1736,Rev10,10,W060,PX-7500,CH-C,EXT-07,Extreme Edge,0.96,212.7,77.03,73.77,70.44,401.9,False,False,True,True,2,9.55,polymer_residue
1737,Rev10,10,W060,PX-7500,CH-C,EXT-08,Extreme Edge,0.96,245.5,73.02,69.82,70.81,359.1,True,True,False,False,2,11.66,polymer_residue
1738,Rev10,10,W060,PX-7500,CH-C,EXT-09,Extreme Edge,0.96,278.2,75.19,72.17,73.1,396.5,True,True,False,True,0,0.0,
1739,Rev10,10,W060,PX-7500,CH-C,EXT-10,Extreme Edge,0.96,310.9,73.06,71.63,69.94,383.7,True,True,True,True,0,0.0,
1740,Rev10,10,W060,PX-7500,CH-C,EXT-11,Extreme Edge,0.96,343.6,76.69,72.09,67.18,387.2,False,True,True,True,1,6.31,
1741,Rev9,9,W061,AE-3200,CH-B,C1,Center,0.0,0.0,72.28,68.58,66.31,404.4,True,True,True,True,0,0.0,
1742,Rev9,9,W061,AE-3200,CH-B,MID-01,Mid,0.52,30.0,71.75,69.82,69.81,383.9,True,True,True,True,0,0.0,
1743,Rev9,9,W061,AE-3200,CH-B,MID-02,Mid,0.52,90.0,71.37,69.01,64.22,401.2,True,True,True,True,0,0.0,
1744,Rev9,9,W061,AE-3200,CH-B,MID-03,Mid,0.52,150.0,72.98,65.81,64.63,451.7,True,True,True,True,0,0.0,
1745,Rev9,9,W061,AE-3200,CH-B,MID-04,Mid,0.52,210.0,73.82,71.17,63.96,368.6,True,True,True,False,0,0.0,
1746,Rev9,9,W061,AE-3200,CH-B,MID-05,Mid,0.52,270.0,71.54,69.54,64.49,386.1,True,True,True,True,0,0.0,
1747,Rev9,9,W061,AE-3200,CH-B,MID-06,Mid,0.52,330.0,75.1,67.78,62.82,401.0,True,True,True,True,0,0.0,
1748,Rev9,9,W061,AE-3200,CH-B,EDG-01,Edge,0.84,0.0,73.18,72.69,69.59,419.1,True,True,True,True,1,6.47,
1749,Rev9,9,W061,AE-3200,CH-B,EDG-02,Edge,0.84,32.7,73.73,70.46,71.3,409.4,True,True,False,True,0,0.0,
1750,Rev9,9,W061,AE-3200,CH-B,EDG-03,Edge,0.84,65.5,74.35,69.9,62.56,404.3,True,True,True,True,0,0.0,
1751,Rev9,9,W061,AE-3200,CH-B,EDG-04,Edge,0.84,98.2,71.13,73.05,74.83,402.2,True,False,False,True,0,0.0,
1752,Rev9,9,W061,AE-3200,CH-B,EDG-05,Edge,0.84,130.9,76.07,70.36,64.15,412.1,False,True,True,True,1,2.03,polymer_residue
1753,Rev9,9,W061,AE-3200,CH-B,EDG-06,Edge,0.84,163.6,73.72,69.3,64.74,425.2,True,True,True,True,3,11.44,
1754,Rev9,9,W061,AE-3200,CH-B,EDG-07,Edge,0.84,196.4,72.62,71.5,68.4,419.9,True,True,True,True,1,5.88,esc_temp_drift
1755,Rev9,9,W061,AE-3200,CH-B,EDG-08,Edge,0.84,229.1,77.07,70.61,73.41,374.5,False,True,False,False,0,0.0,
1756,Rev9,9,W061,AE-3200,CH-B,EDG-09,Edge,0.84,261.8,75.28,73.63,70.45,407.2,False,False,True,True,2,11.25,polymer_residue
1757,Rev9,9,W061,AE-3200,CH-B,EDG-10,Edge,0.84,294.5,72.06,70.67,67.27,356.8,True,True,True,False,0,0.0,
1758,Rev9,9,W061,AE-3200,CH-B,EDG-11,Edge,0.84,327.3,72.87,69.41,63.76,388.6,True,True,True,True,0,0.0,
1759,Rev9,9,W061,AE-3200,CH-B,EXT-01,Extreme Edge,0.96,16.4,74.23,72.34,69.72,402.5,True,True,True,True,0,0.0,
1760,Rev9,9,W061,AE-3200,CH-B,EXT-02,Extreme Edge,0.96,49.1,74.4,71.91,62.82,429.2,True,True,True,True,0,0.0,
1761,Rev9,9,W061,AE-3200,CH-B,EXT-03,Extreme Edge,0.96,81.8,76.64,70.56,72.48,407.2,False,True,False,True,2,5.36,
1762,Rev9,9,W061,AE-3200,CH-B,EXT-04,Extreme Edge,0.96,114.5,74.2,72.13,65.55,401.4,True,True,True,True,1,3.37,
1763,Rev9,9,W061,AE-3200,CH-B,EXT-05,Extreme Edge,0.96,147.3,74.83,71.12,67.08,389.9,True,True,True,True,1,4.17,polymer_residue
1764,Rev9,9,W061,AE-3200,CH-B,EXT-06,Extreme Edge,0.96,180.0,75.1,73.9,66.21,399.2,True,False,True,True,1,5.75,
1765,Rev9,9,W061,AE-3200,CH-B,EXT-07,Extreme Edge,0.96,212.7,75.03,69.87,69.79,419.6,True,True,True,True,0,0.0,
1766,Rev9,9,W061,AE-3200,CH-B,EXT-08,Extreme Edge,0.96,245.5,74.05,69.8,68.22,405.6,True,True,True,True,3,7.91,esc_temp_drift
1767,Rev9,9,W061,AE-3200,CH-B,EXT-09,Extreme Edge,0.96,278.2,75.77,69.92,63.39,404.4,False,True,True,True,1,3.52,
1768,Rev9,9,W061,AE-3200,CH-B,EXT-10,Extreme Edge,0.96,310.9,72.86,70.99,65.22,413.7,True,True,True,True,0,0.0,
1769,Rev9,9,W061,AE-3200,CH-B,EXT-11,Extreme Edge,0.96,343.6,74.2,70.81,72.51,427.2,True,True,False,True,1,2.61,polymer_residue
1770,Rev5,5,W062,AE-3200,CH-B,C1,Center,0.0,0.0,69.85,66.61,67.09,428.8,True,True,True,True,0,0.0,
1771,Rev5,5,W062,AE-3200,CH-B,MID-01,Mid,0.52,30.0,70.85,70.09,66.18,462.9,True,True,True,False,0,0.0,
1772,Rev5,5,W062,AE-3200,CH-B,MID-02,Mid,0.52,90.0,72.39,70.82,63.97,459.3,True,True,True,False,0,0.0,
1773,Rev5,5,W062,AE-3200,CH-B,MID-03,Mid,0.52,150.0,71.57,67.57,67.89,450.1,True,True,True,True,1,2.69,esc_temp_drift
1774,Rev5,5,W062,AE-3200,CH-B,MID-04,Mid,0.52,210.0,71.62,69.07,66.79,458.8,True,True,True,False,1,2.74,esc_temp_drift
1775,Rev5,5,W062,AE-3200,CH-B,MID-05,Mid,0.52,270.0,73.07,74.59,67.66,454.0,True,False,True,False,0,0.0,
1776,Rev5,5,W062,AE-3200,CH-B,MID-06,Mid,0.52,330.0,71.37,70.32,63.35,474.5,True,True,True,False,0,0.0,
1777,Rev5,5,W062,AE-3200,CH-B,EDG-01,Edge,0.84,0.0,69.37,71.14,65.51,457.7,True,True,True,False,0,0.0,
1778,Rev5,5,W062,AE-3200,CH-B,EDG-02,Edge,0.84,32.7,73.49,72.33,67.61,439.6,True,True,True,True,1,5.47,
1779,Rev5,5,W062,AE-3200,CH-B,EDG-03,Edge,0.84,65.5,73.12,71.32,66.35,474.8,True,True,True,False,1,4.93,arc_event
1780,Rev5,5,W062,AE-3200,CH-B,EDG-04,Edge,0.84,98.2,74.23,73.14,70.29,451.4,True,False,True,True,2,11.62,
1781,Rev5,5,W062,AE-3200,CH-B,EDG-05,Edge,0.84,130.9,71.2,72.41,70.47,465.7,True,True,True,False,0,0.0,
1782,Rev5,5,W062,AE-3200,CH-B,EDG-06,Edge,0.84,163.6,71.46,73.14,70.69,463.3,True,False,False,False,1,4.27,endpoint_late
1783,Rev5,5,W062,AE-3200,CH-B,EDG-07,Edge,0.84,196.4,72.36,70.31,71.4,473.9,True,True,False,False,2,11.49,polymer_residue
1784,Rev5,5,W062,AE-3200,CH-B,EDG-08,Edge,0.84,229.1,70.73,69.26,64.07,439.6,True,True,True,True,0,0.0,
1785,Rev5,5,W062,AE-3200,CH-B,EDG-09,Edge,0.84,261.8,71.35,68.6,70.53,453.9,True,True,True,False,0,0.0,
1786,Rev5,5,W062,AE-3200,CH-B,EDG-10,Edge,0.84,294.5,71.6,72.22,63.62,478.3,True,True,True,False,0,0.0,
1787,Rev5,5,W062,AE-3200,CH-B,EDG-11,Edge,0.84,327.3,71.3,71.02,65.64,475.3,True,True,True,False,0,0.0,
1788,Rev5,5,W062,AE-3200,CH-B,EXT-01,Extreme Edge,0.96,16.4,74.83,74.01,67.11,426.1,True,False,True,True,0,0.0,
1789,Rev5,5,W062,AE-3200,CH-B,EXT-02,Extreme Edge,0.96,49.1,72.74,71.48,73.63,480.4,True,True,False,False,1,5.49,
1790,Rev5,5,W062,AE-3200,CH-B,EXT-03,Extreme Edge,0.96,81.8,72.42,70.33,63.11,468.6,True,True,True,False,0,0.0,
1791,Rev5,5,W062,AE-3200,CH-B,EXT-04,Extreme Edge,0.96,114.5,75.77,72.33,68.37,471.9,False,True,True,False,1,3.57,
1792,Rev5,5,W062,AE-3200,CH-B,EXT-05,Extreme Edge,0.96,147.3,71.72,75.38,68.8,447.7,True,False,True,True,1,3.79,pressure_spike
1793,Rev5,5,W062,AE-3200,CH-B,EXT-06,Extreme Edge,0.96,180.0,71.06,71.57,66.6,482.0,True,True,True,False,1,4.47,polymer_residue
1794,Rev5,5,W062,AE-3200,CH-B,EXT-07,Extreme Edge,0.96,212.7,74.7,70.89,69.24,450.4,True,True,True,True,1,2.07,
1795,Rev5,5,W062,AE-3200,CH-B,EXT-08,Extreme Edge,0.96,245.5,75.72,70.53,73.42,480.1,False,True,False,False,2,10.3,
1796,Rev5,5,W062,AE-3200,CH-B,EXT-09,Extreme Edge,0.96,278.2,75.04,72.46,63.9,438.8,True,True,True,True,1,5.99,
1797,Rev5,5,W062,AE-3200,CH-B,EXT-10,Extreme Edge,0.96,310.9,73.8,72.42,72.01,464.4,True,True,False,False,1,4.14,polymer_residue
1798,Rev5,5,W062,AE-3200,CH-B,EXT-11,Extreme Edge,0.96,343.6,74.33,71.73,70.52,460.3,True,True,True,False,0,0.0,
1799,Rev11,11,W063,PX-7500,CH-D,C1,Center,0.0,0.0,69.33,69.21,65.64,422.2,True,True,True,True,0,0.0,
1800,Rev11,11,W063,PX-7500,CH-D,MID-01,Mid,0.52,30.0,72.29,71.82,74.46,456.8,True,True,False,False,0,0.0,
1801,Rev11,11,W063,PX-7500,CH-D,MID-02,Mid,0.52,90.0,71.35,70.11,73.99,398.3,True,True,False,True,0,0.0,
1802,Rev11,11,W063,PX-7500,CH-D,MID-03,Mid,0.52,150.0,72.97,64.92,70.67,425.7,True,False,False,True,1,5.05,arc_event
1803,Rev11,11,W063,PX-7500,CH-D,MID-04,Mid,0.52,210.0,72.87,71.27,72.75,451.6,True,True,False,True,1,3.74,
1804,Rev11,11,W063,PX-7500,CH-D,MID-05,Mid,0.52,270.0,69.96,71.71,72.76,450.4,True,True,False,True,0,0.0,
1805,Rev11,11,W063,PX-7500,CH-D,MID-06,Mid,0.52,330.0,72.1,70.18,67.56,400.9,True,True,True,True,0,0.0,
1806,Rev11,11,W063,PX-7500,CH-D,EDG-01,Edge,0.84,0.0,75.21,71.85,76.23,437.8,False,True,False,True,3,17.33,
1807,Rev11,11,W063,PX-7500,CH-D,EDG-02,Edge,0.84,32.7,72.69,69.72,71.99,440.9,True,True,False,True,0,0.0,
1808,Rev11,11,W063,PX-7500,CH-D,EDG-03,Edge,0.84,65.5,71.6,71.57,74.05,434.5,True,True,False,True,2,5.46,polymer_residue
1809,Rev11,11,W063,PX-7500,CH-D,EDG-04,Edge,0.84,98.2,73.55,69.3,70.03,453.5,True,True,True,False,0,0.0,
1810,Rev11,11,W063,PX-7500,CH-D,EDG-05,Edge,0.84,130.9,73.1,71.32,67.19,446.2,True,True,True,True,0,0.0,
1811,Rev11,11,W063,PX-7500,CH-D,EDG-06,Edge,0.84,163.6,70.54,72.29,72.65,462.5,True,True,False,False,1,4.07,
1812,Rev11,11,W063,PX-7500,CH-D,EDG-07,Edge,0.84,196.4,71.29,70.67,76.24,394.6,True,True,False,True,1,2.6,pressure_spike
1813,Rev11,11,W063,PX-7500,CH-D,EDG-08,Edge,0.84,229.1,72.44,68.04,71.58,414.5,True,True,False,True,1,3.0,
1814,Rev11,11,W063,PX-7500,CH-D,EDG-09,Edge,0.84,261.8,72.38,69.17,71.4,426.8,True,True,False,True,0,0.0,
1815,Rev11,11,W063,PX-7500,CH-D,EDG-10,Edge,0.84,294.5,70.63,73.69,68.46,434.5,True,False,True,True,0,0.0,
1816,Rev11,11,W063,PX-7500,CH-D,EDG-11,Edge,0.84,327.3,72.35,68.99,73.94,426.9,True,True,False,True,0,0.0,
1817,Rev11,11,W063,PX-7500,CH-D,EXT-01,Extreme Edge,0.96,16.4,73.97,70.47,75.62,415.8,True,True,False,True,0,0.0,
1818,Rev11,11,W063,PX-7500,CH-D,EXT-02,Extreme Edge,0.96,49.1,73.36,72.23,71.77,433.4,True,True,False,True,1,5.59,
1819,Rev11,11,W063,PX-7500,CH-D,EXT-03,Extreme Edge,0.96,81.8,73.17,71.39,68.57,451.8,True,True,True,True,0,0.0,
1820,Rev11,11,W063,PX-7500,CH-D,EXT-04,Extreme Edge,0.96,114.5,73.58,71.93,71.93,454.7,True,True,False,False,0,0.0,
1821,Rev11,11,W063,PX-7500,CH-D,EXT-05,Extreme Edge,0.96,147.3,72.86,70.75,71.37,443.5,True,True,False,True,1,3.72,
1822,Rev11,11,W063,PX-7500,CH-D,EXT-06,Extreme Edge,0.96,180.0,73.4,68.99,74.32,445.0,True,True,False,True,1,6.2,polymer_residue
1823,Rev11,11,W063,PX-7500,CH-D,EXT-07,Extreme Edge,0.96,212.7,73.56,71.9,70.19,419.1,True,True,True,True,1,3.33,
1824,Rev11,11,W063,PX-7500,CH-D,EXT-08,Extreme Edge,0.96,245.5,71.84,69.5,70.24,421.4,True,True,True,True,0,0.0,
1825,Rev11,11,W063,PX-7500,CH-D,EXT-09,Extreme Edge,0.96,278.2,74.03,71.12,72.95,435.1,True,True,False,True,0,0.0,
1826,Rev11,11,W063,PX-7500,CH-D,EXT-10,Extreme Edge,0.96,310.9,75.64,70.8,75.03,414.9,False,True,False,True,1,4.63,
1827,Rev11,11,W063,PX-7500,CH-D,EXT-11,Extreme Edge,0.96,343.6,74.52,72.02,73.31,411.2,True,True,False,True,1,5.37,
1828,Rev5,5,W064,AE-3200,CH-B,C1,Center,0.0,0.0,72.34,64.13,73.68,415.2,True,False,False,True,0,0.0,
1829,Rev5,5,W064,AE-3200,CH-B,MID-01,Mid,0.52,30.0,72.84,70.67,72.81,450.0,True,True,False,True,0,0.0,
1830,Rev5,5,W064,AE-3200,CH-B,MID-02,Mid,0.52,90.0,70.6,67.86,70.13,429.5,True,True,True,True,0,0.0,
1831,Rev5,5,W064,AE-3200,CH-B,MID-03,Mid,0.52,150.0,71.16,66.1,66.84,453.8,True,True,True,False,0,0.0,
1832,Rev5,5,W064,AE-3200,CH-B,MID-04,Mid,0.52,210.0,71.92,66.88,70.05,469.9,True,True,True,False,0,0.0,
1833,Rev5,5,W064,AE-3200,CH-B,MID-05,Mid,0.52,270.0,70.86,67.64,70.15,440.7,True,True,True,True,0,0.0,
1834,Rev5,5,W064,AE-3200,CH-B,MID-06,Mid,0.52,330.0,73.17,69.3,66.99,477.3,True,True,True,False,1,4.95,pressure_spike
1835,Rev5,5,W064,AE-3200,CH-B,EDG-01,Edge,0.84,0.0,72.87,67.9,68.71,455.1,True,True,True,False,0,0.0,
1836,Rev5,5,W064,AE-3200,CH-B,EDG-02,Edge,0.84,32.7,73.24,67.86,70.75,460.7,True,True,False,False,3,15.68,polymer_residue
1837,Rev5,5,W064,AE-3200,CH-B,EDG-03,Edge,0.84,65.5,73.63,69.53,66.49,425.3,True,True,True,True,0,0.0,
1838,Rev5,5,W064,AE-3200,CH-B,EDG-04,Edge,0.84,98.2,72.71,68.6,67.23,450.4,True,True,True,True,0,0.0,
1839,Rev5,5,W064,AE-3200,CH-B,EDG-05,Edge,0.84,130.9,72.63,69.44,64.8,439.7,True,True,True,True,0,0.0,
1840,Rev5,5,W064,AE-3200,CH-B,EDG-06,Edge,0.84,163.6,73.21,67.43,69.3,461.7,True,True,True,False,0,0.0,
1841,Rev5,5,W064,AE-3200,CH-B,EDG-07,Edge,0.84,196.4,71.98,67.81,78.18,452.3,True,True,False,False,0,0.0,
1842,Rev5,5,W064,AE-3200,CH-B,EDG-08,Edge,0.84,229.1,73.59,70.97,65.1,454.6,True,True,True,False,2,10.37,arc_event
1843,Rev5,5,W064,AE-3200,CH-B,EDG-09,Edge,0.84,261.8,73.66,68.6,69.15,400.9,True,True,True,True,1,3.23,polymer_residue
1844,Rev5,5,W064,AE-3200,CH-B,EDG-10,Edge,0.84,294.5,74.98,66.9,69.17,458.0,True,True,True,False,0,0.0,
1845,Rev5,5,W064,AE-3200,CH-B,EDG-11,Edge,0.84,327.3,72.85,71.08,71.97,467.6,True,True,False,False,1,3.16,polymer_residue
1846,Rev5,5,W064,AE-3200,CH-B,EXT-01,Extreme Edge,0.96,16.4,74.9,69.17,72.84,466.0,True,True,False,False,1,5.33,pressure_spike
1847,Rev5,5,W064,AE-3200,CH-B,EXT-02,Extreme Edge,0.96,49.1,74.9,71.94,73.54,465.0,True,True,False,False,0,0.0,
1848,Rev5,5,W064,AE-3200,CH-B,EXT-03,Extreme Edge,0.96,81.8,73.29,70.27,70.98,451.6,True,True,False,True,1,2.36,
1849,Rev5,5,W064,AE-3200,CH-B,EXT-04,Extreme Edge,0.96,114.5,75.2,71.95,69.04,431.6,False,True,True,True,0,0.0,
1850,Rev5,5,W064,AE-3200,CH-B,EXT-05,Extreme Edge,0.96,147.3,73.7,71.38,73.03,392.4,True,True,False,True,0,0.0,
1851,Rev5,5,W064,AE-3200,CH-B,EXT-06,Extreme Edge,0.96,180.0,75.17,69.4,68.27,425.1,True,True,True,True,0,0.0,
1852,Rev5,5,W064,AE-3200,CH-B,EXT-07,Extreme Edge,0.96,212.7,75.38,68.43,70.11,476.6,False,True,True,False,0,0.0,
1853,Rev5,5,W064,AE-3200,CH-B,EXT-08,Extreme Edge,0.96,245.5,73.14,69.26,67.97,472.0,True,True,True,False,1,6.46,polymer_residue
1854,Rev5,5,W064,AE-3200,CH-B,EXT-09,Extreme Edge,0.96,278.2,74.37,68.2,75.59,450.4,True,True,False,True,1,4.66,
1855,Rev5,5,W064,AE-3200,CH-B,EXT-10,Extreme Edge,0.96,310.9,75.22,71.75,73.29,461.8,False,True,False,False,1,3.85,
1856,Rev5,5,W064,AE-3200,CH-B,EXT-11,Extreme Edge,0.96,343.6,77.01,68.66,66.85,434.1,False,True,True,True,0,0.0,
1857,Rev3,3,W065,PX-7500,CH-D,C1,Center,0.0,0.0,72.15,70.19,62.67,412.3,True,True,True,True,0,0.0,
1858,Rev3,3,W065,PX-7500,CH-D,MID-01,Mid,0.52,30.0,73.87,70.41,66.23,388.3,True,True,True,True,0,0.0,
1859,Rev3,3,W065,PX-7500,CH-D,MID-02,Mid,0.52,90.0,74.66,69.84,69.97,442.4,True,True,True,True,0,0.0,
1860,Rev3,3,W065,PX-7500,CH-D,MID-03,Mid,0.52,150.0,73.28,70.83,64.56,439.9,True,True,True,True,0,0.0,
1861,Rev3,3,W065,PX-7500,CH-D,MID-04,Mid,0.52,210.0,74.06,71.4,65.11,394.1,True,True,True,True,0,0.0,
1862,Rev3,3,W065,PX-7500,CH-D,MID-05,Mid,0.52,270.0,73.71,70.69,65.28,408.4,True,True,True,True,0,0.0,
1863,Rev3,3,W065,PX-7500,CH-D,MID-06,Mid,0.52,330.0,73.01,69.79,68.13,426.7,True,True,True,True,0,0.0,
1864,Rev3,3,W065,PX-7500,CH-D,EDG-01,Edge,0.84,0.0,71.66,72.82,65.95,429.3,True,False,True,True,0,0.0,
1865,Rev3,3,W065,PX-7500,CH-D,EDG-02,Edge,0.84,32.7,74.42,73.09,69.06,432.2,True,False,True,True,0,0.0,
1866,Rev3,3,W065,PX-7500,CH-D,EDG-03,Edge,0.84,65.5,75.33,73.09,65.29,414.4,False,False,True,True,3,14.91,
1867,Rev3,3,W065,PX-7500,CH-D,EDG-04,Edge,0.84,98.2,74.37,72.46,61.54,438.5,True,True,True,True,1,5.14,
1868,Rev3,3,W065,PX-7500,CH-D,EDG-05,Edge,0.84,130.9,73.77,71.31,64.24,414.0,True,True,True,True,1,3.42,polymer_residue
1869,Rev3,3,W065,PX-7500,CH-D,EDG-06,Edge,0.84,163.6,75.87,72.09,65.48,455.7,False,True,True,False,0,0.0,
1870,Rev3,3,W065,PX-7500,CH-D,EDG-07,Edge,0.84,196.4,74.12,72.24,70.85,458.1,True,True,False,False,1,2.68,esc_temp_drift
1871,Rev3,3,W065,PX-7500,CH-D,EDG-08,Edge,0.84,229.1,73.26,74.91,65.63,450.9,True,False,True,True,0,0.0,
1872,Rev3,3,W065,PX-7500,CH-D,EDG-09,Edge,0.84,261.8,71.26,72.19,63.84,410.1,True,True,True,True,0,0.0,
1873,Rev3,3,W065,PX-7500,CH-D,EDG-10,Edge,0.84,294.5,73.71,75.41,64.5,421.1,True,False,True,True,0,0.0,
1874,Rev3,3,W065,PX-7500,CH-D,EDG-11,Edge,0.84,327.3,73.56,70.98,65.7,457.4,True,True,True,False,0,0.0,
1875,Rev3,3,W065,PX-7500,CH-D,EXT-01,Extreme Edge,0.96,16.4,76.67,70.55,65.5,484.8,False,True,True,False,0,0.0,
1876,Rev3,3,W065,PX-7500,CH-D,EXT-02,Extreme Edge,0.96,49.1,73.89,74.17,65.97,450.2,True,False,True,True,2,10.71,
1877,Rev3,3,W065,PX-7500,CH-D,EXT-03,Extreme Edge,0.96,81.8,74.51,77.09,70.88,432.4,True,False,False,True,0,0.0,
1878,Rev3,3,W065,PX-7500,CH-D,EXT-04,Extreme Edge,0.96,114.5,75.62,75.33,68.41,446.3,False,False,True,True,1,4.29,polymer_residue
1879,Rev3,3,W065,PX-7500,CH-D,EXT-05,Extreme Edge,0.96,147.3,75.0,73.98,65.21,399.2,True,False,True,True,1,5.28,pressure_spike
1880,Rev3,3,W065,PX-7500,CH-D,EXT-06,Extreme Edge,0.96,180.0,73.34,74.02,65.22,413.2,True,False,True,True,1,4.29,arc_event
1881,Rev3,3,W065,PX-7500,CH-D,EXT-07,Extreme Edge,0.96,212.7,73.85,73.09,68.47,477.3,True,False,True,False,2,9.6,polymer_residue
1882,Rev3,3,W065,PX-7500,CH-D,EXT-08,Extreme Edge,0.96,245.5,74.36,73.62,69.67,432.2,True,False,True,True,0,0.0,
1883,Rev3,3,W065,PX-7500,CH-D,EXT-09,Extreme Edge,0.96,278.2,75.96,71.28,62.4,451.3,False,True,True,True,1,3.95,arc_event
1884,Rev3,3,W065,PX-7500,CH-D,EXT-10,Extreme Edge,0.96,310.9,75.37,75.08,71.36,405.0,False,False,False,True,0,0.0,
1885,Rev3,3,W065,PX-7500,CH-D,EXT-11,Extreme Edge,0.96,343.6,76.07,75.29,63.77,450.6,False,False,True,True,1,5.89,endpoint_late
1886,Rev6,6,W066,PX-7500,CH-C,C1,Center,0.0,0.0,68.46,67.79,69.75,387.7,True,True,True,True,0,0.0,
1887,Rev6,6,W066,PX-7500,CH-C,MID-01,Mid,0.52,30.0,70.46,69.6,58.62,395.6,True,True,False,True,0,0.0,
1888,Rev6,6,W066,PX-7500,CH-C,MID-02,Mid,0.52,90.0,68.76,68.45,65.16,419.3,True,True,True,True,0,0.0,
1889,Rev6,6,W066,PX-7500,CH-C,MID-03,Mid,0.52,150.0,69.33,71.75,56.81,425.3,True,True,False,True,0,0.0,
1890,Rev6,6,W066,PX-7500,CH-C,MID-04,Mid,0.52,210.0,72.52,64.46,60.12,405.5,True,False,True,True,0,0.0,
1891,Rev6,6,W066,PX-7500,CH-C,MID-05,Mid,0.52,270.0,72.71,66.16,67.17,402.6,True,True,True,True,0,0.0,
1892,Rev6,6,W066,PX-7500,CH-C,MID-06,Mid,0.52,330.0,69.75,67.41,60.67,396.5,True,True,True,True,0,0.0,
1893,Rev6,6,W066,PX-7500,CH-C,EDG-01,Edge,0.84,0.0,71.0,68.67,64.33,417.9,True,True,True,True,0,0.0,
1894,Rev6,6,W066,PX-7500,CH-C,EDG-02,Edge,0.84,32.7,70.98,68.45,66.18,403.5,True,True,True,True,1,1.8,
1895,Rev6,6,W066,PX-7500,CH-C,EDG-03,Edge,0.84,65.5,70.63,68.25,64.82,417.6,True,True,True,True,0,0.0,
1896,Rev6,6,W066,PX-7500,CH-C,EDG-04,Edge,0.84,98.2,71.14,68.96,66.55,428.7,True,True,True,True,0,0.0,
1897,Rev6,6,W066,PX-7500,CH-C,EDG-05,Edge,0.84,130.9,71.7,69.54,63.5,388.1,True,True,True,True,2,10.54,
1898,Rev6,6,W066,PX-7500,CH-C,EDG-06,Edge,0.84,163.6,72.31,68.23,66.37,455.9,True,True,True,False,1,5.36,polymer_residue
1899,Rev6,6,W066,PX-7500,CH-C,EDG-07,Edge,0.84,196.4,72.1,72.12,69.43,408.0,True,True,True,True,0,0.0,
1900,Rev6,6,W066,PX-7500,CH-C,EDG-08,Edge,0.84,229.1,72.0,71.24,63.25,396.5,True,True,True,True,2,6.91,esc_temp_drift
1901,Rev6,6,W066,PX-7500,CH-C,EDG-09,Edge,0.84,261.8,71.27,72.01,66.35,412.3,True,True,True,True,0,0.0,
1902,Rev6,6,W066,PX-7500,CH-C,EDG-10,Edge,0.84,294.5,71.29,70.61,64.34,457.5,True,True,True,False,0,0.0,
1903,Rev6,6,W066,PX-7500,CH-C,EDG-11,Edge,0.84,327.3,72.84,71.22,67.52,454.9,True,True,True,False,0,0.0,
1904,Rev6,6,W066,PX-7500,CH-C,EXT-01,Extreme Edge,0.96,16.4,71.62,70.25,67.09,426.4,True,True,True,True,1,4.67,
1905,Rev6,6,W066,PX-7500,CH-C,EXT-02,Extreme Edge,0.96,49.1,73.41,67.06,69.01,410.7,True,True,True,True,0,0.0,
1906,Rev6,6,W066,PX-7500,CH-C,EXT-03,Extreme Edge,0.96,81.8,70.53,71.92,63.52,413.9,True,True,True,True,0,0.0,
1907,Rev6,6,W066,PX-7500,CH-C,EXT-04,Extreme Edge,0.96,114.5,72.34,71.76,68.71,457.8,True,True,True,False,1,3.72,
1908,Rev6,6,W066,PX-7500,CH-C,EXT-05,Extreme Edge,0.96,147.3,71.16,71.08,64.41,419.3,True,True,True,True,3,10.22,polymer_residue
1909,Rev6,6,W066,PX-7500,CH-C,EXT-06,Extreme Edge,0.96,180.0,73.31,71.85,58.19,451.5,True,True,False,True,0,0.0,
1910,Rev6,6,W066,PX-7500,CH-C,EXT-07,Extreme Edge,0.96,212.7,75.24,69.34,65.19,449.0,False,True,True,True,2,6.06,
1911,Rev6,6,W066,PX-7500,CH-C,EXT-08,Extreme Edge,0.96,245.5,71.75,68.59,65.44,422.5,True,True,True,True,0,0.0,
1912,Rev6,6,W066,PX-7500,CH-C,EXT-09,Extreme Edge,0.96,278.2,69.4,72.05,70.04,430.9,True,True,True,True,1,3.0,polymer_residue
1913,Rev6,6,W066,PX-7500,CH-C,EXT-10,Extreme Edge,0.96,310.9,73.49,71.75,67.9,428.7,True,True,True,True,0,0.0,
1914,Rev6,6,W066,PX-7500,CH-C,EXT-11,Extreme Edge,0.96,343.6,73.38,72.04,68.06,459.2,True,True,True,False,0,0.0,
1915,Base,0,W067,AE-3200,CH-A,C1,Center,0.0,0.0,75.33,72.65,65.55,402.1,False,True,True,True,0,0.0,
1916,Base,0,W067,AE-3200,CH-A,MID-01,Mid,0.52,30.0,71.53,72.63,67.35,368.3,True,True,True,False,0,0.0,
1917,Base,0,W067,AE-3200,CH-A,MID-02,Mid,0.52,90.0,72.68,72.11,70.21,407.6,True,True,True,True,0,0.0,
1918,Base,0,W067,AE-3200,CH-A,MID-03,Mid,0.52,150.0,73.05,75.0,59.98,439.1,True,False,True,True,0,0.0,
1919,Base,0,W067,AE-3200,CH-A,MID-04,Mid,0.52,210.0,72.25,68.74,63.6,409.0,True,True,True,True,0,0.0,
1920,Base,0,W067,AE-3200,CH-A,MID-05,Mid,0.52,270.0,72.52,72.7,64.0,381.4,True,True,True,True,0,0.0,
1921,Base,0,W067,AE-3200,CH-A,MID-06,Mid,0.52,330.0,71.34,72.7,67.02,379.6,True,True,True,True,0,0.0,
1922,Base,0,W067,AE-3200,CH-A,EDG-01,Edge,0.84,0.0,73.95,72.78,71.23,463.3,True,True,False,False,1,4.44,polymer_residue
1923,Base,0,W067,AE-3200,CH-A,EDG-02,Edge,0.84,32.7,74.1,75.47,67.94,419.2,True,False,True,True,0,0.0,
1924,Base,0,W067,AE-3200,CH-A,EDG-03,Edge,0.84,65.5,74.08,74.12,67.77,431.1,True,False,True,True,0,0.0,
1925,Base,0,W067,AE-3200,CH-A,EDG-04,Edge,0.84,98.2,74.31,75.69,67.45,416.8,True,False,True,True,0,0.0,
1926,Base,0,W067,AE-3200,CH-A,EDG-05,Edge,0.84,130.9,73.0,73.2,66.84,436.4,True,False,True,True,0,0.0,
1927,Base,0,W067,AE-3200,CH-A,EDG-06,Edge,0.84,163.6,74.56,71.06,71.55,438.0,True,True,False,True,2,5.21,
1928,Base,0,W067,AE-3200,CH-A,EDG-07,Edge,0.84,196.4,72.95,73.92,69.25,401.7,True,False,True,True,0,0.0,
1929,Base,0,W067,AE-3200,CH-A,EDG-08,Edge,0.84,229.1,75.65,72.31,67.35,404.7,False,True,True,True,0,0.0,
1930,Base,0,W067,AE-3200,CH-A,EDG-09,Edge,0.84,261.8,73.74,72.88,69.28,442.0,True,False,True,True,1,3.01,arc_event
1931,Base,0,W067,AE-3200,CH-A,EDG-10,Edge,0.84,294.5,73.81,77.08,68.77,387.9,True,False,True,True,1,5.78,pressure_spike
1932,Base,0,W067,AE-3200,CH-A,EDG-11,Edge,0.84,327.3,76.3,74.81,72.82,411.2,False,False,False,True,0,0.0,
1933,Base,0,W067,AE-3200,CH-A,EXT-01,Extreme Edge,0.96,16.4,74.95,74.1,70.92,447.9,True,False,False,True,0,0.0,
1934,Base,0,W067,AE-3200,CH-A,EXT-02,Extreme Edge,0.96,49.1,75.83,73.51,74.8,394.0,False,False,False,True,0,0.0,
1935,Base,0,W067,AE-3200,CH-A,EXT-03,Extreme Edge,0.96,81.8,75.31,72.05,69.04,404.7,False,True,True,True,2,6.72,
1936,Base,0,W067,AE-3200,CH-A,EXT-04,Extreme Edge,0.96,114.5,77.87,73.65,69.3,417.0,False,False,True,True,1,2.97,polymer_residue
1937,Base,0,W067,AE-3200,CH-A,EXT-05,Extreme Edge,0.96,147.3,76.56,74.06,65.51,448.2,False,False,True,True,2,8.55,
1938,Base,0,W067,AE-3200,CH-A,EXT-06,Extreme Edge,0.96,180.0,76.32,75.64,69.62,462.2,False,False,True,False,3,13.33,
1939,Base,0,W067,AE-3200,CH-A,EXT-07,Extreme Edge,0.96,212.7,77.03,73.69,72.13,430.7,False,False,False,True,2,4.19,polymer_residue
1940,Base,0,W067,AE-3200,CH-A,EXT-08,Extreme Edge,0.96,245.5,78.66,74.6,66.33,449.2,False,False,True,True,0,0.0,
1941,Base,0,W067,AE-3200,CH-A,EXT-09,Extreme Edge,0.96,278.2,76.69,77.06,74.05,394.9,False,False,False,True,0,0.0,
1942,Base,0,W067,AE-3200,CH-A,EXT-10,Extreme Edge,0.96,310.9,76.59,73.55,71.5,427.9,False,False,False,True,2,7.46,
1943,Base,0,W067,AE-3200,CH-A,EXT-11,Extreme Edge,0.96,343.6,76.42,73.49,65.45,402.4,False,False,True,True,0,0.0,
1944,Rev10,10,W068,PX-7500,CH-C,C1,Center,0.0,0.0,73.54,69.03,65.45,388.5,True,True,True,True,0,0.0,
1945,Rev10,10,W068,PX-7500,CH-C,MID-01,Mid,0.52,30.0,72.85,69.37,65.94,383.9,True,True,True,True,0,0.0,
1946,Rev10,10,W068,PX-7500,CH-C,MID-02,Mid,0.52,90.0,72.47,70.81,66.58,373.2,True,True,True,False,2,11.97,polymer_residue
1947,Rev10,10,W068,PX-7500,CH-C,MID-03,Mid,0.52,150.0,72.72,73.37,68.16,411.8,True,False,True,True,0,0.0,
1948,Rev10,10,W068,PX-7500,CH-C,MID-04,Mid,0.52,210.0,73.36,71.5,64.15,411.1,True,True,True,True,0,0.0,
1949,Rev10,10,W068,PX-7500,CH-C,MID-05,Mid,0.52,270.0,72.17,71.66,68.12,381.6,True,True,True,True,0,0.0,
1950,Rev10,10,W068,PX-7500,CH-C,MID-06,Mid,0.52,330.0,72.23,68.74,65.33,398.0,True,True,True,True,0,0.0,
1951,Rev10,10,W068,PX-7500,CH-C,EDG-01,Edge,0.84,0.0,74.25,70.18,63.49,381.4,True,True,True,True,0,0.0,
1952,Rev10,10,W068,PX-7500,CH-C,EDG-02,Edge,0.84,32.7,71.86,70.28,65.23,423.7,True,True,True,True,1,1.95,
1953,Rev10,10,W068,PX-7500,CH-C,EDG-03,Edge,0.84,65.5,75.88,73.83,66.35,410.1,False,False,True,True,1,6.47,arc_event
1954,Rev10,10,W068,PX-7500,CH-C,EDG-04,Edge,0.84,98.2,75.49,69.81,67.73,383.4,False,True,True,True,0,0.0,
1955,Rev10,10,W068,PX-7500,CH-C,EDG-05,Edge,0.84,130.9,73.7,73.14,65.36,436.5,True,False,True,True,1,3.8,
1956,Rev10,10,W068,PX-7500,CH-C,EDG-06,Edge,0.84,163.6,76.58,72.76,66.85,399.3,False,True,True,True,0,0.0,
1957,Rev10,10,W068,PX-7500,CH-C,EDG-07,Edge,0.84,196.4,74.27,71.22,71.3,424.8,True,True,False,True,1,3.6,polymer_residue
1958,Rev10,10,W068,PX-7500,CH-C,EDG-08,Edge,0.84,229.1,72.96,69.4,68.47,372.6,True,True,True,False,1,5.14,endpoint_late
1959,Rev10,10,W068,PX-7500,CH-C,EDG-09,Edge,0.84,261.8,75.08,69.23,66.65,377.7,True,True,True,True,0,0.0,
1960,Rev10,10,W068,PX-7500,CH-C,EDG-10,Edge,0.84,294.5,77.83,70.79,59.74,363.5,False,True,True,False,0,0.0,
1961,Rev10,10,W068,PX-7500,CH-C,EDG-11,Edge,0.84,327.3,76.88,71.96,65.04,409.5,False,True,True,True,1,3.25,
1962,Rev10,10,W068,PX-7500,CH-C,EXT-01,Extreme Edge,0.96,16.4,75.77,69.73,64.58,394.4,False,True,True,True,1,2.24,
1963,Rev10,10,W068,PX-7500,CH-C,EXT-02,Extreme Edge,0.96,49.1,75.51,69.24,69.24,398.8,False,True,True,True,1,6.25,
1964,Rev10,10,W068,PX-7500,CH-C,EXT-03,Extreme Edge,0.96,81.8,78.65,70.26,63.1,392.0,False,True,True,True,0,0.0,
1965,Rev10,10,W068,PX-7500,CH-C,EXT-04,Extreme Edge,0.96,114.5,78.22,71.93,67.12,380.7,False,True,True,True,0,0.0,
1966,Rev10,10,W068,PX-7500,CH-C,EXT-05,Extreme Edge,0.96,147.3,75.67,70.42,69.6,387.4,False,True,True,True,1,2.44,
1967,Rev10,10,W068,PX-7500,CH-C,EXT-06,Extreme Edge,0.96,180.0,78.13,72.07,66.79,386.3,False,True,True,True,1,5.57,
1968,Rev10,10,W068,PX-7500,CH-C,EXT-07,Extreme Edge,0.96,212.7,74.55,69.63,65.1,378.0,True,True,True,True,0,0.0,
1969,Rev10,10,W068,PX-7500,CH-C,EXT-08,Extreme Edge,0.96,245.5,76.89,72.3,70.85,396.5,False,True,False,True,0,0.0,
1970,Rev10,10,W068,PX-7500,CH-C,EXT-09,Extreme Edge,0.96,278.2,73.48,71.91,67.94,414.8,True,True,True,True,1,5.52,
1971,Rev10,10,W068,PX-7500,CH-C,EXT-10,Extreme Edge,0.96,310.9,75.8,69.07,66.55,379.2,False,True,True,True,0,0.0,
1972,Rev10,10,W068,PX-7500,CH-C,EXT-11,Extreme Edge,0.96,343.6,75.7,73.75,70.32,383.0,False,False,True,True,0,0.0,
1973,Rev7,7,W069,PX-7500,CH-D,C1,Center,0.0,0.0,74.97,68.61,65.76,391.1,True,True,True,True,1,2.51,arc_event
1974,Rev7,7,W069,PX-7500,CH-D,MID-01,Mid,0.52,30.0,72.97,69.25,68.93,366.6,True,True,True,False,0,0.0,
1975,Rev7,7,W069,PX-7500,CH-D,MID-02,Mid,0.52,90.0,74.58,67.76,64.24,405.3,True,True,True,True,0,0.0,
1976,Rev7,7,W069,PX-7500,CH-D,MID-03,Mid,0.52,150.0,72.84,71.24,60.92,369.6,True,True,True,False,0,0.0,
1977,Rev7,7,W069,PX-7500,CH-D,MID-04,Mid,0.52,210.0,72.98,68.67,66.26,401.0,True,True,True,True,1,2.54,
1978,Rev7,7,W069,PX-7500,CH-D,MID-05,Mid,0.52,270.0,74.18,67.18,67.84,403.5,True,True,True,True,0,0.0,
1979,Rev7,7,W069,PX-7500,CH-D,MID-06,Mid,0.52,330.0,72.51,69.14,65.19,397.4,True,True,True,True,0,0.0,
1980,Rev7,7,W069,PX-7500,CH-D,EDG-01,Edge,0.84,0.0,76.44,72.26,67.66,408.3,False,True,True,True,0,0.0,
1981,Rev7,7,W069,PX-7500,CH-D,EDG-02,Edge,0.84,32.7,75.71,70.17,63.89,385.5,False,True,True,True,0,0.0,
1982,Rev7,7,W069,PX-7500,CH-D,EDG-03,Edge,0.84,65.5,76.12,70.81,66.02,399.2,False,True,True,True,0,0.0,
1983,Rev7,7,W069,PX-7500,CH-D,EDG-04,Edge,0.84,98.2,75.59,70.52,67.34,411.7,False,True,True,True,1,3.92,polymer_residue
1984,Rev7,7,W069,PX-7500,CH-D,EDG-05,Edge,0.84,130.9,75.41,69.75,73.93,419.8,False,True,False,True,1,3.13,
1985,Rev7,7,W069,PX-7500,CH-D,EDG-06,Edge,0.84,163.6,76.5,69.72,66.78,421.5,False,True,True,True,1,4.05,
1986,Rev7,7,W069,PX-7500,CH-D,EDG-07,Edge,0.84,196.4,75.57,67.18,66.86,444.1,False,True,True,True,0,0.0,
1987,Rev7,7,W069,PX-7500,CH-D,EDG-08,Edge,0.84,229.1,76.97,69.67,71.92,434.5,False,True,False,True,2,8.85,pressure_spike
1988,Rev7,7,W069,PX-7500,CH-D,EDG-09,Edge,0.84,261.8,74.19,71.67,68.21,453.1,True,True,True,False,1,4.53,
1989,Rev7,7,W069,PX-7500,CH-D,EDG-10,Edge,0.84,294.5,75.8,69.75,64.71,396.8,False,True,True,True,2,5.63,
1990,Rev7,7,W069,PX-7500,CH-D,EDG-11,Edge,0.84,327.3,78.49,67.06,68.82,411.5,False,True,True,True,0,0.0,
1991,Rev7,7,W069,PX-7500,CH-D,EXT-01,Extreme Edge,0.96,16.4,78.67,68.41,66.63,408.9,False,True,True,True,0,0.0,
1992,Rev7,7,W069,PX-7500,CH-D,EXT-02,Extreme Edge,0.96,49.1,76.86,69.63,65.71,409.0,False,True,True,True,0,0.0,
1993,Rev7,7,W069,PX-7500,CH-D,EXT-03,Extreme Edge,0.96,81.8,76.35,66.45,62.61,422.8,False,True,True,True,0,0.0,
1994,Rev7,7,W069,PX-7500,CH-D,EXT-04,Extreme Edge,0.96,114.5,76.04,68.84,73.64,411.6,False,True,False,True,1,2.37,
1995,Rev7,7,W069,PX-7500,CH-D,EXT-05,Extreme Edge,0.96,147.3,76.31,74.35,68.52,420.5,False,False,True,True,0,0.0,
1996,Rev7,7,W069,PX-7500,CH-D,EXT-06,Extreme Edge,0.96,180.0,79.27,65.91,73.81,420.1,False,True,False,True,0,0.0,
1997,Rev7,7,W069,PX-7500,CH-D,EXT-07,Extreme Edge,0.96,212.7,75.34,68.94,65.2,397.6,False,True,True,True,0,0.0,
1998,Rev7,7,W069,PX-7500,CH-D,EXT-08,Extreme Edge,0.96,245.5,78.35,69.81,67.19,413.1,False,True,True,True,2,10.94,polymer_residue
1999,Rev7,7,W069,PX-7500,CH-D,EXT-09,Extreme Edge,0.96,278.2,78.26,69.84,66.66,441.3,False,True,True,True,0,0.0,
2000,Rev7,7,W069,PX-7500,CH-D,EXT-10,Extreme Edge,0.96,310.9,76.23,72.36,65.74,386.2,False,True,True,True,1,6.23,
2001,Rev7,7,W069,PX-7500,CH-D,EXT-11,Extreme Edge,0.96,343.6,75.8,70.9,66.12,450.5,False,True,True,True,0,0.0,
2002,Rev8,8,W070,AE-3200,CH-A,C1,Center,0.0,0.0,70.2,69.82,61.95,398.2,True,True,True,True,0,0.0,
2003,Rev8,8,W070,AE-3200,CH-A,MID-01,Mid,0.52,30.0,75.09,74.81,68.82,435.5,True,False,True,True,0,0.0,
2004,Rev8,8,W070,AE-3200,CH-A,MID-02,Mid,0.52,90.0,72.55,72.54,68.3,444.7,True,True,True,True,0,0.0,
2005,Rev8,8,W070,AE-3200,CH-A,MID-03,Mid,0.52,150.0,73.25,72.26,67.83,436.8,True,True,True,True,1,5.53,arc_event
2006,Rev8,8,W070,AE-3200,CH-A,MID-04,Mid,0.52,210.0,71.31,70.68,67.75,396.9,True,True,True,True,0,0.0,
2007,Rev8,8,W070,AE-3200,CH-A,MID-05,Mid,0.52,270.0,72.09,73.9,70.89,430.6,True,False,False,True,0,0.0,
2008,Rev8,8,W070,AE-3200,CH-A,MID-06,Mid,0.52,330.0,74.76,69.02,64.77,403.8,True,True,True,True,0,0.0,
2009,Rev8,8,W070,AE-3200,CH-A,EDG-01,Edge,0.84,0.0,74.96,72.85,61.83,440.0,True,False,True,True,1,4.17,
2010,Rev8,8,W070,AE-3200,CH-A,EDG-02,Edge,0.84,32.7,74.66,73.15,68.21,456.9,True,False,True,False,2,10.79,
2011,Rev8,8,W070,AE-3200,CH-A,EDG-03,Edge,0.84,65.5,74.61,76.46,68.26,439.2,True,False,True,True,0,0.0,
2012,Rev8,8,W070,AE-3200,CH-A,EDG-04,Edge,0.84,98.2,75.5,72.78,66.37,432.7,False,True,True,True,1,2.46,arc_event
2013,Rev8,8,W070,AE-3200,CH-A,EDG-05,Edge,0.84,130.9,75.77,73.28,66.79,424.5,False,False,True,True,0,0.0,
2014,Rev8,8,W070,AE-3200,CH-A,EDG-06,Edge,0.84,163.6,72.52,73.39,71.39,419.5,True,False,False,True,1,5.71,pressure_spike
2015,Rev8,8,W070,AE-3200,CH-A,EDG-07,Edge,0.84,196.4,73.26,74.3,62.3,404.7,True,False,True,True,0,0.0,
2016,Rev8,8,W070,AE-3200,CH-A,EDG-08,Edge,0.84,229.1,71.79,72.5,70.58,413.4,True,True,True,True,0,0.0,
2017,Rev8,8,W070,AE-3200,CH-A,EDG-09,Edge,0.84,261.8,75.86,72.15,66.7,426.5,False,True,True,True,0,0.0,
2018,Rev8,8,W070,AE-3200,CH-A,EDG-10,Edge,0.84,294.5,73.74,74.98,65.12,430.1,True,False,True,True,3,7.63,endpoint_late
2019,Rev8,8,W070,AE-3200,CH-A,EDG-11,Edge,0.84,327.3,74.74,70.16,68.86,435.5,True,True,True,True,1,3.08,
2020,Rev8,8,W070,AE-3200,CH-A,EXT-01,Extreme Edge,0.96,16.4,73.66,74.43,62.94,449.1,True,False,True,True,0,0.0,
2021,Rev8,8,W070,AE-3200,CH-A,EXT-02,Extreme Edge,0.96,49.1,73.59,74.64,66.2,450.5,True,False,True,True,1,5.19,
2022,Rev8,8,W070,AE-3200,CH-A,EXT-03,Extreme Edge,0.96,81.8,77.81,76.1,73.58,410.3,False,False,False,True,1,2.07,
2023,Rev8,8,W070,AE-3200,CH-A,EXT-04,Extreme Edge,0.96,114.5,75.82,71.97,66.48,448.9,False,True,True,True,0,0.0,
2024,Rev8,8,W070,AE-3200,CH-A,EXT-05,Extreme Edge,0.96,147.3,75.27,74.64,65.53,431.9,False,False,True,True,0,0.0,
2025,Rev8,8,W070,AE-3200,CH-A,EXT-06,Extreme Edge,0.96,180.0,74.95,70.87,67.28,432.6,True,True,True,True,1,1.84,
2026,Rev8,8,W070,AE-3200,CH-A,EXT-07,Extreme Edge,0.96,212.7,74.84,75.26,66.65,426.6,True,False,True,True,0,0.0,
2027,Rev8,8,W070,AE-3200,CH-A,EXT-08,Extreme Edge,0.96,245.5,73.72,72.53,68.2,454.8,True,True,True,False,0,0.0,
2028,Rev8,8,W070,AE-3200,CH-A,EXT-09,Extreme Edge,0.96,278.2,76.28,75.28,72.64,461.3,False,False,False,False,0,0.0,
2029,Rev8,8,W070,AE-3200,CH-A,EXT-10,Extreme Edge,0.96,310.9,73.33,75.36,69.19,450.0,True,False,True,True,0,0.0,
2030,Rev8,8,W070,AE-3200,CH-A,EXT-11,Extreme Edge,0.96,343.6,77.58,75.77,65.76,411.6,False,False,True,True,1,3.74,esc_temp_drift
2031,Rev9,9,W071,AE-3200,CH-B,C1,Center,0.0,0.0,73.03,70.25,70.77,402.0,True,True,False,True,0,0.0,
2032,Rev9,9,W071,AE-3200,CH-B,MID-01,Mid,0.52,30.0,74.7,73.52,76.03,364.2,True,False,False,False,0,0.0,
2033,Rev9,9,W071,AE-3200,CH-B,MID-02,Mid,0.52,90.0,72.72,69.87,65.68,398.3,True,True,True,True,0,0.0,
2034,Rev9,9,W071,AE-3200,CH-B,MID-03,Mid,0.52,150.0,74.77,71.0,68.47,377.0,True,True,True,True,0,0.0,
2035,Rev9,9,W071,AE-3200,CH-B,MID-04,Mid,0.52,210.0,76.62,70.25,68.22,389.6,False,True,True,True,0,0.0,
2036,Rev9,9,W071,AE-3200,CH-B,MID-05,Mid,0.52,270.0,72.58,70.97,67.91,417.6,True,True,True,True,2,4.81,
2037,Rev9,9,W071,AE-3200,CH-B,MID-06,Mid,0.52,330.0,73.69,73.0,71.68,371.6,True,False,False,False,0,0.0,
2038,Rev9,9,W071,AE-3200,CH-B,EDG-01,Edge,0.84,0.0,75.15,70.52,75.34,390.0,True,True,False,True,0,0.0,
2039,Rev9,9,W071,AE-3200,CH-B,EDG-02,Edge,0.84,32.7,76.21,72.88,71.27,417.9,False,False,False,True,0,0.0,
2040,Rev9,9,W071,AE-3200,CH-B,EDG-03,Edge,0.84,65.5,75.02,71.13,72.52,411.8,True,True,False,True,0,0.0,
2041,Rev9,9,W071,AE-3200,CH-B,EDG-04,Edge,0.84,98.2,73.85,72.13,69.71,370.3,True,True,True,False,0,0.0,
2042,Rev9,9,W071,AE-3200,CH-B,EDG-05,Edge,0.84,130.9,76.37,72.23,69.01,388.4,False,True,True,True,0,0.0,
2043,Rev9,9,W071,AE-3200,CH-B,EDG-06,Edge,0.84,163.6,74.99,76.12,68.98,399.6,True,False,True,True,1,3.67,
2044,Rev9,9,W071,AE-3200,CH-B,EDG-07,Edge,0.84,196.4,75.48,73.21,70.88,401.9,False,False,False,True,0,0.0,
2045,Rev9,9,W071,AE-3200,CH-B,EDG-08,Edge,0.84,229.1,75.58,75.52,69.23,389.6,False,False,True,True,1,5.89,
2046,Rev9,9,W071,AE-3200,CH-B,EDG-09,Edge,0.84,261.8,74.64,73.74,68.94,425.1,True,False,True,True,0,0.0,
2047,Rev9,9,W071,AE-3200,CH-B,EDG-10,Edge,0.84,294.5,75.13,73.55,70.28,355.6,True,False,True,False,2,8.06,
2048,Rev9,9,W071,AE-3200,CH-B,EDG-11,Edge,0.84,327.3,74.74,70.98,77.02,404.2,True,True,False,True,1,3.89,
2049,Rev9,9,W071,AE-3200,CH-B,EXT-01,Extreme Edge,0.96,16.4,78.09,71.64,67.54,402.4,False,True,True,True,0,0.0,
2050,Rev9,9,W071,AE-3200,CH-B,EXT-02,Extreme Edge,0.96,49.1,79.14,73.78,72.68,412.3,False,False,False,True,1,3.05,polymer_residue
2051,Rev9,9,W071,AE-3200,CH-B,EXT-03,Extreme Edge,0.96,81.8,77.12,70.22,68.03,412.7,False,True,True,True,0,0.0,
2052,Rev9,9,W071,AE-3200,CH-B,EXT-04,Extreme Edge,0.96,114.5,76.48,71.78,68.8,441.5,False,True,True,True,1,5.32,polymer_residue
2053,Rev9,9,W071,AE-3200,CH-B,EXT-05,Extreme Edge,0.96,147.3,75.7,69.22,69.95,401.7,False,True,True,True,0,0.0,
2054,Rev9,9,W071,AE-3200,CH-B,EXT-06,Extreme Edge,0.96,180.0,74.22,73.06,73.98,412.8,True,False,False,True,1,4.25,arc_event
2055,Rev9,9,W071,AE-3200,CH-B,EXT-07,Extreme Edge,0.96,212.7,74.94,70.92,69.57,374.2,True,True,True,False,0,0.0,
2056,Rev9,9,W071,AE-3200,CH-B,EXT-08,Extreme Edge,0.96,245.5,76.4,71.05,73.25,386.2,False,True,False,True,0,0.0,
2057,Rev9,9,W071,AE-3200,CH-B,EXT-09,Extreme Edge,0.96,278.2,76.44,72.33,75.26,388.9,False,True,False,True,0,0.0,
2058,Rev9,9,W071,AE-3200,CH-B,EXT-10,Extreme Edge,0.96,310.9,76.64,70.74,75.18,431.4,False,True,False,True,0,0.0,
2059,Rev9,9,W071,AE-3200,CH-B,EXT-11,Extreme Edge,0.96,343.6,73.82,72.84,74.67,378.6,True,False,False,True,1,4.47,polymer_residue
2060,Rev7,7,W072,PX-7500,CH-D,C1,Center,0.0,0.0,73.27,73.36,67.27,407.7,True,False,True,True,1,5.5,esc_temp_drift
2061,Rev7,7,W072,PX-7500,CH-D,MID-01,Mid,0.52,30.0,73.06,74.76,61.58,416.9,True,False,True,True,0,0.0,
2062,Rev7,7,W072,PX-7500,CH-D,MID-02,Mid,0.52,90.0,74.66,72.08,61.2,410.3,True,True,True,True,1,3.39,
2063,Rev7,7,W072,PX-7500,CH-D,MID-03,Mid,0.52,150.0,72.73,70.49,65.34,354.1,True,True,True,False,1,5.84,polymer_residue
2064,Rev7,7,W072,PX-7500,CH-D,MID-04,Mid,0.52,210.0,73.09,71.02,63.54,355.8,True,True,True,False,0,0.0,
2065,Rev7,7,W072,PX-7500,CH-D,MID-05,Mid,0.52,270.0,73.2,71.4,64.23,385.5,True,True,True,True,0,0.0,
2066,Rev7,7,W072,PX-7500,CH-D,MID-06,Mid,0.52,330.0,71.87,68.42,63.4,397.9,True,True,True,True,0,0.0,
2067,Rev7,7,W072,PX-7500,CH-D,EDG-01,Edge,0.84,0.0,73.07,71.35,67.48,371.8,True,True,True,False,0,0.0,
2068,Rev7,7,W072,PX-7500,CH-D,EDG-02,Edge,0.84,32.7,73.67,72.03,66.43,377.1,True,True,True,True,1,4.69,endpoint_late
2069,Rev7,7,W072,PX-7500,CH-D,EDG-03,Edge,0.84,65.5,73.28,70.63,69.55,372.8,True,True,True,False,0,0.0,
2070,Rev7,7,W072,PX-7500,CH-D,EDG-04,Edge,0.84,98.2,72.96,68.28,70.16,390.0,True,True,True,True,2,9.12,
2071,Rev7,7,W072,PX-7500,CH-D,EDG-05,Edge,0.84,130.9,73.58,71.11,65.31,376.0,True,True,True,False,0,0.0,
2072,Rev7,7,W072,PX-7500,CH-D,EDG-06,Edge,0.84,163.6,71.93,67.7,65.11,393.8,True,True,True,True,0,0.0,
2073,Rev7,7,W072,PX-7500,CH-D,EDG-07,Edge,0.84,196.4,74.24,68.64,67.53,405.4,True,True,True,True,1,3.39,
2074,Rev7,7,W072,PX-7500,CH-D,EDG-08,Edge,0.84,229.1,73.53,70.21,66.25,385.4,True,True,True,True,0,0.0,
2075,Rev7,7,W072,PX-7500,CH-D,EDG-09,Edge,0.84,261.8,76.71,71.14,68.77,379.6,False,True,True,True,0,0.0,
2076,Rev7,7,W072,PX-7500,CH-D,EDG-10,Edge,0.84,294.5,71.0,69.12,66.33,390.4,True,True,True,True,1,4.79,polymer_residue
2077,Rev7,7,W072,PX-7500,CH-D,EDG-11,Edge,0.84,327.3,72.29,71.49,64.14,377.7,True,True,True,True,0,0.0,
2078,Rev7,7,W072,PX-7500,CH-D,EXT-01,Extreme Edge,0.96,16.4,70.57,73.56,67.13,418.2,True,False,True,True,3,13.86,polymer_residue
2079,Rev7,7,W072,PX-7500,CH-D,EXT-02,Extreme Edge,0.96,49.1,73.73,71.85,68.64,405.6,True,True,True,True,1,2.76,endpoint_late
2080,Rev7,7,W072,PX-7500,CH-D,EXT-03,Extreme Edge,0.96,81.8,75.49,68.27,66.58,409.3,False,True,True,True,1,2.55,polymer_residue
2081,Rev7,7,W072,PX-7500,CH-D,EXT-04,Extreme Edge,0.96,114.5,74.43,73.84,64.7,402.5,True,False,True,True,4,21.17,
2082,Rev7,7,W072,PX-7500,CH-D,EXT-05,Extreme Edge,0.96,147.3,74.88,71.56,65.33,377.7,True,True,True,True,0,0.0,
2083,Rev7,7,W072,PX-7500,CH-D,EXT-06,Extreme Edge,0.96,180.0,74.27,72.67,70.64,424.8,True,True,False,True,1,6.02,polymer_residue
2084,Rev7,7,W072,PX-7500,CH-D,EXT-07,Extreme Edge,0.96,212.7,74.64,69.78,69.88,417.3,True,True,True,True,0,0.0,
2085,Rev7,7,W072,PX-7500,CH-D,EXT-08,Extreme Edge,0.96,245.5,73.39,72.05,65.26,416.0,True,True,True,True,0,0.0,
2086,Rev7,7,W072,PX-7500,CH-D,EXT-09,Extreme Edge,0.96,278.2,74.31,70.42,73.87,381.7,True,True,False,True,1,1.89,esc_temp_drift
2087,Rev7,7,W072,PX-7500,CH-D,EXT-10,Extreme Edge,0.96,310.9,75.31,73.45,64.35,373.5,False,False,True,False,1,3.39,
2088,Rev7,7,W072,PX-7500,CH-D,EXT-11,Extreme Edge,0.96,343.6,75.72,71.82,71.29,346.2,False,True,False,False,0,0.0,
2089,Rev1,1,W073,AE-3200,CH-B,C1,Center,0.0,0.0,70.95,69.22,68.31,426.3,True,True,True,True,0,0.0,
2090,Rev1,1,W073,AE-3200,CH-B,MID-01,Mid,0.52,30.0,69.34,71.83,74.6,424.9,True,True,False,True,0,0.0,
2091,Rev1,1,W073,AE-3200,CH-B,MID-02,Mid,0.52,90.0,70.08,72.24,73.87,414.8,True,True,False,True,0,0.0,
2092,Rev1,1,W073,AE-3200,CH-B,MID-03,Mid,0.52,150.0,73.59,69.17,71.57,433.9,True,True,False,True,1,4.06,esc_temp_drift
2093,Rev1,1,W073,AE-3200,CH-B,MID-04,Mid,0.52,210.0,72.28,70.19,62.09,379.5,True,True,True,True,0,0.0,
2094,Rev1,1,W073,AE-3200,CH-B,MID-05,Mid,0.52,270.0,72.48,70.24,72.26,403.3,True,True,False,True,0,0.0,
2095,Rev1,1,W073,AE-3200,CH-B,MID-06,Mid,0.52,330.0,70.98,72.15,67.16,446.5,True,True,True,True,0,0.0,
2096,Rev1,1,W073,AE-3200,CH-B,EDG-01,Edge,0.84,0.0,73.99,72.5,67.76,405.1,True,True,True,True,0,0.0,
2097,Rev1,1,W073,AE-3200,CH-B,EDG-02,Edge,0.84,32.7,72.44,72.0,73.42,389.3,True,True,False,True,0,0.0,
2098,Rev1,1,W073,AE-3200,CH-B,EDG-03,Edge,0.84,65.5,72.23,72.16,67.04,420.1,True,True,True,True,1,4.98,
2099,Rev1,1,W073,AE-3200,CH-B,EDG-04,Edge,0.84,98.2,73.03,71.65,67.93,429.7,True,True,True,True,0,0.0,
2100,Rev1,1,W073,AE-3200,CH-B,EDG-05,Edge,0.84,130.9,70.34,72.56,70.73,436.4,True,True,False,True,0,0.0,
2101,Rev1,1,W073,AE-3200,CH-B,EDG-06,Edge,0.84,163.6,73.79,68.49,68.76,434.1,True,True,True,True,1,6.12,polymer_residue
2102,Rev1,1,W073,AE-3200,CH-B,EDG-07,Edge,0.84,196.4,74.05,72.32,72.05,396.3,True,True,False,True,1,3.54,
2103,Rev1,1,W073,AE-3200,CH-B,EDG-08,Edge,0.84,229.1,75.36,70.97,75.36,443.1,False,True,False,True,1,4.17,
2104,Rev1,1,W073,AE-3200,CH-B,EDG-09,Edge,0.84,261.8,71.26,70.27,69.64,438.7,True,True,True,True,0,0.0,
2105,Rev1,1,W073,AE-3200,CH-B,EDG-10,Edge,0.84,294.5,75.83,73.53,66.85,408.8,False,False,True,True,2,8.22,
2106,Rev1,1,W073,AE-3200,CH-B,EDG-11,Edge,0.84,327.3,75.06,72.82,72.28,405.6,True,False,False,True,1,6.11,polymer_residue
2107,Rev1,1,W073,AE-3200,CH-B,EXT-01,Extreme Edge,0.96,16.4,74.82,70.38,67.5,414.5,True,True,True,True,0,0.0,
2108,Rev1,1,W073,AE-3200,CH-B,EXT-02,Extreme Edge,0.96,49.1,71.04,70.0,75.24,433.4,True,True,False,True,2,8.51,
2109,Rev1,1,W073,AE-3200,CH-B,EXT-03,Extreme Edge,0.96,81.8,75.22,72.38,69.42,428.3,False,True,True,True,1,3.87,
2110,Rev1,1,W073,AE-3200,CH-B,EXT-04,Extreme Edge,0.96,114.5,75.25,73.53,67.19,433.7,False,False,True,True,0,0.0,
2111,Rev1,1,W073,AE-3200,CH-B,EXT-05,Extreme Edge,0.96,147.3,72.71,74.72,73.84,431.2,True,False,False,True,1,4.66,polymer_residue
2112,Rev1,1,W073,AE-3200,CH-B,EXT-06,Extreme Edge,0.96,180.0,74.0,74.35,71.23,435.2,True,False,False,True,1,6.03,
2113,Rev1,1,W073,AE-3200,CH-B,EXT-07,Extreme Edge,0.96,212.7,74.41,73.21,65.96,419.8,True,False,True,True,1,2.28,polymer_residue
2114,Rev1,1,W073,AE-3200,CH-B,EXT-08,Extreme Edge,0.96,245.5,74.1,74.67,74.01,451.1,True,False,False,True,1,2.83,
2115,Rev1,1,W073,AE-3200,CH-B,EXT-09,Extreme Edge,0.96,278.2,75.13,73.98,73.15,407.7,True,False,False,True,1,6.46,polymer_residue
2116,Rev1,1,W073,AE-3200,CH-B,EXT-10,Extreme Edge,0.96,310.9,74.05,71.54,66.35,418.3,True,True,True,True,1,5.89,endpoint_late
2117,Rev1,1,W073,AE-3200,CH-B,EXT-11,Extreme Edge,0.96,343.6,74.18,72.91,71.58,431.2,True,False,False,True,0,0.0,
2118,Rev2,2,W074,PX-7500,CH-C,C1,Center,0.0,0.0,72.38,68.57,65.47,418.8,True,True,True,True,0,0.0,
2119,Rev2,2,W074,PX-7500,CH-C,MID-01,Mid,0.52,30.0,72.4,69.35,58.6,463.9,True,True,False,False,1,4.17,arc_event
2120,Rev2,2,W074,PX-7500,CH-C,MID-02,Mid,0.52,90.0,70.88,68.49,64.82,420.9,True,True,True,True,0,0.0,
2121,Rev2,2,W074,PX-7500,CH-C,MID-03,Mid,0.52,150.0,71.88,72.63,65.19,403.3,True,True,True,True,0,0.0,
2122,Rev2,2,W074,PX-7500,CH-C,MID-04,Mid,0.52,210.0,71.94,68.41,61.91,446.8,True,True,True,True,0,0.0,
2123,Rev2,2,W074,PX-7500,CH-C,MID-05,Mid,0.52,270.0,73.02,69.12,67.67,464.7,True,True,True,False,1,2.97,
2124,Rev2,2,W074,PX-7500,CH-C,MID-06,Mid,0.52,330.0,70.24,67.82,62.7,433.0,True,True,True,True,0,0.0,
2125,Rev2,2,W074,PX-7500,CH-C,EDG-01,Edge,0.84,0.0,75.5,69.3,64.55,412.9,False,True,True,True,1,5.09,
2126,Rev2,2,W074,PX-7500,CH-C,EDG-02,Edge,0.84,32.7,76.23,67.99,68.5,379.0,False,True,True,True,0,0.0,
2127,Rev2,2,W074,PX-7500,CH-C,EDG-03,Edge,0.84,65.5,74.85,70.4,67.72,452.0,True,True,True,True,1,3.03,
2128,Rev2,2,W074,PX-7500,CH-C,EDG-04,Edge,0.84,98.2,72.01,69.09,69.41,425.0,True,True,True,True,0,0.0,
2129,Rev2,2,W074,PX-7500,CH-C,EDG-05,Edge,0.84,130.9,72.5,69.12,65.28,435.0,True,True,True,True,0,0.0,
2130,Rev2,2,W074,PX-7500,CH-C,EDG-06,Edge,0.84,163.6,74.97,69.29,68.28,403.4,True,True,True,True,1,2.6,polymer_residue
2131,Rev2,2,W074,PX-7500,CH-C,EDG-07,Edge,0.84,196.4,70.33,72.2,64.47,432.5,True,True,True,True,1,4.64,polymer_residue
2132,Rev2,2,W074,PX-7500,CH-C,EDG-08,Edge,0.84,229.1,72.66,70.26,68.59,421.8,True,True,True,True,0,0.0,
2133,Rev2,2,W074,PX-7500,CH-C,EDG-09,Edge,0.84,261.8,74.94,72.38,63.95,441.5,True,True,True,True,0,0.0,
2134,Rev2,2,W074,PX-7500,CH-C,EDG-10,Edge,0.84,294.5,73.12,70.89,62.94,365.9,True,True,True,False,0,0.0,
2135,Rev2,2,W074,PX-7500,CH-C,EDG-11,Edge,0.84,327.3,74.53,68.56,65.23,425.3,True,True,True,True,0,0.0,
2136,Rev2,2,W074,PX-7500,CH-C,EXT-01,Extreme Edge,0.96,16.4,75.01,69.91,70.34,420.8,True,True,True,True,1,3.3,polymer_residue
2137,Rev2,2,W074,PX-7500,CH-C,EXT-02,Extreme Edge,0.96,49.1,74.65,73.02,69.04,434.4,True,False,True,True,2,6.88,endpoint_late
2138,Rev2,2,W074,PX-7500,CH-C,EXT-03,Extreme Edge,0.96,81.8,74.15,68.9,66.78,424.4,True,True,True,True,1,2.33,polymer_residue
2139,Rev2,2,W074,PX-7500,CH-C,EXT-04,Extreme Edge,0.96,114.5,72.63,70.73,66.18,448.4,True,True,True,True,0,0.0,
2140,Rev2,2,W074,PX-7500,CH-C,EXT-05,Extreme Edge,0.96,147.3,72.0,70.9,72.19,468.4,True,True,False,False,0,0.0,
2141,Rev2,2,W074,PX-7500,CH-C,EXT-06,Extreme Edge,0.96,180.0,73.31,73.83,65.3,482.3,True,False,True,False,0,0.0,
2142,Rev2,2,W074,PX-7500,CH-C,EXT-07,Extreme Edge,0.96,212.7,72.09,70.6,65.38,425.2,True,True,True,True,0,0.0,
2143,Rev2,2,W074,PX-7500,CH-C,EXT-08,Extreme Edge,0.96,245.5,73.6,70.06,61.15,392.1,True,True,True,True,2,8.52,endpoint_late
2144,Rev2,2,W074,PX-7500,CH-C,EXT-09,Extreme Edge,0.96,278.2,75.4,72.04,72.18,435.8,False,True,False,True,2,8.66,polymer_residue
2145,Rev2,2,W074,PX-7500,CH-C,EXT-10,Extreme Edge,0.96,310.9,71.52,68.19,68.91,475.5,True,True,True,False,0,0.0,
2146,Rev2,2,W074,PX-7500,CH-C,EXT-11,Extreme Edge,0.96,343.6,75.3,71.49,67.84,460.2,False,True,True,False,0,0.0,
2147,Rev2,2,W075,PX-7500,CH-C,C1,Center,0.0,0.0,71.04,69.26,65.18,454.3,True,True,True,False,0,0.0,
2148,Rev2,2,W075,PX-7500,CH-C,MID-01,Mid,0.52,30.0,72.88,70.04,67.78,468.2,True,True,True,False,1,3.65,arc_event
2149,Rev2,2,W075,PX-7500,CH-C,MID-02,Mid,0.52,90.0,70.95,69.87,70.99,439.4,True,True,False,True,1,6.1,pressure_spike
2150,Rev2,2,W075,PX-7500,CH-C,MID-03,Mid,0.52,150.0,72.46,69.98,62.29,415.1,True,True,True,True,0,0.0,
2151,Rev2,2,W075,PX-7500,CH-C,MID-04,Mid,0.52,210.0,73.5,70.24,63.07,446.7,True,True,True,True,0,0.0,
2152,Rev2,2,W075,PX-7500,CH-C,MID-05,Mid,0.52,270.0,75.55,69.63,67.19,488.6,False,True,True,False,0,0.0,
2153,Rev2,2,W075,PX-7500,CH-C,MID-06,Mid,0.52,330.0,74.19,71.96,71.37,427.0,True,True,False,True,0,0.0,
2154,Rev2,2,W075,PX-7500,CH-C,EDG-01,Edge,0.84,0.0,75.06,69.8,72.71,427.3,True,True,False,True,0,0.0,
2155,Rev2,2,W075,PX-7500,CH-C,EDG-02,Edge,0.84,32.7,75.99,69.1,67.14,446.5,False,True,True,True,0,0.0,
2156,Rev2,2,W075,PX-7500,CH-C,EDG-03,Edge,0.84,65.5,74.91,74.13,66.95,430.0,True,False,True,True,0,0.0,
2157,Rev2,2,W075,PX-7500,CH-C,EDG-04,Edge,0.84,98.2,72.35,69.33,68.82,438.2,True,True,True,True,0,0.0,
2158,Rev2,2,W075,PX-7500,CH-C,EDG-05,Edge,0.84,130.9,73.99,70.09,67.51,460.1,True,True,True,False,0,0.0,
2159,Rev2,2,W075,PX-7500,CH-C,EDG-06,Edge,0.84,163.6,74.07,71.84,69.84,462.5,True,True,True,False,2,6.64,polymer_residue
2160,Rev2,2,W075,PX-7500,CH-C,EDG-07,Edge,0.84,196.4,73.44,69.98,71.14,460.3,True,True,False,False,0,0.0,
2161,Rev2,2,W075,PX-7500,CH-C,EDG-08,Edge,0.84,229.1,70.62,71.04,64.74,417.4,True,True,True,True,0,0.0,
2162,Rev2,2,W075,PX-7500,CH-C,EDG-09,Edge,0.84,261.8,76.86,75.03,64.5,435.5,False,False,True,True,1,3.7,
2163,Rev2,2,W075,PX-7500,CH-C,EDG-10,Edge,0.84,294.5,76.78,72.25,66.88,425.7,False,True,True,True,0,0.0,
2164,Rev2,2,W075,PX-7500,CH-C,EDG-11,Edge,0.84,327.3,75.39,71.6,72.17,400.0,False,True,False,True,0,0.0,
2165,Rev2,2,W075,PX-7500,CH-C,EXT-01,Extreme Edge,0.96,16.4,77.02,70.6,66.25,426.7,False,True,True,True,3,12.89,pressure_spike
2166,Rev2,2,W075,PX-7500,CH-C,EXT-02,Extreme Edge,0.96,49.1,76.49,67.96,64.35,492.9,False,True,True,False,1,3.88,polymer_residue
2167,Rev2,2,W075,PX-7500,CH-C,EXT-03,Extreme Edge,0.96,81.8,74.51,74.16,67.97,458.1,True,False,True,False,3,14.78,
2168,Rev2,2,W075,PX-7500,CH-C,EXT-04,Extreme Edge,0.96,114.5,74.72,71.99,67.12,406.4,True,True,True,True,1,6.05,polymer_residue
2169,Rev2,2,W075,PX-7500,CH-C,EXT-05,Extreme Edge,0.96,147.3,76.01,72.66,61.99,455.1,False,True,True,False,2,7.06,polymer_residue
2170,Rev2,2,W075,PX-7500,CH-C,EXT-06,Extreme Edge,0.96,180.0,75.62,71.69,73.29,474.6,False,True,False,False,3,10.72,polymer_residue
2171,Rev2,2,W075,PX-7500,CH-C,EXT-07,Extreme Edge,0.96,212.7,75.34,73.86,72.15,437.3,False,False,False,True,1,3.69,pressure_spike
2172,Rev2,2,W075,PX-7500,CH-C,EXT-08,Extreme Edge,0.96,245.5,75.36,73.8,68.25,441.1,False,False,True,True,0,0.0,
2173,Rev2,2,W075,PX-7500,CH-C,EXT-09,Extreme Edge,0.96,278.2,73.87,70.83,69.84,438.0,True,True,True,True,0,0.0,
2174,Rev2,2,W075,PX-7500,CH-C,EXT-10,Extreme Edge,0.96,310.9,76.02,71.46,63.56,392.0,False,True,True,True,2,10.64,esc_temp_drift
2175,Rev2,2,W075,PX-7500,CH-C,EXT-11,Extreme Edge,0.96,343.6,72.51,73.22,67.79,463.7,True,False,True,False,2,12.63,
2176,Rev3,3,W076,PX-7500,CH-D,C1,Center,0.0,0.0,72.85,66.78,59.17,416.1,True,True,False,True,1,6.18,
2177,Rev3,3,W076,PX-7500,CH-D,MID-01,Mid,0.52,30.0,73.69,74.2,65.21,412.7,True,False,True,True,0,0.0,
2178,Rev3,3,W076,PX-7500,CH-D,MID-02,Mid,0.52,90.0,74.36,67.92,61.68,480.9,True,True,True,False,0,0.0,
2179,Rev3,3,W076,PX-7500,CH-D,MID-03,Mid,0.52,150.0,73.01,68.88,66.33,430.1,True,True,True,True,0,0.0,
2180,Rev3,3,W076,PX-7500,CH-D,MID-04,Mid,0.52,210.0,73.65,69.93,69.34,410.4,True,True,True,True,0,0.0,
2181,Rev3,3,W076,PX-7500,CH-D,MID-05,Mid,0.52,270.0,72.85,69.58,59.56,431.2,True,True,True,True,0,0.0,
2182,Rev3,3,W076,PX-7500,CH-D,MID-06,Mid,0.52,330.0,74.16,70.76,65.19,396.1,True,True,True,True,0,0.0,
2183,Rev3,3,W076,PX-7500,CH-D,EDG-01,Edge,0.84,0.0,75.31,70.84,57.54,442.0,False,True,False,True,2,5.88,esc_temp_drift
2184,Rev3,3,W076,PX-7500,CH-D,EDG-02,Edge,0.84,32.7,76.31,72.82,63.08,409.5,False,False,True,True,0,0.0,
2185,Rev3,3,W076,PX-7500,CH-D,EDG-03,Edge,0.84,65.5,74.43,69.73,62.91,452.5,True,True,True,False,2,12.31,polymer_residue
2186,Rev3,3,W076,PX-7500,CH-D,EDG-04,Edge,0.84,98.2,73.98,70.4,59.22,416.6,True,True,False,True,0,0.0,
2187,Rev3,3,W076,PX-7500,CH-D,EDG-05,Edge,0.84,130.9,73.62,69.36,66.85,430.5,True,True,True,True,0,0.0,
2188,Rev3,3,W076,PX-7500,CH-D,EDG-06,Edge,0.84,163.6,74.04,71.65,72.01,441.3,True,True,False,True,0,0.0,
2189,Rev3,3,W076,PX-7500,CH-D,EDG-07,Edge,0.84,196.4,76.68,68.9,65.72,428.9,False,True,True,True,3,7.74,
2190,Rev3,3,W076,PX-7500,CH-D,EDG-08,Edge,0.84,229.1,72.78,70.42,60.4,429.4,True,True,True,True,0,0.0,
2191,Rev3,3,W076,PX-7500,CH-D,EDG-09,Edge,0.84,261.8,76.54,69.53,58.89,422.6,False,True,False,True,1,4.23,esc_temp_drift
2192,Rev3,3,W076,PX-7500,CH-D,EDG-10,Edge,0.84,294.5,74.24,68.09,63.23,433.3,True,True,True,True,0,0.0,
2193,Rev3,3,W076,PX-7500,CH-D,EDG-11,Edge,0.84,327.3,76.98,72.71,60.78,394.3,False,True,True,True,3,9.54,esc_temp_drift
2194,Rev3,3,W076,PX-7500,CH-D,EXT-01,Extreme Edge,0.96,16.4,77.26,72.22,68.58,453.8,False,True,True,False,1,4.69,
2195,Rev3,3,W076,PX-7500,CH-D,EXT-02,Extreme Edge,0.96,49.1,73.66,70.99,63.6,409.4,True,True,True,True,0,0.0,
2196,Rev3,3,W076,PX-7500,CH-D,EXT-03,Extreme Edge,0.96,81.8,75.48,70.4,65.61,450.3,False,True,True,True,0,0.0,
2197,Rev3,3,W076,PX-7500,CH-D,EXT-04,Extreme Edge,0.96,114.5,74.79,70.96,65.99,416.7,True,True,True,True,0,0.0,
2198,Rev3,3,W076,PX-7500,CH-D,EXT-05,Extreme Edge,0.96,147.3,75.98,71.33,58.65,431.0,False,True,False,True,0,0.0,
2199,Rev3,3,W076,PX-7500,CH-D,EXT-06,Extreme Edge,0.96,180.0,69.97,74.25,69.4,450.8,True,False,True,True,1,2.99,
2200,Rev3,3,W076,PX-7500,CH-D,EXT-07,Extreme Edge,0.96,212.7,76.85,72.05,66.7,454.5,False,True,True,False,1,6.2,
2201,Rev3,3,W076,PX-7500,CH-D,EXT-08,Extreme Edge,0.96,245.5,77.81,68.41,65.48,441.1,False,True,True,True,0,0.0,
2202,Rev3,3,W076,PX-7500,CH-D,EXT-09,Extreme Edge,0.96,278.2,73.54,75.78,66.66,462.1,True,False,True,False,1,1.89,
2203,Rev3,3,W076,PX-7500,CH-D,EXT-10,Extreme Edge,0.96,310.9,77.19,72.51,65.96,429.8,False,True,True,True,0,0.0,
2204,Rev3,3,W076,PX-7500,CH-D,EXT-11,Extreme Edge,0.96,343.6,74.45,70.48,66.21,440.4,True,True,True,True,1,1.82,
2205,Rev2,2,W077,PX-7500,CH-C,C1,Center,0.0,0.0,70.48,64.27,65.95,417.1,True,False,True,True,0,0.0,
2206,Rev2,2,W077,PX-7500,CH-C,MID-01,Mid,0.52,30.0,74.12,68.6,61.75,406.5,True,True,True,True,0,0.0,
2207,Rev2,2,W077,PX-7500,CH-C,MID-02,Mid,0.52,90.0,72.0,71.21,64.55,395.0,True,True,True,True,0,0.0,
2208,Rev2,2,W077,PX-7500,CH-C,MID-03,Mid,0.52,150.0,72.84,66.92,62.19,435.0,True,True,True,True,0,0.0,
2209,Rev2,2,W077,PX-7500,CH-C,MID-04,Mid,0.52,210.0,72.35,68.93,66.23,446.7,True,True,True,True,0,0.0,
2210,Rev2,2,W077,PX-7500,CH-C,MID-05,Mid,0.52,270.0,71.58,70.62,68.24,394.8,True,True,True,True,0,0.0,
2211,Rev2,2,W077,PX-7500,CH-C,MID-06,Mid,0.52,330.0,71.04,67.95,68.93,416.9,True,True,True,True,0,0.0,
2212,Rev2,2,W077,PX-7500,CH-C,EDG-01,Edge,0.84,0.0,74.25,67.53,66.22,411.6,True,True,True,True,1,5.97,
2213,Rev2,2,W077,PX-7500,CH-C,EDG-02,Edge,0.84,32.7,73.76,69.9,67.24,415.6,True,True,True,True,0,0.0,
2214,Rev2,2,W077,PX-7500,CH-C,EDG-03,Edge,0.84,65.5,75.01,70.21,62.12,445.9,True,True,True,True,0,0.0,
2215,Rev2,2,W077,PX-7500,CH-C,EDG-04,Edge,0.84,98.2,75.09,71.6,66.17,415.2,True,True,True,True,0,0.0,
2216,Rev2,2,W077,PX-7500,CH-C,EDG-05,Edge,0.84,130.9,73.69,71.11,67.38,458.7,True,True,True,False,2,10.11,
2217,Rev2,2,W077,PX-7500,CH-C,EDG-06,Edge,0.84,163.6,74.66,70.06,65.81,450.2,True,True,True,True,0,0.0,
2218,Rev2,2,W077,PX-7500,CH-C,EDG-07,Edge,0.84,196.4,73.27,71.98,70.81,393.8,True,True,False,True,0,0.0,
2219,Rev2,2,W077,PX-7500,CH-C,EDG-08,Edge,0.84,229.1,74.67,70.62,64.21,416.5,True,True,True,True,1,4.4,
2220,Rev2,2,W077,PX-7500,CH-C,EDG-09,Edge,0.84,261.8,73.48,66.7,63.77,416.1,True,True,True,True,0,0.0,
2221,Rev2,2,W077,PX-7500,CH-C,EDG-10,Edge,0.84,294.5,75.83,69.76,68.62,412.3,False,True,True,True,0,0.0,
2222,Rev2,2,W077,PX-7500,CH-C,EDG-11,Edge,0.84,327.3,73.44,68.25,66.52,385.2,True,True,True,True,0,0.0,
2223,Rev2,2,W077,PX-7500,CH-C,EXT-01,Extreme Edge,0.96,16.4,76.0,70.36,64.66,398.2,False,True,True,True,0,0.0,
2224,Rev2,2,W077,PX-7500,CH-C,EXT-02,Extreme Edge,0.96,49.1,74.97,70.73,62.92,425.9,True,True,True,True,0,0.0,
2225,Rev2,2,W077,PX-7500,CH-C,EXT-03,Extreme Edge,0.96,81.8,75.73,72.32,63.3,453.6,False,True,True,False,0,0.0,
2226,Rev2,2,W077,PX-7500,CH-C,EXT-04,Extreme Edge,0.96,114.5,74.94,69.58,63.57,429.6,True,True,True,True,3,12.28,
2227,Rev2,2,W077,PX-7500,CH-C,EXT-05,Extreme Edge,0.96,147.3,74.19,71.46,66.87,405.6,True,True,True,True,1,3.3,
2228,Rev2,2,W077,PX-7500,CH-C,EXT-06,Extreme Edge,0.96,180.0,75.47,71.47,69.96,442.7,False,True,True,True,0,0.0,
2229,Rev2,2,W077,PX-7500,CH-C,EXT-07,Extreme Edge,0.96,212.7,75.27,70.4,65.66,394.7,False,True,True,True,0,0.0,
2230,Rev2,2,W077,PX-7500,CH-C,EXT-08,Extreme Edge,0.96,245.5,75.77,71.16,67.52,467.5,False,True,True,False,2,5.48,polymer_residue
2231,Rev2,2,W077,PX-7500,CH-C,EXT-09,Extreme Edge,0.96,278.2,71.12,69.2,60.32,430.1,True,True,True,True,1,5.31,polymer_residue
2232,Rev2,2,W077,PX-7500,CH-C,EXT-10,Extreme Edge,0.96,310.9,76.2,71.5,65.76,434.7,False,True,True,True,1,3.77,
2233,Rev2,2,W077,PX-7500,CH-C,EXT-11,Extreme Edge,0.96,343.6,74.72,69.07,70.72,434.2,True,True,False,True,1,4.68,
2234,Rev6,6,W078,PX-7500,CH-C,C1,Center,0.0,0.0,72.99,68.45,66.46,408.5,True,True,True,True,0,0.0,
2235,Rev6,6,W078,PX-7500,CH-C,MID-01,Mid,0.52,30.0,70.68,70.34,59.98,433.0,True,True,True,True,0,0.0,
2236,Rev6,6,W078,PX-7500,CH-C,MID-02,Mid,0.52,90.0,72.79,69.42,67.65,418.4,True,True,True,True,0,0.0,
2237,Rev6,6,W078,PX-7500,CH-C,MID-03,Mid,0.52,150.0,71.86,68.44,63.37,394.5,True,True,True,True,0,0.0,
2238,Rev6,6,W078,PX-7500,CH-C,MID-04,Mid,0.52,210.0,75.45,69.62,62.65,439.6,False,True,True,True,0,0.0,
2239,Rev6,6,W078,PX-7500,CH-C,MID-05,Mid,0.52,270.0,71.41,70.9,61.43,455.0,True,True,True,False,0,0.0,
2240,Rev6,6,W078,PX-7500,CH-C,MID-06,Mid,0.52,330.0,73.07,69.25,61.27,440.3,True,True,True,True,0,0.0,
2241,Rev6,6,W078,PX-7500,CH-C,EDG-01,Edge,0.84,0.0,73.86,73.2,63.63,463.1,True,False,True,False,0,0.0,
2242,Rev6,6,W078,PX-7500,CH-C,EDG-02,Edge,0.84,32.7,73.06,71.58,65.7,434.5,True,True,True,True,0,0.0,
2243,Rev6,6,W078,PX-7500,CH-C,EDG-03,Edge,0.84,65.5,73.31,71.55,61.42,394.6,True,True,True,True,0,0.0,
2244,Rev6,6,W078,PX-7500,CH-C,EDG-04,Edge,0.84,98.2,74.38,71.14,61.4,408.2,True,True,True,True,1,6.2,arc_event
2245,Rev6,6,W078,PX-7500,CH-C,EDG-05,Edge,0.84,130.9,73.19,70.58,67.22,466.2,True,True,True,False,1,3.96,
2246,Rev6,6,W078,PX-7500,CH-C,EDG-06,Edge,0.84,163.6,74.66,72.84,61.76,454.9,True,False,True,False,1,5.92,arc_event
2247,Rev6,6,W078,PX-7500,CH-C,EDG-07,Edge,0.84,196.4,76.2,71.76,66.65,442.2,False,True,True,True,0,0.0,
2248,Rev6,6,W078,PX-7500,CH-C,EDG-08,Edge,0.84,229.1,74.06,71.77,64.91,452.9,True,True,True,False,0,0.0,
2249,Rev6,6,W078,PX-7500,CH-C,EDG-09,Edge,0.84,261.8,74.52,70.9,63.75,464.1,True,True,True,False,0,0.0,
2250,Rev6,6,W078,PX-7500,CH-C,EDG-10,Edge,0.84,294.5,74.78,69.6,63.98,469.6,True,True,True,False,2,5.91,
2251,Rev6,6,W078,PX-7500,CH-C,EDG-11,Edge,0.84,327.3,73.72,68.02,63.43,445.7,True,True,True,True,0,0.0,
2252,Rev6,6,W078,PX-7500,CH-C,EXT-01,Extreme Edge,0.96,16.4,71.1,72.19,65.14,499.1,True,True,True,False,0,0.0,
2253,Rev6,6,W078,PX-7500,CH-C,EXT-02,Extreme Edge,0.96,49.1,75.12,73.89,61.31,482.9,True,False,True,False,1,2.44,polymer_residue
2254,Rev6,6,W078,PX-7500,CH-C,EXT-03,Extreme Edge,0.96,81.8,73.51,71.24,69.11,466.1,True,True,True,False,1,2.78,polymer_residue
2255,Rev6,6,W078,PX-7500,CH-C,EXT-04,Extreme Edge,0.96,114.5,73.57,69.85,63.69,433.3,True,True,True,True,0,0.0,
2256,Rev6,6,W078,PX-7500,CH-C,EXT-05,Extreme Edge,0.96,147.3,72.24,72.69,64.58,466.7,True,True,True,False,0,0.0,
2257,Rev6,6,W078,PX-7500,CH-C,EXT-06,Extreme Edge,0.96,180.0,73.52,70.42,65.68,449.1,True,True,True,True,0,0.0,
2258,Rev6,6,W078,PX-7500,CH-C,EXT-07,Extreme Edge,0.96,212.7,77.0,71.21,63.56,454.1,False,True,True,False,3,18.04,polymer_residue
2259,Rev6,6,W078,PX-7500,CH-C,EXT-08,Extreme Edge,0.96,245.5,74.84,71.41,60.15,441.0,True,True,True,True,0,0.0,
2260,Rev6,6,W078,PX-7500,CH-C,EXT-09,Extreme Edge,0.96,278.2,74.54,74.14,65.24,395.0,True,False,True,True,0,0.0,
2261,Rev6,6,W078,PX-7500,CH-C,EXT-10,Extreme Edge,0.96,310.9,73.47,70.24,67.54,438.0,True,True,True,True,0,0.0,
2262,Rev6,6,W078,PX-7500,CH-C,EXT-11,Extreme Edge,0.96,343.6,73.84,72.34,68.36,455.9,True,True,True,False,1,4.74,pressure_spike
2263,Rev7,7,W079,PX-7500,CH-D,C1,Center,0.0,0.0,69.48,72.56,68.4,397.7,True,True,True,True,1,4.32,
2264,Rev7,7,W079,PX-7500,CH-D,MID-01,Mid,0.52,30.0,71.34,72.02,69.21,364.5,True,True,True,False,0,0.0,
2265,Rev7,7,W079,PX-7500,CH-D,MID-02,Mid,0.52,90.0,71.32,71.46,60.33,417.6,True,True,True,True,0,0.0,
2266,Rev7,7,W079,PX-7500,CH-D,MID-03,Mid,0.52,150.0,72.58,69.96,71.53,389.7,True,True,False,True,0,0.0,
2267,Rev7,7,W079,PX-7500,CH-D,MID-04,Mid,0.52,210.0,72.19,69.94,66.95,416.2,True,True,True,True,0,0.0,
2268,Rev7,7,W079,PX-7500,CH-D,MID-05,Mid,0.52,270.0,69.25,74.54,62.31,395.2,True,False,True,True,0,0.0,
2269,Rev7,7,W079,PX-7500,CH-D,MID-06,Mid,0.52,330.0,72.16,69.08,67.07,392.7,True,True,True,True,0,0.0,
2270,Rev7,7,W079,PX-7500,CH-D,EDG-01,Edge,0.84,0.0,71.49,73.19,66.36,402.9,True,False,True,True,1,4.51,
2271,Rev7,7,W079,PX-7500,CH-D,EDG-02,Edge,0.84,32.7,72.85,67.58,70.12,395.6,True,True,True,True,1,5.31,esc_temp_drift
2272,Rev7,7,W079,PX-7500,CH-D,EDG-03,Edge,0.84,65.5,71.87,70.32,67.82,426.6,True,True,True,True,0,0.0,
2273,Rev7,7,W079,PX-7500,CH-D,EDG-04,Edge,0.84,98.2,71.63,71.7,66.03,421.2,True,True,True,True,0,0.0,
2274,Rev7,7,W079,PX-7500,CH-D,EDG-05,Edge,0.84,130.9,73.02,72.32,67.44,424.5,True,True,True,True,0,0.0,
2275,Rev7,7,W079,PX-7500,CH-D,EDG-06,Edge,0.84,163.6,74.36,69.82,62.47,374.5,True,True,True,False,2,7.34,
2276,Rev7,7,W079,PX-7500,CH-D,EDG-07,Edge,0.84,196.4,71.67,71.07,67.34,440.6,True,True,True,True,1,1.94,polymer_residue
2277,Rev7,7,W079,PX-7500,CH-D,EDG-08,Edge,0.84,229.1,71.88,71.66,64.51,435.8,True,True,True,True,2,12.42,arc_event
2278,Rev7,7,W079,PX-7500,CH-D,EDG-09,Edge,0.84,261.8,73.71,69.08,63.27,417.2,True,True,True,True,0,0.0,
2279,Rev7,7,W079,PX-7500,CH-D,EDG-10,Edge,0.84,294.5,73.88,74.03,59.84,405.2,True,False,True,True,0,0.0,
2280,Rev7,7,W079,PX-7500,CH-D,EDG-11,Edge,0.84,327.3,73.75,73.52,67.6,399.7,True,False,True,True,0,0.0,
2281,Rev7,7,W079,PX-7500,CH-D,EXT-01,Extreme Edge,0.96,16.4,73.4,71.87,66.91,423.8,True,True,True,True,1,2.88,polymer_residue
2282,Rev7,7,W079,PX-7500,CH-D,EXT-02,Extreme Edge,0.96,49.1,74.46,75.86,70.0,388.4,True,False,True,True,2,8.15,endpoint_late
2283,Rev7,7,W079,PX-7500,CH-D,EXT-03,Extreme Edge,0.96,81.8,71.95,69.74,67.22,407.2,True,True,True,True,0,0.0,
2284,Rev7,7,W079,PX-7500,CH-D,EXT-04,Extreme Edge,0.96,114.5,72.24,71.48,72.19,430.4,True,True,False,True,1,5.43,
2285,Rev7,7,W079,PX-7500,CH-D,EXT-05,Extreme Edge,0.96,147.3,73.71,74.28,67.82,405.7,True,False,True,True,3,5.45,pressure_spike
2286,Rev7,7,W079,PX-7500,CH-D,EXT-06,Extreme Edge,0.96,180.0,71.25,70.26,71.71,392.6,True,True,False,True,0,0.0,
2287,Rev7,7,W079,PX-7500,CH-D,EXT-07,Extreme Edge,0.96,212.7,71.57,71.19,68.52,402.8,True,True,True,True,0,0.0,
2288,Rev7,7,W079,PX-7500,CH-D,EXT-08,Extreme Edge,0.96,245.5,71.63,72.83,68.77,452.2,True,False,True,False,1,4.84,polymer_residue
2289,Rev7,7,W079,PX-7500,CH-D,EXT-09,Extreme Edge,0.96,278.2,74.95,69.24,66.34,389.0,True,True,True,True,1,5.73,polymer_residue
2290,Rev7,7,W079,PX-7500,CH-D,EXT-10,Extreme Edge,0.96,310.9,75.79,72.74,63.33,396.3,False,True,True,True,0,0.0,
2291,Rev7,7,W079,PX-7500,CH-D,EXT-11,Extreme Edge,0.96,343.6,72.72,72.99,67.58,442.0,True,False,True,True,2,8.88,
2292,Rev10,10,W080,PX-7500,CH-C,C1,Center,0.0,0.0,71.42,68.65,62.72,352.9,True,True,True,False,0,0.0,
2293,Rev10,10,W080,PX-7500,CH-C,MID-01,Mid,0.52,30.0,73.45,69.66,70.36,400.8,True,True,True,True,0,0.0,
2294,Rev10,10,W080,PX-7500,CH-C,MID-02,Mid,0.52,90.0,73.27,69.45,67.33,405.0,True,True,True,True,1,1.96,
2295,Rev10,10,W080,PX-7500,CH-C,MID-03,Mid,0.52,150.0,72.95,72.48,67.8,362.8,True,True,True,False,0,0.0,
2296,Rev10,10,W080,PX-7500,CH-C,MID-04,Mid,0.52,210.0,71.04,68.37,70.83,394.6,True,True,False,True,0,0.0,
2297,Rev10,10,W080,PX-7500,CH-C,MID-05,Mid,0.52,270.0,72.96,69.67,69.05,415.4,True,True,True,True,1,3.79,polymer_residue
2298,Rev10,10,W080,PX-7500,CH-C,MID-06,Mid,0.52,330.0,72.59,72.08,67.41,372.4,True,True,True,False,0,0.0,
2299,Rev10,10,W080,PX-7500,CH-C,EDG-01,Edge,0.84,0.0,75.19,70.31,78.48,420.6,True,True,False,True,1,4.18,polymer_residue
2300,Rev10,10,W080,PX-7500,CH-C,EDG-02,Edge,0.84,32.7,71.28,72.86,71.16,413.8,True,False,False,True,2,8.95,polymer_residue
2301,Rev10,10,W080,PX-7500,CH-C,EDG-03,Edge,0.84,65.5,73.82,71.86,65.34,370.1,True,True,True,False,0,0.0,
2302,Rev10,10,W080,PX-7500,CH-C,EDG-04,Edge,0.84,98.2,74.42,70.42,75.84,385.4,True,True,False,True,1,4.09,endpoint_late
2303,Rev10,10,W080,PX-7500,CH-C,EDG-05,Edge,0.84,130.9,74.03,69.29,72.41,430.9,True,True,False,True,1,2.59,
2304,Rev10,10,W080,PX-7500,CH-C,EDG-06,Edge,0.84,163.6,73.09,71.58,73.7,432.1,True,True,False,True,1,2.04,polymer_residue
2305,Rev10,10,W080,PX-7500,CH-C,EDG-07,Edge,0.84,196.4,71.55,69.91,70.84,399.4,True,True,False,True,2,7.71,polymer_residue
2306,Rev10,10,W080,PX-7500,CH-C,EDG-08,Edge,0.84,229.1,72.61,72.86,68.65,399.6,True,False,True,True,1,2.98,
2307,Rev10,10,W080,PX-7500,CH-C,EDG-09,Edge,0.84,261.8,74.68,71.79,73.29,389.2,True,True,False,True,1,3.38,
2308,Rev10,10,W080,PX-7500,CH-C,EDG-10,Edge,0.84,294.5,72.55,71.56,66.85,397.8,True,True,True,True,0,0.0,
2309,Rev10,10,W080,PX-7500,CH-C,EDG-11,Edge,0.84,327.3,72.83,71.77,71.97,374.3,True,True,False,False,2,4.54,
2310,Rev10,10,W080,PX-7500,CH-C,EXT-01,Extreme Edge,0.96,16.4,73.99,70.2,72.47,403.3,True,True,False,True,1,3.6,polymer_residue
2311,Rev10,10,W080,PX-7500,CH-C,EXT-02,Extreme Edge,0.96,49.1,71.66,70.52,77.67,387.1,True,True,False,True,1,2.23,polymer_residue
2312,Rev10,10,W080,PX-7500,CH-C,EXT-03,Extreme Edge,0.96,81.8,75.76,71.5,68.49,411.4,False,True,True,True,0,0.0,
2313,Rev10,10,W080,PX-7500,CH-C,EXT-04,Extreme Edge,0.96,114.5,74.74,69.79,73.05,421.2,True,True,False,True,0,0.0,
2314,Rev10,10,W080,PX-7500,CH-C,EXT-05,Extreme Edge,0.96,147.3,74.77,70.31,73.8,414.6,True,True,False,True,0,0.0,
2315,Rev10,10,W080,PX-7500,CH-C,EXT-06,Extreme Edge,0.96,180.0,75.49,71.63,72.44,444.8,False,True,False,True,1,6.21,
2316,Rev10,10,W080,PX-7500,CH-C,EXT-07,Extreme Edge,0.96,212.7,70.69,72.2,64.7,413.4,True,True,True,True,0,0.0,
2317,Rev10,10,W080,PX-7500,CH-C,EXT-08,Extreme Edge,0.96,245.5,73.31,72.6,71.07,414.1,True,True,False,True,0,0.0,
2318,Rev10,10,W080,PX-7500,CH-C,EXT-09,Extreme Edge,0.96,278.2,72.74,73.95,70.82,440.3,True,False,False,True,0,0.0,
2319,Rev10,10,W080,PX-7500,CH-C,EXT-10,Extreme Edge,0.96,310.9,75.42,73.64,76.84,390.0,False,False,False,True,1,3.12,
2320,Rev10,10,W080,PX-7500,CH-C,EXT-11,Extreme Edge,0.96,343.6,74.4,70.96,72.92,426.8,True,True,False,True,0,0.0,
2321,Rev1,1,W081,AE-3200,CH-B,C1,Center,0.0,0.0,73.95,73.32,65.55,431.7,True,False,True,True,1,3.41,
2322,Rev1,1,W081,AE-3200,CH-B,MID-01,Mid,0.52,30.0,72.95,71.38,66.69,385.7,True,True,True,True,0,0.0,
2323,Rev1,1,W081,AE-3200,CH-B,MID-02,Mid,0.52,90.0,72.66,73.05,62.66,387.4,True,False,True,True,1,3.88,
2324,Rev1,1,W081,AE-3200,CH-B,MID-03,Mid,0.52,150.0,71.7,71.36,64.48,410.5,True,True,True,True,0,0.0,
2325,Rev1,1,W081,AE-3200,CH-B,MID-04,Mid,0.52,210.0,72.27,72.09,65.59,385.8,True,True,True,True,0,0.0,
2326,Rev1,1,W081,AE-3200,CH-B,MID-05,Mid,0.52,270.0,74.48,71.13,60.08,383.6,True,True,True,True,0,0.0,
2327,Rev1,1,W081,AE-3200,CH-B,MID-06,Mid,0.52,330.0,72.38,69.65,68.32,381.7,True,True,True,True,0,0.0,
2328,Rev1,1,W081,AE-3200,CH-B,EDG-01,Edge,0.84,0.0,72.64,73.74,68.82,408.1,True,False,True,True,0,0.0,
2329,Rev1,1,W081,AE-3200,CH-B,EDG-02,Edge,0.84,32.7,76.57,72.79,63.09,416.5,False,True,True,True,1,4.71,polymer_residue
2330,Rev1,1,W081,AE-3200,CH-B,EDG-03,Edge,0.84,65.5,74.66,71.89,61.73,400.5,True,True,True,True,0,0.0,
2331,Rev1,1,W081,AE-3200,CH-B,EDG-04,Edge,0.84,98.2,76.61,69.07,69.06,376.1,False,True,True,True,0,0.0,
2332,Rev1,1,W081,AE-3200,CH-B,EDG-05,Edge,0.84,130.9,75.47,69.71,62.55,405.9,False,True,True,True,1,5.1,arc_event
2333,Rev1,1,W081,AE-3200,CH-B,EDG-06,Edge,0.84,163.6,75.06,71.58,63.37,416.1,True,True,True,True,0,0.0,
2334,Rev1,1,W081,AE-3200,CH-B,EDG-07,Edge,0.84,196.4,76.09,71.73,66.5,431.6,False,True,True,True,0,0.0,
2335,Rev1,1,W081,AE-3200,CH-B,EDG-08,Edge,0.84,229.1,73.75,72.09,68.71,458.0,True,True,True,False,0,0.0,
2336,Rev1,1,W081,AE-3200,CH-B,EDG-09,Edge,0.84,261.8,75.5,73.77,61.7,448.0,False,False,True,True,1,3.11,endpoint_late
2337,Rev1,1,W081,AE-3200,CH-B,EDG-10,Edge,0.84,294.5,70.19,73.71,68.62,449.1,True,False,True,True,0,0.0,
2338,Rev1,1,W081,AE-3200,CH-B,EDG-11,Edge,0.84,327.3,77.1,72.62,73.46,408.8,False,True,False,True,1,3.24,
2339,Rev1,1,W081,AE-3200,CH-B,EXT-01,Extreme Edge,0.96,16.4,75.62,71.11,63.68,404.0,False,True,True,True,0,0.0,
2340,Rev1,1,W081,AE-3200,CH-B,EXT-02,Extreme Edge,0.96,49.1,75.18,73.2,67.97,409.2,True,False,True,True,0,0.0,
2341,Rev1,1,W081,AE-3200,CH-B,EXT-03,Extreme Edge,0.96,81.8,76.59,72.28,69.37,416.1,False,True,True,True,2,4.76,polymer_residue
2342,Rev1,1,W081,AE-3200,CH-B,EXT-04,Extreme Edge,0.96,114.5,77.41,72.72,68.04,407.4,False,True,True,True,1,1.98,
2343,Rev1,1,W081,AE-3200,CH-B,EXT-05,Extreme Edge,0.96,147.3,76.52,72.12,64.6,410.1,False,True,True,True,0,0.0,
2344,Rev1,1,W081,AE-3200,CH-B,EXT-06,Extreme Edge,0.96,180.0,76.46,72.01,65.78,415.0,False,True,True,True,2,12.88,
2345,Rev1,1,W081,AE-3200,CH-B,EXT-07,Extreme Edge,0.96,212.7,75.42,70.61,64.06,418.7,False,True,True,True,2,9.57,
2346,Rev1,1,W081,AE-3200,CH-B,EXT-08,Extreme Edge,0.96,245.5,74.32,73.69,67.9,440.8,True,False,True,True,0,0.0,
2347,Rev1,1,W081,AE-3200,CH-B,EXT-09,Extreme Edge,0.96,278.2,74.94,73.26,68.12,426.7,True,False,True,True,0,0.0,
2348,Rev1,1,W081,AE-3200,CH-B,EXT-10,Extreme Edge,0.96,310.9,76.12,68.69,64.7,405.9,False,True,True,True,0,0.0,
2349,Rev1,1,W081,AE-3200,CH-B,EXT-11,Extreme Edge,0.96,343.6,74.78,74.03,68.16,407.4,True,False,True,True,1,5.57,
2350,Rev7,7,W082,PX-7500,CH-D,C1,Center,0.0,0.0,70.62,70.03,71.49,412.7,True,True,False,True,0,0.0,
2351,Rev7,7,W082,PX-7500,CH-D,MID-01,Mid,0.52,30.0,75.9,69.81,72.87,410.9,False,True,False,True,0,0.0,
2352,Rev7,7,W082,PX-7500,CH-D,MID-02,Mid,0.52,90.0,73.39,69.14,68.2,433.4,True,True,True,True,0,0.0,
2353,Rev7,7,W082,PX-7500,CH-D,MID-03,Mid,0.52,150.0,73.54,67.97,71.15,381.7,True,True,False,True,0,0.0,
2354,Rev7,7,W082,PX-7500,CH-D,MID-04,Mid,0.52,210.0,76.94,69.74,70.83,417.9,False,True,False,True,2,8.0,endpoint_late
2355,Rev7,7,W082,PX-7500,CH-D,MID-05,Mid,0.52,270.0,74.27,71.65,64.21,432.1,True,True,True,True,0,0.0,
2356,Rev7,7,W082,PX-7500,CH-D,MID-06,Mid,0.52,330.0,73.59,69.95,63.28,402.2,True,True,True,True,1,5.1,pressure_spike
2357,Rev7,7,W082,PX-7500,CH-D,EDG-01,Edge,0.84,0.0,75.36,71.01,69.18,444.2,False,True,True,True,0,0.0,
2358,Rev7,7,W082,PX-7500,CH-D,EDG-02,Edge,0.84,32.7,76.16,70.4,66.81,431.0,False,True,True,True,0,0.0,
2359,Rev7,7,W082,PX-7500,CH-D,EDG-03,Edge,0.84,65.5,76.0,73.95,64.23,411.9,False,False,True,True,1,1.87,endpoint_late
2360,Rev7,7,W082,PX-7500,CH-D,EDG-04,Edge,0.84,98.2,74.72,69.41,62.07,450.3,True,True,True,True,0,0.0,
2361,Rev7,7,W082,PX-7500,CH-D,EDG-05,Edge,0.84,130.9,75.17,68.83,70.44,405.1,True,True,True,True,0,0.0,
2362,Rev7,7,W082,PX-7500,CH-D,EDG-06,Edge,0.84,163.6,73.94,72.41,60.31,402.5,True,True,True,True,0,0.0,
2363,Rev7,7,W082,PX-7500,CH-D,EDG-07,Edge,0.84,196.4,75.21,69.87,67.8,419.0,False,True,True,True,0,0.0,
2364,Rev7,7,W082,PX-7500,CH-D,EDG-08,Edge,0.84,229.1,76.08,71.84,69.41,442.7,False,True,True,True,0,0.0,
2365,Rev7,7,W082,PX-7500,CH-D,EDG-09,Edge,0.84,261.8,75.07,73.18,66.87,412.7,True,False,True,True,1,3.84,
2366,Rev7,7,W082,PX-7500,CH-D,EDG-10,Edge,0.84,294.5,74.27,71.35,68.79,424.4,True,True,True,True,0,0.0,
2367,Rev7,7,W082,PX-7500,CH-D,EDG-11,Edge,0.84,327.3,76.41,71.8,69.46,396.4,False,True,True,True,0,0.0,
2368,Rev7,7,W082,PX-7500,CH-D,EXT-01,Extreme Edge,0.96,16.4,76.38,70.66,69.19,426.9,False,True,True,True,0,0.0,
2369,Rev7,7,W082,PX-7500,CH-D,EXT-02,Extreme Edge,0.96,49.1,73.63,69.49,69.31,400.5,True,True,True,True,0,0.0,
2370,Rev7,7,W082,PX-7500,CH-D,EXT-03,Extreme Edge,0.96,81.8,76.3,70.11,66.29,403.6,False,True,True,True,0,0.0,
2371,Rev7,7,W082,PX-7500,CH-D,EXT-04,Extreme Edge,0.96,114.5,73.9,70.36,72.54,402.1,True,True,False,True,0,0.0,
2372,Rev7,7,W082,PX-7500,CH-D,EXT-05,Extreme Edge,0.96,147.3,77.36,72.77,65.33,422.0,False,True,True,True,0,0.0,
2373,Rev7,7,W082,PX-7500,CH-D,EXT-06,Extreme Edge,0.96,180.0,76.17,71.75,70.61,414.3,False,True,False,True,0,0.0,
2374,Rev7,7,W082,PX-7500,CH-D,EXT-07,Extreme Edge,0.96,212.7,75.26,72.27,71.24,428.8,False,True,False,True,3,12.38,
2375,Rev7,7,W082,PX-7500,CH-D,EXT-08,Extreme Edge,0.96,245.5,74.71,73.06,71.03,405.9,True,False,False,True,0,0.0,
2376,Rev7,7,W082,PX-7500,CH-D,EXT-09,Extreme Edge,0.96,278.2,76.16,72.54,69.97,447.6,False,True,True,True,1,3.48,
2377,Rev7,7,W082,PX-7500,CH-D,EXT-10,Extreme Edge,0.96,310.9,72.58,72.79,70.5,444.9,True,True,True,True,0,0.0,
2378,Rev7,7,W082,PX-7500,CH-D,EXT-11,Extreme Edge,0.96,343.6,74.75,68.97,71.18,397.1,True,True,False,True,1,2.5,polymer_residue
2379,Rev1,1,W083,AE-3200,CH-B,C1,Center,0.0,0.0,72.28,68.87,65.49,434.7,True,True,True,True,1,6.29,
2380,Rev1,1,W083,AE-3200,CH-B,MID-01,Mid,0.52,30.0,71.76,71.15,65.58,426.2,True,True,True,True,0,0.0,
2381,Rev1,1,W083,AE-3200,CH-B,MID-02,Mid,0.52,90.0,72.11,71.01,69.56,477.7,True,True,True,False,1,2.86,esc_temp_drift
2382,Rev1,1,W083,AE-3200,CH-B,MID-03,Mid,0.52,150.0,69.24,73.94,67.3,445.9,True,False,True,True,0,0.0,
2383,Rev1,1,W083,AE-3200,CH-B,MID-04,Mid,0.52,210.0,71.52,71.22,65.68,453.1,True,True,True,False,1,5.04,
2384,Rev1,1,W083,AE-3200,CH-B,MID-05,Mid,0.52,270.0,73.99,72.55,67.44,437.6,True,True,True,True,0,0.0,
2385,Rev1,1,W083,AE-3200,CH-B,MID-06,Mid,0.52,330.0,70.8,71.55,68.93,432.3,True,True,True,True,1,4.85,polymer_residue
2386,Rev1,1,W083,AE-3200,CH-B,EDG-01,Edge,0.84,0.0,69.88,73.68,70.19,481.5,True,False,True,False,1,5.26,
2387,Rev1,1,W083,AE-3200,CH-B,EDG-02,Edge,0.84,32.7,75.6,73.19,65.69,482.0,False,False,True,False,0,0.0,
2388,Rev1,1,W083,AE-3200,CH-B,EDG-03,Edge,0.84,65.5,73.25,73.79,68.97,467.2,True,False,True,False,0,0.0,
2389,Rev1,1,W083,AE-3200,CH-B,EDG-04,Edge,0.84,98.2,72.46,71.79,71.16,419.3,True,True,False,True,0,0.0,
2390,Rev1,1,W083,AE-3200,CH-B,EDG-05,Edge,0.84,130.9,71.23,74.08,62.47,425.7,True,False,True,True,2,10.83,esc_temp_drift
2391,Rev1,1,W083,AE-3200,CH-B,EDG-06,Edge,0.84,163.6,72.19,72.05,68.07,458.1,True,True,True,False,0,0.0,
2392,Rev1,1,W083,AE-3200,CH-B,EDG-07,Edge,0.84,196.4,73.51,71.66,67.53,466.2,True,True,True,False,1,6.11,
2393,Rev1,1,W083,AE-3200,CH-B,EDG-08,Edge,0.84,229.1,73.05,71.28,64.49,428.1,True,True,True,True,0,0.0,
2394,Rev1,1,W083,AE-3200,CH-B,EDG-09,Edge,0.84,261.8,72.32,71.93,71.06,450.8,True,True,False,True,2,4.39,
2395,Rev1,1,W083,AE-3200,CH-B,EDG-10,Edge,0.84,294.5,75.01,72.12,63.59,456.3,True,True,True,False,1,2.77,polymer_residue
2396,Rev1,1,W083,AE-3200,CH-B,EDG-11,Edge,0.84,327.3,70.83,72.43,68.05,436.6,True,True,True,True,0,0.0,
2397,Rev1,1,W083,AE-3200,CH-B,EXT-01,Extreme Edge,0.96,16.4,72.52,69.78,66.25,460.3,True,True,True,False,1,2.11,pressure_spike
2398,Rev1,1,W083,AE-3200,CH-B,EXT-02,Extreme Edge,0.96,49.1,77.94,73.52,71.8,425.3,False,False,False,True,2,10.1,
2399,Rev1,1,W083,AE-3200,CH-B,EXT-03,Extreme Edge,0.96,81.8,72.61,69.65,76.27,447.9,True,True,False,True,0,0.0,
2400,Rev1,1,W083,AE-3200,CH-B,EXT-04,Extreme Edge,0.96,114.5,73.65,72.75,70.54,413.3,True,True,True,True,0,0.0,
2401,Rev1,1,W083,AE-3200,CH-B,EXT-05,Extreme Edge,0.96,147.3,71.7,71.15,72.73,413.8,True,True,False,True,1,2.31,
2402,Rev1,1,W083,AE-3200,CH-B,EXT-06,Extreme Edge,0.96,180.0,75.51,71.01,65.82,443.5,False,True,True,True,1,4.19,
2403,Rev1,1,W083,AE-3200,CH-B,EXT-07,Extreme Edge,0.96,212.7,72.46,73.89,74.09,453.6,True,False,False,False,2,6.76,endpoint_late
2404,Rev1,1,W083,AE-3200,CH-B,EXT-08,Extreme Edge,0.96,245.5,74.3,73.53,68.32,462.5,True,False,True,False,0,0.0,
2405,Rev1,1,W083,AE-3200,CH-B,EXT-09,Extreme Edge,0.96,278.2,74.63,74.66,77.66,466.5,True,False,False,False,1,4.48,
2406,Rev1,1,W083,AE-3200,CH-B,EXT-10,Extreme Edge,0.96,310.9,74.35,74.69,66.44,466.6,True,False,True,False,2,9.45,
2407,Rev1,1,W083,AE-3200,CH-B,EXT-11,Extreme Edge,0.96,343.6,73.88,73.47,74.44,450.0,True,False,False,True,0,0.0,
2408,Rev8,8,W084,AE-3200,CH-A,C1,Center,0.0,0.0,73.71,74.35,60.41,413.8,True,False,True,True,0,0.0,
2409,Rev8,8,W084,AE-3200,CH-A,MID-01,Mid,0.52,30.0,74.83,72.69,62.8,391.5,True,True,True,True,0,0.0,
2410,Rev8,8,W084,AE-3200,CH-A,MID-02,Mid,0.52,90.0,73.36,70.71,62.79,433.9,True,True,True,True,1,2.6,
2411,Rev8,8,W084,AE-3200,CH-A,MID-03,Mid,0.52,150.0,73.16,70.11,61.73,425.7,True,True,True,True,0,0.0,
2412,Rev8,8,W084,AE-3200,CH-A,MID-04,Mid,0.52,210.0,75.1,70.61,66.92,411.4,True,True,True,True,0,0.0,
2413,Rev8,8,W084,AE-3200,CH-A,MID-05,Mid,0.52,270.0,75.96,68.06,60.72,399.1,False,True,True,True,0,0.0,
2414,Rev8,8,W084,AE-3200,CH-A,MID-06,Mid,0.52,330.0,72.48,69.12,66.81,439.7,True,True,True,True,0,0.0,
2415,Rev8,8,W084,AE-3200,CH-A,EDG-01,Edge,0.84,0.0,74.98,73.17,66.46,397.5,True,False,True,True,1,6.45,
2416,Rev8,8,W084,AE-3200,CH-A,EDG-02,Edge,0.84,32.7,76.49,73.36,64.43,419.6,False,False,True,True,2,12.8,
2417,Rev8,8,W084,AE-3200,CH-A,EDG-03,Edge,0.84,65.5,73.77,73.73,67.62,419.8,True,False,True,True,1,5.81,
2418,Rev8,8,W084,AE-3200,CH-A,EDG-04,Edge,0.84,98.2,77.41,73.55,65.03,436.5,False,False,True,True,0,0.0,
2419,Rev8,8,W084,AE-3200,CH-A,EDG-05,Edge,0.84,130.9,74.91,70.84,63.97,402.6,True,True,True,True,1,1.91,
2420,Rev8,8,W084,AE-3200,CH-A,EDG-06,Edge,0.84,163.6,74.17,74.69,65.27,464.2,True,False,True,False,1,1.99,
2421,Rev8,8,W084,AE-3200,CH-A,EDG-07,Edge,0.84,196.4,76.87,71.64,72.03,401.0,False,True,False,True,0,0.0,
2422,Rev8,8,W084,AE-3200,CH-A,EDG-08,Edge,0.84,229.1,75.39,72.65,68.41,435.7,False,True,True,True,0,0.0,
2423,Rev8,8,W084,AE-3200,CH-A,EDG-09,Edge,0.84,261.8,73.58,74.15,68.92,435.5,True,False,True,True,0,0.0,
2424,Rev8,8,W084,AE-3200,CH-A,EDG-10,Edge,0.84,294.5,75.97,73.81,65.85,400.9,False,False,True,True,1,3.01,
2425,Rev8,8,W084,AE-3200,CH-A,EDG-11,Edge,0.84,327.3,75.61,72.06,68.07,412.0,False,True,True,True,0,0.0,
2426,Rev8,8,W084,AE-3200,CH-A,EXT-01,Extreme Edge,0.96,16.4,77.95,72.16,66.46,431.9,False,True,True,True,0,0.0,
2427,Rev8,8,W084,AE-3200,CH-A,EXT-02,Extreme Edge,0.96,49.1,75.3,72.56,65.86,476.3,False,True,True,False,2,9.31,
2428,Rev8,8,W084,AE-3200,CH-A,EXT-03,Extreme Edge,0.96,81.8,77.67,73.42,67.47,424.8,False,False,True,True,1,3.58,
2429,Rev8,8,W084,AE-3200,CH-A,EXT-04,Extreme Edge,0.96,114.5,74.98,73.04,69.58,406.5,True,False,True,True,1,2.42,polymer_residue
2430,Rev8,8,W084,AE-3200,CH-A,EXT-05,Extreme Edge,0.96,147.3,74.37,70.89,65.78,455.8,True,True,True,False,0,0.0,
2431,Rev8,8,W084,AE-3200,CH-A,EXT-06,Extreme Edge,0.96,180.0,76.79,74.05,63.41,384.6,False,False,True,True,2,5.88,
2432,Rev8,8,W084,AE-3200,CH-A,EXT-07,Extreme Edge,0.96,212.7,77.76,76.12,64.86,440.7,False,False,True,True,2,7.83,endpoint_late
2433,Rev8,8,W084,AE-3200,CH-A,EXT-08,Extreme Edge,0.96,245.5,74.2,74.91,64.25,414.7,True,False,True,True,2,4.01,endpoint_late
2434,Rev8,8,W084,AE-3200,CH-A,EXT-09,Extreme Edge,0.96,278.2,73.97,72.25,68.28,428.8,True,True,True,True,0,0.0,
2435,Rev8,8,W084,AE-3200,CH-A,EXT-10,Extreme Edge,0.96,310.9,78.29,72.74,64.23,441.0,False,True,True,True,0,0.0,
2436,Rev8,8,W084,AE-3200,CH-A,EXT-11,Extreme Edge,0.96,343.6,77.62,70.33,65.23,420.7,False,True,True,True,0,0.0,
2437,Rev4,4,W085,AE-3200,CH-A,C1,Center,0.0,0.0,72.86,70.42,66.86,458.5,True,True,True,False,0,0.0,
2438,Rev4,4,W085,AE-3200,CH-A,MID-01,Mid,0.52,30.0,71.05,70.12,63.27,477.2,True,True,True,False,0,0.0,
2439,Rev4,4,W085,AE-3200,CH-A,MID-02,Mid,0.52,90.0,74.0,72.04,65.88,386.7,True,True,True,True,0,0.0,
2440,Rev4,4,W085,AE-3200,CH-A,MID-03,Mid,0.52,150.0,69.54,69.96,69.31,423.9,True,True,True,True,0,0.0,
2441,Rev4,4,W085,AE-3200,CH-A,MID-04,Mid,0.52,210.0,71.96,72.13,66.72,433.4,True,True,True,True,1,6.29,polymer_residue
2442,Rev4,4,W085,AE-3200,CH-A,MID-05,Mid,0.52,270.0,71.89,67.81,65.81,402.2,True,True,True,True,0,0.0,
2443,Rev4,4,W085,AE-3200,CH-A,MID-06,Mid,0.52,330.0,70.66,70.98,70.69,435.1,True,True,False,True,0,0.0,
2444,Rev4,4,W085,AE-3200,CH-A,EDG-01,Edge,0.84,0.0,75.12,69.97,71.26,487.4,True,True,False,False,0,0.0,
2445,Rev4,4,W085,AE-3200,CH-A,EDG-02,Edge,0.84,32.7,75.78,72.48,69.38,472.9,False,True,True,False,2,7.78,polymer_residue
2446,Rev4,4,W085,AE-3200,CH-A,EDG-03,Edge,0.84,65.5,71.49,74.23,70.9,443.8,True,False,False,True,0,0.0,
2447,Rev4,4,W085,AE-3200,CH-A,EDG-04,Edge,0.84,98.2,72.65,72.57,67.44,427.7,True,True,True,True,1,2.48,
2448,Rev4,4,W085,AE-3200,CH-A,EDG-05,Edge,0.84,130.9,71.69,70.84,66.31,435.1,True,True,True,True,2,8.0,
2449,Rev4,4,W085,AE-3200,CH-A,EDG-06,Edge,0.84,163.6,72.09,70.13,68.83,473.6,True,True,True,False,3,16.02,polymer_residue
2450,Rev4,4,W085,AE-3200,CH-A,EDG-07,Edge,0.84,196.4,74.23,74.29,70.01,458.2,True,False,True,False,0,0.0,
2451,Rev4,4,W085,AE-3200,CH-A,EDG-08,Edge,0.84,229.1,73.09,67.95,66.94,435.2,True,True,True,True,1,5.85,polymer_residue
2452,Rev4,4,W085,AE-3200,CH-A,EDG-09,Edge,0.84,261.8,72.92,74.58,67.97,437.1,True,False,True,True,0,0.0,
2453,Rev4,4,W085,AE-3200,CH-A,EDG-10,Edge,0.84,294.5,73.98,71.09,69.85,443.3,True,True,True,True,0,0.0,
2454,Rev4,4,W085,AE-3200,CH-A,EDG-11,Edge,0.84,327.3,72.63,74.91,67.99,457.9,True,False,True,False,0,0.0,
2455,Rev4,4,W085,AE-3200,CH-A,EXT-01,Extreme Edge,0.96,16.4,72.56,71.37,71.36,417.9,True,True,False,True,1,3.51,
2456,Rev4,4,W085,AE-3200,CH-A,EXT-02,Extreme Edge,0.96,49.1,74.82,70.34,70.8,453.9,True,True,False,False,1,3.05,
2457,Rev4,4,W085,AE-3200,CH-A,EXT-03,Extreme Edge,0.96,81.8,73.5,71.29,72.85,483.0,True,True,False,False,0,0.0,
2458,Rev4,4,W085,AE-3200,CH-A,EXT-04,Extreme Edge,0.96,114.5,73.88,71.97,69.53,446.6,True,True,True,True,1,3.68,arc_event
2459,Rev4,4,W085,AE-3200,CH-A,EXT-05,Extreme Edge,0.96,147.3,75.12,71.24,67.98,434.2,True,True,True,True,0,0.0,
2460,Rev4,4,W085,AE-3200,CH-A,EXT-06,Extreme Edge,0.96,180.0,70.64,69.73,67.64,422.4,True,True,True,True,1,5.26,polymer_residue
2461,Rev4,4,W085,AE-3200,CH-A,EXT-07,Extreme Edge,0.96,212.7,71.75,73.12,70.94,437.7,True,False,False,True,0,0.0,
2462,Rev4,4,W085,AE-3200,CH-A,EXT-08,Extreme Edge,0.96,245.5,72.8,74.74,68.45,471.1,True,False,True,False,0,0.0,
2463,Rev4,4,W085,AE-3200,CH-A,EXT-09,Extreme Edge,0.96,278.2,72.9,73.08,64.85,443.4,True,False,True,True,1,4.63,pressure_spike
2464,Rev4,4,W085,AE-3200,CH-A,EXT-10,Extreme Edge,0.96,310.9,73.89,70.83,67.85,433.8,True,True,True,True,0,0.0,
2465,Rev4,4,W085,AE-3200,CH-A,EXT-11,Extreme Edge,0.96,343.6,74.98,71.92,66.51,413.7,True,True,True,True,0,0.0,
2466,Rev9,9,W086,AE-3200,CH-B,C1,Center,0.0,0.0,70.5,70.56,63.88,391.6,True,True,True,True,0,0.0,
2467,Rev9,9,W086,AE-3200,CH-B,MID-01,Mid,0.52,30.0,73.76,71.32,67.15,425.3,True,True,True,True,1,5.13,polymer_residue
2468,Rev9,9,W086,AE-3200,CH-B,MID-02,Mid,0.52,90.0,73.34,68.04,60.29,375.8,True,True,True,False,0,0.0,
2469,Rev9,9,W086,AE-3200,CH-B,MID-03,Mid,0.52,150.0,72.25,69.92,70.71,392.9,True,True,False,True,0,0.0,
2470,Rev9,9,W086,AE-3200,CH-B,MID-04,Mid,0.52,210.0,69.94,69.19,61.63,409.7,True,True,True,True,0,0.0,
2471,Rev9,9,W086,AE-3200,CH-B,MID-05,Mid,0.52,270.0,70.75,65.94,64.39,399.1,True,True,True,True,0,0.0,
2472,Rev9,9,W086,AE-3200,CH-B,MID-06,Mid,0.52,330.0,72.83,69.76,64.09,401.0,True,True,True,True,0,0.0,
2473,Rev9,9,W086,AE-3200,CH-B,EDG-01,Edge,0.84,0.0,73.4,72.44,70.64,363.4,True,True,False,False,0,0.0,
2474,Rev9,9,W086,AE-3200,CH-B,EDG-02,Edge,0.84,32.7,76.6,67.87,63.96,390.6,False,True,True,True,0,0.0,
2475,Rev9,9,W086,AE-3200,CH-B,EDG-03,Edge,0.84,65.5,72.9,71.75,65.6,424.6,True,True,True,True,0,0.0,
2476,Rev9,9,W086,AE-3200,CH-B,EDG-04,Edge,0.84,98.2,74.9,72.26,62.94,445.4,True,True,True,True,0,0.0,
2477,Rev9,9,W086,AE-3200,CH-B,EDG-05,Edge,0.84,130.9,75.28,75.24,64.28,383.6,False,False,True,True,1,3.33,polymer_residue
2478,Rev9,9,W086,AE-3200,CH-B,EDG-06,Edge,0.84,163.6,76.38,71.45,67.61,409.1,False,True,True,True,2,6.02,
2479,Rev9,9,W086,AE-3200,CH-B,EDG-07,Edge,0.84,196.4,74.15,72.45,61.72,407.1,True,True,True,True,1,4.43,polymer_residue
2480,Rev9,9,W086,AE-3200,CH-B,EDG-08,Edge,0.84,229.1,74.79,74.35,67.48,395.0,True,False,True,True,1,3.32,
2481,Rev9,9,W086,AE-3200,CH-B,EDG-09,Edge,0.84,261.8,72.08,70.92,67.34,418.8,True,True,True,True,0,0.0,
2482,Rev9,9,W086,AE-3200,CH-B,EDG-10,Edge,0.84,294.5,74.93,69.67,68.49,399.3,True,True,True,True,0,0.0,
2483,Rev9,9,W086,AE-3200,CH-B,EDG-11,Edge,0.84,327.3,74.77,69.5,62.07,427.9,True,True,True,True,0,0.0,
2484,Rev9,9,W086,AE-3200,CH-B,EXT-01,Extreme Edge,0.96,16.4,74.81,70.56,65.51,381.2,True,True,True,True,1,6.43,polymer_residue
2485,Rev9,9,W086,AE-3200,CH-B,EXT-02,Extreme Edge,0.96,49.1,75.77,72.23,63.33,395.1,False,True,True,True,2,11.83,polymer_residue
2486,Rev9,9,W086,AE-3200,CH-B,EXT-03,Extreme Edge,0.96,81.8,73.23,72.89,63.92,394.0,True,False,True,True,0,0.0,
2487,Rev9,9,W086,AE-3200,CH-B,EXT-04,Extreme Edge,0.96,114.5,73.35,71.1,67.93,432.4,True,True,True,True,1,4.35,polymer_residue
2488,Rev9,9,W086,AE-3200,CH-B,EXT-05,Extreme Edge,0.96,147.3,75.07,71.49,61.89,398.6,True,True,True,True,0,0.0,
2489,Rev9,9,W086,AE-3200,CH-B,EXT-06,Extreme Edge,0.96,180.0,75.05,72.78,66.41,412.6,True,True,True,True,0,0.0,
2490,Rev9,9,W086,AE-3200,CH-B,EXT-07,Extreme Edge,0.96,212.7,74.75,74.04,71.55,414.3,True,False,False,True,1,3.51,
2491,Rev9,9,W086,AE-3200,CH-B,EXT-08,Extreme Edge,0.96,245.5,73.28,71.9,66.01,383.5,True,True,True,True,0,0.0,
2492,Rev9,9,W086,AE-3200,CH-B,EXT-09,Extreme Edge,0.96,278.2,74.98,70.29,63.79,424.3,True,True,True,True,1,4.48,
2493,Rev9,9,W086,AE-3200,CH-B,EXT-10,Extreme Edge,0.96,310.9,78.43,69.53,67.57,432.6,False,True,True,True,0,0.0,
2494,Rev9,9,W086,AE-3200,CH-B,EXT-11,Extreme Edge,0.96,343.6,72.9,71.01,65.34,450.8,True,True,True,True,0,0.0,
2495,Rev7,7,W087,PX-7500,CH-D,C1,Center,0.0,0.0,68.84,73.49,62.44,384.5,True,False,True,True,1,1.83,
2496,Rev7,7,W087,PX-7500,CH-D,MID-01,Mid,0.52,30.0,72.01,70.13,62.97,388.2,True,True,True,True,0,0.0,
2497,Rev7,7,W087,PX-7500,CH-D,MID-02,Mid,0.52,90.0,71.97,68.76,68.41,430.2,True,True,True,True,1,5.78,endpoint_late
2498,Rev7,7,W087,PX-7500,CH-D,MID-03,Mid,0.52,150.0,73.41,73.58,69.67,431.7,True,False,True,True,2,8.12,endpoint_late
2499,Rev7,7,W087,PX-7500,CH-D,MID-04,Mid,0.52,210.0,71.67,72.52,65.29,384.9,True,True,True,True,0,0.0,
2500,Rev7,7,W087,PX-7500,CH-D,MID-05,Mid,0.52,270.0,72.1,70.03,66.31,406.1,True,True,True,True,0,0.0,
2501,Rev7,7,W087,PX-7500,CH-D,MID-06,Mid,0.52,330.0,72.0,72.44,63.99,446.9,True,True,True,True,0,0.0,
2502,Rev7,7,W087,PX-7500,CH-D,EDG-01,Edge,0.84,0.0,73.32,73.34,71.57,432.7,True,False,False,True,1,2.54,
2503,Rev7,7,W087,PX-7500,CH-D,EDG-02,Edge,0.84,32.7,72.85,73.02,69.48,420.2,True,False,True,True,0,0.0,
2504,Rev7,7,W087,PX-7500,CH-D,EDG-03,Edge,0.84,65.5,75.78,73.18,61.71,448.7,False,False,True,True,1,2.32,
2505,Rev7,7,W087,PX-7500,CH-D,EDG-04,Edge,0.84,98.2,70.32,70.51,69.99,435.3,True,True,True,True,0,0.0,
2506,Rev7,7,W087,PX-7500,CH-D,EDG-05,Edge,0.84,130.9,73.77,73.39,64.97,388.8,True,False,True,True,0,0.0,
2507,Rev7,7,W087,PX-7500,CH-D,EDG-06,Edge,0.84,163.6,74.0,70.66,70.24,402.3,True,True,True,True,0,0.0,
2508,Rev7,7,W087,PX-7500,CH-D,EDG-07,Edge,0.84,196.4,74.81,72.47,63.38,440.9,True,True,True,True,0,0.0,
2509,Rev7,7,W087,PX-7500,CH-D,EDG-08,Edge,0.84,229.1,77.13,71.74,58.71,423.7,False,True,False,True,1,4.86,polymer_residue
2510,Rev7,7,W087,PX-7500,CH-D,EDG-09,Edge,0.84,261.8,71.51,70.34,65.13,429.6,True,True,True,True,0,0.0,
2511,Rev7,7,W087,PX-7500,CH-D,EDG-10,Edge,0.84,294.5,72.67,68.45,70.76,438.4,True,True,False,True,1,3.87,polymer_residue
2512,Rev7,7,W087,PX-7500,CH-D,EDG-11,Edge,0.84,327.3,72.9,71.49,64.23,421.5,True,True,True,True,0,0.0,
2513,Rev7,7,W087,PX-7500,CH-D,EXT-01,Extreme Edge,0.96,16.4,75.28,71.95,66.02,391.4,False,True,True,True,1,5.04,
2514,Rev7,7,W087,PX-7500,CH-D,EXT-02,Extreme Edge,0.96,49.1,72.21,70.91,65.47,419.5,True,True,True,True,1,6.3,polymer_residue
2515,Rev7,7,W087,PX-7500,CH-D,EXT-03,Extreme Edge,0.96,81.8,72.66,73.69,66.41,376.4,True,False,True,True,0,0.0,
2516,Rev7,7,W087,PX-7500,CH-D,EXT-04,Extreme Edge,0.96,114.5,75.27,72.13,61.18,398.5,False,True,True,True,0,0.0,
2517,Rev7,7,W087,PX-7500,CH-D,EXT-05,Extreme Edge,0.96,147.3,73.89,72.22,73.61,436.1,True,True,False,True,0,0.0,
2518,Rev7,7,W087,PX-7500,CH-D,EXT-06,Extreme Edge,0.96,180.0,75.12,71.63,71.54,424.4,True,True,False,True,1,2.66,esc_temp_drift
2519,Rev7,7,W087,PX-7500,CH-D,EXT-07,Extreme Edge,0.96,212.7,74.0,72.16,63.3,407.6,True,True,True,True,2,12.66,polymer_residue
2520,Rev7,7,W087,PX-7500,CH-D,EXT-08,Extreme Edge,0.96,245.5,72.39,71.36,66.09,457.8,True,True,True,False,1,4.18,
2521,Rev7,7,W087,PX-7500,CH-D,EXT-09,Extreme Edge,0.96,278.2,72.48,72.31,62.12,426.6,True,True,True,True,0,0.0,
2522,Rev7,7,W087,PX-7500,CH-D,EXT-10,Extreme Edge,0.96,310.9,74.23,70.09,66.73,449.3,True,True,True,True,1,2.0,
2523,Rev7,7,W087,PX-7500,CH-D,EXT-11,Extreme Edge,0.96,343.6,74.7,70.27,69.94,435.6,True,True,True,True,0,0.0,
2524,Rev11,11,W088,PX-7500,CH-D,C1,Center,0.0,0.0,71.01,66.88,74.22,424.8,True,True,False,True,0,0.0,
2525,Rev11,11,W088,PX-7500,CH-D,MID-01,Mid,0.52,30.0,74.78,69.88,72.1,396.6,True,True,False,True,0,0.0,
2526,Rev11,11,W088,PX-7500,CH-D,MID-02,Mid,0.52,90.0,73.32,70.19,66.7,386.9,True,True,True,True,0,0.0,
2527,Rev11,11,W088,PX-7500,CH-D,MID-03,Mid,0.52,150.0,71.7,72.56,67.82,407.8,True,True,True,True,0,0.0,
2528,Rev11,11,W088,PX-7500,CH-D,MID-04,Mid,0.52,210.0,69.98,70.67,70.1,414.9,True,True,True,True,0,0.0,
2529,Rev11,11,W088,PX-7500,CH-D,MID-05,Mid,0.52,270.0,74.75,68.03,72.65,414.9,True,True,False,True,0,0.0,
2530,Rev11,11,W088,PX-7500,CH-D,MID-06,Mid,0.52,330.0,73.69,67.48,67.23,418.3,True,True,True,True,0,0.0,
2531,Rev11,11,W088,PX-7500,CH-D,EDG-01,Edge,0.84,0.0,74.13,74.69,69.64,416.5,True,False,True,True,0,0.0,
2532,Rev11,11,W088,PX-7500,CH-D,EDG-02,Edge,0.84,32.7,74.74,70.54,67.66,369.5,True,True,True,False,1,5.59,
2533,Rev11,11,W088,PX-7500,CH-D,EDG-03,Edge,0.84,65.5,76.94,67.52,75.93,360.9,False,True,False,False,0,0.0,
2534,Rev11,11,W088,PX-7500,CH-D,EDG-04,Edge,0.84,98.2,72.71,72.66,67.85,389.4,True,True,True,True,0,0.0,
2535,Rev11,11,W088,PX-7500,CH-D,EDG-05,Edge,0.84,130.9,74.04,71.75,71.63,386.4,True,True,False,True,0,0.0,
2536,Rev11,11,W088,PX-7500,CH-D,EDG-06,Edge,0.84,163.6,73.93,70.42,70.35,422.6,True,True,True,True,1,5.73,polymer_residue
2537,Rev11,11,W088,PX-7500,CH-D,EDG-07,Edge,0.84,196.4,74.93,70.52,69.58,418.5,True,True,True,True,2,4.33,
2538,Rev11,11,W088,PX-7500,CH-D,EDG-08,Edge,0.84,229.1,75.37,71.29,69.77,418.4,False,True,True,True,0,0.0,
2539,Rev11,11,W088,PX-7500,CH-D,EDG-09,Edge,0.84,261.8,75.79,71.85,65.25,403.4,False,True,True,True,0,0.0,
2540,Rev11,11,W088,PX-7500,CH-D,EDG-10,Edge,0.84,294.5,74.77,72.08,70.4,403.4,True,True,True,True,1,4.5,polymer_residue
2541,Rev11,11,W088,PX-7500,CH-D,EDG-11,Edge,0.84,327.3,72.55,72.63,71.99,409.9,True,True,False,True,0,0.0,
2542,Rev11,11,W088,PX-7500,CH-D,EXT-01,Extreme Edge,0.96,16.4,76.61,74.13,69.95,391.1,False,False,True,True,0,0.0,
2543,Rev11,11,W088,PX-7500,CH-D,EXT-02,Extreme Edge,0.96,49.1,75.3,73.71,71.46,414.3,False,False,False,True,1,6.0,polymer_residue
2544,Rev11,11,W088,PX-7500,CH-D,EXT-03,Extreme Edge,0.96,81.8,75.62,70.52,64.37,402.2,False,True,True,True,0,0.0,
2545,Rev11,11,W088,PX-7500,CH-D,EXT-04,Extreme Edge,0.96,114.5,75.15,70.08,69.0,425.0,True,True,True,True,0,0.0,
2546,Rev11,11,W088,PX-7500,CH-D,EXT-05,Extreme Edge,0.96,147.3,75.33,70.72,70.61,398.0,False,True,False,True,0,0.0,
2547,Rev11,11,W088,PX-7500,CH-D,EXT-06,Extreme Edge,0.96,180.0,73.9,72.55,70.07,437.0,True,True,True,True,1,4.97,polymer_residue
2548,Rev11,11,W088,PX-7500,CH-D,EXT-07,Extreme Edge,0.96,212.7,76.18,73.81,68.85,428.8,False,False,True,True,1,6.18,polymer_residue
2549,Rev11,11,W088,PX-7500,CH-D,EXT-08,Extreme Edge,0.96,245.5,76.5,70.45,76.35,370.4,False,True,False,False,1,2.15,
2550,Rev11,11,W088,PX-7500,CH-D,EXT-09,Extreme Edge,0.96,278.2,73.28,71.24,64.75,433.7,True,True,True,True,1,4.41,polymer_residue
2551,Rev11,11,W088,PX-7500,CH-D,EXT-10,Extreme Edge,0.96,310.9,74.29,72.28,68.91,436.0,True,True,True,True,1,2.72,
2552,Rev11,11,W088,PX-7500,CH-D,EXT-11,Extreme Edge,0.96,343.6,76.16,69.31,72.01,433.2,False,True,False,True,0,0.0,
2553,Rev4,4,W089,AE-3200,CH-A,C1,Center,0.0,0.0,71.56,74.17,63.05,450.6,True,False,True,True,0,0.0,
2554,Rev4,4,W089,AE-3200,CH-A,MID-01,Mid,0.52,30.0,72.17,71.48,70.65,461.5,True,True,False,False,1,6.04,polymer_residue
2555,Rev4,4,W089,AE-3200,CH-A,MID-02,Mid,0.52,90.0,70.99,72.94,69.5,485.7,True,False,True,False,0,0.0,
2556,Rev4,4,W089,AE-3200,CH-A,MID-03,Mid,0.52,150.0,72.64,72.01,63.84,454.8,True,True,True,False,1,3.18,pressure_spike
2557,Rev4,4,W089,AE-3200,CH-A,MID-04,Mid,0.52,210.0,70.82,73.47,69.03,450.0,True,False,True,True,0,0.0,
2558,Rev4,4,W089,AE-3200,CH-A,MID-05,Mid,0.52,270.0,70.64,72.81,62.61,437.7,True,False,True,True,0,0.0,
2559,Rev4,4,W089,AE-3200,CH-A,MID-06,Mid,0.52,330.0,69.49,71.91,66.73,460.4,True,True,True,False,0,0.0,
2560,Rev4,4,W089,AE-3200,CH-A,EDG-01,Edge,0.84,0.0,74.36,72.53,72.63,407.0,True,True,False,True,0,0.0,
2561,Rev4,4,W089,AE-3200,CH-A,EDG-02,Edge,0.84,32.7,73.08,72.11,70.13,429.2,True,True,True,True,0,0.0,
2562,Rev4,4,W089,AE-3200,CH-A,EDG-03,Edge,0.84,65.5,72.42,74.16,64.78,465.9,True,False,True,False,1,4.92,polymer_residue
2563,Rev4,4,W089,AE-3200,CH-A,EDG-04,Edge,0.84,98.2,75.39,76.32,67.48,433.8,False,False,True,True,1,2.02,
2564,Rev4,4,W089,AE-3200,CH-A,EDG-05,Edge,0.84,130.9,73.46,73.02,63.42,470.6,True,False,True,False,1,3.04,polymer_residue
2565,Rev4,4,W089,AE-3200,CH-A,EDG-06,Edge,0.84,163.6,72.46,71.63,69.41,450.6,True,True,True,True,0,0.0,
2566,Rev4,4,W089,AE-3200,CH-A,EDG-07,Edge,0.84,196.4,72.17,72.44,71.44,446.3,True,True,False,True,0,0.0,
2567,Rev4,4,W089,AE-3200,CH-A,EDG-08,Edge,0.84,229.1,74.95,72.76,67.45,421.2,True,True,True,True,0,0.0,
2568,Rev4,4,W089,AE-3200,CH-A,EDG-09,Edge,0.84,261.8,73.91,71.78,71.12,458.6,True,True,False,False,0,0.0,
2569,Rev4,4,W089,AE-3200,CH-A,EDG-10,Edge,0.84,294.5,73.52,72.02,68.47,471.9,True,True,True,False,0,0.0,
2570,Rev4,4,W089,AE-3200,CH-A,EDG-11,Edge,0.84,327.3,75.17,75.18,67.75,460.2,True,False,True,False,0,0.0,
2571,Rev4,4,W089,AE-3200,CH-A,EXT-01,Extreme Edge,0.96,16.4,73.26,71.84,73.27,457.8,True,True,False,False,0,0.0,
2572,Rev4,4,W089,AE-3200,CH-A,EXT-02,Extreme Edge,0.96,49.1,74.3,72.21,68.35,412.4,True,True,True,True,1,5.7,
2573,Rev4,4,W089,AE-3200,CH-A,EXT-03,Extreme Edge,0.96,81.8,73.56,74.84,68.66,433.0,True,False,True,True,0,0.0,
2574,Rev4,4,W089,AE-3200,CH-A,EXT-04,Extreme Edge,0.96,114.5,75.32,72.81,68.94,443.1,False,False,True,True,1,6.18,polymer_residue
2575,Rev4,4,W089,AE-3200,CH-A,EXT-05,Extreme Edge,0.96,147.3,71.24,73.25,78.12,458.7,True,False,False,False,1,6.19,
2576,Rev4,4,W089,AE-3200,CH-A,EXT-06,Extreme Edge,0.96,180.0,73.94,75.06,74.76,501.7,True,False,False,False,2,11.28,pressure_spike
2577,Rev4,4,W089,AE-3200,CH-A,EXT-07,Extreme Edge,0.96,212.7,72.75,74.0,70.04,462.8,True,False,True,False,0,0.0,
2578,Rev4,4,W089,AE-3200,CH-A,EXT-08,Extreme Edge,0.96,245.5,72.99,74.21,67.83,488.3,True,False,True,False,0,0.0,
2579,Rev4,4,W089,AE-3200,CH-A,EXT-09,Extreme Edge,0.96,278.2,75.73,73.55,66.71,497.5,False,False,True,False,0,0.0,
2580,Rev4,4,W089,AE-3200,CH-A,EXT-10,Extreme Edge,0.96,310.9,72.59,72.66,67.96,439.2,True,True,True,True,0,0.0,
2581,Rev4,4,W089,AE-3200,CH-A,EXT-11,Extreme Edge,0.96,343.6,74.1,74.89,71.86,427.6,True,False,False,True,1,3.47,pressure_spike
2582,Rev3,3,W090,PX-7500,CH-D,C1,Center,0.0,0.0,70.56,69.9,63.68,398.6,True,True,True,True,0,0.0,
2583,Rev3,3,W090,PX-7500,CH-D,MID-01,Mid,0.52,30.0,72.58,70.33,66.45,448.8,True,True,True,True,1,5.08,
2584,Rev3,3,W090,PX-7500,CH-D,MID-02,Mid,0.52,90.0,73.2,72.02,62.33,422.4,True,True,True,True,0,0.0,
2585,Rev3,3,W090,PX-7500,CH-D,MID-03,Mid,0.52,150.0,74.3,69.81,63.31,455.5,True,True,True,False,0,0.0,
2586,Rev3,3,W090,PX-7500,CH-D,MID-04,Mid,0.52,210.0,73.09,66.96,60.42,433.8,True,True,True,True,0,0.0,
2587,Rev3,3,W090,PX-7500,CH-D,MID-05,Mid,0.52,270.0,73.95,70.25,63.6,454.5,True,True,True,False,1,1.81,
2588,Rev3,3,W090,PX-7500,CH-D,MID-06,Mid,0.52,330.0,71.69,66.62,64.31,449.4,True,True,True,True,0,0.0,
2589,Rev3,3,W090,PX-7500,CH-D,EDG-01,Edge,0.84,0.0,73.91,68.76,68.12,423.8,True,True,True,True,0,0.0,
2590,Rev3,3,W090,PX-7500,CH-D,EDG-02,Edge,0.84,32.7,72.88,73.08,66.03,445.8,True,False,True,True,0,0.0,
2591,Rev3,3,W090,PX-7500,CH-D,EDG-03,Edge,0.84,65.5,68.99,72.16,63.25,453.4,True,True,True,False,0,0.0,
2592,Rev3,3,W090,PX-7500,CH-D,EDG-04,Edge,0.84,98.2,74.24,72.43,66.01,449.9,True,True,True,True,1,6.42,
2593,Rev3,3,W090,PX-7500,CH-D,EDG-05,Edge,0.84,130.9,73.9,69.5,61.0,434.4,True,True,True,True,0,0.0,
2594,Rev3,3,W090,PX-7500,CH-D,EDG-06,Edge,0.84,163.6,75.73,71.68,60.72,435.6,False,True,True,True,0,0.0,
2595,Rev3,3,W090,PX-7500,CH-D,EDG-07,Edge,0.84,196.4,72.57,73.06,63.09,424.9,True,False,True,True,0,0.0,
2596,Rev3,3,W090,PX-7500,CH-D,EDG-08,Edge,0.84,229.1,76.42,70.88,68.97,430.2,False,True,True,True,0,0.0,
2597,Rev3,3,W090,PX-7500,CH-D,EDG-09,Edge,0.84,261.8,74.08,69.02,65.95,451.6,True,True,True,True,0,0.0,
2598,Rev3,3,W090,PX-7500,CH-D,EDG-10,Edge,0.84,294.5,74.08,73.09,63.76,473.1,True,False,True,False,0,0.0,
2599,Rev3,3,W090,PX-7500,CH-D,EDG-11,Edge,0.84,327.3,71.77,69.33,65.33,434.8,True,True,True,True,1,5.38,pressure_spike
2600,Rev3,3,W090,PX-7500,CH-D,EXT-01,Extreme Edge,0.96,16.4,74.6,74.88,66.07,466.4,True,False,True,False,0,0.0,
2601,Rev3,3,W090,PX-7500,CH-D,EXT-02,Extreme Edge,0.96,49.1,76.1,72.51,66.13,466.7,False,True,True,False,2,4.25,
2602,Rev3,3,W090,PX-7500,CH-D,EXT-03,Extreme Edge,0.96,81.8,72.99,71.41,65.03,472.5,True,True,True,False,2,6.82,
2603,Rev3,3,W090,PX-7500,CH-D,EXT-04,Extreme Edge,0.96,114.5,75.51,72.84,67.59,435.9,False,False,True,True,0,0.0,
2604,Rev3,3,W090,PX-7500,CH-D,EXT-05,Extreme Edge,0.96,147.3,74.83,72.27,67.24,453.4,True,True,True,False,1,2.29,pressure_spike
2605,Rev3,3,W090,PX-7500,CH-D,EXT-06,Extreme Edge,0.96,180.0,73.45,71.35,66.68,456.1,True,True,True,False,0,0.0,
2606,Rev3,3,W090,PX-7500,CH-D,EXT-07,Extreme Edge,0.96,212.7,74.55,71.51,69.02,463.9,True,True,True,False,2,3.62,
2607,Rev3,3,W090,PX-7500,CH-D,EXT-08,Extreme Edge,0.96,245.5,74.31,73.09,66.46,450.4,True,False,True,True,0,0.0,
2608,Rev3,3,W090,PX-7500,CH-D,EXT-09,Extreme Edge,0.96,278.2,74.9,69.98,68.15,446.0,True,True,True,True,1,3.11,
2609,Rev3,3,W090,PX-7500,CH-D,EXT-10,Extreme Edge,0.96,310.9,74.4,74.12,66.84,444.4,True,False,True,True,1,3.94,polymer_residue
2610,Rev3,3,W090,PX-7500,CH-D,EXT-11,Extreme Edge,0.96,343.6,75.54,71.86,67.89,456.2,False,True,True,False,2,12.74,pressure_spike
2611,Rev1,1,W091,AE-3200,CH-B,C1,Center,0.0,0.0,72.88,67.17,61.32,437.0,True,True,True,True,0,0.0,
2612,Rev1,1,W091,AE-3200,CH-B,MID-01,Mid,0.52,30.0,73.04,67.74,63.56,435.1,True,True,True,True,0,0.0,
2613,Rev1,1,W091,AE-3200,CH-B,MID-02,Mid,0.52,90.0,69.75,70.3,64.46,429.9,True,True,True,True,1,4.83,esc_temp_drift
2614,Rev1,1,W091,AE-3200,CH-B,MID-03,Mid,0.52,150.0,69.73,70.88,67.08,426.0,True,True,True,True,0,0.0,
2615,Rev1,1,W091,AE-3200,CH-B,MID-04,Mid,0.52,210.0,74.02,70.69,65.13,437.7,True,True,True,True,0,0.0,
2616,Rev1,1,W091,AE-3200,CH-B,MID-05,Mid,0.52,270.0,72.13,66.91,69.04,488.3,True,True,True,False,0,0.0,
2617,Rev1,1,W091,AE-3200,CH-B,MID-06,Mid,0.52,330.0,72.77,70.05,68.06,448.7,True,True,True,True,1,4.44,
2618,Rev1,1,W091,AE-3200,CH-B,EDG-01,Edge,0.84,0.0,72.23,70.51,64.71,456.1,True,True,True,False,0,0.0,
2619,Rev1,1,W091,AE-3200,CH-B,EDG-02,Edge,0.84,32.7,75.0,71.1,66.01,447.6,True,True,True,True,0,0.0,
2620,Rev1,1,W091,AE-3200,CH-B,EDG-03,Edge,0.84,65.5,72.75,69.4,63.52,476.7,True,True,True,False,1,5.7,
2621,Rev1,1,W091,AE-3200,CH-B,EDG-04,Edge,0.84,98.2,75.15,71.96,69.94,435.1,True,True,True,True,0,0.0,
2622,Rev1,1,W091,AE-3200,CH-B,EDG-05,Edge,0.84,130.9,75.92,71.97,68.68,460.2,False,True,True,False,0,0.0,
2623,Rev1,1,W091,AE-3200,CH-B,EDG-06,Edge,0.84,163.6,74.12,73.17,64.86,455.5,True,False,True,False,0,0.0,
2624,Rev1,1,W091,AE-3200,CH-B,EDG-07,Edge,0.84,196.4,77.02,73.78,67.03,426.2,False,False,True,True,0,0.0,
2625,Rev1,1,W091,AE-3200,CH-B,EDG-08,Edge,0.84,229.1,72.89,68.78,63.89,461.7,True,True,True,False,1,1.84,pressure_spike
2626,Rev1,1,W091,AE-3200,CH-B,EDG-09,Edge,0.84,261.8,74.26,70.18,71.13,455.9,True,True,False,False,0,0.0,
2627,Rev1,1,W091,AE-3200,CH-B,EDG-10,Edge,0.84,294.5,74.79,71.82,68.96,436.5,True,True,True,True,1,3.25,
2628,Rev1,1,W091,AE-3200,CH-B,EDG-11,Edge,0.84,327.3,72.5,69.33,63.06,445.8,True,True,True,True,1,2.89,
2629,Rev1,1,W091,AE-3200,CH-B,EXT-01,Extreme Edge,0.96,16.4,76.77,71.18,70.77,452.0,False,True,False,True,0,0.0,
2630,Rev1,1,W091,AE-3200,CH-B,EXT-02,Extreme Edge,0.96,49.1,73.76,72.6,66.31,463.9,True,True,True,False,1,6.01,
2631,Rev1,1,W091,AE-3200,CH-B,EXT-03,Extreme Edge,0.96,81.8,76.03,68.47,67.77,421.2,False,True,True,True,1,2.8,
2632,Rev1,1,W091,AE-3200,CH-B,EXT-04,Extreme Edge,0.96,114.5,74.22,70.92,71.07,511.5,True,True,False,False,0,0.0,
2633,Rev1,1,W091,AE-3200,CH-B,EXT-05,Extreme Edge,0.96,147.3,75.18,72.31,65.57,441.7,True,True,True,True,0,0.0,
2634,Rev1,1,W091,AE-3200,CH-B,EXT-06,Extreme Edge,0.96,180.0,73.75,71.34,71.81,452.4,True,True,False,False,1,3.95,polymer_residue
2635,Rev1,1,W091,AE-3200,CH-B,EXT-07,Extreme Edge,0.96,212.7,76.82,71.26,70.7,437.1,False,True,False,True,0,0.0,
2636,Rev1,1,W091,AE-3200,CH-B,EXT-08,Extreme Edge,0.96,245.5,71.54,70.73,67.83,450.1,True,True,True,True,0,0.0,
2637,Rev1,1,W091,AE-3200,CH-B,EXT-09,Extreme Edge,0.96,278.2,75.62,73.06,67.63,469.1,False,False,True,False,1,3.8,polymer_residue
2638,Rev1,1,W091,AE-3200,CH-B,EXT-10,Extreme Edge,0.96,310.9,73.94,70.32,68.02,459.0,True,True,True,False,1,4.85,polymer_residue
2639,Rev1,1,W091,AE-3200,CH-B,EXT-11,Extreme Edge,0.96,343.6,74.56,73.19,72.17,451.8,True,False,False,True,1,5.0,
2640,Rev11,11,W092,PX-7500,CH-D,C1,Center,0.0,0.0,69.93,70.01,68.89,392.0,True,True,True,True,0,0.0,
2641,Rev11,11,W092,PX-7500,CH-D,MID-01,Mid,0.52,30.0,72.79,67.58,66.72,446.5,True,True,True,True,0,0.0,
2642,Rev11,11,W092,PX-7500,CH-D,MID-02,Mid,0.52,90.0,74.47,68.74,57.01,381.5,True,True,False,True,1,5.62,
2643,Rev11,11,W092,PX-7500,CH-D,MID-03,Mid,0.52,150.0,72.32,64.16,59.03,411.5,True,False,False,True,0,0.0,
2644,Rev11,11,W092,PX-7500,CH-D,MID-04,Mid,0.52,210.0,74.17,68.93,64.79,421.7,True,True,True,True,0,0.0,
2645,Rev11,11,W092,PX-7500,CH-D,MID-05,Mid,0.52,270.0,72.87,66.95,64.2,390.4,True,True,True,True,0,0.0,
2646,Rev11,11,W092,PX-7500,CH-D,MID-06,Mid,0.52,330.0,72.93,66.45,67.51,407.9,True,True,True,True,0,0.0,
2647,Rev11,11,W092,PX-7500,CH-D,EDG-01,Edge,0.84,0.0,71.39,71.95,68.38,414.1,True,True,True,True,0,0.0,
2648,Rev11,11,W092,PX-7500,CH-D,EDG-02,Edge,0.84,32.7,73.37,69.45,64.26,439.1,True,True,True,True,1,4.07,polymer_residue
2649,Rev11,11,W092,PX-7500,CH-D,EDG-03,Edge,0.84,65.5,75.83,65.37,68.0,439.9,False,False,True,True,1,3.58,polymer_residue
2650,Rev11,11,W092,PX-7500,CH-D,EDG-04,Edge,0.84,98.2,75.14,68.08,64.32,419.3,True,True,True,True,0,0.0,
2651,Rev11,11,W092,PX-7500,CH-D,EDG-05,Edge,0.84,130.9,72.79,68.95,66.06,433.8,True,True,True,True,2,8.99,polymer_residue
2652,Rev11,11,W092,PX-7500,CH-D,EDG-06,Edge,0.84,163.6,72.93,68.45,75.48,409.9,True,True,False,True,2,13.0,
2653,Rev11,11,W092,PX-7500,CH-D,EDG-07,Edge,0.84,196.4,73.77,68.85,75.51,437.8,True,True,False,True,0,0.0,
2654,Rev11,11,W092,PX-7500,CH-D,EDG-08,Edge,0.84,229.1,76.1,69.09,75.97,422.5,False,True,False,True,1,5.47,
2655,Rev11,11,W092,PX-7500,CH-D,EDG-09,Edge,0.84,261.8,76.24,68.06,68.78,439.2,False,True,True,True,0,0.0,
2656,Rev11,11,W092,PX-7500,CH-D,EDG-10,Edge,0.84,294.5,74.89,71.66,68.09,452.3,True,True,True,False,0,0.0,
2657,Rev11,11,W092,PX-7500,CH-D,EDG-11,Edge,0.84,327.3,73.29,67.02,63.33,414.0,True,True,True,True,0,0.0,
2658,Rev11,11,W092,PX-7500,CH-D,EXT-01,Extreme Edge,0.96,16.4,73.82,68.39,64.13,394.8,True,True,True,True,1,5.5,
2659,Rev11,11,W092,PX-7500,CH-D,EXT-02,Extreme Edge,0.96,49.1,75.54,70.7,76.65,405.6,False,True,False,True,0,0.0,
2660,Rev11,11,W092,PX-7500,CH-D,EXT-03,Extreme Edge,0.96,81.8,77.12,72.26,65.4,419.7,False,True,True,True,0,0.0,
2661,Rev11,11,W092,PX-7500,CH-D,EXT-04,Extreme Edge,0.96,114.5,76.6,69.12,72.05,421.0,False,True,False,True,0,0.0,
2662,Rev11,11,W092,PX-7500,CH-D,EXT-05,Extreme Edge,0.96,147.3,76.36,68.93,72.66,405.6,False,True,False,True,3,14.46,
2663,Rev11,11,W092,PX-7500,CH-D,EXT-06,Extreme Edge,0.96,180.0,75.19,70.96,66.19,441.7,True,True,True,True,0,0.0,
2664,Rev11,11,W092,PX-7500,CH-D,EXT-07,Extreme Edge,0.96,212.7,76.73,71.39,67.28,408.4,False,True,True,True,0,0.0,
2665,Rev11,11,W092,PX-7500,CH-D,EXT-08,Extreme Edge,0.96,245.5,71.98,69.91,70.26,426.9,True,True,True,True,0,0.0,
2666,Rev11,11,W092,PX-7500,CH-D,EXT-09,Extreme Edge,0.96,278.2,76.75,68.94,71.14,440.4,False,True,False,True,0,0.0,
2667,Rev11,11,W092,PX-7500,CH-D,EXT-10,Extreme Edge,0.96,310.9,74.43,67.04,68.29,411.0,True,True,True,True,3,7.78,
2668,Rev11,11,W092,PX-7500,CH-D,EXT-11,Extreme Edge,0.96,343.6,76.19,68.92,71.12,396.7,False,True,False,True,0,0.0,
2669,Base,0,W093,AE-3200,CH-A,C1,Center,0.0,0.0,70.61,71.35,63.31,390.5,True,True,True,True,1,3.13,esc_temp_drift
2670,Base,0,W093,AE-3200,CH-A,MID-01,Mid,0.52,30.0,72.56,73.17,67.31,424.6,True,False,True,True,0,0.0,
2671,Base,0,W093,AE-3200,CH-A,MID-02,Mid,0.52,90.0,71.04,73.26,69.02,401.3,True,False,True,True,0,0.0,
2672,Base,0,W093,AE-3200,CH-A,MID-03,Mid,0.52,150.0,74.12,69.5,65.39,393.1,True,True,True,True,0,0.0,
2673,Base,0,W093,AE-3200,CH-A,MID-04,Mid,0.52,210.0,74.91,72.51,70.5,370.0,True,True,True,False,0,0.0,
2674,Base,0,W093,AE-3200,CH-A,MID-05,Mid,0.52,270.0,71.76,72.02,65.29,402.0,True,True,True,True,0,0.0,
2675,Base,0,W093,AE-3200,CH-A,MID-06,Mid,0.52,330.0,71.64,74.71,65.18,415.7,True,False,True,True,0,0.0,
2676,Base,0,W093,AE-3200,CH-A,EDG-01,Edge,0.84,0.0,73.23,75.84,64.85,443.6,True,False,True,True,1,6.24,polymer_residue
2677,Base,0,W093,AE-3200,CH-A,EDG-02,Edge,0.84,32.7,73.74,73.56,68.36,409.6,True,False,True,True,0,0.0,
2678,Base,0,W093,AE-3200,CH-A,EDG-03,Edge,0.84,65.5,73.78,73.56,71.94,433.8,True,False,False,True,0,0.0,
2679,Base,0,W093,AE-3200,CH-A,EDG-04,Edge,0.84,98.2,74.38,74.91,70.03,399.4,True,False,True,True,0,0.0,
2680,Base,0,W093,AE-3200,CH-A,EDG-05,Edge,0.84,130.9,73.23,74.42,68.16,431.8,True,False,True,True,0,0.0,
2681,Base,0,W093,AE-3200,CH-A,EDG-06,Edge,0.84,163.6,74.43,75.21,75.44,410.0,True,False,False,True,1,5.66,polymer_residue
2682,Base,0,W093,AE-3200,CH-A,EDG-07,Edge,0.84,196.4,74.84,72.83,69.86,403.0,True,False,True,True,1,3.0,polymer_residue
2683,Base,0,W093,AE-3200,CH-A,EDG-08,Edge,0.84,229.1,71.48,73.06,69.33,413.3,True,False,True,True,0,0.0,
2684,Base,0,W093,AE-3200,CH-A,EDG-09,Edge,0.84,261.8,75.1,72.18,68.44,396.0,True,True,True,True,1,3.49,polymer_residue
2685,Base,0,W093,AE-3200,CH-A,EDG-10,Edge,0.84,294.5,72.74,73.06,69.27,414.7,True,False,True,True,0,0.0,
2686,Base,0,W093,AE-3200,CH-A,EDG-11,Edge,0.84,327.3,70.51,73.8,71.26,468.2,True,False,False,False,0,0.0,
2687,Base,0,W093,AE-3200,CH-A,EXT-01,Extreme Edge,0.96,16.4,75.17,72.9,75.28,409.4,True,False,False,True,2,9.73,polymer_residue
2688,Base,0,W093,AE-3200,CH-A,EXT-02,Extreme Edge,0.96,49.1,74.78,75.81,65.21,416.0,True,False,True,True,0,0.0,
2689,Base,0,W093,AE-3200,CH-A,EXT-03,Extreme Edge,0.96,81.8,72.25,74.04,69.9,428.2,True,False,True,True,0,0.0,
2690,Base,0,W093,AE-3200,CH-A,EXT-04,Extreme Edge,0.96,114.5,73.66,75.52,73.82,432.6,True,False,False,True,2,8.6,polymer_residue
2691,Base,0,W093,AE-3200,CH-A,EXT-05,Extreme Edge,0.96,147.3,73.33,74.8,70.08,404.9,True,False,True,True,1,6.28,
2692,Base,0,W093,AE-3200,CH-A,EXT-06,Extreme Edge,0.96,180.0,75.08,75.68,74.29,393.1,True,False,False,True,1,5.37,pressure_spike
2693,Base,0,W093,AE-3200,CH-A,EXT-07,Extreme Edge,0.96,212.7,73.6,75.88,70.78,431.0,True,False,False,True,0,0.0,
2694,Base,0,W093,AE-3200,CH-A,EXT-08,Extreme Edge,0.96,245.5,72.71,74.04,67.4,410.0,True,False,True,True,0,0.0,
2695,Base,0,W093,AE-3200,CH-A,EXT-09,Extreme Edge,0.96,278.2,73.35,76.78,66.52,441.0,True,False,True,True,1,6.0,pressure_spike
2696,Base,0,W093,AE-3200,CH-A,EXT-10,Extreme Edge,0.96,310.9,73.3,75.76,67.35,408.7,True,False,True,True,0,0.0,
2697,Base,0,W093,AE-3200,CH-A,EXT-11,Extreme Edge,0.96,343.6,76.13,74.43,73.37,420.3,False,False,False,True,1,6.36,arc_event
2698,Rev4,4,W094,AE-3200,CH-A,C1,Center,0.0,0.0,74.36,72.28,65.52,425.7,True,True,True,True,0,0.0,
2699,Rev4,4,W094,AE-3200,CH-A,MID-01,Mid,0.52,30.0,71.66,70.93,67.13,463.0,True,True,True,False,1,4.5,
2700,Rev4,4,W094,AE-3200,CH-A,MID-02,Mid,0.52,90.0,74.97,71.91,68.1,458.7,True,True,True,False,0,0.0,
2701,Rev4,4,W094,AE-3200,CH-A,MID-03,Mid,0.52,150.0,74.39,70.4,63.75,419.0,True,True,True,True,0,0.0,
2702,Rev4,4,W094,AE-3200,CH-A,MID-04,Mid,0.52,210.0,74.42,70.92,65.23,423.8,True,True,True,True,0,0.0,
2703,Rev4,4,W094,AE-3200,CH-A,MID-05,Mid,0.52,270.0,72.84,72.5,68.31,452.9,True,True,True,False,2,8.14,
2704,Rev4,4,W094,AE-3200,CH-A,MID-06,Mid,0.52,330.0,73.66,70.3,63.1,426.4,True,True,True,True,0,0.0,
2705,Rev4,4,W094,AE-3200,CH-A,EDG-01,Edge,0.84,0.0,75.08,69.56,68.18,463.5,True,True,True,False,0,0.0,
2706,Rev4,4,W094,AE-3200,CH-A,EDG-02,Edge,0.84,32.7,75.1,72.31,67.67,473.4,True,True,True,False,0,0.0,
2707,Rev4,4,W094,AE-3200,CH-A,EDG-03,Edge,0.84,65.5,75.24,74.02,71.84,453.8,False,False,False,False,1,4.36,polymer_residue
2708,Rev4,4,W094,AE-3200,CH-A,EDG-04,Edge,0.84,98.2,75.91,71.39,65.11,435.8,False,True,True,True,1,6.25,polymer_residue
2709,Rev4,4,W094,AE-3200,CH-A,EDG-05,Edge,0.84,130.9,75.43,72.43,67.47,433.6,False,True,True,True,0,0.0,
2710,Rev4,4,W094,AE-3200,CH-A,EDG-06,Edge,0.84,163.6,74.98,73.81,66.15,454.8,True,False,True,False,1,2.64,
2711,Rev4,4,W094,AE-3200,CH-A,EDG-07,Edge,0.84,196.4,73.27,72.16,68.97,438.1,True,True,True,True,1,2.99,polymer_residue
2712,Rev4,4,W094,AE-3200,CH-A,EDG-08,Edge,0.84,229.1,75.82,68.67,64.83,464.7,False,True,True,False,0,0.0,
2713,Rev4,4,W094,AE-3200,CH-A,EDG-09,Edge,0.84,261.8,75.28,71.54,67.05,435.6,False,True,True,True,0,0.0,
2714,Rev4,4,W094,AE-3200,CH-A,EDG-10,Edge,0.84,294.5,73.77,71.74,64.99,468.7,True,True,True,False,0,0.0,
2715,Rev4,4,W094,AE-3200,CH-A,EDG-11,Edge,0.84,327.3,75.49,69.17,64.78,451.5,False,True,True,True,0,0.0,
2716,Rev4,4,W094,AE-3200,CH-A,EXT-01,Extreme Edge,0.96,16.4,76.12,67.11,63.71,430.6,False,True,True,True,2,6.46,polymer_residue
2717,Rev4,4,W094,AE-3200,CH-A,EXT-02,Extreme Edge,0.96,49.1,77.18,74.83,70.06,442.2,False,False,True,True,0,0.0,
2718,Rev4,4,W094,AE-3200,CH-A,EXT-03,Extreme Edge,0.96,81.8,77.09,72.12,67.25,471.2,False,True,True,False,1,4.96,pressure_spike
2719,Rev4,4,W094,AE-3200,CH-A,EXT-04,Extreme Edge,0.96,114.5,78.14,72.1,67.0,445.0,False,True,True,True,0,0.0,
2720,Rev4,4,W094,AE-3200,CH-A,EXT-05,Extreme Edge,0.96,147.3,74.61,69.56,72.78,459.9,True,True,False,False,0,0.0,
2721,Rev4,4,W094,AE-3200,CH-A,EXT-06,Extreme Edge,0.96,180.0,74.93,70.98,72.12,476.0,True,True,False,False,1,2.56,endpoint_late
2722,Rev4,4,W094,AE-3200,CH-A,EXT-07,Extreme Edge,0.96,212.7,73.71,73.31,67.66,435.6,True,False,True,True,1,5.7,
2723,Rev4,4,W094,AE-3200,CH-A,EXT-08,Extreme Edge,0.96,245.5,76.21,71.8,66.7,453.2,False,True,True,False,1,6.29,polymer_residue
2724,Rev4,4,W094,AE-3200,CH-A,EXT-09,Extreme Edge,0.96,278.2,75.83,72.14,65.17,416.6,False,True,True,True,0,0.0,
2725,Rev4,4,W094,AE-3200,CH-A,EXT-10,Extreme Edge,0.96,310.9,75.03,69.12,71.76,445.0,True,True,False,True,1,6.11,
2726,Rev4,4,W094,AE-3200,CH-A,EXT-11,Extreme Edge,0.96,343.6,76.24,69.44,67.47,439.4,False,True,True,True,0,0.0,
2727,Rev1,1,W095,AE-3200,CH-B,C1,Center,0.0,0.0,73.15,66.41,64.39,434.2,True,True,True,True,0,0.0,
2728,Rev1,1,W095,AE-3200,CH-B,MID-01,Mid,0.52,30.0,72.54,69.91,65.98,396.4,True,True,True,True,1,4.75,
2729,Rev1,1,W095,AE-3200,CH-B,MID-02,Mid,0.52,90.0,72.6,65.13,69.51,459.0,True,False,True,False,1,2.11,
2730,Rev1,1,W095,AE-3200,CH-B,MID-03,Mid,0.52,150.0,73.5,69.03,68.61,431.9,True,True,True,True,0,0.0,
2731,Rev1,1,W095,AE-3200,CH-B,MID-04,Mid,0.52,210.0,73.99,69.17,65.1,473.9,True,True,True,False,0,0.0,
2732,Rev1,1,W095,AE-3200,CH-B,MID-05,Mid,0.52,270.0,73.0,67.49,68.27,426.7,True,True,True,True,1,5.34,polymer_residue
2733,Rev1,1,W095,AE-3200,CH-B,MID-06,Mid,0.52,330.0,72.34,69.39,64.65,393.9,True,True,True,True,0,0.0,
2734,Rev1,1,W095,AE-3200,CH-B,EDG-01,Edge,0.84,0.0,73.78,70.34,66.06,429.9,True,True,True,True,1,6.46,arc_event
2735,Rev1,1,W095,AE-3200,CH-B,EDG-02,Edge,0.84,32.7,74.3,68.42,66.86,435.1,True,True,True,True,1,3.11,
2736,Rev1,1,W095,AE-3200,CH-B,EDG-03,Edge,0.84,65.5,72.8,72.06,70.74,435.3,True,True,False,True,0,0.0,
2737,Rev1,1,W095,AE-3200,CH-B,EDG-04,Edge,0.84,98.2,74.06,70.13,68.35,414.1,True,True,True,True,1,6.2,endpoint_late
2738,Rev1,1,W095,AE-3200,CH-B,EDG-05,Edge,0.84,130.9,74.48,70.91,69.57,444.9,True,True,True,True,1,2.2,polymer_residue
2739,Rev1,1,W095,AE-3200,CH-B,EDG-06,Edge,0.84,163.6,74.1,71.35,70.4,435.2,True,True,True,True,0,0.0,
2740,Rev1,1,W095,AE-3200,CH-B,EDG-07,Edge,0.84,196.4,72.79,71.17,69.74,470.4,True,True,True,False,0,0.0,
2741,Rev1,1,W095,AE-3200,CH-B,EDG-08,Edge,0.84,229.1,76.03,72.13,67.88,450.4,False,True,True,True,1,2.91,pressure_spike
2742,Rev1,1,W095,AE-3200,CH-B,EDG-09,Edge,0.84,261.8,75.5,72.03,67.7,444.5,False,True,True,True,2,7.89,esc_temp_drift
2743,Rev1,1,W095,AE-3200,CH-B,EDG-10,Edge,0.84,294.5,73.16,67.06,66.87,440.1,True,True,True,True,1,5.08,
2744,Rev1,1,W095,AE-3200,CH-B,EDG-11,Edge,0.84,327.3,74.45,70.33,67.1,474.9,True,True,True,False,0,0.0,
2745,Rev1,1,W095,AE-3200,CH-B,EXT-01,Extreme Edge,0.96,16.4,76.53,70.46,65.14,415.2,False,True,True,True,0,0.0,
2746,Rev1,1,W095,AE-3200,CH-B,EXT-02,Extreme Edge,0.96,49.1,76.8,73.02,66.28,455.2,False,False,True,False,1,4.91,polymer_residue
2747,Rev1,1,W095,AE-3200,CH-B,EXT-03,Extreme Edge,0.96,81.8,72.11,73.77,66.8,441.2,True,False,True,True,0,0.0,
2748,Rev1,1,W095,AE-3200,CH-B,EXT-04,Extreme Edge,0.96,114.5,73.86,69.03,69.75,455.6,True,True,True,False,2,9.45,polymer_residue
2749,Rev1,1,W095,AE-3200,CH-B,EXT-05,Extreme Edge,0.96,147.3,74.21,68.37,72.64,442.5,True,True,False,True,0,0.0,
2750,Rev1,1,W095,AE-3200,CH-B,EXT-06,Extreme Edge,0.96,180.0,76.11,72.59,71.08,446.4,False,True,False,True,0,0.0,
2751,Rev1,1,W095,AE-3200,CH-B,EXT-07,Extreme Edge,0.96,212.7,76.54,70.82,71.47,455.8,False,True,False,False,2,10.16,polymer_residue
2752,Rev1,1,W095,AE-3200,CH-B,EXT-08,Extreme Edge,0.96,245.5,74.19,71.76,69.38,449.8,True,True,True,True,2,5.15,arc_event
2753,Rev1,1,W095,AE-3200,CH-B,EXT-09,Extreme Edge,0.96,278.2,75.62,73.12,69.03,463.0,False,False,True,False,0,0.0,
2754,Rev1,1,W095,AE-3200,CH-B,EXT-10,Extreme Edge,0.96,310.9,75.27,69.03,72.03,420.5,False,True,False,True,0,0.0,
2755,Rev1,1,W095,AE-3200,CH-B,EXT-11,Extreme Edge,0.96,343.6,74.7,70.31,66.48,457.4,True,True,True,False,1,2.83,
2756,Base,0,W096,AE-3200,CH-A,C1,Center,0.0,0.0,71.36,72.32,68.98,417.5,True,True,True,True,0,0.0,
2757,Base,0,W096,AE-3200,CH-A,MID-01,Mid,0.52,30.0,71.32,72.67,70.73,434.3,True,True,False,True,0,0.0,
2758,Base,0,W096,AE-3200,CH-A,MID-02,Mid,0.52,90.0,72.64,70.8,68.33,467.1,True,True,True,False,0,0.0,
2759,Base,0,W096,AE-3200,CH-A,MID-03,Mid,0.52,150.0,72.68,73.26,62.25,420.3,True,False,True,True,0,0.0,
2760,Base,0,W096,AE-3200,CH-A,MID-04,Mid,0.52,210.0,73.73,72.31,71.72,443.4,True,True,False,True,0,0.0,
2761,Base,0,W096,AE-3200,CH-A,MID-05,Mid,0.52,270.0,73.04,72.19,63.2,458.9,True,True,True,False,0,0.0,
2762,Base,0,W096,AE-3200,CH-A,MID-06,Mid,0.52,330.0,73.11,74.36,74.87,430.3,True,False,False,True,0,0.0,
2763,Base,0,W096,AE-3200,CH-A,EDG-01,Edge,0.84,0.0,74.13,73.19,69.22,450.3,True,False,True,True,0,0.0,
2764,Base,0,W096,AE-3200,CH-A,EDG-02,Edge,0.84,32.7,72.82,73.2,72.26,433.2,True,False,False,True,2,3.94,
2765,Base,0,W096,AE-3200,CH-A,EDG-03,Edge,0.84,65.5,75.68,73.93,67.38,433.4,False,False,True,True,2,4.48,polymer_residue
2766,Base,0,W096,AE-3200,CH-A,EDG-04,Edge,0.84,98.2,73.96,73.71,67.73,442.2,True,False,True,True,1,5.2,polymer_residue
2767,Base,0,W096,AE-3200,CH-A,EDG-05,Edge,0.84,130.9,73.34,75.29,73.15,447.0,True,False,False,True,3,6.16,arc_event
2768,Base,0,W096,AE-3200,CH-A,EDG-06,Edge,0.84,163.6,72.76,74.5,67.82,434.9,True,False,True,True,1,3.23,polymer_residue
2769,Base,0,W096,AE-3200,CH-A,EDG-07,Edge,0.84,196.4,72.65,70.77,66.49,424.7,True,True,True,True,0,0.0,
2770,Base,0,W096,AE-3200,CH-A,EDG-08,Edge,0.84,229.1,74.14,73.87,71.96,466.9,True,False,False,False,0,0.0,
2771,Base,0,W096,AE-3200,CH-A,EDG-09,Edge,0.84,261.8,74.51,74.35,69.91,420.1,True,False,True,True,1,3.66,
2772,Base,0,W096,AE-3200,CH-A,EDG-10,Edge,0.84,294.5,74.46,75.79,65.69,483.7,True,False,True,False,1,5.4,
2773,Base,0,W096,AE-3200,CH-A,EDG-11,Edge,0.84,327.3,74.46,72.05,74.72,434.8,True,True,False,True,2,8.48,
2774,Base,0,W096,AE-3200,CH-A,EXT-01,Extreme Edge,0.96,16.4,73.99,73.59,73.79,439.9,True,False,False,True,1,3.71,esc_temp_drift
2775,Base,0,W096,AE-3200,CH-A,EXT-02,Extreme Edge,0.96,49.1,76.31,77.89,70.32,473.3,False,False,True,False,0,0.0,
2776,Base,0,W096,AE-3200,CH-A,EXT-03,Extreme Edge,0.96,81.8,74.64,71.87,72.7,457.8,True,True,False,False,0,0.0,
2777,Base,0,W096,AE-3200,CH-A,EXT-04,Extreme Edge,0.96,114.5,72.67,73.87,66.16,433.2,True,False,True,True,0,0.0,
2778,Base,0,W096,AE-3200,CH-A,EXT-05,Extreme Edge,0.96,147.3,72.98,73.56,67.9,476.0,True,False,True,False,0,0.0,
2779,Base,0,W096,AE-3200,CH-A,EXT-06,Extreme Edge,0.96,180.0,73.88,74.37,66.42,482.0,True,False,True,False,2,9.28,
2780,Base,0,W096,AE-3200,CH-A,EXT-07,Extreme Edge,0.96,212.7,73.96,73.78,69.39,462.5,True,False,True,False,0,0.0,
2781,Base,0,W096,AE-3200,CH-A,EXT-08,Extreme Edge,0.96,245.5,74.36,71.19,65.64,423.6,True,True,True,True,1,4.14,polymer_residue
2782,Base,0,W096,AE-3200,CH-A,EXT-09,Extreme Edge,0.96,278.2,73.32,72.8,70.43,479.6,True,False,True,False,1,3.24,
2783,Base,0,W096,AE-3200,CH-A,EXT-10,Extreme Edge,0.96,310.9,76.77,75.78,64.12,468.0,False,False,True,False,1,6.31,
2784,Base,0,W096,AE-3200,CH-A,EXT-11,Extreme Edge,0.96,343.6,74.11,72.86,72.79,463.3,True,False,False,False,2,11.35,endpoint_late
2785,Rev4,4,W097,AE-3200,CH-A,C1,Center,0.0,0.0,74.17,66.96,67.24,456.5,True,True,True,False,2,6.8,endpoint_late
2786,Rev4,4,W097,AE-3200,CH-A,MID-01,Mid,0.52,30.0,73.07,69.04,71.51,402.4,True,True,False,True,0,0.0,
2787,Rev4,4,W097,AE-3200,CH-A,MID-02,Mid,0.52,90.0,72.48,68.92,66.53,420.7,True,True,True,True,0,0.0,
2788,Rev4,4,W097,AE-3200,CH-A,MID-03,Mid,0.52,150.0,72.41,69.96,72.08,439.4,True,True,False,True,0,0.0,
2789,Rev4,4,W097,AE-3200,CH-A,MID-04,Mid,0.52,210.0,73.6,70.23,70.63,450.0,True,True,False,True,0,0.0,
2790,Rev4,4,W097,AE-3200,CH-A,MID-05,Mid,0.52,270.0,72.05,67.94,66.88,434.5,True,True,True,True,0,0.0,
2791,Rev4,4,W097,AE-3200,CH-A,MID-06,Mid,0.52,330.0,73.0,73.17,73.79,467.9,True,False,False,False,1,2.06,
2792,Rev4,4,W097,AE-3200,CH-A,EDG-01,Edge,0.84,0.0,74.54,73.28,71.21,411.2,True,False,False,True,1,4.24,arc_event
2793,Rev4,4,W097,AE-3200,CH-A,EDG-02,Edge,0.84,32.7,73.35,69.47,74.09,456.6,True,True,False,False,1,5.64,esc_temp_drift
2794,Rev4,4,W097,AE-3200,CH-A,EDG-03,Edge,0.84,65.5,74.89,69.81,69.09,436.8,True,True,True,True,0,0.0,
2795,Rev4,4,W097,AE-3200,CH-A,EDG-04,Edge,0.84,98.2,73.24,72.09,75.78,467.7,True,True,False,False,1,4.97,
2796,Rev4,4,W097,AE-3200,CH-A,EDG-05,Edge,0.84,130.9,76.85,69.47,73.36,434.8,False,True,False,True,0,0.0,
2797,Rev4,4,W097,AE-3200,CH-A,EDG-06,Edge,0.84,163.6,74.0,71.33,73.89,466.6,True,True,False,False,1,4.95,esc_temp_drift
2798,Rev4,4,W097,AE-3200,CH-A,EDG-07,Edge,0.84,196.4,75.75,71.57,72.98,473.1,False,True,False,False,1,6.34,
2799,Rev4,4,W097,AE-3200,CH-A,EDG-08,Edge,0.84,229.1,72.4,71.18,68.09,473.3,True,True,True,False,1,1.96,polymer_residue
2800,Rev4,4,W097,AE-3200,CH-A,EDG-09,Edge,0.84,261.8,74.02,71.94,65.87,437.8,True,True,True,True,1,6.15,
2801,Rev4,4,W097,AE-3200,CH-A,EDG-10,Edge,0.84,294.5,73.34,69.83,72.77,447.0,True,True,False,True,0,0.0,
2802,Rev4,4,W097,AE-3200,CH-A,EDG-11,Edge,0.84,327.3,74.41,69.46,75.18,437.4,True,True,False,True,1,5.32,
2803,Rev4,4,W097,AE-3200,CH-A,EXT-01,Extreme Edge,0.96,16.4,75.39,69.18,70.55,487.7,False,True,True,False,1,2.64,polymer_residue
2804,Rev4,4,W097,AE-3200,CH-A,EXT-02,Extreme Edge,0.96,49.1,73.54,73.38,73.57,506.2,True,False,False,False,2,4.38,
2805,Rev4,4,W097,AE-3200,CH-A,EXT-03,Extreme Edge,0.96,81.8,78.69,70.89,72.48,420.6,False,True,False,True,4,7.66,polymer_residue
2806,Rev4,4,W097,AE-3200,CH-A,EXT-04,Extreme Edge,0.96,114.5,75.14,72.37,69.06,443.4,True,True,True,True,0,0.0,
2807,Rev4,4,W097,AE-3200,CH-A,EXT-05,Extreme Edge,0.96,147.3,73.93,69.95,74.73,413.9,True,True,False,True,0,0.0,
2808,Rev4,4,W097,AE-3200,CH-A,EXT-06,Extreme Edge,0.96,180.0,73.36,69.7,69.79,460.9,True,True,True,False,0,0.0,
2809,Rev4,4,W097,AE-3200,CH-A,EXT-07,Extreme Edge,0.96,212.7,75.51,71.65,70.23,440.4,False,True,True,True,1,4.59,
2810,Rev4,4,W097,AE-3200,CH-A,EXT-08,Extreme Edge,0.96,245.5,76.08,71.9,72.93,480.2,False,True,False,False,1,3.75,polymer_residue
2811,Rev4,4,W097,AE-3200,CH-A,EXT-09,Extreme Edge,0.96,278.2,73.38,70.86,71.82,474.1,True,True,False,False,1,2.75,
2812,Rev4,4,W097,AE-3200,CH-A,EXT-10,Extreme Edge,0.96,310.9,73.77,71.38,67.81,431.5,True,True,True,True,0,0.0,
2813,Rev4,4,W097,AE-3200,CH-A,EXT-11,Extreme Edge,0.96,343.6,73.08,72.9,64.88,451.8,True,False,True,True,0,0.0,
2814,Rev8,8,W098,AE-3200,CH-A,C1,Center,0.0,0.0,73.93,70.84,63.11,386.0,True,True,True,True,0,0.0,
2815,Rev8,8,W098,AE-3200,CH-A,MID-01,Mid,0.52,30.0,73.43,71.36,67.22,407.8,True,True,True,True,1,2.1,
2816,Rev8,8,W098,AE-3200,CH-A,MID-02,Mid,0.52,90.0,76.0,70.21,66.71,437.3,False,True,True,True,0,0.0,
2817,Rev8,8,W098,AE-3200,CH-A,MID-03,Mid,0.52,150.0,74.67,70.08,68.91,429.5,True,True,True,True,0,0.0,
2818,Rev8,8,W098,AE-3200,CH-A,MID-04,Mid,0.52,210.0,76.22,72.57,63.39,387.8,False,True,True,True,2,8.24,
2819,Rev8,8,W098,AE-3200,CH-A,MID-05,Mid,0.52,270.0,71.46,71.36,62.47,426.2,True,True,True,True,0,0.0,
2820,Rev8,8,W098,AE-3200,CH-A,MID-06,Mid,0.52,330.0,76.24,73.28,69.19,426.4,False,False,True,True,0,0.0,
2821,Rev8,8,W098,AE-3200,CH-A,EDG-01,Edge,0.84,0.0,77.87,71.49,68.72,443.7,False,True,True,True,1,5.18,
2822,Rev8,8,W098,AE-3200,CH-A,EDG-02,Edge,0.84,32.7,76.52,73.35,66.46,424.6,False,False,True,True,0,0.0,
2823,Rev8,8,W098,AE-3200,CH-A,EDG-03,Edge,0.84,65.5,75.41,71.31,66.95,421.2,False,True,True,True,1,4.41,
2824,Rev8,8,W098,AE-3200,CH-A,EDG-04,Edge,0.84,98.2,72.58,71.07,63.72,420.1,True,True,True,True,1,4.19,pressure_spike
2825,Rev8,8,W098,AE-3200,CH-A,EDG-05,Edge,0.84,130.9,75.99,75.13,60.32,410.0,False,False,True,True,0,0.0,
2826,Rev8,8,W098,AE-3200,CH-A,EDG-06,Edge,0.84,163.6,74.14,74.53,65.84,415.8,True,False,True,True,0,0.0,
2827,Rev8,8,W098,AE-3200,CH-A,EDG-07,Edge,0.84,196.4,75.83,73.28,66.55,447.8,False,False,True,True,1,3.32,polymer_residue
2828,Rev8,8,W098,AE-3200,CH-A,EDG-08,Edge,0.84,229.1,76.5,71.05,66.67,407.8,False,True,True,True,0,0.0,
2829,Rev8,8,W098,AE-3200,CH-A,EDG-09,Edge,0.84,261.8,73.3,71.61,69.35,436.9,True,True,True,True,0,0.0,
2830,Rev8,8,W098,AE-3200,CH-A,EDG-10,Edge,0.84,294.5,75.8,73.45,68.45,442.4,False,False,True,True,0,0.0,
2831,Rev8,8,W098,AE-3200,CH-A,EDG-11,Edge,0.84,327.3,77.72,70.09,67.55,399.6,False,True,True,True,0,0.0,
2832,Rev8,8,W098,AE-3200,CH-A,EXT-01,Extreme Edge,0.96,16.4,74.87,72.24,69.41,418.3,True,True,True,True,1,5.64,polymer_residue
2833,Rev8,8,W098,AE-3200,CH-A,EXT-02,Extreme Edge,0.96,49.1,77.12,72.69,68.07,464.3,False,True,True,False,2,8.24,
2834,Rev8,8,W098,AE-3200,CH-A,EXT-03,Extreme Edge,0.96,81.8,74.91,74.74,71.96,438.4,True,False,False,True,1,5.25,
2835,Rev8,8,W098,AE-3200,CH-A,EXT-04,Extreme Edge,0.96,114.5,77.7,74.57,70.12,445.7,False,False,True,True,1,6.45,polymer_residue
2836,Rev8,8,W098,AE-3200,CH-A,EXT-05,Extreme Edge,0.96,147.3,77.51,72.18,70.13,452.0,False,True,True,True,0,0.0,
2837,Rev8,8,W098,AE-3200,CH-A,EXT-06,Extreme Edge,0.96,180.0,74.84,70.03,65.64,435.4,True,True,True,True,1,5.53,polymer_residue
2838,Rev8,8,W098,AE-3200,CH-A,EXT-07,Extreme Edge,0.96,212.7,75.22,73.35,68.06,429.4,False,False,True,True,0,0.0,
2839,Rev8,8,W098,AE-3200,CH-A,EXT-08,Extreme Edge,0.96,245.5,77.9,72.39,69.89,467.0,False,True,True,False,3,8.43,polymer_residue
2840,Rev8,8,W098,AE-3200,CH-A,EXT-09,Extreme Edge,0.96,278.2,77.19,76.0,70.86,449.9,False,False,False,True,1,3.7,polymer_residue
2841,Rev8,8,W098,AE-3200,CH-A,EXT-10,Extreme Edge,0.96,310.9,74.6,73.48,68.57,415.6,True,False,True,True,1,6.25,polymer_residue
2842,Rev8,8,W098,AE-3200,CH-A,EXT-11,Extreme Edge,0.96,343.6,76.34,73.4,71.2,447.5,False,False,False,True,0,0.0,
2843,Rev10,10,W099,PX-7500,CH-C,C1,Center,0.0,0.0,71.46,67.98,63.27,325.3,True,True,True,False,0,0.0,
2844,Rev10,10,W099,PX-7500,CH-C,MID-01,Mid,0.52,30.0,73.63,70.0,61.92,396.9,True,True,True,True,1,4.65,polymer_residue
2845,Rev10,10,W099,PX-7500,CH-C,MID-02,Mid,0.52,90.0,72.75,65.33,66.03,390.8,True,False,True,True,0,0.0,
2846,Rev10,10,W099,PX-7500,CH-C,MID-03,Mid,0.52,150.0,70.6,66.89,65.47,357.3,True,True,True,False,0,0.0,
2847,Rev10,10,W099,PX-7500,CH-C,MID-04,Mid,0.52,210.0,72.13,68.71,68.86,364.9,True,True,True,False,0,0.0,
2848,Rev10,10,W099,PX-7500,CH-C,MID-05,Mid,0.52,270.0,72.36,67.63,67.78,400.7,True,True,True,True,1,3.13,
2849,Rev10,10,W099,PX-7500,CH-C,MID-06,Mid,0.52,330.0,72.76,69.26,68.84,361.6,True,True,True,False,0,0.0,
2850,Rev10,10,W099,PX-7500,CH-C,EDG-01,Edge,0.84,0.0,75.98,69.9,65.75,384.8,False,True,True,True,1,5.46,
2851,Rev10,10,W099,PX-7500,CH-C,EDG-02,Edge,0.84,32.7,75.34,72.68,68.03,418.4,False,True,True,True,0,0.0,
2852,Rev10,10,W099,PX-7500,CH-C,EDG-03,Edge,0.84,65.5,72.8,69.03,69.15,389.0,True,True,True,True,0,0.0,
2853,Rev10,10,W099,PX-7500,CH-C,EDG-04,Edge,0.84,98.2,71.77,69.11,68.57,394.1,True,True,True,True,0,0.0,
2854,Rev10,10,W099,PX-7500,CH-C,EDG-05,Edge,0.84,130.9,74.73,71.62,68.61,389.5,True,True,True,True,0,0.0,
2855,Rev10,10,W099,PX-7500,CH-C,EDG-06,Edge,0.84,163.6,72.45,69.85,69.26,352.8,True,True,True,False,0,0.0,
2856,Rev10,10,W099,PX-7500,CH-C,EDG-07,Edge,0.84,196.4,76.21,69.98,68.95,321.9,False,True,True,False,1,5.11,
2857,Rev10,10,W099,PX-7500,CH-C,EDG-08,Edge,0.84,229.1,73.87,73.89,67.31,410.4,True,False,True,True,1,4.7,
2858,Rev10,10,W099,PX-7500,CH-C,EDG-09,Edge,0.84,261.8,72.37,70.19,70.85,402.3,True,True,False,True,0,0.0,
2859,Rev10,10,W099,PX-7500,CH-C,EDG-10,Edge,0.84,294.5,73.88,70.97,71.44,382.7,True,True,False,True,0,0.0,
2860,Rev10,10,W099,PX-7500,CH-C,EDG-11,Edge,0.84,327.3,72.71,71.46,66.17,393.4,True,True,True,True,0,0.0,
2861,Rev10,10,W099,PX-7500,CH-C,EXT-01,Extreme Edge,0.96,16.4,74.55,71.3,69.98,341.9,True,True,True,False,0,0.0,
2862,Rev10,10,W099,PX-7500,CH-C,EXT-02,Extreme Edge,0.96,49.1,77.35,70.95,70.68,407.4,False,True,False,True,2,4.73,polymer_residue
2863,Rev10,10,W099,PX-7500,CH-C,EXT-03,Extreme Edge,0.96,81.8,75.25,71.64,70.9,401.5,False,True,False,True,2,9.87,arc_event
2864,Rev10,10,W099,PX-7500,CH-C,EXT-04,Extreme Edge,0.96,114.5,74.77,70.89,76.03,410.9,True,True,False,True,1,3.4,
2865,Rev10,10,W099,PX-7500,CH-C,EXT-05,Extreme Edge,0.96,147.3,75.45,71.24,71.78,353.1,False,True,False,False,1,3.69,pressure_spike
2866,Rev10,10,W099,PX-7500,CH-C,EXT-06,Extreme Edge,0.96,180.0,75.85,71.12,72.49,359.9,False,True,False,False,0,0.0,
2867,Rev10,10,W099,PX-7500,CH-C,EXT-07,Extreme Edge,0.96,212.7,74.34,67.92,70.22,395.4,True,True,True,True,0,0.0,
2868,Rev10,10,W099,PX-7500,CH-C,EXT-08,Extreme Edge,0.96,245.5,74.2,72.37,66.77,405.6,True,True,True,True,0,0.0,
2869,Rev10,10,W099,PX-7500,CH-C,EXT-09,Extreme Edge,0.96,278.2,74.79,68.44,63.51,320.0,True,True,True,False,0,0.0,
2870,Rev10,10,W099,PX-7500,CH-C,EXT-10,Extreme Edge,0.96,310.9,73.59,71.3,68.5,405.7,True,True,True,True,1,2.6,
2871,Rev10,10,W099,PX-7500,CH-C,EXT-11,Extreme Edge,0.96,343.6,75.27,72.9,70.48,404.9,False,False,True,True,1,1.92,
2872,Rev3,3,W100,PX-7500,CH-D,C1,Center,0.0,0.0,74.22,70.22,67.43,415.6,True,True,True,True,0,0.0,
2873,Rev3,3,W100,PX-7500,CH-D,MID-01,Mid,0.52,30.0,74.01,71.44,61.36,408.8,True,True,True,True,0,0.0,
2874,Rev3,3,W100,PX-7500,CH-D,MID-02,Mid,0.52,90.0,75.0,68.84,65.55,414.5,True,True,True,True,0,0.0,
2875,Rev3,3,W100,PX-7500,CH-D,MID-03,Mid,0.52,150.0,74.22,69.92,65.62,430.0,True,True,True,True,0,0.0,
2876,Rev3,3,W100,PX-7500,CH-D,MID-04,Mid,0.52,210.0,76.27,70.43,63.16,398.1,False,True,True,True,0,0.0,
2877,Rev3,3,W100,PX-7500,CH-D,MID-05,Mid,0.52,270.0,73.61,67.7,61.73,414.9,True,True,True,True,0,0.0,
2878,Rev3,3,W100,PX-7500,CH-D,MID-06,Mid,0.52,330.0,72.49,67.64,62.36,416.7,True,True,True,True,1,2.04,polymer_residue
2879,Rev3,3,W100,PX-7500,CH-D,EDG-01,Edge,0.84,0.0,74.48,67.77,62.82,457.4,True,True,True,False,1,6.34,polymer_residue
2880,Rev3,3,W100,PX-7500,CH-D,EDG-02,Edge,0.84,32.7,75.28,74.85,65.64,435.1,False,False,True,True,0,0.0,
2881,Rev3,3,W100,PX-7500,CH-D,EDG-03,Edge,0.84,65.5,75.93,70.89,64.76,413.3,False,True,True,True,1,2.94,arc_event
2882,Rev3,3,W100,PX-7500,CH-D,EDG-04,Edge,0.84,98.2,72.8,70.45,66.48,399.8,True,True,True,True,0,0.0,
2883,Rev3,3,W100,PX-7500,CH-D,EDG-05,Edge,0.84,130.9,73.27,73.36,63.37,366.1,True,False,True,False,0,0.0,
2884,Rev3,3,W100,PX-7500,CH-D,EDG-06,Edge,0.84,163.6,74.03,76.16,65.28,421.2,True,False,True,True,0,0.0,
2885,Rev3,3,W100,PX-7500,CH-D,EDG-07,Edge,0.84,196.4,75.1,72.47,64.79,381.8,True,True,True,True,0,0.0,
2886,Rev3,3,W100,PX-7500,CH-D,EDG-08,Edge,0.84,229.1,74.64,73.43,60.49,453.8,True,False,True,False,2,10.06,polymer_residue
2887,Rev3,3,W100,PX-7500,CH-D,EDG-09,Edge,0.84,261.8,75.35,70.43,68.14,459.5,False,True,True,False,0,0.0,
2888,Rev3,3,W100,PX-7500,CH-D,EDG-10,Edge,0.84,294.5,72.95,71.26,60.19,402.5,True,True,True,True,0,0.0,
2889,Rev3,3,W100,PX-7500,CH-D,EDG-11,Edge,0.84,327.3,71.81,69.67,63.05,435.2,True,True,True,True,0,0.0,
2890,Rev3,3,W100,PX-7500,CH-D,EXT-01,Extreme Edge,0.96,16.4,72.89,71.13,62.88,411.2,True,True,True,True,2,12.92,pressure_spike
2891,Rev3,3,W100,PX-7500,CH-D,EXT-02,Extreme Edge,0.96,49.1,74.71,73.94,65.8,431.4,True,False,True,True,0,0.0,
2892,Rev3,3,W100,PX-7500,CH-D,EXT-03,Extreme Edge,0.96,81.8,76.5,71.44,65.33,408.2,False,True,True,True,1,1.84,polymer_residue
2893,Rev3,3,W100,PX-7500,CH-D,EXT-04,Extreme Edge,0.96,114.5,75.6,71.61,61.31,470.0,False,True,True,False,1,6.25,
2894,Rev3,3,W100,PX-7500,CH-D,EXT-05,Extreme Edge,0.96,147.3,73.86,73.14,64.78,409.8,True,False,True,True,1,2.19,
2895,Rev3,3,W100,PX-7500,CH-D,EXT-06,Extreme Edge,0.96,180.0,74.47,70.92,61.65,436.8,True,True,True,True,0,0.0,
2896,Rev3,3,W100,PX-7500,CH-D,EXT-07,Extreme Edge,0.96,212.7,75.18,72.93,67.42,435.6,True,False,True,True,1,4.23,
2897,Rev3,3,W100,PX-7500,CH-D,EXT-08,Extreme Edge,0.96,245.5,75.45,73.3,62.98,451.7,False,False,True,True,0,0.0,
2898,Rev3,3,W100,PX-7500,CH-D,EXT-09,Extreme Edge,0.96,278.2,72.82,71.47,62.39,438.0,True,True,True,True,0,0.0,
2899,Rev3,3,W100,PX-7500,CH-D,EXT-10,Extreme Edge,0.96,310.9,75.35,71.56,69.79,413.1,False,True,True,True,0,0.0,
2900,Rev3,3,W100,PX-7500,CH-D,EXT-11,Extreme Edge,0.96,343.6,74.7,70.87,63.91,404.7,True,True,True,True,1,6.22,pressure_spike
2901,Rev8,8,W101,AE-3200,CH-A,C1,Center,0.0,0.0,72.5,73.02,67.33,408.6,True,False,True,True,0,0.0,
2902,Rev8,8,W101,AE-3200,CH-A,MID-01,Mid,0.52,30.0,75.01,69.72,69.82,439.5,True,True,True,True,1,5.75,
2903,Rev8,8,W101,AE-3200,CH-A,MID-02,Mid,0.52,90.0,72.26,75.18,66.97,407.7,True,False,True,True,0,0.0,
2904,Rev8,8,W101,AE-3200,CH-A,MID-03,Mid,0.52,150.0,73.45,74.76,60.06,440.7,True,False,True,True,0,0.0,
2905,Rev8,8,W101,AE-3200,CH-A,MID-04,Mid,0.52,210.0,71.67,70.74,61.73,426.7,True,True,True,True,0,0.0,
2906,Rev8,8,W101,AE-3200,CH-A,MID-05,Mid,0.52,270.0,73.79,71.27,65.99,386.4,True,True,True,True,2,12.04,polymer_residue
2907,Rev8,8,W101,AE-3200,CH-A,MID-06,Mid,0.52,330.0,73.95,71.21,64.91,432.5,True,True,True,True,0,0.0,
2908,Rev8,8,W101,AE-3200,CH-A,EDG-01,Edge,0.84,0.0,73.05,72.72,67.06,437.0,True,True,True,True,1,3.97,pressure_spike
2909,Rev8,8,W101,AE-3200,CH-A,EDG-02,Edge,0.84,32.7,76.51,73.75,64.38,364.7,False,False,True,False,0,0.0,
2910,Rev8,8,W101,AE-3200,CH-A,EDG-03,Edge,0.84,65.5,71.59,73.36,65.46,438.5,True,False,True,True,1,2.64,
2911,Rev8,8,W101,AE-3200,CH-A,EDG-04,Edge,0.84,98.2,75.18,73.29,65.75,420.6,True,False,True,True,1,4.59,polymer_residue
2912,Rev8,8,W101,AE-3200,CH-A,EDG-05,Edge,0.84,130.9,75.2,73.6,65.4,441.5,False,False,True,True,1,5.55,
2913,Rev8,8,W101,AE-3200,CH-A,EDG-06,Edge,0.84,163.6,74.85,76.63,71.56,434.8,True,False,False,True,1,5.03,arc_event
2914,Rev8,8,W101,AE-3200,CH-A,EDG-07,Edge,0.84,196.4,74.98,73.27,63.48,386.8,True,False,True,True,0,0.0,
2915,Rev8,8,W101,AE-3200,CH-A,EDG-08,Edge,0.84,229.1,74.46,72.08,69.54,421.7,True,True,True,True,0,0.0,
2916,Rev8,8,W101,AE-3200,CH-A,EDG-09,Edge,0.84,261.8,75.84,70.58,69.1,398.4,False,True,True,True,1,6.1,polymer_residue
2917,Rev8,8,W101,AE-3200,CH-A,EDG-10,Edge,0.84,294.5,76.53,73.11,67.02,426.5,False,False,True,True,1,1.9,
2918,Rev8,8,W101,AE-3200,CH-A,EDG-11,Edge,0.84,327.3,74.06,72.5,68.92,423.7,True,True,True,True,0,0.0,
2919,Rev8,8,W101,AE-3200,CH-A,EXT-01,Extreme Edge,0.96,16.4,78.9,74.07,62.7,451.0,False,False,True,True,0,0.0,
2920,Rev8,8,W101,AE-3200,CH-A,EXT-02,Extreme Edge,0.96,49.1,76.54,71.34,68.33,445.2,False,True,True,True,0,0.0,
2921,Rev8,8,W101,AE-3200,CH-A,EXT-03,Extreme Edge,0.96,81.8,77.54,72.53,66.6,414.3,False,True,True,True,0,0.0,
2922,Rev8,8,W101,AE-3200,CH-A,EXT-04,Extreme Edge,0.96,114.5,73.29,72.64,66.63,413.7,True,True,True,True,0,0.0,
2923,Rev8,8,W101,AE-3200,CH-A,EXT-05,Extreme Edge,0.96,147.3,75.14,71.49,68.4,416.7,True,True,True,True,2,4.22,
2924,Rev8,8,W101,AE-3200,CH-A,EXT-06,Extreme Edge,0.96,180.0,75.67,72.69,68.05,407.9,False,True,True,True,1,2.68,
2925,Rev8,8,W101,AE-3200,CH-A,EXT-07,Extreme Edge,0.96,212.7,78.03,71.75,68.44,464.0,False,True,True,False,0,0.0,
2926,Rev8,8,W101,AE-3200,CH-A,EXT-08,Extreme Edge,0.96,245.5,77.31,76.12,71.37,476.7,False,False,False,False,0,0.0,
2927,Rev8,8,W101,AE-3200,CH-A,EXT-09,Extreme Edge,0.96,278.2,79.2,74.86,70.24,443.8,False,False,True,True,0,0.0,
2928,Rev8,8,W101,AE-3200,CH-A,EXT-10,Extreme Edge,0.96,310.9,74.94,72.92,70.63,441.1,True,False,False,True,0,0.0,
2929,Rev8,8,W101,AE-3200,CH-A,EXT-11,Extreme Edge,0.96,343.6,75.9,72.13,67.54,408.1,False,True,True,True,1,4.83,pressure_spike
2930,Rev8,8,W102,AE-3200,CH-A,C1,Center,0.0,0.0,73.24,71.5,67.44,373.1,True,True,True,False,0,0.0,
2931,Rev8,8,W102,AE-3200,CH-A,MID-01,Mid,0.52,30.0,77.4,72.81,68.87,410.7,False,False,True,True,0,0.0,
2932,Rev8,8,W102,AE-3200,CH-A,MID-02,Mid,0.52,90.0,72.89,68.87,66.68,409.2,True,True,True,True,0,0.0,
2933,Rev8,8,W102,AE-3200,CH-A,MID-03,Mid,0.52,150.0,74.54,72.11,64.92,449.1,True,True,True,True,0,0.0,
2934,Rev8,8,W102,AE-3200,CH-A,MID-04,Mid,0.52,210.0,72.23,72.2,62.04,413.5,True,True,True,True,0,0.0,
2935,Rev8,8,W102,AE-3200,CH-A,MID-05,Mid,0.52,270.0,74.27,73.29,66.64,425.3,True,False,True,True,0,0.0,
2936,Rev8,8,W102,AE-3200,CH-A,MID-06,Mid,0.52,330.0,72.03,70.37,63.48,411.0,True,True,True,True,1,5.46,
2937,Rev8,8,W102,AE-3200,CH-A,EDG-01,Edge,0.84,0.0,74.4,73.65,64.73,396.3,True,False,True,True,2,7.55,polymer_residue
2938,Rev8,8,W102,AE-3200,CH-A,EDG-02,Edge,0.84,32.7,74.87,72.63,67.71,409.9,True,True,True,True,0,0.0,
2939,Rev8,8,W102,AE-3200,CH-A,EDG-03,Edge,0.84,65.5,75.23,72.24,70.35,450.7,False,True,True,True,3,5.41,arc_event
2940,Rev8,8,W102,AE-3200,CH-A,EDG-04,Edge,0.84,98.2,75.07,73.09,60.92,421.7,True,False,True,True,0,0.0,
2941,Rev8,8,W102,AE-3200,CH-A,EDG-05,Edge,0.84,130.9,76.02,70.78,70.27,424.0,False,True,True,True,0,0.0,
2942,Rev8,8,W102,AE-3200,CH-A,EDG-06,Edge,0.84,163.6,74.46,74.81,63.16,423.7,True,False,True,True,1,5.96,esc_temp_drift
2943,Rev8,8,W102,AE-3200,CH-A,EDG-07,Edge,0.84,196.4,73.97,70.45,67.83,387.7,True,True,True,True,0,0.0,
2944,Rev8,8,W102,AE-3200,CH-A,EDG-08,Edge,0.84,229.1,73.8,70.34,66.63,431.0,True,True,True,True,0,0.0,
2945,Rev8,8,W102,AE-3200,CH-A,EDG-09,Edge,0.84,261.8,73.98,68.85,69.17,424.4,True,True,True,True,0,0.0,
2946,Rev8,8,W102,AE-3200,CH-A,EDG-10,Edge,0.84,294.5,74.48,71.47,69.36,448.7,True,True,True,True,0,0.0,
2947,Rev8,8,W102,AE-3200,CH-A,EDG-11,Edge,0.84,327.3,77.09,73.81,69.15,472.6,False,False,True,False,0,0.0,
2948,Rev8,8,W102,AE-3200,CH-A,EXT-01,Extreme Edge,0.96,16.4,77.7,75.07,67.57,435.6,False,False,True,True,1,4.02,polymer_residue
2949,Rev8,8,W102,AE-3200,CH-A,EXT-02,Extreme Edge,0.96,49.1,76.13,72.38,71.93,418.2,False,True,False,True,1,5.92,polymer_residue
2950,Rev8,8,W102,AE-3200,CH-A,EXT-03,Extreme Edge,0.96,81.8,73.8,72.08,68.7,429.3,True,True,True,True,0,0.0,
2951,Rev8,8,W102,AE-3200,CH-A,EXT-04,Extreme Edge,0.96,114.5,74.35,74.55,73.74,444.4,True,False,False,True,2,7.84,
2952,Rev8,8,W102,AE-3200,CH-A,EXT-05,Extreme Edge,0.96,147.3,77.02,72.5,72.55,432.1,False,True,False,True,0,0.0,
2953,Rev8,8,W102,AE-3200,CH-A,EXT-06,Extreme Edge,0.96,180.0,76.08,72.5,71.33,440.1,False,True,False,True,1,3.29,polymer_residue
2954,Rev8,8,W102,AE-3200,CH-A,EXT-07,Extreme Edge,0.96,212.7,74.76,73.78,70.13,428.8,True,False,True,True,0,0.0,
2955,Rev8,8,W102,AE-3200,CH-A,EXT-08,Extreme Edge,0.96,245.5,77.94,73.24,66.47,419.1,False,False,True,True,0,0.0,
2956,Rev8,8,W102,AE-3200,CH-A,EXT-09,Extreme Edge,0.96,278.2,73.56,73.6,66.58,436.6,True,False,True,True,1,2.67,polymer_residue
2957,Rev8,8,W102,AE-3200,CH-A,EXT-10,Extreme Edge,0.96,310.9,74.48,69.81,65.33,410.3,True,True,True,True,0,0.0,
2958,Rev8,8,W102,AE-3200,CH-A,EXT-11,Extreme Edge,0.96,343.6,78.99,72.06,69.03,455.3,False,True,True,False,2,4.54,endpoint_late
2959,Rev2,2,W103,PX-7500,CH-C,C1,Center,0.0,0.0,72.3,68.08,61.21,416.5,True,True,True,True,0,0.0,
2960,Rev2,2,W103,PX-7500,CH-C,MID-01,Mid,0.52,30.0,72.99,70.41,60.55,422.0,True,True,True,True,0,0.0,
2961,Rev2,2,W103,PX-7500,CH-C,MID-02,Mid,0.52,90.0,73.6,68.86,64.21,428.5,True,True,True,True,0,0.0,
2962,Rev2,2,W103,PX-7500,CH-C,MID-03,Mid,0.52,150.0,72.08,70.27,57.17,443.5,True,True,False,True,0,0.0,
2963,Rev2,2,W103,PX-7500,CH-C,MID-04,Mid,0.52,210.0,74.45,69.08,62.57,428.2,True,True,True,True,0,0.0,
2964,Rev2,2,W103,PX-7500,CH-C,MID-05,Mid,0.52,270.0,73.6,67.8,58.8,407.5,True,True,False,True,1,4.0,polymer_residue
2965,Rev2,2,W103,PX-7500,CH-C,MID-06,Mid,0.52,330.0,75.8,67.62,61.63,431.0,False,True,True,True,0,0.0,
2966,Rev2,2,W103,PX-7500,CH-C,EDG-01,Edge,0.84,0.0,73.51,70.54,63.47,429.1,True,True,True,True,2,11.28,
2967,Rev2,2,W103,PX-7500,CH-C,EDG-02,Edge,0.84,32.7,73.67,68.47,62.26,452.4,True,True,True,False,2,12.54,
2968,Rev2,2,W103,PX-7500,CH-C,EDG-03,Edge,0.84,65.5,73.57,72.71,64.12,426.4,True,True,True,True,0,0.0,
2969,Rev2,2,W103,PX-7500,CH-C,EDG-04,Edge,0.84,98.2,75.3,69.66,65.98,417.7,False,True,True,True,0,0.0,
2970,Rev2,2,W103,PX-7500,CH-C,EDG-05,Edge,0.84,130.9,75.62,70.78,62.78,428.5,False,True,True,True,1,4.0,polymer_residue
2971,Rev2,2,W103,PX-7500,CH-C,EDG-06,Edge,0.84,163.6,73.05,70.22,64.97,434.3,True,True,True,True,0,0.0,
2972,Rev2,2,W103,PX-7500,CH-C,EDG-07,Edge,0.84,196.4,73.9,68.04,61.53,465.8,True,True,True,False,0,0.0,
2973,Rev2,2,W103,PX-7500,CH-C,EDG-08,Edge,0.84,229.1,72.35,69.38,65.14,439.1,True,True,True,True,2,5.71,
2974,Rev2,2,W103,PX-7500,CH-C,EDG-09,Edge,0.84,261.8,73.33,70.23,59.73,437.3,True,True,True,True,0,0.0,
2975,Rev2,2,W103,PX-7500,CH-C,EDG-10,Edge,0.84,294.5,77.16,67.58,63.08,437.0,False,True,True,True,0,0.0,
2976,Rev2,2,W103,PX-7500,CH-C,EDG-11,Edge,0.84,327.3,72.86,69.93,61.42,416.8,True,True,True,True,0,0.0,
2977,Rev2,2,W103,PX-7500,CH-C,EXT-01,Extreme Edge,0.96,16.4,75.07,70.25,69.58,454.1,True,True,True,False,0,0.0,
2978,Rev2,2,W103,PX-7500,CH-C,EXT-02,Extreme Edge,0.96,49.1,73.36,70.39,66.12,448.1,True,True,True,True,1,3.78,polymer_residue
2979,Rev2,2,W103,PX-7500,CH-C,EXT-03,Extreme Edge,0.96,81.8,75.35,71.19,65.14,400.6,False,True,True,True,0,0.0,
2980,Rev2,2,W103,PX-7500,CH-C,EXT-04,Extreme Edge,0.96,114.5,72.88,73.74,63.31,454.8,True,False,True,False,2,12.4,
2981,Rev2,2,W103,PX-7500,CH-C,EXT-05,Extreme Edge,0.96,147.3,77.41,71.86,63.59,447.6,False,True,True,True,0,0.0,
2982,Rev2,2,W103,PX-7500,CH-C,EXT-06,Extreme Edge,0.96,180.0,74.41,71.84,64.08,446.2,True,True,True,True,1,4.89,arc_event
2983,Rev2,2,W103,PX-7500,CH-C,EXT-07,Extreme Edge,0.96,212.7,76.67,71.63,67.11,432.0,False,True,True,True,1,5.28,polymer_residue
2984,Rev2,2,W103,PX-7500,CH-C,EXT-08,Extreme Edge,0.96,245.5,72.57,71.94,63.89,443.3,True,True,True,True,1,2.04,
2985,Rev2,2,W103,PX-7500,CH-C,EXT-09,Extreme Edge,0.96,278.2,72.72,67.81,66.83,393.4,True,True,True,True,3,7.75,polymer_residue
2986,Rev2,2,W103,PX-7500,CH-C,EXT-10,Extreme Edge,0.96,310.9,75.0,69.62,63.53,450.6,True,True,True,True,0,0.0,
2987,Rev2,2,W103,PX-7500,CH-C,EXT-11,Extreme Edge,0.96,343.6,74.31,68.92,64.22,433.2,True,True,True,True,1,2.26,esc_temp_drift
2988,Rev2,2,W104,PX-7500,CH-C,C1,Center,0.0,0.0,70.02,69.16,63.15,412.7,True,True,True,True,0,0.0,
2989,Rev2,2,W104,PX-7500,CH-C,MID-01,Mid,0.52,30.0,70.45,68.39,64.85,422.3,True,True,True,True,0,0.0,
2990,Rev2,2,W104,PX-7500,CH-C,MID-02,Mid,0.52,90.0,69.88,67.56,61.7,444.8,True,True,True,True,0,0.0,
2991,Rev2,2,W104,PX-7500,CH-C,MID-03,Mid,0.52,150.0,71.5,66.91,62.27,452.8,True,True,True,False,1,3.7,
2992,Rev2,2,W104,PX-7500,CH-C,MID-04,Mid,0.52,210.0,69.81,69.11,67.4,390.5,True,True,True,True,0,0.0,
2993,Rev2,2,W104,PX-7500,CH-C,MID-05,Mid,0.52,270.0,70.29,72.13,66.81,407.4,True,True,True,True,1,3.77,
2994,Rev2,2,W104,PX-7500,CH-C,MID-06,Mid,0.52,330.0,70.98,68.23,65.21,394.9,True,True,True,True,0,0.0,
2995,Rev2,2,W104,PX-7500,CH-C,EDG-01,Edge,0.84,0.0,72.32,68.58,66.22,425.7,True,True,True,True,0,0.0,
2996,Rev2,2,W104,PX-7500,CH-C,EDG-02,Edge,0.84,32.7,73.18,70.99,69.6,439.6,True,True,True,True,1,2.98,endpoint_late
2997,Rev2,2,W104,PX-7500,CH-C,EDG-03,Edge,0.84,65.5,70.19,67.83,65.07,423.3,True,True,True,True,0,0.0,
2998,Rev2,2,W104,PX-7500,CH-C,EDG-04,Edge,0.84,98.2,71.25,69.99,63.94,434.5,True,True,True,True,1,4.75,polymer_residue
2999,Rev2,2,W104,PX-7500,CH-C,EDG-05,Edge,0.84,130.9,72.34,70.22,63.06,405.3,True,True,True,True,0,0.0,
3000,Rev2,2,W104,PX-7500,CH-C,EDG-06,Edge,0.84,163.6,72.23,70.06,66.12,420.0,True,True,True,True,0,0.0,
3001,Rev2,2,W104,PX-7500,CH-C,EDG-07,Edge,0.84,196.4,70.73,67.88,65.72,435.5,True,True,True,True,1,2.12,
3002,Rev2,2,W104,PX-7500,CH-C,EDG-08,Edge,0.84,229.1,73.14,70.95,65.9,452.3,True,True,True,False,0,0.0,
3003,Rev2,2,W104,PX-7500,CH-C,EDG-09,Edge,0.84,261.8,73.22,70.86,64.27,431.6,True,True,True,True,0,0.0,
3004,Rev2,2,W104,PX-7500,CH-C,EDG-10,Edge,0.84,294.5,69.09,70.04,73.94,457.2,True,True,False,False,0,0.0,
3005,Rev2,2,W104,PX-7500,CH-C,EDG-11,Edge,0.84,327.3,71.69,68.89,69.99,415.8,True,True,True,True,0,0.0,
3006,Rev2,2,W104,PX-7500,CH-C,EXT-01,Extreme Edge,0.96,16.4,74.51,73.22,69.63,425.1,True,False,True,True,0,0.0,
3007,Rev2,2,W104,PX-7500,CH-C,EXT-02,Extreme Edge,0.96,49.1,72.23,69.09,69.3,426.9,True,True,True,True,0,0.0,
3008,Rev2,2,W104,PX-7500,CH-C,EXT-03,Extreme Edge,0.96,81.8,74.12,70.86,68.55,440.8,True,True,True,True,2,7.95,
3009,Rev2,2,W104,PX-7500,CH-C,EXT-04,Extreme Edge,0.96,114.5,73.87,71.57,69.84,418.6,True,True,True,True,0,0.0,
3010,Rev2,2,W104,PX-7500,CH-C,EXT-05,Extreme Edge,0.96,147.3,72.18,73.67,70.59,473.7,True,False,True,False,2,5.44,
3011,Rev2,2,W104,PX-7500,CH-C,EXT-06,Extreme Edge,0.96,180.0,74.28,69.95,69.37,410.2,True,True,True,True,0,0.0,
3012,Rev2,2,W104,PX-7500,CH-C,EXT-07,Extreme Edge,0.96,212.7,73.58,70.32,65.18,421.0,True,True,True,True,0,0.0,
3013,Rev2,2,W104,PX-7500,CH-C,EXT-08,Extreme Edge,0.96,245.5,74.39,69.92,64.67,415.0,True,True,True,True,0,0.0,
3014,Rev2,2,W104,PX-7500,CH-C,EXT-09,Extreme Edge,0.96,278.2,74.22,70.74,69.42,426.7,True,True,True,True,0,0.0,
3015,Rev2,2,W104,PX-7500,CH-C,EXT-10,Extreme Edge,0.96,310.9,69.76,70.0,66.71,455.9,True,True,True,False,0,0.0,
3016,Rev2,2,W104,PX-7500,CH-C,EXT-11,Extreme Edge,0.96,343.6,70.88,70.88,66.1,429.9,True,True,True,True,0,0.0,
3017,Rev3,3,W105,PX-7500,CH-D,C1,Center,0.0,0.0,72.79,70.77,63.9,416.0,True,True,True,True,0,0.0,
3018,Rev3,3,W105,PX-7500,CH-D,MID-01,Mid,0.52,30.0,73.59,71.95,62.89,438.3,True,True,True,True,0,0.0,
3019,Rev3,3,W105,PX-7500,CH-D,MID-02,Mid,0.52,90.0,75.26,71.2,66.38,457.5,False,True,True,False,0,0.0,
3020,Rev3,3,W105,PX-7500,CH-D,MID-03,Mid,0.52,150.0,75.26,69.21,67.81,424.6,False,True,True,True,0,0.0,
3021,Rev3,3,W105,PX-7500,CH-D,MID-04,Mid,0.52,210.0,71.87,69.56,65.16,401.6,True,True,True,True,1,3.92,
3022,Rev3,3,W105,PX-7500,CH-D,MID-05,Mid,0.52,270.0,70.74,71.81,65.93,458.0,True,True,True,False,0,0.0,
3023,Rev3,3,W105,PX-7500,CH-D,MID-06,Mid,0.52,330.0,74.6,71.06,65.03,468.1,True,True,True,False,0,0.0,
3024,Rev3,3,W105,PX-7500,CH-D,EDG-01,Edge,0.84,0.0,74.28,72.76,70.15,432.8,True,True,True,True,0,0.0,
3025,Rev3,3,W105,PX-7500,CH-D,EDG-02,Edge,0.84,32.7,74.52,73.03,65.98,453.5,True,False,True,False,1,6.06,
3026,Rev3,3,W105,PX-7500,CH-D,EDG-03,Edge,0.84,65.5,74.65,70.96,67.3,430.3,True,True,True,True,0,0.0,
3027,Rev3,3,W105,PX-7500,CH-D,EDG-04,Edge,0.84,98.2,75.17,71.54,65.55,447.7,True,True,True,True,0,0.0,
3028,Rev3,3,W105,PX-7500,CH-D,EDG-05,Edge,0.84,130.9,76.12,73.26,73.12,452.5,False,False,False,False,0,0.0,
3029,Rev3,3,W105,PX-7500,CH-D,EDG-06,Edge,0.84,163.6,75.66,68.8,66.66,461.3,False,True,True,False,1,4.7,
3030,Rev3,3,W105,PX-7500,CH-D,EDG-07,Edge,0.84,196.4,75.85,73.42,62.99,493.4,False,False,True,False,2,5.04,
3031,Rev3,3,W105,PX-7500,CH-D,EDG-08,Edge,0.84,229.1,76.16,72.94,71.04,443.4,False,False,False,True,1,2.64,polymer_residue
3032,Rev3,3,W105,PX-7500,CH-D,EDG-09,Edge,0.84,261.8,77.66,72.29,71.8,409.5,False,True,False,True,1,2.54,polymer_residue
3033,Rev3,3,W105,PX-7500,CH-D,EDG-10,Edge,0.84,294.5,73.64,72.58,65.96,469.5,True,True,True,False,1,2.19,polymer_residue
3034,Rev3,3,W105,PX-7500,CH-D,EDG-11,Edge,0.84,327.3,71.01,72.42,68.77,456.0,True,True,True,False,0,0.0,
3035,Rev3,3,W105,PX-7500,CH-D,EXT-01,Extreme Edge,0.96,16.4,77.01,71.03,67.9,423.2,False,True,True,True,0,0.0,
3036,Rev3,3,W105,PX-7500,CH-D,EXT-02,Extreme Edge,0.96,49.1,75.64,69.5,69.72,445.0,False,True,True,True,0,0.0,
3037,Rev3,3,W105,PX-7500,CH-D,EXT-03,Extreme Edge,0.96,81.8,75.05,73.02,68.91,434.7,True,False,True,True,3,16.47,pressure_spike
3038,Rev3,3,W105,PX-7500,CH-D,EXT-04,Extreme Edge,0.96,114.5,73.13,74.49,67.34,444.6,True,False,True,True,1,3.53,
3039,Rev3,3,W105,PX-7500,CH-D,EXT-05,Extreme Edge,0.96,147.3,74.19,70.22,62.35,452.5,True,True,True,False,1,5.33,
3040,Rev3,3,W105,PX-7500,CH-D,EXT-06,Extreme Edge,0.96,180.0,74.56,71.18,71.11,451.5,True,True,False,True,1,4.33,
3041,Rev3,3,W105,PX-7500,CH-D,EXT-07,Extreme Edge,0.96,212.7,76.12,72.54,69.06,470.1,False,True,True,False,0,0.0,
3042,Rev3,3,W105,PX-7500,CH-D,EXT-08,Extreme Edge,0.96,245.5,75.34,71.19,70.08,467.2,False,True,True,False,0,0.0,
3043,Rev3,3,W105,PX-7500,CH-D,EXT-09,Extreme Edge,0.96,278.2,76.63,72.92,67.09,438.9,False,False,True,True,1,4.51,arc_event
3044,Rev3,3,W105,PX-7500,CH-D,EXT-10,Extreme Edge,0.96,310.9,74.79,70.3,67.82,439.9,True,True,True,True,0,0.0,
3045,Rev3,3,W105,PX-7500,CH-D,EXT-11,Extreme Edge,0.96,343.6,75.52,73.54,68.01,439.3,False,False,True,True,1,3.61,
3046,Rev4,4,W106,AE-3200,CH-A,C1,Center,0.0,0.0,73.08,70.27,61.36,447.8,True,True,True,True,0,0.0,
3047,Rev4,4,W106,AE-3200,CH-A,MID-01,Mid,0.52,30.0,74.57,68.89,72.97,442.3,True,True,False,True,0,0.0,
3048,Rev4,4,W106,AE-3200,CH-A,MID-02,Mid,0.52,90.0,75.01,70.56,70.91,460.4,True,True,False,False,0,0.0,
3049,Rev4,4,W106,AE-3200,CH-A,MID-03,Mid,0.52,150.0,70.02,71.89,67.06,448.5,True,True,True,True,0,0.0,
3050,Rev4,4,W106,AE-3200,CH-A,MID-04,Mid,0.52,210.0,74.27,71.65,69.38,442.2,True,True,True,True,1,4.97,endpoint_late
3051,Rev4,4,W106,AE-3200,CH-A,MID-05,Mid,0.52,270.0,71.42,73.4,68.44,447.1,True,False,True,True,0,0.0,
3052,Rev4,4,W106,AE-3200,CH-A,MID-06,Mid,0.52,330.0,72.07,70.64,64.7,465.5,True,True,True,False,0,0.0,
3053,Rev4,4,W106,AE-3200,CH-A,EDG-01,Edge,0.84,0.0,74.81,73.28,60.56,475.2,True,False,True,False,0,0.0,
3054,Rev4,4,W106,AE-3200,CH-A,EDG-02,Edge,0.84,32.7,75.8,74.34,59.01,483.7,False,False,False,False,2,11.72,pressure_spike
3055,Rev4,4,W106,AE-3200,CH-A,EDG-03,Edge,0.84,65.5,73.85,73.3,64.47,458.4,True,False,True,False,0,0.0,
3056,Rev4,4,W106,AE-3200,CH-A,EDG-04,Edge,0.84,98.2,75.79,70.83,67.35,478.9,False,True,True,False,1,5.14,polymer_residue
3057,Rev4,4,W106,AE-3200,CH-A,EDG-05,Edge,0.84,130.9,77.02,73.1,62.65,456.2,False,False,True,False,0,0.0,
3058,Rev4,4,W106,AE-3200,CH-A,EDG-06,Edge,0.84,163.6,73.79,74.91,69.25,455.0,True,False,True,False,1,5.14,polymer_residue
3059,Rev4,4,W106,AE-3200,CH-A,EDG-07,Edge,0.84,196.4,77.12,71.41,64.37,476.2,False,True,True,False,0,0.0,
3060,Rev4,4,W106,AE-3200,CH-A,EDG-08,Edge,0.84,229.1,76.85,73.75,69.33,410.6,False,False,True,True,0,0.0,
3061,Rev4,4,W106,AE-3200,CH-A,EDG-09,Edge,0.84,261.8,72.54,72.43,63.5,406.8,True,True,True,True,0,0.0,
3062,Rev4,4,W106,AE-3200,CH-A,EDG-10,Edge,0.84,294.5,72.76,75.03,64.26,442.8,True,False,True,True,0,0.0,
3063,Rev4,4,W106,AE-3200,CH-A,EDG-11,Edge,0.84,327.3,76.87,70.73,62.19,478.7,False,True,True,False,1,4.26,
3064,Rev4,4,W106,AE-3200,CH-A,EXT-01,Extreme Edge,0.96,16.4,75.11,73.07,75.16,482.4,True,False,False,False,0,0.0,
3065,Rev4,4,W106,AE-3200,CH-A,EXT-02,Extreme Edge,0.96,49.1,74.64,71.51,74.74,501.8,True,True,False,False,1,3.13,polymer_residue
3066,Rev4,4,W106,AE-3200,CH-A,EXT-03,Extreme Edge,0.96,81.8,75.78,72.83,69.75,448.2,False,False,True,True,1,3.86,
3067,Rev4,4,W106,AE-3200,CH-A,EXT-04,Extreme Edge,0.96,114.5,76.39,70.87,73.25,438.0,False,True,False,True,0,0.0,
3068,Rev4,4,W106,AE-3200,CH-A,EXT-05,Extreme Edge,0.96,147.3,74.26,72.83,69.03,435.9,True,False,True,True,0,0.0,
3069,Rev4,4,W106,AE-3200,CH-A,EXT-06,Extreme Edge,0.96,180.0,74.71,72.89,69.86,458.6,True,False,True,False,2,11.45,arc_event
3070,Rev4,4,W106,AE-3200,CH-A,EXT-07,Extreme Edge,0.96,212.7,73.88,72.68,69.08,451.4,True,True,True,True,0,0.0,
3071,Rev4,4,W106,AE-3200,CH-A,EXT-08,Extreme Edge,0.96,245.5,76.46,72.04,64.71,434.6,False,True,True,True,0,0.0,
3072,Rev4,4,W106,AE-3200,CH-A,EXT-09,Extreme Edge,0.96,278.2,74.91,73.05,68.85,448.3,True,False,True,True,0,0.0,
3073,Rev4,4,W106,AE-3200,CH-A,EXT-10,Extreme Edge,0.96,310.9,75.4,72.23,67.11,456.8,False,True,True,False,2,7.0,polymer_residue
3074,Rev4,4,W106,AE-3200,CH-A,EXT-11,Extreme Edge,0.96,343.6,74.53,73.25,72.24,463.8,True,False,False,False,1,4.22,
3075,Rev11,11,W107,PX-7500,CH-D,C1,Center,0.0,0.0,70.16,67.47,71.49,371.3,True,True,False,False,0,0.0,
3076,Rev11,11,W107,PX-7500,CH-D,MID-01,Mid,0.52,30.0,71.71,66.19,70.12,375.7,True,True,True,False,1,3.75,
3077,Rev11,11,W107,PX-7500,CH-D,MID-02,Mid,0.52,90.0,73.14,67.03,69.49,438.0,True,True,True,True,0,0.0,
3078,Rev11,11,W107,PX-7500,CH-D,MID-03,Mid,0.52,150.0,73.54,68.84,69.6,413.4,True,True,True,True,0,0.0,
3079,Rev11,11,W107,PX-7500,CH-D,MID-04,Mid,0.52,210.0,73.68,66.42,70.22,427.0,True,True,True,True,0,0.0,
3080,Rev11,11,W107,PX-7500,CH-D,MID-05,Mid,0.52,270.0,71.91,66.78,71.72,442.3,True,True,False,True,0,0.0,
3081,Rev11,11,W107,PX-7500,CH-D,MID-06,Mid,0.52,330.0,71.53,66.49,71.25,471.2,True,True,False,False,0,0.0,
3082,Rev11,11,W107,PX-7500,CH-D,EDG-01,Edge,0.84,0.0,71.95,68.65,73.66,407.8,True,True,False,True,0,0.0,
3083,Rev11,11,W107,PX-7500,CH-D,EDG-02,Edge,0.84,32.7,73.26,68.47,72.25,430.0,True,True,False,True,1,2.85,esc_temp_drift
3084,Rev11,11,W107,PX-7500,CH-D,EDG-03,Edge,0.84,65.5,73.06,65.86,74.21,430.1,True,True,False,True,2,9.65,polymer_residue
3085,Rev11,11,W107,PX-7500,CH-D,EDG-04,Edge,0.84,98.2,75.31,67.33,69.95,423.8,False,True,True,True,0,0.0,
3086,Rev11,11,W107,PX-7500,CH-D,EDG-05,Edge,0.84,130.9,73.32,70.22,70.72,469.9,True,True,False,False,1,1.87,polymer_residue
3087,Rev11,11,W107,PX-7500,CH-D,EDG-06,Edge,0.84,163.6,71.34,67.53,69.78,393.0,True,True,True,True,3,5.79,
3088,Rev11,11,W107,PX-7500,CH-D,EDG-07,Edge,0.84,196.4,74.16,66.49,74.88,436.6,True,True,False,True,1,2.3,polymer_residue
3089,Rev11,11,W107,PX-7500,CH-D,EDG-08,Edge,0.84,229.1,74.41,66.13,73.58,382.9,True,True,False,True,0,0.0,
3090,Rev11,11,W107,PX-7500,CH-D,EDG-09,Edge,0.84,261.8,70.01,66.74,69.72,426.6,True,True,True,True,0,0.0,
3091,Rev11,11,W107,PX-7500,CH-D,EDG-10,Edge,0.84,294.5,72.05,69.21,68.68,415.5,True,True,True,True,0,0.0,
3092,Rev11,11,W107,PX-7500,CH-D,EDG-11,Edge,0.84,327.3,70.57,68.3,76.62,403.5,True,True,False,True,1,5.8,
3093,Rev11,11,W107,PX-7500,CH-D,EXT-01,Extreme Edge,0.96,16.4,73.76,67.89,67.34,420.6,True,True,True,True,0,0.0,
3094,Rev11,11,W107,PX-7500,CH-D,EXT-02,Extreme Edge,0.96,49.1,74.21,71.95,65.68,432.0,True,True,True,True,0,0.0,
3095,Rev11,11,W107,PX-7500,CH-D,EXT-03,Extreme Edge,0.96,81.8,73.5,67.71,70.08,437.1,True,True,True,True,0,0.0,
3096,Rev11,11,W107,PX-7500,CH-D,EXT-04,Extreme Edge,0.96,114.5,72.38,68.76,73.0,433.0,True,True,False,True,1,4.93,
3097,Rev11,11,W107,PX-7500,CH-D,EXT-05,Extreme Edge,0.96,147.3,73.76,68.94,71.86,385.8,True,True,False,True,0,0.0,
3098,Rev11,11,W107,PX-7500,CH-D,EXT-06,Extreme Edge,0.96,180.0,72.9,69.71,71.85,416.1,True,True,False,True,0,0.0,
3099,Rev11,11,W107,PX-7500,CH-D,EXT-07,Extreme Edge,0.96,212.7,74.07,70.31,69.66,418.2,True,True,True,True,0,0.0,
3100,Rev11,11,W107,PX-7500,CH-D,EXT-08,Extreme Edge,0.96,245.5,75.23,69.45,73.73,389.4,False,True,False,True,0,0.0,
3101,Rev11,11,W107,PX-7500,CH-D,EXT-09,Extreme Edge,0.96,278.2,72.99,66.04,74.34,424.3,True,True,False,True,1,6.47,
3102,Rev11,11,W107,PX-7500,CH-D,EXT-10,Extreme Edge,0.96,310.9,74.05,67.79,78.73,408.2,True,True,False,True,1,3.43,
3103,Rev11,11,W107,PX-7500,CH-D,EXT-11,Extreme Edge,0.96,343.6,74.15,71.18,70.51,457.1,True,True,True,False,1,4.16,polymer_residue
3104,Rev7,7,W108,PX-7500,CH-D,C1,Center,0.0,0.0,71.54,67.01,63.97,405.5,True,True,True,True,0,0.0,
3105,Rev7,7,W108,PX-7500,CH-D,MID-01,Mid,0.52,30.0,73.44,69.25,62.09,413.8,True,True,True,True,0,0.0,
3106,Rev7,7,W108,PX-7500,CH-D,MID-02,Mid,0.52,90.0,73.05,70.46,67.72,387.9,True,True,True,True,1,5.65,
3107,Rev7,7,W108,PX-7500,CH-D,MID-03,Mid,0.52,150.0,73.62,70.76,62.02,402.0,True,True,True,True,0,0.0,
3108,Rev7,7,W108,PX-7500,CH-D,MID-04,Mid,0.52,210.0,73.0,71.53,64.55,355.4,True,True,True,False,0,0.0,
3109,Rev7,7,W108,PX-7500,CH-D,MID-05,Mid,0.52,270.0,73.46,70.38,61.54,427.7,True,True,True,True,0,0.0,
3110,Rev7,7,W108,PX-7500,CH-D,MID-06,Mid,0.52,330.0,73.44,70.37,65.28,411.5,True,True,True,True,0,0.0,
3111,Rev7,7,W108,PX-7500,CH-D,EDG-01,Edge,0.84,0.0,72.14,72.2,64.92,420.2,True,True,True,True,1,4.13,esc_temp_drift
3112,Rev7,7,W108,PX-7500,CH-D,EDG-02,Edge,0.84,32.7,73.83,70.4,62.4,473.3,True,True,True,False,0,0.0,
3113,Rev7,7,W108,PX-7500,CH-D,EDG-03,Edge,0.84,65.5,75.37,69.28,69.06,415.6,False,True,True,True,0,0.0,
3114,Rev7,7,W108,PX-7500,CH-D,EDG-04,Edge,0.84,98.2,74.67,70.43,65.74,407.8,True,True,True,True,0,0.0,
3115,Rev7,7,W108,PX-7500,CH-D,EDG-05,Edge,0.84,130.9,73.86,69.27,62.64,417.6,True,True,True,True,0,0.0,
3116,Rev7,7,W108,PX-7500,CH-D,EDG-06,Edge,0.84,163.6,74.39,72.65,71.48,417.0,True,True,False,True,1,2.98,
3117,Rev7,7,W108,PX-7500,CH-D,EDG-07,Edge,0.84,196.4,74.23,69.73,64.47,408.0,True,True,True,True,0,0.0,
3118,Rev7,7,W108,PX-7500,CH-D,EDG-08,Edge,0.84,229.1,72.83,72.0,64.95,436.7,True,True,True,True,0,0.0,
3119,Rev7,7,W108,PX-7500,CH-D,EDG-09,Edge,0.84,261.8,74.66,69.61,62.24,420.8,True,True,True,True,0,0.0,
3120,Rev7,7,W108,PX-7500,CH-D,EDG-10,Edge,0.84,294.5,76.12,69.77,68.04,411.5,False,True,True,True,0,0.0,
3121,Rev7,7,W108,PX-7500,CH-D,EDG-11,Edge,0.84,327.3,72.13,70.1,64.07,441.0,True,True,True,True,0,0.0,
3122,Rev7,7,W108,PX-7500,CH-D,EXT-01,Extreme Edge,0.96,16.4,74.58,71.78,65.91,403.7,True,True,True,True,1,4.23,
3123,Rev7,7,W108,PX-7500,CH-D,EXT-02,Extreme Edge,0.96,49.1,73.82,72.26,70.31,412.7,True,True,True,True,0,0.0,
3124,Rev7,7,W108,PX-7500,CH-D,EXT-03,Extreme Edge,0.96,81.8,76.97,74.92,70.96,413.0,False,False,False,True,1,5.08,polymer_residue
3125,Rev7,7,W108,PX-7500,CH-D,EXT-04,Extreme Edge,0.96,114.5,74.05,71.27,61.75,448.0,True,True,True,True,1,2.44,polymer_residue
3126,Rev7,7,W108,PX-7500,CH-D,EXT-05,Extreme Edge,0.96,147.3,73.86,71.93,63.57,444.6,True,True,True,True,0,0.0,
3127,Rev7,7,W108,PX-7500,CH-D,EXT-06,Extreme Edge,0.96,180.0,77.39,69.66,67.97,444.0,False,True,True,True,0,0.0,
3128,Rev7,7,W108,PX-7500,CH-D,EXT-07,Extreme Edge,0.96,212.7,72.94,72.33,66.21,404.4,True,True,True,True,1,4.92,
3129,Rev7,7,W108,PX-7500,CH-D,EXT-08,Extreme Edge,0.96,245.5,70.84,70.74,70.39,468.3,True,True,True,False,0,0.0,
3130,Rev7,7,W108,PX-7500,CH-D,EXT-09,Extreme Edge,0.96,278.2,74.3,72.91,66.29,392.8,True,False,True,True,0,0.0,
3131,Rev7,7,W108,PX-7500,CH-D,EXT-10,Extreme Edge,0.96,310.9,75.04,70.73,67.48,442.5,True,True,True,True,1,5.54,polymer_residue
3132,Rev7,7,W108,PX-7500,CH-D,EXT-11,Extreme Edge,0.96,343.6,75.22,72.06,66.45,402.7,False,True,True,True,1,5.84,
3133,Rev5,5,W109,AE-3200,CH-B,C1,Center,0.0,0.0,70.18,67.52,67.36,442.8,True,True,True,True,0,0.0,
3134,Rev5,5,W109,AE-3200,CH-B,MID-01,Mid,0.52,30.0,70.39,69.82,67.18,407.1,True,True,True,True,0,0.0,
3135,Rev5,5,W109,AE-3200,CH-B,MID-02,Mid,0.52,90.0,72.36,65.34,64.94,464.4,True,False,True,False,1,2.1,
3136,Rev5,5,W109,AE-3200,CH-B,MID-03,Mid,0.52,150.0,68.49,68.89,72.17,409.6,True,True,False,True,0,0.0,
3137,Rev5,5,W109,AE-3200,CH-B,MID-04,Mid,0.52,210.0,72.71,70.84,70.84,423.8,True,True,False,True,0,0.0,
3138,Rev5,5,W109,AE-3200,CH-B,MID-05,Mid,0.52,270.0,72.89,68.59,68.27,395.6,True,True,True,True,0,0.0,
3139,Rev5,5,W109,AE-3200,CH-B,MID-06,Mid,0.52,330.0,71.9,70.74,68.46,427.8,True,True,True,True,0,0.0,
3140,Rev5,5,W109,AE-3200,CH-B,EDG-01,Edge,0.84,0.0,73.1,70.78,68.57,427.1,True,True,True,True,0,0.0,
3141,Rev5,5,W109,AE-3200,CH-B,EDG-02,Edge,0.84,32.7,72.84,73.19,69.31,451.3,True,False,True,True,0,0.0,
3142,Rev5,5,W109,AE-3200,CH-B,EDG-03,Edge,0.84,65.5,72.73,71.74,70.69,431.8,True,True,False,True,0,0.0,
3143,Rev5,5,W109,AE-3200,CH-B,EDG-04,Edge,0.84,98.2,72.59,72.08,71.41,477.5,True,True,False,False,0,0.0,
3144,Rev5,5,W109,AE-3200,CH-B,EDG-05,Edge,0.84,130.9,72.2,69.53,69.84,457.5,True,True,True,False,0,0.0,
3145,Rev5,5,W109,AE-3200,CH-B,EDG-06,Edge,0.84,163.6,71.79,69.6,64.78,452.3,True,True,True,False,0,0.0,
3146,Rev5,5,W109,AE-3200,CH-B,EDG-07,Edge,0.84,196.4,73.09,68.5,69.93,426.8,True,True,True,True,0,0.0,
3147,Rev5,5,W109,AE-3200,CH-B,EDG-08,Edge,0.84,229.1,72.69,70.65,67.0,385.9,True,True,True,True,0,0.0,
3148,Rev5,5,W109,AE-3200,CH-B,EDG-09,Edge,0.84,261.8,73.64,68.02,68.0,427.1,True,True,True,True,1,2.49,
3149,Rev5,5,W109,AE-3200,CH-B,EDG-10,Edge,0.84,294.5,73.58,68.95,69.45,442.0,True,True,True,True,1,3.49,esc_temp_drift
3150,Rev5,5,W109,AE-3200,CH-B,EDG-11,Edge,0.84,327.3,73.7,69.82,63.25,428.1,True,True,True,True,1,4.21,
3151,Rev5,5,W109,AE-3200,CH-B,EXT-01,Extreme Edge,0.96,16.4,75.27,70.31,68.58,443.7,False,True,True,True,0,0.0,
3152,Rev5,5,W109,AE-3200,CH-B,EXT-02,Extreme Edge,0.96,49.1,74.07,71.29,68.74,484.9,True,True,True,False,1,1.98,polymer_residue
3153,Rev5,5,W109,AE-3200,CH-B,EXT-03,Extreme Edge,0.96,81.8,72.6,69.46,65.15,459.7,True,True,True,False,0,0.0,
3154,Rev5,5,W109,AE-3200,CH-B,EXT-04,Extreme Edge,0.96,114.5,74.92,72.06,68.12,468.8,True,True,True,False,1,3.43,endpoint_late
3155,Rev5,5,W109,AE-3200,CH-B,EXT-05,Extreme Edge,0.96,147.3,71.84,72.51,71.87,461.5,True,True,False,False,0,0.0,
3156,Rev5,5,W109,AE-3200,CH-B,EXT-06,Extreme Edge,0.96,180.0,73.02,69.77,66.99,451.5,True,True,True,True,0,0.0,
3157,Rev5,5,W109,AE-3200,CH-B,EXT-07,Extreme Edge,0.96,212.7,73.47,67.28,68.63,434.9,True,True,True,True,2,7.19,
3158,Rev5,5,W109,AE-3200,CH-B,EXT-08,Extreme Edge,0.96,245.5,74.68,73.41,65.48,420.3,True,False,True,True,2,8.54,endpoint_late
3159,Rev5,5,W109,AE-3200,CH-B,EXT-09,Extreme Edge,0.96,278.2,75.42,70.04,72.55,425.8,False,True,False,True,0,0.0,
3160,Rev5,5,W109,AE-3200,CH-B,EXT-10,Extreme Edge,0.96,310.9,74.57,71.32,67.7,417.8,True,True,True,True,1,5.8,
3161,Rev5,5,W109,AE-3200,CH-B,EXT-11,Extreme Edge,0.96,343.6,73.19,71.07,70.48,432.9,True,True,True,True,1,6.29,
3162,Base,0,W110,AE-3200,CH-A,C1,Center,0.0,0.0,71.43,72.03,64.46,422.8,True,True,True,True,0,0.0,
3163,Base,0,W110,AE-3200,CH-A,MID-01,Mid,0.52,30.0,72.01,74.19,59.56,433.6,True,False,True,True,0,0.0,
3164,Base,0,W110,AE-3200,CH-A,MID-02,Mid,0.52,90.0,72.77,74.17,64.74,429.1,True,False,True,True,0,0.0,
3165,Base,0,W110,AE-3200,CH-A,MID-03,Mid,0.52,150.0,70.5,71.88,60.65,417.9,True,True,True,True,1,6.27,arc_event
3166,Base,0,W110,AE-3200,CH-A,MID-04,Mid,0.52,210.0,70.76,73.09,61.53,447.3,True,False,True,True,0,0.0,
3167,Base,0,W110,AE-3200,CH-A,MID-05,Mid,0.52,270.0,71.29,74.36,63.35,419.3,True,False,True,True,0,0.0,
3168,Base,0,W110,AE-3200,CH-A,MID-06,Mid,0.52,330.0,72.08,71.89,66.78,438.1,True,True,True,True,0,0.0,
3169,Base,0,W110,AE-3200,CH-A,EDG-01,Edge,0.84,0.0,74.67,74.8,66.04,401.0,True,False,True,True,2,11.9,polymer_residue
3170,Base,0,W110,AE-3200,CH-A,EDG-02,Edge,0.84,32.7,73.46,75.7,65.35,428.6,True,False,True,True,2,6.86,
3171,Base,0,W110,AE-3200,CH-A,EDG-03,Edge,0.84,65.5,75.09,75.09,61.48,459.1,True,False,True,False,1,3.86,
3172,Base,0,W110,AE-3200,CH-A,EDG-04,Edge,0.84,98.2,74.08,72.52,68.15,499.0,True,True,True,False,1,3.19,
3173,Base,0,W110,AE-3200,CH-A,EDG-05,Edge,0.84,130.9,72.57,75.36,69.06,451.3,True,False,True,True,0,0.0,
3174,Base,0,W110,AE-3200,CH-A,EDG-06,Edge,0.84,163.6,72.9,75.12,67.28,443.5,True,False,True,True,1,3.32,
3175,Base,0,W110,AE-3200,CH-A,EDG-07,Edge,0.84,196.4,72.75,72.36,66.88,427.5,True,True,True,True,0,0.0,
3176,Base,0,W110,AE-3200,CH-A,EDG-08,Edge,0.84,229.1,74.46,73.01,65.79,417.1,True,False,True,True,1,2.33,polymer_residue
3177,Base,0,W110,AE-3200,CH-A,EDG-09,Edge,0.84,261.8,73.94,75.05,59.8,491.3,True,False,True,False,1,3.77,polymer_residue
3178,Base,0,W110,AE-3200,CH-A,EDG-10,Edge,0.84,294.5,71.51,72.94,68.93,428.4,True,False,True,True,0,0.0,
3179,Base,0,W110,AE-3200,CH-A,EDG-11,Edge,0.84,327.3,75.43,76.08,65.97,427.6,False,False,True,True,1,5.63,
3180,Base,0,W110,AE-3200,CH-A,EXT-01,Extreme Edge,0.96,16.4,74.67,71.75,73.28,463.0,True,True,False,False,0,0.0,
3181,Base,0,W110,AE-3200,CH-A,EXT-02,Extreme Edge,0.96,49.1,75.27,74.3,66.37,463.4,False,False,True,False,0,0.0,
3182,Base,0,W110,AE-3200,CH-A,EXT-03,Extreme Edge,0.96,81.8,74.1,74.39,69.4,448.4,True,False,True,True,2,7.45,
3183,Base,0,W110,AE-3200,CH-A,EXT-04,Extreme Edge,0.96,114.5,74.12,73.58,74.26,437.2,True,False,False,True,1,6.34,polymer_residue
3184,Base,0,W110,AE-3200,CH-A,EXT-05,Extreme Edge,0.96,147.3,76.15,73.97,67.14,438.5,False,False,True,True,2,9.77,polymer_residue
3185,Base,0,W110,AE-3200,CH-A,EXT-06,Extreme Edge,0.96,180.0,74.62,74.85,71.05,440.5,True,False,False,True,2,5.62,polymer_residue
3186,Base,0,W110,AE-3200,CH-A,EXT-07,Extreme Edge,0.96,212.7,73.37,75.43,66.18,462.5,True,False,True,False,3,7.86,
3187,Base,0,W110,AE-3200,CH-A,EXT-08,Extreme Edge,0.96,245.5,76.47,73.51,62.24,424.0,False,False,True,True,2,8.52,
3188,Base,0,W110,AE-3200,CH-A,EXT-09,Extreme Edge,0.96,278.2,73.25,78.38,64.69,403.2,True,False,True,True,0,0.0,
3189,Base,0,W110,AE-3200,CH-A,EXT-10,Extreme Edge,0.96,310.9,72.72,73.82,65.71,418.4,True,False,True,True,1,5.11,esc_temp_drift
3190,Base,0,W110,AE-3200,CH-A,EXT-11,Extreme Edge,0.96,343.6,76.05,77.16,66.29,405.4,False,False,True,True,1,3.03,
3191,Rev9,9,W111,AE-3200,CH-B,C1,Center,0.0,0.0,72.59,70.54,63.7,385.0,True,True,True,True,0,0.0,
3192,Rev9,9,W111,AE-3200,CH-B,MID-01,Mid,0.52,30.0,72.15,70.51,60.04,358.5,True,True,True,False,0,0.0,
3193,Rev9,9,W111,AE-3200,CH-B,MID-02,Mid,0.52,90.0,75.94,69.57,54.64,356.0,False,True,False,False,1,2.41,
3194,Rev9,9,W111,AE-3200,CH-B,MID-03,Mid,0.52,150.0,74.56,70.63,64.9,389.0,True,True,True,True,0,0.0,
3195,Rev9,9,W111,AE-3200,CH-B,MID-04,Mid,0.52,210.0,74.29,70.04,65.39,376.3,True,True,True,True,0,0.0,
3196,Rev9,9,W111,AE-3200,CH-B,MID-05,Mid,0.52,270.0,72.2,69.81,64.69,355.0,True,True,True,False,0,0.0,
3197,Rev9,9,W111,AE-3200,CH-B,MID-06,Mid,0.52,330.0,70.85,67.77,64.39,385.4,True,True,True,True,0,0.0,
3198,Rev9,9,W111,AE-3200,CH-B,EDG-01,Edge,0.84,0.0,74.82,65.29,64.3,367.8,True,False,True,False,1,5.44,polymer_residue
3199,Rev9,9,W111,AE-3200,CH-B,EDG-02,Edge,0.84,32.7,75.29,74.03,74.87,424.7,False,False,False,True,1,2.53,polymer_residue
3200,Rev9,9,W111,AE-3200,CH-B,EDG-03,Edge,0.84,65.5,76.14,70.75,63.71,350.9,False,True,True,False,2,11.96,polymer_residue
3201,Rev9,9,W111,AE-3200,CH-B,EDG-04,Edge,0.84,98.2,72.73,69.91,66.28,389.7,True,True,True,True,1,6.18,polymer_residue
3202,Rev9,9,W111,AE-3200,CH-B,EDG-05,Edge,0.84,130.9,74.09,74.49,69.21,395.4,True,False,True,True,0,0.0,
3203,Rev9,9,W111,AE-3200,CH-B,EDG-06,Edge,0.84,163.6,74.12,69.32,61.18,368.1,True,True,True,False,1,5.1,polymer_residue
3204,Rev9,9,W111,AE-3200,CH-B,EDG-07,Edge,0.84,196.4,76.36,70.96,68.05,423.6,False,True,True,True,0,0.0,
3205,Rev9,9,W111,AE-3200,CH-B,EDG-08,Edge,0.84,229.1,76.39,70.74,64.59,380.1,False,True,True,True,0,0.0,
3206,Rev9,9,W111,AE-3200,CH-B,EDG-09,Edge,0.84,261.8,73.88,71.83,67.9,431.4,True,True,True,True,1,4.4,polymer_residue
3207,Rev9,9,W111,AE-3200,CH-B,EDG-10,Edge,0.84,294.5,75.1,68.75,68.06,393.0,True,True,True,True,0,0.0,
3208,Rev9,9,W111,AE-3200,CH-B,EDG-11,Edge,0.84,327.3,76.35,72.33,67.35,360.2,False,True,True,False,0,0.0,
3209,Rev9,9,W111,AE-3200,CH-B,EXT-01,Extreme Edge,0.96,16.4,75.56,73.14,69.95,385.3,False,False,True,True,2,7.36,endpoint_late
3210,Rev9,9,W111,AE-3200,CH-B,EXT-02,Extreme Edge,0.96,49.1,77.33,71.91,64.47,386.5,False,True,True,True,1,4.16,
3211,Rev9,9,W111,AE-3200,CH-B,EXT-03,Extreme Edge,0.96,81.8,76.81,72.48,67.56,421.6,False,True,True,True,0,0.0,
3212,Rev9,9,W111,AE-3200,CH-B,EXT-04,Extreme Edge,0.96,114.5,76.84,72.7,69.88,361.8,False,True,True,False,2,7.65,
3213,Rev9,9,W111,AE-3200,CH-B,EXT-05,Extreme Edge,0.96,147.3,78.88,69.62,67.92,423.7,False,True,True,True,0,0.0,
3214,Rev9,9,W111,AE-3200,CH-B,EXT-06,Extreme Edge,0.96,180.0,75.77,71.11,64.96,348.0,False,True,True,False,1,4.65,polymer_residue
3215,Rev9,9,W111,AE-3200,CH-B,EXT-07,Extreme Edge,0.96,212.7,74.34,70.05,70.68,399.9,True,True,False,True,0,0.0,
3216,Rev9,9,W111,AE-3200,CH-B,EXT-08,Extreme Edge,0.96,245.5,75.67,71.51,68.39,367.9,False,True,True,False,2,4.05,
3217,Rev9,9,W111,AE-3200,CH-B,EXT-09,Extreme Edge,0.96,278.2,72.19,70.33,66.47,425.7,True,True,True,True,1,3.43,polymer_residue
3218,Rev9,9,W111,AE-3200,CH-B,EXT-10,Extreme Edge,0.96,310.9,74.51,73.74,64.23,434.4,True,False,True,True,0,0.0,
3219,Rev9,9,W111,AE-3200,CH-B,EXT-11,Extreme Edge,0.96,343.6,75.32,69.92,62.47,405.6,False,True,True,True,0,0.0,
3220,Rev10,10,W112,PX-7500,CH-C,C1,Center,0.0,0.0,72.26,71.76,57.77,379.3,True,True,False,True,0,0.0,
3221,Rev10,10,W112,PX-7500,CH-C,MID-01,Mid,0.52,30.0,74.19,70.82,65.74,364.9,True,True,True,False,0,0.0,
3222,Rev10,10,W112,PX-7500,CH-C,MID-02,Mid,0.52,90.0,73.97,73.62,63.52,416.0,True,False,True,True,0,0.0,
3223,Rev10,10,W112,PX-7500,CH-C,MID-03,Mid,0.52,150.0,72.61,72.29,60.75,387.4,True,True,True,True,0,0.0,
3224,Rev10,10,W112,PX-7500,CH-C,MID-04,Mid,0.52,210.0,71.19,68.23,61.47,396.0,True,True,True,True,0,0.0,
3225,Rev10,10,W112,PX-7500,CH-C,MID-05,Mid,0.52,270.0,72.77,73.31,63.87,387.5,True,False,True,True,0,0.0,
3226,Rev10,10,W112,PX-7500,CH-C,MID-06,Mid,0.52,330.0,72.38,74.0,63.56,407.7,True,False,True,True,0,0.0,
3227,Rev10,10,W112,PX-7500,CH-C,EDG-01,Edge,0.84,0.0,75.55,72.84,62.28,403.0,False,False,True,True,2,10.1,
3228,Rev10,10,W112,PX-7500,CH-C,EDG-02,Edge,0.84,32.7,75.14,70.69,63.52,389.5,True,True,True,True,0,0.0,
3229,Rev10,10,W112,PX-7500,CH-C,EDG-03,Edge,0.84,65.5,74.29,69.68,57.75,356.6,True,True,False,False,1,4.58,polymer_residue
3230,Rev10,10,W112,PX-7500,CH-C,EDG-04,Edge,0.84,98.2,73.43,74.89,61.12,415.3,True,False,True,True,1,5.3,
3231,Rev10,10,W112,PX-7500,CH-C,EDG-05,Edge,0.84,130.9,73.89,73.19,60.31,391.5,True,False,True,True,1,5.54,endpoint_late
3232,Rev10,10,W112,PX-7500,CH-C,EDG-06,Edge,0.84,163.6,73.45,73.28,62.57,392.9,True,False,True,True,2,5.85,polymer_residue
3233,Rev10,10,W112,PX-7500,CH-C,EDG-07,Edge,0.84,196.4,76.1,72.15,65.1,340.3,False,True,True,False,0,0.0,
3234,Rev10,10,W112,PX-7500,CH-C,EDG-08,Edge,0.84,229.1,73.3,71.62,65.4,402.4,True,True,True,True,0,0.0,
3235,Rev10,10,W112,PX-7500,CH-C,EDG-09,Edge,0.84,261.8,76.05,73.03,65.59,427.5,False,False,True,True,0,0.0,
3236,Rev10,10,W112,PX-7500,CH-C,EDG-10,Edge,0.84,294.5,76.94,72.98,61.46,377.8,False,False,True,True,0,0.0,
3237,Rev10,10,W112,PX-7500,CH-C,EDG-11,Edge,0.84,327.3,73.98,73.84,60.28,399.3,True,False,True,True,0,0.0,
3238,Rev10,10,W112,PX-7500,CH-C,EXT-01,Extreme Edge,0.96,16.4,76.11,72.32,62.79,384.3,False,True,True,True,0,0.0,
3239,Rev10,10,W112,PX-7500,CH-C,EXT-02,Extreme Edge,0.96,49.1,77.12,70.65,65.76,405.5,False,True,True,True,0,0.0,
3240,Rev10,10,W112,PX-7500,CH-C,EXT-03,Extreme Edge,0.96,81.8,75.53,74.29,64.38,401.9,False,False,True,True,0,0.0,
3241,Rev10,10,W112,PX-7500,CH-C,EXT-04,Extreme Edge,0.96,114.5,72.96,74.29,65.59,374.7,True,False,True,False,0,0.0,
3242,Rev10,10,W112,PX-7500,CH-C,EXT-05,Extreme Edge,0.96,147.3,73.85,74.15,68.39,394.5,True,False,True,True,0,0.0,
3243,Rev10,10,W112,PX-7500,CH-C,EXT-06,Extreme Edge,0.96,180.0,75.87,70.87,64.78,397.8,False,True,True,True,1,1.95,polymer_residue
3244,Rev10,10,W112,PX-7500,CH-C,EXT-07,Extreme Edge,0.96,212.7,74.8,71.59,69.61,374.1,True,True,True,False,1,2.74,esc_temp_drift
3245,Rev10,10,W112,PX-7500,CH-C,EXT-08,Extreme Edge,0.96,245.5,74.5,74.5,63.56,389.0,True,False,True,True,0,0.0,
3246,Rev10,10,W112,PX-7500,CH-C,EXT-09,Extreme Edge,0.96,278.2,74.37,70.56,63.64,405.9,True,True,True,True,0,0.0,
3247,Rev10,10,W112,PX-7500,CH-C,EXT-10,Extreme Edge,0.96,310.9,73.37,71.15,63.75,396.8,True,True,True,True,0,0.0,
3248,Rev10,10,W112,PX-7500,CH-C,EXT-11,Extreme Edge,0.96,343.6,76.5,74.41,63.42,383.8,False,False,True,True,1,4.57,endpoint_late
3249,Rev11,11,W113,PX-7500,CH-D,C1,Center,0.0,0.0,69.18,68.97,67.01,361.4,True,True,True,False,0,0.0,
3250,Rev11,11,W113,PX-7500,CH-D,MID-01,Mid,0.52,30.0,70.06,66.77,71.89,418.6,True,True,False,True,0,0.0,
3251,Rev11,11,W113,PX-7500,CH-D,MID-02,Mid,0.52,90.0,74.94,67.46,68.79,392.4,True,True,True,True,0,0.0,
3252,Rev11,11,W113,PX-7500,CH-D,MID-03,Mid,0.52,150.0,71.39,66.24,70.13,399.2,True,True,True,True,0,0.0,
3253,Rev11,11,W113,PX-7500,CH-D,MID-04,Mid,0.52,210.0,72.46,67.31,68.83,405.0,True,True,True,True,0,0.0,
3254,Rev11,11,W113,PX-7500,CH-D,MID-05,Mid,0.52,270.0,70.51,68.99,73.14,391.3,True,True,False,True,2,11.08,
3255,Rev11,11,W113,PX-7500,CH-D,MID-06,Mid,0.52,330.0,72.67,67.47,70.88,435.5,True,True,False,True,0,0.0,
3256,Rev11,11,W113,PX-7500,CH-D,EDG-01,Edge,0.84,0.0,72.88,66.43,70.91,405.0,True,True,False,True,1,6.49,polymer_residue
3257,Rev11,11,W113,PX-7500,CH-D,EDG-02,Edge,0.84,32.7,74.33,68.47,69.23,401.6,True,True,True,True,0,0.0,
3258,Rev11,11,W113,PX-7500,CH-D,EDG-03,Edge,0.84,65.5,73.31,69.38,71.3,418.8,True,True,False,True,1,4.31,
3259,Rev11,11,W113,PX-7500,CH-D,EDG-04,Edge,0.84,98.2,71.89,72.2,75.09,438.3,True,True,False,True,0,0.0,
3260,Rev11,11,W113,PX-7500,CH-D,EDG-05,Edge,0.84,130.9,73.09,68.78,71.65,391.7,True,True,False,True,1,5.7,polymer_residue
3261,Rev11,11,W113,PX-7500,CH-D,EDG-06,Edge,0.84,163.6,72.77,70.98,73.88,413.4,True,True,False,True,0,0.0,
3262,Rev11,11,W113,PX-7500,CH-D,EDG-07,Edge,0.84,196.4,71.44,70.58,75.28,448.9,True,True,False,True,0,0.0,
3263,Rev11,11,W113,PX-7500,CH-D,EDG-08,Edge,0.84,229.1,72.07,70.1,70.31,442.6,True,True,True,True,0,0.0,
3264,Rev11,11,W113,PX-7500,CH-D,EDG-09,Edge,0.84,261.8,72.48,68.09,70.2,442.1,True,True,True,True,1,5.56,polymer_residue
3265,Rev11,11,W113,PX-7500,CH-D,EDG-10,Edge,0.84,294.5,73.02,71.68,72.72,405.0,True,True,False,True,2,8.52,
3266,Rev11,11,W113,PX-7500,CH-D,EDG-11,Edge,0.84,327.3,72.47,70.96,71.19,414.6,True,True,False,True,0,0.0,
3267,Rev11,11,W113,PX-7500,CH-D,EXT-01,Extreme Edge,0.96,16.4,73.78,66.67,77.79,443.1,True,True,False,True,2,7.36,arc_event
3268,Rev11,11,W113,PX-7500,CH-D,EXT-02,Extreme Edge,0.96,49.1,74.21,70.53,69.99,417.0,True,True,True,True,0,0.0,
3269,Rev11,11,W113,PX-7500,CH-D,EXT-03,Extreme Edge,0.96,81.8,74.14,68.22,69.88,381.8,True,True,True,True,1,4.67,
3270,Rev11,11,W113,PX-7500,CH-D,EXT-04,Extreme Edge,0.96,114.5,73.68,68.7,68.61,446.2,True,True,True,True,0,0.0,
3271,Rev11,11,W113,PX-7500,CH-D,EXT-05,Extreme Edge,0.96,147.3,72.24,69.61,70.02,405.3,True,True,True,True,0,0.0,
3272,Rev11,11,W113,PX-7500,CH-D,EXT-06,Extreme Edge,0.96,180.0,73.07,70.37,75.48,401.5,True,True,False,True,0,0.0,
3273,Rev11,11,W113,PX-7500,CH-D,EXT-07,Extreme Edge,0.96,212.7,73.47,71.49,70.4,428.1,True,True,True,True,0,0.0,
3274,Rev11,11,W113,PX-7500,CH-D,EXT-08,Extreme Edge,0.96,245.5,74.06,68.62,70.62,433.9,True,True,False,True,0,0.0,
3275,Rev11,11,W113,PX-7500,CH-D,EXT-09,Extreme Edge,0.96,278.2,73.71,67.6,73.52,410.7,True,True,False,True,0,0.0,
3276,Rev11,11,W113,PX-7500,CH-D,EXT-10,Extreme Edge,0.96,310.9,74.76,69.75,75.84,404.8,True,True,False,True,0,0.0,
3277,Rev11,11,W113,PX-7500,CH-D,EXT-11,Extreme Edge,0.96,343.6,73.02,68.18,72.33,402.3,True,True,False,True,0,0.0,
3278,Rev9,9,W114,AE-3200,CH-B,C1,Center,0.0,0.0,73.51,67.99,64.4,408.4,True,True,True,True,0,0.0,
3279,Rev9,9,W114,AE-3200,CH-B,MID-01,Mid,0.52,30.0,75.85,72.22,71.13,384.0,False,True,False,True,0,0.0,
3280,Rev9,9,W114,AE-3200,CH-B,MID-02,Mid,0.52,90.0,74.17,69.71,69.11,392.6,True,True,True,True,0,0.0,
3281,Rev9,9,W114,AE-3200,CH-B,MID-03,Mid,0.52,150.0,75.21,69.45,64.89,400.4,False,True,True,True,0,0.0,
3282,Rev9,9,W114,AE-3200,CH-B,MID-04,Mid,0.52,210.0,74.88,72.97,72.16,404.8,True,False,False,True,1,3.62,
3283,Rev9,9,W114,AE-3200,CH-B,MID-05,Mid,0.52,270.0,72.66,69.71,70.09,397.6,True,True,True,True,0,0.0,
3284,Rev9,9,W114,AE-3200,CH-B,MID-06,Mid,0.52,330.0,74.57,70.95,65.41,425.4,True,True,True,True,2,9.28,
3285,Rev9,9,W114,AE-3200,CH-B,EDG-01,Edge,0.84,0.0,75.1,72.01,68.54,394.9,True,True,True,True,2,5.16,polymer_residue
3286,Rev9,9,W114,AE-3200,CH-B,EDG-02,Edge,0.84,32.7,74.89,71.15,69.4,394.0,True,True,True,True,0,0.0,
3287,Rev9,9,W114,AE-3200,CH-B,EDG-03,Edge,0.84,65.5,72.71,74.13,66.77,392.4,True,False,True,True,0,0.0,
3288,Rev9,9,W114,AE-3200,CH-B,EDG-04,Edge,0.84,98.2,72.84,72.64,68.32,407.7,True,True,True,True,1,2.1,polymer_residue
3289,Rev9,9,W114,AE-3200,CH-B,EDG-05,Edge,0.84,130.9,71.86,71.15,61.73,387.0,True,True,True,True,0,0.0,
3290,Rev9,9,W114,AE-3200,CH-B,EDG-06,Edge,0.84,163.6,75.68,75.18,69.92,386.5,False,False,True,True,2,9.86,
3291,Rev9,9,W114,AE-3200,CH-B,EDG-07,Edge,0.84,196.4,73.29,71.21,71.05,383.7,True,True,False,True,0,0.0,
3292,Rev9,9,W114,AE-3200,CH-B,EDG-08,Edge,0.84,229.1,73.42,73.72,66.37,386.1,True,False,True,True,0,0.0,
3293,Rev9,9,W114,AE-3200,CH-B,EDG-09,Edge,0.84,261.8,71.26,72.94,62.66,395.6,True,False,True,True,0,0.0,
3294,Rev9,9,W114,AE-3200,CH-B,EDG-10,Edge,0.84,294.5,75.62,70.14,66.91,326.4,False,True,True,False,0,0.0,
3295,Rev9,9,W114,AE-3200,CH-B,EDG-11,Edge,0.84,327.3,75.87,72.29,67.01,364.7,False,True,True,False,1,3.77,polymer_residue
3296,Rev9,9,W114,AE-3200,CH-B,EXT-01,Extreme Edge,0.96,16.4,75.73,72.75,66.48,386.1,False,True,True,True,0,0.0,
3297,Rev9,9,W114,AE-3200,CH-B,EXT-02,Extreme Edge,0.96,49.1,76.57,74.69,74.42,390.9,False,False,False,True,0,0.0,
3298,Rev9,9,W114,AE-3200,CH-B,EXT-03,Extreme Edge,0.96,81.8,73.21,72.84,71.04,383.8,True,False,False,True,0,0.0,
3299,Rev9,9,W114,AE-3200,CH-B,EXT-04,Extreme Edge,0.96,114.5,74.13,73.85,71.32,414.1,True,False,False,True,1,4.18,polymer_residue
3300,Rev9,9,W114,AE-3200,CH-B,EXT-05,Extreme Edge,0.96,147.3,77.38,74.54,71.34,404.0,False,False,False,True,1,1.88,polymer_residue
3301,Rev9,9,W114,AE-3200,CH-B,EXT-06,Extreme Edge,0.96,180.0,75.72,69.5,71.61,397.3,False,True,False,True,1,4.58,
3302,Rev9,9,W114,AE-3200,CH-B,EXT-07,Extreme Edge,0.96,212.7,76.61,72.94,65.99,422.2,False,False,True,True,0,0.0,
3303,Rev9,9,W114,AE-3200,CH-B,EXT-08,Extreme Edge,0.96,245.5,77.66,74.93,73.3,454.2,False,False,False,False,3,13.93,
3304,Rev9,9,W114,AE-3200,CH-B,EXT-09,Extreme Edge,0.96,278.2,73.63,74.55,71.57,403.5,True,False,False,True,1,4.52,arc_event
3305,Rev9,9,W114,AE-3200,CH-B,EXT-10,Extreme Edge,0.96,310.9,76.07,71.9,70.44,379.7,False,True,True,True,0,0.0,
3306,Rev9,9,W114,AE-3200,CH-B,EXT-11,Extreme Edge,0.96,343.6,75.49,73.94,68.32,393.2,False,False,True,True,2,4.78,
3307,Rev1,1,W115,AE-3200,CH-B,C1,Center,0.0,0.0,71.41,68.61,65.13,432.5,True,True,True,True,0,0.0,
3308,Rev1,1,W115,AE-3200,CH-B,MID-01,Mid,0.52,30.0,70.44,67.65,72.54,435.7,True,True,False,True,0,0.0,
3309,Rev1,1,W115,AE-3200,CH-B,MID-02,Mid,0.52,90.0,71.42,71.92,72.41,428.7,True,True,False,True,0,0.0,
3310,Rev1,1,W115,AE-3200,CH-B,MID-03,Mid,0.52,150.0,73.84,69.81,67.72,440.4,True,True,True,True,1,5.91,
3311,Rev1,1,W115,AE-3200,CH-B,MID-04,Mid,0.52,210.0,73.38,69.13,69.11,444.7,True,True,True,True,0,0.0,
3312,Rev1,1,W115,AE-3200,CH-B,MID-05,Mid,0.52,270.0,73.54,69.45,72.73,410.3,True,True,False,True,0,0.0,
3313,Rev1,1,W115,AE-3200,CH-B,MID-06,Mid,0.52,330.0,72.58,67.58,70.98,464.7,True,True,False,False,0,0.0,
3314,Rev1,1,W115,AE-3200,CH-B,EDG-01,Edge,0.84,0.0,71.88,70.04,66.32,430.1,True,True,True,True,1,2.82,polymer_residue
3315,Rev1,1,W115,AE-3200,CH-B,EDG-02,Edge,0.84,32.7,71.19,71.54,69.42,430.0,True,True,True,True,0,0.0,
3316,Rev1,1,W115,AE-3200,CH-B,EDG-03,Edge,0.84,65.5,73.98,71.26,69.86,445.8,True,True,True,True,0,0.0,
3317,Rev1,1,W115,AE-3200,CH-B,EDG-04,Edge,0.84,98.2,73.28,72.08,69.81,398.3,True,True,True,True,0,0.0,
3318,Rev1,1,W115,AE-3200,CH-B,EDG-05,Edge,0.84,130.9,74.03,71.26,72.83,403.7,True,True,False,True,0,0.0,
3319,Rev1,1,W115,AE-3200,CH-B,EDG-06,Edge,0.84,163.6,72.13,73.34,73.9,432.0,True,False,False,True,0,0.0,
3320,Rev1,1,W115,AE-3200,CH-B,EDG-07,Edge,0.84,196.4,72.18,71.12,72.2,441.3,True,True,False,True,0,0.0,
3321,Rev1,1,W115,AE-3200,CH-B,EDG-08,Edge,0.84,229.1,73.42,71.03,67.63,429.7,True,True,True,True,0,0.0,
3322,Rev1,1,W115,AE-3200,CH-B,EDG-09,Edge,0.84,261.8,75.42,69.07,71.72,419.6,False,True,False,True,3,9.25,
3323,Rev1,1,W115,AE-3200,CH-B,EDG-10,Edge,0.84,294.5,74.76,69.85,70.01,438.7,True,True,True,True,0,0.0,
3324,Rev1,1,W115,AE-3200,CH-B,EDG-11,Edge,0.84,327.3,72.48,72.22,72.33,448.5,True,True,False,True,2,8.6,
3325,Rev1,1,W115,AE-3200,CH-B,EXT-01,Extreme Edge,0.96,16.4,73.08,74.75,69.84,436.3,True,False,True,True,1,2.78,polymer_residue
3326,Rev1,1,W115,AE-3200,CH-B,EXT-02,Extreme Edge,0.96,49.1,73.94,72.35,73.18,429.6,True,True,False,True,0,0.0,
3327,Rev1,1,W115,AE-3200,CH-B,EXT-03,Extreme Edge,0.96,81.8,74.33,72.87,74.52,448.3,True,False,False,True,1,2.92,polymer_residue
3328,Rev1,1,W115,AE-3200,CH-B,EXT-04,Extreme Edge,0.96,114.5,73.19,72.12,73.74,447.0,True,True,False,True,1,4.4,polymer_residue
3329,Rev1,1,W115,AE-3200,CH-B,EXT-05,Extreme Edge,0.96,147.3,74.05,74.01,73.88,431.6,True,False,False,True,0,0.0,
3330,Rev1,1,W115,AE-3200,CH-B,EXT-06,Extreme Edge,0.96,180.0,73.8,70.27,75.66,446.6,True,True,False,True,1,1.98,
3331,Rev1,1,W115,AE-3200,CH-B,EXT-07,Extreme Edge,0.96,212.7,72.42,71.54,72.77,427.3,True,True,False,True,0,0.0,
3332,Rev1,1,W115,AE-3200,CH-B,EXT-08,Extreme Edge,0.96,245.5,73.88,73.57,65.7,478.7,True,False,True,False,0,0.0,
3333,Rev1,1,W115,AE-3200,CH-B,EXT-09,Extreme Edge,0.96,278.2,75.29,72.07,73.16,446.6,False,True,False,True,1,2.48,endpoint_late
3334,Rev1,1,W115,AE-3200,CH-B,EXT-10,Extreme Edge,0.96,310.9,72.54,71.3,72.89,449.5,True,True,False,True,0,0.0,
3335,Rev1,1,W115,AE-3200,CH-B,EXT-11,Extreme Edge,0.96,343.6,76.11,72.22,73.16,446.6,False,True,False,True,0,0.0,
3336,Rev6,6,W116,PX-7500,CH-C,C1,Center,0.0,0.0,74.09,71.38,63.66,394.9,True,True,True,True,0,0.0,
3337,Rev6,6,W116,PX-7500,CH-C,MID-01,Mid,0.52,30.0,71.27,72.33,63.8,381.2,True,True,True,True,1,4.29,endpoint_late
3338,Rev6,6,W116,PX-7500,CH-C,MID-02,Mid,0.52,90.0,71.65,71.54,59.43,411.1,True,True,True,True,0,0.0,
3339,Rev6,6,W116,PX-7500,CH-C,MID-03,Mid,0.52,150.0,71.2,73.16,63.48,419.2,True,False,True,True,1,5.51,pressure_spike
3340,Rev6,6,W116,PX-7500,CH-C,MID-04,Mid,0.52,210.0,71.66,68.06,67.47,419.6,True,True,True,True,0,0.0,
3341,Rev6,6,W116,PX-7500,CH-C,MID-05,Mid,0.52,270.0,73.06,66.29,63.52,431.6,True,True,True,True,0,0.0,
3342,Rev6,6,W116,PX-7500,CH-C,MID-06,Mid,0.52,330.0,71.97,71.79,64.63,456.0,True,True,True,False,0,0.0,
3343,Rev6,6,W116,PX-7500,CH-C,EDG-01,Edge,0.84,0.0,74.27,71.5,67.47,445.3,True,True,True,True,0,0.0,
3344,Rev6,6,W116,PX-7500,CH-C,EDG-02,Edge,0.84,32.7,74.4,73.56,65.44,438.5,True,False,True,True,0,0.0,
3345,Rev6,6,W116,PX-7500,CH-C,EDG-03,Edge,0.84,65.5,74.0,73.43,65.52,432.5,True,False,True,True,0,0.0,
3346,Rev6,6,W116,PX-7500,CH-C,EDG-04,Edge,0.84,98.2,77.12,74.16,64.43,411.0,False,False,True,True,1,3.84,
3347,Rev6,6,W116,PX-7500,CH-C,EDG-05,Edge,0.84,130.9,73.44,73.06,58.47,463.7,True,False,False,False,0,0.0,
3348,Rev6,6,W116,PX-7500,CH-C,EDG-06,Edge,0.84,163.6,74.3,72.19,65.42,398.7,True,True,True,True,1,5.55,arc_event
3349,Rev6,6,W116,PX-7500,CH-C,EDG-07,Edge,0.84,196.4,73.24,73.19,64.32,406.9,True,False,True,True,0,0.0,
3350,Rev6,6,W116,PX-7500,CH-C,EDG-08,Edge,0.84,229.1,73.9,71.26,70.12,413.8,True,True,True,True,0,0.0,
3351,Rev6,6,W116,PX-7500,CH-C,EDG-09,Edge,0.84,261.8,74.64,71.54,62.46,430.7,True,True,True,True,0,0.0,
3352,Rev6,6,W116,PX-7500,CH-C,EDG-10,Edge,0.84,294.5,73.08,71.86,62.88,463.3,True,True,True,False,0,0.0,
3353,Rev6,6,W116,PX-7500,CH-C,EDG-11,Edge,0.84,327.3,72.17,72.75,65.54,397.9,True,True,True,True,0,0.0,
3354,Rev6,6,W116,PX-7500,CH-C,EXT-01,Extreme Edge,0.96,16.4,77.14,71.8,64.77,439.2,False,True,True,True,0,0.0,
3355,Rev6,6,W116,PX-7500,CH-C,EXT-02,Extreme Edge,0.96,49.1,73.33,70.18,64.67,432.6,True,True,True,True,1,4.74,polymer_residue
3356,Rev6,6,W116,PX-7500,CH-C,EXT-03,Extreme Edge,0.96,81.8,74.89,71.42,70.1,414.6,True,True,True,True,1,2.09,
3357,Rev6,6,W116,PX-7500,CH-C,EXT-04,Extreme Edge,0.96,114.5,75.78,74.6,65.37,397.8,False,False,True,True,1,5.05,
3358,Rev6,6,W116,PX-7500,CH-C,EXT-05,Extreme Edge,0.96,147.3,74.14,74.03,64.92,411.1,True,False,True,True,1,2.08,esc_temp_drift
3359,Rev6,6,W116,PX-7500,CH-C,EXT-06,Extreme Edge,0.96,180.0,75.44,72.05,65.74,412.9,False,True,True,True,1,5.82,
3360,Rev6,6,W116,PX-7500,CH-C,EXT-07,Extreme Edge,0.96,212.7,75.46,74.07,71.1,421.5,False,False,False,True,0,0.0,
3361,Rev6,6,W116,PX-7500,CH-C,EXT-08,Extreme Edge,0.96,245.5,75.25,74.55,69.98,412.0,False,False,True,True,0,0.0,
3362,Rev6,6,W116,PX-7500,CH-C,EXT-09,Extreme Edge,0.96,278.2,75.0,71.99,64.96,436.9,True,True,True,True,0,0.0,
3363,Rev6,6,W116,PX-7500,CH-C,EXT-10,Extreme Edge,0.96,310.9,74.48,71.45,62.95,411.8,True,True,True,True,1,3.31,polymer_residue
3364,Rev6,6,W116,PX-7500,CH-C,EXT-11,Extreme Edge,0.96,343.6,74.36,75.57,66.57,413.0,True,False,True,True,1,6.42,polymer_residue
3365,Rev10,10,W117,PX-7500,CH-C,C1,Center,0.0,0.0,73.82,67.39,65.82,408.9,True,True,True,True,1,2.88,polymer_residue
3366,Rev10,10,W117,PX-7500,CH-C,MID-01,Mid,0.52,30.0,71.74,69.34,63.13,392.2,True,True,True,True,0,0.0,
3367,Rev10,10,W117,PX-7500,CH-C,MID-02,Mid,0.52,90.0,72.52,70.6,66.21,391.2,True,True,True,True,0,0.0,
3368,Rev10,10,W117,PX-7500,CH-C,MID-03,Mid,0.52,150.0,72.7,68.94,68.53,360.6,True,True,True,False,0,0.0,
3369,Rev10,10,W117,PX-7500,CH-C,MID-04,Mid,0.52,210.0,71.33,69.81,65.94,395.7,True,True,True,True,0,0.0,
3370,Rev10,10,W117,PX-7500,CH-C,MID-05,Mid,0.52,270.0,72.21,72.54,61.97,383.1,True,True,True,True,0,0.0,
3371,Rev10,10,W117,PX-7500,CH-C,MID-06,Mid,0.52,330.0,74.34,70.6,63.86,427.8,True,True,True,True,0,0.0,
3372,Rev10,10,W117,PX-7500,CH-C,EDG-01,Edge,0.84,0.0,73.41,69.83,65.12,417.1,True,True,True,True,0,0.0,
3373,Rev10,10,W117,PX-7500,CH-C,EDG-02,Edge,0.84,32.7,71.68,70.13,66.47,370.2,True,True,True,False,1,1.87,
3374,Rev10,10,W117,PX-7500,CH-C,EDG-03,Edge,0.84,65.5,73.51,72.0,72.24,408.8,True,True,False,True,1,3.6,
3375,Rev10,10,W117,PX-7500,CH-C,EDG-04,Edge,0.84,98.2,71.02,69.64,61.6,366.1,True,True,True,False,0,0.0,
3376,Rev10,10,W117,PX-7500,CH-C,EDG-05,Edge,0.84,130.9,71.25,71.15,64.95,405.8,True,True,True,True,1,1.91,arc_event
3377,Rev10,10,W117,PX-7500,CH-C,EDG-06,Edge,0.84,163.6,74.85,69.9,67.84,383.9,True,True,True,True,1,3.78,
3378,Rev10,10,W117,PX-7500,CH-C,EDG-07,Edge,0.84,196.4,73.56,70.95,64.36,390.3,True,True,True,True,1,4.61,arc_event
3379,Rev10,10,W117,PX-7500,CH-C,EDG-08,Edge,0.84,229.1,71.76,71.33,62.22,408.8,True,True,True,True,0,0.0,
3380,Rev10,10,W117,PX-7500,CH-C,EDG-09,Edge,0.84,261.8,74.97,69.69,67.22,397.8,True,True,True,True,1,3.87,polymer_residue
3381,Rev10,10,W117,PX-7500,CH-C,EDG-10,Edge,0.84,294.5,73.18,72.54,69.5,417.9,True,True,True,True,0,0.0,
3382,Rev10,10,W117,PX-7500,CH-C,EDG-11,Edge,0.84,327.3,72.32,69.93,70.54,405.9,True,True,True,True,2,5.9,
3383,Rev10,10,W117,PX-7500,CH-C,EXT-01,Extreme Edge,0.96,16.4,75.42,70.25,66.89,389.9,False,True,True,True,1,4.0,
3384,Rev10,10,W117,PX-7500,CH-C,EXT-02,Extreme Edge,0.96,49.1,74.75,71.1,69.71,371.1,True,True,True,False,1,5.25,
3385,Rev10,10,W117,PX-7500,CH-C,EXT-03,Extreme Edge,0.96,81.8,73.94,69.37,69.24,389.5,True,True,True,True,0,0.0,
3386,Rev10,10,W117,PX-7500,CH-C,EXT-04,Extreme Edge,0.96,114.5,73.21,73.92,70.76,394.6,True,False,False,True,1,2.69,esc_temp_drift
3387,Rev10,10,W117,PX-7500,CH-C,EXT-05,Extreme Edge,0.96,147.3,72.78,71.67,68.37,427.7,True,True,True,True,0,0.0,
3388,Rev10,10,W117,PX-7500,CH-C,EXT-06,Extreme Edge,0.96,180.0,73.32,70.0,64.17,442.6,True,True,True,True,0,0.0,
3389,Rev10,10,W117,PX-7500,CH-C,EXT-07,Extreme Edge,0.96,212.7,74.37,73.1,68.32,401.0,True,False,True,True,0,0.0,
3390,Rev10,10,W117,PX-7500,CH-C,EXT-08,Extreme Edge,0.96,245.5,73.87,70.63,67.2,411.2,True,True,True,True,0,0.0,
3391,Rev10,10,W117,PX-7500,CH-C,EXT-09,Extreme Edge,0.96,278.2,74.52,69.01,64.08,409.5,True,True,True,True,0,0.0,
3392,Rev10,10,W117,PX-7500,CH-C,EXT-10,Extreme Edge,0.96,310.9,73.71,69.42,72.72,416.0,True,True,False,True,0,0.0,
3393,Rev10,10,W117,PX-7500,CH-C,EXT-11,Extreme Edge,0.96,343.6,74.27,70.11,67.29,435.8,True,True,True,True,1,3.92,
3394,Base,0,W118,AE-3200,CH-A,C1,Center,0.0,0.0,72.86,71.03,66.45,411.6,True,True,True,True,0,0.0,
3395,Base,0,W118,AE-3200,CH-A,MID-01,Mid,0.52,30.0,72.93,74.53,69.64,422.5,True,False,True,True,0,0.0,
3396,Base,0,W118,AE-3200,CH-A,MID-02,Mid,0.52,90.0,71.19,71.69,65.56,413.5,True,True,True,True,0,0.0,
3397,Base,0,W118,AE-3200,CH-A,MID-03,Mid,0.52,150.0,73.44,72.08,68.3,404.0,True,True,True,True,0,0.0,
3398,Base,0,W118,AE-3200,CH-A,MID-04,Mid,0.52,210.0,74.58,71.88,67.18,431.5,True,True,True,True,0,0.0,
3399,Base,0,W118,AE-3200,CH-A,MID-05,Mid,0.52,270.0,71.15,76.07,68.08,430.2,True,False,True,True,0,0.0,
3400,Base,0,W118,AE-3200,CH-A,MID-06,Mid,0.52,330.0,72.53,73.01,76.18,389.8,True,False,False,True,0,0.0,
3401,Base,0,W118,AE-3200,CH-A,EDG-01,Edge,0.84,0.0,74.47,75.25,72.56,419.6,True,False,False,True,0,0.0,
3402,Base,0,W118,AE-3200,CH-A,EDG-02,Edge,0.84,32.7,77.05,70.08,71.07,405.2,False,True,False,True,1,2.41,
3403,Base,0,W118,AE-3200,CH-A,EDG-03,Edge,0.84,65.5,75.69,75.26,69.53,451.1,False,False,True,True,1,3.12,polymer_residue
3404,Base,0,W118,AE-3200,CH-A,EDG-04,Edge,0.84,98.2,69.51,68.75,67.24,429.5,True,True,True,True,1,4.91,polymer_residue
3405,Base,0,W118,AE-3200,CH-A,EDG-05,Edge,0.84,130.9,73.89,75.79,70.19,401.4,True,False,True,True,1,3.31,polymer_residue
3406,Base,0,W118,AE-3200,CH-A,EDG-06,Edge,0.84,163.6,73.92,73.96,69.25,424.0,True,False,True,True,0,0.0,
3407,Base,0,W118,AE-3200,CH-A,EDG-07,Edge,0.84,196.4,74.99,74.71,71.45,420.9,True,False,False,True,1,5.0,polymer_residue
3408,Base,0,W118,AE-3200,CH-A,EDG-08,Edge,0.84,229.1,73.01,73.08,77.81,405.3,True,False,False,True,0,0.0,
3409,Base,0,W118,AE-3200,CH-A,EDG-09,Edge,0.84,261.8,72.79,75.4,70.13,433.3,True,False,True,True,2,7.41,
3410,Base,0,W118,AE-3200,CH-A,EDG-10,Edge,0.84,294.5,73.37,74.4,71.0,419.5,True,False,False,True,0,0.0,
3411,Base,0,W118,AE-3200,CH-A,EDG-11,Edge,0.84,327.3,73.98,75.77,67.46,407.0,True,False,True,True,0,0.0,
3412,Base,0,W118,AE-3200,CH-A,EXT-01,Extreme Edge,0.96,16.4,74.81,75.0,74.99,420.4,True,False,False,True,3,19.32,
3413,Base,0,W118,AE-3200,CH-A,EXT-02,Extreme Edge,0.96,49.1,74.33,75.98,75.06,450.5,True,False,False,True,1,4.87,
3414,Base,0,W118,AE-3200,CH-A,EXT-03,Extreme Edge,0.96,81.8,76.91,73.13,72.99,435.6,False,False,False,True,1,2.71,
3415,Base,0,W118,AE-3200,CH-A,EXT-04,Extreme Edge,0.96,114.5,74.0,75.0,69.77,416.5,True,False,True,True,1,4.37,
3416,Base,0,W118,AE-3200,CH-A,EXT-05,Extreme Edge,0.96,147.3,75.37,74.72,73.82,429.9,False,False,False,True,0,0.0,
3417,Base,0,W118,AE-3200,CH-A,EXT-06,Extreme Edge,0.96,180.0,73.55,75.25,71.68,411.1,True,False,False,True,1,4.72,
3418,Base,0,W118,AE-3200,CH-A,EXT-07,Extreme Edge,0.96,212.7,74.43,73.94,69.8,448.9,True,False,True,True,2,8.12,
3419,Base,0,W118,AE-3200,CH-A,EXT-08,Extreme Edge,0.96,245.5,75.07,76.45,72.6,455.2,True,False,False,False,1,3.14,polymer_residue
3420,Base,0,W118,AE-3200,CH-A,EXT-09,Extreme Edge,0.96,278.2,74.55,73.78,75.43,478.7,True,False,False,False,2,4.97,
3421,Base,0,W118,AE-3200,CH-A,EXT-10,Extreme Edge,0.96,310.9,75.83,74.23,72.56,444.0,False,False,False,True,1,2.64,endpoint_late
3422,Base,0,W118,AE-3200,CH-A,EXT-11,Extreme Edge,0.96,343.6,73.91,75.55,70.5,430.2,True,False,True,True,0,0.0,
3423,Rev3,3,W119,PX-7500,CH-D,C1,Center,0.0,0.0,73.0,70.48,64.07,434.3,True,True,True,True,1,5.26,
3424,Rev3,3,W119,PX-7500,CH-D,MID-01,Mid,0.52,30.0,73.93,70.06,67.07,470.8,True,True,True,False,0,0.0,
3425,Rev3,3,W119,PX-7500,CH-D,MID-02,Mid,0.52,90.0,72.7,70.38,62.44,479.0,True,True,True,False,0,0.0,
3426,Rev3,3,W119,PX-7500,CH-D,MID-03,Mid,0.52,150.0,73.82,69.98,71.71,404.0,True,True,False,True,0,0.0,
3427,Rev3,3,W119,PX-7500,CH-D,MID-04,Mid,0.52,210.0,72.94,71.06,60.43,471.2,True,True,True,False,0,0.0,
3428,Rev3,3,W119,PX-7500,CH-D,MID-05,Mid,0.52,270.0,75.33,74.3,63.7,445.8,False,False,True,True,0,0.0,
3429,Rev3,3,W119,PX-7500,CH-D,MID-06,Mid,0.52,330.0,74.01,71.33,69.21,438.8,True,True,True,True,0,0.0,
3430,Rev3,3,W119,PX-7500,CH-D,EDG-01,Edge,0.84,0.0,75.17,74.87,68.93,448.7,True,False,True,True,1,3.22,
3431,Rev3,3,W119,PX-7500,CH-D,EDG-02,Edge,0.84,32.7,74.47,73.25,74.11,461.8,True,False,False,False,1,5.19,
3432,Rev3,3,W119,PX-7500,CH-D,EDG-03,Edge,0.84,65.5,76.16,68.64,70.74,470.1,False,True,False,False,2,10.63,polymer_residue
3433,Rev3,3,W119,PX-7500,CH-D,EDG-04,Edge,0.84,98.2,78.28,72.98,66.44,448.5,False,False,True,True,1,4.74,
3434,Rev3,3,W119,PX-7500,CH-D,EDG-05,Edge,0.84,130.9,73.78,69.59,66.81,462.5,True,True,True,False,0,0.0,
3435,Rev3,3,W119,PX-7500,CH-D,EDG-06,Edge,0.84,163.6,75.41,69.42,69.51,437.2,False,True,True,True,0,0.0,
3436,Rev3,3,W119,PX-7500,CH-D,EDG-07,Edge,0.84,196.4,74.27,71.61,68.86,463.1,True,True,True,False,0,0.0,
3437,Rev3,3,W119,PX-7500,CH-D,EDG-08,Edge,0.84,229.1,74.29,71.84,70.77,459.3,True,True,False,False,0,0.0,
3438,Rev3,3,W119,PX-7500,CH-D,EDG-09,Edge,0.84,261.8,76.35,70.9,70.05,483.0,False,True,True,False,2,4.15,pressure_spike
3439,Rev3,3,W119,PX-7500,CH-D,EDG-10,Edge,0.84,294.5,73.9,71.57,66.92,431.2,True,True,True,True,0,0.0,
3440,Rev3,3,W119,PX-7500,CH-D,EDG-11,Edge,0.84,327.3,74.43,72.23,69.0,442.1,True,True,True,True,1,3.75,esc_temp_drift
3441,Rev3,3,W119,PX-7500,CH-D,EXT-01,Extreme Edge,0.96,16.4,76.85,69.7,64.07,461.4,False,True,True,False,2,5.11,
3442,Rev3,3,W119,PX-7500,CH-D,EXT-02,Extreme Edge,0.96,49.1,75.57,69.17,74.46,449.0,False,True,False,True,0,0.0,
3443,Rev3,3,W119,PX-7500,CH-D,EXT-03,Extreme Edge,0.96,81.8,72.28,72.78,71.01,448.7,True,True,False,True,0,0.0,
3444,Rev3,3,W119,PX-7500,CH-D,EXT-04,Extreme Edge,0.96,114.5,78.58,71.23,66.25,459.2,False,True,True,False,1,2.44,polymer_residue
3445,Rev3,3,W119,PX-7500,CH-D,EXT-05,Extreme Edge,0.96,147.3,73.15,72.14,67.64,493.9,True,True,True,False,0,0.0,
3446,Rev3,3,W119,PX-7500,CH-D,EXT-06,Extreme Edge,0.96,180.0,77.03,72.11,73.08,462.0,False,True,False,False,0,0.0,
3447,Rev3,3,W119,PX-7500,CH-D,EXT-07,Extreme Edge,0.96,212.7,75.28,71.58,72.16,480.4,False,True,False,False,2,4.62,
3448,Rev3,3,W119,PX-7500,CH-D,EXT-08,Extreme Edge,0.96,245.5,74.46,71.24,68.08,439.7,True,True,True,True,2,6.46,
3449,Rev3,3,W119,PX-7500,CH-D,EXT-09,Extreme Edge,0.96,278.2,73.19,70.11,65.66,443.2,True,True,True,True,0,0.0,
3450,Rev3,3,W119,PX-7500,CH-D,EXT-10,Extreme Edge,0.96,310.9,75.15,70.51,71.09,452.3,True,True,False,False,1,4.6,
3451,Rev3,3,W119,PX-7500,CH-D,EXT-11,Extreme Edge,0.96,343.6,80.12,71.05,66.03,476.1,False,True,True,False,0,0.0,
3452,Base,0,W120,AE-3200,CH-A,C1,Center,0.0,0.0,74.96,72.77,69.62,401.1,True,True,True,True,0,0.0,
3453,Base,0,W120,AE-3200,CH-A,MID-01,Mid,0.52,30.0,74.37,70.35,72.4,374.0,True,True,False,False,2,11.56,polymer_residue
3454,Base,0,W120,AE-3200,CH-A,MID-02,Mid,0.52,90.0,72.78,74.5,70.37,425.6,True,False,True,True,1,5.95,
3455,Base,0,W120,AE-3200,CH-A,MID-03,Mid,0.52,150.0,75.45,69.6,71.53,407.0,False,True,False,True,1,5.71,endpoint_late
3456,Base,0,W120,AE-3200,CH-A,MID-04,Mid,0.52,210.0,71.21,76.72,67.2,409.1,True,False,True,True,1,3.58,
3457,Base,0,W120,AE-3200,CH-A,MID-05,Mid,0.52,270.0,71.69,72.33,67.99,425.8,True,True,True,True,1,4.46,
3458,Base,0,W120,AE-3200,CH-A,MID-06,Mid,0.52,330.0,70.48,74.1,69.1,439.6,True,False,True,True,0,0.0,
3459,Base,0,W120,AE-3200,CH-A,EDG-01,Edge,0.84,0.0,75.06,73.14,71.18,420.8,True,False,False,True,2,10.42,polymer_residue
3460,Base,0,W120,AE-3200,CH-A,EDG-02,Edge,0.84,32.7,74.84,73.05,70.58,400.6,True,False,True,True,1,4.36,
3461,Base,0,W120,AE-3200,CH-A,EDG-03,Edge,0.84,65.5,73.49,71.42,69.7,456.2,True,True,True,False,0,0.0,
3462,Base,0,W120,AE-3200,CH-A,EDG-04,Edge,0.84,98.2,73.36,72.0,75.17,462.7,True,True,False,False,0,0.0,
3463,Base,0,W120,AE-3200,CH-A,EDG-05,Edge,0.84,130.9,73.48,75.87,74.13,432.1,True,False,False,True,0,0.0,
3464,Base,0,W120,AE-3200,CH-A,EDG-06,Edge,0.84,163.6,73.54,74.58,72.22,393.5,True,False,False,True,1,4.49,
3465,Base,0,W120,AE-3200,CH-A,EDG-07,Edge,0.84,196.4,72.83,73.17,72.37,386.5,True,False,False,True,0,0.0,
3466,Base,0,W120,AE-3200,CH-A,EDG-08,Edge,0.84,229.1,74.39,73.77,74.95,394.4,True,False,False,True,0,0.0,
3467,Base,0,W120,AE-3200,CH-A,EDG-09,Edge,0.84,261.8,72.34,75.52,69.99,465.0,True,False,True,False,3,7.84,polymer_residue
3468,Base,0,W120,AE-3200,CH-A,EDG-10,Edge,0.84,294.5,73.32,76.13,74.51,443.1,True,False,False,True,1,6.07,esc_temp_drift
3469,Base,0,W120,AE-3200,CH-A,EDG-11,Edge,0.84,327.3,72.42,73.35,76.05,437.1,True,False,False,True,1,5.21,pressure_spike
3470,Base,0,W120,AE-3200,CH-A,EXT-01,Extreme Edge,0.96,16.4,75.58,74.34,70.2,423.3,False,False,True,True,0,0.0,
3471,Base,0,W120,AE-3200,CH-A,EXT-02,Extreme Edge,0.96,49.1,75.17,72.52,72.61,437.2,True,True,False,True,0,0.0,
3472,Base,0,W120,AE-3200,CH-A,EXT-03,Extreme Edge,0.96,81.8,76.09,73.33,75.62,450.5,False,False,False,True,1,5.07,polymer_residue
3473,Base,0,W120,AE-3200,CH-A,EXT-04,Extreme Edge,0.96,114.5,73.61,76.09,71.31,448.8,True,False,False,True,2,6.98,esc_temp_drift
3474,Base,0,W120,AE-3200,CH-A,EXT-05,Extreme Edge,0.96,147.3,72.5,76.04,74.56,447.5,True,False,False,True,0,0.0,
3475,Base,0,W120,AE-3200,CH-A,EXT-06,Extreme Edge,0.96,180.0,76.8,74.61,71.06,409.1,False,False,False,True,1,2.14,polymer_residue
3476,Base,0,W120,AE-3200,CH-A,EXT-07,Extreme Edge,0.96,212.7,73.7,74.25,69.8,440.2,True,False,True,True,3,10.29,
3477,Base,0,W120,AE-3200,CH-A,EXT-08,Extreme Edge,0.96,245.5,71.95,73.08,71.11,416.2,True,False,False,True,2,8.73,
3478,Base,0,W120,AE-3200,CH-A,EXT-09,Extreme Edge,0.96,278.2,75.56,77.82,73.9,433.3,False,False,False,True,1,1.94,pressure_spike
3479,Base,0,W120,AE-3200,CH-A,EXT-10,Extreme Edge,0.96,310.9,75.56,73.12,77.59,447.4,False,False,False,True,1,2.54,
3480,Base,0,W120,AE-3200,CH-A,EXT-11,Extreme Edge,0.96,343.6,75.18,75.69,71.95,426.3,True,False,False,True,0,0.0,
3481,Rev9,9,W121,AE-3200,CH-B,C1,Center,0.0,0.0,73.5,69.9,63.49,441.7,True,True,True,True,0,0.0,
3482,Rev9,9,W121,AE-3200,CH-B,MID-01,Mid,0.52,30.0,72.93,73.68,64.34,418.4,True,False,True,True,0,0.0,
3483,Rev9,9,W121,AE-3200,CH-B,MID-02,Mid,0.52,90.0,74.15,69.39,68.54,410.2,True,True,True,True,0,0.0,
3484,Rev9,9,W121,AE-3200,CH-B,MID-03,Mid,0.52,150.0,71.42,71.82,59.68,367.4,True,True,True,False,1,3.01,polymer_residue
3485,Rev9,9,W121,AE-3200,CH-B,MID-04,Mid,0.52,210.0,71.83,72.08,64.96,452.1,True,True,True,False,1,6.31,
3486,Rev9,9,W121,AE-3200,CH-B,MID-05,Mid,0.52,270.0,71.89,68.48,66.24,388.3,True,True,True,True,0,0.0,
3487,Rev9,9,W121,AE-3200,CH-B,MID-06,Mid,0.52,330.0,74.55,69.25,66.56,374.0,True,True,True,False,0,0.0,
3488,Rev9,9,W121,AE-3200,CH-B,EDG-01,Edge,0.84,0.0,75.34,70.39,70.97,409.1,False,True,False,True,3,13.94,polymer_residue
3489,Rev9,9,W121,AE-3200,CH-B,EDG-02,Edge,0.84,32.7,76.52,72.04,62.91,423.1,False,True,True,True,1,4.57,polymer_residue
3490,Rev9,9,W121,AE-3200,CH-B,EDG-03,Edge,0.84,65.5,74.71,72.4,67.58,371.3,True,True,True,False,0,0.0,
3491,Rev9,9,W121,AE-3200,CH-B,EDG-04,Edge,0.84,98.2,75.34,74.69,67.96,407.2,False,False,True,True,0,0.0,
3492,Rev9,9,W121,AE-3200,CH-B,EDG-05,Edge,0.84,130.9,74.21,71.62,61.61,405.5,True,True,True,True,0,0.0,
3493,Rev9,9,W121,AE-3200,CH-B,EDG-06,Edge,0.84,163.6,74.25,72.99,67.9,414.5,True,False,True,True,0,0.0,
3494,Rev9,9,W121,AE-3200,CH-B,EDG-07,Edge,0.84,196.4,76.53,71.53,68.7,382.4,False,True,True,True,0,0.0,
3495,Rev9,9,W121,AE-3200,CH-B,EDG-08,Edge,0.84,229.1,71.35,72.97,65.9,382.9,True,False,True,True,0,0.0,
3496,Rev9,9,W121,AE-3200,CH-B,EDG-09,Edge,0.84,261.8,74.61,72.63,67.8,374.8,True,True,True,False,0,0.0,
3497,Rev9,9,W121,AE-3200,CH-B,EDG-10,Edge,0.84,294.5,74.61,71.15,68.06,409.2,True,True,True,True,0,0.0,
3498,Rev9,9,W121,AE-3200,CH-B,EDG-11,Edge,0.84,327.3,75.11,72.42,70.08,425.8,True,True,True,True,0,0.0,
3499,Rev9,9,W121,AE-3200,CH-B,EXT-01,Extreme Edge,0.96,16.4,72.05,71.63,67.37,420.6,True,True,True,True,0,0.0,
3500,Rev9,9,W121,AE-3200,CH-B,EXT-02,Extreme Edge,0.96,49.1,76.21,72.13,63.85,417.2,False,True,True,True,1,5.41,arc_event
3501,Rev9,9,W121,AE-3200,CH-B,EXT-03,Extreme Edge,0.96,81.8,75.52,71.2,68.5,405.8,False,True,True,True,0,0.0,
3502,Rev9,9,W121,AE-3200,CH-B,EXT-04,Extreme Edge,0.96,114.5,74.9,72.32,67.8,442.7,True,True,True,True,0,0.0,
3503,Rev9,9,W121,AE-3200,CH-B,EXT-05,Extreme Edge,0.96,147.3,73.65,73.92,65.28,433.6,True,False,True,True,2,11.81,polymer_residue
3504,Rev9,9,W121,AE-3200,CH-B,EXT-06,Extreme Edge,0.96,180.0,74.15,72.33,69.38,403.7,True,True,True,True,0,0.0,
3505,Rev9,9,W121,AE-3200,CH-B,EXT-07,Extreme Edge,0.96,212.7,76.27,75.94,62.66,412.9,False,False,True,True,0,0.0,
3506,Rev9,9,W121,AE-3200,CH-B,EXT-08,Extreme Edge,0.96,245.5,75.89,72.54,71.76,433.2,False,True,False,True,0,0.0,
3507,Rev9,9,W121,AE-3200,CH-B,EXT-09,Extreme Edge,0.96,278.2,77.04,70.75,63.0,350.4,False,True,True,False,1,2.41,arc_event
3508,Rev9,9,W121,AE-3200,CH-B,EXT-10,Extreme Edge,0.96,310.9,75.79,72.11,66.5,377.1,False,True,True,True,0,0.0,
3509,Rev9,9,W121,AE-3200,CH-B,EXT-11,Extreme Edge,0.96,343.6,72.94,73.42,65.45,411.5,True,False,True,True,2,11.15,
3510,Rev8,8,W122,AE-3200,CH-A,C1,Center,0.0,0.0,72.32,69.04,57.25,376.9,True,True,False,True,0,0.0,
3511,Rev8,8,W122,AE-3200,CH-A,MID-01,Mid,0.52,30.0,74.03,70.63,67.56,382.9,True,True,True,True,0,0.0,
3512,Rev8,8,W122,AE-3200,CH-A,MID-02,Mid,0.52,90.0,73.21,72.23,61.93,384.6,True,True,True,True,0,0.0,
3513,Rev8,8,W122,AE-3200,CH-A,MID-03,Mid,0.52,150.0,76.09,68.39,66.3,381.7,False,True,True,True,1,2.99,polymer_residue
3514,Rev8,8,W122,AE-3200,CH-A,MID-04,Mid,0.52,210.0,75.94,69.23,68.42,402.3,False,True,True,True,0,0.0,
3515,Rev8,8,W122,AE-3200,CH-A,MID-05,Mid,0.52,270.0,76.83,72.12,67.65,376.9,False,True,True,True,0,0.0,
3516,Rev8,8,W122,AE-3200,CH-A,MID-06,Mid,0.52,330.0,73.48,72.13,64.51,400.0,True,True,True,True,0,0.0,
3517,Rev8,8,W122,AE-3200,CH-A,EDG-01,Edge,0.84,0.0,76.64,74.63,64.2,426.1,False,False,True,True,0,0.0,
3518,Rev8,8,W122,AE-3200,CH-A,EDG-02,Edge,0.84,32.7,76.56,72.76,68.48,412.3,False,True,True,True,0,0.0,
3519,Rev8,8,W122,AE-3200,CH-A,EDG-03,Edge,0.84,65.5,74.39,72.52,64.34,410.5,True,True,True,True,0,0.0,
3520,Rev8,8,W122,AE-3200,CH-A,EDG-04,Edge,0.84,98.2,74.89,70.7,64.8,422.9,True,True,True,True,0,0.0,
3521,Rev8,8,W122,AE-3200,CH-A,EDG-05,Edge,0.84,130.9,77.64,74.81,63.12,417.0,False,False,True,True,0,0.0,
3522,Rev8,8,W122,AE-3200,CH-A,EDG-06,Edge,0.84,163.6,77.04,71.52,67.18,431.5,False,True,True,True,1,5.04,
3523,Rev8,8,W122,AE-3200,CH-A,EDG-07,Edge,0.84,196.4,74.72,72.53,73.55,375.5,True,True,False,False,1,6.12,
3524,Rev8,8,W122,AE-3200,CH-A,EDG-08,Edge,0.84,229.1,75.46,71.4,70.79,389.5,False,True,False,True,0,0.0,
3525,Rev8,8,W122,AE-3200,CH-A,EDG-09,Edge,0.84,261.8,74.37,73.79,68.53,399.8,True,False,True,True,1,2.09,polymer_residue
3526,Rev8,8,W122,AE-3200,CH-A,EDG-10,Edge,0.84,294.5,77.42,73.17,61.95,394.4,False,False,True,True,0,0.0,
3527,Rev8,8,W122,AE-3200,CH-A,EDG-11,Edge,0.84,327.3,76.8,72.17,60.55,421.5,False,True,True,True,1,5.46,pressure_spike
3528,Rev8,8,W122,AE-3200,CH-A,EXT-01,Extreme Edge,0.96,16.4,77.28,75.31,67.8,430.8,False,False,True,True,0,0.0,
3529,Rev8,8,W122,AE-3200,CH-A,EXT-02,Extreme Edge,0.96,49.1,73.97,74.2,68.01,429.2,True,False,True,True,0,0.0,
3530,Rev8,8,W122,AE-3200,CH-A,EXT-03,Extreme Edge,0.96,81.8,75.61,76.32,75.41,435.6,False,False,False,True,0,0.0,
3531,Rev8,8,W122,AE-3200,CH-A,EXT-04,Extreme Edge,0.96,114.5,73.07,72.82,67.84,412.5,True,False,True,True,0,0.0,
3532,Rev8,8,W122,AE-3200,CH-A,EXT-05,Extreme Edge,0.96,147.3,76.47,73.28,67.92,420.8,False,False,True,True,0,0.0,
3533,Rev8,8,W122,AE-3200,CH-A,EXT-06,Extreme Edge,0.96,180.0,73.01,73.63,65.82,366.3,True,False,True,False,0,0.0,
3534,Rev8,8,W122,AE-3200,CH-A,EXT-07,Extreme Edge,0.96,212.7,77.85,73.31,71.14,421.7,False,False,False,True,0,0.0,
3535,Rev8,8,W122,AE-3200,CH-A,EXT-08,Extreme Edge,0.96,245.5,73.56,70.28,68.47,429.0,True,True,True,True,0,0.0,
3536,Rev8,8,W122,AE-3200,CH-A,EXT-09,Extreme Edge,0.96,278.2,80.13,72.64,73.89,468.6,False,True,False,False,0,0.0,
3537,Rev8,8,W122,AE-3200,CH-A,EXT-10,Extreme Edge,0.96,310.9,76.68,74.79,73.83,423.6,False,False,False,True,0,0.0,
3538,Rev8,8,W122,AE-3200,CH-A,EXT-11,Extreme Edge,0.96,343.6,75.19,73.86,64.74,392.8,True,False,True,True,1,6.44,
3539,Rev3,3,W123,PX-7500,CH-D,C1,Center,0.0,0.0,70.05,67.71,68.28,405.1,True,True,True,True,0,0.0,
3540,Rev3,3,W123,PX-7500,CH-D,MID-01,Mid,0.52,30.0,71.41,67.4,67.91,394.4,True,True,True,True,0,0.0,
3541,Rev3,3,W123,PX-7500,CH-D,MID-02,Mid,0.52,90.0,72.22,70.38,65.28,390.7,True,True,True,True,0,0.0,
3542,Rev3,3,W123,PX-7500,CH-D,MID-03,Mid,0.52,150.0,70.85,69.36,66.2,470.1,True,True,True,False,0,0.0,
3543,Rev3,3,W123,PX-7500,CH-D,MID-04,Mid,0.52,210.0,71.18,68.24,62.29,400.3,True,True,True,True,0,0.0,
3544,Rev3,3,W123,PX-7500,CH-D,MID-05,Mid,0.52,270.0,75.15,70.43,66.93,443.2,True,True,True,True,0,0.0,
3545,Rev3,3,W123,PX-7500,CH-D,MID-06,Mid,0.52,330.0,72.89,70.94,61.93,443.5,True,True,True,True,0,0.0,
3546,Rev3,3,W123,PX-7500,CH-D,EDG-01,Edge,0.84,0.0,72.15,70.2,68.55,393.9,True,True,True,True,1,6.2,polymer_residue
3547,Rev3,3,W123,PX-7500,CH-D,EDG-02,Edge,0.84,32.7,74.07,69.02,64.51,436.4,True,True,True,True,0,0.0,
3548,Rev3,3,W123,PX-7500,CH-D,EDG-03,Edge,0.84,65.5,73.67,67.31,65.34,400.9,True,True,True,True,0,0.0,
3549,Rev3,3,W123,PX-7500,CH-D,EDG-04,Edge,0.84,98.2,74.1,69.1,62.96,438.3,True,True,True,True,0,0.0,
3550,Rev3,3,W123,PX-7500,CH-D,EDG-05,Edge,0.84,130.9,73.24,71.21,70.51,431.9,True,True,True,True,1,4.46,endpoint_late
3551,Rev3,3,W123,PX-7500,CH-D,EDG-06,Edge,0.84,163.6,73.31,74.69,70.54,417.3,True,False,True,True,0,0.0,
3552,Rev3,3,W123,PX-7500,CH-D,EDG-07,Edge,0.84,196.4,75.45,74.8,65.99,433.1,False,False,True,True,1,3.87,
3553,Rev3,3,W123,PX-7500,CH-D,EDG-08,Edge,0.84,229.1,71.79,68.8,62.46,422.8,True,True,True,True,2,11.02,polymer_residue
3554,Rev3,3,W123,PX-7500,CH-D,EDG-09,Edge,0.84,261.8,74.8,71.3,62.49,443.9,True,True,True,True,0,0.0,
3555,Rev3,3,W123,PX-7500,CH-D,EDG-10,Edge,0.84,294.5,73.29,71.99,68.33,445.1,True,True,True,True,0,0.0,
3556,Rev3,3,W123,PX-7500,CH-D,EDG-11,Edge,0.84,327.3,73.27,71.24,68.8,455.1,True,True,True,False,1,5.08,
3557,Rev3,3,W123,PX-7500,CH-D,EXT-01,Extreme Edge,0.96,16.4,76.64,70.4,66.75,380.6,False,True,True,True,0,0.0,
3558,Rev3,3,W123,PX-7500,CH-D,EXT-02,Extreme Edge,0.96,49.1,74.56,68.64,64.77,421.2,True,True,True,True,1,5.93,arc_event
3559,Rev3,3,W123,PX-7500,CH-D,EXT-03,Extreme Edge,0.96,81.8,74.55,72.11,66.95,421.7,True,True,True,True,0,0.0,
3560,Rev3,3,W123,PX-7500,CH-D,EXT-04,Extreme Edge,0.96,114.5,72.38,70.81,67.12,445.4,True,True,True,True,0,0.0,
3561,Rev3,3,W123,PX-7500,CH-D,EXT-05,Extreme Edge,0.96,147.3,73.75,70.26,63.97,462.2,True,True,True,False,1,4.87,esc_temp_drift
3562,Rev3,3,W123,PX-7500,CH-D,EXT-06,Extreme Edge,0.96,180.0,73.42,70.78,67.31,439.8,True,True,True,True,0,0.0,
3563,Rev3,3,W123,PX-7500,CH-D,EXT-07,Extreme Edge,0.96,212.7,74.83,73.58,66.4,462.5,True,False,True,False,0,0.0,
3564,Rev3,3,W123,PX-7500,CH-D,EXT-08,Extreme Edge,0.96,245.5,72.22,71.25,68.33,435.9,True,True,True,True,2,8.51,
3565,Rev3,3,W123,PX-7500,CH-D,EXT-09,Extreme Edge,0.96,278.2,73.33,70.21,64.82,429.3,True,True,True,True,0,0.0,
3566,Rev3,3,W123,PX-7500,CH-D,EXT-10,Extreme Edge,0.96,310.9,73.83,73.3,72.05,470.1,True,False,False,False,1,6.09,arc_event
3567,Rev3,3,W123,PX-7500,CH-D,EXT-11,Extreme Edge,0.96,343.6,73.7,70.96,72.35,406.4,True,True,False,True,1,5.29,
3568,Rev9,9,W124,AE-3200,CH-B,C1,Center,0.0,0.0,74.01,69.42,60.94,382.1,True,True,True,True,0,0.0,
3569,Rev9,9,W124,AE-3200,CH-B,MID-01,Mid,0.52,30.0,75.4,75.52,64.51,366.6,False,False,True,False,0,0.0,
3570,Rev9,9,W124,AE-3200,CH-B,MID-02,Mid,0.52,90.0,72.99,70.7,65.69,372.0,True,True,True,False,0,0.0,
3571,Rev9,9,W124,AE-3200,CH-B,MID-03,Mid,0.52,150.0,75.03,70.62,62.44,389.6,True,True,True,True,0,0.0,
3572,Rev9,9,W124,AE-3200,CH-B,MID-04,Mid,0.52,210.0,72.86,70.06,66.25,368.0,True,True,True,False,0,0.0,
3573,Rev9,9,W124,AE-3200,CH-B,MID-05,Mid,0.52,270.0,75.51,68.12,63.36,410.3,False,True,True,True,0,0.0,
3574,Rev9,9,W124,AE-3200,CH-B,MID-06,Mid,0.52,330.0,73.93,67.62,69.94,364.5,True,True,True,False,0,0.0,
3575,Rev9,9,W124,AE-3200,CH-B,EDG-01,Edge,0.84,0.0,75.66,70.73,70.77,401.2,False,True,False,True,0,0.0,
3576,Rev9,9,W124,AE-3200,CH-B,EDG-02,Edge,0.84,32.7,78.25,70.14,64.12,371.7,False,True,True,False,0,0.0,
3577,Rev9,9,W124,AE-3200,CH-B,EDG-03,Edge,0.84,65.5,71.98,71.59,67.55,405.4,True,True,True,True,0,0.0,
3578,Rev9,9,W124,AE-3200,CH-B,EDG-04,Edge,0.84,98.2,75.35,72.57,65.47,427.4,False,True,True,True,0,0.0,
3579,Rev9,9,W124,AE-3200,CH-B,EDG-05,Edge,0.84,130.9,72.5,70.91,62.24,416.9,True,True,True,True,0,0.0,
3580,Rev9,9,W124,AE-3200,CH-B,EDG-06,Edge,0.84,163.6,76.69,73.54,71.38,397.3,False,False,False,True,0,0.0,
3581,Rev9,9,W124,AE-3200,CH-B,EDG-07,Edge,0.84,196.4,75.05,71.91,67.51,401.3,True,True,True,True,2,12.24,polymer_residue
3582,Rev9,9,W124,AE-3200,CH-B,EDG-08,Edge,0.84,229.1,75.29,69.83,66.1,389.4,False,True,True,True,0,0.0,
3583,Rev9,9,W124,AE-3200,CH-B,EDG-09,Edge,0.84,261.8,74.82,73.06,64.39,379.8,True,False,True,True,1,4.76,
3584,Rev9,9,W124,AE-3200,CH-B,EDG-10,Edge,0.84,294.5,75.02,70.74,66.92,399.0,True,True,True,True,0,0.0,
3585,Rev9,9,W124,AE-3200,CH-B,EDG-11,Edge,0.84,327.3,73.81,72.96,65.4,369.1,True,False,True,False,0,0.0,
3586,Rev9,9,W124,AE-3200,CH-B,EXT-01,Extreme Edge,0.96,16.4,74.06,70.91,67.15,381.7,True,True,True,True,1,6.43,
3587,Rev9,9,W124,AE-3200,CH-B,EXT-02,Extreme Edge,0.96,49.1,76.51,74.41,71.46,418.7,False,False,False,True,0,0.0,
3588,Rev9,9,W124,AE-3200,CH-B,EXT-03,Extreme Edge,0.96,81.8,78.03,71.31,65.81,399.8,False,True,True,True,1,5.26,
3589,Rev9,9,W124,AE-3200,CH-B,EXT-04,Extreme Edge,0.96,114.5,74.14,73.28,67.33,393.3,True,False,True,True,1,6.18,polymer_residue
3590,Rev9,9,W124,AE-3200,CH-B,EXT-05,Extreme Edge,0.96,147.3,75.72,74.0,65.88,422.0,False,False,True,True,1,3.01,polymer_residue
3591,Rev9,9,W124,AE-3200,CH-B,EXT-06,Extreme Edge,0.96,180.0,73.81,72.07,69.28,396.6,True,True,True,True,0,0.0,
3592,Rev9,9,W124,AE-3200,CH-B,EXT-07,Extreme Edge,0.96,212.7,77.81,74.1,73.37,396.6,False,False,False,True,0,0.0,
3593,Rev9,9,W124,AE-3200,CH-B,EXT-08,Extreme Edge,0.96,245.5,73.55,72.53,68.14,399.6,True,True,True,True,2,6.69,
3594,Rev9,9,W124,AE-3200,CH-B,EXT-09,Extreme Edge,0.96,278.2,76.27,71.82,70.27,385.3,False,True,True,True,0,0.0,
3595,Rev9,9,W124,AE-3200,CH-B,EXT-10,Extreme Edge,0.96,310.9,74.54,73.36,68.86,390.3,True,False,True,True,0,0.0,
3596,Rev9,9,W124,AE-3200,CH-B,EXT-11,Extreme Edge,0.96,343.6,76.38,72.07,67.21,418.2,False,True,True,True,1,5.62,esc_temp_drift
3597,Rev10,10,W125,PX-7500,CH-C,C1,Center,0.0,0.0,71.42,72.28,69.4,386.6,True,True,True,True,0,0.0,
3598,Rev10,10,W125,PX-7500,CH-C,MID-01,Mid,0.52,30.0,74.0,67.22,71.39,414.7,True,True,False,True,1,3.31,pressure_spike
3599,Rev10,10,W125,PX-7500,CH-C,MID-02,Mid,0.52,90.0,71.7,70.88,70.7,379.1,True,True,False,True,0,0.0,
3600,Rev10,10,W125,PX-7500,CH-C,MID-03,Mid,0.52,150.0,72.31,70.42,64.81,378.3,True,True,True,True,1,3.59,endpoint_late
3601,Rev10,10,W125,PX-7500,CH-C,MID-04,Mid,0.52,210.0,75.22,68.54,66.42,383.2,False,True,True,True,0,0.0,
3602,Rev10,10,W125,PX-7500,CH-C,MID-05,Mid,0.52,270.0,73.65,70.54,67.31,383.2,True,True,True,True,0,0.0,
3603,Rev10,10,W125,PX-7500,CH-C,MID-06,Mid,0.52,330.0,73.15,70.1,64.45,384.2,True,True,True,True,0,0.0,
3604,Rev10,10,W125,PX-7500,CH-C,EDG-01,Edge,0.84,0.0,74.73,71.38,74.66,425.5,True,True,False,True,1,3.57,polymer_residue
3605,Rev10,10,W125,PX-7500,CH-C,EDG-02,Edge,0.84,32.7,75.56,73.27,70.2,376.1,False,False,True,True,0,0.0,
3606,Rev10,10,W125,PX-7500,CH-C,EDG-03,Edge,0.84,65.5,73.09,69.38,68.81,391.8,True,True,True,True,0,0.0,
3607,Rev10,10,W125,PX-7500,CH-C,EDG-04,Edge,0.84,98.2,75.49,70.41,66.44,401.8,False,True,True,True,0,0.0,
3608,Rev10,10,W125,PX-7500,CH-C,EDG-05,Edge,0.84,130.9,75.2,69.84,70.88,389.9,True,True,False,True,1,2.54,
3609,Rev10,10,W125,PX-7500,CH-C,EDG-06,Edge,0.84,163.6,72.53,66.75,73.9,389.3,True,True,False,True,0,0.0,
3610,Rev10,10,W125,PX-7500,CH-C,EDG-07,Edge,0.84,196.4,73.83,72.42,68.6,381.6,True,True,True,True,0,0.0,
3611,Rev10,10,W125,PX-7500,CH-C,EDG-08,Edge,0.84,229.1,72.97,70.69,72.12,394.7,True,True,False,True,0,0.0,
3612,Rev10,10,W125,PX-7500,CH-C,EDG-09,Edge,0.84,261.8,77.36,72.3,75.39,375.2,False,True,False,False,0,0.0,
3613,Rev10,10,W125,PX-7500,CH-C,EDG-10,Edge,0.84,294.5,76.55,70.74,63.99,398.9,False,True,True,True,1,4.3,pressure_spike
3614,Rev10,10,W125,PX-7500,CH-C,EDG-11,Edge,0.84,327.3,75.9,74.67,76.93,398.9,False,False,False,True,0,0.0,
3615,Rev10,10,W125,PX-7500,CH-C,EXT-01,Extreme Edge,0.96,16.4,74.82,71.93,70.34,398.6,True,True,True,True,0,0.0,
3616,Rev10,10,W125,PX-7500,CH-C,EXT-02,Extreme Edge,0.96,49.1,73.96,71.78,66.87,379.6,True,True,True,True,0,0.0,
3617,Rev10,10,W125,PX-7500,CH-C,EXT-03,Extreme Edge,0.96,81.8,76.44,71.32,66.84,388.9,False,True,True,True,0,0.0,
3618,Rev10,10,W125,PX-7500,CH-C,EXT-04,Extreme Edge,0.96,114.5,76.02,69.55,69.43,389.5,False,True,True,True,0,0.0,
3619,Rev10,10,W125,PX-7500,CH-C,EXT-05,Extreme Edge,0.96,147.3,72.07,72.64,69.95,396.2,True,True,True,True,0,0.0,
3620,Rev10,10,W125,PX-7500,CH-C,EXT-06,Extreme Edge,0.96,180.0,74.2,70.82,75.39,405.6,True,True,False,True,0,0.0,
3621,Rev10,10,W125,PX-7500,CH-C,EXT-07,Extreme Edge,0.96,212.7,76.0,72.43,68.61,401.8,False,True,True,True,0,0.0,
3622,Rev10,10,W125,PX-7500,CH-C,EXT-08,Extreme Edge,0.96,245.5,75.76,73.45,73.1,382.3,False,False,False,True,0,0.0,
3623,Rev10,10,W125,PX-7500,CH-C,EXT-09,Extreme Edge,0.96,278.2,75.92,71.62,70.19,452.5,False,True,True,False,0,0.0,
3624,Rev10,10,W125,PX-7500,CH-C,EXT-10,Extreme Edge,0.96,310.9,75.11,72.69,72.11,382.5,True,True,False,True,0,0.0,
3625,Rev10,10,W125,PX-7500,CH-C,EXT-11,Extreme Edge,0.96,343.6,76.01,71.41,71.66,383.9,False,True,False,True,0,0.0,
3626,Rev6,6,W126,PX-7500,CH-C,C1,Center,0.0,0.0,73.31,70.46,61.31,460.1,True,True,True,False,0,0.0,
3627,Rev6,6,W126,PX-7500,CH-C,MID-01,Mid,0.52,30.0,73.38,67.85,66.16,416.0,True,True,True,True,0,0.0,
3628,Rev6,6,W126,PX-7500,CH-C,MID-02,Mid,0.52,90.0,71.71,67.29,70.45,425.2,True,True,True,True,2,9.28,
3629,Rev6,6,W126,PX-7500,CH-C,MID-03,Mid,0.52,150.0,74.64,72.52,69.92,437.5,True,True,True,True,0,0.0,
3630,Rev6,6,W126,PX-7500,CH-C,MID-04,Mid,0.52,210.0,73.58,72.25,64.99,457.4,True,True,True,False,0,0.0,
3631,Rev6,6,W126,PX-7500,CH-C,MID-05,Mid,0.52,270.0,69.95,65.52,71.32,487.5,True,False,False,False,2,12.24,endpoint_late
3632,Rev6,6,W126,PX-7500,CH-C,MID-06,Mid,0.52,330.0,71.12,72.13,67.03,427.3,True,True,True,True,0,0.0,
3633,Rev6,6,W126,PX-7500,CH-C,EDG-01,Edge,0.84,0.0,73.72,69.89,68.94,388.9,True,True,True,True,1,3.41,
3634,Rev6,6,W126,PX-7500,CH-C,EDG-02,Edge,0.84,32.7,73.64,70.76,66.62,432.8,True,True,True,True,1,4.33,polymer_residue
3635,Rev6,6,W126,PX-7500,CH-C,EDG-03,Edge,0.84,65.5,71.93,70.41,67.28,453.0,True,True,True,False,0,0.0,
3636,Rev6,6,W126,PX-7500,CH-C,EDG-04,Edge,0.84,98.2,74.0,71.74,66.45,414.5,True,True,True,True,0,0.0,
3637,Rev6,6,W126,PX-7500,CH-C,EDG-05,Edge,0.84,130.9,72.92,70.22,62.88,447.1,True,True,True,True,0,0.0,
3638,Rev6,6,W126,PX-7500,CH-C,EDG-06,Edge,0.84,163.6,73.96,69.56,71.27,442.9,True,True,False,True,1,3.27,
3639,Rev6,6,W126,PX-7500,CH-C,EDG-07,Edge,0.84,196.4,74.61,68.57,70.05,469.0,True,True,True,False,3,11.84,
3640,Rev6,6,W126,PX-7500,CH-C,EDG-08,Edge,0.84,229.1,72.92,69.51,71.91,453.2,True,True,False,False,0,0.0,
3641,Rev6,6,W126,PX-7500,CH-C,EDG-09,Edge,0.84,261.8,71.32,69.49,70.0,442.3,True,True,True,True,0,0.0,
3642,Rev6,6,W126,PX-7500,CH-C,EDG-10,Edge,0.84,294.5,74.54,69.77,67.96,383.5,True,True,True,True,2,4.1,esc_temp_drift
3643,Rev6,6,W126,PX-7500,CH-C,EDG-11,Edge,0.84,327.3,73.07,71.14,61.92,409.3,True,True,True,True,0,0.0,
3644,Rev6,6,W126,PX-7500,CH-C,EXT-01,Extreme Edge,0.96,16.4,72.88,72.49,70.33,440.2,True,True,True,True,1,4.29,polymer_residue
3645,Rev6,6,W126,PX-7500,CH-C,EXT-02,Extreme Edge,0.96,49.1,73.7,69.82,65.19,393.9,True,True,True,True,1,2.46,
3646,Rev6,6,W126,PX-7500,CH-C,EXT-03,Extreme Edge,0.96,81.8,73.62,70.2,74.47,453.3,True,True,False,False,0,0.0,
3647,Rev6,6,W126,PX-7500,CH-C,EXT-04,Extreme Edge,0.96,114.5,75.05,72.25,67.55,431.5,True,True,True,True,1,3.17,
3648,Rev6,6,W126,PX-7500,CH-C,EXT-05,Extreme Edge,0.96,147.3,74.68,72.39,68.15,448.6,True,True,True,True,0,0.0,
3649,Rev6,6,W126,PX-7500,CH-C,EXT-06,Extreme Edge,0.96,180.0,74.93,69.13,72.74,440.4,True,True,False,True,0,0.0,
3650,Rev6,6,W126,PX-7500,CH-C,EXT-07,Extreme Edge,0.96,212.7,73.37,70.35,68.68,418.1,True,True,True,True,0,0.0,
3651,Rev6,6,W126,PX-7500,CH-C,EXT-08,Extreme Edge,0.96,245.5,74.99,71.4,67.54,437.5,True,True,True,True,0,0.0,
3652,Rev6,6,W126,PX-7500,CH-C,EXT-09,Extreme Edge,0.96,278.2,73.45,70.39,67.76,466.7,True,True,True,False,3,8.21,pressure_spike
3653,Rev6,6,W126,PX-7500,CH-C,EXT-10,Extreme Edge,0.96,310.9,75.81,70.15,71.04,484.4,False,True,False,False,1,2.1,polymer_residue
3654,Rev6,6,W126,PX-7500,CH-C,EXT-11,Extreme Edge,0.96,343.6,75.85,71.64,74.06,424.2,False,True,False,True,2,11.93,
3655,Base,0,W127,AE-3200,CH-A,C1,Center,0.0,0.0,69.63,71.25,63.66,416.2,True,True,True,True,0,0.0,
3656,Base,0,W127,AE-3200,CH-A,MID-01,Mid,0.52,30.0,72.11,72.08,68.83,463.4,True,True,True,False,0,0.0,
3657,Base,0,W127,AE-3200,CH-A,MID-02,Mid,0.52,90.0,71.6,70.54,69.2,444.8,True,True,True,True,0,0.0,
3658,Base,0,W127,AE-3200,CH-A,MID-03,Mid,0.52,150.0,69.1,75.11,65.43,422.8,True,False,True,True,0,0.0,
3659,Base,0,W127,AE-3200,CH-A,MID-04,Mid,0.52,210.0,70.27,69.46,69.06,445.2,True,True,True,True,1,3.06,
3660,Base,0,W127,AE-3200,CH-A,MID-05,Mid,0.52,270.0,71.29,74.09,68.98,455.0,True,False,True,False,0,0.0,
3661,Base,0,W127,AE-3200,CH-A,MID-06,Mid,0.52,330.0,72.44,71.44,73.79,452.4,True,True,False,False,1,4.75,
3662,Base,0,W127,AE-3200,CH-A,EDG-01,Edge,0.84,0.0,72.41,70.75,64.54,454.7,True,True,True,False,2,8.23,esc_temp_drift
3663,Base,0,W127,AE-3200,CH-A,EDG-02,Edge,0.84,32.7,74.2,74.85,75.07,424.9,True,False,False,True,1,5.21,
3664,Base,0,W127,AE-3200,CH-A,EDG-03,Edge,0.84,65.5,74.24,72.78,73.01,446.2,True,True,False,True,1,1.87,polymer_residue
3665,Base,0,W127,AE-3200,CH-A,EDG-04,Edge,0.84,98.2,72.72,71.24,73.04,435.9,True,True,False,True,0,0.0,
3666,Base,0,W127,AE-3200,CH-A,EDG-05,Edge,0.84,130.9,74.3,72.0,66.17,463.5,True,True,True,False,1,2.15,polymer_residue
3667,Base,0,W127,AE-3200,CH-A,EDG-06,Edge,0.84,163.6,74.21,73.25,68.51,461.9,True,False,True,False,0,0.0,
3668,Base,0,W127,AE-3200,CH-A,EDG-07,Edge,0.84,196.4,73.89,72.82,74.45,488.2,True,False,False,False,1,4.06,
3669,Base,0,W127,AE-3200,CH-A,EDG-08,Edge,0.84,229.1,72.72,71.93,72.76,420.7,True,True,False,True,1,2.69,polymer_residue
3670,Base,0,W127,AE-3200,CH-A,EDG-09,Edge,0.84,261.8,72.27,73.44,70.36,451.4,True,False,True,True,1,2.16,
3671,Base,0,W127,AE-3200,CH-A,EDG-10,Edge,0.84,294.5,73.99,72.47,67.96,444.9,True,True,True,True,1,4.48,
3672,Base,0,W127,AE-3200,CH-A,EDG-11,Edge,0.84,327.3,71.33,71.6,61.65,447.6,True,True,True,True,0,0.0,
3673,Base,0,W127,AE-3200,CH-A,EXT-01,Extreme Edge,0.96,16.4,72.14,73.75,66.37,452.5,True,False,True,False,1,5.68,
3674,Base,0,W127,AE-3200,CH-A,EXT-02,Extreme Edge,0.96,49.1,74.6,71.83,71.79,423.0,True,True,False,True,1,2.42,
3675,Base,0,W127,AE-3200,CH-A,EXT-03,Extreme Edge,0.96,81.8,74.38,73.86,67.73,463.0,True,False,True,False,3,14.38,polymer_residue
3676,Base,0,W127,AE-3200,CH-A,EXT-04,Extreme Edge,0.96,114.5,71.42,74.57,70.41,464.0,True,False,True,False,0,0.0,
3677,Base,0,W127,AE-3200,CH-A,EXT-05,Extreme Edge,0.96,147.3,72.37,72.71,70.01,438.4,True,True,True,True,0,0.0,
3678,Base,0,W127,AE-3200,CH-A,EXT-06,Extreme Edge,0.96,180.0,72.11,74.66,67.28,463.1,True,False,True,False,1,5.46,endpoint_late
3679,Base,0,W127,AE-3200,CH-A,EXT-07,Extreme Edge,0.96,212.7,73.57,71.68,71.6,499.5,True,True,False,False,2,11.14,
3680,Base,0,W127,AE-3200,CH-A,EXT-08,Extreme Edge,0.96,245.5,73.42,73.14,71.16,459.1,True,False,False,False,0,0.0,
3681,Base,0,W127,AE-3200,CH-A,EXT-09,Extreme Edge,0.96,278.2,72.46,74.08,71.04,451.3,True,False,False,True,0,0.0,
3682,Base,0,W127,AE-3200,CH-A,EXT-10,Extreme Edge,0.96,310.9,74.98,73.23,68.93,472.9,True,False,True,False,1,3.42,
3683,Base,0,W127,AE-3200,CH-A,EXT-11,Extreme Edge,0.96,343.6,74.31,74.52,70.13,460.5,True,False,True,False,1,2.95,arc_event
3684,Rev6,6,W128,PX-7500,CH-C,C1,Center,0.0,0.0,69.4,70.22,68.87,435.9,True,True,True,True,0,0.0,
3685,Rev6,6,W128,PX-7500,CH-C,MID-01,Mid,0.52,30.0,70.27,67.7,68.65,438.3,True,True,True,True,0,0.0,
3686,Rev6,6,W128,PX-7500,CH-C,MID-02,Mid,0.52,90.0,73.63,71.76,66.9,435.2,True,True,True,True,0,0.0,
3687,Rev6,6,W128,PX-7500,CH-C,MID-03,Mid,0.52,150.0,72.37,71.66,66.64,458.3,True,True,True,False,0,0.0,
3688,Rev6,6,W128,PX-7500,CH-C,MID-04,Mid,0.52,210.0,70.29,70.53,69.02,441.5,True,True,True,True,0,0.0,
3689,Rev6,6,W128,PX-7500,CH-C,MID-05,Mid,0.52,270.0,71.79,66.51,64.43,455.8,True,True,True,False,0,0.0,
3690,Rev6,6,W128,PX-7500,CH-C,MID-06,Mid,0.52,330.0,72.21,72.97,63.59,473.2,True,False,True,False,2,3.7,
3691,Rev6,6,W128,PX-7500,CH-C,EDG-01,Edge,0.84,0.0,71.43,72.03,68.71,469.6,True,True,True,False,0,0.0,
3692,Rev6,6,W128,PX-7500,CH-C,EDG-02,Edge,0.84,32.7,73.94,70.91,61.77,457.1,True,True,True,False,0,0.0,
3693,Rev6,6,W128,PX-7500,CH-C,EDG-03,Edge,0.84,65.5,70.88,69.42,69.56,486.2,True,True,True,False,1,2.02,endpoint_late
3694,Rev6,6,W128,PX-7500,CH-C,EDG-04,Edge,0.84,98.2,73.21,71.2,68.15,420.4,True,True,True,True,0,0.0,
3695,Rev6,6,W128,PX-7500,CH-C,EDG-05,Edge,0.84,130.9,75.47,71.16,66.64,458.7,False,True,True,False,0,0.0,
3696,Rev6,6,W128,PX-7500,CH-C,EDG-06,Edge,0.84,163.6,71.17,71.3,69.9,456.0,True,True,True,False,1,3.99,arc_event
3697,Rev6,6,W128,PX-7500,CH-C,EDG-07,Edge,0.84,196.4,71.86,69.82,64.4,482.2,True,True,True,False,1,2.13,
3698,Rev6,6,W128,PX-7500,CH-C,EDG-08,Edge,0.84,229.1,74.32,74.3,68.72,475.4,True,False,True,False,1,2.73,polymer_residue
3699,Rev6,6,W128,PX-7500,CH-C,EDG-09,Edge,0.84,261.8,71.27,72.31,64.91,478.0,True,True,True,False,0,0.0,
3700,Rev6,6,W128,PX-7500,CH-C,EDG-10,Edge,0.84,294.5,70.1,71.22,66.64,464.7,True,True,True,False,1,5.16,endpoint_late
3701,Rev6,6,W128,PX-7500,CH-C,EDG-11,Edge,0.84,327.3,76.97,72.84,63.32,446.9,False,False,True,True,1,4.19,endpoint_late
3702,Rev6,6,W128,PX-7500,CH-C,EXT-01,Extreme Edge,0.96,16.4,75.47,71.28,65.32,450.6,False,True,True,True,0,0.0,
3703,Rev6,6,W128,PX-7500,CH-C,EXT-02,Extreme Edge,0.96,49.1,72.21,70.0,65.06,491.2,True,True,True,False,0,0.0,
3704,Rev6,6,W128,PX-7500,CH-C,EXT-03,Extreme Edge,0.96,81.8,71.37,72.87,66.49,439.2,True,False,True,True,1,5.57,
3705,Rev6,6,W128,PX-7500,CH-C,EXT-04,Extreme Edge,0.96,114.5,74.96,72.16,68.51,478.0,True,True,True,False,3,18.79,
3706,Rev6,6,W128,PX-7500,CH-C,EXT-05,Extreme Edge,0.96,147.3,73.03,72.39,67.24,446.6,True,True,True,True,0,0.0,
3707,Rev6,6,W128,PX-7500,CH-C,EXT-06,Extreme Edge,0.96,180.0,75.59,68.67,68.07,394.6,False,True,True,True,0,0.0,
3708,Rev6,6,W128,PX-7500,CH-C,EXT-07,Extreme Edge,0.96,212.7,72.76,72.69,72.81,466.0,True,True,False,False,0,0.0,
3709,Rev6,6,W128,PX-7500,CH-C,EXT-08,Extreme Edge,0.96,245.5,73.21,72.24,66.52,449.7,True,True,True,True,0,0.0,
3710,Rev6,6,W128,PX-7500,CH-C,EXT-09,Extreme Edge,0.96,278.2,72.32,72.7,68.28,443.6,True,True,True,True,1,6.23,pressure_spike
3711,Rev6,6,W128,PX-7500,CH-C,EXT-10,Extreme Edge,0.96,310.9,74.41,73.94,71.97,448.8,True,False,False,True,0,0.0,
3712,Rev6,6,W128,PX-7500,CH-C,EXT-11,Extreme Edge,0.96,343.6,74.64,71.82,70.36,490.9,True,True,True,False,0,0.0,
3713,Rev5,5,W129,AE-3200,CH-B,C1,Center,0.0,0.0,68.44,69.26,62.3,394.0,True,True,True,True,0,0.0,
3714,Rev5,5,W129,AE-3200,CH-B,MID-01,Mid,0.52,30.0,68.55,68.83,66.72,433.6,True,True,True,True,0,0.0,
3715,Rev5,5,W129,AE-3200,CH-B,MID-02,Mid,0.52,90.0,71.21,64.39,59.53,430.0,True,False,True,True,0,0.0,
3716,Rev5,5,W129,AE-3200,CH-B,MID-03,Mid,0.52,150.0,72.86,69.46,67.29,406.7,True,True,True,True,0,0.0,
3717,Rev5,5,W129,AE-3200,CH-B,MID-04,Mid,0.52,210.0,72.6,68.15,66.5,402.5,True,True,True,True,0,0.0,
3718,Rev5,5,W129,AE-3200,CH-B,MID-05,Mid,0.52,270.0,71.1,68.63,65.61,423.1,True,True,True,True,0,0.0,
3719,Rev5,5,W129,AE-3200,CH-B,MID-06,Mid,0.52,330.0,73.99,68.18,66.97,418.4,True,True,True,True,0,0.0,
3720,Rev5,5,W129,AE-3200,CH-B,EDG-01,Edge,0.84,0.0,74.05,69.3,69.83,439.8,True,True,True,True,0,0.0,
3721,Rev5,5,W129,AE-3200,CH-B,EDG-02,Edge,0.84,32.7,72.05,70.21,67.91,420.7,True,True,True,True,1,1.87,polymer_residue
3722,Rev5,5,W129,AE-3200,CH-B,EDG-03,Edge,0.84,65.5,72.22,72.23,69.54,415.7,True,True,True,True,0,0.0,
3723,Rev5,5,W129,AE-3200,CH-B,EDG-04,Edge,0.84,98.2,73.17,70.92,68.83,418.0,True,True,True,True,0,0.0,
3724,Rev5,5,W129,AE-3200,CH-B,EDG-05,Edge,0.84,130.9,75.39,71.63,66.68,412.8,False,True,True,True,0,0.0,
3725,Rev5,5,W129,AE-3200,CH-B,EDG-06,Edge,0.84,163.6,74.2,70.45,65.8,432.7,True,True,True,True,0,0.0,
3726,Rev5,5,W129,AE-3200,CH-B,EDG-07,Edge,0.84,196.4,74.0,69.19,69.28,432.9,True,True,True,True,0,0.0,
3727,Rev5,5,W129,AE-3200,CH-B,EDG-08,Edge,0.84,229.1,72.49,69.92,67.82,464.4,True,True,True,False,1,3.9,
3728,Rev5,5,W129,AE-3200,CH-B,EDG-09,Edge,0.84,261.8,76.25,68.22,69.0,446.3,False,True,True,True,0,0.0,
3729,Rev5,5,W129,AE-3200,CH-B,EDG-10,Edge,0.84,294.5,74.78,68.56,65.54,418.4,True,True,True,True,0,0.0,
3730,Rev5,5,W129,AE-3200,CH-B,EDG-11,Edge,0.84,327.3,72.34,68.26,66.28,426.7,True,True,True,True,1,2.98,
3731,Rev5,5,W129,AE-3200,CH-B,EXT-01,Extreme Edge,0.96,16.4,73.93,70.39,66.12,440.9,True,True,True,True,0,0.0,
3732,Rev5,5,W129,AE-3200,CH-B,EXT-02,Extreme Edge,0.96,49.1,71.77,66.7,70.89,412.8,True,True,False,True,1,5.2,
3733,Rev5,5,W129,AE-3200,CH-B,EXT-03,Extreme Edge,0.96,81.8,74.14,72.68,71.16,410.1,True,True,False,True,0,0.0,
3734,Rev5,5,W129,AE-3200,CH-B,EXT-04,Extreme Edge,0.96,114.5,75.65,69.99,64.09,418.5,False,True,True,True,0,0.0,
3735,Rev5,5,W129,AE-3200,CH-B,EXT-05,Extreme Edge,0.96,147.3,73.88,71.48,64.48,468.9,True,True,True,False,1,5.0,polymer_residue
3736,Rev5,5,W129,AE-3200,CH-B,EXT-06,Extreme Edge,0.96,180.0,74.21,68.47,66.57,438.1,True,True,True,True,2,8.66,
3737,Rev5,5,W129,AE-3200,CH-B,EXT-07,Extreme Edge,0.96,212.7,72.91,67.69,66.97,428.0,True,True,True,True,1,5.9,arc_event
3738,Rev5,5,W129,AE-3200,CH-B,EXT-08,Extreme Edge,0.96,245.5,74.48,71.81,65.82,424.5,True,True,True,True,0,0.0,
3739,Rev5,5,W129,AE-3200,CH-B,EXT-09,Extreme Edge,0.96,278.2,74.07,70.32,68.04,445.6,True,True,True,True,1,2.61,endpoint_late
3740,Rev5,5,W129,AE-3200,CH-B,EXT-10,Extreme Edge,0.96,310.9,75.15,70.55,65.66,408.9,True,True,True,True,0,0.0,
3741,Rev5,5,W129,AE-3200,CH-B,EXT-11,Extreme Edge,0.96,343.6,72.57,71.66,66.16,413.0,True,True,True,True,0,0.0,
3742,Rev4,4,W130,AE-3200,CH-A,C1,Center,0.0,0.0,73.42,70.22,63.04,379.5,True,True,True,True,0,0.0,
3743,Rev4,4,W130,AE-3200,CH-A,MID-01,Mid,0.52,30.0,74.55,71.39,62.85,455.1,True,True,True,False,0,0.0,
3744,Rev4,4,W130,AE-3200,CH-A,MID-02,Mid,0.52,90.0,72.05,68.65,67.96,415.5,True,True,True,True,0,0.0,
3745,Rev4,4,W130,AE-3200,CH-A,MID-03,Mid,0.52,150.0,76.02,69.29,69.49,424.6,False,True,True,True,0,0.0,
3746,Rev4,4,W130,AE-3200,CH-A,MID-04,Mid,0.52,210.0,74.67,67.65,59.36,475.0,True,True,False,False,0,0.0,
3747,Rev4,4,W130,AE-3200,CH-A,MID-05,Mid,0.52,270.0,71.29,70.07,67.2,452.4,True,True,True,False,1,2.81,endpoint_late
3748,Rev4,4,W130,AE-3200,CH-A,MID-06,Mid,0.52,330.0,75.03,69.79,67.42,427.6,True,True,True,True,1,4.53,
3749,Rev4,4,W130,AE-3200,CH-A,EDG-01,Edge,0.84,0.0,77.09,72.15,66.01,443.1,False,True,True,True,1,3.71,pressure_spike
3750,Rev4,4,W130,AE-3200,CH-A,EDG-02,Edge,0.84,32.7,73.15,72.3,73.29,412.6,True,True,False,True,0,0.0,
3751,Rev4,4,W130,AE-3200,CH-A,EDG-03,Edge,0.84,65.5,73.27,72.81,69.94,492.6,True,False,True,False,0,0.0,
3752,Rev4,4,W130,AE-3200,CH-A,EDG-04,Edge,0.84,98.2,74.97,68.63,65.59,454.7,True,True,True,False,3,16.54,polymer_residue
3753,Rev4,4,W130,AE-3200,CH-A,EDG-05,Edge,0.84,130.9,74.7,68.99,65.05,423.2,True,True,True,True,0,0.0,
3754,Rev4,4,W130,AE-3200,CH-A,EDG-06,Edge,0.84,163.6,75.21,70.21,71.41,442.6,False,True,False,True,2,6.96,polymer_residue
3755,Rev4,4,W130,AE-3200,CH-A,EDG-07,Edge,0.84,196.4,74.66,71.98,70.31,448.1,True,True,True,True,2,7.1,
3756,Rev4,4,W130,AE-3200,CH-A,EDG-08,Edge,0.84,229.1,74.61,74.27,66.05,435.7,True,False,True,True,0,0.0,
3757,Rev4,4,W130,AE-3200,CH-A,EDG-09,Edge,0.84,261.8,74.69,70.34,65.8,459.6,True,True,True,False,1,3.58,polymer_residue
3758,Rev4,4,W130,AE-3200,CH-A,EDG-10,Edge,0.84,294.5,74.48,70.74,66.8,448.4,True,True,True,True,0,0.0,
3759,Rev4,4,W130,AE-3200,CH-A,EDG-11,Edge,0.84,327.3,73.16,68.51,67.4,458.9,True,True,True,False,0,0.0,
3760,Rev4,4,W130,AE-3200,CH-A,EXT-01,Extreme Edge,0.96,16.4,76.08,71.39,67.41,459.9,False,True,True,False,2,5.77,
3761,Rev4,4,W130,AE-3200,CH-A,EXT-02,Extreme Edge,0.96,49.1,75.45,69.55,65.18,465.0,False,True,True,False,1,4.84,
3762,Rev4,4,W130,AE-3200,CH-A,EXT-03,Extreme Edge,0.96,81.8,75.25,70.41,68.52,467.0,False,True,True,False,0,0.0,
3763,Rev4,4,W130,AE-3200,CH-A,EXT-04,Extreme Edge,0.96,114.5,75.14,71.22,65.8,425.5,True,True,True,True,0,0.0,
3764,Rev4,4,W130,AE-3200,CH-A,EXT-05,Extreme Edge,0.96,147.3,75.15,70.8,70.37,442.0,True,True,True,True,0,0.0,
3765,Rev4,4,W130,AE-3200,CH-A,EXT-06,Extreme Edge,0.96,180.0,75.45,70.98,68.26,434.3,False,True,True,True,2,8.51,pressure_spike
3766,Rev4,4,W130,AE-3200,CH-A,EXT-07,Extreme Edge,0.96,212.7,74.01,69.09,68.61,471.9,True,True,True,False,1,5.46,
3767,Rev4,4,W130,AE-3200,CH-A,EXT-08,Extreme Edge,0.96,245.5,76.97,73.77,74.28,470.3,False,False,False,False,1,4.23,
3768,Rev4,4,W130,AE-3200,CH-A,EXT-09,Extreme Edge,0.96,278.2,74.46,71.52,68.82,430.1,True,True,True,True,0,0.0,
3769,Rev4,4,W130,AE-3200,CH-A,EXT-10,Extreme Edge,0.96,310.9,74.47,69.69,64.86,446.5,True,True,True,True,1,2.97,
3770,Rev4,4,W130,AE-3200,CH-A,EXT-11,Extreme Edge,0.96,343.6,76.42,70.19,64.19,455.7,False,True,True,False,2,12.56,polymer_residue
3771,Rev3,3,W131,PX-7500,CH-D,C1,Center,0.0,0.0,71.67,67.46,68.73,395.1,True,True,True,True,0,0.0,
3772,Rev3,3,W131,PX-7500,CH-D,MID-01,Mid,0.52,30.0,72.23,67.19,66.49,434.4,True,True,True,True,0,0.0,
3773,Rev3,3,W131,PX-7500,CH-D,MID-02,Mid,0.52,90.0,74.25,66.01,64.68,425.6,True,True,True,True,0,0.0,
3774,Rev3,3,W131,PX-7500,CH-D,MID-03,Mid,0.52,150.0,74.97,71.07,66.84,441.7,True,True,True,True,0,0.0,
3775,Rev3,3,W131,PX-7500,CH-D,MID-04,Mid,0.52,210.0,72.04,69.33,65.24,421.3,True,True,True,True,1,4.39,polymer_residue
3776,Rev3,3,W131,PX-7500,CH-D,MID-05,Mid,0.52,270.0,73.29,69.96,64.82,441.4,True,True,True,True,1,2.09,arc_event
3777,Rev3,3,W131,PX-7500,CH-D,MID-06,Mid,0.52,330.0,74.3,67.26,64.55,428.8,True,True,True,True,0,0.0,
3778,Rev3,3,W131,PX-7500,CH-D,EDG-01,Edge,0.84,0.0,75.46,70.37,66.56,429.8,False,True,True,True,0,0.0,
3779,Rev3,3,W131,PX-7500,CH-D,EDG-02,Edge,0.84,32.7,74.48,71.0,61.51,439.9,True,True,True,True,0,0.0,
3780,Rev3,3,W131,PX-7500,CH-D,EDG-03,Edge,0.84,65.5,74.86,70.33,67.69,422.2,True,True,True,True,0,0.0,
3781,Rev3,3,W131,PX-7500,CH-D,EDG-04,Edge,0.84,98.2,77.5,70.74,67.08,426.1,False,True,True,True,1,3.52,
3782,Rev3,3,W131,PX-7500,CH-D,EDG-05,Edge,0.84,130.9,75.21,67.34,68.36,441.7,False,True,True,True,1,2.81,polymer_residue
3783,Rev3,3,W131,PX-7500,CH-D,EDG-06,Edge,0.84,163.6,76.22,74.91,64.83,430.7,False,False,True,True,1,2.79,polymer_residue
3784,Rev3,3,W131,PX-7500,CH-D,EDG-07,Edge,0.84,196.4,74.52,66.61,69.69,413.2,True,True,True,True,1,3.69,esc_temp_drift
3785,Rev3,3,W131,PX-7500,CH-D,EDG-08,Edge,0.84,229.1,75.0,68.85,66.71,412.6,True,True,True,True,0,0.0,
3786,Rev3,3,W131,PX-7500,CH-D,EDG-09,Edge,0.84,261.8,75.63,70.35,68.0,445.9,False,True,True,True,0,0.0,
3787,Rev3,3,W131,PX-7500,CH-D,EDG-10,Edge,0.84,294.5,77.4,71.59,65.7,398.9,False,True,True,True,0,0.0,
3788,Rev3,3,W131,PX-7500,CH-D,EDG-11,Edge,0.84,327.3,74.81,71.53,66.63,450.5,True,True,True,True,1,1.84,esc_temp_drift
3789,Rev3,3,W131,PX-7500,CH-D,EXT-01,Extreme Edge,0.96,16.4,75.6,66.02,70.04,460.1,False,True,True,False,1,6.39,pressure_spike
3790,Rev3,3,W131,PX-7500,CH-D,EXT-02,Extreme Edge,0.96,49.1,74.99,73.46,66.14,443.2,True,False,True,True,1,2.86,
3791,Rev3,3,W131,PX-7500,CH-D,EXT-03,Extreme Edge,0.96,81.8,75.04,70.26,69.34,439.9,True,True,True,True,1,3.24,polymer_residue
3792,Rev3,3,W131,PX-7500,CH-D,EXT-04,Extreme Edge,0.96,114.5,72.55,70.9,64.62,448.2,True,True,True,True,1,2.96,
3793,Rev3,3,W131,PX-7500,CH-D,EXT-05,Extreme Edge,0.96,147.3,76.3,66.72,66.9,411.7,False,True,True,True,4,11.18,polymer_residue
3794,Rev3,3,W131,PX-7500,CH-D,EXT-06,Extreme Edge,0.96,180.0,74.41,69.53,69.15,435.6,True,True,True,True,0,0.0,
3795,Rev3,3,W131,PX-7500,CH-D,EXT-07,Extreme Edge,0.96,212.7,75.35,68.56,65.53,449.0,False,True,True,True,2,4.08,
3796,Rev3,3,W131,PX-7500,CH-D,EXT-08,Extreme Edge,0.96,245.5,75.43,70.7,68.06,408.9,False,True,True,True,2,8.1,
3797,Rev3,3,W131,PX-7500,CH-D,EXT-09,Extreme Edge,0.96,278.2,74.82,70.16,70.88,468.6,True,True,False,False,2,7.57,
3798,Rev3,3,W131,PX-7500,CH-D,EXT-10,Extreme Edge,0.96,310.9,76.37,71.4,65.53,438.6,False,True,True,True,0,0.0,
3799,Rev3,3,W131,PX-7500,CH-D,EXT-11,Extreme Edge,0.96,343.6,75.71,68.1,65.0,451.2,False,True,True,True,2,6.67,polymer_residue
3800,Rev4,4,W132,AE-3200,CH-A,C1,Center,0.0,0.0,72.88,68.81,68.49,453.7,True,True,True,False,0,0.0,
3801,Rev4,4,W132,AE-3200,CH-A,MID-01,Mid,0.52,30.0,74.23,74.17,69.09,444.5,True,False,True,True,0,0.0,
3802,Rev4,4,W132,AE-3200,CH-A,MID-02,Mid,0.52,90.0,73.56,71.94,67.07,445.6,True,True,True,True,0,0.0,
3803,Rev4,4,W132,AE-3200,CH-A,MID-03,Mid,0.52,150.0,74.02,70.66,72.63,485.2,True,True,False,False,3,7.1,
3804,Rev4,4,W132,AE-3200,CH-A,MID-04,Mid,0.52,210.0,75.51,69.66,68.74,433.8,False,True,True,True,1,6.46,polymer_residue
3805,Rev4,4,W132,AE-3200,CH-A,MID-05,Mid,0.52,270.0,73.49,72.95,72.41,472.0,True,False,False,False,0,0.0,
3806,Rev4,4,W132,AE-3200,CH-A,MID-06,Mid,0.52,330.0,73.97,72.77,67.23,467.0,True,True,True,False,2,4.62,
3807,Rev4,4,W132,AE-3200,CH-A,EDG-01,Edge,0.84,0.0,77.15,75.93,71.47,482.2,False,False,False,False,1,4.38,
3808,Rev4,4,W132,AE-3200,CH-A,EDG-02,Edge,0.84,32.7,75.51,72.16,66.71,417.3,False,True,True,True,1,2.68,
3809,Rev4,4,W132,AE-3200,CH-A,EDG-03,Edge,0.84,65.5,73.82,74.17,72.23,435.1,True,False,False,True,0,0.0,
3810,Rev4,4,W132,AE-3200,CH-A,EDG-04,Edge,0.84,98.2,77.2,71.4,66.46,473.9,False,True,True,False,1,4.38,
3811,Rev4,4,W132,AE-3200,CH-A,EDG-05,Edge,0.84,130.9,77.06,72.52,67.08,478.2,False,True,True,False,0,0.0,
3812,Rev4,4,W132,AE-3200,CH-A,EDG-06,Edge,0.84,163.6,75.36,69.51,69.71,442.9,False,True,True,True,1,2.51,arc_event
3813,Rev4,4,W132,AE-3200,CH-A,EDG-07,Edge,0.84,196.4,73.63,72.61,72.41,417.3,True,True,False,True,1,4.35,endpoint_late
3814,Rev4,4,W132,AE-3200,CH-A,EDG-08,Edge,0.84,229.1,75.75,71.96,67.96,449.4,False,True,True,True,0,0.0,
3815,Rev4,4,W132,AE-3200,CH-A,EDG-09,Edge,0.84,261.8,74.65,72.55,71.78,418.9,True,True,False,True,0,0.0,
3816,Rev4,4,W132,AE-3200,CH-A,EDG-10,Edge,0.84,294.5,72.66,72.95,68.28,438.3,True,False,True,True,0,0.0,
3817,Rev4,4,W132,AE-3200,CH-A,EDG-11,Edge,0.84,327.3,77.22,70.99,73.78,437.3,False,True,False,True,0,0.0,
3818,Rev4,4,W132,AE-3200,CH-A,EXT-01,Extreme Edge,0.96,16.4,75.46,69.01,70.67,456.0,False,True,False,False,4,24.62,polymer_residue
3819,Rev4,4,W132,AE-3200,CH-A,EXT-02,Extreme Edge,0.96,49.1,75.7,74.66,66.07,463.3,False,False,True,False,0,0.0,
3820,Rev4,4,W132,AE-3200,CH-A,EXT-03,Extreme Edge,0.96,81.8,72.65,75.46,67.83,468.9,True,False,True,False,0,0.0,
3821,Rev4,4,W132,AE-3200,CH-A,EXT-04,Extreme Edge,0.96,114.5,77.28,74.83,73.87,425.3,False,False,False,True,0,0.0,
3822,Rev4,4,W132,AE-3200,CH-A,EXT-05,Extreme Edge,0.96,147.3,77.78,69.77,71.34,451.5,False,True,False,True,0,0.0,
3823,Rev4,4,W132,AE-3200,CH-A,EXT-06,Extreme Edge,0.96,180.0,76.19,70.69,69.66,453.2,False,True,True,False,1,2.31,polymer_residue
3824,Rev4,4,W132,AE-3200,CH-A,EXT-07,Extreme Edge,0.96,212.7,77.43,73.7,73.64,453.2,False,False,False,False,3,10.02,polymer_residue
3825,Rev4,4,W132,AE-3200,CH-A,EXT-08,Extreme Edge,0.96,245.5,76.49,71.49,71.73,464.3,False,True,False,False,0,0.0,
3826,Rev4,4,W132,AE-3200,CH-A,EXT-09,Extreme Edge,0.96,278.2,76.66,70.12,69.38,465.4,False,True,True,False,1,5.52,polymer_residue
3827,Rev4,4,W132,AE-3200,CH-A,EXT-10,Extreme Edge,0.96,310.9,76.79,72.49,68.2,454.2,False,True,True,False,4,23.31,
3828,Rev4,4,W132,AE-3200,CH-A,EXT-11,Extreme Edge,0.96,343.6,75.44,73.89,74.17,431.4,False,False,False,True,1,5.32,
3829,Rev1,1,W133,AE-3200,CH-B,C1,Center,0.0,0.0,70.71,70.14,65.11,421.3,True,True,True,True,0,0.0,
3830,Rev1,1,W133,AE-3200,CH-B,MID-01,Mid,0.52,30.0,73.37,67.65,72.3,420.3,True,True,False,True,0,0.0,
3831,Rev1,1,W133,AE-3200,CH-B,MID-02,Mid,0.52,90.0,72.74,68.83,67.03,399.0,True,True,True,True,0,0.0,
3832,Rev1,1,W133,AE-3200,CH-B,MID-03,Mid,0.52,150.0,73.11,65.63,69.85,408.0,True,True,True,True,0,0.0,
3833,Rev1,1,W133,AE-3200,CH-B,MID-04,Mid,0.52,210.0,71.49,67.77,68.81,425.3,True,True,True,True,0,0.0,
3834,Rev1,1,W133,AE-3200,CH-B,MID-05,Mid,0.52,270.0,72.45,68.49,70.21,427.8,True,True,True,True,0,0.0,
3835,Rev1,1,W133,AE-3200,CH-B,MID-06,Mid,0.52,330.0,70.6,70.57,69.4,423.0,True,True,True,True,0,0.0,
3836,Rev1,1,W133,AE-3200,CH-B,EDG-01,Edge,0.84,0.0,73.56,74.56,72.81,436.6,True,False,False,True,0,0.0,
3837,Rev1,1,W133,AE-3200,CH-B,EDG-02,Edge,0.84,32.7,71.84,70.53,70.2,436.4,True,True,True,True,0,0.0,
3838,Rev1,1,W133,AE-3200,CH-B,EDG-03,Edge,0.84,65.5,75.68,70.87,71.37,409.4,False,True,False,True,1,5.12,polymer_residue
3839,Rev1,1,W133,AE-3200,CH-B,EDG-04,Edge,0.84,98.2,74.19,71.59,66.72,417.7,True,True,True,True,0,0.0,
3840,Rev1,1,W133,AE-3200,CH-B,EDG-05,Edge,0.84,130.9,71.55,72.5,71.44,453.7,True,True,False,False,0,0.0,
3841,Rev1,1,W133,AE-3200,CH-B,EDG-06,Edge,0.84,163.6,71.65,71.07,73.3,398.7,True,True,False,True,3,13.66,polymer_residue
3842,Rev1,1,W133,AE-3200,CH-B,EDG-07,Edge,0.84,196.4,72.49,71.35,68.77,406.6,True,True,True,True,1,4.07,polymer_residue
3843,Rev1,1,W133,AE-3200,CH-B,EDG-08,Edge,0.84,229.1,73.62,70.92,69.92,410.4,True,True,True,True,0,0.0,
3844,Rev1,1,W133,AE-3200,CH-B,EDG-09,Edge,0.84,261.8,75.0,71.04,66.81,403.2,True,True,True,True,0,0.0,
3845,Rev1,1,W133,AE-3200,CH-B,EDG-10,Edge,0.84,294.5,72.0,68.32,64.39,451.1,True,True,True,True,0,0.0,
3846,Rev1,1,W133,AE-3200,CH-B,EDG-11,Edge,0.84,327.3,73.51,71.18,70.02,457.0,True,True,True,False,0,0.0,
3847,Rev1,1,W133,AE-3200,CH-B,EXT-01,Extreme Edge,0.96,16.4,73.65,67.51,69.18,410.1,True,True,True,True,0,0.0,
3848,Rev1,1,W133,AE-3200,CH-B,EXT-02,Extreme Edge,0.96,49.1,72.58,70.11,68.41,400.7,True,True,True,True,0,0.0,
3849,Rev1,1,W133,AE-3200,CH-B,EXT-03,Extreme Edge,0.96,81.8,72.78,72.24,73.24,383.8,True,True,False,True,1,2.49,
3850,Rev1,1,W133,AE-3200,CH-B,EXT-04,Extreme Edge,0.96,114.5,75.04,70.41,73.27,418.7,True,True,False,True,1,6.22,
3851,Rev1,1,W133,AE-3200,CH-B,EXT-05,Extreme Edge,0.96,147.3,74.06,69.66,73.15,433.9,True,True,False,True,2,6.49,polymer_residue
3852,Rev1,1,W133,AE-3200,CH-B,EXT-06,Extreme Edge,0.96,180.0,73.06,72.09,68.33,417.4,True,True,True,True,0,0.0,
3853,Rev1,1,W133,AE-3200,CH-B,EXT-07,Extreme Edge,0.96,212.7,73.53,71.74,71.01,436.9,True,True,False,True,0,0.0,
3854,Rev1,1,W133,AE-3200,CH-B,EXT-08,Extreme Edge,0.96,245.5,74.0,68.6,67.8,425.1,True,True,True,True,0,0.0,
3855,Rev1,1,W133,AE-3200,CH-B,EXT-09,Extreme Edge,0.96,278.2,73.4,71.03,68.98,448.9,True,True,True,True,0,0.0,
3856,Rev1,1,W133,AE-3200,CH-B,EXT-10,Extreme Edge,0.96,310.9,72.06,71.16,69.36,450.8,True,True,True,True,0,0.0,
3857,Rev1,1,W133,AE-3200,CH-B,EXT-11,Extreme Edge,0.96,343.6,74.43,67.65,70.97,437.7,True,True,False,True,1,3.2,polymer_residue
3858,Rev1,1,W134,AE-3200,CH-B,C1,Center,0.0,0.0,71.41,70.12,62.68,417.7,True,True,True,True,0,0.0,
3859,Rev1,1,W134,AE-3200,CH-B,MID-01,Mid,0.52,30.0,73.3,69.0,66.07,405.6,True,True,True,True,0,0.0,
3860,Rev1,1,W134,AE-3200,CH-B,MID-02,Mid,0.52,90.0,72.25,69.82,64.26,410.8,True,True,True,True,0,0.0,
3861,Rev1,1,W134,AE-3200,CH-B,MID-03,Mid,0.52,150.0,72.49,71.64,66.16,445.9,True,True,True,True,0,0.0,
3862,Rev1,1,W134,AE-3200,CH-B,MID-04,Mid,0.52,210.0,73.84,69.42,67.18,383.5,True,True,True,True,0,0.0,
3863,Rev1,1,W134,AE-3200,CH-B,MID-05,Mid,0.52,270.0,75.95,72.36,63.38,412.1,False,True,True,True,0,0.0,
3864,Rev1,1,W134,AE-3200,CH-B,MID-06,Mid,0.52,330.0,71.32,69.64,65.53,431.7,True,True,True,True,0,0.0,
3865,Rev1,1,W134,AE-3200,CH-B,EDG-01,Edge,0.84,0.0,73.31,70.17,67.01,438.4,True,True,True,True,0,0.0,
3866,Rev1,1,W134,AE-3200,CH-B,EDG-02,Edge,0.84,32.7,72.38,69.65,72.36,440.4,True,True,False,True,1,4.67,
3867,Rev1,1,W134,AE-3200,CH-B,EDG-03,Edge,0.84,65.5,73.87,70.76,70.46,442.2,True,True,True,True,1,4.46,polymer_residue
3868,Rev1,1,W134,AE-3200,CH-B,EDG-04,Edge,0.84,98.2,72.99,71.83,66.72,433.3,True,True,True,True,1,2.39,
3869,Rev1,1,W134,AE-3200,CH-B,EDG-05,Edge,0.84,130.9,71.55,69.51,70.76,438.0,True,True,False,True,1,6.36,
3870,Rev1,1,W134,AE-3200,CH-B,EDG-06,Edge,0.84,163.6,71.81,70.52,68.88,443.0,True,True,True,True,0,0.0,
3871,Rev1,1,W134,AE-3200,CH-B,EDG-07,Edge,0.84,196.4,74.77,71.56,72.03,433.0,True,True,False,True,1,2.74,
3872,Rev1,1,W134,AE-3200,CH-B,EDG-08,Edge,0.84,229.1,75.36,69.95,64.82,422.1,False,True,True,True,1,3.23,esc_temp_drift
3873,Rev1,1,W134,AE-3200,CH-B,EDG-09,Edge,0.84,261.8,73.66,69.7,63.86,432.8,True,True,True,True,1,3.31,polymer_residue
3874,Rev1,1,W134,AE-3200,CH-B,EDG-10,Edge,0.84,294.5,72.36,72.45,63.35,429.2,True,True,True,True,0,0.0,
3875,Rev1,1,W134,AE-3200,CH-B,EDG-11,Edge,0.84,327.3,75.44,69.68,71.09,448.8,False,True,False,True,2,4.61,esc_temp_drift
3876,Rev1,1,W134,AE-3200,CH-B,EXT-01,Extreme Edge,0.96,16.4,75.59,73.47,68.39,411.7,False,False,True,True,0,0.0,
3877,Rev1,1,W134,AE-3200,CH-B,EXT-02,Extreme Edge,0.96,49.1,75.28,70.11,66.02,486.1,False,True,True,False,1,3.75,
3878,Rev1,1,W134,AE-3200,CH-B,EXT-03,Extreme Edge,0.96,81.8,74.92,75.15,69.8,472.0,True,False,True,False,0,0.0,
3879,Rev1,1,W134,AE-3200,CH-B,EXT-04,Extreme Edge,0.96,114.5,71.51,70.36,73.89,437.8,True,True,False,True,1,3.76,
3880,Rev1,1,W134,AE-3200,CH-B,EXT-05,Extreme Edge,0.96,147.3,75.07,69.73,68.97,419.9,True,True,True,True,1,5.74,
3881,Rev1,1,W134,AE-3200,CH-B,EXT-06,Extreme Edge,0.96,180.0,73.55,73.0,69.79,438.8,True,False,True,True,0,0.0,
3882,Rev1,1,W134,AE-3200,CH-B,EXT-07,Extreme Edge,0.96,212.7,77.18,71.3,72.35,443.2,False,True,False,True,0,0.0,
3883,Rev1,1,W134,AE-3200,CH-B,EXT-08,Extreme Edge,0.96,245.5,74.77,70.17,69.93,446.2,True,True,True,True,0,0.0,
3884,Rev1,1,W134,AE-3200,CH-B,EXT-09,Extreme Edge,0.96,278.2,75.73,69.33,70.27,453.3,False,True,True,False,1,5.69,endpoint_late
3885,Rev1,1,W134,AE-3200,CH-B,EXT-10,Extreme Edge,0.96,310.9,73.53,71.26,69.55,437.8,True,True,True,True,2,6.76,
3886,Rev1,1,W134,AE-3200,CH-B,EXT-11,Extreme Edge,0.96,343.6,75.24,72.53,65.84,435.1,False,True,True,True,0,0.0,
3887,Rev11,11,W135,PX-7500,CH-D,C1,Center,0.0,0.0,71.16,64.12,64.97,424.6,True,False,True,True,0,0.0,
3888,Rev11,11,W135,PX-7500,CH-D,MID-01,Mid,0.52,30.0,73.4,66.54,73.55,419.6,True,True,False,True,0,0.0,
3889,Rev11,11,W135,PX-7500,CH-D,MID-02,Mid,0.52,90.0,72.25,68.91,72.8,420.5,True,True,False,True,2,7.47,
3890,Rev11,11,W135,PX-7500,CH-D,MID-03,Mid,0.52,150.0,73.65,67.6,70.95,442.0,True,True,False,True,0,0.0,
3891,Rev11,11,W135,PX-7500,CH-D,MID-04,Mid,0.52,210.0,73.76,69.2,74.09,371.7,True,True,False,False,0,0.0,
3892,Rev11,11,W135,PX-7500,CH-D,MID-05,Mid,0.52,270.0,71.85,66.16,64.55,437.0,True,True,True,True,2,5.07,polymer_residue
3893,Rev11,11,W135,PX-7500,CH-D,MID-06,Mid,0.52,330.0,72.91,70.58,77.18,416.7,True,True,False,True,1,5.58,polymer_residue
3894,Rev11,11,W135,PX-7500,CH-D,EDG-01,Edge,0.84,0.0,74.47,69.06,78.96,423.5,True,True,False,True,1,2.85,polymer_residue
3895,Rev11,11,W135,PX-7500,CH-D,EDG-02,Edge,0.84,32.7,74.38,69.89,79.13,453.7,True,True,False,False,0,0.0,
3896,Rev11,11,W135,PX-7500,CH-D,EDG-03,Edge,0.84,65.5,75.16,73.0,79.87,399.3,True,False,False,True,0,0.0,
3897,Rev11,11,W135,PX-7500,CH-D,EDG-04,Edge,0.84,98.2,75.08,69.61,78.17,425.6,True,True,False,True,0,0.0,
3898,Rev11,11,W135,PX-7500,CH-D,EDG-05,Edge,0.84,130.9,74.71,68.65,73.62,422.3,True,True,False,True,0,0.0,
3899,Rev11,11,W135,PX-7500,CH-D,EDG-06,Edge,0.84,163.6,75.67,65.91,68.69,428.5,False,True,True,True,1,2.12,endpoint_late
3900,Rev11,11,W135,PX-7500,CH-D,EDG-07,Edge,0.84,196.4,73.72,67.94,67.27,423.6,True,True,True,True,1,5.14,
3901,Rev11,11,W135,PX-7500,CH-D,EDG-08,Edge,0.84,229.1,73.79,69.53,75.18,426.8,True,True,False,True,0,0.0,
3902,Rev11,11,W135,PX-7500,CH-D,EDG-09,Edge,0.84,261.8,73.07,70.16,69.48,394.8,True,True,True,True,0,0.0,
3903,Rev11,11,W135,PX-7500,CH-D,EDG-10,Edge,0.84,294.5,73.04,66.75,72.4,442.3,True,True,False,True,0,0.0,
3904,Rev11,11,W135,PX-7500,CH-D,EDG-11,Edge,0.84,327.3,75.57,70.59,67.87,439.0,False,True,True,True,1,4.72,polymer_residue
3905,Rev11,11,W135,PX-7500,CH-D,EXT-01,Extreme Edge,0.96,16.4,75.31,71.25,70.44,413.5,False,True,True,True,1,3.09,pressure_spike
3906,Rev11,11,W135,PX-7500,CH-D,EXT-02,Extreme Edge,0.96,49.1,74.34,67.93,77.38,422.7,True,True,False,True,0,0.0,
3907,Rev11,11,W135,PX-7500,CH-D,EXT-03,Extreme Edge,0.96,81.8,75.83,69.69,70.29,394.7,False,True,True,True,1,6.04,
3908,Rev11,11,W135,PX-7500,CH-D,EXT-04,Extreme Edge,0.96,114.5,75.16,67.16,74.59,410.6,True,True,False,True,0,0.0,
3909,Rev11,11,W135,PX-7500,CH-D,EXT-05,Extreme Edge,0.96,147.3,76.12,69.05,79.03,412.8,False,True,False,True,0,0.0,
3910,Rev11,11,W135,PX-7500,CH-D,EXT-06,Extreme Edge,0.96,180.0,77.07,67.95,74.75,477.6,False,True,False,False,0,0.0,
3911,Rev11,11,W135,PX-7500,CH-D,EXT-07,Extreme Edge,0.96,212.7,75.37,66.41,66.32,421.8,False,True,True,True,0,0.0,
3912,Rev11,11,W135,PX-7500,CH-D,EXT-08,Extreme Edge,0.96,245.5,74.2,69.88,77.62,449.7,True,True,False,True,1,2.11,polymer_residue
3913,Rev11,11,W135,PX-7500,CH-D,EXT-09,Extreme Edge,0.96,278.2,76.31,69.65,73.38,418.3,False,True,False,True,1,4.93,polymer_residue
3914,Rev11,11,W135,PX-7500,CH-D,EXT-10,Extreme Edge,0.96,310.9,74.28,67.06,80.48,424.7,True,True,False,True,0,0.0,
3915,Rev11,11,W135,PX-7500,CH-D,EXT-11,Extreme Edge,0.96,343.6,75.69,69.18,74.69,436.0,False,True,False,True,0,0.0,
3916,Rev8,8,W136,AE-3200,CH-A,C1,Center,0.0,0.0,74.44,72.82,62.38,422.7,True,False,True,True,0,0.0,
3917,Rev8,8,W136,AE-3200,CH-A,MID-01,Mid,0.52,30.0,73.33,71.58,67.85,409.6,True,True,True,True,0,0.0,
3918,Rev8,8,W136,AE-3200,CH-A,MID-02,Mid,0.52,90.0,73.38,75.27,65.24,425.7,True,False,True,True,1,4.03,polymer_residue
3919,Rev8,8,W136,AE-3200,CH-A,MID-03,Mid,0.52,150.0,72.43,70.04,66.19,378.6,True,True,True,True,0,0.0,
3920,Rev8,8,W136,AE-3200,CH-A,MID-04,Mid,0.52,210.0,75.85,74.56,64.92,422.1,False,False,True,True,1,4.68,
3921,Rev8,8,W136,AE-3200,CH-A,MID-05,Mid,0.52,270.0,75.32,75.03,64.2,408.8,False,False,True,True,0,0.0,
3922,Rev8,8,W136,AE-3200,CH-A,MID-06,Mid,0.52,330.0,76.23,73.81,65.0,401.0,False,False,True,True,0,0.0,
3923,Rev8,8,W136,AE-3200,CH-A,EDG-01,Edge,0.84,0.0,77.04,70.24,65.21,425.5,False,True,True,True,0,0.0,
3924,Rev8,8,W136,AE-3200,CH-A,EDG-02,Edge,0.84,32.7,75.17,71.09,68.06,409.7,True,True,True,True,1,5.5,
3925,Rev8,8,W136,AE-3200,CH-A,EDG-03,Edge,0.84,65.5,74.83,74.94,65.77,400.4,True,False,True,True,0,0.0,
3926,Rev8,8,W136,AE-3200,CH-A,EDG-04,Edge,0.84,98.2,75.93,72.45,67.37,406.6,False,True,True,True,0,0.0,
3927,Rev8,8,W136,AE-3200,CH-A,EDG-05,Edge,0.84,130.9,76.69,71.17,70.93,469.1,False,True,False,False,0,0.0,
3928,Rev8,8,W136,AE-3200,CH-A,EDG-06,Edge,0.84,163.6,74.34,73.79,66.23,448.3,True,False,True,True,1,4.41,polymer_residue
3929,Rev8,8,W136,AE-3200,CH-A,EDG-07,Edge,0.84,196.4,76.61,74.36,65.06,453.5,False,False,True,False,2,8.82,
3930,Rev8,8,W136,AE-3200,CH-A,EDG-08,Edge,0.84,229.1,76.0,73.4,67.16,381.5,False,False,True,True,0,0.0,
3931,Rev8,8,W136,AE-3200,CH-A,EDG-09,Edge,0.84,261.8,78.74,72.08,64.08,399.3,False,True,True,True,1,2.51,polymer_residue
3932,Rev8,8,W136,AE-3200,CH-A,EDG-10,Edge,0.84,294.5,75.8,71.87,61.56,406.9,False,True,True,True,0,0.0,
3933,Rev8,8,W136,AE-3200,CH-A,EDG-11,Edge,0.84,327.3,74.89,70.82,65.87,432.0,True,True,True,True,0,0.0,
3934,Rev8,8,W136,AE-3200,CH-A,EXT-01,Extreme Edge,0.96,16.4,77.73,72.09,65.38,436.2,False,True,True,True,4,14.84,polymer_residue
3935,Rev8,8,W136,AE-3200,CH-A,EXT-02,Extreme Edge,0.96,49.1,77.75,74.37,63.29,410.2,False,False,True,True,2,10.94,
3936,Rev8,8,W136,AE-3200,CH-A,EXT-03,Extreme Edge,0.96,81.8,77.98,74.58,71.16,404.6,False,False,False,True,2,4.38,endpoint_late
3937,Rev8,8,W136,AE-3200,CH-A,EXT-04,Extreme Edge,0.96,114.5,77.67,73.03,62.2,414.2,False,False,True,True,1,6.14,pressure_spike
3938,Rev8,8,W136,AE-3200,CH-A,EXT-05,Extreme Edge,0.96,147.3,76.6,73.8,69.35,435.6,False,False,True,True,2,9.37,esc_temp_drift
3939,Rev8,8,W136,AE-3200,CH-A,EXT-06,Extreme Edge,0.96,180.0,77.45,74.31,70.35,449.9,False,False,True,True,2,9.98,pressure_spike
3940,Rev8,8,W136,AE-3200,CH-A,EXT-07,Extreme Edge,0.96,212.7,76.47,73.57,63.24,420.1,False,False,True,True,0,0.0,
3941,Rev8,8,W136,AE-3200,CH-A,EXT-08,Extreme Edge,0.96,245.5,76.63,76.32,70.3,430.3,False,False,True,True,1,3.96,
3942,Rev8,8,W136,AE-3200,CH-A,EXT-09,Extreme Edge,0.96,278.2,76.04,73.74,67.59,412.5,False,False,True,True,0,0.0,
3943,Rev8,8,W136,AE-3200,CH-A,EXT-10,Extreme Edge,0.96,310.9,77.11,72.54,66.21,390.3,False,True,True,True,2,6.77,
3944,Rev8,8,W136,AE-3200,CH-A,EXT-11,Extreme Edge,0.96,343.6,75.12,73.01,64.94,425.3,True,False,True,True,0,0.0,
3945,Rev4,4,W137,AE-3200,CH-A,C1,Center,0.0,0.0,73.16,65.2,67.98,453.4,True,False,True,False,0,0.0,
3946,Rev4,4,W137,AE-3200,CH-A,MID-01,Mid,0.52,30.0,71.04,68.64,67.03,420.4,True,True,True,True,0,0.0,
3947,Rev4,4,W137,AE-3200,CH-A,MID-02,Mid,0.52,90.0,71.21,67.44,65.34,416.0,True,True,True,True,0,0.0,
3948,Rev4,4,W137,AE-3200,CH-A,MID-03,Mid,0.52,150.0,73.53,70.9,70.14,422.1,True,True,True,True,0,0.0,
3949,Rev4,4,W137,AE-3200,CH-A,MID-04,Mid,0.52,210.0,73.56,71.27,69.37,431.8,True,True,True,True,1,2.1,polymer_residue
3950,Rev4,4,W137,AE-3200,CH-A,MID-05,Mid,0.52,270.0,74.77,71.85,67.67,407.2,True,True,True,True,1,3.21,arc_event
3951,Rev4,4,W137,AE-3200,CH-A,MID-06,Mid,0.52,330.0,75.08,69.99,68.51,420.6,True,True,True,True,0,0.0,
3952,Rev4,4,W137,AE-3200,CH-A,EDG-01,Edge,0.84,0.0,74.26,70.0,71.26,431.7,True,True,False,True,0,0.0,
3953,Rev4,4,W137,AE-3200,CH-A,EDG-02,Edge,0.84,32.7,76.35,71.26,71.03,448.4,False,True,False,True,1,2.85,
3954,Rev4,4,W137,AE-3200,CH-A,EDG-03,Edge,0.84,65.5,74.17,70.33,71.67,483.1,True,True,False,False,0,0.0,
3955,Rev4,4,W137,AE-3200,CH-A,EDG-04,Edge,0.84,98.2,73.59,71.3,65.51,423.9,True,True,True,True,0,0.0,
3956,Rev4,4,W137,AE-3200,CH-A,EDG-05,Edge,0.84,130.9,77.0,71.89,70.8,433.5,False,True,False,True,0,0.0,
3957,Rev4,4,W137,AE-3200,CH-A,EDG-06,Edge,0.84,163.6,73.62,74.55,65.71,406.2,True,False,True,True,2,8.63,
3958,Rev4,4,W137,AE-3200,CH-A,EDG-07,Edge,0.84,196.4,74.0,70.82,65.89,429.1,True,True,True,True,1,2.2,polymer_residue
3959,Rev4,4,W137,AE-3200,CH-A,EDG-08,Edge,0.84,229.1,76.15,70.21,68.63,461.3,False,True,True,False,1,2.07,polymer_residue
3960,Rev4,4,W137,AE-3200,CH-A,EDG-09,Edge,0.84,261.8,74.75,70.43,70.06,465.0,True,True,True,False,2,9.9,
3961,Rev4,4,W137,AE-3200,CH-A,EDG-10,Edge,0.84,294.5,75.98,71.06,73.36,466.4,False,True,False,False,1,3.39,polymer_residue
3962,Rev4,4,W137,AE-3200,CH-A,EDG-11,Edge,0.84,327.3,77.74,73.08,76.71,467.2,False,False,False,False,2,12.12,polymer_residue
3963,Rev4,4,W137,AE-3200,CH-A,EXT-01,Extreme Edge,0.96,16.4,76.46,73.04,73.68,435.2,False,False,False,True,2,6.16,
3964,Rev4,4,W137,AE-3200,CH-A,EXT-02,Extreme Edge,0.96,49.1,73.86,73.41,71.54,411.0,True,False,False,True,1,6.05,pressure_spike
3965,Rev4,4,W137,AE-3200,CH-A,EXT-03,Extreme Edge,0.96,81.8,76.75,70.15,65.9,448.3,False,True,True,True,0,0.0,
3966,Rev4,4,W137,AE-3200,CH-A,EXT-04,Extreme Edge,0.96,114.5,78.38,73.35,67.85,452.6,False,False,True,False,2,12.57,polymer_residue
3967,Rev4,4,W137,AE-3200,CH-A,EXT-05,Extreme Edge,0.96,147.3,75.38,72.73,71.55,434.9,False,True,False,True,0,0.0,
3968,Rev4,4,W137,AE-3200,CH-A,EXT-06,Extreme Edge,0.96,180.0,74.55,72.35,72.43,455.7,True,True,False,False,0,0.0,
3969,Rev4,4,W137,AE-3200,CH-A,EXT-07,Extreme Edge,0.96,212.7,75.54,71.61,67.25,457.1,False,True,True,False,0,0.0,
3970,Rev4,4,W137,AE-3200,CH-A,EXT-08,Extreme Edge,0.96,245.5,73.23,70.21,70.75,418.0,True,True,False,True,0,0.0,
3971,Rev4,4,W137,AE-3200,CH-A,EXT-09,Extreme Edge,0.96,278.2,77.16,72.62,72.7,430.4,False,True,False,True,3,17.68,
3972,Rev4,4,W137,AE-3200,CH-A,EXT-10,Extreme Edge,0.96,310.9,75.33,73.42,71.19,451.1,False,False,False,True,0,0.0,
3973,Rev4,4,W137,AE-3200,CH-A,EXT-11,Extreme Edge,0.96,343.6,73.67,73.23,69.64,429.6,True,False,True,True,1,6.42,
3974,Rev11,11,W138,PX-7500,CH-D,C1,Center,0.0,0.0,71.09,69.13,69.52,420.8,True,True,True,True,0,0.0,
3975,Rev11,11,W138,PX-7500,CH-D,MID-01,Mid,0.52,30.0,71.46,70.24,70.82,427.3,True,True,False,True,0,0.0,
3976,Rev11,11,W138,PX-7500,CH-D,MID-02,Mid,0.52,90.0,73.0,68.52,65.25,414.0,True,True,True,True,0,0.0,
3977,Rev11,11,W138,PX-7500,CH-D,MID-03,Mid,0.52,150.0,76.1,72.92,66.86,426.1,False,False,True,True,0,0.0,
3978,Rev11,11,W138,PX-7500,CH-D,MID-04,Mid,0.52,210.0,70.01,72.62,63.54,430.1,True,True,True,True,0,0.0,
3979,Rev11,11,W138,PX-7500,CH-D,MID-05,Mid,0.52,270.0,72.77,70.83,68.41,436.6,True,True,True,True,1,6.1,pressure_spike
3980,Rev11,11,W138,PX-7500,CH-D,MID-06,Mid,0.52,330.0,73.02,69.92,69.47,389.5,True,True,True,True,0,0.0,
3981,Rev11,11,W138,PX-7500,CH-D,EDG-01,Edge,0.84,0.0,71.73,69.98,72.72,398.0,True,True,False,True,0,0.0,
3982,Rev11,11,W138,PX-7500,CH-D,EDG-02,Edge,0.84,32.7,72.49,69.36,73.19,419.5,True,True,False,True,1,2.32,arc_event
3983,Rev11,11,W138,PX-7500,CH-D,EDG-03,Edge,0.84,65.5,74.97,74.98,72.58,408.3,True,False,False,True,1,5.92,
3984,Rev11,11,W138,PX-7500,CH-D,EDG-04,Edge,0.84,98.2,74.72,71.05,72.95,418.3,True,True,False,True,0,0.0,
3985,Rev11,11,W138,PX-7500,CH-D,EDG-05,Edge,0.84,130.9,72.68,68.02,76.81,441.7,True,True,False,True,0,0.0,
3986,Rev11,11,W138,PX-7500,CH-D,EDG-06,Edge,0.84,163.6,75.28,68.53,72.89,413.6,False,True,False,True,0,0.0,
3987,Rev11,11,W138,PX-7500,CH-D,EDG-07,Edge,0.84,196.4,73.05,70.15,66.96,386.4,True,True,True,True,0,0.0,
3988,Rev11,11,W138,PX-7500,CH-D,EDG-08,Edge,0.84,229.1,72.32,69.83,67.82,388.2,True,True,True,True,1,1.8,esc_temp_drift
3989,Rev11,11,W138,PX-7500,CH-D,EDG-09,Edge,0.84,261.8,73.61,71.4,69.19,415.7,True,True,True,True,1,4.39,
3990,Rev11,11,W138,PX-7500,CH-D,EDG-10,Edge,0.84,294.5,74.22,74.37,71.17,402.2,True,False,False,True,0,0.0,
3991,Rev11,11,W138,PX-7500,CH-D,EDG-11,Edge,0.84,327.3,73.84,69.3,66.3,408.7,True,True,True,True,0,0.0,
3992,Rev11,11,W138,PX-7500,CH-D,EXT-01,Extreme Edge,0.96,16.4,72.91,74.4,72.83,444.1,True,False,False,True,2,9.26,pressure_spike
3993,Rev11,11,W138,PX-7500,CH-D,EXT-02,Extreme Edge,0.96,49.1,76.72,73.31,67.08,377.0,False,False,True,True,2,8.59,esc_temp_drift
3994,Rev11,11,W138,PX-7500,CH-D,EXT-03,Extreme Edge,0.96,81.8,73.43,73.18,71.53,414.5,True,False,False,True,1,5.11,polymer_residue
3995,Rev11,11,W138,PX-7500,CH-D,EXT-04,Extreme Edge,0.96,114.5,75.37,72.08,68.89,442.8,False,True,True,True,1,4.71,
3996,Rev11,11,W138,PX-7500,CH-D,EXT-05,Extreme Edge,0.96,147.3,72.29,72.41,70.17,436.4,True,True,True,True,0,0.0,
3997,Rev11,11,W138,PX-7500,CH-D,EXT-06,Extreme Edge,0.96,180.0,73.51,73.46,72.53,388.5,True,False,False,True,1,4.4,polymer_residue
3998,Rev11,11,W138,PX-7500,CH-D,EXT-07,Extreme Edge,0.96,212.7,74.17,73.93,68.72,392.2,True,False,True,True,1,5.08,esc_temp_drift
3999,Rev11,11,W138,PX-7500,CH-D,EXT-08,Extreme Edge,0.96,245.5,73.94,75.51,69.36,417.8,True,False,True,True,2,6.7,arc_event
4000,Rev11,11,W138,PX-7500,CH-D,EXT-09,Extreme Edge,0.96,278.2,72.51,71.8,65.89,413.3,True,True,True,True,1,2.57,polymer_residue
4001,Rev11,11,W138,PX-7500,CH-D,EXT-10,Extreme Edge,0.96,310.9,75.1,74.25,67.78,438.4,True,False,True,True,1,4.46,polymer_residue
4002,Rev11,11,W138,PX-7500,CH-D,EXT-11,Extreme Edge,0.96,343.6,75.95,71.89,67.07,418.0,False,True,True,True,1,2.41,
4003,Rev7,7,W139,PX-7500,CH-D,C1,Center,0.0,0.0,72.26,69.17,60.99,391.2,True,True,True,True,0,0.0,
4004,Rev7,7,W139,PX-7500,CH-D,MID-01,Mid,0.52,30.0,72.27,70.03,71.29,409.7,True,True,False,True,0,0.0,
4005,Rev7,7,W139,PX-7500,CH-D,MID-02,Mid,0.52,90.0,72.38,70.14,64.91,365.5,True,True,True,False,0,0.0,
4006,Rev7,7,W139,PX-7500,CH-D,MID-03,Mid,0.52,150.0,71.15,68.46,65.89,409.7,True,True,True,True,0,0.0,
4007,Rev7,7,W139,PX-7500,CH-D,MID-04,Mid,0.52,210.0,70.72,67.49,62.1,422.6,True,True,True,True,0,0.0,
4008,Rev7,7,W139,PX-7500,CH-D,MID-05,Mid,0.52,270.0,74.23,70.94,66.24,370.6,True,True,True,False,0,0.0,
4009,Rev7,7,W139,PX-7500,CH-D,MID-06,Mid,0.52,330.0,72.23,74.89,69.99,385.7,True,False,True,True,1,3.94,polymer_residue
4010,Rev7,7,W139,PX-7500,CH-D,EDG-01,Edge,0.84,0.0,76.09,72.61,66.45,413.4,False,True,True,True,1,3.46,polymer_residue
4011,Rev7,7,W139,PX-7500,CH-D,EDG-02,Edge,0.84,32.7,74.26,73.77,65.39,423.2,True,False,True,True,0,0.0,
4012,Rev7,7,W139,PX-7500,CH-D,EDG-03,Edge,0.84,65.5,74.34,71.65,65.51,411.0,True,True,True,True,1,2.97,
4013,Rev7,7,W139,PX-7500,CH-D,EDG-04,Edge,0.84,98.2,75.75,72.66,61.81,448.8,False,True,True,True,0,0.0,
4014,Rev7,7,W139,PX-7500,CH-D,EDG-05,Edge,0.84,130.9,74.71,72.71,68.73,407.6,True,True,True,True,2,6.83,polymer_residue
4015,Rev7,7,W139,PX-7500,CH-D,EDG-06,Edge,0.84,163.6,74.14,71.35,64.52,397.7,True,True,True,True,0,0.0,
4016,Rev7,7,W139,PX-7500,CH-D,EDG-07,Edge,0.84,196.4,74.36,72.51,63.35,382.1,True,True,True,True,1,1.96,
4017,Rev7,7,W139,PX-7500,CH-D,EDG-08,Edge,0.84,229.1,77.86,73.03,67.53,452.3,False,False,True,False,2,3.71,
4018,Rev7,7,W139,PX-7500,CH-D,EDG-09,Edge,0.84,261.8,76.15,72.79,64.03,428.8,False,True,True,True,0,0.0,
4019,Rev7,7,W139,PX-7500,CH-D,EDG-10,Edge,0.84,294.5,74.38,71.7,67.76,425.6,True,True,True,True,0,0.0,
4020,Rev7,7,W139,PX-7500,CH-D,EDG-11,Edge,0.84,327.3,73.88,71.06,68.35,426.6,True,True,True,True,0,0.0,
4021,Rev7,7,W139,PX-7500,CH-D,EXT-01,Extreme Edge,0.96,16.4,76.21,74.6,71.09,435.2,False,False,False,True,3,8.59,arc_event
4022,Rev7,7,W139,PX-7500,CH-D,EXT-02,Extreme Edge,0.96,49.1,73.41,72.6,65.38,429.2,True,True,True,True,0,0.0,
4023,Rev7,7,W139,PX-7500,CH-D,EXT-03,Extreme Edge,0.96,81.8,77.63,71.82,63.9,427.6,False,True,True,True,0,0.0,
4024,Rev7,7,W139,PX-7500,CH-D,EXT-04,Extreme Edge,0.96,114.5,76.53,75.34,68.97,411.9,False,False,True,True,0,0.0,
4025,Rev7,7,W139,PX-7500,CH-D,EXT-05,Extreme Edge,0.96,147.3,74.57,72.21,69.2,408.8,True,True,True,True,0,0.0,
4026,Rev7,7,W139,PX-7500,CH-D,EXT-06,Extreme Edge,0.96,180.0,76.02,74.7,69.58,382.2,False,False,True,True,2,9.49,polymer_residue
4027,Rev7,7,W139,PX-7500,CH-D,EXT-07,Extreme Edge,0.96,212.7,75.33,71.84,66.43,410.4,False,True,True,True,1,5.14,polymer_residue
4028,Rev7,7,W139,PX-7500,CH-D,EXT-08,Extreme Edge,0.96,245.5,73.46,73.61,62.19,406.2,True,False,True,True,1,2.12,esc_temp_drift
4029,Rev7,7,W139,PX-7500,CH-D,EXT-09,Extreme Edge,0.96,278.2,74.08,73.34,65.82,400.2,True,False,True,True,0,0.0,
4030,Rev7,7,W139,PX-7500,CH-D,EXT-10,Extreme Edge,0.96,310.9,74.6,71.8,63.43,448.5,True,True,True,True,0,0.0,
4031,Rev7,7,W139,PX-7500,CH-D,EXT-11,Extreme Edge,0.96,343.6,74.79,74.66,67.73,424.3,True,False,True,True,1,3.5,polymer_residue
4032,Rev2,2,W140,PX-7500,CH-C,C1,Center,0.0,0.0,71.11,68.06,69.97,441.3,True,True,True,True,1,5.19,polymer_residue
4033,Rev2,2,W140,PX-7500,CH-C,MID-01,Mid,0.52,30.0,70.18,69.15,69.78,417.0,True,True,True,True,0,0.0,
4034,Rev2,2,W140,PX-7500,CH-C,MID-02,Mid,0.52,90.0,72.12,70.96,59.79,415.0,True,True,True,True,0,0.0,
4035,Rev2,2,W140,PX-7500,CH-C,MID-03,Mid,0.52,150.0,73.36,72.38,63.26,447.9,True,True,True,True,1,3.3,
4036,Rev2,2,W140,PX-7500,CH-C,MID-04,Mid,0.52,210.0,70.18,70.84,62.08,422.3,True,True,True,True,0,0.0,
4037,Rev2,2,W140,PX-7500,CH-C,MID-05,Mid,0.52,270.0,68.76,68.8,62.95,455.3,True,True,True,False,0,0.0,
4038,Rev2,2,W140,PX-7500,CH-C,MID-06,Mid,0.52,330.0,70.62,68.42,66.84,410.8,True,True,True,True,2,3.79,
4039,Rev2,2,W140,PX-7500,CH-C,EDG-01,Edge,0.84,0.0,74.21,72.34,66.83,424.3,True,True,True,True,0,0.0,
4040,Rev2,2,W140,PX-7500,CH-C,EDG-02,Edge,0.84,32.7,71.78,72.53,64.43,427.9,True,True,True,True,1,5.03,
4041,Rev2,2,W140,PX-7500,CH-C,EDG-03,Edge,0.84,65.5,72.8,70.85,63.11,422.2,True,True,True,True,1,5.96,
4042,Rev2,2,W140,PX-7500,CH-C,EDG-04,Edge,0.84,98.2,73.71,71.79,66.87,411.4,True,True,True,True,0,0.0,
4043,Rev2,2,W140,PX-7500,CH-C,EDG-05,Edge,0.84,130.9,73.55,72.67,64.91,436.0,True,True,True,True,0,0.0,
4044,Rev2,2,W140,PX-7500,CH-C,EDG-06,Edge,0.84,163.6,73.65,70.0,67.82,438.3,True,True,True,True,1,2.33,polymer_residue
4045,Rev2,2,W140,PX-7500,CH-C,EDG-07,Edge,0.84,196.4,75.48,71.01,67.62,424.0,False,True,True,True,0,0.0,
4046,Rev2,2,W140,PX-7500,CH-C,EDG-08,Edge,0.84,229.1,70.61,71.68,65.21,442.3,True,True,True,True,0,0.0,
4047,Rev2,2,W140,PX-7500,CH-C,EDG-09,Edge,0.84,261.8,72.86,70.29,67.54,432.4,True,True,True,True,1,4.21,
4048,Rev2,2,W140,PX-7500,CH-C,EDG-10,Edge,0.84,294.5,74.37,72.88,71.5,445.5,True,False,False,True,1,2.78,pressure_spike
4049,Rev2,2,W140,PX-7500,CH-C,EDG-11,Edge,0.84,327.3,71.58,70.33,62.72,425.6,True,True,True,True,1,2.26,polymer_residue
4050,Rev2,2,W140,PX-7500,CH-C,EXT-01,Extreme Edge,0.96,16.4,73.4,72.75,64.9,426.6,True,True,True,True,1,5.99,
4051,Rev2,2,W140,PX-7500,CH-C,EXT-02,Extreme Edge,0.96,49.1,74.19,71.32,67.91,445.8,True,True,True,True,1,6.14,
4052,Rev2,2,W140,PX-7500,CH-C,EXT-03,Extreme Edge,0.96,81.8,72.9,71.56,70.88,426.3,True,True,False,True,0,0.0,
4053,Rev2,2,W140,PX-7500,CH-C,EXT-04,Extreme Edge,0.96,114.5,72.47,69.56,67.2,420.1,True,True,True,True,2,7.66,
4054,Rev2,2,W140,PX-7500,CH-C,EXT-05,Extreme Edge,0.96,147.3,73.6,67.77,66.08,454.0,True,True,True,False,0,0.0,
4055,Rev2,2,W140,PX-7500,CH-C,EXT-06,Extreme Edge,0.96,180.0,71.02,69.72,68.44,439.6,True,True,True,True,0,0.0,
4056,Rev2,2,W140,PX-7500,CH-C,EXT-07,Extreme Edge,0.96,212.7,74.34,72.36,67.23,436.0,True,True,True,True,1,3.54,
4057,Rev2,2,W140,PX-7500,CH-C,EXT-08,Extreme Edge,0.96,245.5,73.86,69.6,68.0,428.5,True,True,True,True,1,4.67,
4058,Rev2,2,W140,PX-7500,CH-C,EXT-09,Extreme Edge,0.96,278.2,71.68,69.03,69.67,414.6,True,True,True,True,0,0.0,
4059,Rev2,2,W140,PX-7500,CH-C,EXT-10,Extreme Edge,0.96,310.9,70.73,69.54,65.68,445.1,True,True,True,True,0,0.0,
4060,Rev2,2,W140,PX-7500,CH-C,EXT-11,Extreme Edge,0.96,343.6,70.71,72.58,58.27,404.2,True,True,False,True,1,5.66,polymer_residue
4061,Rev2,2,W141,PX-7500,CH-C,C1,Center,0.0,0.0,68.25,70.22,64.71,414.9,False,True,True,True,0,0.0,
4062,Rev2,2,W141,PX-7500,CH-C,MID-01,Mid,0.52,30.0,71.75,69.56,65.41,386.1,True,True,True,True,0,0.0,
4063,Rev2,2,W141,PX-7500,CH-C,MID-02,Mid,0.52,90.0,70.76,64.64,64.71,403.2,True,False,True,True,1,2.82,esc_temp_drift
4064,Rev2,2,W141,PX-7500,CH-C,MID-03,Mid,0.52,150.0,71.9,69.2,62.67,406.8,True,True,True,True,0,0.0,
4065,Rev2,2,W141,PX-7500,CH-C,MID-04,Mid,0.52,210.0,70.75,66.78,61.83,395.3,True,True,True,True,0,0.0,
4066,Rev2,2,W141,PX-7500,CH-C,MID-05,Mid,0.52,270.0,71.45,69.88,53.94,418.2,True,True,False,True,1,3.87,
4067,Rev2,2,W141,PX-7500,CH-C,MID-06,Mid,0.52,330.0,71.72,65.78,62.86,420.8,True,True,True,True,0,0.0,
4068,Rev2,2,W141,PX-7500,CH-C,EDG-01,Edge,0.84,0.0,71.05,70.94,65.36,376.8,True,True,True,True,1,2.16,polymer_residue
4069,Rev2,2,W141,PX-7500,CH-C,EDG-02,Edge,0.84,32.7,71.48,71.41,68.02,414.0,True,True,True,True,0,0.0,
4070,Rev2,2,W141,PX-7500,CH-C,EDG-03,Edge,0.84,65.5,73.81,69.62,61.39,445.3,True,True,True,True,0,0.0,
4071,Rev2,2,W141,PX-7500,CH-C,EDG-04,Edge,0.84,98.2,71.09,69.47,67.87,403.4,True,True,True,True,0,0.0,
4072,Rev2,2,W141,PX-7500,CH-C,EDG-05,Edge,0.84,130.9,74.15,69.42,64.12,423.3,True,True,True,True,2,4.63,pressure_spike
4073,Rev2,2,W141,PX-7500,CH-C,EDG-06,Edge,0.84,163.6,72.52,67.9,72.13,422.8,True,True,False,True,1,3.38,
4074,Rev2,2,W141,PX-7500,CH-C,EDG-07,Edge,0.84,196.4,74.72,67.38,69.88,436.1,True,True,True,True,0,0.0,
4075,Rev2,2,W141,PX-7500,CH-C,EDG-08,Edge,0.84,229.1,69.97,69.55,70.49,414.2,True,True,True,True,0,0.0,
4076,Rev2,2,W141,PX-7500,CH-C,EDG-09,Edge,0.84,261.8,72.34,69.43,70.7,395.7,True,True,False,True,2,4.92,
4077,Rev2,2,W141,PX-7500,CH-C,EDG-10,Edge,0.84,294.5,71.89,67.39,64.94,405.3,True,True,True,True,0,0.0,
4078,Rev2,2,W141,PX-7500,CH-C,EDG-11,Edge,0.84,327.3,73.38,69.42,75.17,429.0,True,True,False,True,1,4.92,esc_temp_drift
4079,Rev2,2,W141,PX-7500,CH-C,EXT-01,Extreme Edge,0.96,16.4,75.25,69.75,65.44,388.8,False,True,True,True,2,3.94,
4080,Rev2,2,W141,PX-7500,CH-C,EXT-02,Extreme Edge,0.96,49.1,76.44,71.53,62.55,446.7,False,True,True,True,0,0.0,
4081,Rev2,2,W141,PX-7500,CH-C,EXT-03,Extreme Edge,0.96,81.8,72.94,69.96,70.92,423.8,True,True,False,True,0,0.0,
4082,Rev2,2,W141,PX-7500,CH-C,EXT-04,Extreme Edge,0.96,114.5,71.85,69.21,63.2,429.6,True,True,True,True,0,0.0,
4083,Rev2,2,W141,PX-7500,CH-C,EXT-05,Extreme Edge,0.96,147.3,74.04,70.41,64.9,430.0,True,True,True,True,0,0.0,
4084,Rev2,2,W141,PX-7500,CH-C,EXT-06,Extreme Edge,0.96,180.0,73.4,69.6,70.94,436.7,True,True,False,True,0,0.0,
4085,Rev2,2,W141,PX-7500,CH-C,EXT-07,Extreme Edge,0.96,212.7,71.57,69.53,72.56,408.0,True,True,False,True,0,0.0,
4086,Rev2,2,W141,PX-7500,CH-C,EXT-08,Extreme Edge,0.96,245.5,72.89,72.65,68.47,452.0,True,True,True,True,0,0.0,
4087,Rev2,2,W141,PX-7500,CH-C,EXT-09,Extreme Edge,0.96,278.2,74.62,70.25,70.24,427.9,True,True,True,True,0,0.0,
4088,Rev2,2,W141,PX-7500,CH-C,EXT-10,Extreme Edge,0.96,310.9,73.71,71.7,70.92,405.8,True,True,False,True,2,7.55,
4089,Rev2,2,W141,PX-7500,CH-C,EXT-11,Extreme Edge,0.96,343.6,74.53,69.29,72.78,444.5,True,True,False,True,1,4.55,arc_event
4090,Rev3,3,W142,PX-7500,CH-D,C1,Center,0.0,0.0,69.57,66.0,62.83,473.7,True,True,True,False,1,1.9,
4091,Rev3,3,W142,PX-7500,CH-D,MID-01,Mid,0.52,30.0,71.32,67.26,60.59,428.3,True,True,True,True,0,0.0,
4092,Rev3,3,W142,PX-7500,CH-D,MID-02,Mid,0.52,90.0,71.76,71.08,62.51,432.4,True,True,True,True,0,0.0,
4093,Rev3,3,W142,PX-7500,CH-D,MID-03,Mid,0.52,150.0,72.12,67.18,63.81,463.9,True,True,True,False,1,3.92,
4094,Rev3,3,W142,PX-7500,CH-D,MID-04,Mid,0.52,210.0,72.23,71.91,68.68,458.5,True,True,True,False,0,0.0,
4095,Rev3,3,W142,PX-7500,CH-D,MID-05,Mid,0.52,270.0,72.76,70.18,60.52,455.4,True,True,True,False,0,0.0,
4096,Rev3,3,W142,PX-7500,CH-D,MID-06,Mid,0.52,330.0,70.26,70.44,67.37,457.5,True,True,True,False,0,0.0,
4097,Rev3,3,W142,PX-7500,CH-D,EDG-01,Edge,0.84,0.0,74.84,69.74,62.84,439.7,True,True,True,True,1,3.47,endpoint_late
4098,Rev3,3,W142,PX-7500,CH-D,EDG-02,Edge,0.84,32.7,72.63,73.54,67.99,445.4,True,False,True,True,0,0.0,
4099,Rev3,3,W142,PX-7500,CH-D,EDG-03,Edge,0.84,65.5,73.61,69.2,66.96,437.8,True,True,True,True,0,0.0,
4100,Rev3,3,W142,PX-7500,CH-D,EDG-04,Edge,0.84,98.2,74.5,73.51,62.98,458.0,True,False,True,False,0,0.0,
4101,Rev3,3,W142,PX-7500,CH-D,EDG-05,Edge,0.84,130.9,73.58,72.2,64.47,424.8,True,True,True,True,0,0.0,
4102,Rev3,3,W142,PX-7500,CH-D,EDG-06,Edge,0.84,163.6,74.46,72.7,67.37,417.4,True,True,True,True,0,0.0,
4103,Rev3,3,W142,PX-7500,CH-D,EDG-07,Edge,0.84,196.4,74.11,68.94,60.0,410.4,True,True,True,True,2,8.13,polymer_residue
4104,Rev3,3,W142,PX-7500,CH-D,EDG-08,Edge,0.84,229.1,73.41,69.83,67.27,458.4,True,True,True,False,1,5.74,arc_event
4105,Rev3,3,W142,PX-7500,CH-D,EDG-09,Edge,0.84,261.8,74.55,71.07,66.43,429.6,True,True,True,True,1,1.84,esc_temp_drift
4106,Rev3,3,W142,PX-7500,CH-D,EDG-10,Edge,0.84,294.5,73.33,72.41,65.39,453.6,True,True,True,False,1,5.22,
4107,Rev3,3,W142,PX-7500,CH-D,EDG-11,Edge,0.84,327.3,72.16,71.31,64.64,479.1,True,True,True,False,0,0.0,
4108,Rev3,3,W142,PX-7500,CH-D,EXT-01,Extreme Edge,0.96,16.4,75.59,73.61,73.22,486.7,False,False,False,False,2,11.01,pressure_spike
4109,Rev3,3,W142,PX-7500,CH-D,EXT-02,Extreme Edge,0.96,49.1,75.22,71.28,66.26,445.3,False,True,True,True,0,0.0,
4110,Rev3,3,W142,PX-7500,CH-D,EXT-03,Extreme Edge,0.96,81.8,74.93,71.24,72.78,485.2,True,True,False,False,0,0.0,
4111,Rev3,3,W142,PX-7500,CH-D,EXT-04,Extreme Edge,0.96,114.5,72.21,73.64,70.17,480.2,True,False,True,False,1,5.23,
4112,Rev3,3,W142,PX-7500,CH-D,EXT-05,Extreme Edge,0.96,147.3,75.88,71.53,67.89,466.7,False,True,True,False,0,0.0,
4113,Rev3,3,W142,PX-7500,CH-D,EXT-06,Extreme Edge,0.96,180.0,72.86,70.39,65.87,479.9,True,True,True,False,3,12.53,
4114,Rev3,3,W142,PX-7500,CH-D,EXT-07,Extreme Edge,0.96,212.7,72.4,68.98,66.8,479.5,True,True,True,False,0,0.0,
4115,Rev3,3,W142,PX-7500,CH-D,EXT-08,Extreme Edge,0.96,245.5,73.76,69.42,69.96,466.3,True,True,True,False,2,4.98,polymer_residue
4116,Rev3,3,W142,PX-7500,CH-D,EXT-09,Extreme Edge,0.96,278.2,75.3,73.59,62.07,493.5,False,False,True,False,1,4.94,
4117,Rev3,3,W142,PX-7500,CH-D,EXT-10,Extreme Edge,0.96,310.9,74.38,70.46,71.7,423.8,True,True,False,True,0,0.0,
4118,Rev3,3,W142,PX-7500,CH-D,EXT-11,Extreme Edge,0.96,343.6,75.03,71.76,67.98,439.7,True,True,True,True,2,8.37,
4119,Rev10,10,W143,PX-7500,CH-C,C1,Center,0.0,0.0,71.01,68.21,64.53,399.6,True,True,True,True,0,0.0,
4120,Rev10,10,W143,PX-7500,CH-C,MID-01,Mid,0.52,30.0,72.99,70.03,70.03,388.3,True,True,True,True,0,0.0,
4121,Rev10,10,W143,PX-7500,CH-C,MID-02,Mid,0.52,90.0,74.73,69.95,66.9,415.3,True,True,True,True,0,0.0,
4122,Rev10,10,W143,PX-7500,CH-C,MID-03,Mid,0.52,150.0,75.64,66.91,67.06,402.4,False,True,True,True,1,3.25,polymer_residue
4123,Rev10,10,W143,PX-7500,CH-C,MID-04,Mid,0.52,210.0,73.28,70.66,72.4,415.7,True,True,False,True,0,0.0,
4124,Rev10,10,W143,PX-7500,CH-C,MID-05,Mid,0.52,270.0,71.82,70.24,63.94,411.3,True,True,True,True,0,0.0,
4125,Rev10,10,W143,PX-7500,CH-C,MID-06,Mid,0.52,330.0,74.2,68.36,64.8,392.7,True,True,True,True,0,0.0,
4126,Rev10,10,W143,PX-7500,CH-C,EDG-01,Edge,0.84,0.0,73.39,70.86,65.29,388.6,True,True,True,True,0,0.0,
4127,Rev10,10,W143,PX-7500,CH-C,EDG-02,Edge,0.84,32.7,72.08,69.76,70.72,397.4,True,True,False,True,0,0.0,
4128,Rev10,10,W143,PX-7500,CH-C,EDG-03,Edge,0.84,65.5,73.63,70.55,63.16,382.0,True,True,True,True,0,0.0,
4129,Rev10,10,W143,PX-7500,CH-C,EDG-04,Edge,0.84,98.2,77.42,69.51,64.53,407.9,False,True,True,True,2,11.15,
4130,Rev10,10,W143,PX-7500,CH-C,EDG-05,Edge,0.84,130.9,75.39,69.48,73.69,434.0,False,True,False,True,0,0.0,
4131,Rev10,10,W143,PX-7500,CH-C,EDG-06,Edge,0.84,163.6,76.24,70.05,70.51,380.2,False,True,True,True,1,5.61,
4132,Rev10,10,W143,PX-7500,CH-C,EDG-07,Edge,0.84,196.4,73.63,69.69,71.08,385.1,True,True,False,True,1,6.1,
4133,Rev10,10,W143,PX-7500,CH-C,EDG-08,Edge,0.84,229.1,73.85,68.59,70.58,383.4,True,True,True,True,0,0.0,
4134,Rev10,10,W143,PX-7500,CH-C,EDG-09,Edge,0.84,261.8,73.89,70.5,69.87,408.9,True,True,True,True,0,0.0,
4135,Rev10,10,W143,PX-7500,CH-C,EDG-10,Edge,0.84,294.5,74.98,69.51,66.09,389.3,True,True,True,True,0,0.0,
4136,Rev10,10,W143,PX-7500,CH-C,EDG-11,Edge,0.84,327.3,74.38,68.14,68.17,402.4,True,True,True,True,0,0.0,
4137,Rev10,10,W143,PX-7500,CH-C,EXT-01,Extreme Edge,0.96,16.4,76.15,73.58,72.11,417.9,False,False,False,True,1,3.68,pressure_spike
4138,Rev10,10,W143,PX-7500,CH-C,EXT-02,Extreme Edge,0.96,49.1,74.19,69.98,70.08,402.0,True,True,True,True,0,0.0,
4139,Rev10,10,W143,PX-7500,CH-C,EXT-03,Extreme Edge,0.96,81.8,75.42,70.01,69.24,405.0,False,True,True,True,1,2.25,pressure_spike
4140,Rev10,10,W143,PX-7500,CH-C,EXT-04,Extreme Edge,0.96,114.5,74.34,68.27,70.98,390.5,True,True,False,True,0,0.0,
4141,Rev10,10,W143,PX-7500,CH-C,EXT-05,Extreme Edge,0.96,147.3,73.9,67.47,67.95,372.4,True,True,True,False,1,4.86,polymer_residue
4142,Rev10,10,W143,PX-7500,CH-C,EXT-06,Extreme Edge,0.96,180.0,74.72,72.11,67.43,427.3,True,True,True,True,3,6.67,
4143,Rev10,10,W143,PX-7500,CH-C,EXT-07,Extreme Edge,0.96,212.7,74.06,71.02,69.5,370.1,True,True,True,False,1,1.94,
4144,Rev10,10,W143,PX-7500,CH-C,EXT-08,Extreme Edge,0.96,245.5,77.43,68.99,64.18,407.5,False,True,True,True,0,0.0,
4145,Rev10,10,W143,PX-7500,CH-C,EXT-09,Extreme Edge,0.96,278.2,75.17,70.49,68.75,360.3,True,True,True,False,2,4.73,
4146,Rev10,10,W143,PX-7500,CH-C,EXT-10,Extreme Edge,0.96,310.9,77.14,68.48,75.18,388.9,False,True,False,True,3,14.24,
4147,Rev10,10,W143,PX-7500,CH-C,EXT-11,Extreme Edge,0.96,343.6,74.15,67.23,71.97,390.9,True,True,False,True,0,0.0,
4148,Rev5,5,W144,AE-3200,CH-B,C1,Center,0.0,0.0,73.91,69.25,67.0,410.2,True,True,True,True,0,0.0,
4149,Rev5,5,W144,AE-3200,CH-B,MID-01,Mid,0.52,30.0,71.8,69.38,63.68,435.1,True,True,True,True,0,0.0,
4150,Rev5,5,W144,AE-3200,CH-B,MID-02,Mid,0.52,90.0,71.92,65.87,68.94,405.7,True,True,True,True,0,0.0,
4151,Rev5,5,W144,AE-3200,CH-B,MID-03,Mid,0.52,150.0,70.74,71.63,63.01,486.2,True,True,True,False,0,0.0,
4152,Rev5,5,W144,AE-3200,CH-B,MID-04,Mid,0.52,210.0,72.0,66.4,66.1,441.7,True,True,True,True,1,2.3,pressure_spike
4153,Rev5,5,W144,AE-3200,CH-B,MID-05,Mid,0.52,270.0,71.08,66.98,65.59,448.2,True,True,True,True,0,0.0,
4154,Rev5,5,W144,AE-3200,CH-B,MID-06,Mid,0.52,330.0,72.82,72.05,62.56,437.2,True,True,True,True,1,3.71,esc_temp_drift
4155,Rev5,5,W144,AE-3200,CH-B,EDG-01,Edge,0.84,0.0,72.14,69.92,67.93,458.9,True,True,True,False,0,0.0,
4156,Rev5,5,W144,AE-3200,CH-B,EDG-02,Edge,0.84,32.7,72.89,69.0,63.35,484.2,True,True,True,False,1,6.44,polymer_residue
4157,Rev5,5,W144,AE-3200,CH-B,EDG-03,Edge,0.84,65.5,71.24,67.18,63.14,478.0,True,True,True,False,0,0.0,
4158,Rev5,5,W144,AE-3200,CH-B,EDG-04,Edge,0.84,98.2,74.5,70.63,61.74,463.6,True,True,True,False,0,0.0,
4159,Rev5,5,W144,AE-3200,CH-B,EDG-05,Edge,0.84,130.9,73.31,68.98,72.53,477.5,True,True,False,False,1,2.77,pressure_spike
4160,Rev5,5,W144,AE-3200,CH-B,EDG-06,Edge,0.84,163.6,74.58,72.12,68.71,488.0,True,True,True,False,1,3.18,
4161,Rev5,5,W144,AE-3200,CH-B,EDG-07,Edge,0.84,196.4,74.58,69.82,67.31,422.3,True,True,True,True,0,0.0,
4162,Rev5,5,W144,AE-3200,CH-B,EDG-08,Edge,0.84,229.1,74.53,68.73,64.82,472.8,True,True,True,False,1,5.48,
4163,Rev5,5,W144,AE-3200,CH-B,EDG-09,Edge,0.84,261.8,74.29,72.88,67.17,478.6,True,False,True,False,0,0.0,
4164,Rev5,5,W144,AE-3200,CH-B,EDG-10,Edge,0.84,294.5,73.24,71.38,65.36,468.8,True,True,True,False,0,0.0,
4165,Rev5,5,W144,AE-3200,CH-B,EDG-11,Edge,0.84,327.3,72.73,70.78,67.91,454.7,True,True,True,False,1,2.72,esc_temp_drift
4166,Rev5,5,W144,AE-3200,CH-B,EXT-01,Extreme Edge,0.96,16.4,74.28,71.81,64.21,459.8,True,True,True,False,1,4.87,polymer_residue
4167,Rev5,5,W144,AE-3200,CH-B,EXT-02,Extreme Edge,0.96,49.1,74.59,70.71,66.05,462.9,True,True,True,False,0,0.0,
4168,Rev5,5,W144,AE-3200,CH-B,EXT-03,Extreme Edge,0.96,81.8,73.56,69.74,67.37,423.3,True,True,True,True,0,0.0,
4169,Rev5,5,W144,AE-3200,CH-B,EXT-04,Extreme Edge,0.96,114.5,71.98,72.35,68.47,456.6,True,True,True,False,1,3.46,
4170,Rev5,5,W144,AE-3200,CH-B,EXT-05,Extreme Edge,0.96,147.3,73.11,68.32,67.83,486.5,True,True,True,False,1,4.33,
4171,Rev5,5,W144,AE-3200,CH-B,EXT-06,Extreme Edge,0.96,180.0,72.35,67.86,66.92,456.5,True,True,True,False,1,4.19,polymer_residue
4172,Rev5,5,W144,AE-3200,CH-B,EXT-07,Extreme Edge,0.96,212.7,74.85,70.68,68.41,467.6,True,True,True,False,0,0.0,
4173,Rev5,5,W144,AE-3200,CH-B,EXT-08,Extreme Edge,0.96,245.5,77.11,67.52,73.07,484.2,False,True,False,False,0,0.0,
4174,Rev5,5,W144,AE-3200,CH-B,EXT-09,Extreme Edge,0.96,278.2,75.18,70.31,67.67,441.6,True,True,True,True,0,0.0,
4175,Rev5,5,W144,AE-3200,CH-B,EXT-10,Extreme Edge,0.96,310.9,71.84,70.73,66.26,443.8,True,True,True,True,0,0.0,
4176,Rev5,5,W144,AE-3200,CH-B,EXT-11,Extreme Edge,0.96,343.6,75.28,70.89,67.59,431.8,False,True,True,True,0,0.0,
4177,Base,0,W145,AE-3200,CH-A,C1,Center,0.0,0.0,72.75,69.48,65.71,394.6,True,True,True,True,1,4.08,
4178,Base,0,W145,AE-3200,CH-A,MID-01,Mid,0.52,30.0,70.76,69.15,65.8,416.7,True,True,True,True,1,4.67,
4179,Base,0,W145,AE-3200,CH-A,MID-02,Mid,0.52,90.0,73.12,72.14,67.02,403.8,True,True,True,True,0,0.0,
4180,Base,0,W145,AE-3200,CH-A,MID-03,Mid,0.52,150.0,72.49,72.11,66.71,441.4,True,True,True,True,0,0.0,
4181,Base,0,W145,AE-3200,CH-A,MID-04,Mid,0.52,210.0,72.01,72.5,65.68,448.9,True,True,True,True,0,0.0,
4182,Base,0,W145,AE-3200,CH-A,MID-05,Mid,0.52,270.0,72.66,70.76,71.23,403.4,True,True,False,True,2,4.45,polymer_residue
4183,Base,0,W145,AE-3200,CH-A,MID-06,Mid,0.52,330.0,70.65,71.11,64.63,425.8,True,True,True,True,0,0.0,
4184,Base,0,W145,AE-3200,CH-A,EDG-01,Edge,0.84,0.0,73.16,71.52,67.68,411.4,True,True,True,True,0,0.0,
4185,Base,0,W145,AE-3200,CH-A,EDG-02,Edge,0.84,32.7,73.21,72.85,69.0,443.9,True,False,True,True,0,0.0,
4186,Base,0,W145,AE-3200,CH-A,EDG-03,Edge,0.84,65.5,73.4,72.7,67.77,424.1,True,True,True,True,0,0.0,
4187,Base,0,W145,AE-3200,CH-A,EDG-04,Edge,0.84,98.2,72.83,74.12,74.62,399.3,True,False,False,True,0,0.0,
4188,Base,0,W145,AE-3200,CH-A,EDG-05,Edge,0.84,130.9,74.62,73.37,68.18,446.2,True,False,True,True,0,0.0,
4189,Base,0,W145,AE-3200,CH-A,EDG-06,Edge,0.84,163.6,76.56,75.54,68.25,423.4,False,False,True,True,1,1.83,
4190,Base,0,W145,AE-3200,CH-A,EDG-07,Edge,0.84,196.4,71.19,70.38,70.81,438.3,True,True,False,True,1,2.75,polymer_residue
4191,Base,0,W145,AE-3200,CH-A,EDG-08,Edge,0.84,229.1,74.75,75.49,68.95,430.8,True,False,True,True,0,0.0,
4192,Base,0,W145,AE-3200,CH-A,EDG-09,Edge,0.84,261.8,73.15,73.13,64.16,421.5,True,False,True,True,1,5.55,
4193,Base,0,W145,AE-3200,CH-A,EDG-10,Edge,0.84,294.5,74.12,73.29,62.12,417.6,True,False,True,True,1,4.56,pressure_spike
4194,Base,0,W145,AE-3200,CH-A,EDG-11,Edge,0.84,327.3,72.16,69.92,70.11,418.8,True,True,True,True,1,2.48,polymer_residue
4195,Base,0,W145,AE-3200,CH-A,EXT-01,Extreme Edge,0.96,16.4,73.69,74.49,66.51,424.0,True,False,True,True,0,0.0,
4196,Base,0,W145,AE-3200,CH-A,EXT-02,Extreme Edge,0.96,49.1,72.31,72.35,67.93,433.2,True,True,True,True,0,0.0,
4197,Base,0,W145,AE-3200,CH-A,EXT-03,Extreme Edge,0.96,81.8,74.32,74.36,68.33,429.5,True,False,True,True,1,4.09,endpoint_late
4198,Base,0,W145,AE-3200,CH-A,EXT-04,Extreme Edge,0.96,114.5,76.4,74.64,70.22,389.5,False,False,True,True,1,3.99,polymer_residue
4199,Base,0,W145,AE-3200,CH-A,EXT-05,Extreme Edge,0.96,147.3,77.59,72.96,70.43,469.3,False,False,True,False,3,14.0,endpoint_late
4200,Base,0,W145,AE-3200,CH-A,EXT-06,Extreme Edge,0.96,180.0,73.78,72.95,65.92,413.7,True,False,True,True,0,0.0,
4201,Base,0,W145,AE-3200,CH-A,EXT-07,Extreme Edge,0.96,212.7,72.93,75.18,67.68,433.2,True,False,True,True,1,4.57,
4202,Base,0,W145,AE-3200,CH-A,EXT-08,Extreme Edge,0.96,245.5,73.48,68.61,69.05,439.5,True,True,True,True,0,0.0,
4203,Base,0,W145,AE-3200,CH-A,EXT-09,Extreme Edge,0.96,278.2,74.27,73.31,68.68,423.3,True,False,True,True,0,0.0,
4204,Base,0,W145,AE-3200,CH-A,EXT-10,Extreme Edge,0.96,310.9,75.23,70.44,71.12,447.4,False,True,False,True,0,0.0,
4205,Base,0,W145,AE-3200,CH-A,EXT-11,Extreme Edge,0.96,343.6,75.98,71.56,65.98,467.9,False,True,True,False,3,12.41,
4206,Rev5,5,W146,AE-3200,CH-B,C1,Center,0.0,0.0,71.97,68.27,68.28,462.3,True,True,True,False,0,0.0,
4207,Rev5,5,W146,AE-3200,CH-B,MID-01,Mid,0.52,30.0,72.1,69.44,70.26,494.0,True,True,True,False,1,3.89,polymer_residue
4208,Rev5,5,W146,AE-3200,CH-B,MID-02,Mid,0.52,90.0,72.31,71.53,67.5,411.3,True,True,True,True,1,6.13,
4209,Rev5,5,W146,AE-3200,CH-B,MID-03,Mid,0.52,150.0,72.81,67.67,68.48,422.0,True,True,True,True,0,0.0,
4210,Rev5,5,W146,AE-3200,CH-B,MID-04,Mid,0.52,210.0,68.64,69.0,66.39,462.3,True,True,True,False,2,3.71,
4211,Rev5,5,W146,AE-3200,CH-B,MID-05,Mid,0.52,270.0,73.72,69.81,68.53,400.7,True,True,True,True,2,12.57,polymer_residue
4212,Rev5,5,W146,AE-3200,CH-B,MID-06,Mid,0.52,330.0,74.64,73.07,68.49,433.5,True,False,True,True,0,0.0,
4213,Rev5,5,W146,AE-3200,CH-B,EDG-01,Edge,0.84,0.0,72.49,71.23,71.17,462.3,True,True,False,False,1,5.99,polymer_residue
4214,Rev5,5,W146,AE-3200,CH-B,EDG-02,Edge,0.84,32.7,73.64,68.65,71.39,437.5,True,True,False,True,0,0.0,
4215,Rev5,5,W146,AE-3200,CH-B,EDG-03,Edge,0.84,65.5,74.2,70.78,73.2,475.1,True,True,False,False,1,6.42,
4216,Rev5,5,W146,AE-3200,CH-B,EDG-04,Edge,0.84,98.2,73.48,71.99,70.51,455.3,True,True,True,False,0,0.0,
4217,Rev5,5,W146,AE-3200,CH-B,EDG-05,Edge,0.84,130.9,71.27,70.34,69.72,456.0,True,True,True,False,1,6.35,
4218,Rev5,5,W146,AE-3200,CH-B,EDG-06,Edge,0.84,163.6,74.14,70.36,68.95,438.5,True,True,True,True,1,6.35,polymer_residue
4219,Rev5,5,W146,AE-3200,CH-B,EDG-07,Edge,0.84,196.4,70.88,69.7,66.66,467.1,True,True,True,False,2,10.87,
4220,Rev5,5,W146,AE-3200,CH-B,EDG-08,Edge,0.84,229.1,74.84,69.55,72.39,479.3,True,True,False,False,0,0.0,
4221,Rev5,5,W146,AE-3200,CH-B,EDG-09,Edge,0.84,261.8,74.14,71.38,67.78,450.7,True,True,True,True,0,0.0,
4222,Rev5,5,W146,AE-3200,CH-B,EDG-10,Edge,0.84,294.5,73.33,71.07,71.61,447.7,True,True,False,True,1,4.64,polymer_residue
4223,Rev5,5,W146,AE-3200,CH-B,EDG-11,Edge,0.84,327.3,72.73,70.72,68.75,505.7,True,True,True,False,0,0.0,
4224,Rev5,5,W146,AE-3200,CH-B,EXT-01,Extreme Edge,0.96,16.4,72.45,70.97,74.47,475.2,True,True,False,False,1,4.3,
4225,Rev5,5,W146,AE-3200,CH-B,EXT-02,Extreme Edge,0.96,49.1,74.0,72.24,75.47,392.4,True,True,False,True,1,2.05,polymer_residue
4226,Rev5,5,W146,AE-3200,CH-B,EXT-03,Extreme Edge,0.96,81.8,75.6,74.83,71.96,438.9,False,False,False,True,1,4.58,
4227,Rev5,5,W146,AE-3200,CH-B,EXT-04,Extreme Edge,0.96,114.5,74.2,70.69,65.92,455.1,True,True,True,False,0,0.0,
4228,Rev5,5,W146,AE-3200,CH-B,EXT-05,Extreme Edge,0.96,147.3,70.82,71.71,74.85,462.6,True,True,False,False,1,2.28,
4229,Rev5,5,W146,AE-3200,CH-B,EXT-06,Extreme Edge,0.96,180.0,74.85,71.57,76.73,450.9,True,True,False,True,2,11.32,
4230,Rev5,5,W146,AE-3200,CH-B,EXT-07,Extreme Edge,0.96,212.7,74.63,70.19,69.99,426.3,True,True,True,True,2,4.27,
4231,Rev5,5,W146,AE-3200,CH-B,EXT-08,Extreme Edge,0.96,245.5,75.64,71.67,71.17,462.0,False,True,False,False,2,9.66,
4232,Rev5,5,W146,AE-3200,CH-B,EXT-09,Extreme Edge,0.96,278.2,73.72,74.38,69.86,448.2,True,False,True,True,1,5.91,polymer_residue
4233,Rev5,5,W146,AE-3200,CH-B,EXT-10,Extreme Edge,0.96,310.9,74.37,71.48,70.02,485.6,True,True,True,False,1,6.24,polymer_residue
4234,Rev5,5,W146,AE-3200,CH-B,EXT-11,Extreme Edge,0.96,343.6,75.3,69.33,68.08,472.9,False,True,True,False,1,2.11,
4235,Rev2,2,W147,PX-7500,CH-C,C1,Center,0.0,0.0,68.99,68.83,57.92,437.1,True,True,False,True,0,0.0,
4236,Rev2,2,W147,PX-7500,CH-C,MID-01,Mid,0.52,30.0,74.47,67.5,65.44,466.2,True,True,True,False,1,4.96,
4237,Rev2,2,W147,PX-7500,CH-C,MID-02,Mid,0.52,90.0,71.06,70.39,62.05,475.7,True,True,True,False,0,0.0,
4238,Rev2,2,W147,PX-7500,CH-C,MID-03,Mid,0.52,150.0,72.97,72.69,64.58,423.2,True,True,True,True,0,0.0,
4239,Rev2,2,W147,PX-7500,CH-C,MID-04,Mid,0.52,210.0,72.04,71.58,68.6,488.9,True,True,True,False,1,4.81,
4240,Rev2,2,W147,PX-7500,CH-C,MID-05,Mid,0.52,270.0,72.4,70.8,65.67,438.8,True,True,True,True,0,0.0,
4241,Rev2,2,W147,PX-7500,CH-C,MID-06,Mid,0.52,330.0,73.58,71.01,60.88,479.6,True,True,True,False,0,0.0,
4242,Rev2,2,W147,PX-7500,CH-C,EDG-01,Edge,0.84,0.0,75.55,74.62,68.19,441.6,False,False,True,True,0,0.0,
4243,Rev2,2,W147,PX-7500,CH-C,EDG-02,Edge,0.84,32.7,75.08,71.0,62.32,467.8,True,True,True,False,0,0.0,
4244,Rev2,2,W147,PX-7500,CH-C,EDG-03,Edge,0.84,65.5,77.04,72.83,63.48,474.5,False,False,True,False,2,4.24,
4245,Rev2,2,W147,PX-7500,CH-C,EDG-04,Edge,0.84,98.2,72.88,73.92,69.28,400.4,True,False,True,True,0,0.0,
4246,Rev2,2,W147,PX-7500,CH-C,EDG-05,Edge,0.84,130.9,72.58,70.53,62.34,462.9,True,True,True,False,0,0.0,
4247,Rev2,2,W147,PX-7500,CH-C,EDG-06,Edge,0.84,163.6,74.6,71.94,63.54,409.6,True,True,True,True,0,0.0,
4248,Rev2,2,W147,PX-7500,CH-C,EDG-07,Edge,0.84,196.4,73.5,71.12,64.09,456.5,True,True,True,False,0,0.0,
4249,Rev2,2,W147,PX-7500,CH-C,EDG-08,Edge,0.84,229.1,73.94,69.31,68.33,377.2,True,True,True,True,0,0.0,
4250,Rev2,2,W147,PX-7500,CH-C,EDG-09,Edge,0.84,261.8,74.65,70.89,65.3,437.0,True,True,True,True,1,4.61,
4251,Rev2,2,W147,PX-7500,CH-C,EDG-10,Edge,0.84,294.5,73.01,68.96,64.01,413.3,True,True,True,True,0,0.0,
4252,Rev2,2,W147,PX-7500,CH-C,EDG-11,Edge,0.84,327.3,71.46,69.44,65.24,439.0,True,True,True,True,2,5.86,endpoint_late
4253,Rev2,2,W147,PX-7500,CH-C,EXT-01,Extreme Edge,0.96,16.4,75.9,70.92,67.27,449.5,False,True,True,True,0,0.0,
4254,Rev2,2,W147,PX-7500,CH-C,EXT-02,Extreme Edge,0.96,49.1,74.18,72.77,69.57,441.0,True,True,True,True,0,0.0,
4255,Rev2,2,W147,PX-7500,CH-C,EXT-03,Extreme Edge,0.96,81.8,72.8,71.14,66.84,422.6,True,True,True,True,0,0.0,
4256,Rev2,2,W147,PX-7500,CH-C,EXT-04,Extreme Edge,0.96,114.5,74.57,67.67,64.41,487.1,True,True,True,False,0,0.0,
4257,Rev2,2,W147,PX-7500,CH-C,EXT-05,Extreme Edge,0.96,147.3,75.13,73.39,72.27,460.9,True,False,False,False,0,0.0,
4258,Rev2,2,W147,PX-7500,CH-C,EXT-06,Extreme Edge,0.96,180.0,71.29,71.63,69.7,473.7,True,True,True,False,0,0.0,
4259,Rev2,2,W147,PX-7500,CH-C,EXT-07,Extreme Edge,0.96,212.7,73.35,73.32,67.01,485.5,True,False,True,False,1,4.27,
4260,Rev2,2,W147,PX-7500,CH-C,EXT-08,Extreme Edge,0.96,245.5,76.49,74.85,70.59,435.0,False,False,True,True,0,0.0,
4261,Rev2,2,W147,PX-7500,CH-C,EXT-09,Extreme Edge,0.96,278.2,72.66,70.61,69.1,469.4,True,True,True,False,0,0.0,
4262,Rev2,2,W147,PX-7500,CH-C,EXT-10,Extreme Edge,0.96,310.9,72.29,72.76,64.91,446.4,True,True,True,True,1,2.22,endpoint_late
4263,Rev2,2,W147,PX-7500,CH-C,EXT-11,Extreme Edge,0.96,343.6,74.48,71.71,66.44,451.3,True,True,True,True,0,0.0,
4264,Rev1,1,W148,AE-3200,CH-B,C1,Center,0.0,0.0,68.3,68.36,59.66,405.3,False,True,True,True,0,0.0,
4265,Rev1,1,W148,AE-3200,CH-B,MID-01,Mid,0.52,30.0,72.68,68.04,71.25,424.2,True,True,False,True,1,5.48,
4266,Rev1,1,W148,AE-3200,CH-B,MID-02,Mid,0.52,90.0,73.49,70.34,65.6,378.2,True,True,True,True,0,0.0,
4267,Rev1,1,W148,AE-3200,CH-B,MID-03,Mid,0.52,150.0,69.23,68.84,65.13,387.0,True,True,True,True,1,4.52,
4268,Rev1,1,W148,AE-3200,CH-B,MID-04,Mid,0.52,210.0,72.79,67.85,67.68,376.2,True,True,True,True,0,0.0,
4269,Rev1,1,W148,AE-3200,CH-B,MID-05,Mid,0.52,270.0,72.63,71.05,64.31,377.1,True,True,True,True,0,0.0,
4270,Rev1,1,W148,AE-3200,CH-B,MID-06,Mid,0.52,330.0,70.49,70.91,68.22,384.6,True,True,True,True,0,0.0,
4271,Rev1,1,W148,AE-3200,CH-B,EDG-01,Edge,0.84,0.0,75.13,68.76,67.57,413.9,True,True,True,True,0,0.0,
4272,Rev1,1,W148,AE-3200,CH-B,EDG-02,Edge,0.84,32.7,73.24,71.3,69.78,425.0,True,True,True,True,0,0.0,
4273,Rev1,1,W148,AE-3200,CH-B,EDG-03,Edge,0.84,65.5,74.67,67.91,68.94,386.5,True,True,True,True,0,0.0,
4274,Rev1,1,W148,AE-3200,CH-B,EDG-04,Edge,0.84,98.2,75.56,70.85,76.65,428.7,False,True,False,True,0,0.0,
4275,Rev1,1,W148,AE-3200,CH-B,EDG-05,Edge,0.84,130.9,74.39,70.32,69.52,415.5,True,True,True,True,0,0.0,
4276,Rev1,1,W148,AE-3200,CH-B,EDG-06,Edge,0.84,163.6,76.37,72.19,68.04,411.1,False,True,True,True,0,0.0,
4277,Rev1,1,W148,AE-3200,CH-B,EDG-07,Edge,0.84,196.4,73.98,71.23,74.39,448.2,True,True,False,True,1,5.48,
4278,Rev1,1,W148,AE-3200,CH-B,EDG-08,Edge,0.84,229.1,71.14,67.24,66.79,412.0,True,True,True,True,3,13.95,
4279,Rev1,1,W148,AE-3200,CH-B,EDG-09,Edge,0.84,261.8,72.88,74.61,67.09,453.7,True,False,True,False,0,0.0,
4280,Rev1,1,W148,AE-3200,CH-B,EDG-10,Edge,0.84,294.5,74.07,69.02,71.76,377.7,True,True,False,True,1,5.1,
4281,Rev1,1,W148,AE-3200,CH-B,EDG-11,Edge,0.84,327.3,72.96,70.55,73.71,381.2,True,True,False,True,0,0.0,
4282,Rev1,1,W148,AE-3200,CH-B,EXT-01,Extreme Edge,0.96,16.4,74.14,69.62,70.33,439.8,True,True,True,True,0,0.0,
4283,Rev1,1,W148,AE-3200,CH-B,EXT-02,Extreme Edge,0.96,49.1,73.82,70.76,66.47,427.8,True,True,True,True,1,6.05,polymer_residue
4284,Rev1,1,W148,AE-3200,CH-B,EXT-03,Extreme Edge,0.96,81.8,76.88,69.41,67.85,383.4,False,True,True,True,0,0.0,
4285,Rev1,1,W148,AE-3200,CH-B,EXT-04,Extreme Edge,0.96,114.5,74.56,75.11,67.31,428.2,True,False,True,True,2,7.58,
4286,Rev1,1,W148,AE-3200,CH-B,EXT-05,Extreme Edge,0.96,147.3,73.89,72.06,68.58,381.3,True,True,True,True,1,3.93,polymer_residue
4287,Rev1,1,W148,AE-3200,CH-B,EXT-06,Extreme Edge,0.96,180.0,73.93,72.0,66.53,395.2,True,True,True,True,1,2.01,
4288,Rev1,1,W148,AE-3200,CH-B,EXT-07,Extreme Edge,0.96,212.7,73.23,70.57,70.37,409.3,True,True,True,True,0,0.0,
4289,Rev1,1,W148,AE-3200,CH-B,EXT-08,Extreme Edge,0.96,245.5,74.43,70.26,71.06,420.0,True,True,False,True,1,4.6,
4290,Rev1,1,W148,AE-3200,CH-B,EXT-09,Extreme Edge,0.96,278.2,75.54,74.15,70.18,419.4,False,False,True,True,1,3.67,polymer_residue
4291,Rev1,1,W148,AE-3200,CH-B,EXT-10,Extreme Edge,0.96,310.9,73.45,68.43,71.89,428.9,True,True,False,True,1,4.54,polymer_residue
4292,Rev1,1,W148,AE-3200,CH-B,EXT-11,Extreme Edge,0.96,343.6,73.5,68.95,73.45,401.7,True,True,False,True,1,5.91,pressure_spike
4293,Rev11,11,W149,PX-7500,CH-D,C1,Center,0.0,0.0,71.5,66.74,68.07,404.8,True,True,True,True,0,0.0,
4294,Rev11,11,W149,PX-7500,CH-D,MID-01,Mid,0.52,30.0,74.22,67.63,65.06,401.3,True,True,True,True,1,4.65,arc_event
4295,Rev11,11,W149,PX-7500,CH-D,MID-02,Mid,0.52,90.0,74.86,68.31,72.29,417.7,True,True,False,True,0,0.0,
4296,Rev11,11,W149,PX-7500,CH-D,MID-03,Mid,0.52,150.0,71.89,68.22,66.95,450.7,True,True,True,True,0,0.0,
4297,Rev11,11,W149,PX-7500,CH-D,MID-04,Mid,0.52,210.0,72.42,69.15,68.97,428.1,True,True,True,True,0,0.0,
4298,Rev11,11,W149,PX-7500,CH-D,MID-05,Mid,0.52,270.0,75.88,68.17,69.49,431.7,False,True,True,True,0,0.0,
4299,Rev11,11,W149,PX-7500,CH-D,MID-06,Mid,0.52,330.0,73.54,67.19,66.76,454.7,True,True,True,False,2,3.94,polymer_residue
4300,Rev11,11,W149,PX-7500,CH-D,EDG-01,Edge,0.84,0.0,73.68,69.5,73.82,428.9,True,True,False,True,1,5.63,polymer_residue
4301,Rev11,11,W149,PX-7500,CH-D,EDG-02,Edge,0.84,32.7,73.73,68.78,72.67,433.9,True,True,False,True,1,5.31,polymer_residue
4302,Rev11,11,W149,PX-7500,CH-D,EDG-03,Edge,0.84,65.5,72.43,67.83,70.85,427.9,True,True,False,True,1,6.48,arc_event
4303,Rev11,11,W149,PX-7500,CH-D,EDG-04,Edge,0.84,98.2,75.34,69.18,73.96,455.3,False,True,False,False,2,10.05,
4304,Rev11,11,W149,PX-7500,CH-D,EDG-05,Edge,0.84,130.9,73.22,68.82,65.49,395.8,True,True,True,True,1,3.9,
4305,Rev11,11,W149,PX-7500,CH-D,EDG-06,Edge,0.84,163.6,74.62,68.17,69.88,430.1,True,True,True,True,0,0.0,
4306,Rev11,11,W149,PX-7500,CH-D,EDG-07,Edge,0.84,196.4,72.63,69.81,72.23,451.7,True,True,False,True,0,0.0,
4307,Rev11,11,W149,PX-7500,CH-D,EDG-08,Edge,0.84,229.1,74.15,68.08,69.36,407.0,True,True,True,True,0,0.0,
4308,Rev11,11,W149,PX-7500,CH-D,EDG-09,Edge,0.84,261.8,75.0,69.01,68.63,433.4,True,True,True,True,0,0.0,
4309,Rev11,11,W149,PX-7500,CH-D,EDG-10,Edge,0.84,294.5,73.26,67.49,67.85,436.4,True,True,True,True,0,0.0,
4310,Rev11,11,W149,PX-7500,CH-D,EDG-11,Edge,0.84,327.3,72.78,72.75,72.46,435.0,True,True,False,True,0,0.0,
4311,Rev11,11,W149,PX-7500,CH-D,EXT-01,Extreme Edge,0.96,16.4,72.21,69.81,70.21,442.0,True,True,True,True,0,0.0,
4312,Rev11,11,W149,PX-7500,CH-D,EXT-02,Extreme Edge,0.96,49.1,75.68,68.29,76.49,399.7,False,True,False,True,2,7.67,
4313,Rev11,11,W149,PX-7500,CH-D,EXT-03,Extreme Edge,0.96,81.8,76.02,71.03,72.75,439.8,False,True,False,True,2,10.86,
4314,Rev11,11,W149,PX-7500,CH-D,EXT-04,Extreme Edge,0.96,114.5,75.86,68.27,65.49,451.5,False,True,True,True,1,2.12,
4315,Rev11,11,W149,PX-7500,CH-D,EXT-05,Extreme Edge,0.96,147.3,73.68,71.34,71.21,463.7,True,True,False,False,1,6.21,polymer_residue
4316,Rev11,11,W149,PX-7500,CH-D,EXT-06,Extreme Edge,0.96,180.0,74.64,71.87,68.69,448.5,True,True,True,True,0,0.0,
4317,Rev11,11,W149,PX-7500,CH-D,EXT-07,Extreme Edge,0.96,212.7,75.73,69.88,70.52,435.9,False,True,True,True,0,0.0,
4318,Rev11,11,W149,PX-7500,CH-D,EXT-08,Extreme Edge,0.96,245.5,76.6,70.5,71.39,408.3,False,True,False,True,0,0.0,
4319,Rev11,11,W149,PX-7500,CH-D,EXT-09,Extreme Edge,0.96,278.2,74.31,71.1,65.27,455.0,True,True,True,False,0,0.0,
4320,Rev11,11,W149,PX-7500,CH-D,EXT-10,Extreme Edge,0.96,310.9,73.16,72.91,71.89,454.9,True,False,False,False,0,0.0,
4321,Rev11,11,W149,PX-7500,CH-D,EXT-11,Extreme Edge,0.96,343.6,73.19,68.57,73.43,435.2,True,True,False,True,0,0.0,
4322,Rev7,7,W150,PX-7500,CH-D,C1,Center,0.0,0.0,69.85,69.96,65.55,387.5,True,True,True,True,0,0.0,
4323,Rev7,7,W150,PX-7500,CH-D,MID-01,Mid,0.52,30.0,70.04,71.72,61.03,433.3,True,True,True,True,0,0.0,
4324,Rev7,7,W150,PX-7500,CH-D,MID-02,Mid,0.52,90.0,72.86,74.58,67.75,428.3,True,False,True,True,0,0.0,
4325,Rev7,7,W150,PX-7500,CH-D,MID-03,Mid,0.52,150.0,70.82,66.83,72.21,441.6,True,True,False,True,0,0.0,
4326,Rev7,7,W150,PX-7500,CH-D,MID-04,Mid,0.52,210.0,71.97,67.29,66.79,426.1,True,True,True,True,0,0.0,
4327,Rev7,7,W150,PX-7500,CH-D,MID-05,Mid,0.52,270.0,71.49,70.68,67.53,426.0,True,True,True,True,0,0.0,
4328,Rev7,7,W150,PX-7500,CH-D,MID-06,Mid,0.52,330.0,72.92,70.59,67.36,437.3,True,True,True,True,0,0.0,
4329,Rev7,7,W150,PX-7500,CH-D,EDG-01,Edge,0.84,0.0,75.47,73.09,71.44,406.5,False,False,False,True,0,0.0,
4330,Rev7,7,W150,PX-7500,CH-D,EDG-02,Edge,0.84,32.7,76.81,72.31,65.38,421.0,False,True,True,True,2,4.0,polymer_residue
4331,Rev7,7,W150,PX-7500,CH-D,EDG-03,Edge,0.84,65.5,72.42,65.61,68.69,434.0,True,True,True,True,0,0.0,
4332,Rev7,7,W150,PX-7500,CH-D,EDG-04,Edge,0.84,98.2,73.91,69.36,64.49,414.8,True,True,True,True,0,0.0,
4333,Rev7,7,W150,PX-7500,CH-D,EDG-05,Edge,0.84,130.9,72.27,72.1,73.13,413.1,True,True,False,True,0,0.0,
4334,Rev7,7,W150,PX-7500,CH-D,EDG-06,Edge,0.84,163.6,72.78,72.52,69.09,404.1,True,True,True,True,0,0.0,
4335,Rev7,7,W150,PX-7500,CH-D,EDG-07,Edge,0.84,196.4,73.03,72.68,63.3,429.1,True,True,True,True,0,0.0,
4336,Rev7,7,W150,PX-7500,CH-D,EDG-08,Edge,0.84,229.1,73.87,72.57,67.55,465.3,True,True,True,False,1,4.18,endpoint_late
4337,Rev7,7,W150,PX-7500,CH-D,EDG-09,Edge,0.84,261.8,73.97,70.23,67.8,398.9,True,True,True,True,0,0.0,
4338,Rev7,7,W150,PX-7500,CH-D,EDG-10,Edge,0.84,294.5,73.55,69.57,68.14,434.5,True,True,True,True,0,0.0,
4339,Rev7,7,W150,PX-7500,CH-D,EDG-11,Edge,0.84,327.3,75.86,69.92,65.88,430.2,False,True,True,True,0,0.0,
4340,Rev7,7,W150,PX-7500,CH-D,EXT-01,Extreme Edge,0.96,16.4,74.49,72.83,69.06,436.5,True,False,True,True,2,11.09,esc_temp_drift
4341,Rev7,7,W150,PX-7500,CH-D,EXT-02,Extreme Edge,0.96,49.1,74.32,74.1,65.72,422.2,True,False,True,True,1,4.98,endpoint_late
4342,Rev7,7,W150,PX-7500,CH-D,EXT-03,Extreme Edge,0.96,81.8,74.08,69.84,64.83,400.2,True,True,True,True,0,0.0,
4343,Rev7,7,W150,PX-7500,CH-D,EXT-04,Extreme Edge,0.96,114.5,75.53,71.34,63.08,448.9,False,True,True,True,2,11.24,
4344,Rev7,7,W150,PX-7500,CH-D,EXT-05,Extreme Edge,0.96,147.3,74.07,70.98,67.1,443.8,True,True,True,True,3,16.44,
4345,Rev7,7,W150,PX-7500,CH-D,EXT-06,Extreme Edge,0.96,180.0,74.39,74.71,70.42,430.7,True,False,True,True,0,0.0,
4346,Rev7,7,W150,PX-7500,CH-D,EXT-07,Extreme Edge,0.96,212.7,73.31,72.82,69.09,397.3,True,False,True,True,0,0.0,
4347,Rev7,7,W150,PX-7500,CH-D,EXT-08,Extreme Edge,0.96,245.5,75.27,72.85,67.55,404.8,False,False,True,True,0,0.0,
4348,Rev7,7,W150,PX-7500,CH-D,EXT-09,Extreme Edge,0.96,278.2,72.87,73.07,66.83,395.8,True,False,True,True,0,0.0,
4349,Rev7,7,W150,PX-7500,CH-D,EXT-10,Extreme Edge,0.96,310.9,72.24,72.11,72.82,424.6,True,True,False,True,1,3.07,polymer_residue
4350,Rev7,7,W150,PX-7500,CH-D,EXT-11,Extreme Edge,0.96,343.6,75.37,73.08,67.46,424.5,False,False,True,True,0,0.0,
4351,Rev2,2,W151,PX-7500,CH-C,C1,Center,0.0,0.0,73.06,70.08,63.71,396.5,True,True,True,True,1,2.89,pressure_spike
4352,Rev2,2,W151,PX-7500,CH-C,MID-01,Mid,0.52,30.0,70.02,71.36,66.13,436.2,True,True,True,True,1,4.34,polymer_residue
4353,Rev2,2,W151,PX-7500,CH-C,MID-02,Mid,0.52,90.0,71.45,69.36,67.25,408.5,True,True,True,True,1,5.43,polymer_residue
4354,Rev2,2,W151,PX-7500,CH-C,MID-03,Mid,0.52,150.0,72.22,70.13,68.67,423.1,True,True,True,True,0,0.0,
4355,Rev2,2,W151,PX-7500,CH-C,MID-04,Mid,0.52,210.0,74.12,67.79,65.61,430.5,True,True,True,True,0,0.0,
4356,Rev2,2,W151,PX-7500,CH-C,MID-05,Mid,0.52,270.0,72.73,71.55,67.0,432.6,True,True,True,True,0,0.0,
4357,Rev2,2,W151,PX-7500,CH-C,MID-06,Mid,0.52,330.0,71.47,68.99,63.6,429.9,True,True,True,True,0,0.0,
4358,Rev2,2,W151,PX-7500,CH-C,EDG-01,Edge,0.84,0.0,72.91,71.72,67.02,445.4,True,True,True,True,0,0.0,
4359,Rev2,2,W151,PX-7500,CH-C,EDG-02,Edge,0.84,32.7,75.84,70.92,67.41,460.9,False,True,True,False,0,0.0,
4360,Rev2,2,W151,PX-7500,CH-C,EDG-03,Edge,0.84,65.5,73.02,67.93,63.11,423.2,True,True,True,True,0,0.0,
4361,Rev2,2,W151,PX-7500,CH-C,EDG-04,Edge,0.84,98.2,73.61,71.46,68.43,443.4,True,True,True,True,2,4.22,
4362,Rev2,2,W151,PX-7500,CH-C,EDG-05,Edge,0.84,130.9,71.35,69.46,65.32,420.5,True,True,True,True,1,3.74,polymer_residue
4363,Rev2,2,W151,PX-7500,CH-C,EDG-06,Edge,0.84,163.6,70.98,71.48,68.87,405.1,True,True,True,True,1,4.73,polymer_residue
4364,Rev2,2,W151,PX-7500,CH-C,EDG-07,Edge,0.84,196.4,76.09,67.47,65.98,425.3,False,True,True,True,2,11.58,
4365,Rev2,2,W151,PX-7500,CH-C,EDG-08,Edge,0.84,229.1,73.77,68.46,62.67,452.7,True,True,True,False,0,0.0,
4366,Rev2,2,W151,PX-7500,CH-C,EDG-09,Edge,0.84,261.8,72.97,69.76,67.16,455.9,True,True,True,False,0,0.0,
4367,Rev2,2,W151,PX-7500,CH-C,EDG-10,Edge,0.84,294.5,73.6,71.78,66.32,440.2,True,True,True,True,1,2.36,
4368,Rev2,2,W151,PX-7500,CH-C,EDG-11,Edge,0.84,327.3,73.8,71.86,66.88,402.0,True,True,True,True,1,3.89,
4369,Rev2,2,W151,PX-7500,CH-C,EXT-01,Extreme Edge,0.96,16.4,74.55,70.16,67.87,440.3,True,True,True,True,0,0.0,
4370,Rev2,2,W151,PX-7500,CH-C,EXT-02,Extreme Edge,0.96,49.1,74.64,72.03,70.72,443.9,True,True,False,True,0,0.0,
4371,Rev2,2,W151,PX-7500,CH-C,EXT-03,Extreme Edge,0.96,81.8,72.27,70.52,68.73,419.9,True,True,True,True,1,2.43,esc_temp_drift
4372,Rev2,2,W151,PX-7500,CH-C,EXT-04,Extreme Edge,0.96,114.5,74.86,70.45,69.47,456.7,True,True,True,False,2,5.03,pressure_spike
4373,Rev2,2,W151,PX-7500,CH-C,EXT-05,Extreme Edge,0.96,147.3,73.22,69.22,65.63,446.3,True,True,True,True,0,0.0,
4374,Rev2,2,W151,PX-7500,CH-C,EXT-06,Extreme Edge,0.96,180.0,74.79,70.01,71.38,427.9,True,True,False,True,2,7.53,
4375,Rev2,2,W151,PX-7500,CH-C,EXT-07,Extreme Edge,0.96,212.7,70.87,71.03,68.9,438.6,True,True,True,True,0,0.0,
4376,Rev2,2,W151,PX-7500,CH-C,EXT-08,Extreme Edge,0.96,245.5,75.16,72.84,70.91,433.5,True,False,False,True,1,4.38,
4377,Rev2,2,W151,PX-7500,CH-C,EXT-09,Extreme Edge,0.96,278.2,74.6,71.55,67.28,424.5,True,True,True,True,1,4.39,
4378,Rev2,2,W151,PX-7500,CH-C,EXT-10,Extreme Edge,0.96,310.9,74.16,69.29,71.05,437.6,True,True,False,True,0,0.0,
4379,Rev2,2,W151,PX-7500,CH-C,EXT-11,Extreme Edge,0.96,343.6,73.84,67.93,68.92,422.5,True,True,True,True,1,2.99,esc_temp_drift
4380,Rev11,11,W152,PX-7500,CH-D,C1,Center,0.0,0.0,70.03,67.98,71.24,414.5,True,True,False,True,0,0.0,
4381,Rev11,11,W152,PX-7500,CH-D,MID-01,Mid,0.52,30.0,72.24,71.72,74.32,439.2,True,True,False,True,0,0.0,
4382,Rev11,11,W152,PX-7500,CH-D,MID-02,Mid,0.52,90.0,73.43,68.16,72.58,447.2,True,True,False,True,1,4.23,endpoint_late
4383,Rev11,11,W152,PX-7500,CH-D,MID-03,Mid,0.52,150.0,71.94,69.95,67.29,415.3,True,True,True,True,0,0.0,
4384,Rev11,11,W152,PX-7500,CH-D,MID-04,Mid,0.52,210.0,73.68,68.96,67.48,400.7,True,True,True,True,0,0.0,
4385,Rev11,11,W152,PX-7500,CH-D,MID-05,Mid,0.52,270.0,74.25,65.79,67.21,435.0,True,True,True,True,0,0.0,
4386,Rev11,11,W152,PX-7500,CH-D,MID-06,Mid,0.52,330.0,71.9,68.46,68.97,415.8,True,True,True,True,0,0.0,
4387,Rev11,11,W152,PX-7500,CH-D,EDG-01,Edge,0.84,0.0,75.53,71.28,70.88,409.6,False,True,False,True,1,3.99,
4388,Rev11,11,W152,PX-7500,CH-D,EDG-02,Edge,0.84,32.7,73.44,69.82,70.41,457.7,True,True,True,False,0,0.0,
4389,Rev11,11,W152,PX-7500,CH-D,EDG-03,Edge,0.84,65.5,76.65,69.78,70.14,424.3,False,True,True,True,0,0.0,
4390,Rev11,11,W152,PX-7500,CH-D,EDG-04,Edge,0.84,98.2,73.59,70.23,71.81,406.2,True,True,False,True,0,0.0,
4391,Rev11,11,W152,PX-7500,CH-D,EDG-05,Edge,0.84,130.9,72.83,69.43,74.32,393.2,True,True,False,True,0,0.0,
4392,Rev11,11,W152,PX-7500,CH-D,EDG-06,Edge,0.84,163.6,72.74,70.69,70.36,440.0,True,True,True,True,0,0.0,
4393,Rev11,11,W152,PX-7500,CH-D,EDG-07,Edge,0.84,196.4,73.79,70.07,74.78,440.4,True,True,False,True,1,4.81,polymer_residue
4394,Rev11,11,W152,PX-7500,CH-D,EDG-08,Edge,0.84,229.1,75.35,69.92,70.3,470.1,False,True,True,False,1,6.05,polymer_residue
4395,Rev11,11,W152,PX-7500,CH-D,EDG-09,Edge,0.84,261.8,74.71,71.63,67.31,468.6,True,True,True,False,1,6.37,
4396,Rev11,11,W152,PX-7500,CH-D,EDG-10,Edge,0.84,294.5,75.02,70.22,71.01,456.6,True,True,False,False,1,5.4,polymer_residue
4397,Rev11,11,W152,PX-7500,CH-D,EDG-11,Edge,0.84,327.3,74.59,71.42,65.6,429.2,True,True,True,True,0,0.0,
4398,Rev11,11,W152,PX-7500,CH-D,EXT-01,Extreme Edge,0.96,16.4,75.35,70.98,72.12,432.1,False,True,False,True,2,6.78,
4399,Rev11,11,W152,PX-7500,CH-D,EXT-02,Extreme Edge,0.96,49.1,75.49,71.76,69.21,489.7,False,True,True,False,1,5.36,
4400,Rev11,11,W152,PX-7500,CH-D,EXT-03,Extreme Edge,0.96,81.8,75.24,71.32,72.36,437.9,False,True,False,True,0,0.0,
4401,Rev11,11,W152,PX-7500,CH-D,EXT-04,Extreme Edge,0.96,114.5,74.03,70.34,70.16,461.9,True,True,True,False,0,0.0,
4402,Rev11,11,W152,PX-7500,CH-D,EXT-05,Extreme Edge,0.96,147.3,74.6,69.31,71.94,431.2,True,True,False,True,2,11.67,polymer_residue
4403,Rev11,11,W152,PX-7500,CH-D,EXT-06,Extreme Edge,0.96,180.0,75.66,70.22,67.3,444.3,False,True,True,True,1,5.42,
4404,Rev11,11,W152,PX-7500,CH-D,EXT-07,Extreme Edge,0.96,212.7,77.43,72.86,71.6,439.0,False,False,False,True,0,0.0,
4405,Rev11,11,W152,PX-7500,CH-D,EXT-08,Extreme Edge,0.96,245.5,76.83,70.24,71.39,417.3,False,True,False,True,0,0.0,
4406,Rev11,11,W152,PX-7500,CH-D,EXT-09,Extreme Edge,0.96,278.2,76.08,72.63,75.25,438.6,False,True,False,True,0,0.0,
4407,Rev11,11,W152,PX-7500,CH-D,EXT-10,Extreme Edge,0.96,310.9,76.3,68.46,67.75,422.3,False,True,True,True,0,0.0,
4408,Rev11,11,W152,PX-7500,CH-D,EXT-11,Extreme Edge,0.96,343.6,77.96,71.86,75.91,444.4,False,True,False,True,0,0.0,
4409,Rev3,3,W153,PX-7500,CH-D,C1,Center,0.0,0.0,71.82,69.88,66.66,435.9,True,True,True,True,0,0.0,
4410,Rev3,3,W153,PX-7500,CH-D,MID-01,Mid,0.52,30.0,72.66,70.22,60.12,396.4,True,True,True,True,0,0.0,
4411,Rev3,3,W153,PX-7500,CH-D,MID-02,Mid,0.52,90.0,72.82,66.53,68.03,442.1,True,True,True,True,0,0.0,
4412,Rev3,3,W153,PX-7500,CH-D,MID-03,Mid,0.52,150.0,75.67,69.16,65.57,413.4,False,True,True,True,0,0.0,
4413,Rev3,3,W153,PX-7500,CH-D,MID-04,Mid,0.52,210.0,71.59,71.12,68.51,418.8,True,True,True,True,0,0.0,
4414,Rev3,3,W153,PX-7500,CH-D,MID-05,Mid,0.52,270.0,73.8,70.34,68.95,425.9,True,True,True,True,0,0.0,
4415,Rev3,3,W153,PX-7500,CH-D,MID-06,Mid,0.52,330.0,72.7,70.5,71.65,462.0,True,True,False,False,0,0.0,
4416,Rev3,3,W153,PX-7500,CH-D,EDG-01,Edge,0.84,0.0,76.46,69.65,73.11,433.4,False,True,False,True,0,0.0,
4417,Rev3,3,W153,PX-7500,CH-D,EDG-02,Edge,0.84,32.7,72.7,71.61,66.4,428.3,True,True,True,True,1,4.16,
4418,Rev3,3,W153,PX-7500,CH-D,EDG-03,Edge,0.84,65.5,77.74,75.34,65.22,456.6,False,False,True,False,0,0.0,
4419,Rev3,3,W153,PX-7500,CH-D,EDG-04,Edge,0.84,98.2,72.73,73.94,67.13,486.2,True,False,True,False,1,4.63,
4420,Rev3,3,W153,PX-7500,CH-D,EDG-05,Edge,0.84,130.9,74.16,69.07,66.21,445.7,True,True,True,True,0,0.0,
4421,Rev3,3,W153,PX-7500,CH-D,EDG-06,Edge,0.84,163.6,74.2,71.25,71.08,428.1,True,True,False,True,0,0.0,
4422,Rev3,3,W153,PX-7500,CH-D,EDG-07,Edge,0.84,196.4,75.42,73.51,63.99,371.9,False,False,True,False,0,0.0,
4423,Rev3,3,W153,PX-7500,CH-D,EDG-08,Edge,0.84,229.1,74.02,69.4,64.41,503.5,True,True,True,False,1,2.56,
4424,Rev3,3,W153,PX-7500,CH-D,EDG-09,Edge,0.84,261.8,74.89,68.54,66.93,462.1,True,True,True,False,0,0.0,
4425,Rev3,3,W153,PX-7500,CH-D,EDG-10,Edge,0.84,294.5,74.38,73.78,66.85,435.0,True,False,True,True,0,0.0,
4426,Rev3,3,W153,PX-7500,CH-D,EDG-11,Edge,0.84,327.3,74.94,71.17,71.45,433.2,True,True,False,True,0,0.0,
4427,Rev3,3,W153,PX-7500,CH-D,EXT-01,Extreme Edge,0.96,16.4,75.7,70.62,71.45,455.0,False,True,False,False,1,2.78,endpoint_late
4428,Rev3,3,W153,PX-7500,CH-D,EXT-02,Extreme Edge,0.96,49.1,76.05,73.43,69.29,446.5,False,False,True,True,3,14.86,
4429,Rev3,3,W153,PX-7500,CH-D,EXT-03,Extreme Edge,0.96,81.8,74.96,70.75,67.69,461.0,True,True,True,False,1,3.25,
4430,Rev3,3,W153,PX-7500,CH-D,EXT-04,Extreme Edge,0.96,114.5,75.84,70.05,65.28,466.0,False,True,True,False,0,0.0,
4431,Rev3,3,W153,PX-7500,CH-D,EXT-05,Extreme Edge,0.96,147.3,75.13,74.48,65.04,435.6,True,False,True,True,1,5.2,
4432,Rev3,3,W153,PX-7500,CH-D,EXT-06,Extreme Edge,0.96,180.0,76.58,70.38,67.46,421.9,False,True,True,True,0,0.0,
4433,Rev3,3,W153,PX-7500,CH-D,EXT-07,Extreme Edge,0.96,212.7,74.81,70.45,66.8,427.3,True,True,True,True,1,5.52,
4434,Rev3,3,W153,PX-7500,CH-D,EXT-08,Extreme Edge,0.96,245.5,74.5,70.51,68.98,449.0,True,True,True,True,0,0.0,
4435,Rev3,3,W153,PX-7500,CH-D,EXT-09,Extreme Edge,0.96,278.2,74.72,68.74,69.02,454.9,True,True,True,False,0,0.0,
4436,Rev3,3,W153,PX-7500,CH-D,EXT-10,Extreme Edge,0.96,310.9,74.56,68.89,71.53,463.3,True,True,False,False,1,3.95,
4437,Rev3,3,W153,PX-7500,CH-D,EXT-11,Extreme Edge,0.96,343.6,75.16,73.18,66.31,443.5,True,False,True,True,2,8.01,pressure_spike
4438,Base,0,W154,AE-3200,CH-A,C1,Center,0.0,0.0,71.17,70.67,68.74,415.0,True,True,True,True,0,0.0,
4439,Base,0,W154,AE-3200,CH-A,MID-01,Mid,0.52,30.0,71.88,70.36,64.56,424.5,True,True,True,True,0,0.0,
4440,Base,0,W154,AE-3200,CH-A,MID-02,Mid,0.52,90.0,72.96,74.02,70.65,439.0,True,False,False,True,0,0.0,
4441,Base,0,W154,AE-3200,CH-A,MID-03,Mid,0.52,150.0,72.02,73.63,72.5,427.4,True,False,False,True,0,0.0,
4442,Base,0,W154,AE-3200,CH-A,MID-04,Mid,0.52,210.0,71.53,71.65,69.43,466.5,True,True,True,False,0,0.0,
4443,Base,0,W154,AE-3200,CH-A,MID-05,Mid,0.52,270.0,72.14,72.51,67.14,453.5,True,True,True,False,0,0.0,
4444,Base,0,W154,AE-3200,CH-A,MID-06,Mid,0.52,330.0,73.22,70.41,66.96,454.6,True,True,True,False,0,0.0,
4445,Base,0,W154,AE-3200,CH-A,EDG-01,Edge,0.84,0.0,76.26,70.58,67.94,400.4,False,True,True,True,0,0.0,
4446,Base,0,W154,AE-3200,CH-A,EDG-02,Edge,0.84,32.7,73.66,74.18,70.9,416.2,True,False,False,True,0,0.0,
4447,Base,0,W154,AE-3200,CH-A,EDG-03,Edge,0.84,65.5,71.97,73.46,67.91,434.1,True,False,True,True,0,0.0,
4448,Base,0,W154,AE-3200,CH-A,EDG-04,Edge,0.84,98.2,72.75,74.99,70.75,445.1,True,False,False,True,0,0.0,
4449,Base,0,W154,AE-3200,CH-A,EDG-05,Edge,0.84,130.9,72.26,76.42,72.53,434.6,True,False,False,True,1,6.15,pressure_spike
4450,Base,0,W154,AE-3200,CH-A,EDG-06,Edge,0.84,163.6,75.1,76.15,68.96,441.4,True,False,True,True,1,5.55,
4451,Base,0,W154,AE-3200,CH-A,EDG-07,Edge,0.84,196.4,74.12,74.04,74.58,438.3,True,False,False,True,0,0.0,
4452,Base,0,W154,AE-3200,CH-A,EDG-08,Edge,0.84,229.1,73.26,74.67,63.41,443.6,True,False,True,True,0,0.0,
4453,Base,0,W154,AE-3200,CH-A,EDG-09,Edge,0.84,261.8,74.96,75.08,72.39,398.1,True,False,False,True,0,0.0,
4454,Base,0,W154,AE-3200,CH-A,EDG-10,Edge,0.84,294.5,75.67,72.32,67.22,454.5,False,True,True,False,0,0.0,
4455,Base,0,W154,AE-3200,CH-A,EDG-11,Edge,0.84,327.3,74.02,73.45,65.29,418.7,True,False,True,True,0,0.0,
4456,Base,0,W154,AE-3200,CH-A,EXT-01,Extreme Edge,0.96,16.4,73.78,75.42,72.78,448.4,True,False,False,True,2,5.91,polymer_residue
4457,Base,0,W154,AE-3200,CH-A,EXT-02,Extreme Edge,0.96,49.1,73.27,74.53,74.49,445.5,True,False,False,True,1,2.31,polymer_residue
4458,Base,0,W154,AE-3200,CH-A,EXT-03,Extreme Edge,0.96,81.8,73.88,74.14,70.71,401.3,True,False,False,True,1,4.01,arc_event
4459,Base,0,W154,AE-3200,CH-A,EXT-04,Extreme Edge,0.96,114.5,75.44,74.62,67.72,461.7,False,False,True,False,0,0.0,
4460,Base,0,W154,AE-3200,CH-A,EXT-05,Extreme Edge,0.96,147.3,73.85,74.88,71.09,456.6,True,False,False,False,1,4.48,
4461,Base,0,W154,AE-3200,CH-A,EXT-06,Extreme Edge,0.96,180.0,74.23,73.29,74.19,464.3,True,False,False,False,1,1.81,
4462,Base,0,W154,AE-3200,CH-A,EXT-07,Extreme Edge,0.96,212.7,75.29,72.78,72.09,471.7,False,True,False,False,1,2.4,polymer_residue
4463,Base,0,W154,AE-3200,CH-A,EXT-08,Extreme Edge,0.96,245.5,73.63,74.27,69.5,459.0,True,False,True,False,1,4.64,
4464,Base,0,W154,AE-3200,CH-A,EXT-09,Extreme Edge,0.96,278.2,75.16,74.54,65.19,448.0,True,False,True,True,2,8.91,polymer_residue
4465,Base,0,W154,AE-3200,CH-A,EXT-10,Extreme Edge,0.96,310.9,75.02,73.35,69.61,418.4,True,False,True,True,1,3.33,
4466,Base,0,W154,AE-3200,CH-A,EXT-11,Extreme Edge,0.96,343.6,76.38,74.91,74.45,429.0,False,False,False,True,0,0.0,
4467,Rev11,11,W155,PX-7500,CH-D,C1,Center,0.0,0.0,72.53,65.45,73.97,434.6,True,False,False,True,0,0.0,
4468,Rev11,11,W155,PX-7500,CH-D,MID-01,Mid,0.52,30.0,72.13,69.5,66.26,405.6,True,True,True,True,0,0.0,
4469,Rev11,11,W155,PX-7500,CH-D,MID-02,Mid,0.52,90.0,70.95,67.31,60.65,430.1,True,True,True,True,0,0.0,
4470,Rev11,11,W155,PX-7500,CH-D,MID-03,Mid,0.52,150.0,71.62,70.11,71.05,403.6,True,True,False,True,0,0.0,
4471,Rev11,11,W155,PX-7500,CH-D,MID-04,Mid,0.52,210.0,71.39,68.64,64.32,415.9,True,True,True,True,0,0.0,
4472,Rev11,11,W155,PX-7500,CH-D,MID-05,Mid,0.52,270.0,71.43,67.57,69.48,395.6,True,True,True,True,0,0.0,
4473,Rev11,11,W155,PX-7500,CH-D,MID-06,Mid,0.52,330.0,74.04,68.2,67.3,410.2,True,True,True,True,0,0.0,
4474,Rev11,11,W155,PX-7500,CH-D,EDG-01,Edge,0.84,0.0,73.8,69.25,69.17,443.2,True,True,True,True,1,2.65,
4475,Rev11,11,W155,PX-7500,CH-D,EDG-02,Edge,0.84,32.7,73.76,69.46,65.88,435.1,True,True,True,True,0,0.0,
4476,Rev11,11,W155,PX-7500,CH-D,EDG-03,Edge,0.84,65.5,74.23,68.43,69.82,393.2,True,True,True,True,0,0.0,
4477,Rev11,11,W155,PX-7500,CH-D,EDG-04,Edge,0.84,98.2,73.12,72.33,71.78,434.1,True,True,False,True,0,0.0,
4478,Rev11,11,W155,PX-7500,CH-D,EDG-05,Edge,0.84,130.9,72.39,71.47,68.48,447.8,True,True,True,True,0,0.0,
4479,Rev11,11,W155,PX-7500,CH-D,EDG-06,Edge,0.84,163.6,75.4,67.98,68.23,413.9,False,True,True,True,0,0.0,
4480,Rev11,11,W155,PX-7500,CH-D,EDG-07,Edge,0.84,196.4,72.94,68.07,71.66,425.4,True,True,False,True,1,4.0,polymer_residue
4481,Rev11,11,W155,PX-7500,CH-D,EDG-08,Edge,0.84,229.1,75.65,71.54,72.34,451.8,False,True,False,True,1,5.18,polymer_residue
4482,Rev11,11,W155,PX-7500,CH-D,EDG-09,Edge,0.84,261.8,74.51,71.41,67.92,442.3,True,True,True,True,0,0.0,
4483,Rev11,11,W155,PX-7500,CH-D,EDG-10,Edge,0.84,294.5,73.08,71.75,70.12,409.6,True,True,True,True,1,5.56,polymer_residue
4484,Rev11,11,W155,PX-7500,CH-D,EDG-11,Edge,0.84,327.3,73.95,67.99,69.96,451.2,True,True,True,True,0,0.0,
4485,Rev11,11,W155,PX-7500,CH-D,EXT-01,Extreme Edge,0.96,16.4,74.42,71.64,71.95,410.3,True,True,False,True,0,0.0,
4486,Rev11,11,W155,PX-7500,CH-D,EXT-02,Extreme Edge,0.96,49.1,74.96,70.55,74.36,420.0,True,True,False,True,0,0.0,
4487,Rev11,11,W155,PX-7500,CH-D,EXT-03,Extreme Edge,0.96,81.8,75.33,67.57,70.12,407.3,False,True,True,True,0,0.0,
4488,Rev11,11,W155,PX-7500,CH-D,EXT-04,Extreme Edge,0.96,114.5,74.75,70.94,73.1,445.8,True,True,False,True,1,3.86,
4489,Rev11,11,W155,PX-7500,CH-D,EXT-05,Extreme Edge,0.96,147.3,73.97,68.52,73.1,416.1,True,True,False,True,0,0.0,
4490,Rev11,11,W155,PX-7500,CH-D,EXT-06,Extreme Edge,0.96,180.0,71.26,67.75,70.07,483.5,True,True,True,False,0,0.0,
4491,Rev11,11,W155,PX-7500,CH-D,EXT-07,Extreme Edge,0.96,212.7,73.21,73.23,74.11,411.8,True,False,False,True,4,12.47,
4492,Rev11,11,W155,PX-7500,CH-D,EXT-08,Extreme Edge,0.96,245.5,72.48,69.38,73.86,432.1,True,True,False,True,0,0.0,
4493,Rev11,11,W155,PX-7500,CH-D,EXT-09,Extreme Edge,0.96,278.2,76.16,69.23,67.86,450.9,False,True,True,True,0,0.0,
4494,Rev11,11,W155,PX-7500,CH-D,EXT-10,Extreme Edge,0.96,310.9,73.05,73.66,70.06,437.5,True,False,True,True,1,6.44,polymer_residue
4495,Rev11,11,W155,PX-7500,CH-D,EXT-11,Extreme Edge,0.96,343.6,73.86,73.1,73.34,440.4,True,False,False,True,1,1.92,
4496,Rev6,6,W156,PX-7500,CH-C,C1,Center,0.0,0.0,70.08,67.52,59.68,394.6,True,True,True,True,0,0.0,
4497,Rev6,6,W156,PX-7500,CH-C,MID-01,Mid,0.52,30.0,69.85,69.67,61.47,440.6,True,True,True,True,0,0.0,
4498,Rev6,6,W156,PX-7500,CH-C,MID-02,Mid,0.52,90.0,70.12,68.82,63.21,419.5,True,True,True,True,0,0.0,
4499,Rev6,6,W156,PX-7500,CH-C,MID-03,Mid,0.52,150.0,71.12,71.9,61.18,425.0,True,True,True,True,0,0.0,
4500,Rev6,6,W156,PX-7500,CH-C,MID-04,Mid,0.52,210.0,69.07,71.93,66.4,426.4,True,True,True,True,0,0.0,
4501,Rev6,6,W156,PX-7500,CH-C,MID-05,Mid,0.52,270.0,69.63,71.64,65.21,434.4,True,True,True,True,0,0.0,
4502,Rev6,6,W156,PX-7500,CH-C,MID-06,Mid,0.52,330.0,71.17,68.21,59.85,412.9,True,True,True,True,0,0.0,
4503,Rev6,6,W156,PX-7500,CH-C,EDG-01,Edge,0.84,0.0,71.51,71.12,66.49,443.8,True,True,True,True,0,0.0,
4504,Rev6,6,W156,PX-7500,CH-C,EDG-02,Edge,0.84,32.7,73.36,73.02,66.32,425.0,True,False,True,True,0,0.0,
4505,Rev6,6,W156,PX-7500,CH-C,EDG-03,Edge,0.84,65.5,70.23,72.86,67.96,443.1,True,False,True,True,0,0.0,
4506,Rev6,6,W156,PX-7500,CH-C,EDG-04,Edge,0.84,98.2,71.47,70.93,66.61,474.6,True,True,True,False,1,2.1,
4507,Rev6,6,W156,PX-7500,CH-C,EDG-05,Edge,0.84,130.9,73.57,70.3,64.07,430.5,True,True,True,True,0,0.0,
4508,Rev6,6,W156,PX-7500,CH-C,EDG-06,Edge,0.84,163.6,69.47,69.77,66.15,392.8,True,True,True,True,0,0.0,
4509,Rev6,6,W156,PX-7500,CH-C,EDG-07,Edge,0.84,196.4,70.26,68.26,64.4,475.3,True,True,True,False,1,5.99,esc_temp_drift
4510,Rev6,6,W156,PX-7500,CH-C,EDG-08,Edge,0.84,229.1,72.29,70.36,62.56,407.8,True,True,True,True,0,0.0,
4511,Rev6,6,W156,PX-7500,CH-C,EDG-09,Edge,0.84,261.8,70.85,68.8,68.02,421.6,True,True,True,True,0,0.0,
4512,Rev6,6,W156,PX-7500,CH-C,EDG-10,Edge,0.84,294.5,71.07,74.37,64.91,379.1,True,False,True,True,0,0.0,
4513,Rev6,6,W156,PX-7500,CH-C,EDG-11,Edge,0.84,327.3,72.49,68.1,62.28,460.3,True,True,True,False,2,10.83,
4514,Rev6,6,W156,PX-7500,CH-C,EXT-01,Extreme Edge,0.96,16.4,72.1,71.9,69.95,458.2,True,True,True,False,0,0.0,
4515,Rev6,6,W156,PX-7500,CH-C,EXT-02,Extreme Edge,0.96,49.1,71.97,71.56,63.51,459.1,True,True,True,False,0,0.0,
4516,Rev6,6,W156,PX-7500,CH-C,EXT-03,Extreme Edge,0.96,81.8,73.42,73.85,65.67,445.7,True,False,True,True,0,0.0,
4517,Rev6,6,W156,PX-7500,CH-C,EXT-04,Extreme Edge,0.96,114.5,70.7,72.23,65.9,443.4,True,True,True,True,0,0.0,
4518,Rev6,6,W156,PX-7500,CH-C,EXT-05,Extreme Edge,0.96,147.3,72.96,72.01,64.15,445.6,True,True,True,True,0,0.0,
4519,Rev6,6,W156,PX-7500,CH-C,EXT-06,Extreme Edge,0.96,180.0,73.82,71.55,65.31,408.0,True,True,True,True,0,0.0,
4520,Rev6,6,W156,PX-7500,CH-C,EXT-07,Extreme Edge,0.96,212.7,71.32,71.12,66.78,450.8,True,True,True,True,1,4.62,pressure_spike
4521,Rev6,6,W156,PX-7500,CH-C,EXT-08,Extreme Edge,0.96,245.5,70.62,72.49,63.95,439.7,True,True,True,True,0,0.0,
4522,Rev6,6,W156,PX-7500,CH-C,EXT-09,Extreme Edge,0.96,278.2,75.14,68.29,64.8,425.3,True,True,True,True,0,0.0,
4523,Rev6,6,W156,PX-7500,CH-C,EXT-10,Extreme Edge,0.96,310.9,73.81,70.07,69.31,433.0,True,True,True,True,3,16.03,endpoint_late
4524,Rev6,6,W156,PX-7500,CH-C,EXT-11,Extreme Edge,0.96,343.6,74.36,74.83,65.23,492.0,True,False,True,False,1,5.96,
4525,Rev7,7,W157,PX-7500,CH-D,C1,Center,0.0,0.0,71.29,71.49,68.15,386.5,True,True,True,True,0,0.0,
4526,Rev7,7,W157,PX-7500,CH-D,MID-01,Mid,0.52,30.0,72.16,68.39,75.22,419.5,True,True,False,True,0,0.0,
4527,Rev7,7,W157,PX-7500,CH-D,MID-02,Mid,0.52,90.0,72.31,71.59,66.81,391.4,True,True,True,True,0,0.0,
4528,Rev7,7,W157,PX-7500,CH-D,MID-03,Mid,0.52,150.0,71.07,69.85,61.81,367.1,True,True,True,False,0,0.0,
4529,Rev7,7,W157,PX-7500,CH-D,MID-04,Mid,0.52,210.0,73.56,72.45,66.64,433.7,True,True,True,True,0,0.0,
4530,Rev7,7,W157,PX-7500,CH-D,MID-05,Mid,0.52,270.0,73.68,70.69,70.53,422.8,True,True,True,True,0,0.0,
4531,Rev7,7,W157,PX-7500,CH-D,MID-06,Mid,0.52,330.0,72.71,69.87,64.74,421.2,True,True,True,True,0,0.0,
4532,Rev7,7,W157,PX-7500,CH-D,EDG-01,Edge,0.84,0.0,71.66,70.08,72.2,420.0,True,True,False,True,0,0.0,
4533,Rev7,7,W157,PX-7500,CH-D,EDG-02,Edge,0.84,32.7,72.11,72.94,69.47,416.8,True,False,True,True,0,0.0,
4534,Rev7,7,W157,PX-7500,CH-D,EDG-03,Edge,0.84,65.5,74.02,72.94,68.46,433.9,True,False,True,True,3,19.33,
4535,Rev7,7,W157,PX-7500,CH-D,EDG-04,Edge,0.84,98.2,74.69,70.32,71.69,417.1,True,True,False,True,1,3.44,
4536,Rev7,7,W157,PX-7500,CH-D,EDG-05,Edge,0.84,130.9,75.3,71.03,69.91,432.1,False,True,True,True,1,2.0,polymer_residue
4537,Rev7,7,W157,PX-7500,CH-D,EDG-06,Edge,0.84,163.6,73.22,70.48,74.99,429.1,True,True,False,True,0,0.0,
4538,Rev7,7,W157,PX-7500,CH-D,EDG-07,Edge,0.84,196.4,72.81,69.88,69.69,435.8,True,True,True,True,2,7.49,
4539,Rev7,7,W157,PX-7500,CH-D,EDG-08,Edge,0.84,229.1,74.57,71.36,67.49,438.5,True,True,True,True,0,0.0,
4540,Rev7,7,W157,PX-7500,CH-D,EDG-09,Edge,0.84,261.8,74.8,71.03,69.56,433.1,True,True,True,True,0,0.0,
4541,Rev7,7,W157,PX-7500,CH-D,EDG-10,Edge,0.84,294.5,73.55,72.62,75.09,429.9,True,True,False,True,0,0.0,
4542,Rev7,7,W157,PX-7500,CH-D,EDG-11,Edge,0.84,327.3,72.79,69.28,68.47,411.8,True,True,True,True,1,5.36,polymer_residue
4543,Rev7,7,W157,PX-7500,CH-D,EXT-01,Extreme Edge,0.96,16.4,72.73,71.43,62.1,441.7,True,True,True,True,0,0.0,
4544,Rev7,7,W157,PX-7500,CH-D,EXT-02,Extreme Edge,0.96,49.1,74.5,71.01,69.82,425.1,True,True,True,True,0,0.0,
4545,Rev7,7,W157,PX-7500,CH-D,EXT-03,Extreme Edge,0.96,81.8,74.24,72.44,68.69,415.1,True,True,True,True,0,0.0,
4546,Rev7,7,W157,PX-7500,CH-D,EXT-04,Extreme Edge,0.96,114.5,75.01,71.32,69.21,411.7,True,True,True,True,1,6.45,esc_temp_drift
4547,Rev7,7,W157,PX-7500,CH-D,EXT-05,Extreme Edge,0.96,147.3,73.28,70.17,66.27,411.2,True,True,True,True,2,8.26,polymer_residue
4548,Rev7,7,W157,PX-7500,CH-D,EXT-06,Extreme Edge,0.96,180.0,76.39,70.86,69.05,435.7,False,True,True,True,0,0.0,
4549,Rev7,7,W157,PX-7500,CH-D,EXT-07,Extreme Edge,0.96,212.7,72.9,70.66,63.51,441.2,True,True,True,True,0,0.0,
4550,Rev7,7,W157,PX-7500,CH-D,EXT-08,Extreme Edge,0.96,245.5,72.62,72.12,67.43,429.9,True,True,True,True,1,2.35,polymer_residue
4551,Rev7,7,W157,PX-7500,CH-D,EXT-09,Extreme Edge,0.96,278.2,74.42,71.57,71.44,431.3,True,True,False,True,0,0.0,
4552,Rev7,7,W157,PX-7500,CH-D,EXT-10,Extreme Edge,0.96,310.9,75.64,70.13,69.1,423.9,False,True,True,True,0,0.0,
4553,Rev7,7,W157,PX-7500,CH-D,EXT-11,Extreme Edge,0.96,343.6,71.95,72.14,69.43,429.6,True,True,True,True,0,0.0,
4554,Base,0,W158,AE-3200,CH-A,C1,Center,0.0,0.0,73.07,70.93,65.46,424.7,True,True,True,True,0,0.0,
4555,Base,0,W158,AE-3200,CH-A,MID-01,Mid,0.52,30.0,71.84,71.9,68.67,410.4,True,True,True,True,0,0.0,
4556,Base,0,W158,AE-3200,CH-A,MID-02,Mid,0.52,90.0,74.19,73.12,65.66,413.2,True,False,True,True,0,0.0,
4557,Base,0,W158,AE-3200,CH-A,MID-03,Mid,0.52,150.0,72.76,73.17,69.15,429.8,True,False,True,True,0,0.0,
4558,Base,0,W158,AE-3200,CH-A,MID-04,Mid,0.52,210.0,73.66,73.64,68.72,442.4,True,False,True,True,1,5.46,polymer_residue
4559,Base,0,W158,AE-3200,CH-A,MID-05,Mid,0.52,270.0,71.73,72.99,70.77,411.7,True,False,False,True,1,6.3,
4560,Base,0,W158,AE-3200,CH-A,MID-06,Mid,0.52,330.0,71.69,71.42,70.71,455.5,True,True,False,False,1,4.01,
4561,Base,0,W158,AE-3200,CH-A,EDG-01,Edge,0.84,0.0,74.56,73.09,68.28,448.9,True,False,True,True,1,2.26,
4562,Base,0,W158,AE-3200,CH-A,EDG-02,Edge,0.84,32.7,76.18,73.33,76.15,418.6,False,False,False,True,0,0.0,
4563,Base,0,W158,AE-3200,CH-A,EDG-03,Edge,0.84,65.5,73.15,76.09,66.48,474.4,True,False,True,False,0,0.0,
4564,Base,0,W158,AE-3200,CH-A,EDG-04,Edge,0.84,98.2,74.58,74.17,69.52,420.5,True,False,True,True,2,10.85,pressure_spike
4565,Base,0,W158,AE-3200,CH-A,EDG-05,Edge,0.84,130.9,73.38,76.58,75.25,462.4,True,False,False,False,0,0.0,
4566,Base,0,W158,AE-3200,CH-A,EDG-06,Edge,0.84,163.6,73.4,72.75,70.86,447.3,True,True,False,True,0,0.0,
4567,Base,0,W158,AE-3200,CH-A,EDG-07,Edge,0.84,196.4,74.99,71.17,71.99,424.6,True,True,False,True,1,4.67,
4568,Base,0,W158,AE-3200,CH-A,EDG-08,Edge,0.84,229.1,74.53,71.57,71.91,426.9,True,True,False,True,1,4.21,
4569,Base,0,W158,AE-3200,CH-A,EDG-09,Edge,0.84,261.8,75.46,74.45,67.87,457.3,False,False,True,False,1,2.64,
4570,Base,0,W158,AE-3200,CH-A,EDG-10,Edge,0.84,294.5,72.25,72.59,67.71,449.3,True,True,True,True,0,0.0,
4571,Base,0,W158,AE-3200,CH-A,EDG-11,Edge,0.84,327.3,73.93,74.67,70.46,429.3,True,False,True,True,0,0.0,
4572,Base,0,W158,AE-3200,CH-A,EXT-01,Extreme Edge,0.96,16.4,73.62,73.71,69.38,424.8,True,False,True,True,2,4.6,
4573,Base,0,W158,AE-3200,CH-A,EXT-02,Extreme Edge,0.96,49.1,76.73,72.85,72.98,430.7,False,False,False,True,0,0.0,
4574,Base,0,W158,AE-3200,CH-A,EXT-03,Extreme Edge,0.96,81.8,73.16,75.74,68.48,428.4,True,False,True,True,1,5.18,polymer_residue
4575,Base,0,W158,AE-3200,CH-A,EXT-04,Extreme Edge,0.96,114.5,72.24,73.38,72.45,440.5,True,False,False,True,0,0.0,
4576,Base,0,W158,AE-3200,CH-A,EXT-05,Extreme Edge,0.96,147.3,73.64,72.65,70.55,468.6,True,True,True,False,0,0.0,
4577,Base,0,W158,AE-3200,CH-A,EXT-06,Extreme Edge,0.96,180.0,74.25,74.04,72.49,485.5,True,False,False,False,1,3.31,
4578,Base,0,W158,AE-3200,CH-A,EXT-07,Extreme Edge,0.96,212.7,73.22,75.73,70.92,451.9,True,False,False,True,0,0.0,
4579,Base,0,W158,AE-3200,CH-A,EXT-08,Extreme Edge,0.96,245.5,73.23,73.84,67.7,477.9,True,False,True,False,2,9.48,
4580,Base,0,W158,AE-3200,CH-A,EXT-09,Extreme Edge,0.96,278.2,73.85,76.66,74.55,437.9,True,False,False,True,4,12.22,polymer_residue
4581,Base,0,W158,AE-3200,CH-A,EXT-10,Extreme Edge,0.96,310.9,77.25,74.85,69.11,467.6,False,False,True,False,0,0.0,
4582,Base,0,W158,AE-3200,CH-A,EXT-11,Extreme Edge,0.96,343.6,75.13,75.12,70.72,454.0,True,False,False,False,3,8.34,
4583,Rev3,3,W159,PX-7500,CH-D,C1,Center,0.0,0.0,74.31,69.31,66.02,471.0,True,True,True,False,1,3.26,
4584,Rev3,3,W159,PX-7500,CH-D,MID-01,Mid,0.52,30.0,72.62,70.25,66.44,458.9,True,True,True,False,1,2.25,
4585,Rev3,3,W159,PX-7500,CH-D,MID-02,Mid,0.52,90.0,73.59,68.95,68.05,438.5,True,True,True,True,0,0.0,
4586,Rev3,3,W159,PX-7500,CH-D,MID-03,Mid,0.52,150.0,71.62,65.46,65.12,483.1,True,False,True,False,1,5.49,polymer_residue
4587,Rev3,3,W159,PX-7500,CH-D,MID-04,Mid,0.52,210.0,73.57,69.92,64.12,444.7,True,True,True,True,0,0.0,
4588,Rev3,3,W159,PX-7500,CH-D,MID-05,Mid,0.52,270.0,72.04,69.79,62.48,484.9,True,True,True,False,0,0.0,
4589,Rev3,3,W159,PX-7500,CH-D,MID-06,Mid,0.52,330.0,73.24,71.83,66.06,415.3,True,True,True,True,1,2.15,pressure_spike
4590,Rev3,3,W159,PX-7500,CH-D,EDG-01,Edge,0.84,0.0,73.54,70.15,71.1,443.2,True,True,False,True,0,0.0,
4591,Rev3,3,W159,PX-7500,CH-D,EDG-02,Edge,0.84,32.7,72.52,70.74,64.2,476.9,True,True,True,False,1,2.99,polymer_residue
4592,Rev3,3,W159,PX-7500,CH-D,EDG-03,Edge,0.84,65.5,72.42,69.82,69.69,462.1,True,True,True,False,1,5.11,esc_temp_drift
4593,Rev3,3,W159,PX-7500,CH-D,EDG-04,Edge,0.84,98.2,73.14,71.37,66.02,419.4,True,True,True,True,2,7.61,polymer_residue
4594,Rev3,3,W159,PX-7500,CH-D,EDG-05,Edge,0.84,130.9,74.55,73.6,67.51,469.4,True,False,True,False,1,3.09,
4595,Rev3,3,W159,PX-7500,CH-D,EDG-06,Edge,0.84,163.6,73.34,70.7,67.08,472.0,True,True,True,False,0,0.0,
4596,Rev3,3,W159,PX-7500,CH-D,EDG-07,Edge,0.84,196.4,75.42,72.48,68.67,418.9,False,True,True,True,0,0.0,
4597,Rev3,3,W159,PX-7500,CH-D,EDG-08,Edge,0.84,229.1,73.12,71.04,68.61,470.8,True,True,True,False,1,4.1,arc_event
4598,Rev3,3,W159,PX-7500,CH-D,EDG-09,Edge,0.84,261.8,75.16,69.69,63.95,422.7,True,True,True,True,0,0.0,
4599,Rev3,3,W159,PX-7500,CH-D,EDG-10,Edge,0.84,294.5,75.43,74.98,68.32,434.7,False,False,True,True,1,5.52,
4600,Rev3,3,W159,PX-7500,CH-D,EDG-11,Edge,0.84,327.3,74.59,71.43,65.16,427.8,True,True,True,True,1,5.42,endpoint_late
4601,Rev3,3,W159,PX-7500,CH-D,EXT-01,Extreme Edge,0.96,16.4,75.99,74.38,68.18,497.2,False,False,True,False,1,4.57,
4602,Rev3,3,W159,PX-7500,CH-D,EXT-02,Extreme Edge,0.96,49.1,73.65,69.6,69.91,436.6,True,True,True,True,0,0.0,
4603,Rev3,3,W159,PX-7500,CH-D,EXT-03,Extreme Edge,0.96,81.8,76.68,72.28,71.16,491.9,False,True,False,False,1,1.81,
4604,Rev3,3,W159,PX-7500,CH-D,EXT-04,Extreme Edge,0.96,114.5,74.22,72.01,70.54,494.0,True,True,True,False,2,5.66,arc_event
4605,Rev3,3,W159,PX-7500,CH-D,EXT-05,Extreme Edge,0.96,147.3,73.63,71.27,67.55,438.0,True,True,True,True,1,3.68,polymer_residue
4606,Rev3,3,W159,PX-7500,CH-D,EXT-06,Extreme Edge,0.96,180.0,74.44,71.43,67.45,477.8,True,True,True,False,0,0.0,
4607,Rev3,3,W159,PX-7500,CH-D,EXT-07,Extreme Edge,0.96,212.7,75.35,71.46,67.38,472.4,False,True,True,False,0,0.0,
4608,Rev3,3,W159,PX-7500,CH-D,EXT-08,Extreme Edge,0.96,245.5,76.02,70.94,73.58,470.0,False,True,False,False,0,0.0,
4609,Rev3,3,W159,PX-7500,CH-D,EXT-09,Extreme Edge,0.96,278.2,76.34,70.41,60.6,441.5,False,True,True,True,1,5.47,polymer_residue
4610,Rev3,3,W159,PX-7500,CH-D,EXT-10,Extreme Edge,0.96,310.9,75.04,71.47,67.06,433.3,True,True,True,True,1,3.83,
4611,Rev3,3,W159,PX-7500,CH-D,EXT-11,Extreme Edge,0.96,343.6,72.43,72.58,64.25,449.7,True,True,True,True,0,0.0,
4612,Rev3,3,W160,PX-7500,CH-D,C1,Center,0.0,0.0,69.6,69.01,62.0,421.4,True,True,True,True,0,0.0,
4613,Rev3,3,W160,PX-7500,CH-D,MID-01,Mid,0.52,30.0,72.92,69.55,66.49,417.3,True,True,True,True,0,0.0,
4614,Rev3,3,W160,PX-7500,CH-D,MID-02,Mid,0.52,90.0,71.4,71.5,60.13,439.7,True,True,True,True,1,5.41,
4615,Rev3,3,W160,PX-7500,CH-D,MID-03,Mid,0.52,150.0,73.29,70.69,62.47,430.4,True,True,True,True,0,0.0,
4616,Rev3,3,W160,PX-7500,CH-D,MID-04,Mid,0.52,210.0,69.27,69.9,59.39,437.4,True,True,False,True,0,0.0,
4617,Rev3,3,W160,PX-7500,CH-D,MID-05,Mid,0.52,270.0,73.54,68.55,64.5,410.9,True,True,True,True,0,0.0,
4618,Rev3,3,W160,PX-7500,CH-D,MID-06,Mid,0.52,330.0,70.63,69.83,65.66,428.2,True,True,True,True,0,0.0,
4619,Rev3,3,W160,PX-7500,CH-D,EDG-01,Edge,0.84,0.0,73.89,69.77,62.7,436.6,True,True,True,True,0,0.0,
4620,Rev3,3,W160,PX-7500,CH-D,EDG-02,Edge,0.84,32.7,71.88,74.04,66.6,461.4,True,False,True,False,0,0.0,
4621,Rev3,3,W160,PX-7500,CH-D,EDG-03,Edge,0.84,65.5,73.64,68.11,67.97,443.9,True,True,True,True,0,0.0,
4622,Rev3,3,W160,PX-7500,CH-D,EDG-04,Edge,0.84,98.2,72.48,70.36,67.03,437.0,True,True,True,True,2,8.5,polymer_residue
4623,Rev3,3,W160,PX-7500,CH-D,EDG-05,Edge,0.84,130.9,72.46,68.74,67.24,473.8,True,True,True,False,1,6.09,
4624,Rev3,3,W160,PX-7500,CH-D,EDG-06,Edge,0.84,163.6,76.44,73.04,62.01,469.4,False,False,True,False,1,4.1,endpoint_late
4625,Rev3,3,W160,PX-7500,CH-D,EDG-07,Edge,0.84,196.4,73.56,71.8,67.96,457.5,True,True,True,False,1,5.67,polymer_residue
4626,Rev3,3,W160,PX-7500,CH-D,EDG-08,Edge,0.84,229.1,72.85,70.37,66.88,473.3,True,True,True,False,1,3.08,esc_temp_drift
4627,Rev3,3,W160,PX-7500,CH-D,EDG-09,Edge,0.84,261.8,72.9,70.47,64.49,485.0,True,True,True,False,0,0.0,
4628,Rev3,3,W160,PX-7500,CH-D,EDG-10,Edge,0.84,294.5,71.5,68.04,63.0,433.6,True,True,True,True,0,0.0,
4629,Rev3,3,W160,PX-7500,CH-D,EDG-11,Edge,0.84,327.3,74.79,71.5,69.99,461.0,True,True,True,False,1,2.41,
4630,Rev3,3,W160,PX-7500,CH-D,EXT-01,Extreme Edge,0.96,16.4,73.76,69.7,62.68,433.0,True,True,True,True,0,0.0,
4631,Rev3,3,W160,PX-7500,CH-D,EXT-02,Extreme Edge,0.96,49.1,74.29,68.04,67.33,414.1,True,True,True,True,1,3.27,
4632,Rev3,3,W160,PX-7500,CH-D,EXT-03,Extreme Edge,0.96,81.8,74.03,70.82,69.21,443.5,True,True,True,True,0,0.0,
4633,Rev3,3,W160,PX-7500,CH-D,EXT-04,Extreme Edge,0.96,114.5,72.2,73.01,67.33,434.6,True,False,True,True,1,5.41,arc_event
4634,Rev3,3,W160,PX-7500,CH-D,EXT-05,Extreme Edge,0.96,147.3,75.02,70.73,66.0,446.7,True,True,True,True,0,0.0,
4635,Rev3,3,W160,PX-7500,CH-D,EXT-06,Extreme Edge,0.96,180.0,75.28,69.85,64.81,448.1,False,True,True,True,0,0.0,
4636,Rev3,3,W160,PX-7500,CH-D,EXT-07,Extreme Edge,0.96,212.7,73.36,71.7,65.81,452.3,True,True,True,False,0,0.0,
4637,Rev3,3,W160,PX-7500,CH-D,EXT-08,Extreme Edge,0.96,245.5,75.49,72.19,63.27,455.2,False,True,True,False,0,0.0,
4638,Rev3,3,W160,PX-7500,CH-D,EXT-09,Extreme Edge,0.96,278.2,74.77,68.34,66.25,474.3,True,True,True,False,1,6.21,
4639,Rev3,3,W160,PX-7500,CH-D,EXT-10,Extreme Edge,0.96,310.9,73.76,70.21,68.45,459.4,True,True,True,False,0,0.0,
4640,Rev3,3,W160,PX-7500,CH-D,EXT-11,Extreme Edge,0.96,343.6,74.1,75.23,66.26,479.8,True,False,True,False,0,0.0,
4641,Rev9,9,W161,AE-3200,CH-B,C1,Center,0.0,0.0,72.09,66.91,59.41,341.7,True,True,True,False,0,0.0,
4642,Rev9,9,W161,AE-3200,CH-B,MID-01,Mid,0.52,30.0,74.36,69.17,57.74,393.9,True,True,False,True,0,0.0,
4643,Rev9,9,W161,AE-3200,CH-B,MID-02,Mid,0.52,90.0,73.74,68.54,68.3,387.4,True,True,True,True,1,3.26,esc_temp_drift
4644,Rev9,9,W161,AE-3200,CH-B,MID-03,Mid,0.52,150.0,72.58,71.3,65.45,388.2,True,True,True,True,1,2.51,polymer_residue
4645,Rev9,9,W161,AE-3200,CH-B,MID-04,Mid,0.52,210.0,69.38,68.49,64.67,387.3,True,True,True,True,0,0.0,
4646,Rev9,9,W161,AE-3200,CH-B,MID-05,Mid,0.52,270.0,71.03,69.93,63.4,358.9,True,True,True,False,0,0.0,
4647,Rev9,9,W161,AE-3200,CH-B,MID-06,Mid,0.52,330.0,72.2,67.8,59.95,359.0,True,True,True,False,0,0.0,
4648,Rev9,9,W161,AE-3200,CH-B,EDG-01,Edge,0.84,0.0,76.17,70.47,62.64,383.8,False,True,True,True,1,3.81,
4649,Rev9,9,W161,AE-3200,CH-B,EDG-02,Edge,0.84,32.7,73.69,74.32,64.61,406.6,True,False,True,True,1,3.1,esc_temp_drift
4650,Rev9,9,W161,AE-3200,CH-B,EDG-03,Edge,0.84,65.5,74.69,66.68,63.47,424.2,True,True,True,True,0,0.0,
4651,Rev9,9,W161,AE-3200,CH-B,EDG-04,Edge,0.84,98.2,72.8,71.63,63.08,413.0,True,True,True,True,0,0.0,
4652,Rev9,9,W161,AE-3200,CH-B,EDG-05,Edge,0.84,130.9,76.95,68.34,67.71,404.6,False,True,True,True,0,0.0,
4653,Rev9,9,W161,AE-3200,CH-B,EDG-06,Edge,0.84,163.6,76.86,70.51,62.8,422.7,False,True,True,True,1,3.8,
4654,Rev9,9,W161,AE-3200,CH-B,EDG-07,Edge,0.84,196.4,76.09,69.0,61.82,379.0,False,True,True,True,0,0.0,
4655,Rev9,9,W161,AE-3200,CH-B,EDG-08,Edge,0.84,229.1,73.4,68.56,66.99,389.2,True,True,True,True,1,4.27,
4656,Rev9,9,W161,AE-3200,CH-B,EDG-09,Edge,0.84,261.8,74.69,69.52,62.48,410.6,True,True,True,True,0,0.0,
4657,Rev9,9,W161,AE-3200,CH-B,EDG-10,Edge,0.84,294.5,73.7,69.01,65.36,338.0,True,True,True,False,1,1.87,
4658,Rev9,9,W161,AE-3200,CH-B,EDG-11,Edge,0.84,327.3,74.59,70.54,62.27,428.2,True,True,True,True,0,0.0,
4659,Rev9,9,W161,AE-3200,CH-B,EXT-01,Extreme Edge,0.96,16.4,76.56,69.72,68.03,407.8,False,True,True,True,1,2.28,polymer_residue
4660,Rev9,9,W161,AE-3200,CH-B,EXT-02,Extreme Edge,0.96,49.1,75.88,70.65,65.64,406.3,False,True,True,True,3,7.3,
4661,Rev9,9,W161,AE-3200,CH-B,EXT-03,Extreme Edge,0.96,81.8,78.73,69.04,62.67,393.7,False,True,True,True,2,6.49,
4662,Rev9,9,W161,AE-3200,CH-B,EXT-04,Extreme Edge,0.96,114.5,75.32,69.08,65.26,385.8,False,True,True,True,0,0.0,
4663,Rev9,9,W161,AE-3200,CH-B,EXT-05,Extreme Edge,0.96,147.3,74.99,70.46,63.25,410.3,True,True,True,True,1,4.78,
4664,Rev9,9,W161,AE-3200,CH-B,EXT-06,Extreme Edge,0.96,180.0,76.71,70.58,68.95,416.6,False,True,True,True,0,0.0,
4665,Rev9,9,W161,AE-3200,CH-B,EXT-07,Extreme Edge,0.96,212.7,73.69,72.4,65.6,429.1,True,True,True,True,0,0.0,
4666,Rev9,9,W161,AE-3200,CH-B,EXT-08,Extreme Edge,0.96,245.5,74.64,68.98,65.08,375.9,True,True,True,False,1,2.8,
4667,Rev9,9,W161,AE-3200,CH-B,EXT-09,Extreme Edge,0.96,278.2,73.77,70.78,62.74,449.7,True,True,True,True,0,0.0,
4668,Rev9,9,W161,AE-3200,CH-B,EXT-10,Extreme Edge,0.96,310.9,74.28,71.56,63.38,386.5,True,True,True,True,1,4.7,
4669,Rev9,9,W161,AE-3200,CH-B,EXT-11,Extreme Edge,0.96,343.6,75.59,70.97,67.54,395.8,False,True,True,True,1,2.83,arc_event
4670,Rev10,10,W162,PX-7500,CH-C,C1,Center,0.0,0.0,72.36,72.63,58.58,381.6,True,True,False,True,0,0.0,
4671,Rev10,10,W162,PX-7500,CH-C,MID-01,Mid,0.52,30.0,70.53,69.78,64.87,396.4,True,True,True,True,0,0.0,
4672,Rev10,10,W162,PX-7500,CH-C,MID-02,Mid,0.52,90.0,72.13,69.65,65.68,392.6,True,True,True,True,0,0.0,
4673,Rev10,10,W162,PX-7500,CH-C,MID-03,Mid,0.52,150.0,71.0,73.77,66.16,367.0,True,False,True,False,0,0.0,
4674,Rev10,10,W162,PX-7500,CH-C,MID-04,Mid,0.52,210.0,71.19,69.19,61.83,409.1,True,True,True,True,0,0.0,
4675,Rev10,10,W162,PX-7500,CH-C,MID-05,Mid,0.52,270.0,72.8,67.2,65.06,401.9,True,True,True,True,0,0.0,
4676,Rev10,10,W162,PX-7500,CH-C,MID-06,Mid,0.52,330.0,71.38,69.57,66.57,376.8,True,True,True,True,1,6.45,
4677,Rev10,10,W162,PX-7500,CH-C,EDG-01,Edge,0.84,0.0,72.6,72.12,70.11,368.2,True,True,True,False,2,6.63,
4678,Rev10,10,W162,PX-7500,CH-C,EDG-02,Edge,0.84,32.7,72.99,73.71,68.75,376.5,True,False,True,True,2,12.87,polymer_residue
4679,Rev10,10,W162,PX-7500,CH-C,EDG-03,Edge,0.84,65.5,72.74,68.66,66.7,373.0,True,True,True,False,1,3.27,
4680,Rev10,10,W162,PX-7500,CH-C,EDG-04,Edge,0.84,98.2,73.17,72.92,63.17,375.5,True,False,True,False,0,0.0,
4681,Rev10,10,W162,PX-7500,CH-C,EDG-05,Edge,0.84,130.9,72.21,73.49,69.62,409.2,True,False,True,True,0,0.0,
4682,Rev10,10,W162,PX-7500,CH-C,EDG-06,Edge,0.84,163.6,70.99,70.77,67.52,397.0,True,True,True,True,0,0.0,
4683,Rev10,10,W162,PX-7500,CH-C,EDG-07,Edge,0.84,196.4,74.08,73.8,67.13,366.2,True,False,True,False,0,0.0,
4684,Rev10,10,W162,PX-7500,CH-C,EDG-08,Edge,0.84,229.1,73.47,73.14,60.11,388.9,True,False,True,True,1,3.2,polymer_residue
4685,Rev10,10,W162,PX-7500,CH-C,EDG-09,Edge,0.84,261.8,75.59,70.53,63.36,374.0,False,True,True,False,0,0.0,
4686,Rev10,10,W162,PX-7500,CH-C,EDG-10,Edge,0.84,294.5,71.96,69.57,62.81,387.0,True,True,True,True,0,0.0,
4687,Rev10,10,W162,PX-7500,CH-C,EDG-11,Edge,0.84,327.3,74.13,72.07,63.95,393.0,True,True,True,True,0,0.0,
4688,Rev10,10,W162,PX-7500,CH-C,EXT-01,Extreme Edge,0.96,16.4,73.67,74.93,65.34,379.9,True,False,True,True,0,0.0,
4689,Rev10,10,W162,PX-7500,CH-C,EXT-02,Extreme Edge,0.96,49.1,73.77,70.75,68.7,406.5,True,True,True,True,0,0.0,
4690,Rev10,10,W162,PX-7500,CH-C,EXT-03,Extreme Edge,0.96,81.8,74.22,69.78,64.85,381.4,True,True,True,True,1,3.19,polymer_residue
4691,Rev10,10,W162,PX-7500,CH-C,EXT-04,Extreme Edge,0.96,114.5,73.85,73.55,63.9,403.5,True,False,True,True,0,0.0,
4692,Rev10,10,W162,PX-7500,CH-C,EXT-05,Extreme Edge,0.96,147.3,75.78,73.01,64.96,411.0,False,False,True,True,1,4.97,pressure_spike
4693,Rev10,10,W162,PX-7500,CH-C,EXT-06,Extreme Edge,0.96,180.0,77.58,72.56,66.87,401.5,False,True,True,True,0,0.0,
4694,Rev10,10,W162,PX-7500,CH-C,EXT-07,Extreme Edge,0.96,212.7,73.44,75.06,64.67,386.9,True,False,True,True,0,0.0,
4695,Rev10,10,W162,PX-7500,CH-C,EXT-08,Extreme Edge,0.96,245.5,72.59,73.78,66.04,403.1,True,False,True,True,0,0.0,
4696,Rev10,10,W162,PX-7500,CH-C,EXT-09,Extreme Edge,0.96,278.2,72.64,73.45,71.8,406.8,True,False,False,True,0,0.0,
4697,Rev10,10,W162,PX-7500,CH-C,EXT-10,Extreme Edge,0.96,310.9,72.72,73.75,67.9,407.4,True,False,True,True,1,3.89,
4698,Rev10,10,W162,PX-7500,CH-C,EXT-11,Extreme Edge,0.96,343.6,74.54,73.15,68.86,417.3,True,False,True,True,0,0.0,
4699,Rev6,6,W163,PX-7500,CH-C,C1,Center,0.0,0.0,70.44,67.94,60.45,403.6,True,True,True,True,0,0.0,
4700,Rev6,6,W163,PX-7500,CH-C,MID-01,Mid,0.52,30.0,69.66,68.3,65.63,393.2,True,True,True,True,0,0.0,
4701,Rev6,6,W163,PX-7500,CH-C,MID-02,Mid,0.52,90.0,70.16,70.84,66.06,467.6,True,True,True,False,0,0.0,
4702,Rev6,6,W163,PX-7500,CH-C,MID-03,Mid,0.52,150.0,70.75,73.06,64.08,416.9,True,False,True,True,0,0.0,
4703,Rev6,6,W163,PX-7500,CH-C,MID-04,Mid,0.52,210.0,69.82,69.96,62.47,460.7,True,True,True,False,0,0.0,
4704,Rev6,6,W163,PX-7500,CH-C,MID-05,Mid,0.52,270.0,70.37,72.6,60.26,459.8,True,True,True,False,0,0.0,
4705,Rev6,6,W163,PX-7500,CH-C,MID-06,Mid,0.52,330.0,69.99,72.64,63.89,458.2,True,True,True,False,1,4.66,
4706,Rev6,6,W163,PX-7500,CH-C,EDG-01,Edge,0.84,0.0,73.99,71.21,68.05,433.8,True,True,True,True,0,0.0,
4707,Rev6,6,W163,PX-7500,CH-C,EDG-02,Edge,0.84,32.7,73.49,71.57,70.81,461.2,True,True,False,False,0,0.0,
4708,Rev6,6,W163,PX-7500,CH-C,EDG-03,Edge,0.84,65.5,73.3,72.82,67.12,496.6,True,False,True,False,1,5.72,polymer_residue
4709,Rev6,6,W163,PX-7500,CH-C,EDG-04,Edge,0.84,98.2,73.73,72.34,63.8,431.8,True,True,True,True,0,0.0,
4710,Rev6,6,W163,PX-7500,CH-C,EDG-05,Edge,0.84,130.9,73.09,71.33,66.61,419.9,True,True,True,True,1,6.13,
4711,Rev6,6,W163,PX-7500,CH-C,EDG-06,Edge,0.84,163.6,72.23,74.02,64.62,442.6,True,False,True,True,1,3.98,
4712,Rev6,6,W163,PX-7500,CH-C,EDG-07,Edge,0.84,196.4,73.51,73.3,69.09,471.6,True,False,True,False,0,0.0,
4713,Rev6,6,W163,PX-7500,CH-C,EDG-08,Edge,0.84,229.1,72.17,67.78,65.24,436.3,True,True,True,True,0,0.0,
4714,Rev6,6,W163,PX-7500,CH-C,EDG-09,Edge,0.84,261.8,71.52,72.7,64.48,429.7,True,True,True,True,0,0.0,
4715,Rev6,6,W163,PX-7500,CH-C,EDG-10,Edge,0.84,294.5,74.58,70.83,64.87,407.6,True,True,True,True,0,0.0,
4716,Rev6,6,W163,PX-7500,CH-C,EDG-11,Edge,0.84,327.3,70.72,69.57,71.47,449.7,True,True,False,True,2,5.75,endpoint_late
4717,Rev6,6,W163,PX-7500,CH-C,EXT-01,Extreme Edge,0.96,16.4,73.19,74.28,69.57,516.4,True,False,True,False,0,0.0,
4718,Rev6,6,W163,PX-7500,CH-C,EXT-02,Extreme Edge,0.96,49.1,72.24,71.55,70.48,440.7,True,True,True,True,0,0.0,
4719,Rev6,6,W163,PX-7500,CH-C,EXT-03,Extreme Edge,0.96,81.8,75.56,72.58,68.19,409.7,False,True,True,True,1,5.83,
4720,Rev6,6,W163,PX-7500,CH-C,EXT-04,Extreme Edge,0.96,114.5,71.61,72.9,64.05,468.2,True,False,True,False,1,5.22,polymer_residue
4721,Rev6,6,W163,PX-7500,CH-C,EXT-05,Extreme Edge,0.96,147.3,72.64,73.98,68.66,437.4,True,False,True,True,0,0.0,
4722,Rev6,6,W163,PX-7500,CH-C,EXT-06,Extreme Edge,0.96,180.0,74.65,73.34,65.3,466.3,True,False,True,False,1,6.21,polymer_residue
4723,Rev6,6,W163,PX-7500,CH-C,EXT-07,Extreme Edge,0.96,212.7,70.9,72.4,68.83,396.6,True,True,True,True,1,4.48,
4724,Rev6,6,W163,PX-7500,CH-C,EXT-08,Extreme Edge,0.96,245.5,70.02,75.37,65.02,431.9,True,False,True,True,1,3.96,polymer_residue
4725,Rev6,6,W163,PX-7500,CH-C,EXT-09,Extreme Edge,0.96,278.2,74.75,68.48,70.8,461.5,True,True,False,False,0,0.0,
4726,Rev6,6,W163,PX-7500,CH-C,EXT-10,Extreme Edge,0.96,310.9,73.88,73.38,62.13,444.6,True,False,True,True,1,2.46,arc_event
4727,Rev6,6,W163,PX-7500,CH-C,EXT-11,Extreme Edge,0.96,343.6,72.49,75.4,63.71,450.9,True,False,True,True,0,0.0,
4728,Rev7,7,W164,PX-7500,CH-D,C1,Center,0.0,0.0,71.39,66.7,60.34,392.7,True,True,True,True,0,0.0,
4729,Rev7,7,W164,PX-7500,CH-D,MID-01,Mid,0.52,30.0,72.74,69.77,63.63,396.3,True,True,True,True,0,0.0,
4730,Rev7,7,W164,PX-7500,CH-D,MID-02,Mid,0.52,90.0,73.75,67.28,68.12,406.3,True,True,True,True,1,3.49,
4731,Rev7,7,W164,PX-7500,CH-D,MID-03,Mid,0.52,150.0,70.91,67.7,70.36,416.1,True,True,True,True,0,0.0,
4732,Rev7,7,W164,PX-7500,CH-D,MID-04,Mid,0.52,210.0,71.28,70.27,68.11,371.0,True,True,True,False,0,0.0,
4733,Rev7,7,W164,PX-7500,CH-D,MID-05,Mid,0.52,270.0,74.85,65.85,69.19,420.6,True,True,True,True,0,0.0,
4734,Rev7,7,W164,PX-7500,CH-D,MID-06,Mid,0.52,330.0,74.24,69.9,70.38,409.1,True,True,True,True,0,0.0,
4735,Rev7,7,W164,PX-7500,CH-D,EDG-01,Edge,0.84,0.0,71.91,68.27,69.13,419.1,True,True,True,True,0,0.0,
4736,Rev7,7,W164,PX-7500,CH-D,EDG-02,Edge,0.84,32.7,73.21,69.41,64.3,429.6,True,True,True,True,1,4.99,
4737,Rev7,7,W164,PX-7500,CH-D,EDG-03,Edge,0.84,65.5,74.39,70.09,62.82,447.9,True,True,True,True,1,4.44,esc_temp_drift
4738,Rev7,7,W164,PX-7500,CH-D,EDG-04,Edge,0.84,98.2,73.21,67.87,66.09,436.8,True,True,True,True,2,8.28,
4739,Rev7,7,W164,PX-7500,CH-D,EDG-05,Edge,0.84,130.9,73.63,69.48,64.95,439.5,True,True,True,True,0,0.0,
4740,Rev7,7,W164,PX-7500,CH-D,EDG-06,Edge,0.84,163.6,74.69,70.47,61.07,430.0,True,True,True,True,0,0.0,
4741,Rev7,7,W164,PX-7500,CH-D,EDG-07,Edge,0.84,196.4,71.69,70.35,63.28,437.0,True,True,True,True,0,0.0,
4742,Rev7,7,W164,PX-7500,CH-D,EDG-08,Edge,0.84,229.1,74.54,73.61,65.6,415.2,True,False,True,True,1,3.39,polymer_residue
4743,Rev7,7,W164,PX-7500,CH-D,EDG-09,Edge,0.84,261.8,74.24,72.84,63.93,467.7,True,False,True,False,0,0.0,
4744,Rev7,7,W164,PX-7500,CH-D,EDG-10,Edge,0.84,294.5,74.65,70.7,63.67,432.2,True,True,True,True,0,0.0,
4745,Rev7,7,W164,PX-7500,CH-D,EDG-11,Edge,0.84,327.3,77.88,72.98,70.83,379.6,False,False,False,True,0,0.0,
4746,Rev7,7,W164,PX-7500,CH-D,EXT-01,Extreme Edge,0.96,16.4,74.61,69.44,63.72,401.2,True,True,True,True,0,0.0,
4747,Rev7,7,W164,PX-7500,CH-D,EXT-02,Extreme Edge,0.96,49.1,73.55,70.1,66.27,390.6,True,True,True,True,1,3.38,
4748,Rev7,7,W164,PX-7500,CH-D,EXT-03,Extreme Edge,0.96,81.8,72.75,71.69,67.88,427.4,True,True,True,True,1,1.91,polymer_residue
4749,Rev7,7,W164,PX-7500,CH-D,EXT-04,Extreme Edge,0.96,114.5,73.31,70.22,67.09,408.9,True,True,True,True,1,6.37,esc_temp_drift
4750,Rev7,7,W164,PX-7500,CH-D,EXT-05,Extreme Edge,0.96,147.3,75.77,71.52,68.96,376.4,False,True,True,True,0,0.0,
4751,Rev7,7,W164,PX-7500,CH-D,EXT-06,Extreme Edge,0.96,180.0,73.79,69.32,63.95,430.7,True,True,True,True,0,0.0,
4752,Rev7,7,W164,PX-7500,CH-D,EXT-07,Extreme Edge,0.96,212.7,74.78,72.0,69.66,401.5,True,True,True,True,0,0.0,
4753,Rev7,7,W164,PX-7500,CH-D,EXT-08,Extreme Edge,0.96,245.5,74.99,68.78,64.84,404.4,True,True,True,True,2,9.84,
4754,Rev7,7,W164,PX-7500,CH-D,EXT-09,Extreme Edge,0.96,278.2,75.2,72.71,63.97,405.3,True,True,True,True,0,0.0,
4755,Rev7,7,W164,PX-7500,CH-D,EXT-10,Extreme Edge,0.96,310.9,73.34,69.66,67.66,400.1,True,True,True,True,1,4.15,
4756,Rev7,7,W164,PX-7500,CH-D,EXT-11,Extreme Edge,0.96,343.6,74.38,70.01,67.37,426.2,True,True,True,True,0,0.0,
4757,Rev9,9,W165,AE-3200,CH-B,C1,Center,0.0,0.0,70.75,69.17,67.18,359.3,True,True,True,False,0,0.0,
4758,Rev9,9,W165,AE-3200,CH-B,MID-01,Mid,0.52,30.0,73.62,70.88,59.8,405.3,True,True,True,True,0,0.0,
4759,Rev9,9,W165,AE-3200,CH-B,MID-02,Mid,0.52,90.0,74.37,69.27,67.34,400.3,True,True,True,True,0,0.0,
4760,Rev9,9,W165,AE-3200,CH-B,MID-03,Mid,0.52,150.0,72.74,70.5,67.73,388.1,True,True,True,True,0,0.0,
4761,Rev9,9,W165,AE-3200,CH-B,MID-04,Mid,0.52,210.0,70.88,70.8,62.42,406.0,True,True,True,True,0,0.0,
4762,Rev9,9,W165,AE-3200,CH-B,MID-05,Mid,0.52,270.0,75.28,70.86,65.97,372.7,False,True,True,False,0,0.0,
4763,Rev9,9,W165,AE-3200,CH-B,MID-06,Mid,0.52,330.0,73.12,67.31,64.32,399.1,True,True,True,True,0,0.0,
4764,Rev9,9,W165,AE-3200,CH-B,EDG-01,Edge,0.84,0.0,74.61,71.12,65.84,366.0,True,True,True,False,0,0.0,
4765,Rev9,9,W165,AE-3200,CH-B,EDG-02,Edge,0.84,32.7,74.08,71.74,68.19,372.6,True,True,True,False,0,0.0,
4766,Rev9,9,W165,AE-3200,CH-B,EDG-03,Edge,0.84,65.5,73.63,70.59,69.95,403.5,True,True,True,True,0,0.0,
4767,Rev9,9,W165,AE-3200,CH-B,EDG-04,Edge,0.84,98.2,71.67,71.19,61.63,428.6,True,True,True,True,0,0.0,
4768,Rev9,9,W165,AE-3200,CH-B,EDG-05,Edge,0.84,130.9,75.85,71.87,67.97,390.0,False,True,True,True,1,6.49,arc_event
4769,Rev9,9,W165,AE-3200,CH-B,EDG-06,Edge,0.84,163.6,73.55,72.2,68.54,350.6,True,True,True,False,0,0.0,
4770,Rev9,9,W165,AE-3200,CH-B,EDG-07,Edge,0.84,196.4,74.79,69.65,70.25,390.5,True,True,True,True,0,0.0,
4771,Rev9,9,W165,AE-3200,CH-B,EDG-08,Edge,0.84,229.1,76.11,71.9,70.15,419.2,False,True,True,True,1,3.79,
4772,Rev9,9,W165,AE-3200,CH-B,EDG-09,Edge,0.84,261.8,74.73,72.84,64.88,353.4,True,False,True,False,0,0.0,
4773,Rev9,9,W165,AE-3200,CH-B,EDG-10,Edge,0.84,294.5,74.26,71.99,62.22,373.6,True,True,True,False,0,0.0,
4774,Rev9,9,W165,AE-3200,CH-B,EDG-11,Edge,0.84,327.3,76.58,73.49,66.17,371.7,False,False,True,False,1,2.37,esc_temp_drift
4775,Rev9,9,W165,AE-3200,CH-B,EXT-01,Extreme Edge,0.96,16.4,75.88,74.06,72.09,384.5,False,False,False,True,0,0.0,
4776,Rev9,9,W165,AE-3200,CH-B,EXT-02,Extreme Edge,0.96,49.1,74.71,73.43,68.27,400.8,True,False,True,True,0,0.0,
4777,Rev9,9,W165,AE-3200,CH-B,EXT-03,Extreme Edge,0.96,81.8,75.19,71.37,68.31,397.2,True,True,True,True,0,0.0,
4778,Rev9,9,W165,AE-3200,CH-B,EXT-04,Extreme Edge,0.96,114.5,74.69,71.2,71.35,384.0,True,True,False,True,0,0.0,
4779,Rev9,9,W165,AE-3200,CH-B,EXT-05,Extreme Edge,0.96,147.3,76.06,74.49,62.95,412.4,False,False,True,True,1,4.24,
4780,Rev9,9,W165,AE-3200,CH-B,EXT-06,Extreme Edge,0.96,180.0,74.94,72.32,66.5,393.3,True,True,True,True,0,0.0,
4781,Rev9,9,W165,AE-3200,CH-B,EXT-07,Extreme Edge,0.96,212.7,76.49,68.58,71.75,348.7,False,True,False,False,0,0.0,
4782,Rev9,9,W165,AE-3200,CH-B,EXT-08,Extreme Edge,0.96,245.5,74.74,70.91,68.21,391.1,True,True,True,True,0,0.0,
4783,Rev9,9,W165,AE-3200,CH-B,EXT-09,Extreme Edge,0.96,278.2,73.29,71.28,66.21,423.9,True,True,True,True,0,0.0,
4784,Rev9,9,W165,AE-3200,CH-B,EXT-10,Extreme Edge,0.96,310.9,78.01,72.87,59.26,422.4,False,False,False,True,1,3.27,polymer_residue
4785,Rev9,9,W165,AE-3200,CH-B,EXT-11,Extreme Edge,0.96,343.6,75.59,70.1,67.69,398.4,False,True,True,True,2,4.83,
4786,Base,0,W166,AE-3200,CH-A,C1,Center,0.0,0.0,71.8,70.8,72.73,414.4,True,True,False,True,0,0.0,
4787,Base,0,W166,AE-3200,CH-A,MID-01,Mid,0.52,30.0,71.75,71.88,65.53,442.8,True,True,True,True,0,0.0,
4788,Base,0,W166,AE-3200,CH-A,MID-02,Mid,0.52,90.0,72.07,72.7,67.71,438.9,True,True,True,True,0,0.0,
4789,Base,0,W166,AE-3200,CH-A,MID-03,Mid,0.52,150.0,72.17,73.55,66.52,440.7,True,False,True,True,0,0.0,
4790,Base,0,W166,AE-3200,CH-A,MID-04,Mid,0.52,210.0,74.39,73.37,66.51,416.5,True,False,True,True,1,3.81,polymer_residue
4791,Base,0,W166,AE-3200,CH-A,MID-05,Mid,0.52,270.0,72.22,70.18,63.9,449.5,True,True,True,True,0,0.0,
4792,Base,0,W166,AE-3200,CH-A,MID-06,Mid,0.52,330.0,72.05,72.66,67.69,405.9,True,True,True,True,0,0.0,
4793,Base,0,W166,AE-3200,CH-A,EDG-01,Edge,0.84,0.0,74.78,71.99,71.25,429.2,True,True,False,True,1,1.99,
4794,Base,0,W166,AE-3200,CH-A,EDG-02,Edge,0.84,32.7,75.32,72.85,71.06,445.3,False,False,False,True,0,0.0,
4795,Base,0,W166,AE-3200,CH-A,EDG-03,Edge,0.84,65.5,75.29,70.94,67.65,463.9,False,True,True,False,2,8.19,
4796,Base,0,W166,AE-3200,CH-A,EDG-04,Edge,0.84,98.2,76.58,75.47,70.36,457.8,False,False,True,False,0,0.0,
4797,Base,0,W166,AE-3200,CH-A,EDG-05,Edge,0.84,130.9,73.19,71.08,75.36,413.4,True,True,False,True,0,0.0,
4798,Base,0,W166,AE-3200,CH-A,EDG-06,Edge,0.84,163.6,73.92,71.59,68.86,449.3,True,True,True,True,2,7.66,arc_event
4799,Base,0,W166,AE-3200,CH-A,EDG-07,Edge,0.84,196.4,76.68,75.13,67.53,405.3,False,False,True,True,1,3.75,
4800,Base,0,W166,AE-3200,CH-A,EDG-08,Edge,0.84,229.1,72.1,72.91,77.67,433.5,True,False,False,True,0,0.0,
4801,Base,0,W166,AE-3200,CH-A,EDG-09,Edge,0.84,261.8,74.46,69.38,64.24,457.7,True,True,True,False,2,7.65,polymer_residue
4802,Base,0,W166,AE-3200,CH-A,EDG-10,Edge,0.84,294.5,76.06,74.18,76.64,428.2,False,False,False,True,0,0.0,
4803,Base,0,W166,AE-3200,CH-A,EDG-11,Edge,0.84,327.3,74.65,72.91,66.9,436.9,True,False,True,True,1,5.12,pressure_spike
4804,Base,0,W166,AE-3200,CH-A,EXT-01,Extreme Edge,0.96,16.4,75.35,72.96,65.92,409.1,False,False,True,True,0,0.0,
4805,Base,0,W166,AE-3200,CH-A,EXT-02,Extreme Edge,0.96,49.1,72.05,75.65,74.29,451.4,True,False,False,True,0,0.0,
4806,Base,0,W166,AE-3200,CH-A,EXT-03,Extreme Edge,0.96,81.8,77.64,72.51,74.25,412.1,False,True,False,True,1,5.42,polymer_residue
4807,Base,0,W166,AE-3200,CH-A,EXT-04,Extreme Edge,0.96,114.5,75.78,75.8,73.01,469.7,False,False,False,False,0,0.0,
4808,Base,0,W166,AE-3200,CH-A,EXT-05,Extreme Edge,0.96,147.3,73.8,74.17,75.96,396.7,True,False,False,True,1,4.51,arc_event
4809,Base,0,W166,AE-3200,CH-A,EXT-06,Extreme Edge,0.96,180.0,76.25,74.52,71.85,445.9,False,False,False,True,1,3.05,endpoint_late
4810,Base,0,W166,AE-3200,CH-A,EXT-07,Extreme Edge,0.96,212.7,74.59,74.47,66.52,432.3,True,False,True,True,0,0.0,
4811,Base,0,W166,AE-3200,CH-A,EXT-08,Extreme Edge,0.96,245.5,74.74,73.45,65.35,452.6,True,False,True,False,0,0.0,
4812,Base,0,W166,AE-3200,CH-A,EXT-09,Extreme Edge,0.96,278.2,78.44,77.72,69.69,451.4,False,False,True,True,4,12.03,polymer_residue
4813,Base,0,W166,AE-3200,CH-A,EXT-10,Extreme Edge,0.96,310.9,73.98,76.58,70.55,393.5,True,False,True,True,1,3.86,arc_event
4814,Base,0,W166,AE-3200,CH-A,EXT-11,Extreme Edge,0.96,343.6,76.3,73.48,69.89,435.2,False,False,True,True,1,2.68,polymer_residue
4815,Rev7,7,W167,PX-7500,CH-D,C1,Center,0.0,0.0,71.95,72.61,56.12,438.3,True,True,False,True,0,0.0,
4816,Rev7,7,W167,PX-7500,CH-D,MID-01,Mid,0.52,30.0,72.99,67.31,61.49,405.2,True,True,True,True,1,4.03,
4817,Rev7,7,W167,PX-7500,CH-D,MID-02,Mid,0.52,90.0,71.73,71.57,56.22,406.0,True,True,False,True,0,0.0,
4818,Rev7,7,W167,PX-7500,CH-D,MID-03,Mid,0.52,150.0,71.47,67.22,58.98,397.5,True,True,False,True,0,0.0,
4819,Rev7,7,W167,PX-7500,CH-D,MID-04,Mid,0.52,210.0,72.96,70.81,62.07,400.4,True,True,True,True,0,0.0,
4820,Rev7,7,W167,PX-7500,CH-D,MID-05,Mid,0.52,270.0,71.08,68.47,66.43,415.8,True,True,True,True,1,1.92,pressure_spike
4821,Rev7,7,W167,PX-7500,CH-D,MID-06,Mid,0.52,330.0,71.29,72.21,60.35,388.5,True,True,True,True,0,0.0,
4822,Rev7,7,W167,PX-7500,CH-D,EDG-01,Edge,0.84,0.0,72.66,72.62,62.09,408.6,True,True,True,True,0,0.0,
4823,Rev7,7,W167,PX-7500,CH-D,EDG-02,Edge,0.84,32.7,76.14,72.65,66.35,385.1,False,True,True,True,1,1.89,polymer_residue
4824,Rev7,7,W167,PX-7500,CH-D,EDG-03,Edge,0.84,65.5,74.68,74.76,67.35,427.8,True,False,True,True,0,0.0,
4825,Rev7,7,W167,PX-7500,CH-D,EDG-04,Edge,0.84,98.2,75.19,72.11,57.7,410.1,True,True,False,True,1,2.88,endpoint_late
4826,Rev7,7,W167,PX-7500,CH-D,EDG-05,Edge,0.84,130.9,74.4,73.43,67.74,435.0,True,False,True,True,0,0.0,
4827,Rev7,7,W167,PX-7500,CH-D,EDG-06,Edge,0.84,163.6,72.75,72.96,61.15,414.6,True,False,True,True,0,0.0,
4828,Rev7,7,W167,PX-7500,CH-D,EDG-07,Edge,0.84,196.4,74.27,72.5,62.35,397.6,True,True,True,True,0,0.0,
4829,Rev7,7,W167,PX-7500,CH-D,EDG-08,Edge,0.84,229.1,73.66,69.11,63.62,414.8,True,True,True,True,1,3.43,polymer_residue
4830,Rev7,7,W167,PX-7500,CH-D,EDG-09,Edge,0.84,261.8,72.93,71.15,58.57,408.7,True,True,False,True,1,2.96,polymer_residue
4831,Rev7,7,W167,PX-7500,CH-D,EDG-10,Edge,0.84,294.5,75.7,73.32,64.01,410.0,False,False,True,True,1,2.25,
4832,Rev7,7,W167,PX-7500,CH-D,EDG-11,Edge,0.84,327.3,75.45,69.44,59.7,442.8,False,True,True,True,4,24.57,
4833,Rev7,7,W167,PX-7500,CH-D,EXT-01,Extreme Edge,0.96,16.4,74.66,71.1,60.63,391.6,True,True,True,True,2,11.5,
4834,Rev7,7,W167,PX-7500,CH-D,EXT-02,Extreme Edge,0.96,49.1,76.58,72.52,63.47,406.1,False,True,True,True,0,0.0,
4835,Rev7,7,W167,PX-7500,CH-D,EXT-03,Extreme Edge,0.96,81.8,76.41,74.53,62.98,385.0,False,False,True,True,0,0.0,
4836,Rev7,7,W167,PX-7500,CH-D,EXT-04,Extreme Edge,0.96,114.5,72.02,73.29,66.87,381.9,True,False,True,True,2,9.4,
4837,Rev7,7,W167,PX-7500,CH-D,EXT-05,Extreme Edge,0.96,147.3,74.86,73.95,66.92,421.0,True,False,True,True,1,3.49,polymer_residue
4838,Rev7,7,W167,PX-7500,CH-D,EXT-06,Extreme Edge,0.96,180.0,76.94,70.89,65.97,415.1,False,True,True,True,0,0.0,
4839,Rev7,7,W167,PX-7500,CH-D,EXT-07,Extreme Edge,0.96,212.7,75.2,74.45,62.4,395.4,True,False,True,True,0,0.0,
4840,Rev7,7,W167,PX-7500,CH-D,EXT-08,Extreme Edge,0.96,245.5,75.19,72.7,61.05,434.9,True,True,True,True,0,0.0,
4841,Rev7,7,W167,PX-7500,CH-D,EXT-09,Extreme Edge,0.96,278.2,73.45,71.56,66.85,375.1,True,True,True,False,1,2.11,polymer_residue
4842,Rev7,7,W167,PX-7500,CH-D,EXT-10,Extreme Edge,0.96,310.9,76.7,74.57,65.98,406.1,False,False,True,True,1,3.64,
4843,Rev7,7,W167,PX-7500,CH-D,EXT-11,Extreme Edge,0.96,343.6,75.61,72.73,67.61,412.1,False,True,True,True,0,0.0,
4844,Rev2,2,W168,PX-7500,CH-C,C1,Center,0.0,0.0,72.68,68.91,62.7,399.2,True,True,True,True,0,0.0,
4845,Rev2,2,W168,PX-7500,CH-C,MID-01,Mid,0.52,30.0,74.8,70.16,61.42,397.2,True,True,True,True,0,0.0,
4846,Rev2,2,W168,PX-7500,CH-C,MID-02,Mid,0.52,90.0,72.19,71.0,62.98,384.3,True,True,True,True,0,0.0,
4847,Rev2,2,W168,PX-7500,CH-C,MID-03,Mid,0.52,150.0,73.31,72.05,66.19,400.4,True,True,True,True,0,0.0,
4848,Rev2,2,W168,PX-7500,CH-C,MID-04,Mid,0.52,210.0,73.17,71.63,69.78,420.3,True,True,True,True,0,0.0,
4849,Rev2,2,W168,PX-7500,CH-C,MID-05,Mid,0.52,270.0,72.77,72.58,63.42,395.3,True,True,True,True,0,0.0,
4850,Rev2,2,W168,PX-7500,CH-C,MID-06,Mid,0.52,330.0,72.95,70.54,63.59,390.9,True,True,True,True,0,0.0,
4851,Rev2,2,W168,PX-7500,CH-C,EDG-01,Edge,0.84,0.0,74.19,73.71,66.27,454.6,True,False,True,False,1,5.75,
4852,Rev2,2,W168,PX-7500,CH-C,EDG-02,Edge,0.84,32.7,76.95,72.9,62.06,416.2,False,False,True,True,1,6.43,endpoint_late
4853,Rev2,2,W168,PX-7500,CH-C,EDG-03,Edge,0.84,65.5,74.05,71.27,64.27,433.0,True,True,True,True,0,0.0,
4854,Rev2,2,W168,PX-7500,CH-C,EDG-04,Edge,0.84,98.2,76.0,73.34,66.37,427.2,False,False,True,True,0,0.0,
4855,Rev2,2,W168,PX-7500,CH-C,EDG-05,Edge,0.84,130.9,74.89,73.04,64.19,411.9,True,False,True,True,0,0.0,
4856,Rev2,2,W168,PX-7500,CH-C,EDG-06,Edge,0.84,163.6,73.67,72.51,69.7,417.9,True,True,True,True,0,0.0,
4857,Rev2,2,W168,PX-7500,CH-C,EDG-07,Edge,0.84,196.4,75.37,72.29,67.47,432.1,False,True,True,True,0,0.0,
4858,Rev2,2,W168,PX-7500,CH-C,EDG-08,Edge,0.84,229.1,73.16,69.62,69.67,429.7,True,True,True,True,0,0.0,
4859,Rev2,2,W168,PX-7500,CH-C,EDG-09,Edge,0.84,261.8,76.29,72.71,69.57,403.4,False,True,True,True,1,1.97,polymer_residue
4860,Rev2,2,W168,PX-7500,CH-C,EDG-10,Edge,0.84,294.5,71.96,72.35,63.6,401.6,True,True,True,True,1,4.56,polymer_residue
4861,Rev2,2,W168,PX-7500,CH-C,EDG-11,Edge,0.84,327.3,73.65,75.03,69.83,418.4,True,False,True,True,1,5.63,polymer_residue
4862,Rev2,2,W168,PX-7500,CH-C,EXT-01,Extreme Edge,0.96,16.4,74.7,69.68,67.7,432.2,True,True,True,True,0,0.0,
4863,Rev2,2,W168,PX-7500,CH-C,EXT-02,Extreme Edge,0.96,49.1,75.7,71.86,61.82,391.3,False,True,True,True,0,0.0,
4864,Rev2,2,W168,PX-7500,CH-C,EXT-03,Extreme Edge,0.96,81.8,73.36,72.2,67.65,426.7,True,True,True,True,0,0.0,
4865,Rev2,2,W168,PX-7500,CH-C,EXT-04,Extreme Edge,0.96,114.5,77.42,74.26,65.4,415.8,False,False,True,True,3,17.41,
4866,Rev2,2,W168,PX-7500,CH-C,EXT-05,Extreme Edge,0.96,147.3,75.94,73.36,66.05,434.1,False,False,True,True,0,0.0,
4867,Rev2,2,W168,PX-7500,CH-C,EXT-06,Extreme Edge,0.96,180.0,75.5,75.26,71.8,447.3,False,False,False,True,0,0.0,
4868,Rev2,2,W168,PX-7500,CH-C,EXT-07,Extreme Edge,0.96,212.7,76.13,70.22,63.65,429.4,False,True,True,True,0,0.0,
4869,Rev2,2,W168,PX-7500,CH-C,EXT-08,Extreme Edge,0.96,245.5,73.75,73.16,72.04,409.2,True,False,False,True,0,0.0,
4870,Rev2,2,W168,PX-7500,CH-C,EXT-09,Extreme Edge,0.96,278.2,75.95,70.89,66.24,441.1,False,True,True,True,0,0.0,
4871,Rev2,2,W168,PX-7500,CH-C,EXT-10,Extreme Edge,0.96,310.9,75.55,76.83,68.91,410.5,False,False,True,True,0,0.0,
4872,Rev2,2,W168,PX-7500,CH-C,EXT-11,Extreme Edge,0.96,343.6,72.68,75.31,68.22,434.4,True,False,True,True,1,6.39,
4873,Rev5,5,W169,AE-3200,CH-B,C1,Center,0.0,0.0,72.03,70.55,59.43,439.4,True,True,True,True,0,0.0,
4874,Rev5,5,W169,AE-3200,CH-B,MID-01,Mid,0.52,30.0,74.17,69.23,61.38,444.1,True,True,True,True,0,0.0,
4875,Rev5,5,W169,AE-3200,CH-B,MID-02,Mid,0.52,90.0,73.14,67.47,67.27,436.6,True,True,True,True,1,2.03,
4876,Rev5,5,W169,AE-3200,CH-B,MID-03,Mid,0.52,150.0,72.49,69.92,63.84,471.1,True,True,True,False,1,4.69,polymer_residue
4877,Rev5,5,W169,AE-3200,CH-B,MID-04,Mid,0.52,210.0,73.76,69.02,63.78,447.4,True,True,True,True,0,0.0,
4878,Rev5,5,W169,AE-3200,CH-B,MID-05,Mid,0.52,270.0,73.8,68.16,62.6,434.3,True,True,True,True,0,0.0,
4879,Rev5,5,W169,AE-3200,CH-B,MID-06,Mid,0.52,330.0,73.72,69.91,63.79,458.7,True,True,True,False,0,0.0,
4880,Rev5,5,W169,AE-3200,CH-B,EDG-01,Edge,0.84,0.0,72.56,68.37,67.45,490.0,True,True,True,False,0,0.0,
4881,Rev5,5,W169,AE-3200,CH-B,EDG-02,Edge,0.84,32.7,74.44,68.69,71.88,501.2,True,True,False,False,0,0.0,
4882,Rev5,5,W169,AE-3200,CH-B,EDG-03,Edge,0.84,65.5,77.01,71.16,64.91,487.2,False,True,True,False,0,0.0,
4883,Rev5,5,W169,AE-3200,CH-B,EDG-04,Edge,0.84,98.2,74.24,74.88,69.46,430.4,True,False,True,True,0,0.0,
4884,Rev5,5,W169,AE-3200,CH-B,EDG-05,Edge,0.84,130.9,76.07,69.57,63.23,471.7,False,True,True,False,1,6.35,polymer_residue
4885,Rev5,5,W169,AE-3200,CH-B,EDG-06,Edge,0.84,163.6,75.28,74.45,67.08,506.7,False,False,True,False,0,0.0,
4886,Rev5,5,W169,AE-3200,CH-B,EDG-07,Edge,0.84,196.4,76.38,71.83,63.65,509.5,False,True,True,False,1,2.37,
4887,Rev5,5,W169,AE-3200,CH-B,EDG-08,Edge,0.84,229.1,75.06,71.39,65.99,457.1,True,True,True,False,0,0.0,
4888,Rev5,5,W169,AE-3200,CH-B,EDG-09,Edge,0.84,261.8,73.72,71.66,66.11,492.2,True,True,True,False,1,6.27,polymer_residue
4889,Rev5,5,W169,AE-3200,CH-B,EDG-10,Edge,0.84,294.5,74.18,72.06,64.55,459.6,True,True,True,False,0,0.0,
4890,Rev5,5,W169,AE-3200,CH-B,EDG-11,Edge,0.84,327.3,77.25,71.67,69.06,491.9,False,True,True,False,0,0.0,
4891,Rev5,5,W169,AE-3200,CH-B,EXT-01,Extreme Edge,0.96,16.4,72.5,70.91,64.4,472.3,True,True,True,False,0,0.0,
4892,Rev5,5,W169,AE-3200,CH-B,EXT-02,Extreme Edge,0.96,49.1,74.54,72.87,62.77,501.0,True,False,True,False,1,5.42,
4893,Rev5,5,W169,AE-3200,CH-B,EXT-03,Extreme Edge,0.96,81.8,75.32,69.87,70.11,505.7,False,True,True,False,0,0.0,
4894,Rev5,5,W169,AE-3200,CH-B,EXT-04,Extreme Edge,0.96,114.5,76.37,69.93,61.83,470.7,False,True,True,False,1,4.13,arc_event
4895,Rev5,5,W169,AE-3200,CH-B,EXT-05,Extreme Edge,0.96,147.3,76.64,72.43,65.26,480.9,False,True,True,False,3,6.96,polymer_residue
4896,Rev5,5,W169,AE-3200,CH-B,EXT-06,Extreme Edge,0.96,180.0,75.49,72.75,70.83,457.9,False,True,False,False,0,0.0,
4897,Rev5,5,W169,AE-3200,CH-B,EXT-07,Extreme Edge,0.96,212.7,73.71,74.95,62.67,501.2,True,False,True,False,1,3.6,
4898,Rev5,5,W169,AE-3200,CH-B,EXT-08,Extreme Edge,0.96,245.5,76.99,71.43,67.02,473.9,False,True,True,False,1,4.18,
4899,Rev5,5,W169,AE-3200,CH-B,EXT-09,Extreme Edge,0.96,278.2,75.88,70.38,67.12,471.4,False,True,True,False,0,0.0,
4900,Rev5,5,W169,AE-3200,CH-B,EXT-10,Extreme Edge,0.96,310.9,74.42,72.07,65.83,516.7,True,True,True,False,2,11.95,
4901,Rev5,5,W169,AE-3200,CH-B,EXT-11,Extreme Edge,0.96,343.6,75.14,69.36,69.64,477.3,True,True,True,False,0,0.0,
4902,Rev6,6,W170,PX-7500,CH-C,C1,Center,0.0,0.0,69.67,71.92,56.15,416.7,True,True,False,True,0,0.0,
4903,Rev6,6,W170,PX-7500,CH-C,MID-01,Mid,0.52,30.0,71.48,73.2,64.35,428.2,True,False,True,True,1,5.64,
4904,Rev6,6,W170,PX-7500,CH-C,MID-02,Mid,0.52,90.0,72.42,69.48,60.96,435.0,True,True,True,True,0,0.0,
4905,Rev6,6,W170,PX-7500,CH-C,MID-03,Mid,0.52,150.0,71.21,71.77,60.94,440.0,True,True,True,True,0,0.0,
4906,Rev6,6,W170,PX-7500,CH-C,MID-04,Mid,0.52,210.0,72.14,72.19,57.37,432.6,True,True,False,True,0,0.0,
4907,Rev6,6,W170,PX-7500,CH-C,MID-05,Mid,0.52,270.0,71.77,69.78,60.65,448.8,True,True,True,True,0,0.0,
4908,Rev6,6,W170,PX-7500,CH-C,MID-06,Mid,0.52,330.0,72.0,71.73,63.85,465.2,True,True,True,False,0,0.0,
4909,Rev6,6,W170,PX-7500,CH-C,EDG-01,Edge,0.84,0.0,72.43,71.75,63.74,467.4,True,True,True,False,0,0.0,
4910,Rev6,6,W170,PX-7500,CH-C,EDG-02,Edge,0.84,32.7,73.1,73.28,63.78,448.5,True,False,True,True,1,4.49,pressure_spike
4911,Rev6,6,W170,PX-7500,CH-C,EDG-03,Edge,0.84,65.5,73.87,72.36,62.51,436.7,True,True,True,True,1,3.65,arc_event
4912,Rev6,6,W170,PX-7500,CH-C,EDG-04,Edge,0.84,98.2,74.45,71.65,61.39,430.4,True,True,True,True,0,0.0,
4913,Rev6,6,W170,PX-7500,CH-C,EDG-05,Edge,0.84,130.9,73.13,72.55,63.54,449.9,True,True,True,True,1,2.26,
4914,Rev6,6,W170,PX-7500,CH-C,EDG-06,Edge,0.84,163.6,73.92,71.71,60.95,493.2,True,True,True,False,0,0.0,
4915,Rev6,6,W170,PX-7500,CH-C,EDG-07,Edge,0.84,196.4,74.24,72.22,65.5,441.2,True,True,True,True,0,0.0,
4916,Rev6,6,W170,PX-7500,CH-C,EDG-08,Edge,0.84,229.1,72.62,74.26,62.86,472.1,True,False,True,False,1,2.04,
4917,Rev6,6,W170,PX-7500,CH-C,EDG-09,Edge,0.84,261.8,74.43,71.35,68.13,431.5,True,True,True,True,0,0.0,
4918,Rev6,6,W170,PX-7500,CH-C,EDG-10,Edge,0.84,294.5,72.26,70.66,58.89,457.1,True,True,False,False,1,3.71,polymer_residue
4919,Rev6,6,W170,PX-7500,CH-C,EDG-11,Edge,0.84,327.3,75.11,72.38,64.01,448.8,True,True,True,True,0,0.0,
4920,Rev6,6,W170,PX-7500,CH-C,EXT-01,Extreme Edge,0.96,16.4,72.61,71.96,66.44,459.1,True,True,True,False,0,0.0,
4921,Rev6,6,W170,PX-7500,CH-C,EXT-02,Extreme Edge,0.96,49.1,74.78,71.0,60.41,473.7,True,True,True,False,0,0.0,
4922,Rev6,6,W170,PX-7500,CH-C,EXT-03,Extreme Edge,0.96,81.8,73.77,72.5,67.39,457.9,True,True,True,False,0,0.0,
4923,Rev6,6,W170,PX-7500,CH-C,EXT-04,Extreme Edge,0.96,114.5,74.3,73.86,63.54,490.8,True,False,True,False,0,0.0,
4924,Rev6,6,W170,PX-7500,CH-C,EXT-05,Extreme Edge,0.96,147.3,76.03,72.28,63.32,458.3,False,True,True,False,0,0.0,
4925,Rev6,6,W170,PX-7500,CH-C,EXT-06,Extreme Edge,0.96,180.0,74.49,71.41,63.77,439.2,True,True,True,True,1,2.49,polymer_residue
4926,Rev6,6,W170,PX-7500,CH-C,EXT-07,Extreme Edge,0.96,212.7,72.62,69.66,62.36,492.2,True,True,True,False,2,5.71,esc_temp_drift
4927,Rev6,6,W170,PX-7500,CH-C,EXT-08,Extreme Edge,0.96,245.5,75.6,77.42,60.85,486.5,False,False,True,False,0,0.0,
4928,Rev6,6,W170,PX-7500,CH-C,EXT-09,Extreme Edge,0.96,278.2,74.57,72.81,63.73,452.4,True,False,True,False,3,6.4,
4929,Rev6,6,W170,PX-7500,CH-C,EXT-10,Extreme Edge,0.96,310.9,73.8,77.78,64.77,450.3,True,False,True,True,1,2.34,endpoint_late
4930,Rev6,6,W170,PX-7500,CH-C,EXT-11,Extreme Edge,0.96,343.6,74.25,71.71,64.93,475.2,True,True,True,False,0,0.0,
4931,Rev9,9,W171,AE-3200,CH-B,C1,Center,0.0,0.0,73.31,69.45,65.68,421.3,True,True,True,True,1,5.46,polymer_residue
4932,Rev9,9,W171,AE-3200,CH-B,MID-01,Mid,0.52,30.0,75.98,70.75,67.24,398.6,False,True,True,True,1,2.06,polymer_residue
4933,Rev9,9,W171,AE-3200,CH-B,MID-02,Mid,0.52,90.0,73.9,69.76,66.61,448.1,True,True,True,True,0,0.0,
4934,Rev9,9,W171,AE-3200,CH-B,MID-03,Mid,0.52,150.0,73.32,72.62,72.64,430.7,True,True,False,True,0,0.0,
4935,Rev9,9,W171,AE-3200,CH-B,MID-04,Mid,0.52,210.0,69.59,69.89,62.53,424.0,True,True,True,True,0,0.0,
4936,Rev9,9,W171,AE-3200,CH-B,MID-05,Mid,0.52,270.0,74.06,69.32,67.94,402.0,True,True,True,True,0,0.0,
4937,Rev9,9,W171,AE-3200,CH-B,MID-06,Mid,0.52,330.0,73.77,73.83,62.67,394.4,True,False,True,True,0,0.0,
4938,Rev9,9,W171,AE-3200,CH-B,EDG-01,Edge,0.84,0.0,74.6,69.05,73.16,403.3,True,True,False,True,1,2.25,polymer_residue
4939,Rev9,9,W171,AE-3200,CH-B,EDG-02,Edge,0.84,32.7,74.44,70.12,65.38,361.1,True,True,True,False,1,3.64,esc_temp_drift
4940,Rev9,9,W171,AE-3200,CH-B,EDG-03,Edge,0.84,65.5,75.88,72.88,65.13,430.7,False,False,True,True,1,2.36,arc_event
4941,Rev9,9,W171,AE-3200,CH-B,EDG-04,Edge,0.84,98.2,73.83,73.87,68.17,419.1,True,False,True,True,1,3.55,
4942,Rev9,9,W171,AE-3200,CH-B,EDG-05,Edge,0.84,130.9,73.83,69.92,70.29,404.7,True,True,True,True,0,0.0,
4943,Rev9,9,W171,AE-3200,CH-B,EDG-06,Edge,0.84,163.6,74.69,69.51,64.85,376.3,True,True,True,True,0,0.0,
4944,Rev9,9,W171,AE-3200,CH-B,EDG-07,Edge,0.84,196.4,75.93,70.78,62.54,390.8,False,True,True,True,0,0.0,
4945,Rev9,9,W171,AE-3200,CH-B,EDG-08,Edge,0.84,229.1,75.42,70.15,68.05,443.2,False,True,True,True,3,15.1,
4946,Rev9,9,W171,AE-3200,CH-B,EDG-09,Edge,0.84,261.8,74.46,71.42,71.31,470.6,True,True,False,False,1,3.7,pressure_spike
4947,Rev9,9,W171,AE-3200,CH-B,EDG-10,Edge,0.84,294.5,74.02,66.37,65.99,394.6,True,True,True,True,0,0.0,
4948,Rev9,9,W171,AE-3200,CH-B,EDG-11,Edge,0.84,327.3,74.09,71.34,68.21,379.0,True,True,True,True,2,7.2,polymer_residue
4949,Rev9,9,W171,AE-3200,CH-B,EXT-01,Extreme Edge,0.96,16.4,75.03,70.8,69.07,395.1,True,True,True,True,2,5.57,
4950,Rev9,9,W171,AE-3200,CH-B,EXT-02,Extreme Edge,0.96,49.1,76.25,72.3,68.56,401.0,False,True,True,True,0,0.0,
4951,Rev9,9,W171,AE-3200,CH-B,EXT-03,Extreme Edge,0.96,81.8,74.58,73.76,65.46,411.1,True,False,True,True,1,5.06,pressure_spike
4952,Rev9,9,W171,AE-3200,CH-B,EXT-04,Extreme Edge,0.96,114.5,71.98,66.79,68.55,405.2,True,True,True,True,1,4.02,polymer_residue
4953,Rev9,9,W171,AE-3200,CH-B,EXT-05,Extreme Edge,0.96,147.3,75.96,69.95,64.71,398.2,False,True,True,True,0,0.0,
4954,Rev9,9,W171,AE-3200,CH-B,EXT-06,Extreme Edge,0.96,180.0,76.66,73.05,64.99,430.8,False,False,True,True,0,0.0,
4955,Rev9,9,W171,AE-3200,CH-B,EXT-07,Extreme Edge,0.96,212.7,74.2,71.43,75.24,412.2,True,True,False,True,0,0.0,
4956,Rev9,9,W171,AE-3200,CH-B,EXT-08,Extreme Edge,0.96,245.5,74.9,70.3,69.5,410.7,True,True,True,True,1,5.05,polymer_residue
4957,Rev9,9,W171,AE-3200,CH-B,EXT-09,Extreme Edge,0.96,278.2,75.54,68.9,68.43,419.9,False,True,True,True,2,11.56,polymer_residue
4958,Rev9,9,W171,AE-3200,CH-B,EXT-10,Extreme Edge,0.96,310.9,71.07,71.94,71.55,415.4,True,True,False,True,0,0.0,
4959,Rev9,9,W171,AE-3200,CH-B,EXT-11,Extreme Edge,0.96,343.6,73.34,69.48,68.56,413.4,True,True,True,True,1,3.38,
4960,Rev8,8,W172,AE-3200,CH-A,C1,Center,0.0,0.0,71.59,70.64,60.62,356.1,True,True,True,False,0,0.0,
4961,Rev8,8,W172,AE-3200,CH-A,MID-01,Mid,0.52,30.0,72.87,73.62,62.52,379.3,True,False,True,True,0,0.0,
4962,Rev8,8,W172,AE-3200,CH-A,MID-02,Mid,0.52,90.0,74.91,73.5,66.23,408.3,True,False,True,True,0,0.0,
4963,Rev8,8,W172,AE-3200,CH-A,MID-03,Mid,0.52,150.0,73.13,69.82,64.02,398.4,True,True,True,True,0,0.0,
4964,Rev8,8,W172,AE-3200,CH-A,MID-04,Mid,0.52,210.0,71.81,70.9,66.62,430.8,True,True,True,True,1,6.49,pressure_spike
4965,Rev8,8,W172,AE-3200,CH-A,MID-05,Mid,0.52,270.0,74.73,70.67,63.22,332.8,True,True,True,False,1,4.68,
4966,Rev8,8,W172,AE-3200,CH-A,MID-06,Mid,0.52,330.0,74.45,73.6,63.7,389.4,True,False,True,True,0,0.0,
4967,Rev8,8,W172,AE-3200,CH-A,EDG-01,Edge,0.84,0.0,75.0,72.97,67.74,430.1,True,False,True,True,1,5.29,polymer_residue
4968,Rev8,8,W172,AE-3200,CH-A,EDG-02,Edge,0.84,32.7,77.13,73.65,68.67,447.0,False,False,True,True,0,0.0,
4969,Rev8,8,W172,AE-3200,CH-A,EDG-03,Edge,0.84,65.5,73.59,73.34,63.92,381.2,True,False,True,True,0,0.0,
4970,Rev8,8,W172,AE-3200,CH-A,EDG-04,Edge,0.84,98.2,75.69,72.71,66.72,389.7,False,True,True,True,0,0.0,
4971,Rev8,8,W172,AE-3200,CH-A,EDG-05,Edge,0.84,130.9,75.97,72.09,68.67,385.0,False,True,True,True,0,0.0,
4972,Rev8,8,W172,AE-3200,CH-A,EDG-06,Edge,0.84,163.6,75.33,74.52,68.03,389.8,False,False,True,True,1,1.91,
4973,Rev8,8,W172,AE-3200,CH-A,EDG-07,Edge,0.84,196.4,75.09,73.19,62.53,411.4,True,False,True,True,0,0.0,
4974,Rev8,8,W172,AE-3200,CH-A,EDG-08,Edge,0.84,229.1,73.9,71.87,66.82,402.5,True,True,True,True,0,0.0,
4975,Rev8,8,W172,AE-3200,CH-A,EDG-09,Edge,0.84,261.8,74.51,75.1,64.46,393.5,True,False,True,True,1,1.96,
4976,Rev8,8,W172,AE-3200,CH-A,EDG-10,Edge,0.84,294.5,74.55,73.72,67.58,430.5,True,False,True,True,2,12.31,esc_temp_drift
4977,Rev8,8,W172,AE-3200,CH-A,EDG-11,Edge,0.84,327.3,74.8,73.19,69.89,386.9,True,False,True,True,0,0.0,
4978,Rev8,8,W172,AE-3200,CH-A,EXT-01,Extreme Edge,0.96,16.4,74.49,73.13,68.81,395.4,True,False,True,True,1,1.81,polymer_residue
4979,Rev8,8,W172,AE-3200,CH-A,EXT-02,Extreme Edge,0.96,49.1,75.84,74.69,63.11,412.9,False,False,True,True,2,5.79,esc_temp_drift
4980,Rev8,8,W172,AE-3200,CH-A,EXT-03,Extreme Edge,0.96,81.8,76.79,74.32,63.85,427.2,False,False,True,True,1,3.29,polymer_residue
4981,Rev8,8,W172,AE-3200,CH-A,EXT-04,Extreme Edge,0.96,114.5,74.03,71.87,65.52,437.0,True,True,True,True,0,0.0,
4982,Rev8,8,W172,AE-3200,CH-A,EXT-05,Extreme Edge,0.96,147.3,76.07,73.45,67.53,418.9,False,False,True,True,3,6.54,polymer_residue
4983,Rev8,8,W172,AE-3200,CH-A,EXT-06,Extreme Edge,0.96,180.0,75.06,74.21,68.64,390.4,True,False,True,True,2,12.64,pressure_spike
4984,Rev8,8,W172,AE-3200,CH-A,EXT-07,Extreme Edge,0.96,212.7,77.48,70.8,71.8,375.9,False,True,False,False,2,11.33,
4985,Rev8,8,W172,AE-3200,CH-A,EXT-08,Extreme Edge,0.96,245.5,75.95,73.61,62.87,418.0,False,False,True,True,1,4.72,
4986,Rev8,8,W172,AE-3200,CH-A,EXT-09,Extreme Edge,0.96,278.2,75.25,71.27,64.97,399.4,False,True,True,True,3,7.32,
4987,Rev8,8,W172,AE-3200,CH-A,EXT-10,Extreme Edge,0.96,310.9,76.62,72.2,67.95,452.6,False,True,True,False,2,4.1,arc_event
4988,Rev8,8,W172,AE-3200,CH-A,EXT-11,Extreme Edge,0.96,343.6,76.58,72.47,72.72,412.9,False,True,False,True,1,1.91,
4989,Rev5,5,W173,AE-3200,CH-B,C1,Center,0.0,0.0,70.9,71.54,67.07,398.9,True,True,True,True,0,0.0,
4990,Rev5,5,W173,AE-3200,CH-B,MID-01,Mid,0.52,30.0,69.33,70.63,62.14,405.2,True,True,True,True,0,0.0,
4991,Rev5,5,W173,AE-3200,CH-B,MID-02,Mid,0.52,90.0,71.54,68.78,65.54,430.4,True,True,True,True,0,0.0,
4992,Rev5,5,W173,AE-3200,CH-B,MID-03,Mid,0.52,150.0,70.8,72.81,67.01,429.6,True,False,True,True,0,0.0,
4993,Rev5,5,W173,AE-3200,CH-B,MID-04,Mid,0.52,210.0,72.89,72.88,66.34,395.6,True,False,True,True,0,0.0,
4994,Rev5,5,W173,AE-3200,CH-B,MID-05,Mid,0.52,270.0,69.88,69.79,65.88,415.7,True,True,True,True,0,0.0,
4995,Rev5,5,W173,AE-3200,CH-B,MID-06,Mid,0.52,330.0,71.05,72.01,72.16,443.5,True,True,False,True,0,0.0,
4996,Rev5,5,W173,AE-3200,CH-B,EDG-01,Edge,0.84,0.0,71.82,70.75,67.87,413.1,True,True,True,True,0,0.0,
4997,Rev5,5,W173,AE-3200,CH-B,EDG-02,Edge,0.84,32.7,72.67,72.96,69.81,428.8,True,False,True,True,1,4.82,
4998,Rev5,5,W173,AE-3200,CH-B,EDG-03,Edge,0.84,65.5,72.09,71.44,71.12,417.0,True,True,False,True,1,3.3,arc_event
4999,Rev5,5,W173,AE-3200,CH-B,EDG-04,Edge,0.84,98.2,73.32,71.61,68.41,441.0,True,True,True,True,0,0.0,
5000,Rev5,5,W173,AE-3200,CH-B,EDG-05,Edge,0.84,130.9,75.16,71.48,67.39,438.5,True,True,True,True,0,0.0,
5001,Rev5,5,W173,AE-3200,CH-B,EDG-06,Edge,0.84,163.6,76.36,70.54,71.41,424.7,False,True,False,True,1,4.45,arc_event
5002,Rev5,5,W173,AE-3200,CH-B,EDG-07,Edge,0.84,196.4,71.99,69.66,65.74,447.0,True,True,True,True,1,5.15,
5003,Rev5,5,W173,AE-3200,CH-B,EDG-08,Edge,0.84,229.1,70.71,71.56,66.75,460.7,True,True,True,False,0,0.0,
5004,Rev5,5,W173,AE-3200,CH-B,EDG-09,Edge,0.84,261.8,73.59,70.68,67.75,464.7,True,True,True,False,0,0.0,
5005,Rev5,5,W173,AE-3200,CH-B,EDG-10,Edge,0.84,294.5,70.95,68.53,67.97,466.0,True,True,True,False,1,3.39,endpoint_late
5006,Rev5,5,W173,AE-3200,CH-B,EDG-11,Edge,0.84,327.3,73.59,70.28,67.57,422.6,True,True,True,True,0,0.0,
5007,Rev5,5,W173,AE-3200,CH-B,EXT-01,Extreme Edge,0.96,16.4,74.47,69.57,64.33,457.8,True,True,True,False,0,0.0,
5008,Rev5,5,W173,AE-3200,CH-B,EXT-02,Extreme Edge,0.96,49.1,72.98,71.44,74.14,475.6,True,True,False,False,1,3.79,
5009,Rev5,5,W173,AE-3200,CH-B,EXT-03,Extreme Edge,0.96,81.8,72.1,70.94,68.66,463.0,True,True,True,False,0,0.0,
5010,Rev5,5,W173,AE-3200,CH-B,EXT-04,Extreme Edge,0.96,114.5,74.33,72.83,68.94,426.6,True,False,True,True,3,19.25,endpoint_late
5011,Rev5,5,W173,AE-3200,CH-B,EXT-05,Extreme Edge,0.96,147.3,73.75,72.95,68.88,421.6,True,False,True,True,1,2.18,pressure_spike
5012,Rev5,5,W173,AE-3200,CH-B,EXT-06,Extreme Edge,0.96,180.0,74.2,71.36,66.22,401.5,True,True,True,True,1,4.55,polymer_residue
5013,Rev5,5,W173,AE-3200,CH-B,EXT-07,Extreme Edge,0.96,212.7,75.88,70.44,65.44,440.9,False,True,True,True,0,0.0,
5014,Rev5,5,W173,AE-3200,CH-B,EXT-08,Extreme Edge,0.96,245.5,74.76,70.73,72.03,463.5,True,True,False,False,2,10.88,
5015,Rev5,5,W173,AE-3200,CH-B,EXT-09,Extreme Edge,0.96,278.2,74.06,71.21,72.93,447.0,True,True,False,True,1,5.09,
5016,Rev5,5,W173,AE-3200,CH-B,EXT-10,Extreme Edge,0.96,310.9,72.94,70.98,73.48,449.8,True,True,False,True,1,4.12,polymer_residue
5017,Rev5,5,W173,AE-3200,CH-B,EXT-11,Extreme Edge,0.96,343.6,75.33,70.47,74.88,415.1,False,True,False,True,1,5.64,
5018,Rev1,1,W174,AE-3200,CH-B,C1,Center,0.0,0.0,71.29,72.07,61.88,451.4,True,True,True,True,0,0.0,
5019,Rev1,1,W174,AE-3200,CH-B,MID-01,Mid,0.52,30.0,72.67,74.23,60.06,385.4,True,False,True,True,0,0.0,
5020,Rev1,1,W174,AE-3200,CH-B,MID-02,Mid,0.52,90.0,70.91,70.42,65.54,413.2,True,True,True,True,1,3.85,
5021,Rev1,1,W174,AE-3200,CH-B,MID-03,Mid,0.52,150.0,73.69,71.13,61.3,422.0,True,True,True,True,1,5.83,arc_event
5022,Rev1,1,W174,AE-3200,CH-B,MID-04,Mid,0.52,210.0,71.59,70.87,63.42,355.6,True,True,True,False,0,0.0,
5023,Rev1,1,W174,AE-3200,CH-B,MID-05,Mid,0.52,270.0,73.27,71.9,62.2,399.9,True,True,True,True,0,0.0,
5024,Rev1,1,W174,AE-3200,CH-B,MID-06,Mid,0.52,330.0,73.55,67.51,65.66,393.5,True,True,True,True,1,1.84,polymer_residue
5025,Rev1,1,W174,AE-3200,CH-B,EDG-01,Edge,0.84,0.0,76.22,69.93,63.67,388.8,False,True,True,True,0,0.0,
5026,Rev1,1,W174,AE-3200,CH-B,EDG-02,Edge,0.84,32.7,72.74,72.83,64.31,450.1,True,False,True,True,0,0.0,
5027,Rev1,1,W174,AE-3200,CH-B,EDG-03,Edge,0.84,65.5,74.3,72.22,69.36,425.7,True,True,True,True,1,2.31,polymer_residue
5028,Rev1,1,W174,AE-3200,CH-B,EDG-04,Edge,0.84,98.2,72.18,70.09,65.87,425.0,True,True,True,True,0,0.0,
5029,Rev1,1,W174,AE-3200,CH-B,EDG-05,Edge,0.84,130.9,73.95,72.33,69.4,417.4,True,True,True,True,1,2.79,
5030,Rev1,1,W174,AE-3200,CH-B,EDG-06,Edge,0.84,163.6,74.48,73.29,64.54,404.6,True,False,True,True,0,0.0,
5031,Rev1,1,W174,AE-3200,CH-B,EDG-07,Edge,0.84,196.4,72.53,74.05,66.22,382.8,True,False,True,True,2,4.56,polymer_residue
5032,Rev1,1,W174,AE-3200,CH-B,EDG-08,Edge,0.84,229.1,71.12,69.34,68.26,382.7,True,True,True,True,1,4.79,pressure_spike
5033,Rev1,1,W174,AE-3200,CH-B,EDG-09,Edge,0.84,261.8,74.38,74.62,60.66,385.3,True,False,True,True,0,0.0,
5034,Rev1,1,W174,AE-3200,CH-B,EDG-10,Edge,0.84,294.5,75.78,74.22,69.44,437.8,False,False,True,True,1,3.95,
5035,Rev1,1,W174,AE-3200,CH-B,EDG-11,Edge,0.84,327.3,71.97,72.98,66.17,421.4,True,False,True,True,0,0.0,
5036,Rev1,1,W174,AE-3200,CH-B,EXT-01,Extreme Edge,0.96,16.4,74.29,72.28,70.41,422.7,True,True,True,True,1,3.84,
5037,Rev1,1,W174,AE-3200,CH-B,EXT-02,Extreme Edge,0.96,49.1,72.84,74.73,61.42,419.3,True,False,True,True,0,0.0,
5038,Rev1,1,W174,AE-3200,CH-B,EXT-03,Extreme Edge,0.96,81.8,73.51,70.03,62.2,427.3,True,True,True,True,1,3.87,polymer_residue
5039,Rev1,1,W174,AE-3200,CH-B,EXT-04,Extreme Edge,0.96,114.5,71.85,71.67,61.59,391.7,True,True,True,True,0,0.0,
5040,Rev1,1,W174,AE-3200,CH-B,EXT-05,Extreme Edge,0.96,147.3,74.21,73.12,62.46,437.9,True,False,True,True,1,3.58,polymer_residue
5041,Rev1,1,W174,AE-3200,CH-B,EXT-06,Extreme Edge,0.96,180.0,73.77,75.32,63.24,402.1,True,False,True,True,0,0.0,
5042,Rev1,1,W174,AE-3200,CH-B,EXT-07,Extreme Edge,0.96,212.7,73.64,71.51,68.35,365.0,True,True,True,False,0,0.0,
5043,Rev1,1,W174,AE-3200,CH-B,EXT-08,Extreme Edge,0.96,245.5,74.91,72.29,64.44,390.6,True,True,True,True,2,4.55,esc_temp_drift
5044,Rev1,1,W174,AE-3200,CH-B,EXT-09,Extreme Edge,0.96,278.2,72.64,73.67,63.8,401.0,True,False,True,True,2,9.0,polymer_residue
5045,Rev1,1,W174,AE-3200,CH-B,EXT-10,Extreme Edge,0.96,310.9,75.37,71.92,63.53,409.6,False,True,True,True,0,0.0,
5046,Rev1,1,W174,AE-3200,CH-B,EXT-11,Extreme Edge,0.96,343.6,72.97,75.88,67.57,417.6,True,False,True,True,0,0.0,
5047,Rev8,8,W175,AE-3200,CH-A,C1,Center,0.0,0.0,73.37,69.22,70.34,396.0,True,True,True,True,0,0.0,
5048,Rev8,8,W175,AE-3200,CH-A,MID-01,Mid,0.52,30.0,75.12,70.79,61.22,410.8,True,True,True,True,0,0.0,
5049,Rev8,8,W175,AE-3200,CH-A,MID-02,Mid,0.52,90.0,72.99,69.36,62.78,394.3,True,True,True,True,0,0.0,
5050,Rev8,8,W175,AE-3200,CH-A,MID-03,Mid,0.52,150.0,74.4,71.19,70.94,406.3,True,True,False,True,0,0.0,
5051,Rev8,8,W175,AE-3200,CH-A,MID-04,Mid,0.52,210.0,73.5,69.96,69.8,386.9,True,True,True,True,0,0.0,
5052,Rev8,8,W175,AE-3200,CH-A,MID-05,Mid,0.52,270.0,73.93,74.61,70.14,393.9,True,False,True,True,0,0.0,
5053,Rev8,8,W175,AE-3200,CH-A,MID-06,Mid,0.52,330.0,75.47,69.62,64.47,420.4,False,True,True,True,0,0.0,
5054,Rev8,8,W175,AE-3200,CH-A,EDG-01,Edge,0.84,0.0,76.37,70.83,66.55,415.5,False,True,True,True,0,0.0,
5055,Rev8,8,W175,AE-3200,CH-A,EDG-02,Edge,0.84,32.7,74.86,72.12,67.68,409.3,True,True,True,True,0,0.0,
5056,Rev8,8,W175,AE-3200,CH-A,EDG-03,Edge,0.84,65.5,76.77,70.62,69.09,419.2,False,True,True,True,0,0.0,
5057,Rev8,8,W175,AE-3200,CH-A,EDG-04,Edge,0.84,98.2,74.71,72.93,69.21,418.3,True,False,True,True,0,0.0,
5058,Rev8,8,W175,AE-3200,CH-A,EDG-05,Edge,0.84,130.9,77.45,73.69,66.82,448.0,False,False,True,True,0,0.0,
5059,Rev8,8,W175,AE-3200,CH-A,EDG-06,Edge,0.84,163.6,77.15,73.17,70.33,421.3,False,False,True,True,4,25.01,arc_event
5060,Rev8,8,W175,AE-3200,CH-A,EDG-07,Edge,0.84,196.4,76.33,72.59,66.78,423.9,False,True,True,True,0,0.0,
5061,Rev8,8,W175,AE-3200,CH-A,EDG-08,Edge,0.84,229.1,75.59,71.93,65.73,399.9,False,True,True,True,2,7.7,polymer_residue
5062,Rev8,8,W175,AE-3200,CH-A,EDG-09,Edge,0.84,261.8,76.34,70.84,69.27,432.8,False,True,True,True,1,5.8,pressure_spike
5063,Rev8,8,W175,AE-3200,CH-A,EDG-10,Edge,0.84,294.5,74.92,71.58,70.3,419.9,True,True,True,True,0,0.0,
5064,Rev8,8,W175,AE-3200,CH-A,EDG-11,Edge,0.84,327.3,76.66,69.34,68.77,420.8,False,True,True,True,1,5.88,polymer_residue
5065,Rev8,8,W175,AE-3200,CH-A,EXT-01,Extreme Edge,0.96,16.4,76.99,74.89,67.54,423.8,False,False,True,True,0,0.0,
5066,Rev8,8,W175,AE-3200,CH-A,EXT-02,Extreme Edge,0.96,49.1,76.84,70.68,65.84,379.1,False,True,True,True,2,11.63,
5067,Rev8,8,W175,AE-3200,CH-A,EXT-03,Extreme Edge,0.96,81.8,76.12,70.44,64.66,435.1,False,True,True,True,0,0.0,
5068,Rev8,8,W175,AE-3200,CH-A,EXT-04,Extreme Edge,0.96,114.5,76.5,72.98,68.51,417.5,False,False,True,True,2,8.41,
5069,Rev8,8,W175,AE-3200,CH-A,EXT-05,Extreme Edge,0.96,147.3,77.31,71.23,68.56,422.9,False,True,True,True,0,0.0,
5070,Rev8,8,W175,AE-3200,CH-A,EXT-06,Extreme Edge,0.96,180.0,78.06,74.9,65.79,414.7,False,False,True,True,0,0.0,
5071,Rev8,8,W175,AE-3200,CH-A,EXT-07,Extreme Edge,0.96,212.7,75.53,71.72,63.15,420.7,False,True,True,True,4,7.46,polymer_residue
5072,Rev8,8,W175,AE-3200,CH-A,EXT-08,Extreme Edge,0.96,245.5,76.18,69.39,70.7,435.8,False,True,False,True,2,11.32,
5073,Rev8,8,W175,AE-3200,CH-A,EXT-09,Extreme Edge,0.96,278.2,77.88,73.73,68.33,441.0,False,False,True,True,1,6.42,polymer_residue
5074,Rev8,8,W175,AE-3200,CH-A,EXT-10,Extreme Edge,0.96,310.9,78.14,72.01,68.21,395.7,False,True,True,True,3,10.85,
5075,Rev8,8,W175,AE-3200,CH-A,EXT-11,Extreme Edge,0.96,343.6,76.38,72.96,68.54,425.2,False,False,True,True,0,0.0,
5076,Rev5,5,W176,AE-3200,CH-B,C1,Center,0.0,0.0,70.49,68.18,69.53,445.9,True,True,True,True,0,0.0,
5077,Rev5,5,W176,AE-3200,CH-B,MID-01,Mid,0.52,30.0,70.44,71.34,68.21,404.7,True,True,True,True,0,0.0,
5078,Rev5,5,W176,AE-3200,CH-B,MID-02,Mid,0.52,90.0,73.16,69.6,68.89,419.9,True,True,True,True,0,0.0,
5079,Rev5,5,W176,AE-3200,CH-B,MID-03,Mid,0.52,150.0,72.19,72.73,66.27,392.3,True,True,True,True,0,0.0,
5080,Rev5,5,W176,AE-3200,CH-B,MID-04,Mid,0.52,210.0,70.76,70.76,69.19,428.1,True,True,True,True,0,0.0,
5081,Rev5,5,W176,AE-3200,CH-B,MID-05,Mid,0.52,270.0,69.85,68.5,71.95,406.8,True,True,False,True,0,0.0,
5082,Rev5,5,W176,AE-3200,CH-B,MID-06,Mid,0.52,330.0,73.34,70.44,72.78,400.5,True,True,False,True,0,0.0,
5083,Rev5,5,W176,AE-3200,CH-B,EDG-01,Edge,0.84,0.0,70.4,73.91,67.93,421.4,True,False,True,True,1,2.11,arc_event
5084,Rev5,5,W176,AE-3200,CH-B,EDG-02,Edge,0.84,32.7,74.51,72.74,66.14,415.8,True,True,True,True,3,11.72,
5085,Rev5,5,W176,AE-3200,CH-B,EDG-03,Edge,0.84,65.5,73.36,71.18,73.94,406.5,True,True,False,True,0,0.0,
5086,Rev5,5,W176,AE-3200,CH-B,EDG-04,Edge,0.84,98.2,74.91,72.08,72.34,460.9,True,True,False,False,0,0.0,
5087,Rev5,5,W176,AE-3200,CH-B,EDG-05,Edge,0.84,130.9,73.46,72.93,70.73,448.5,True,False,False,True,0,0.0,
5088,Rev5,5,W176,AE-3200,CH-B,EDG-06,Edge,0.84,163.6,73.68,74.54,72.75,426.3,True,False,False,True,0,0.0,
5089,Rev5,5,W176,AE-3200,CH-B,EDG-07,Edge,0.84,196.4,70.56,71.69,65.32,433.2,True,True,True,True,0,0.0,
5090,Rev5,5,W176,AE-3200,CH-B,EDG-08,Edge,0.84,229.1,74.1,74.76,69.05,450.4,True,False,True,True,0,0.0,
5091,Rev5,5,W176,AE-3200,CH-B,EDG-09,Edge,0.84,261.8,72.9,71.3,69.06,440.3,True,True,True,True,0,0.0,
5092,Rev5,5,W176,AE-3200,CH-B,EDG-10,Edge,0.84,294.5,74.43,70.85,71.02,417.3,True,True,False,True,0,0.0,
5093,Rev5,5,W176,AE-3200,CH-B,EDG-11,Edge,0.84,327.3,72.38,72.16,73.38,429.4,True,True,False,True,2,11.84,polymer_residue
5094,Rev5,5,W176,AE-3200,CH-B,EXT-01,Extreme Edge,0.96,16.4,74.1,72.06,68.23,409.6,True,True,True,True,1,2.05,polymer_residue
5095,Rev5,5,W176,AE-3200,CH-B,EXT-02,Extreme Edge,0.96,49.1,74.21,70.54,65.42,439.6,True,True,True,True,0,0.0,
5096,Rev5,5,W176,AE-3200,CH-B,EXT-03,Extreme Edge,0.96,81.8,71.28,73.32,71.67,443.0,True,False,False,True,0,0.0,
5097,Rev5,5,W176,AE-3200,CH-B,EXT-04,Extreme Edge,0.96,114.5,73.33,72.81,75.71,477.4,True,False,False,False,1,5.54,
5098,Rev5,5,W176,AE-3200,CH-B,EXT-05,Extreme Edge,0.96,147.3,73.03,74.27,63.55,421.2,True,False,True,True,0,0.0,
5099,Rev5,5,W176,AE-3200,CH-B,EXT-06,Extreme Edge,0.96,180.0,72.5,68.6,72.58,460.8,True,True,False,False,0,0.0,
5100,Rev5,5,W176,AE-3200,CH-B,EXT-07,Extreme Edge,0.96,212.7,74.64,71.85,74.84,428.5,True,True,False,True,0,0.0,
5101,Rev5,5,W176,AE-3200,CH-B,EXT-08,Extreme Edge,0.96,245.5,74.44,72.8,70.9,492.9,True,True,False,False,1,2.69,
5102,Rev5,5,W176,AE-3200,CH-B,EXT-09,Extreme Edge,0.96,278.2,74.16,71.66,71.65,432.7,True,True,False,True,1,4.06,
5103,Rev5,5,W176,AE-3200,CH-B,EXT-10,Extreme Edge,0.96,310.9,70.94,70.1,70.73,447.8,True,True,False,True,0,0.0,
5104,Rev5,5,W176,AE-3200,CH-B,EXT-11,Extreme Edge,0.96,343.6,74.5,71.34,69.51,448.8,True,True,True,True,1,2.86,pressure_spike
5105,Rev6,6,W177,PX-7500,CH-C,C1,Center,0.0,0.0,70.65,70.09,66.22,446.4,True,True,True,True,1,2.21,
5106,Rev6,6,W177,PX-7500,CH-C,MID-01,Mid,0.52,30.0,70.82,69.59,68.89,451.6,True,True,True,True,0,0.0,
5107,Rev6,6,W177,PX-7500,CH-C,MID-02,Mid,0.52,90.0,69.2,72.6,65.37,449.5,True,True,True,True,0,0.0,
5108,Rev6,6,W177,PX-7500,CH-C,MID-03,Mid,0.52,150.0,71.36,70.12,64.15,458.6,True,True,True,False,0,0.0,
5109,Rev6,6,W177,PX-7500,CH-C,MID-04,Mid,0.52,210.0,71.81,68.44,69.47,414.4,True,True,True,True,0,0.0,
5110,Rev6,6,W177,PX-7500,CH-C,MID-05,Mid,0.52,270.0,72.68,70.43,62.17,422.1,True,True,True,True,0,0.0,
5111,Rev6,6,W177,PX-7500,CH-C,MID-06,Mid,0.52,330.0,69.71,69.78,65.0,461.4,True,True,True,False,0,0.0,
5112,Rev6,6,W177,PX-7500,CH-C,EDG-01,Edge,0.84,0.0,71.14,68.28,65.09,478.4,True,True,True,False,0,0.0,
5113,Rev6,6,W177,PX-7500,CH-C,EDG-02,Edge,0.84,32.7,73.38,71.48,64.42,477.8,True,True,True,False,1,5.85,polymer_residue
5114,Rev6,6,W177,PX-7500,CH-C,EDG-03,Edge,0.84,65.5,72.08,71.73,69.01,415.3,True,True,True,True,0,0.0,
5115,Rev6,6,W177,PX-7500,CH-C,EDG-04,Edge,0.84,98.2,73.72,73.87,68.03,428.0,True,False,True,True,0,0.0,
5116,Rev6,6,W177,PX-7500,CH-C,EDG-05,Edge,0.84,130.9,74.15,72.94,69.75,458.2,True,False,True,False,2,4.75,esc_temp_drift
5117,Rev6,6,W177,PX-7500,CH-C,EDG-06,Edge,0.84,163.6,71.58,72.29,71.29,431.4,True,True,False,True,0,0.0,
5118,Rev6,6,W177,PX-7500,CH-C,EDG-07,Edge,0.84,196.4,70.89,71.14,55.28,489.8,True,True,False,False,1,4.82,
5119,Rev6,6,W177,PX-7500,CH-C,EDG-08,Edge,0.84,229.1,71.59,70.56,70.48,460.6,True,True,True,False,0,0.0,
5120,Rev6,6,W177,PX-7500,CH-C,EDG-09,Edge,0.84,261.8,72.07,69.89,64.55,432.7,True,True,True,True,1,4.22,
5121,Rev6,6,W177,PX-7500,CH-C,EDG-10,Edge,0.84,294.5,71.52,70.23,68.89,448.9,True,True,True,True,2,10.01,
5122,Rev6,6,W177,PX-7500,CH-C,EDG-11,Edge,0.84,327.3,70.04,71.87,72.54,424.2,True,True,False,True,2,6.84,
5123,Rev6,6,W177,PX-7500,CH-C,EXT-01,Extreme Edge,0.96,16.4,74.36,74.08,74.31,466.8,True,False,False,False,0,0.0,
5124,Rev6,6,W177,PX-7500,CH-C,EXT-02,Extreme Edge,0.96,49.1,73.19,69.54,65.97,418.6,True,True,True,True,0,0.0,
5125,Rev6,6,W177,PX-7500,CH-C,EXT-03,Extreme Edge,0.96,81.8,74.03,72.65,63.67,477.6,True,True,True,False,1,5.2,
5126,Rev6,6,W177,PX-7500,CH-C,EXT-04,Extreme Edge,0.96,114.5,73.24,71.87,64.63,459.4,True,True,True,False,1,2.27,
5127,Rev6,6,W177,PX-7500,CH-C,EXT-05,Extreme Edge,0.96,147.3,74.54,72.38,67.67,451.9,True,True,True,True,0,0.0,
5128,Rev6,6,W177,PX-7500,CH-C,EXT-06,Extreme Edge,0.96,180.0,75.82,71.77,70.75,440.8,False,True,False,True,1,4.95,
5129,Rev6,6,W177,PX-7500,CH-C,EXT-07,Extreme Edge,0.96,212.7,73.67,69.69,71.77,471.3,True,True,False,False,1,2.16,esc_temp_drift
5130,Rev6,6,W177,PX-7500,CH-C,EXT-08,Extreme Edge,0.96,245.5,72.0,69.51,68.05,446.9,True,True,True,True,2,5.53,polymer_residue
5131,Rev6,6,W177,PX-7500,CH-C,EXT-09,Extreme Edge,0.96,278.2,74.37,69.92,64.95,454.5,True,True,True,False,0,0.0,
5132,Rev6,6,W177,PX-7500,CH-C,EXT-10,Extreme Edge,0.96,310.9,73.77,71.22,67.15,446.7,True,True,True,True,3,9.49,endpoint_late
5133,Rev6,6,W177,PX-7500,CH-C,EXT-11,Extreme Edge,0.96,343.6,72.3,69.08,71.58,456.2,True,True,False,False,2,6.82,arc_event
5134,Rev4,4,W178,AE-3200,CH-A,C1,Center,0.0,0.0,69.39,70.37,58.99,418.3,True,True,False,True,0,0.0,
5135,Rev4,4,W178,AE-3200,CH-A,MID-01,Mid,0.52,30.0,74.06,68.44,66.68,425.2,True,True,True,True,0,0.0,
5136,Rev4,4,W178,AE-3200,CH-A,MID-02,Mid,0.52,90.0,72.9,69.06,68.54,412.3,True,True,True,True,1,5.76,
5137,Rev4,4,W178,AE-3200,CH-A,MID-03,Mid,0.52,150.0,70.91,71.29,69.35,441.6,True,True,True,True,0,0.0,
5138,Rev4,4,W178,AE-3200,CH-A,MID-04,Mid,0.52,210.0,72.94,69.01,68.95,442.9,True,True,True,True,0,0.0,
5139,Rev4,4,W178,AE-3200,CH-A,MID-05,Mid,0.52,270.0,75.69,71.0,67.04,426.0,False,True,True,True,1,3.16,
5140,Rev4,4,W178,AE-3200,CH-A,MID-06,Mid,0.52,330.0,71.9,71.93,68.79,460.4,True,True,True,False,0,0.0,
5141,Rev4,4,W178,AE-3200,CH-A,EDG-01,Edge,0.84,0.0,73.91,73.1,67.13,481.9,True,False,True,False,0,0.0,
5142,Rev4,4,W178,AE-3200,CH-A,EDG-02,Edge,0.84,32.7,71.55,72.57,67.16,441.4,True,True,True,True,0,0.0,
5143,Rev4,4,W178,AE-3200,CH-A,EDG-03,Edge,0.84,65.5,74.57,71.12,70.48,444.5,True,True,True,True,0,0.0,
5144,Rev4,4,W178,AE-3200,CH-A,EDG-04,Edge,0.84,98.2,75.07,74.04,68.09,492.7,True,False,True,False,0,0.0,
5145,Rev4,4,W178,AE-3200,CH-A,EDG-05,Edge,0.84,130.9,75.05,70.33,66.97,480.9,True,True,True,False,0,0.0,
5146,Rev4,4,W178,AE-3200,CH-A,EDG-06,Edge,0.84,163.6,74.79,70.29,66.39,432.7,True,True,True,True,0,0.0,
5147,Rev4,4,W178,AE-3200,CH-A,EDG-07,Edge,0.84,196.4,74.73,74.24,71.53,471.5,True,False,False,False,0,0.0,
5148,Rev4,4,W178,AE-3200,CH-A,EDG-08,Edge,0.84,229.1,72.76,70.91,66.8,413.7,True,True,True,True,0,0.0,
5149,Rev4,4,W178,AE-3200,CH-A,EDG-09,Edge,0.84,261.8,76.32,69.41,68.49,489.5,False,True,True,False,1,5.64,polymer_residue
5150,Rev4,4,W178,AE-3200,CH-A,EDG-10,Edge,0.84,294.5,74.99,69.65,70.36,470.2,True,True,True,False,0,0.0,
5151,Rev4,4,W178,AE-3200,CH-A,EDG-11,Edge,0.84,327.3,74.5,71.9,68.71,401.1,True,True,True,True,1,1.98,
5152,Rev4,4,W178,AE-3200,CH-A,EXT-01,Extreme Edge,0.96,16.4,75.94,70.63,70.09,470.4,False,True,True,False,0,0.0,
5153,Rev4,4,W178,AE-3200,CH-A,EXT-02,Extreme Edge,0.96,49.1,76.41,68.8,67.92,457.4,False,True,True,False,0,0.0,
5154,Rev4,4,W178,AE-3200,CH-A,EXT-03,Extreme Edge,0.96,81.8,78.51,73.05,71.53,441.9,False,False,False,True,0,0.0,
5155,Rev4,4,W178,AE-3200,CH-A,EXT-04,Extreme Edge,0.96,114.5,76.59,72.23,66.6,471.1,False,True,True,False,0,0.0,
5156,Rev4,4,W178,AE-3200,CH-A,EXT-05,Extreme Edge,0.96,147.3,75.72,69.42,65.31,439.2,False,True,True,True,0,0.0,
5157,Rev4,4,W178,AE-3200,CH-A,EXT-06,Extreme Edge,0.96,180.0,74.79,73.45,67.88,442.6,True,False,True,True,0,0.0,
5158,Rev4,4,W178,AE-3200,CH-A,EXT-07,Extreme Edge,0.96,212.7,73.29,71.11,67.38,455.9,True,True,True,False,0,0.0,
5159,Rev4,4,W178,AE-3200,CH-A,EXT-08,Extreme Edge,0.96,245.5,74.96,74.55,68.2,408.0,True,False,True,True,2,3.86,
5160,Rev4,4,W178,AE-3200,CH-A,EXT-09,Extreme Edge,0.96,278.2,74.89,71.92,73.28,468.5,True,True,False,False,0,0.0,
5161,Rev4,4,W178,AE-3200,CH-A,EXT-10,Extreme Edge,0.96,310.9,74.28,71.84,69.33,479.3,True,True,True,False,3,10.99,arc_event
5162,Rev4,4,W178,AE-3200,CH-A,EXT-11,Extreme Edge,0.96,343.6,74.71,74.61,69.59,450.2,True,False,True,True,0,0.0,
5163,Rev5,5,W179,AE-3200,CH-B,C1,Center,0.0,0.0,72.77,67.33,67.36,390.6,True,True,True,True,0,0.0,
5164,Rev5,5,W179,AE-3200,CH-B,MID-01,Mid,0.52,30.0,73.48,68.15,65.75,453.4,True,True,True,False,1,5.02,pressure_spike
5165,Rev5,5,W179,AE-3200,CH-B,MID-02,Mid,0.52,90.0,69.35,68.63,65.31,431.2,True,True,True,True,0,0.0,
5166,Rev5,5,W179,AE-3200,CH-B,MID-03,Mid,0.52,150.0,72.82,71.06,65.22,382.4,True,True,True,True,0,0.0,
5167,Rev5,5,W179,AE-3200,CH-B,MID-04,Mid,0.52,210.0,71.09,66.32,61.16,472.4,True,True,True,False,0,0.0,
5168,Rev5,5,W179,AE-3200,CH-B,MID-05,Mid,0.52,270.0,73.18,69.53,65.97,419.4,True,True,True,True,0,0.0,
5169,Rev5,5,W179,AE-3200,CH-B,MID-06,Mid,0.52,330.0,76.37,71.06,66.69,402.9,False,True,True,True,0,0.0,
5170,Rev5,5,W179,AE-3200,CH-B,EDG-01,Edge,0.84,0.0,75.16,71.06,72.85,467.1,True,True,False,False,0,0.0,
5171,Rev5,5,W179,AE-3200,CH-B,EDG-02,Edge,0.84,32.7,74.44,69.19,73.3,423.7,True,True,False,True,0,0.0,
5172,Rev5,5,W179,AE-3200,CH-B,EDG-03,Edge,0.84,65.5,74.01,72.19,64.48,454.7,True,True,True,False,0,0.0,
5173,Rev5,5,W179,AE-3200,CH-B,EDG-04,Edge,0.84,98.2,73.94,72.4,64.98,438.5,True,True,True,True,0,0.0,
5174,Rev5,5,W179,AE-3200,CH-B,EDG-05,Edge,0.84,130.9,70.5,72.69,66.42,404.1,True,True,True,True,0,0.0,
5175,Rev5,5,W179,AE-3200,CH-B,EDG-06,Edge,0.84,163.6,73.9,69.0,72.54,395.8,True,True,False,True,0,0.0,
5176,Rev5,5,W179,AE-3200,CH-B,EDG-07,Edge,0.84,196.4,74.34,72.0,68.36,417.7,True,True,True,True,0,0.0,
5177,Rev5,5,W179,AE-3200,CH-B,EDG-08,Edge,0.84,229.1,74.88,70.85,68.9,431.2,True,True,True,True,0,0.0,
5178,Rev5,5,W179,AE-3200,CH-B,EDG-09,Edge,0.84,261.8,72.65,72.1,64.5,434.8,True,True,True,True,0,0.0,
5179,Rev5,5,W179,AE-3200,CH-B,EDG-10,Edge,0.84,294.5,74.79,68.05,67.39,394.7,True,True,True,True,1,4.59,polymer_residue
5180,Rev5,5,W179,AE-3200,CH-B,EDG-11,Edge,0.84,327.3,76.23,71.98,66.53,443.8,False,True,True,True,0,0.0,
5181,Rev5,5,W179,AE-3200,CH-B,EXT-01,Extreme Edge,0.96,16.4,74.91,70.84,65.73,409.4,True,True,True,True,0,0.0,
5182,Rev5,5,W179,AE-3200,CH-B,EXT-02,Extreme Edge,0.96,49.1,75.89,73.55,67.84,457.6,False,False,True,False,1,5.15,
5183,Rev5,5,W179,AE-3200,CH-B,EXT-03,Extreme Edge,0.96,81.8,76.23,70.56,69.74,448.6,False,True,True,True,0,0.0,
5184,Rev5,5,W179,AE-3200,CH-B,EXT-04,Extreme Edge,0.96,114.5,74.98,73.75,69.71,404.1,True,False,True,True,0,0.0,
5185,Rev5,5,W179,AE-3200,CH-B,EXT-05,Extreme Edge,0.96,147.3,74.36,72.08,67.02,399.1,True,True,True,True,0,0.0,
5186,Rev5,5,W179,AE-3200,CH-B,EXT-06,Extreme Edge,0.96,180.0,73.43,73.02,71.47,429.5,True,False,False,True,0,0.0,
5187,Rev5,5,W179,AE-3200,CH-B,EXT-07,Extreme Edge,0.96,212.7,75.29,71.41,67.42,447.4,False,True,True,True,1,3.38,
5188,Rev5,5,W179,AE-3200,CH-B,EXT-08,Extreme Edge,0.96,245.5,73.29,72.87,64.76,453.2,True,False,True,False,0,0.0,
5189,Rev5,5,W179,AE-3200,CH-B,EXT-09,Extreme Edge,0.96,278.2,72.91,71.71,64.41,423.6,True,True,True,True,1,5.78,
5190,Rev5,5,W179,AE-3200,CH-B,EXT-10,Extreme Edge,0.96,310.9,74.29,72.24,68.3,417.3,True,True,True,True,0,0.0,
5191,Rev5,5,W179,AE-3200,CH-B,EXT-11,Extreme Edge,0.96,343.6,72.46,71.79,72.92,442.8,True,True,False,True,0,0.0,
5192,Rev6,6,W180,PX-7500,CH-C,C1,Center,0.0,0.0,71.62,69.76,60.23,411.3,True,True,True,True,0,0.0,
5193,Rev6,6,W180,PX-7500,CH-C,MID-01,Mid,0.52,30.0,69.49,69.11,64.85,436.9,True,True,True,True,0,0.0,
5194,Rev6,6,W180,PX-7500,CH-C,MID-02,Mid,0.52,90.0,73.51,68.76,63.55,419.2,True,True,True,True,0,0.0,
5195,Rev6,6,W180,PX-7500,CH-C,MID-03,Mid,0.52,150.0,72.65,68.1,65.4,415.8,True,True,True,True,0,0.0,
5196,Rev6,6,W180,PX-7500,CH-C,MID-04,Mid,0.52,210.0,74.04,68.65,69.16,409.5,True,True,True,True,0,0.0,
5197,Rev6,6,W180,PX-7500,CH-C,MID-05,Mid,0.52,270.0,72.76,66.11,66.35,434.3,True,True,True,True,0,0.0,
5198,Rev6,6,W180,PX-7500,CH-C,MID-06,Mid,0.52,330.0,70.37,68.43,70.51,381.0,True,True,True,True,0,0.0,
5199,Rev6,6,W180,PX-7500,CH-C,EDG-01,Edge,0.84,0.0,71.4,72.67,70.18,435.1,True,True,True,True,2,8.42,
5200,Rev6,6,W180,PX-7500,CH-C,EDG-02,Edge,0.84,32.7,74.46,70.39,67.26,420.6,True,True,True,True,0,0.0,
5201,Rev6,6,W180,PX-7500,CH-C,EDG-03,Edge,0.84,65.5,73.83,70.34,65.47,509.9,True,True,True,False,0,0.0,
5202,Rev6,6,W180,PX-7500,CH-C,EDG-04,Edge,0.84,98.2,74.19,72.59,65.34,447.6,True,True,True,True,0,0.0,
5203,Rev6,6,W180,PX-7500,CH-C,EDG-05,Edge,0.84,130.9,72.56,67.08,73.47,444.9,True,True,False,True,0,0.0,
5204,Rev6,6,W180,PX-7500,CH-C,EDG-06,Edge,0.84,163.6,71.83,69.63,66.82,408.4,True,True,True,True,0,0.0,
5205,Rev6,6,W180,PX-7500,CH-C,EDG-07,Edge,0.84,196.4,72.8,70.51,71.06,404.8,True,True,False,True,1,3.3,
5206,Rev6,6,W180,PX-7500,CH-C,EDG-08,Edge,0.84,229.1,72.05,70.21,69.5,455.6,True,True,True,False,1,1.88,endpoint_late
5207,Rev6,6,W180,PX-7500,CH-C,EDG-09,Edge,0.84,261.8,73.51,68.89,70.02,429.4,True,True,True,True,0,0.0,
5208,Rev6,6,W180,PX-7500,CH-C,EDG-10,Edge,0.84,294.5,75.26,70.48,67.13,452.0,False,True,True,True,1,5.92,esc_temp_drift
5209,Rev6,6,W180,PX-7500,CH-C,EDG-11,Edge,0.84,327.3,76.02,68.24,67.93,458.1,False,True,True,False,1,4.85,polymer_residue
5210,Rev6,6,W180,PX-7500,CH-C,EXT-01,Extreme Edge,0.96,16.4,73.81,71.17,69.46,475.8,True,True,True,False,0,0.0,
5211,Rev6,6,W180,PX-7500,CH-C,EXT-02,Extreme Edge,0.96,49.1,75.28,72.85,71.05,457.6,False,False,False,False,1,4.22,
5212,Rev6,6,W180,PX-7500,CH-C,EXT-03,Extreme Edge,0.96,81.8,71.25,72.0,65.04,471.8,True,True,True,False,1,4.86,
5213,Rev6,6,W180,PX-7500,CH-C,EXT-04,Extreme Edge,0.96,114.5,72.75,70.29,67.01,437.7,True,True,True,True,1,3.09,
5214,Rev6,6,W180,PX-7500,CH-C,EXT-05,Extreme Edge,0.96,147.3,72.99,75.68,65.22,448.2,True,False,True,True,0,0.0,
5215,Rev6,6,W180,PX-7500,CH-C,EXT-06,Extreme Edge,0.96,180.0,75.55,70.2,68.66,444.5,False,True,True,True,0,0.0,
5216,Rev6,6,W180,PX-7500,CH-C,EXT-07,Extreme Edge,0.96,212.7,74.47,72.36,66.38,436.9,True,True,True,True,0,0.0,
5217,Rev6,6,W180,PX-7500,CH-C,EXT-08,Extreme Edge,0.96,245.5,71.08,72.02,67.56,430.6,True,True,True,True,0,0.0,
5218,Rev6,6,W180,PX-7500,CH-C,EXT-09,Extreme Edge,0.96,278.2,74.17,69.01,71.79,446.0,True,True,False,True,1,4.89,
5219,Rev6,6,W180,PX-7500,CH-C,EXT-10,Extreme Edge,0.96,310.9,72.21,69.21,71.39,460.6,True,True,False,False,0,0.0,
5220,Rev6,6,W180,PX-7500,CH-C,EXT-11,Extreme Edge,0.96,343.6,75.53,70.26,70.42,462.2,False,True,True,False,2,4.14,polymer_residue
5221,Rev9,9,W181,AE-3200,CH-B,C1,Center,0.0,0.0,72.44,68.06,68.47,365.2,True,True,True,False,0,0.0,
5222,Rev9,9,W181,AE-3200,CH-B,MID-01,Mid,0.52,30.0,73.52,69.22,64.62,411.7,True,True,True,True,0,0.0,
5223,Rev9,9,W181,AE-3200,CH-B,MID-02,Mid,0.52,90.0,73.93,69.56,64.36,429.5,True,True,True,True,1,3.76,polymer_residue
5224,Rev9,9,W181,AE-3200,CH-B,MID-03,Mid,0.52,150.0,75.05,71.03,67.26,369.6,True,True,True,False,0,0.0,
5225,Rev9,9,W181,AE-3200,CH-B,MID-04,Mid,0.52,210.0,73.01,71.31,67.56,395.1,True,True,True,True,0,0.0,
5226,Rev9,9,W181,AE-3200,CH-B,MID-05,Mid,0.52,270.0,71.59,69.86,67.62,411.8,True,True,True,True,0,0.0,
5227,Rev9,9,W181,AE-3200,CH-B,MID-06,Mid,0.52,330.0,77.11,69.8,67.41,414.1,False,True,True,True,1,4.9,
5228,Rev9,9,W181,AE-3200,CH-B,EDG-01,Edge,0.84,0.0,75.85,69.37,71.73,447.0,False,True,False,True,1,6.45,
5229,Rev9,9,W181,AE-3200,CH-B,EDG-02,Edge,0.84,32.7,75.36,71.93,67.36,410.5,False,True,True,True,3,6.01,polymer_residue
5230,Rev9,9,W181,AE-3200,CH-B,EDG-03,Edge,0.84,65.5,73.13,71.01,70.04,408.1,True,True,True,True,0,0.0,
5231,Rev9,9,W181,AE-3200,CH-B,EDG-04,Edge,0.84,98.2,74.01,74.69,70.37,353.8,True,False,True,False,0,0.0,
5232,Rev9,9,W181,AE-3200,CH-B,EDG-05,Edge,0.84,130.9,74.41,72.76,67.46,380.2,True,True,True,True,0,0.0,
5233,Rev9,9,W181,AE-3200,CH-B,EDG-06,Edge,0.84,163.6,74.4,73.57,69.43,406.4,True,False,True,True,0,0.0,
5234,Rev9,9,W181,AE-3200,CH-B,EDG-07,Edge,0.84,196.4,73.46,71.38,68.81,397.5,True,True,True,True,1,5.64,
5235,Rev9,9,W181,AE-3200,CH-B,EDG-08,Edge,0.84,229.1,76.79,70.0,67.12,383.5,False,True,True,True,0,0.0,
5236,Rev9,9,W181,AE-3200,CH-B,EDG-09,Edge,0.84,261.8,76.86,68.37,67.76,386.3,False,True,True,True,2,9.78,
5237,Rev9,9,W181,AE-3200,CH-B,EDG-10,Edge,0.84,294.5,76.79,72.26,66.91,389.2,False,True,True,True,0,0.0,
5238,Rev9,9,W181,AE-3200,CH-B,EDG-11,Edge,0.84,327.3,74.86,73.93,65.83,370.5,True,False,True,False,0,0.0,
5239,Rev9,9,W181,AE-3200,CH-B,EXT-01,Extreme Edge,0.96,16.4,76.22,73.52,68.27,448.0,False,False,True,True,0,0.0,
5240,Rev9,9,W181,AE-3200,CH-B,EXT-02,Extreme Edge,0.96,49.1,78.16,72.67,67.82,412.4,False,True,True,True,0,0.0,
5241,Rev9,9,W181,AE-3200,CH-B,EXT-03,Extreme Edge,0.96,81.8,76.99,70.16,67.03,410.5,False,True,True,True,1,3.49,
5242,Rev9,9,W181,AE-3200,CH-B,EXT-04,Extreme Edge,0.96,114.5,72.27,73.86,68.29,424.9,True,False,True,True,1,5.11,endpoint_late
5243,Rev9,9,W181,AE-3200,CH-B,EXT-05,Extreme Edge,0.96,147.3,75.4,67.2,66.46,437.6,False,True,True,True,2,8.01,polymer_residue
5244,Rev9,9,W181,AE-3200,CH-B,EXT-06,Extreme Edge,0.96,180.0,73.2,73.46,65.1,380.8,True,False,True,True,0,0.0,
5245,Rev9,9,W181,AE-3200,CH-B,EXT-07,Extreme Edge,0.96,212.7,74.98,73.36,70.53,425.1,True,False,True,True,0,0.0,
5246,Rev9,9,W181,AE-3200,CH-B,EXT-08,Extreme Edge,0.96,245.5,77.04,70.04,69.95,397.6,False,True,True,True,1,2.3,
5247,Rev9,9,W181,AE-3200,CH-B,EXT-09,Extreme Edge,0.96,278.2,74.44,72.41,68.23,413.3,True,True,True,True,1,2.31,polymer_residue
5248,Rev9,9,W181,AE-3200,CH-B,EXT-10,Extreme Edge,0.96,310.9,75.59,71.93,67.19,391.7,False,True,True,True,3,16.9,
5249,Rev9,9,W181,AE-3200,CH-B,EXT-11,Extreme Edge,0.96,343.6,73.58,74.84,63.36,384.5,True,False,True,True,0,0.0,
5250,Rev3,3,W182,PX-7500,CH-D,C1,Center,0.0,0.0,72.43,67.54,64.43,432.2,True,True,True,True,0,0.0,
5251,Rev3,3,W182,PX-7500,CH-D,MID-01,Mid,0.52,30.0,71.44,71.85,65.22,395.3,True,True,True,True,0,0.0,
5252,Rev3,3,W182,PX-7500,CH-D,MID-02,Mid,0.52,90.0,71.73,73.32,68.83,456.7,True,False,True,False,2,7.44,
5253,Rev3,3,W182,PX-7500,CH-D,MID-03,Mid,0.52,150.0,71.24,72.89,68.82,450.0,True,False,True,True,0,0.0,
5254,Rev3,3,W182,PX-7500,CH-D,MID-04,Mid,0.52,210.0,75.29,71.8,63.47,452.7,False,True,True,False,0,0.0,
5255,Rev3,3,W182,PX-7500,CH-D,MID-05,Mid,0.52,270.0,74.29,71.72,70.5,417.8,True,True,True,True,0,0.0,
5256,Rev3,3,W182,PX-7500,CH-D,MID-06,Mid,0.52,330.0,72.09,73.37,66.9,436.5,True,False,True,True,0,0.0,
5257,Rev3,3,W182,PX-7500,CH-D,EDG-01,Edge,0.84,0.0,74.31,70.18,70.77,450.0,True,True,False,True,0,0.0,
5258,Rev3,3,W182,PX-7500,CH-D,EDG-02,Edge,0.84,32.7,74.34,73.92,69.46,455.3,True,False,True,False,1,4.35,
5259,Rev3,3,W182,PX-7500,CH-D,EDG-03,Edge,0.84,65.5,73.51,74.05,60.3,424.7,True,False,True,True,1,5.47,
5260,Rev3,3,W182,PX-7500,CH-D,EDG-04,Edge,0.84,98.2,74.26,73.56,66.45,436.1,True,False,True,True,0,0.0,
5261,Rev3,3,W182,PX-7500,CH-D,EDG-05,Edge,0.84,130.9,74.03,73.45,66.44,434.1,True,False,True,True,0,0.0,
5262,Rev3,3,W182,PX-7500,CH-D,EDG-06,Edge,0.84,163.6,71.71,73.69,66.4,426.8,True,False,True,True,2,12.77,
5263,Rev3,3,W182,PX-7500,CH-D,EDG-07,Edge,0.84,196.4,74.87,72.98,66.49,444.5,True,False,True,True,1,4.39,
5264,Rev3,3,W182,PX-7500,CH-D,EDG-08,Edge,0.84,229.1,72.56,71.52,64.65,438.8,True,True,True,True,0,0.0,
5265,Rev3,3,W182,PX-7500,CH-D,EDG-09,Edge,0.84,261.8,74.27,72.47,68.51,451.4,True,True,True,True,0,0.0,
5266,Rev3,3,W182,PX-7500,CH-D,EDG-10,Edge,0.84,294.5,73.88,74.15,68.78,447.7,True,False,True,True,0,0.0,
5267,Rev3,3,W182,PX-7500,CH-D,EDG-11,Edge,0.84,327.3,72.58,70.04,67.01,392.9,True,True,True,True,0,0.0,
5268,Rev3,3,W182,PX-7500,CH-D,EXT-01,Extreme Edge,0.96,16.4,75.2,73.88,74.08,431.7,False,False,False,True,0,0.0,
5269,Rev3,3,W182,PX-7500,CH-D,EXT-02,Extreme Edge,0.96,49.1,75.36,73.13,67.05,434.9,False,False,True,True,0,0.0,
5270,Rev3,3,W182,PX-7500,CH-D,EXT-03,Extreme Edge,0.96,81.8,76.52,74.1,64.67,416.9,False,False,True,True,2,4.47,
5271,Rev3,3,W182,PX-7500,CH-D,EXT-04,Extreme Edge,0.96,114.5,72.73,76.15,69.01,491.1,True,False,True,False,3,18.12,polymer_residue
5272,Rev3,3,W182,PX-7500,CH-D,EXT-05,Extreme Edge,0.96,147.3,72.96,72.73,70.63,455.4,True,True,False,False,2,10.11,
5273,Rev3,3,W182,PX-7500,CH-D,EXT-06,Extreme Edge,0.96,180.0,74.94,74.9,68.46,456.9,True,False,True,False,1,5.44,
5274,Rev3,3,W182,PX-7500,CH-D,EXT-07,Extreme Edge,0.96,212.7,76.12,76.37,67.37,439.7,False,False,True,True,1,6.42,polymer_residue
5275,Rev3,3,W182,PX-7500,CH-D,EXT-08,Extreme Edge,0.96,245.5,74.68,73.24,66.02,430.7,True,False,True,True,0,0.0,
5276,Rev3,3,W182,PX-7500,CH-D,EXT-09,Extreme Edge,0.96,278.2,74.8,74.78,67.85,435.6,True,False,True,True,2,5.89,pressure_spike
5277,Rev3,3,W182,PX-7500,CH-D,EXT-10,Extreme Edge,0.96,310.9,73.14,72.54,67.52,441.7,True,True,True,True,2,3.92,
5278,Rev3,3,W182,PX-7500,CH-D,EXT-11,Extreme Edge,0.96,343.6,75.85,71.99,67.53,466.8,False,True,True,False,1,5.37,
5279,Rev9,9,W183,AE-3200,CH-B,C1,Center,0.0,0.0,73.56,70.84,67.09,340.8,True,True,True,False,0,0.0,
5280,Rev9,9,W183,AE-3200,CH-B,MID-01,Mid,0.52,30.0,73.84,71.49,64.31,389.3,True,True,True,True,0,0.0,
5281,Rev9,9,W183,AE-3200,CH-B,MID-02,Mid,0.52,90.0,75.22,71.06,69.52,347.8,False,True,True,False,1,5.79,
5282,Rev9,9,W183,AE-3200,CH-B,MID-03,Mid,0.52,150.0,73.37,71.17,66.75,349.0,True,True,True,False,0,0.0,
5283,Rev9,9,W183,AE-3200,CH-B,MID-04,Mid,0.52,210.0,73.22,76.79,66.06,415.7,True,False,True,True,0,0.0,
5284,Rev9,9,W183,AE-3200,CH-B,MID-05,Mid,0.52,270.0,76.94,73.76,63.14,360.0,False,False,True,False,0,0.0,
5285,Rev9,9,W183,AE-3200,CH-B,MID-06,Mid,0.52,330.0,73.3,74.28,65.92,347.1,True,False,True,False,0,0.0,
5286,Rev9,9,W183,AE-3200,CH-B,EDG-01,Edge,0.84,0.0,72.66,72.91,68.9,400.0,True,False,True,True,0,0.0,
5287,Rev9,9,W183,AE-3200,CH-B,EDG-02,Edge,0.84,32.7,77.35,72.91,69.11,420.6,False,False,True,True,0,0.0,
5288,Rev9,9,W183,AE-3200,CH-B,EDG-03,Edge,0.84,65.5,76.25,71.74,68.14,365.4,False,True,True,False,2,11.9,arc_event
5289,Rev9,9,W183,AE-3200,CH-B,EDG-04,Edge,0.84,98.2,71.86,71.43,64.23,376.0,True,True,True,True,0,0.0,
5290,Rev9,9,W183,AE-3200,CH-B,EDG-05,Edge,0.84,130.9,74.66,72.37,63.25,401.2,True,True,True,True,1,1.88,esc_temp_drift
5291,Rev9,9,W183,AE-3200,CH-B,EDG-06,Edge,0.84,163.6,73.49,74.15,70.15,413.0,True,False,True,True,0,0.0,
5292,Rev9,9,W183,AE-3200,CH-B,EDG-07,Edge,0.84,196.4,77.44,71.57,65.46,373.6,False,True,True,False,1,2.25,
5293,Rev9,9,W183,AE-3200,CH-B,EDG-08,Edge,0.84,229.1,77.06,75.24,64.27,403.0,False,False,True,True,0,0.0,
5294,Rev9,9,W183,AE-3200,CH-B,EDG-09,Edge,0.84,261.8,75.81,72.58,64.12,358.1,False,True,True,False,0,0.0,
5295,Rev9,9,W183,AE-3200,CH-B,EDG-10,Edge,0.84,294.5,74.71,72.5,66.51,373.8,True,True,True,False,3,11.27,
5296,Rev9,9,W183,AE-3200,CH-B,EDG-11,Edge,0.84,327.3,74.57,75.66,67.86,357.6,True,False,True,False,1,4.57,polymer_residue
5297,Rev9,9,W183,AE-3200,CH-B,EXT-01,Extreme Edge,0.96,16.4,76.63,74.1,67.23,369.8,False,False,True,False,2,3.9,
5298,Rev9,9,W183,AE-3200,CH-B,EXT-02,Extreme Edge,0.96,49.1,76.83,73.06,63.54,412.6,False,False,True,True,0,0.0,
5299,Rev9,9,W183,AE-3200,CH-B,EXT-03,Extreme Edge,0.96,81.8,75.06,74.93,66.14,397.9,True,False,True,True,0,0.0,
5300,Rev9,9,W183,AE-3200,CH-B,EXT-04,Extreme Edge,0.96,114.5,76.43,71.25,69.1,354.4,False,True,True,False,0,0.0,
5301,Rev9,9,W183,AE-3200,CH-B,EXT-05,Extreme Edge,0.96,147.3,77.85,73.28,66.68,342.0,False,False,True,False,2,9.67,
5302,Rev9,9,W183,AE-3200,CH-B,EXT-06,Extreme Edge,0.96,180.0,77.6,71.85,67.11,360.3,False,True,True,False,1,5.0,arc_event
5303,Rev9,9,W183,AE-3200,CH-B,EXT-07,Extreme Edge,0.96,212.7,76.89,69.39,67.27,409.8,False,True,True,True,0,0.0,
5304,Rev9,9,W183,AE-3200,CH-B,EXT-08,Extreme Edge,0.96,245.5,75.52,76.66,68.5,346.3,False,False,True,False,3,12.74,
5305,Rev9,9,W183,AE-3200,CH-B,EXT-09,Extreme Edge,0.96,278.2,77.66,73.92,65.47,414.8,False,False,True,True,3,18.38,polymer_residue
5306,Rev9,9,W183,AE-3200,CH-B,EXT-10,Extreme Edge,0.96,310.9,75.77,73.61,62.64,368.9,False,False,True,False,3,16.36,
5307,Rev9,9,W183,AE-3200,CH-B,EXT-11,Extreme Edge,0.96,343.6,74.43,76.05,67.15,414.9,True,False,True,True,1,3.52,
5308,Rev8,8,W184,AE-3200,CH-A,C1,Center,0.0,0.0,71.54,68.4,76.53,400.2,True,True,False,True,0,0.0,
5309,Rev8,8,W184,AE-3200,CH-A,MID-01,Mid,0.52,30.0,72.42,71.36,71.62,442.4,True,True,False,True,0,0.0,
5310,Rev8,8,W184,AE-3200,CH-A,MID-02,Mid,0.52,90.0,71.08,68.91,69.41,420.9,True,True,True,True,0,0.0,
5311,Rev8,8,W184,AE-3200,CH-A,MID-03,Mid,0.52,150.0,70.64,70.96,65.36,403.1,True,True,True,True,0,0.0,
5312,Rev8,8,W184,AE-3200,CH-A,MID-04,Mid,0.52,210.0,74.53,70.11,72.93,408.0,True,True,False,True,0,0.0,
5313,Rev8,8,W184,AE-3200,CH-A,MID-05,Mid,0.52,270.0,74.1,71.91,66.38,414.4,True,True,True,True,0,0.0,
5314,Rev8,8,W184,AE-3200,CH-A,MID-06,Mid,0.52,330.0,74.71,72.0,63.9,439.0,True,True,True,True,0,0.0,
5315,Rev8,8,W184,AE-3200,CH-A,EDG-01,Edge,0.84,0.0,74.98,71.88,65.42,430.6,True,True,True,True,0,0.0,
5316,Rev8,8,W184,AE-3200,CH-A,EDG-02,Edge,0.84,32.7,74.69,69.15,69.73,413.3,True,True,True,True,0,0.0,
5317,Rev8,8,W184,AE-3200,CH-A,EDG-03,Edge,0.84,65.5,75.56,71.03,67.01,435.3,False,True,True,True,0,0.0,
5318,Rev8,8,W184,AE-3200,CH-A,EDG-04,Edge,0.84,98.2,74.67,70.58,73.05,476.0,True,True,False,False,0,0.0,
5319,Rev8,8,W184,AE-3200,CH-A,EDG-05,Edge,0.84,130.9,75.1,71.72,67.23,430.3,True,True,True,True,0,0.0,
5320,Rev8,8,W184,AE-3200,CH-A,EDG-06,Edge,0.84,163.6,72.17,73.33,73.3,402.3,True,False,False,True,0,0.0,
5321,Rev8,8,W184,AE-3200,CH-A,EDG-07,Edge,0.84,196.4,75.49,71.95,69.31,405.9,False,True,True,True,0,0.0,
5322,Rev8,8,W184,AE-3200,CH-A,EDG-08,Edge,0.84,229.1,73.04,69.67,67.5,448.8,True,True,True,True,1,3.89,polymer_residue
5323,Rev8,8,W184,AE-3200,CH-A,EDG-09,Edge,0.84,261.8,75.69,69.65,69.49,395.4,False,True,True,True,1,3.08,
5324,Rev8,8,W184,AE-3200,CH-A,EDG-10,Edge,0.84,294.5,74.61,70.96,68.61,432.3,True,True,True,True,1,5.6,polymer_residue
5325,Rev8,8,W184,AE-3200,CH-A,EDG-11,Edge,0.84,327.3,75.78,69.79,68.96,403.0,False,True,True,True,0,0.0,
5326,Rev8,8,W184,AE-3200,CH-A,EXT-01,Extreme Edge,0.96,16.4,76.58,74.43,69.06,458.8,False,False,True,False,2,4.77,
5327,Rev8,8,W184,AE-3200,CH-A,EXT-02,Extreme Edge,0.96,49.1,76.02,73.42,73.3,402.4,False,False,False,True,0,0.0,
5328,Rev8,8,W184,AE-3200,CH-A,EXT-03,Extreme Edge,0.96,81.8,73.99,74.13,73.82,430.3,True,False,False,True,0,0.0,
5329,Rev8,8,W184,AE-3200,CH-A,EXT-04,Extreme Edge,0.96,114.5,76.64,72.25,66.55,385.1,False,True,True,True,0,0.0,
5330,Rev8,8,W184,AE-3200,CH-A,EXT-05,Extreme Edge,0.96,147.3,74.17,72.79,69.64,412.6,True,True,True,True,0,0.0,
5331,Rev8,8,W184,AE-3200,CH-A,EXT-06,Extreme Edge,0.96,180.0,75.89,71.42,65.92,430.2,False,True,True,True,1,3.85,esc_temp_drift
5332,Rev8,8,W184,AE-3200,CH-A,EXT-07,Extreme Edge,0.96,212.7,74.92,72.91,66.13,438.9,True,False,True,True,1,6.14,
5333,Rev8,8,W184,AE-3200,CH-A,EXT-08,Extreme Edge,0.96,245.5,76.28,69.28,70.3,417.1,False,True,True,True,1,4.97,
5334,Rev8,8,W184,AE-3200,CH-A,EXT-09,Extreme Edge,0.96,278.2,76.87,71.51,69.28,413.4,False,True,True,True,1,3.4,polymer_residue
5335,Rev8,8,W184,AE-3200,CH-A,EXT-10,Extreme Edge,0.96,310.9,75.04,75.01,68.69,418.2,True,False,True,True,0,0.0,
5336,Rev8,8,W184,AE-3200,CH-A,EXT-11,Extreme Edge,0.96,343.6,74.97,73.88,67.67,412.0,True,False,True,True,0,0.0,
5337,Rev4,4,W185,AE-3200,CH-A,C1,Center,0.0,0.0,70.6,67.45,67.28,390.1,True,True,True,True,0,0.0,
5338,Rev4,4,W185,AE-3200,CH-A,MID-01,Mid,0.52,30.0,71.98,68.54,67.32,435.3,True,True,True,True,0,0.0,
5339,Rev4,4,W185,AE-3200,CH-A,MID-02,Mid,0.52,90.0,71.8,69.1,68.28,418.9,True,True,True,True,0,0.0,
5340,Rev4,4,W185,AE-3200,CH-A,MID-03,Mid,0.52,150.0,70.38,66.16,61.44,465.2,True,True,True,False,0,0.0,
5341,Rev4,4,W185,AE-3200,CH-A,MID-04,Mid,0.52,210.0,71.48,71.71,62.66,439.0,True,True,True,True,0,0.0,
5342,Rev4,4,W185,AE-3200,CH-A,MID-05,Mid,0.52,270.0,68.14,70.42,67.75,434.7,False,True,True,True,1,2.21,polymer_residue
5343,Rev4,4,W185,AE-3200,CH-A,MID-06,Mid,0.52,330.0,71.08,72.7,66.89,414.4,True,True,True,True,0,0.0,
5344,Rev4,4,W185,AE-3200,CH-A,EDG-01,Edge,0.84,0.0,73.2,68.72,61.05,423.3,True,True,True,True,0,0.0,
5345,Rev4,4,W185,AE-3200,CH-A,EDG-02,Edge,0.84,32.7,76.61,70.13,64.75,468.0,False,True,True,False,0,0.0,
5346,Rev4,4,W185,AE-3200,CH-A,EDG-03,Edge,0.84,65.5,73.56,70.52,70.67,437.0,True,True,False,True,0,0.0,
5347,Rev4,4,W185,AE-3200,CH-A,EDG-04,Edge,0.84,98.2,71.86,71.21,67.22,425.4,True,True,True,True,0,0.0,
5348,Rev4,4,W185,AE-3200,CH-A,EDG-05,Edge,0.84,130.9,73.1,72.01,65.72,451.8,True,True,True,True,0,0.0,
5349,Rev4,4,W185,AE-3200,CH-A,EDG-06,Edge,0.84,163.6,71.92,72.29,69.57,476.7,True,True,True,False,0,0.0,
5350,Rev4,4,W185,AE-3200,CH-A,EDG-07,Edge,0.84,196.4,73.4,69.58,66.81,440.8,True,True,True,True,0,0.0,
5351,Rev4,4,W185,AE-3200,CH-A,EDG-08,Edge,0.84,229.1,72.25,72.2,65.69,453.2,True,True,True,False,1,3.38,
5352,Rev4,4,W185,AE-3200,CH-A,EDG-09,Edge,0.84,261.8,72.28,70.84,66.86,437.1,True,True,True,True,0,0.0,
5353,Rev4,4,W185,AE-3200,CH-A,EDG-10,Edge,0.84,294.5,73.26,70.38,68.23,450.5,True,True,True,True,0,0.0,
5354,Rev4,4,W185,AE-3200,CH-A,EDG-11,Edge,0.84,327.3,73.37,70.16,67.37,448.0,True,True,True,True,0,0.0,
5355,Rev4,4,W185,AE-3200,CH-A,EXT-01,Extreme Edge,0.96,16.4,72.25,70.33,66.71,432.6,True,True,True,True,0,0.0,
5356,Rev4,4,W185,AE-3200,CH-A,EXT-02,Extreme Edge,0.96,49.1,73.14,71.44,68.55,448.9,True,True,True,True,1,2.76,
5357,Rev4,4,W185,AE-3200,CH-A,EXT-03,Extreme Edge,0.96,81.8,72.87,71.02,67.68,479.7,True,True,True,False,0,0.0,
5358,Rev4,4,W185,AE-3200,CH-A,EXT-04,Extreme Edge,0.96,114.5,73.8,70.07,73.4,421.1,True,True,False,True,0,0.0,
5359,Rev4,4,W185,AE-3200,CH-A,EXT-05,Extreme Edge,0.96,147.3,74.42,71.32,68.76,412.5,True,True,True,True,0,0.0,
5360,Rev4,4,W185,AE-3200,CH-A,EXT-06,Extreme Edge,0.96,180.0,72.88,69.39,69.68,442.7,True,True,True,True,0,0.0,
5361,Rev4,4,W185,AE-3200,CH-A,EXT-07,Extreme Edge,0.96,212.7,73.61,70.52,69.26,443.8,True,True,True,True,0,0.0,
5362,Rev4,4,W185,AE-3200,CH-A,EXT-08,Extreme Edge,0.96,245.5,73.01,75.63,68.21,444.1,True,False,True,True,2,5.46,
5363,Rev4,4,W185,AE-3200,CH-A,EXT-09,Extreme Edge,0.96,278.2,71.55,70.41,74.82,418.7,True,True,False,True,0,0.0,
5364,Rev4,4,W185,AE-3200,CH-A,EXT-10,Extreme Edge,0.96,310.9,73.23,70.43,69.14,447.7,True,True,True,True,0,0.0,
5365,Rev4,4,W185,AE-3200,CH-A,EXT-11,Extreme Edge,0.96,343.6,73.84,70.22,72.22,426.6,True,True,False,True,1,5.05,
5366,Rev5,5,W186,AE-3200,CH-B,C1,Center,0.0,0.0,72.83,64.58,65.03,447.0,True,False,True,True,0,0.0,
5367,Rev5,5,W186,AE-3200,CH-B,MID-01,Mid,0.52,30.0,72.68,66.92,65.2,452.9,True,True,True,False,0,0.0,
5368,Rev5,5,W186,AE-3200,CH-B,MID-02,Mid,0.52,90.0,73.72,66.03,68.23,423.3,True,True,True,True,0,0.0,
5369,Rev5,5,W186,AE-3200,CH-B,MID-03,Mid,0.52,150.0,75.92,67.6,66.04,421.2,False,True,True,True,0,0.0,
5370,Rev5,5,W186,AE-3200,CH-B,MID-04,Mid,0.52,210.0,74.26,70.56,71.46,433.7,True,True,False,True,0,0.0,
5371,Rev5,5,W186,AE-3200,CH-B,MID-05,Mid,0.52,270.0,72.76,67.63,67.71,463.4,True,True,True,False,0,0.0,
5372,Rev5,5,W186,AE-3200,CH-B,MID-06,Mid,0.52,330.0,76.5,68.34,63.17,451.6,False,True,True,True,0,0.0,
5373,Rev5,5,W186,AE-3200,CH-B,EDG-01,Edge,0.84,0.0,76.06,69.3,64.21,461.3,False,True,True,False,1,5.78,polymer_residue
5374,Rev5,5,W186,AE-3200,CH-B,EDG-02,Edge,0.84,32.7,75.94,70.04,62.05,449.4,False,True,True,True,1,6.25,polymer_residue
5375,Rev5,5,W186,AE-3200,CH-B,EDG-03,Edge,0.84,65.5,76.09,67.82,70.77,448.4,False,True,False,True,1,4.76,
5376,Rev5,5,W186,AE-3200,CH-B,EDG-04,Edge,0.84,98.2,72.9,70.21,74.08,399.9,True,True,False,True,1,5.47,endpoint_late
5377,Rev5,5,W186,AE-3200,CH-B,EDG-05,Edge,0.84,130.9,77.94,68.38,66.88,445.2,False,True,True,True,2,11.64,
5378,Rev5,5,W186,AE-3200,CH-B,EDG-06,Edge,0.84,163.6,75.33,69.82,69.3,438.0,False,True,True,True,0,0.0,
5379,Rev5,5,W186,AE-3200,CH-B,EDG-07,Edge,0.84,196.4,74.67,70.11,67.37,415.4,True,True,True,True,1,5.65,
5380,Rev5,5,W186,AE-3200,CH-B,EDG-08,Edge,0.84,229.1,74.98,68.27,61.41,454.9,True,True,True,False,0,0.0,
5381,Rev5,5,W186,AE-3200,CH-B,EDG-09,Edge,0.84,261.8,73.58,69.13,66.42,439.9,True,True,True,True,0,0.0,
5382,Rev5,5,W186,AE-3200,CH-B,EDG-10,Edge,0.84,294.5,76.47,68.49,67.96,446.5,False,True,True,True,0,0.0,
5383,Rev5,5,W186,AE-3200,CH-B,EDG-11,Edge,0.84,327.3,76.43,66.53,66.63,398.0,False,True,True,True,2,4.25,arc_event
5384,Rev5,5,W186,AE-3200,CH-B,EXT-01,Extreme Edge,0.96,16.4,77.61,69.19,64.7,442.3,False,True,True,True,0,0.0,
5385,Rev5,5,W186,AE-3200,CH-B,EXT-02,Extreme Edge,0.96,49.1,76.2,70.2,66.53,455.8,False,True,True,False,0,0.0,
5386,Rev5,5,W186,AE-3200,CH-B,EXT-03,Extreme Edge,0.96,81.8,75.06,70.61,69.2,431.0,True,True,True,True,0,0.0,
5387,Rev5,5,W186,AE-3200,CH-B,EXT-04,Extreme Edge,0.96,114.5,75.87,69.12,69.52,432.7,False,True,True,True,2,8.12,pressure_spike
5388,Rev5,5,W186,AE-3200,CH-B,EXT-05,Extreme Edge,0.96,147.3,75.41,72.54,66.5,456.1,False,True,True,False,2,10.65,
5389,Rev5,5,W186,AE-3200,CH-B,EXT-06,Extreme Edge,0.96,180.0,74.32,70.2,71.27,431.5,True,True,False,True,1,4.31,polymer_residue
5390,Rev5,5,W186,AE-3200,CH-B,EXT-07,Extreme Edge,0.96,212.7,74.67,71.66,68.58,448.6,True,True,True,True,1,1.94,
5391,Rev5,5,W186,AE-3200,CH-B,EXT-08,Extreme Edge,0.96,245.5,73.73,69.97,70.96,451.1,True,True,False,True,0,0.0,
5392,Rev5,5,W186,AE-3200,CH-B,EXT-09,Extreme Edge,0.96,278.2,75.12,69.98,72.76,443.9,True,True,False,True,1,6.44,
5393,Rev5,5,W186,AE-3200,CH-B,EXT-10,Extreme Edge,0.96,310.9,75.16,68.92,71.87,457.4,True,True,False,False,4,9.91,pressure_spike
5394,Rev5,5,W186,AE-3200,CH-B,EXT-11,Extreme Edge,0.96,343.6,75.3,71.09,72.08,459.2,False,True,False,False,1,3.58,
5395,Rev4,4,W187,AE-3200,CH-A,C1,Center,0.0,0.0,73.28,71.43,64.47,452.3,True,True,True,False,0,0.0,
5396,Rev4,4,W187,AE-3200,CH-A,MID-01,Mid,0.52,30.0,75.17,69.09,66.76,444.1,True,True,True,True,0,0.0,
5397,Rev4,4,W187,AE-3200,CH-A,MID-02,Mid,0.52,90.0,73.86,70.73,67.59,430.7,True,True,True,True,0,0.0,
5398,Rev4,4,W187,AE-3200,CH-A,MID-03,Mid,0.52,150.0,74.24,70.98,66.15,502.1,True,True,True,False,0,0.0,
5399,Rev4,4,W187,AE-3200,CH-A,MID-04,Mid,0.52,210.0,72.18,68.19,65.6,450.9,True,True,True,True,0,0.0,
5400,Rev4,4,W187,AE-3200,CH-A,MID-05,Mid,0.52,270.0,73.39,70.69,68.42,423.4,True,True,True,True,0,0.0,
5401,Rev4,4,W187,AE-3200,CH-A,MID-06,Mid,0.52,330.0,72.0,70.92,69.1,468.4,True,True,True,False,0,0.0,
5402,Rev4,4,W187,AE-3200,CH-A,EDG-01,Edge,0.84,0.0,72.71,68.16,67.46,419.0,True,True,True,True,0,0.0,
5403,Rev4,4,W187,AE-3200,CH-A,EDG-02,Edge,0.84,32.7,73.85,69.24,64.81,469.6,True,True,True,False,0,0.0,
5404,Rev4,4,W187,AE-3200,CH-A,EDG-03,Edge,0.84,65.5,73.25,70.05,68.85,449.7,True,True,True,True,0,0.0,
5405,Rev4,4,W187,AE-3200,CH-A,EDG-04,Edge,0.84,98.2,71.34,70.94,67.6,458.7,True,True,True,False,1,5.03,
5406,Rev4,4,W187,AE-3200,CH-A,EDG-05,Edge,0.84,130.9,70.91,69.69,66.62,437.2,True,True,True,True,0,0.0,
5407,Rev4,4,W187,AE-3200,CH-A,EDG-06,Edge,0.84,163.6,73.94,69.59,72.57,428.5,True,True,False,True,0,0.0,
5408,Rev4,4,W187,AE-3200,CH-A,EDG-07,Edge,0.84,196.4,75.35,73.78,71.17,439.4,False,False,False,True,2,5.16,polymer_residue
5409,Rev4,4,W187,AE-3200,CH-A,EDG-08,Edge,0.84,229.1,73.74,72.61,62.65,448.1,True,True,True,True,0,0.0,
5410,Rev4,4,W187,AE-3200,CH-A,EDG-09,Edge,0.84,261.8,73.09,73.37,68.72,443.8,True,False,True,True,0,0.0,
5411,Rev4,4,W187,AE-3200,CH-A,EDG-10,Edge,0.84,294.5,76.77,71.32,68.3,446.3,False,True,True,True,0,0.0,
5412,Rev4,4,W187,AE-3200,CH-A,EDG-11,Edge,0.84,327.3,73.7,67.99,67.66,460.7,True,True,True,False,0,0.0,
5413,Rev4,4,W187,AE-3200,CH-A,EXT-01,Extreme Edge,0.96,16.4,71.31,73.32,67.11,483.3,True,False,True,False,0,0.0,
5414,Rev4,4,W187,AE-3200,CH-A,EXT-02,Extreme Edge,0.96,49.1,74.45,71.35,71.14,443.4,True,True,False,True,1,2.48,pressure_spike
5415,Rev4,4,W187,AE-3200,CH-A,EXT-03,Extreme Edge,0.96,81.8,74.4,68.85,71.52,464.1,True,True,False,False,3,7.8,polymer_residue
5416,Rev4,4,W187,AE-3200,CH-A,EXT-04,Extreme Edge,0.96,114.5,72.57,70.6,67.99,429.1,True,True,True,True,1,4.99,
5417,Rev4,4,W187,AE-3200,CH-A,EXT-05,Extreme Edge,0.96,147.3,75.67,72.38,66.65,443.3,False,True,True,True,1,4.36,
5418,Rev4,4,W187,AE-3200,CH-A,EXT-06,Extreme Edge,0.96,180.0,72.58,73.94,66.87,408.1,True,False,True,True,0,0.0,
5419,Rev4,4,W187,AE-3200,CH-A,EXT-07,Extreme Edge,0.96,212.7,72.02,70.86,69.39,473.8,True,True,True,False,1,5.39,
5420,Rev4,4,W187,AE-3200,CH-A,EXT-08,Extreme Edge,0.96,245.5,77.45,75.18,70.69,466.9,False,False,False,False,0,0.0,
5421,Rev4,4,W187,AE-3200,CH-A,EXT-09,Extreme Edge,0.96,278.2,75.34,72.71,66.2,433.1,False,True,True,True,0,0.0,
5422,Rev4,4,W187,AE-3200,CH-A,EXT-10,Extreme Edge,0.96,310.9,72.14,71.79,69.07,455.2,True,True,True,False,0,0.0,
5423,Rev4,4,W187,AE-3200,CH-A,EXT-11,Extreme Edge,0.96,343.6,72.43,73.35,70.95,449.6,True,False,False,True,1,5.83,endpoint_late
5424,Rev6,6,W188,PX-7500,CH-C,C1,Center,0.0,0.0,70.23,70.69,62.57,448.2,True,True,True,True,0,0.0,
5425,Rev6,6,W188,PX-7500,CH-C,MID-01,Mid,0.52,30.0,70.6,69.68,61.08,471.4,True,True,True,False,0,0.0,
5426,Rev6,6,W188,PX-7500,CH-C,MID-02,Mid,0.52,90.0,69.9,70.51,68.36,411.3,True,True,True,True,0,0.0,
5427,Rev6,6,W188,PX-7500,CH-C,MID-03,Mid,0.52,150.0,72.18,70.02,72.81,418.9,True,True,False,True,0,0.0,
5428,Rev6,6,W188,PX-7500,CH-C,MID-04,Mid,0.52,210.0,72.72,68.43,66.24,431.9,True,True,True,True,1,5.08,
5429,Rev6,6,W188,PX-7500,CH-C,MID-05,Mid,0.52,270.0,74.89,69.2,67.34,474.3,True,True,True,False,0,0.0,
5430,Rev6,6,W188,PX-7500,CH-C,MID-06,Mid,0.52,330.0,72.76,68.81,64.28,408.4,True,True,True,True,1,5.38,pressure_spike
5431,Rev6,6,W188,PX-7500,CH-C,EDG-01,Edge,0.84,0.0,73.14,67.7,65.65,430.7,True,True,True,True,0,0.0,
5432,Rev6,6,W188,PX-7500,CH-C,EDG-02,Edge,0.84,32.7,75.98,69.96,65.9,450.3,False,True,True,True,3,17.16,arc_event
5433,Rev6,6,W188,PX-7500,CH-C,EDG-03,Edge,0.84,65.5,74.77,70.36,64.67,418.7,True,True,True,True,1,3.55,
5434,Rev6,6,W188,PX-7500,CH-C,EDG-04,Edge,0.84,98.2,75.78,72.3,61.25,447.5,False,True,True,True,0,0.0,
5435,Rev6,6,W188,PX-7500,CH-C,EDG-05,Edge,0.84,130.9,73.4,72.12,72.77,439.0,True,True,False,True,1,4.77,
5436,Rev6,6,W188,PX-7500,CH-C,EDG-06,Edge,0.84,163.6,72.42,66.5,65.04,439.4,True,True,True,True,0,0.0,
5437,Rev6,6,W188,PX-7500,CH-C,EDG-07,Edge,0.84,196.4,74.25,70.3,67.05,442.0,True,True,True,True,0,0.0,
5438,Rev6,6,W188,PX-7500,CH-C,EDG-08,Edge,0.84,229.1,72.06,71.5,64.9,476.3,True,True,True,False,1,2.29,
5439,Rev6,6,W188,PX-7500,CH-C,EDG-09,Edge,0.84,261.8,72.13,72.73,67.52,449.8,True,True,True,True,1,3.24,pressure_spike
5440,Rev6,6,W188,PX-7500,CH-C,EDG-10,Edge,0.84,294.5,72.48,71.31,67.85,438.5,True,True,True,True,0,0.0,
5441,Rev6,6,W188,PX-7500,CH-C,EDG-11,Edge,0.84,327.3,72.06,70.4,65.23,420.7,True,True,True,True,2,12.13,polymer_residue
5442,Rev6,6,W188,PX-7500,CH-C,EXT-01,Extreme Edge,0.96,16.4,76.32,72.41,67.21,441.2,False,True,True,True,2,5.82,polymer_residue
5443,Rev6,6,W188,PX-7500,CH-C,EXT-02,Extreme Edge,0.96,49.1,71.42,68.97,67.57,405.4,True,True,True,True,0,0.0,
5444,Rev6,6,W188,PX-7500,CH-C,EXT-03,Extreme Edge,0.96,81.8,73.32,72.58,71.66,419.3,True,True,False,True,0,0.0,
5445,Rev6,6,W188,PX-7500,CH-C,EXT-04,Extreme Edge,0.96,114.5,73.64,71.04,67.6,433.4,True,True,True,True,0,0.0,
5446,Rev6,6,W188,PX-7500,CH-C,EXT-05,Extreme Edge,0.96,147.3,74.89,70.68,71.99,430.3,True,True,False,True,1,2.14,
5447,Rev6,6,W188,PX-7500,CH-C,EXT-06,Extreme Edge,0.96,180.0,75.11,71.08,62.11,415.5,True,True,True,True,2,6.87,polymer_residue
5448,Rev6,6,W188,PX-7500,CH-C,EXT-07,Extreme Edge,0.96,212.7,75.05,69.87,69.12,415.4,True,True,True,True,0,0.0,
5449,Rev6,6,W188,PX-7500,CH-C,EXT-08,Extreme Edge,0.96,245.5,72.62,72.9,70.82,432.0,True,False,False,True,2,9.13,
5450,Rev6,6,W188,PX-7500,CH-C,EXT-09,Extreme Edge,0.96,278.2,72.66,71.51,67.16,449.3,True,True,True,True,0,0.0,
5451,Rev6,6,W188,PX-7500,CH-C,EXT-10,Extreme Edge,0.96,310.9,75.13,70.83,64.88,456.8,True,True,True,False,0,0.0,
5452,Rev6,6,W188,PX-7500,CH-C,EXT-11,Extreme Edge,0.96,343.6,70.0,73.07,71.6,429.8,True,False,False,True,1,4.31,
5453,Rev10,10,W189,PX-7500,CH-C,C1,Center,0.0,0.0,68.47,70.27,70.07,364.9,True,True,True,False,0,0.0,
5454,Rev10,10,W189,PX-7500,CH-C,MID-01,Mid,0.52,30.0,73.94,66.85,70.31,416.4,True,True,True,True,0,0.0,
5455,Rev10,10,W189,PX-7500,CH-C,MID-02,Mid,0.52,90.0,71.18,69.03,66.77,333.7,True,True,True,False,0,0.0,
5456,Rev10,10,W189,PX-7500,CH-C,MID-03,Mid,0.52,150.0,71.8,71.39,69.24,389.8,True,True,True,True,0,0.0,
5457,Rev10,10,W189,PX-7500,CH-C,MID-04,Mid,0.52,210.0,70.89,66.31,68.36,410.9,True,True,True,True,0,0.0,
5458,Rev10,10,W189,PX-7500,CH-C,MID-05,Mid,0.52,270.0,70.66,67.04,68.44,382.6,True,True,True,True,0,0.0,
5459,Rev10,10,W189,PX-7500,CH-C,MID-06,Mid,0.52,330.0,72.08,65.65,68.97,397.3,True,True,True,True,0,0.0,
5460,Rev10,10,W189,PX-7500,CH-C,EDG-01,Edge,0.84,0.0,74.04,67.97,71.92,386.8,True,True,False,True,0,0.0,
5461,Rev10,10,W189,PX-7500,CH-C,EDG-02,Edge,0.84,32.7,73.41,70.26,67.92,367.6,True,True,True,False,1,6.08,
5462,Rev10,10,W189,PX-7500,CH-C,EDG-03,Edge,0.84,65.5,74.81,71.32,69.13,378.5,True,True,True,True,0,0.0,
5463,Rev10,10,W189,PX-7500,CH-C,EDG-04,Edge,0.84,98.2,75.2,71.01,70.25,389.7,True,True,True,True,0,0.0,
5464,Rev10,10,W189,PX-7500,CH-C,EDG-05,Edge,0.84,130.9,73.47,71.23,70.32,374.7,True,True,True,False,1,2.52,polymer_residue
5465,Rev10,10,W189,PX-7500,CH-C,EDG-06,Edge,0.84,163.6,73.77,68.46,67.69,376.9,True,True,True,True,0,0.0,
5466,Rev10,10,W189,PX-7500,CH-C,EDG-07,Edge,0.84,196.4,73.53,72.25,69.99,391.9,True,True,True,True,1,3.54,
5467,Rev10,10,W189,PX-7500,CH-C,EDG-08,Edge,0.84,229.1,73.57,68.43,66.96,357.8,True,True,True,False,0,0.0,
5468,Rev10,10,W189,PX-7500,CH-C,EDG-09,Edge,0.84,261.8,74.52,71.61,70.55,407.2,True,True,True,True,0,0.0,
5469,Rev10,10,W189,PX-7500,CH-C,EDG-10,Edge,0.84,294.5,71.2,68.13,67.37,389.9,True,True,True,True,0,0.0,
5470,Rev10,10,W189,PX-7500,CH-C,EDG-11,Edge,0.84,327.3,71.37,69.83,73.57,369.5,True,True,False,False,0,0.0,
5471,Rev10,10,W189,PX-7500,CH-C,EXT-01,Extreme Edge,0.96,16.4,77.25,69.88,76.37,389.1,False,True,False,True,1,4.07,polymer_residue
5472,Rev10,10,W189,PX-7500,CH-C,EXT-02,Extreme Edge,0.96,49.1,74.43,70.74,71.53,384.5,True,True,False,True,3,18.13,
5473,Rev10,10,W189,PX-7500,CH-C,EXT-03,Extreme Edge,0.96,81.8,74.96,71.66,63.87,341.3,True,True,True,False,1,2.61,
5474,Rev10,10,W189,PX-7500,CH-C,EXT-04,Extreme Edge,0.96,114.5,76.04,68.8,75.48,396.2,False,True,False,True,0,0.0,
5475,Rev10,10,W189,PX-7500,CH-C,EXT-05,Extreme Edge,0.96,147.3,76.14,68.67,66.71,378.8,False,True,True,True,0,0.0,
5476,Rev10,10,W189,PX-7500,CH-C,EXT-06,Extreme Edge,0.96,180.0,74.48,70.6,70.92,379.9,True,True,False,True,1,5.18,polymer_residue
5477,Rev10,10,W189,PX-7500,CH-C,EXT-07,Extreme Edge,0.96,212.7,72.6,72.07,71.46,453.1,True,True,False,False,0,0.0,
5478,Rev10,10,W189,PX-7500,CH-C,EXT-08,Extreme Edge,0.96,245.5,74.55,71.56,65.81,353.7,True,True,True,False,1,5.87,
5479,Rev10,10,W189,PX-7500,CH-C,EXT-09,Extreme Edge,0.96,278.2,72.05,69.24,73.44,404.3,True,True,False,True,2,11.29,
5480,Rev10,10,W189,PX-7500,CH-C,EXT-10,Extreme Edge,0.96,310.9,75.78,69.76,70.3,363.3,False,True,True,False,3,8.07,endpoint_late
5481,Rev10,10,W189,PX-7500,CH-C,EXT-11,Extreme Edge,0.96,343.6,73.7,69.17,74.24,399.9,True,True,False,True,0,0.0,
5482,Rev1,1,W190,AE-3200,CH-B,C1,Center,0.0,0.0,72.59,67.95,61.46,426.0,True,True,True,True,0,0.0,
5483,Rev1,1,W190,AE-3200,CH-B,MID-01,Mid,0.52,30.0,70.55,69.17,61.71,421.3,True,True,True,True,0,0.0,
5484,Rev1,1,W190,AE-3200,CH-B,MID-02,Mid,0.52,90.0,72.3,69.12,63.12,397.5,True,True,True,True,0,0.0,
5485,Rev1,1,W190,AE-3200,CH-B,MID-03,Mid,0.52,150.0,72.54,67.84,63.33,390.3,True,True,True,True,0,0.0,
5486,Rev1,1,W190,AE-3200,CH-B,MID-04,Mid,0.52,210.0,71.04,70.35,64.26,412.4,True,True,True,True,0,0.0,
5487,Rev1,1,W190,AE-3200,CH-B,MID-05,Mid,0.52,270.0,71.66,68.0,68.81,431.6,True,True,True,True,0,0.0,
5488,Rev1,1,W190,AE-3200,CH-B,MID-06,Mid,0.52,330.0,74.03,67.79,71.33,456.1,True,True,False,False,0,0.0,
5489,Rev1,1,W190,AE-3200,CH-B,EDG-01,Edge,0.84,0.0,72.14,69.66,65.83,427.5,True,True,True,True,0,0.0,
5490,Rev1,1,W190,AE-3200,CH-B,EDG-02,Edge,0.84,32.7,72.39,73.14,72.57,428.7,True,False,False,True,1,4.63,endpoint_late
5491,Rev1,1,W190,AE-3200,CH-B,EDG-03,Edge,0.84,65.5,72.03,70.11,68.06,481.8,True,True,True,False,0,0.0,
5492,Rev1,1,W190,AE-3200,CH-B,EDG-04,Edge,0.84,98.2,75.81,66.98,65.7,405.4,False,True,True,True,1,3.14,
5493,Rev1,1,W190,AE-3200,CH-B,EDG-05,Edge,0.84,130.9,72.0,67.21,65.66,437.3,True,True,True,True,1,4.06,polymer_residue
5494,Rev1,1,W190,AE-3200,CH-B,EDG-06,Edge,0.84,163.6,73.37,71.04,72.36,389.1,True,True,False,True,0,0.0,
5495,Rev1,1,W190,AE-3200,CH-B,EDG-07,Edge,0.84,196.4,73.06,70.86,62.44,414.2,True,True,True,True,0,0.0,
5496,Rev1,1,W190,AE-3200,CH-B,EDG-08,Edge,0.84,229.1,71.83,70.47,67.71,397.3,True,True,True,True,1,3.73,polymer_residue
5497,Rev1,1,W190,AE-3200,CH-B,EDG-09,Edge,0.84,261.8,71.94,69.15,68.61,397.0,True,True,True,True,1,4.15,endpoint_late
5498,Rev1,1,W190,AE-3200,CH-B,EDG-10,Edge,0.84,294.5,72.59,71.31,65.1,457.3,True,True,True,False,1,4.12,polymer_residue
5499,Rev1,1,W190,AE-3200,CH-B,EDG-11,Edge,0.84,327.3,74.54,71.39,67.87,444.2,True,True,True,True,0,0.0,
5500,Rev1,1,W190,AE-3200,CH-B,EXT-01,Extreme Edge,0.96,16.4,73.84,70.49,67.66,465.0,True,True,True,False,0,0.0,
5501,Rev1,1,W190,AE-3200,CH-B,EXT-02,Extreme Edge,0.96,49.1,72.84,70.25,62.53,435.4,True,True,True,True,0,0.0,
5502,Rev1,1,W190,AE-3200,CH-B,EXT-03,Extreme Edge,0.96,81.8,73.29,71.19,65.57,456.6,True,True,True,False,0,0.0,
5503,Rev1,1,W190,AE-3200,CH-B,EXT-04,Extreme Edge,0.96,114.5,73.59,71.87,67.58,454.1,True,True,True,False,0,0.0,
5504,Rev1,1,W190,AE-3200,CH-B,EXT-05,Extreme Edge,0.96,147.3,74.17,69.24,74.67,440.9,True,True,False,True,1,6.48,
5505,Rev1,1,W190,AE-3200,CH-B,EXT-06,Extreme Edge,0.96,180.0,72.29,73.24,71.78,422.1,True,False,False,True,1,4.91,polymer_residue
5506,Rev1,1,W190,AE-3200,CH-B,EXT-07,Extreme Edge,0.96,212.7,73.88,74.38,67.71,453.9,True,False,True,False,0,0.0,
5507,Rev1,1,W190,AE-3200,CH-B,EXT-08,Extreme Edge,0.96,245.5,73.84,69.71,67.04,425.8,True,True,True,True,0,0.0,
5508,Rev1,1,W190,AE-3200,CH-B,EXT-09,Extreme Edge,0.96,278.2,72.92,73.58,65.1,485.9,True,False,True,False,0,0.0,
5509,Rev1,1,W190,AE-3200,CH-B,EXT-10,Extreme Edge,0.96,310.9,71.37,74.78,71.86,449.2,True,False,False,True,0,0.0,
5510,Rev1,1,W190,AE-3200,CH-B,EXT-11,Extreme Edge,0.96,343.6,74.28,71.6,67.68,379.7,True,True,True,True,0,0.0,
5511,Rev11,11,W191,PX-7500,CH-D,C1,Center,0.0,0.0,73.52,68.53,62.0,419.5,True,True,True,True,0,0.0,
5512,Rev11,11,W191,PX-7500,CH-D,MID-01,Mid,0.52,30.0,70.96,68.21,67.71,402.1,True,True,True,True,0,0.0,
5513,Rev11,11,W191,PX-7500,CH-D,MID-02,Mid,0.52,90.0,70.75,65.8,73.34,433.3,True,True,False,True,1,2.92,polymer_residue
5514,Rev11,11,W191,PX-7500,CH-D,MID-03,Mid,0.52,150.0,71.51,68.24,70.07,432.2,True,True,True,True,1,5.02,esc_temp_drift
5515,Rev11,11,W191,PX-7500,CH-D,MID-04,Mid,0.52,210.0,73.48,67.08,66.42,453.0,True,True,True,False,1,4.96,polymer_residue
5516,Rev11,11,W191,PX-7500,CH-D,MID-05,Mid,0.52,270.0,72.02,68.55,67.08,445.2,True,True,True,True,0,0.0,
5517,Rev11,11,W191,PX-7500,CH-D,MID-06,Mid,0.52,330.0,72.08,68.49,70.71,449.1,True,True,False,True,1,5.92,polymer_residue
5518,Rev11,11,W191,PX-7500,CH-D,EDG-01,Edge,0.84,0.0,71.74,72.61,70.04,464.1,True,True,True,False,0,0.0,
5519,Rev11,11,W191,PX-7500,CH-D,EDG-02,Edge,0.84,32.7,73.46,69.83,70.64,409.5,True,True,False,True,2,12.64,
5520,Rev11,11,W191,PX-7500,CH-D,EDG-03,Edge,0.84,65.5,70.69,69.21,70.75,461.2,True,True,False,False,1,4.02,
5521,Rev11,11,W191,PX-7500,CH-D,EDG-04,Edge,0.84,98.2,72.12,70.5,72.21,445.8,True,True,False,True,0,0.0,
5522,Rev11,11,W191,PX-7500,CH-D,EDG-05,Edge,0.84,130.9,72.8,68.63,67.92,477.3,True,True,True,False,1,2.17,polymer_residue
5523,Rev11,11,W191,PX-7500,CH-D,EDG-06,Edge,0.84,163.6,72.89,65.98,64.49,414.6,True,True,True,True,0,0.0,
5524,Rev11,11,W191,PX-7500,CH-D,EDG-07,Edge,0.84,196.4,73.27,70.62,73.44,467.8,True,True,False,False,0,0.0,
5525,Rev11,11,W191,PX-7500,CH-D,EDG-08,Edge,0.84,229.1,73.02,68.96,69.38,439.9,True,True,True,True,0,0.0,
5526,Rev11,11,W191,PX-7500,CH-D,EDG-09,Edge,0.84,261.8,69.24,69.26,77.58,447.2,True,True,False,True,2,4.07,
5527,Rev11,11,W191,PX-7500,CH-D,EDG-10,Edge,0.84,294.5,71.33,66.06,71.64,447.6,True,True,False,True,1,5.84,
5528,Rev11,11,W191,PX-7500,CH-D,EDG-11,Edge,0.84,327.3,70.78,68.36,72.79,407.9,True,True,False,True,0,0.0,
5529,Rev11,11,W191,PX-7500,CH-D,EXT-01,Extreme Edge,0.96,16.4,72.1,70.09,69.22,425.7,True,True,True,True,0,0.0,
5530,Rev11,11,W191,PX-7500,CH-D,EXT-02,Extreme Edge,0.96,49.1,72.69,68.47,70.04,461.1,True,True,True,False,0,0.0,
5531,Rev11,11,W191,PX-7500,CH-D,EXT-03,Extreme Edge,0.96,81.8,76.45,70.1,70.58,435.5,False,True,True,True,0,0.0,
5532,Rev11,11,W191,PX-7500,CH-D,EXT-04,Extreme Edge,0.96,114.5,71.5,72.73,68.93,458.5,True,True,True,False,1,3.12,
5533,Rev11,11,W191,PX-7500,CH-D,EXT-05,Extreme Edge,0.96,147.3,73.75,67.93,72.55,470.8,True,True,False,False,1,4.45,
5534,Rev11,11,W191,PX-7500,CH-D,EXT-06,Extreme Edge,0.96,180.0,72.39,70.61,75.02,454.1,True,True,False,False,1,2.51,
5535,Rev11,11,W191,PX-7500,CH-D,EXT-07,Extreme Edge,0.96,212.7,75.17,72.05,70.01,422.3,True,True,True,True,0,0.0,
5536,Rev11,11,W191,PX-7500,CH-D,EXT-08,Extreme Edge,0.96,245.5,74.12,69.3,68.03,428.4,True,True,True,True,0,0.0,
5537,Rev11,11,W191,PX-7500,CH-D,EXT-09,Extreme Edge,0.96,278.2,73.77,68.67,77.7,442.3,True,True,False,True,0,0.0,
5538,Rev11,11,W191,PX-7500,CH-D,EXT-10,Extreme Edge,0.96,310.9,73.92,70.13,67.76,464.0,True,True,True,False,0,0.0,
5539,Rev11,11,W191,PX-7500,CH-D,EXT-11,Extreme Edge,0.96,343.6,72.01,71.14,72.05,460.6,True,True,False,False,3,8.84,endpoint_late
5540,Rev5,5,W192,AE-3200,CH-B,C1,Center,0.0,0.0,73.28,68.69,64.87,426.8,True,True,True,True,1,2.58,
5541,Rev5,5,W192,AE-3200,CH-B,MID-01,Mid,0.52,30.0,71.48,70.72,68.97,452.2,True,True,True,False,0,0.0,
5542,Rev5,5,W192,AE-3200,CH-B,MID-02,Mid,0.52,90.0,72.22,69.32,64.84,493.3,True,True,True,False,0,0.0,
5543,Rev5,5,W192,AE-3200,CH-B,MID-03,Mid,0.52,150.0,70.32,69.61,67.67,472.4,True,True,True,False,0,0.0,
5544,Rev5,5,W192,AE-3200,CH-B,MID-04,Mid,0.52,210.0,71.75,72.07,72.88,462.2,True,True,False,False,1,2.61,
5545,Rev5,5,W192,AE-3200,CH-B,MID-05,Mid,0.52,270.0,71.34,72.95,69.98,459.9,True,False,True,False,0,0.0,
5546,Rev5,5,W192,AE-3200,CH-B,MID-06,Mid,0.52,330.0,72.49,70.53,63.79,457.7,True,True,True,False,2,11.75,
5547,Rev5,5,W192,AE-3200,CH-B,EDG-01,Edge,0.84,0.0,74.39,72.22,68.85,454.6,True,True,True,False,0,0.0,
5548,Rev5,5,W192,AE-3200,CH-B,EDG-02,Edge,0.84,32.7,71.51,68.04,66.77,453.5,True,True,True,False,1,5.82,polymer_residue
5549,Rev5,5,W192,AE-3200,CH-B,EDG-03,Edge,0.84,65.5,75.05,69.52,66.18,483.7,True,True,True,False,0,0.0,
5550,Rev5,5,W192,AE-3200,CH-B,EDG-04,Edge,0.84,98.2,71.62,70.61,70.3,481.4,True,True,True,False,2,12.01,
5551,Rev5,5,W192,AE-3200,CH-B,EDG-05,Edge,0.84,130.9,73.16,71.72,71.61,442.5,True,True,False,True,2,4.88,
5552,Rev5,5,W192,AE-3200,CH-B,EDG-06,Edge,0.84,163.6,72.51,73.18,70.16,480.5,True,False,True,False,0,0.0,
5553,Rev5,5,W192,AE-3200,CH-B,EDG-07,Edge,0.84,196.4,73.36,72.09,68.35,454.3,True,True,True,False,0,0.0,
5554,Rev5,5,W192,AE-3200,CH-B,EDG-08,Edge,0.84,229.1,73.95,72.88,69.73,477.3,True,False,True,False,0,0.0,
5555,Rev5,5,W192,AE-3200,CH-B,EDG-09,Edge,0.84,261.8,73.63,71.25,69.52,424.6,True,True,True,True,0,0.0,
5556,Rev5,5,W192,AE-3200,CH-B,EDG-10,Edge,0.84,294.5,71.31,70.01,66.29,454.5,True,True,True,False,1,5.86,
5557,Rev5,5,W192,AE-3200,CH-B,EDG-11,Edge,0.84,327.3,74.5,72.95,72.01,420.9,True,False,False,True,0,0.0,
5558,Rev5,5,W192,AE-3200,CH-B,EXT-01,Extreme Edge,0.96,16.4,73.88,70.59,71.03,439.8,True,True,False,True,1,2.76,polymer_residue
5559,Rev5,5,W192,AE-3200,CH-B,EXT-02,Extreme Edge,0.96,49.1,71.72,72.12,70.6,451.2,True,True,False,True,0,0.0,
5560,Rev5,5,W192,AE-3200,CH-B,EXT-03,Extreme Edge,0.96,81.8,72.93,69.41,68.8,470.8,True,True,True,False,1,5.69,pressure_spike
5561,Rev5,5,W192,AE-3200,CH-B,EXT-04,Extreme Edge,0.96,114.5,73.28,69.59,72.32,462.0,True,True,False,False,0,0.0,
5562,Rev5,5,W192,AE-3200,CH-B,EXT-05,Extreme Edge,0.96,147.3,72.71,72.19,67.35,439.6,True,True,True,True,0,0.0,
5563,Rev5,5,W192,AE-3200,CH-B,EXT-06,Extreme Edge,0.96,180.0,73.04,74.13,67.9,451.1,True,False,True,True,2,7.25,endpoint_late
5564,Rev5,5,W192,AE-3200,CH-B,EXT-07,Extreme Edge,0.96,212.7,73.21,70.85,66.89,445.8,True,True,True,True,0,0.0,
5565,Rev5,5,W192,AE-3200,CH-B,EXT-08,Extreme Edge,0.96,245.5,74.94,71.47,74.11,459.6,True,True,False,False,2,4.38,
5566,Rev5,5,W192,AE-3200,CH-B,EXT-09,Extreme Edge,0.96,278.2,73.97,72.18,73.2,518.5,True,True,False,False,0,0.0,
5567,Rev5,5,W192,AE-3200,CH-B,EXT-10,Extreme Edge,0.96,310.9,72.24,72.2,69.78,452.3,True,True,True,False,2,8.14,endpoint_late
5568,Rev5,5,W192,AE-3200,CH-B,EXT-11,Extreme Edge,0.96,343.6,72.06,73.74,67.6,476.2,True,False,True,False,0,0.0,
5569,Rev7,7,W193,PX-7500,CH-D,C1,Center,0.0,0.0,73.22,66.99,58.28,408.3,True,True,False,True,0,0.0,
5570,Rev7,7,W193,PX-7500,CH-D,MID-01,Mid,0.52,30.0,73.39,70.56,55.52,409.7,True,True,False,True,0,0.0,
5571,Rev7,7,W193,PX-7500,CH-D,MID-02,Mid,0.52,90.0,73.69,67.49,69.1,401.7,True,True,True,True,0,0.0,
5572,Rev7,7,W193,PX-7500,CH-D,MID-03,Mid,0.52,150.0,74.44,69.6,64.79,421.1,True,True,True,True,0,0.0,
5573,Rev7,7,W193,PX-7500,CH-D,MID-04,Mid,0.52,210.0,74.82,70.26,65.05,407.8,True,True,True,True,0,0.0,
5574,Rev7,7,W193,PX-7500,CH-D,MID-05,Mid,0.52,270.0,73.47,69.35,62.98,406.7,True,True,True,True,0,0.0,
5575,Rev7,7,W193,PX-7500,CH-D,MID-06,Mid,0.52,330.0,75.24,69.5,60.66,422.0,False,True,True,True,0,0.0,
5576,Rev7,7,W193,PX-7500,CH-D,EDG-01,Edge,0.84,0.0,75.36,69.4,66.31,398.8,False,True,True,True,0,0.0,
5577,Rev7,7,W193,PX-7500,CH-D,EDG-02,Edge,0.84,32.7,75.85,70.74,67.57,407.3,False,True,True,True,0,0.0,
5578,Rev7,7,W193,PX-7500,CH-D,EDG-03,Edge,0.84,65.5,74.36,71.98,70.64,408.3,True,True,False,True,0,0.0,
5579,Rev7,7,W193,PX-7500,CH-D,EDG-04,Edge,0.84,98.2,76.48,75.03,67.99,396.0,False,False,True,True,5,15.72,esc_temp_drift
5580,Rev7,7,W193,PX-7500,CH-D,EDG-05,Edge,0.84,130.9,75.7,72.66,63.45,365.8,False,True,True,False,0,0.0,
5581,Rev7,7,W193,PX-7500,CH-D,EDG-06,Edge,0.84,163.6,72.34,71.76,72.07,407.9,True,True,False,True,1,5.6,
5582,Rev7,7,W193,PX-7500,CH-D,EDG-07,Edge,0.84,196.4,76.82,70.44,66.19,422.6,False,True,True,True,1,6.07,
5583,Rev7,7,W193,PX-7500,CH-D,EDG-08,Edge,0.84,229.1,75.77,68.26,78.3,381.2,False,True,False,True,0,0.0,
5584,Rev7,7,W193,PX-7500,CH-D,EDG-09,Edge,0.84,261.8,73.4,70.01,70.6,415.9,True,True,True,True,0,0.0,
5585,Rev7,7,W193,PX-7500,CH-D,EDG-10,Edge,0.84,294.5,75.25,69.01,68.97,412.6,False,True,True,True,0,0.0,
5586,Rev7,7,W193,PX-7500,CH-D,EDG-11,Edge,0.84,327.3,75.45,71.24,64.96,346.5,False,True,True,False,0,0.0,
5587,Rev7,7,W193,PX-7500,CH-D,EXT-01,Extreme Edge,0.96,16.4,74.41,75.02,64.62,395.3,True,False,True,True,1,3.12,
5588,Rev7,7,W193,PX-7500,CH-D,EXT-02,Extreme Edge,0.96,49.1,74.74,74.32,64.84,418.0,True,False,True,True,1,4.35,polymer_residue
5589,Rev7,7,W193,PX-7500,CH-D,EXT-03,Extreme Edge,0.96,81.8,76.28,73.25,65.03,402.3,False,False,True,True,0,0.0,
5590,Rev7,7,W193,PX-7500,CH-D,EXT-04,Extreme Edge,0.96,114.5,77.63,71.75,68.14,423.6,False,True,True,True,1,2.33,arc_event
5591,Rev7,7,W193,PX-7500,CH-D,EXT-05,Extreme Edge,0.96,147.3,76.53,70.65,66.94,401.4,False,True,True,True,1,3.5,polymer_residue
5592,Rev7,7,W193,PX-7500,CH-D,EXT-06,Extreme Edge,0.96,180.0,76.52,72.69,67.89,416.0,False,True,True,True,1,6.47,
5593,Rev7,7,W193,PX-7500,CH-D,EXT-07,Extreme Edge,0.96,212.7,76.53,68.76,64.26,396.7,False,True,True,True,0,0.0,
5594,Rev7,7,W193,PX-7500,CH-D,EXT-08,Extreme Edge,0.96,245.5,76.08,70.18,73.1,405.2,False,True,False,True,1,3.58,polymer_residue
5595,Rev7,7,W193,PX-7500,CH-D,EXT-09,Extreme Edge,0.96,278.2,75.37,71.66,71.16,397.8,False,True,False,True,1,3.35,polymer_residue
5596,Rev7,7,W193,PX-7500,CH-D,EXT-10,Extreme Edge,0.96,310.9,78.01,69.24,71.27,364.9,False,True,False,False,0,0.0,
5597,Rev7,7,W193,PX-7500,CH-D,EXT-11,Extreme Edge,0.96,343.6,76.7,71.95,69.39,382.0,False,True,True,True,2,4.48,
5598,Rev2,2,W194,PX-7500,CH-C,C1,Center,0.0,0.0,73.02,70.64,70.18,425.2,True,True,True,True,0,0.0,
5599,Rev2,2,W194,PX-7500,CH-C,MID-01,Mid,0.52,30.0,73.46,72.06,67.86,452.8,True,True,True,False,0,0.0,
5600,Rev2,2,W194,PX-7500,CH-C,MID-02,Mid,0.52,90.0,73.03,70.85,65.6,460.3,True,True,True,False,2,7.82,
5601,Rev2,2,W194,PX-7500,CH-C,MID-03,Mid,0.52,150.0,69.29,70.93,68.93,469.1,True,True,True,False,0,0.0,
5602,Rev2,2,W194,PX-7500,CH-C,MID-04,Mid,0.52,210.0,73.82,73.64,68.84,453.8,True,False,True,False,1,4.83,
5603,Rev2,2,W194,PX-7500,CH-C,MID-05,Mid,0.52,270.0,71.36,70.1,58.83,480.4,True,True,False,False,1,5.34,polymer_residue
5604,Rev2,2,W194,PX-7500,CH-C,MID-06,Mid,0.52,330.0,70.74,68.56,59.42,466.6,True,True,True,False,0,0.0,
5605,Rev2,2,W194,PX-7500,CH-C,EDG-01,Edge,0.84,0.0,76.5,70.98,63.72,454.5,False,True,True,False,0,0.0,
5606,Rev2,2,W194,PX-7500,CH-C,EDG-02,Edge,0.84,32.7,72.78,71.33,72.78,443.6,True,True,False,True,0,0.0,
5607,Rev2,2,W194,PX-7500,CH-C,EDG-03,Edge,0.84,65.5,77.6,72.11,71.37,463.8,False,True,False,False,0,0.0,
5608,Rev2,2,W194,PX-7500,CH-C,EDG-04,Edge,0.84,98.2,72.72,71.04,65.75,488.8,True,True,True,False,0,0.0,
5609,Rev2,2,W194,PX-7500,CH-C,EDG-05,Edge,0.84,130.9,73.79,72.51,67.26,495.0,True,True,True,False,0,0.0,
5610,Rev2,2,W194,PX-7500,CH-C,EDG-06,Edge,0.84,163.6,73.76,72.59,68.66,454.8,True,True,True,False,0,0.0,
5611,Rev2,2,W194,PX-7500,CH-C,EDG-07,Edge,0.84,196.4,73.12,72.27,72.63,462.8,True,True,False,False,0,0.0,
5612,Rev2,2,W194,PX-7500,CH-C,EDG-08,Edge,0.84,229.1,75.39,73.32,67.52,446.6,False,False,True,True,0,0.0,
5613,Rev2,2,W194,PX-7500,CH-C,EDG-09,Edge,0.84,261.8,74.01,71.35,69.81,458.3,True,True,True,False,0,0.0,
5614,Rev2,2,W194,PX-7500,CH-C,EDG-10,Edge,0.84,294.5,74.34,70.26,67.48,479.0,True,True,True,False,1,4.3,
5615,Rev2,2,W194,PX-7500,CH-C,EDG-11,Edge,0.84,327.3,76.58,73.15,63.95,431.6,False,False,True,True,1,4.39,pressure_spike
5616,Rev2,2,W194,PX-7500,CH-C,EXT-01,Extreme Edge,0.96,16.4,73.24,71.35,73.02,486.2,True,True,False,False,2,10.25,polymer_residue
5617,Rev2,2,W194,PX-7500,CH-C,EXT-02,Extreme Edge,0.96,49.1,74.54,72.77,70.26,447.0,True,True,True,True,1,3.94,
5618,Rev2,2,W194,PX-7500,CH-C,EXT-03,Extreme Edge,0.96,81.8,77.19,71.75,69.19,431.8,False,True,True,True,1,3.63,polymer_residue
5619,Rev2,2,W194,PX-7500,CH-C,EXT-04,Extreme Edge,0.96,114.5,73.52,72.03,69.29,452.6,True,True,True,False,0,0.0,
5620,Rev2,2,W194,PX-7500,CH-C,EXT-05,Extreme Edge,0.96,147.3,76.25,70.15,71.64,451.0,False,True,False,True,0,0.0,
5621,Rev2,2,W194,PX-7500,CH-C,EXT-06,Extreme Edge,0.96,180.0,75.78,73.25,74.49,491.7,False,False,False,False,3,7.81,polymer_residue
5622,Rev2,2,W194,PX-7500,CH-C,EXT-07,Extreme Edge,0.96,212.7,76.05,71.43,66.16,459.5,False,True,True,False,1,4.59,
5623,Rev2,2,W194,PX-7500,CH-C,EXT-08,Extreme Edge,0.96,245.5,73.25,71.85,68.59,455.0,True,True,True,False,0,0.0,
5624,Rev2,2,W194,PX-7500,CH-C,EXT-09,Extreme Edge,0.96,278.2,75.65,72.84,59.5,498.6,False,False,True,False,1,2.55,polymer_residue
5625,Rev2,2,W194,PX-7500,CH-C,EXT-10,Extreme Edge,0.96,310.9,74.27,75.64,66.65,469.6,True,False,True,False,2,4.92,esc_temp_drift
5626,Rev2,2,W194,PX-7500,CH-C,EXT-11,Extreme Edge,0.96,343.6,72.42,73.68,67.24,441.3,True,False,True,True,1,2.99,
5627,Rev8,8,W195,AE-3200,CH-A,C1,Center,0.0,0.0,72.41,68.95,63.93,415.6,True,True,True,True,0,0.0,
5628,Rev8,8,W195,AE-3200,CH-A,MID-01,Mid,0.52,30.0,73.98,72.29,67.96,425.8,True,True,True,True,0,0.0,
5629,Rev8,8,W195,AE-3200,CH-A,MID-02,Mid,0.52,90.0,74.55,69.45,70.12,385.7,True,True,True,True,0,0.0,
5630,Rev8,8,W195,AE-3200,CH-A,MID-03,Mid,0.52,150.0,76.7,70.01,67.26,416.9,False,True,True,True,0,0.0,
5631,Rev8,8,W195,AE-3200,CH-A,MID-04,Mid,0.52,210.0,74.14,70.15,69.23,420.8,True,True,True,True,0,0.0,
5632,Rev8,8,W195,AE-3200,CH-A,MID-05,Mid,0.52,270.0,74.03,71.5,70.49,417.7,True,True,True,True,0,0.0,
5633,Rev8,8,W195,AE-3200,CH-A,MID-06,Mid,0.52,330.0,75.39,70.25,68.23,416.5,False,True,True,True,1,5.52,polymer_residue
5634,Rev8,8,W195,AE-3200,CH-A,EDG-01,Edge,0.84,0.0,73.74,72.96,69.29,412.4,True,False,True,True,1,5.66,polymer_residue
5635,Rev8,8,W195,AE-3200,CH-A,EDG-02,Edge,0.84,32.7,75.65,71.96,69.39,461.7,False,True,True,False,2,11.71,polymer_residue
5636,Rev8,8,W195,AE-3200,CH-A,EDG-03,Edge,0.84,65.5,74.3,72.88,70.21,424.1,True,False,True,True,0,0.0,
5637,Rev8,8,W195,AE-3200,CH-A,EDG-04,Edge,0.84,98.2,73.53,71.57,66.4,437.4,True,True,True,True,0,0.0,
5638,Rev8,8,W195,AE-3200,CH-A,EDG-05,Edge,0.84,130.9,75.37,70.78,67.15,423.7,False,True,True,True,0,0.0,
5639,Rev8,8,W195,AE-3200,CH-A,EDG-06,Edge,0.84,163.6,78.23,69.56,68.59,419.5,False,True,True,True,0,0.0,
5640,Rev8,8,W195,AE-3200,CH-A,EDG-07,Edge,0.84,196.4,75.73,72.99,64.55,431.8,False,False,True,True,1,2.02,polymer_residue
5641,Rev8,8,W195,AE-3200,CH-A,EDG-08,Edge,0.84,229.1,76.56,75.45,68.48,418.0,False,False,True,True,0,0.0,
5642,Rev8,8,W195,AE-3200,CH-A,EDG-09,Edge,0.84,261.8,78.2,67.5,68.3,461.2,False,True,True,False,0,0.0,
5643,Rev8,8,W195,AE-3200,CH-A,EDG-10,Edge,0.84,294.5,73.85,72.57,70.96,432.2,True,True,False,True,3,13.43,endpoint_late
5644,Rev8,8,W195,AE-3200,CH-A,EDG-11,Edge,0.84,327.3,75.59,70.16,69.45,440.6,False,True,True,True,0,0.0,
5645,Rev8,8,W195,AE-3200,CH-A,EXT-01,Extreme Edge,0.96,16.4,76.23,74.09,69.03,425.9,False,False,True,True,0,0.0,
5646,Rev8,8,W195,AE-3200,CH-A,EXT-02,Extreme Edge,0.96,49.1,74.96,71.46,66.24,433.9,True,True,True,True,0,0.0,
5647,Rev8,8,W195,AE-3200,CH-A,EXT-03,Extreme Edge,0.96,81.8,75.21,75.2,69.12,439.6,False,False,True,True,0,0.0,
5648,Rev8,8,W195,AE-3200,CH-A,EXT-04,Extreme Edge,0.96,114.5,75.44,71.41,68.83,437.2,False,True,True,True,0,0.0,
5649,Rev8,8,W195,AE-3200,CH-A,EXT-05,Extreme Edge,0.96,147.3,76.07,73.35,66.03,410.7,False,False,True,True,0,0.0,
5650,Rev8,8,W195,AE-3200,CH-A,EXT-06,Extreme Edge,0.96,180.0,77.8,72.36,64.02,372.0,False,True,True,False,2,8.87,esc_temp_drift
5651,Rev8,8,W195,AE-3200,CH-A,EXT-07,Extreme Edge,0.96,212.7,74.87,72.49,69.3,435.8,True,True,True,True,0,0.0,
5652,Rev8,8,W195,AE-3200,CH-A,EXT-08,Extreme Edge,0.96,245.5,77.37,71.22,67.83,411.6,False,True,True,True,0,0.0,
5653,Rev8,8,W195,AE-3200,CH-A,EXT-09,Extreme Edge,0.96,278.2,75.42,68.55,63.88,452.9,False,True,True,False,0,0.0,
5654,Rev8,8,W195,AE-3200,CH-A,EXT-10,Extreme Edge,0.96,310.9,75.09,70.73,69.02,436.3,True,True,True,True,1,2.14,
5655,Rev8,8,W195,AE-3200,CH-A,EXT-11,Extreme Edge,0.96,343.6,78.31,72.52,68.08,399.2,False,True,True,True,1,5.07,
5656,Rev11,11,W196,PX-7500,CH-D,C1,Center,0.0,0.0,71.06,64.14,62.38,404.6,True,False,True,True,0,0.0,
5657,Rev11,11,W196,PX-7500,CH-D,MID-01,Mid,0.52,30.0,73.91,68.22,71.67,435.1,True,True,False,True,0,0.0,
5658,Rev11,11,W196,PX-7500,CH-D,MID-02,Mid,0.52,90.0,72.36,70.1,66.66,450.5,True,True,True,True,0,0.0,
5659,Rev11,11,W196,PX-7500,CH-D,MID-03,Mid,0.52,150.0,73.65,66.77,72.16,400.9,True,True,False,True,0,0.0,
5660,Rev11,11,W196,PX-7500,CH-D,MID-04,Mid,0.52,210.0,72.77,69.58,75.14,408.4,True,True,False,True,0,0.0,
5661,Rev11,11,W196,PX-7500,CH-D,MID-05,Mid,0.52,270.0,73.89,65.48,67.71,432.9,True,False,True,True,0,0.0,
5662,Rev11,11,W196,PX-7500,CH-D,MID-06,Mid,0.52,330.0,70.8,69.17,71.0,475.8,True,True,False,False,0,0.0,
5663,Rev11,11,W196,PX-7500,CH-D,EDG-01,Edge,0.84,0.0,72.82,66.45,73.13,425.3,True,True,False,True,0,0.0,
5664,Rev11,11,W196,PX-7500,CH-D,EDG-02,Edge,0.84,32.7,74.79,67.23,69.95,409.9,True,True,True,True,1,4.45,polymer_residue
5665,Rev11,11,W196,PX-7500,CH-D,EDG-03,Edge,0.84,65.5,72.53,66.32,70.66,457.0,True,True,False,False,1,3.81,
5666,Rev11,11,W196,PX-7500,CH-D,EDG-04,Edge,0.84,98.2,72.32,68.96,67.65,418.6,True,True,True,True,0,0.0,
5667,Rev11,11,W196,PX-7500,CH-D,EDG-05,Edge,0.84,130.9,73.66,71.81,70.71,410.9,True,True,False,True,0,0.0,
5668,Rev11,11,W196,PX-7500,CH-D,EDG-06,Edge,0.84,163.6,72.79,68.67,73.82,431.6,True,True,False,True,3,7.05,endpoint_late
5669,Rev11,11,W196,PX-7500,CH-D,EDG-07,Edge,0.84,196.4,74.3,68.91,74.5,420.9,True,True,False,True,1,4.5,polymer_residue
5670,Rev11,11,W196,PX-7500,CH-D,EDG-08,Edge,0.84,229.1,72.06,65.46,68.24,436.9,True,False,True,True,0,0.0,
5671,Rev11,11,W196,PX-7500,CH-D,EDG-09,Edge,0.84,261.8,74.12,69.22,66.99,434.4,True,True,True,True,0,0.0,
5672,Rev11,11,W196,PX-7500,CH-D,EDG-10,Edge,0.84,294.5,75.1,68.35,69.23,379.8,True,True,True,True,0,0.0,
5673,Rev11,11,W196,PX-7500,CH-D,EDG-11,Edge,0.84,327.3,71.69,69.79,75.36,413.2,True,True,False,True,0,0.0,
5674,Rev11,11,W196,PX-7500,CH-D,EXT-01,Extreme Edge,0.96,16.4,74.98,69.92,72.18,432.2,True,True,False,True,0,0.0,
5675,Rev11,11,W196,PX-7500,CH-D,EXT-02,Extreme Edge,0.96,49.1,74.21,69.96,69.76,408.5,True,True,True,True,0,0.0,
5676,Rev11,11,W196,PX-7500,CH-D,EXT-03,Extreme Edge,0.96,81.8,75.05,69.0,67.16,419.5,True,True,True,True,3,9.78,esc_temp_drift
5677,Rev11,11,W196,PX-7500,CH-D,EXT-04,Extreme Edge,0.96,114.5,75.15,70.56,73.26,446.6,True,True,False,True,1,1.96,pressure_spike
5678,Rev11,11,W196,PX-7500,CH-D,EXT-05,Extreme Edge,0.96,147.3,75.15,68.23,71.65,436.2,True,True,False,True,2,10.39,polymer_residue
5679,Rev11,11,W196,PX-7500,CH-D,EXT-06,Extreme Edge,0.96,180.0,73.81,68.76,76.7,427.4,True,True,False,True,2,3.79,polymer_residue
5680,Rev11,11,W196,PX-7500,CH-D,EXT-07,Extreme Edge,0.96,212.7,74.78,71.86,71.26,416.7,True,True,False,True,0,0.0,
5681,Rev11,11,W196,PX-7500,CH-D,EXT-08,Extreme Edge,0.96,245.5,73.88,67.78,69.51,383.8,True,True,True,True,1,5.35,
5682,Rev11,11,W196,PX-7500,CH-D,EXT-09,Extreme Edge,0.96,278.2,73.49,71.33,76.26,405.7,True,True,False,True,1,2.89,
5683,Rev11,11,W196,PX-7500,CH-D,EXT-10,Extreme Edge,0.96,310.9,71.78,66.78,70.2,444.3,True,True,True,True,2,9.62,pressure_spike
5684,Rev11,11,W196,PX-7500,CH-D,EXT-11,Extreme Edge,0.96,343.6,73.99,68.32,74.09,412.1,True,True,False,True,1,5.67,
5685,Rev10,10,W197,PX-7500,CH-C,C1,Center,0.0,0.0,69.54,68.48,66.0,404.9,True,True,True,True,1,4.62,polymer_residue
5686,Rev10,10,W197,PX-7500,CH-C,MID-01,Mid,0.52,30.0,74.29,70.49,67.29,368.2,True,True,True,False,0,0.0,
5687,Rev10,10,W197,PX-7500,CH-C,MID-02,Mid,0.52,90.0,72.47,69.2,69.82,368.2,True,True,True,False,2,9.0,
5688,Rev10,10,W197,PX-7500,CH-C,MID-03,Mid,0.52,150.0,72.56,68.66,65.54,395.7,True,True,True,True,0,0.0,
5689,Rev10,10,W197,PX-7500,CH-C,MID-04,Mid,0.52,210.0,71.94,67.57,70.26,380.3,True,True,True,True,0,0.0,
5690,Rev10,10,W197,PX-7500,CH-C,MID-05,Mid,0.52,270.0,73.34,70.0,70.41,400.6,True,True,True,True,0,0.0,
5691,Rev10,10,W197,PX-7500,CH-C,MID-06,Mid,0.52,330.0,70.74,71.28,70.92,391.5,True,True,False,True,1,3.16,
5692,Rev10,10,W197,PX-7500,CH-C,EDG-01,Edge,0.84,0.0,74.47,71.54,71.59,405.4,True,True,False,True,0,0.0,
5693,Rev10,10,W197,PX-7500,CH-C,EDG-02,Edge,0.84,32.7,73.22,73.35,70.63,407.1,True,False,False,True,3,18.77,endpoint_late
5694,Rev10,10,W197,PX-7500,CH-C,EDG-03,Edge,0.84,65.5,72.0,72.01,67.57,397.9,True,True,True,True,0,0.0,
5695,Rev10,10,W197,PX-7500,CH-C,EDG-04,Edge,0.84,98.2,72.68,69.47,68.34,391.3,True,True,True,True,0,0.0,
5696,Rev10,10,W197,PX-7500,CH-C,EDG-05,Edge,0.84,130.9,72.36,70.34,65.82,413.6,True,True,True,True,0,0.0,
5697,Rev10,10,W197,PX-7500,CH-C,EDG-06,Edge,0.84,163.6,75.3,72.28,63.01,410.9,False,True,True,True,3,11.22,esc_temp_drift
5698,Rev10,10,W197,PX-7500,CH-C,EDG-07,Edge,0.84,196.4,72.29,69.35,67.61,402.0,True,True,True,True,0,0.0,
5699,Rev10,10,W197,PX-7500,CH-C,EDG-08,Edge,0.84,229.1,74.34,72.92,71.18,389.1,True,False,False,True,0,0.0,
5700,Rev10,10,W197,PX-7500,CH-C,EDG-09,Edge,0.84,261.8,72.87,71.29,59.86,387.9,True,True,True,True,0,0.0,
5701,Rev10,10,W197,PX-7500,CH-C,EDG-10,Edge,0.84,294.5,74.55,73.13,68.14,383.0,True,False,True,True,0,0.0,
5702,Rev10,10,W197,PX-7500,CH-C,EDG-11,Edge,0.84,327.3,73.55,68.13,63.16,403.5,True,True,True,True,0,0.0,
5703,Rev10,10,W197,PX-7500,CH-C,EXT-01,Extreme Edge,0.96,16.4,74.32,72.17,70.18,414.1,True,True,True,True,0,0.0,
5704,Rev10,10,W197,PX-7500,CH-C,EXT-02,Extreme Edge,0.96,49.1,73.93,70.7,67.29,395.3,True,True,True,True,0,0.0,
5705,Rev10,10,W197,PX-7500,CH-C,EXT-03,Extreme Edge,0.96,81.8,74.45,73.22,67.76,389.0,True,False,True,True,0,0.0,
5706,Rev10,10,W197,PX-7500,CH-C,EXT-04,Extreme Edge,0.96,114.5,73.38,69.59,67.0,421.3,True,True,True,True,1,5.3,polymer_residue
5707,Rev10,10,W197,PX-7500,CH-C,EXT-05,Extreme Edge,0.96,147.3,75.56,74.14,66.45,385.3,False,False,True,True,3,11.68,
5708,Rev10,10,W197,PX-7500,CH-C,EXT-06,Extreme Edge,0.96,180.0,74.12,72.6,65.01,377.2,True,True,True,True,0,0.0,
5709,Rev10,10,W197,PX-7500,CH-C,EXT-07,Extreme Edge,0.96,212.7,73.17,73.58,66.86,408.3,True,False,True,True,0,0.0,
5710,Rev10,10,W197,PX-7500,CH-C,EXT-08,Extreme Edge,0.96,245.5,74.66,73.98,65.42,439.4,True,False,True,True,1,4.81,polymer_residue
5711,Rev10,10,W197,PX-7500,CH-C,EXT-09,Extreme Edge,0.96,278.2,74.22,70.17,66.75,399.2,True,True,True,True,0,0.0,
5712,Rev10,10,W197,PX-7500,CH-C,EXT-10,Extreme Edge,0.96,310.9,74.29,71.4,69.08,362.9,True,True,True,False,1,5.25,polymer_residue
5713,Rev10,10,W197,PX-7500,CH-C,EXT-11,Extreme Edge,0.96,343.6,75.61,70.02,65.45,377.7,False,True,True,True,3,12.44,
5714,Rev8,8,W198,AE-3200,CH-A,C1,Center,0.0,0.0,74.94,72.02,70.21,388.6,True,True,True,True,0,0.0,
5715,Rev8,8,W198,AE-3200,CH-A,MID-01,Mid,0.52,30.0,74.76,73.14,70.22,414.9,True,False,True,True,0,0.0,
5716,Rev8,8,W198,AE-3200,CH-A,MID-02,Mid,0.52,90.0,72.8,73.89,69.6,404.1,True,False,True,True,1,3.44,
5717,Rev8,8,W198,AE-3200,CH-A,MID-03,Mid,0.52,150.0,74.37,70.27,69.99,414.5,True,True,True,True,0,0.0,
5718,Rev8,8,W198,AE-3200,CH-A,MID-04,Mid,0.52,210.0,72.83,69.59,67.59,413.3,True,True,True,True,0,0.0,
5719,Rev8,8,W198,AE-3200,CH-A,MID-05,Mid,0.52,270.0,74.88,71.24,66.07,421.1,True,True,True,True,0,0.0,
5720,Rev8,8,W198,AE-3200,CH-A,MID-06,Mid,0.52,330.0,74.99,74.34,69.75,365.2,True,False,True,False,0,0.0,
5721,Rev8,8,W198,AE-3200,CH-A,EDG-01,Edge,0.84,0.0,73.46,73.52,70.85,417.9,True,False,False,True,1,2.3,arc_event
5722,Rev8,8,W198,AE-3200,CH-A,EDG-02,Edge,0.84,32.7,73.27,75.13,63.97,397.5,True,False,True,True,0,0.0,
5723,Rev8,8,W198,AE-3200,CH-A,EDG-03,Edge,0.84,65.5,75.54,74.58,68.06,431.0,False,False,True,True,0,0.0,
5724,Rev8,8,W198,AE-3200,CH-A,EDG-04,Edge,0.84,98.2,74.38,70.58,64.72,417.3,True,True,True,True,1,5.18,
5725,Rev8,8,W198,AE-3200,CH-A,EDG-05,Edge,0.84,130.9,70.94,72.83,67.43,419.9,True,False,True,True,1,4.44,
5726,Rev8,8,W198,AE-3200,CH-A,EDG-06,Edge,0.84,163.6,74.89,72.59,70.76,442.4,True,True,False,True,0,0.0,
5727,Rev8,8,W198,AE-3200,CH-A,EDG-07,Edge,0.84,196.4,75.77,72.89,69.43,396.3,False,False,True,True,1,5.6,
5728,Rev8,8,W198,AE-3200,CH-A,EDG-08,Edge,0.84,229.1,77.53,76.58,69.26,407.8,False,False,True,True,0,0.0,
5729,Rev8,8,W198,AE-3200,CH-A,EDG-09,Edge,0.84,261.8,76.98,72.46,65.46,422.3,False,True,True,True,1,3.31,polymer_residue
5730,Rev8,8,W198,AE-3200,CH-A,EDG-10,Edge,0.84,294.5,73.98,74.79,71.0,358.6,True,False,False,False,0,0.0,
5731,Rev8,8,W198,AE-3200,CH-A,EDG-11,Edge,0.84,327.3,74.41,72.06,72.24,400.9,True,True,False,True,0,0.0,
5732,Rev8,8,W198,AE-3200,CH-A,EXT-01,Extreme Edge,0.96,16.4,77.55,70.31,69.73,425.8,False,True,True,True,0,0.0,
5733,Rev8,8,W198,AE-3200,CH-A,EXT-02,Extreme Edge,0.96,49.1,77.45,75.55,67.67,427.5,False,False,True,True,1,5.2,
5734,Rev8,8,W198,AE-3200,CH-A,EXT-03,Extreme Edge,0.96,81.8,75.29,75.07,68.56,400.2,False,False,True,True,0,0.0,
5735,Rev8,8,W198,AE-3200,CH-A,EXT-04,Extreme Edge,0.96,114.5,76.89,75.83,71.1,396.7,False,False,False,True,2,11.37,arc_event
5736,Rev8,8,W198,AE-3200,CH-A,EXT-05,Extreme Edge,0.96,147.3,76.57,73.8,68.7,429.3,False,False,True,True,1,2.5,
5737,Rev8,8,W198,AE-3200,CH-A,EXT-06,Extreme Edge,0.96,180.0,73.55,69.86,65.51,389.0,True,True,True,True,0,0.0,
5738,Rev8,8,W198,AE-3200,CH-A,EXT-07,Extreme Edge,0.96,212.7,75.72,74.46,70.24,422.3,False,False,True,True,1,4.14,polymer_residue
5739,Rev8,8,W198,AE-3200,CH-A,EXT-08,Extreme Edge,0.96,245.5,75.76,72.89,71.7,425.0,False,False,False,True,1,3.59,
5740,Rev8,8,W198,AE-3200,CH-A,EXT-09,Extreme Edge,0.96,278.2,78.82,74.85,69.16,386.2,False,False,True,True,0,0.0,
5741,Rev8,8,W198,AE-3200,CH-A,EXT-10,Extreme Edge,0.96,310.9,74.72,69.94,72.25,410.4,True,True,False,True,1,3.03,
5742,Rev8,8,W198,AE-3200,CH-A,EXT-11,Extreme Edge,0.96,343.6,75.54,74.53,68.24,421.2,False,False,True,True,2,9.36,polymer_residue
5743,Rev4,4,W199,AE-3200,CH-A,C1,Center,0.0,0.0,71.56,70.05,67.26,428.4,True,True,True,True,0,0.0,
5744,Rev4,4,W199,AE-3200,CH-A,MID-01,Mid,0.52,30.0,73.92,69.19,61.57,377.7,True,True,True,True,0,0.0,
5745,Rev4,4,W199,AE-3200,CH-A,MID-02,Mid,0.52,90.0,75.95,71.09,66.19,436.5,False,True,True,True,1,6.02,polymer_residue
5746,Rev4,4,W199,AE-3200,CH-A,MID-03,Mid,0.52,150.0,75.58,71.11,71.1,414.6,False,True,False,True,0,0.0,
5747,Rev4,4,W199,AE-3200,CH-A,MID-04,Mid,0.52,210.0,74.65,69.93,71.18,398.7,True,True,False,True,0,0.0,
5748,Rev4,4,W199,AE-3200,CH-A,MID-05,Mid,0.52,270.0,74.9,69.81,68.83,453.1,True,True,True,False,0,0.0,
5749,Rev4,4,W199,AE-3200,CH-A,MID-06,Mid,0.52,330.0,73.25,70.26,68.29,426.4,True,True,True,True,0,0.0,
5750,Rev4,4,W199,AE-3200,CH-A,EDG-01,Edge,0.84,0.0,76.55,73.74,71.15,431.3,False,False,False,True,0,0.0,
5751,Rev4,4,W199,AE-3200,CH-A,EDG-02,Edge,0.84,32.7,76.25,71.96,71.01,454.9,False,True,False,False,1,2.75,
5752,Rev4,4,W199,AE-3200,CH-A,EDG-03,Edge,0.84,65.5,75.37,75.11,73.85,411.7,False,False,False,True,1,3.41,
5753,Rev4,4,W199,AE-3200,CH-A,EDG-04,Edge,0.84,98.2,76.31,68.29,73.44,449.1,False,True,False,True,1,4.25,
5754,Rev4,4,W199,AE-3200,CH-A,EDG-05,Edge,0.84,130.9,75.19,68.13,69.59,454.7,True,True,True,False,0,0.0,
5755,Rev4,4,W199,AE-3200,CH-A,EDG-06,Edge,0.84,163.6,75.33,75.7,70.65,411.8,False,False,False,True,2,5.76,endpoint_late
5756,Rev4,4,W199,AE-3200,CH-A,EDG-07,Edge,0.84,196.4,76.01,69.37,68.16,414.2,False,True,True,True,0,0.0,
5757,Rev4,4,W199,AE-3200,CH-A,EDG-08,Edge,0.84,229.1,77.9,70.81,68.04,445.9,False,True,True,True,0,0.0,
5758,Rev4,4,W199,AE-3200,CH-A,EDG-09,Edge,0.84,261.8,76.29,72.67,65.69,423.1,False,True,True,True,2,4.11,
5759,Rev4,4,W199,AE-3200,CH-A,EDG-10,Edge,0.84,294.5,74.86,70.24,67.41,437.5,True,True,True,True,0,0.0,
5760,Rev4,4,W199,AE-3200,CH-A,EDG-11,Edge,0.84,327.3,74.29,71.26,68.87,409.7,True,True,True,True,0,0.0,
5761,Rev4,4,W199,AE-3200,CH-A,EXT-01,Extreme Edge,0.96,16.4,78.03,74.08,69.09,414.5,False,False,True,True,0,0.0,
5762,Rev4,4,W199,AE-3200,CH-A,EXT-02,Extreme Edge,0.96,49.1,75.96,68.55,65.86,450.5,False,True,True,True,2,5.52,
5763,Rev4,4,W199,AE-3200,CH-A,EXT-03,Extreme Edge,0.96,81.8,76.02,74.55,69.28,421.1,False,False,True,True,1,6.28,polymer_residue
5764,Rev4,4,W199,AE-3200,CH-A,EXT-04,Extreme Edge,0.96,114.5,76.41,71.22,71.78,397.4,False,True,False,True,2,4.02,
5765,Rev4,4,W199,AE-3200,CH-A,EXT-05,Extreme Edge,0.96,147.3,77.78,71.59,71.97,453.7,False,True,False,False,0,0.0,
5766,Rev4,4,W199,AE-3200,CH-A,EXT-06,Extreme Edge,0.96,180.0,76.59,70.65,68.4,454.6,False,True,True,False,1,3.19,polymer_residue
5767,Rev4,4,W199,AE-3200,CH-A,EXT-07,Extreme Edge,0.96,212.7,74.87,69.71,72.33,424.9,True,True,False,True,1,5.31,esc_temp_drift
5768,Rev4,4,W199,AE-3200,CH-A,EXT-08,Extreme Edge,0.96,245.5,74.28,68.18,71.35,443.7,True,True,False,True,1,6.33,
5769,Rev4,4,W199,AE-3200,CH-A,EXT-09,Extreme Edge,0.96,278.2,77.37,70.39,70.51,440.7,False,True,True,True,2,5.31,polymer_residue
5770,Rev4,4,W199,AE-3200,CH-A,EXT-10,Extreme Edge,0.96,310.9,75.79,70.09,70.21,434.7,False,True,True,True,2,6.74,
5771,Rev4,4,W199,AE-3200,CH-A,EXT-11,Extreme Edge,0.96,343.6,75.32,69.27,67.5,418.1,False,True,True,True,0,0.0,
5772,Rev3,3,W200,PX-7500,CH-D,C1,Center,0.0,0.0,73.09,67.62,68.71,419.2,True,True,True,True,0,0.0,
5773,Rev3,3,W200,PX-7500,CH-D,MID-01,Mid,0.52,30.0,73.65,68.35,70.42,454.0,True,True,True,False,0,0.0,
5774,Rev3,3,W200,PX-7500,CH-D,MID-02,Mid,0.52,90.0,73.79,70.79,69.73,441.5,True,True,True,True,0,0.0,
5775,Rev3,3,W200,PX-7500,CH-D,MID-03,Mid,0.52,150.0,72.59,69.73,74.04,436.6,True,True,False,True,1,4.85,
5776,Rev3,3,W200,PX-7500,CH-D,MID-04,Mid,0.52,210.0,73.03,72.76,74.96,415.2,True,True,False,True,1,5.26,arc_event
5777,Rev3,3,W200,PX-7500,CH-D,MID-05,Mid,0.52,270.0,73.81,72.78,66.57,430.3,True,True,True,True,2,7.45,
5778,Rev3,3,W200,PX-7500,CH-D,MID-06,Mid,0.52,330.0,72.62,68.1,73.96,422.1,True,True,False,True,0,0.0,
5779,Rev3,3,W200,PX-7500,CH-D,EDG-01,Edge,0.84,0.0,73.29,71.74,64.62,406.0,True,True,True,True,1,4.75,
5780,Rev3,3,W200,PX-7500,CH-D,EDG-02,Edge,0.84,32.7,74.96,69.93,71.26,459.1,True,True,False,False,2,7.06,
5781,Rev3,3,W200,PX-7500,CH-D,EDG-03,Edge,0.84,65.5,73.66,70.51,76.82,446.1,True,True,False,True,0,0.0,
5782,Rev3,3,W200,PX-7500,CH-D,EDG-04,Edge,0.84,98.2,74.48,71.86,72.84,450.1,True,True,False,True,0,0.0,
5783,Rev3,3,W200,PX-7500,CH-D,EDG-05,Edge,0.84,130.9,74.57,70.28,65.96,437.1,True,True,True,True,0,0.0,
5784,Rev3,3,W200,PX-7500,CH-D,EDG-06,Edge,0.84,163.6,73.37,73.96,68.7,424.5,True,False,True,True,0,0.0,
5785,Rev3,3,W200,PX-7500,CH-D,EDG-07,Edge,0.84,196.4,76.74,73.36,67.37,409.8,False,False,True,True,1,2.44,
5786,Rev3,3,W200,PX-7500,CH-D,EDG-08,Edge,0.84,229.1,73.97,71.36,71.11,442.4,True,True,False,True,0,0.0,
5787,Rev3,3,W200,PX-7500,CH-D,EDG-09,Edge,0.84,261.8,75.01,76.19,70.39,442.1,True,False,True,True,0,0.0,
5788,Rev3,3,W200,PX-7500,CH-D,EDG-10,Edge,0.84,294.5,75.59,69.46,66.5,452.4,False,True,True,False,3,17.39,
5789,Rev3,3,W200,PX-7500,CH-D,EDG-11,Edge,0.84,327.3,74.25,70.69,63.41,452.3,True,True,True,False,2,4.53,polymer_residue
5790,Rev3,3,W200,PX-7500,CH-D,EXT-01,Extreme Edge,0.96,16.4,76.14,70.49,68.72,470.7,False,True,True,False,2,7.67,polymer_residue
5791,Rev3,3,W200,PX-7500,CH-D,EXT-02,Extreme Edge,0.96,49.1,75.92,73.47,69.45,444.8,False,False,True,True,5,32.35,
5792,Rev3,3,W200,PX-7500,CH-D,EXT-03,Extreme Edge,0.96,81.8,72.62,73.51,71.09,444.5,True,False,False,True,0,0.0,
5793,Rev3,3,W200,PX-7500,CH-D,EXT-04,Extreme Edge,0.96,114.5,75.34,73.83,73.7,410.1,False,False,False,True,0,0.0,
5794,Rev3,3,W200,PX-7500,CH-D,EXT-05,Extreme Edge,0.96,147.3,75.29,72.76,67.82,421.3,False,True,True,True,1,5.79,
5795,Rev3,3,W200,PX-7500,CH-D,EXT-06,Extreme Edge,0.96,180.0,77.61,71.82,68.95,403.0,False,True,True,True,1,2.66,
5796,Rev3,3,W200,PX-7500,CH-D,EXT-07,Extreme Edge,0.96,212.7,75.0,73.06,70.95,446.0,True,False,False,True,0,0.0,
5797,Rev3,3,W200,PX-7500,CH-D,EXT-08,Extreme Edge,0.96,245.5,76.06,72.95,72.88,433.4,False,False,False,True,1,5.6,polymer_residue
5798,Rev3,3,W200,PX-7500,CH-D,EXT-09,Extreme Edge,0.96,278.2,73.5,72.35,69.12,427.5,True,True,True,True,1,5.54,
5799,Rev3,3,W200,PX-7500,CH-D,EXT-10,Extreme Edge,0.96,310.9,74.13,74.11,73.42,465.4,True,False,False,False,0,0.0,
5800,Rev3,3,W200,PX-7500,CH-D,EXT-11,Extreme Edge,0.96,343.6,74.14,73.66,70.35,395.6,True,False,True,True,1,2.34,pressure_spike
5801,Rev2,2,W201,PX-7500,CH-C,C1,Center,0.0,0.0,71.12,66.63,61.43,432.5,True,True,True,True,0,0.0,
5802,Rev2,2,W201,PX-7500,CH-C,MID-01,Mid,0.52,30.0,72.18,68.05,67.49,431.7,True,True,True,True,0,0.0,
5803,Rev2,2,W201,PX-7500,CH-C,MID-02,Mid,0.52,90.0,71.89,64.49,59.76,450.4,True,False,True,True,1,3.67,polymer_residue
5804,Rev2,2,W201,PX-7500,CH-C,MID-03,Mid,0.52,150.0,73.94,68.98,64.73,435.1,True,True,True,True,0,0.0,
5805,Rev2,2,W201,PX-7500,CH-C,MID-04,Mid,0.52,210.0,73.28,71.27,65.3,448.8,True,True,True,True,0,0.0,
5806,Rev2,2,W201,PX-7500,CH-C,MID-05,Mid,0.52,270.0,72.23,65.97,67.81,429.1,True,True,True,True,0,0.0,
5807,Rev2,2,W201,PX-7500,CH-C,MID-06,Mid,0.52,330.0,71.78,68.65,54.92,446.3,True,True,False,True,0,0.0,
5808,Rev2,2,W201,PX-7500,CH-C,EDG-01,Edge,0.84,0.0,71.58,69.96,65.47,482.8,True,True,True,False,0,0.0,
5809,Rev2,2,W201,PX-7500,CH-C,EDG-02,Edge,0.84,32.7,72.79,67.77,62.24,498.0,True,True,True,False,0,0.0,
5810,Rev2,2,W201,PX-7500,CH-C,EDG-03,Edge,0.84,65.5,73.56,69.18,64.26,492.6,True,True,True,False,1,4.14,polymer_residue
5811,Rev2,2,W201,PX-7500,CH-C,EDG-04,Edge,0.84,98.2,72.99,70.6,62.34,444.3,True,True,True,True,0,0.0,
5812,Rev2,2,W201,PX-7500,CH-C,EDG-05,Edge,0.84,130.9,71.77,69.18,65.4,458.8,True,True,True,False,2,9.92,polymer_residue
5813,Rev2,2,W201,PX-7500,CH-C,EDG-06,Edge,0.84,163.6,72.82,71.18,61.89,420.4,True,True,True,True,0,0.0,
5814,Rev2,2,W201,PX-7500,CH-C,EDG-07,Edge,0.84,196.4,70.18,70.64,68.61,433.2,True,True,True,True,1,4.16,
5815,Rev2,2,W201,PX-7500,CH-C,EDG-08,Edge,0.84,229.1,76.28,71.46,66.1,434.5,False,True,True,True,0,0.0,
5816,Rev2,2,W201,PX-7500,CH-C,EDG-09,Edge,0.84,261.8,72.91,68.27,70.61,454.7,True,True,False,False,0,0.0,
5817,Rev2,2,W201,PX-7500,CH-C,EDG-10,Edge,0.84,294.5,72.74,73.46,67.31,428.5,True,False,True,True,1,5.47,
5818,Rev2,2,W201,PX-7500,CH-C,EDG-11,Edge,0.84,327.3,73.31,66.23,66.87,440.2,True,True,True,True,1,2.5,
5819,Rev2,2,W201,PX-7500,CH-C,EXT-01,Extreme Edge,0.96,16.4,71.97,72.82,63.9,450.8,True,False,True,True,2,4.64,polymer_residue
5820,Rev2,2,W201,PX-7500,CH-C,EXT-02,Extreme Edge,0.96,49.1,72.23,70.41,60.47,428.7,True,True,True,True,0,0.0,
5821,Rev2,2,W201,PX-7500,CH-C,EXT-03,Extreme Edge,0.96,81.8,74.54,68.23,66.29,457.8,True,True,True,False,0,0.0,
5822,Rev2,2,W201,PX-7500,CH-C,EXT-04,Extreme Edge,0.96,114.5,73.78,69.84,67.31,472.6,True,True,True,False,0,0.0,
5823,Rev2,2,W201,PX-7500,CH-C,EXT-05,Extreme Edge,0.96,147.3,74.19,69.0,65.02,472.3,True,True,True,False,1,2.98,pressure_spike
5824,Rev2,2,W201,PX-7500,CH-C,EXT-06,Extreme Edge,0.96,180.0,73.48,71.69,65.93,486.9,True,True,True,False,0,0.0,
5825,Rev2,2,W201,PX-7500,CH-C,EXT-07,Extreme Edge,0.96,212.7,75.07,72.14,69.42,438.8,True,True,True,True,0,0.0,
5826,Rev2,2,W201,PX-7500,CH-C,EXT-08,Extreme Edge,0.96,245.5,75.81,70.34,65.76,478.7,False,True,True,False,1,3.92,
5827,Rev2,2,W201,PX-7500,CH-C,EXT-09,Extreme Edge,0.96,278.2,74.59,69.47,63.34,457.4,True,True,True,False,1,5.09,
5828,Rev2,2,W201,PX-7500,CH-C,EXT-10,Extreme Edge,0.96,310.9,72.95,73.22,61.53,486.6,True,False,True,False,0,0.0,
5829,Rev2,2,W201,PX-7500,CH-C,EXT-11,Extreme Edge,0.96,343.6,75.3,70.71,71.69,472.1,False,True,False,False,1,2.94,
5830,Rev7,7,W202,PX-7500,CH-D,C1,Center,0.0,0.0,74.29,68.84,64.37,455.2,True,True,True,False,0,0.0,
5831,Rev7,7,W202,PX-7500,CH-D,MID-01,Mid,0.52,30.0,71.22,69.12,67.46,421.9,True,True,True,True,0,0.0,
5832,Rev7,7,W202,PX-7500,CH-D,MID-02,Mid,0.52,90.0,76.43,71.7,64.56,438.1,False,True,True,True,0,0.0,
5833,Rev7,7,W202,PX-7500,CH-D,MID-03,Mid,0.52,150.0,73.18,66.51,64.13,416.2,True,True,True,True,0,0.0,
5834,Rev7,7,W202,PX-7500,CH-D,MID-04,Mid,0.52,210.0,77.26,67.56,67.23,441.4,False,True,True,True,1,2.55,
5835,Rev7,7,W202,PX-7500,CH-D,MID-05,Mid,0.52,270.0,73.89,66.61,67.63,411.5,True,True,True,True,1,5.92,pressure_spike
5836,Rev7,7,W202,PX-7500,CH-D,MID-06,Mid,0.52,330.0,73.13,70.58,69.93,402.2,True,True,True,True,0,0.0,
5837,Rev7,7,W202,PX-7500,CH-D,EDG-01,Edge,0.84,0.0,74.47,69.88,73.3,426.3,True,True,False,True,0,0.0,
5838,Rev7,7,W202,PX-7500,CH-D,EDG-02,Edge,0.84,32.7,73.87,72.75,66.79,432.4,True,True,True,True,0,0.0,
5839,Rev7,7,W202,PX-7500,CH-D,EDG-03,Edge,0.84,65.5,73.65,66.13,69.13,427.0,True,True,True,True,0,0.0,
5840,Rev7,7,W202,PX-7500,CH-D,EDG-04,Edge,0.84,98.2,73.72,67.69,67.58,436.7,True,True,True,True,0,0.0,
5841,Rev7,7,W202,PX-7500,CH-D,EDG-05,Edge,0.84,130.9,73.18,68.41,69.5,408.3,True,True,True,True,1,3.94,polymer_residue
5842,Rev7,7,W202,PX-7500,CH-D,EDG-06,Edge,0.84,163.6,73.43,70.05,64.95,420.7,True,True,True,True,0,0.0,
5843,Rev7,7,W202,PX-7500,CH-D,EDG-07,Edge,0.84,196.4,76.61,70.25,68.78,420.2,False,True,True,True,0,0.0,
5844,Rev7,7,W202,PX-7500,CH-D,EDG-08,Edge,0.84,229.1,76.38,69.23,67.88,441.3,False,True,True,True,0,0.0,
5845,Rev7,7,W202,PX-7500,CH-D,EDG-09,Edge,0.84,261.8,75.58,68.51,68.94,463.0,False,True,True,False,1,5.02,
5846,Rev7,7,W202,PX-7500,CH-D,EDG-10,Edge,0.84,294.5,73.64,70.15,71.38,410.4,True,True,False,True,2,11.29,
5847,Rev7,7,W202,PX-7500,CH-D,EDG-11,Edge,0.84,327.3,75.46,69.41,66.78,466.1,False,True,True,False,1,6.14,
5848,Rev7,7,W202,PX-7500,CH-D,EXT-01,Extreme Edge,0.96,16.4,76.11,67.4,70.17,430.2,False,True,True,True,0,0.0,
5849,Rev7,7,W202,PX-7500,CH-D,EXT-02,Extreme Edge,0.96,49.1,75.34,70.54,68.88,446.5,False,True,True,True,1,4.28,
5850,Rev7,7,W202,PX-7500,CH-D,EXT-03,Extreme Edge,0.96,81.8,77.59,69.96,70.72,493.1,False,True,False,False,0,0.0,
5851,Rev7,7,W202,PX-7500,CH-D,EXT-04,Extreme Edge,0.96,114.5,75.35,68.79,66.36,432.8,False,True,True,True,0,0.0,
5852,Rev7,7,W202,PX-7500,CH-D,EXT-05,Extreme Edge,0.96,147.3,77.51,68.27,68.45,430.5,False,True,True,True,0,0.0,
5853,Rev7,7,W202,PX-7500,CH-D,EXT-06,Extreme Edge,0.96,180.0,78.37,69.07,67.55,403.9,False,True,True,True,0,0.0,
5854,Rev7,7,W202,PX-7500,CH-D,EXT-07,Extreme Edge,0.96,212.7,76.54,69.92,63.63,410.3,False,True,True,True,2,10.86,endpoint_late
5855,Rev7,7,W202,PX-7500,CH-D,EXT-08,Extreme Edge,0.96,245.5,71.43,67.63,67.21,414.4,True,True,True,True,2,10.52,
5856,Rev7,7,W202,PX-7500,CH-D,EXT-09,Extreme Edge,0.96,278.2,73.9,70.48,68.02,428.1,True,True,True,True,1,4.94,
5857,Rev7,7,W202,PX-7500,CH-D,EXT-10,Extreme Edge,0.96,310.9,77.07,68.58,65.63,430.6,False,True,True,True,0,0.0,
5858,Rev7,7,W202,PX-7500,CH-D,EXT-11,Extreme Edge,0.96,343.6,74.18,70.44,72.18,384.8,True,True,False,True,0,0.0,
5859,Rev6,6,W203,PX-7500,CH-C,C1,Center,0.0,0.0,70.76,67.23,62.22,419.0,True,True,True,True,0,0.0,
5860,Rev6,6,W203,PX-7500,CH-C,MID-01,Mid,0.52,30.0,74.74,68.09,59.47,463.1,True,True,True,False,0,0.0,
5861,Rev6,6,W203,PX-7500,CH-C,MID-02,Mid,0.52,90.0,70.46,68.56,68.58,448.2,True,True,True,True,0,0.0,
5862,Rev6,6,W203,PX-7500,CH-C,MID-03,Mid,0.52,150.0,71.44,71.63,61.81,434.3,True,True,True,True,0,0.0,
5863,Rev6,6,W203,PX-7500,CH-C,MID-04,Mid,0.52,210.0,69.95,74.74,66.21,428.5,True,False,True,True,0,0.0,
5864,Rev6,6,W203,PX-7500,CH-C,MID-05,Mid,0.52,270.0,72.42,70.43,68.73,431.1,True,True,True,True,0,0.0,
5865,Rev6,6,W203,PX-7500,CH-C,MID-06,Mid,0.52,330.0,72.43,70.28,66.58,429.0,True,True,True,True,0,0.0,
5866,Rev6,6,W203,PX-7500,CH-C,EDG-01,Edge,0.84,0.0,74.22,69.54,66.02,444.0,True,True,True,True,0,0.0,
5867,Rev6,6,W203,PX-7500,CH-C,EDG-02,Edge,0.84,32.7,72.98,71.46,65.91,455.0,True,True,True,False,0,0.0,
5868,Rev6,6,W203,PX-7500,CH-C,EDG-03,Edge,0.84,65.5,72.93,72.37,60.77,494.0,True,True,True,False,0,0.0,
5869,Rev6,6,W203,PX-7500,CH-C,EDG-04,Edge,0.84,98.2,71.82,71.76,64.77,468.2,True,True,True,False,0,0.0,
5870,Rev6,6,W203,PX-7500,CH-C,EDG-05,Edge,0.84,130.9,72.97,71.84,64.02,446.0,True,True,True,True,1,2.13,pressure_spike
5871,Rev6,6,W203,PX-7500,CH-C,EDG-06,Edge,0.84,163.6,72.52,72.08,64.7,466.7,True,True,True,False,1,5.56,polymer_residue
5872,Rev6,6,W203,PX-7500,CH-C,EDG-07,Edge,0.84,196.4,72.1,71.04,61.04,488.5,True,True,True,False,0,0.0,
5873,Rev6,6,W203,PX-7500,CH-C,EDG-08,Edge,0.84,229.1,73.63,71.35,65.0,425.9,True,True,True,True,0,0.0,
5874,Rev6,6,W203,PX-7500,CH-C,EDG-09,Edge,0.84,261.8,72.6,70.14,67.1,457.5,True,True,True,False,1,6.39,
5875,Rev6,6,W203,PX-7500,CH-C,EDG-10,Edge,0.84,294.5,72.83,72.17,64.95,471.5,True,True,True,False,0,0.0,
5876,Rev6,6,W203,PX-7500,CH-C,EDG-11,Edge,0.84,327.3,71.27,69.97,64.56,452.9,True,True,True,False,1,5.17,polymer_residue
5877,Rev6,6,W203,PX-7500,CH-C,EXT-01,Extreme Edge,0.96,16.4,77.84,74.85,69.1,471.7,False,False,True,False,0,0.0,
5878,Rev6,6,W203,PX-7500,CH-C,EXT-02,Extreme Edge,0.96,49.1,74.43,68.87,65.94,446.5,True,True,True,True,0,0.0,
5879,Rev6,6,W203,PX-7500,CH-C,EXT-03,Extreme Edge,0.96,81.8,74.03,75.43,67.2,458.1,True,False,True,False,2,12.69,esc_temp_drift
5880,Rev6,6,W203,PX-7500,CH-C,EXT-04,Extreme Edge,0.96,114.5,71.71,71.6,63.5,474.6,True,True,True,False,1,4.85,
5881,Rev6,6,W203,PX-7500,CH-C,EXT-05,Extreme Edge,0.96,147.3,75.3,74.93,64.42,473.6,False,False,True,False,0,0.0,
5882,Rev6,6,W203,PX-7500,CH-C,EXT-06,Extreme Edge,0.96,180.0,76.11,72.44,62.57,464.2,False,True,True,False,1,4.83,polymer_residue
5883,Rev6,6,W203,PX-7500,CH-C,EXT-07,Extreme Edge,0.96,212.7,72.93,74.07,63.39,483.9,True,False,True,False,1,2.91,polymer_residue
5884,Rev6,6,W203,PX-7500,CH-C,EXT-08,Extreme Edge,0.96,245.5,72.38,72.7,70.37,471.4,True,True,True,False,0,0.0,
5885,Rev6,6,W203,PX-7500,CH-C,EXT-09,Extreme Edge,0.96,278.2,75.44,72.18,66.9,430.2,False,True,True,True,1,5.58,
5886,Rev6,6,W203,PX-7500,CH-C,EXT-10,Extreme Edge,0.96,310.9,73.1,72.75,61.75,468.8,True,True,True,False,0,0.0,
5887,Rev6,6,W203,PX-7500,CH-C,EXT-11,Extreme Edge,0.96,343.6,73.07,71.37,62.54,424.8,True,True,True,True,1,4.15,
5888,Rev9,9,W204,AE-3200,CH-B,C1,Center,0.0,0.0,72.44,71.41,61.77,367.1,True,True,True,False,0,0.0,
5889,Rev9,9,W204,AE-3200,CH-B,MID-01,Mid,0.52,30.0,73.57,69.9,69.03,398.0,True,True,True,True,0,0.0,
5890,Rev9,9,W204,AE-3200,CH-B,MID-02,Mid,0.52,90.0,74.9,68.52,62.05,388.9,True,True,True,True,0,0.0,
5891,Rev9,9,W204,AE-3200,CH-B,MID-03,Mid,0.52,150.0,75.06,69.68,60.92,362.4,True,True,True,False,2,6.96,polymer_residue
5892,Rev9,9,W204,AE-3200,CH-B,MID-04,Mid,0.52,210.0,74.51,69.93,63.44,381.6,True,True,True,True,0,0.0,
5893,Rev9,9,W204,AE-3200,CH-B,MID-05,Mid,0.52,270.0,75.03,70.74,61.49,355.2,True,True,True,False,0,0.0,
5894,Rev9,9,W204,AE-3200,CH-B,MID-06,Mid,0.52,330.0,73.12,72.52,62.19,378.7,True,True,True,True,0,0.0,
5895,Rev9,9,W204,AE-3200,CH-B,EDG-01,Edge,0.84,0.0,74.42,74.45,68.4,393.3,True,False,True,True,0,0.0,
5896,Rev9,9,W204,AE-3200,CH-B,EDG-02,Edge,0.84,32.7,71.72,75.05,64.96,397.7,True,False,True,True,0,0.0,
5897,Rev9,9,W204,AE-3200,CH-B,EDG-03,Edge,0.84,65.5,75.16,70.51,72.59,365.4,True,True,False,False,0,0.0,
5898,Rev9,9,W204,AE-3200,CH-B,EDG-04,Edge,0.84,98.2,74.16,74.71,58.34,387.2,True,False,False,True,2,6.14,polymer_residue
5899,Rev9,9,W204,AE-3200,CH-B,EDG-05,Edge,0.84,130.9,77.15,73.38,61.03,369.1,False,False,True,False,0,0.0,
5900,Rev9,9,W204,AE-3200,CH-B,EDG-06,Edge,0.84,163.6,72.89,74.99,63.66,373.8,True,False,True,False,0,0.0,
5901,Rev9,9,W204,AE-3200,CH-B,EDG-07,Edge,0.84,196.4,73.15,71.0,61.6,376.9,True,True,True,True,3,15.52,
5902,Rev9,9,W204,AE-3200,CH-B,EDG-08,Edge,0.84,229.1,76.06,74.73,73.34,422.4,False,False,False,True,0,0.0,
5903,Rev9,9,W204,AE-3200,CH-B,EDG-09,Edge,0.84,261.8,73.82,73.39,65.98,372.8,True,False,True,False,0,0.0,
5904,Rev9,9,W204,AE-3200,CH-B,EDG-10,Edge,0.84,294.5,75.5,73.59,62.34,391.2,False,False,True,True,1,6.29,polymer_residue
5905,Rev9,9,W204,AE-3200,CH-B,EDG-11,Edge,0.84,327.3,75.49,75.31,70.43,408.8,False,False,True,True,1,2.39,arc_event
5906,Rev9,9,W204,AE-3200,CH-B,EXT-01,Extreme Edge,0.96,16.4,76.38,74.16,66.53,456.7,False,False,True,False,1,4.92,
5907,Rev9,9,W204,AE-3200,CH-B,EXT-02,Extreme Edge,0.96,49.1,76.34,71.03,68.99,381.9,False,True,True,True,0,0.0,
5908,Rev9,9,W204,AE-3200,CH-B,EXT-03,Extreme Edge,0.96,81.8,73.86,74.44,66.65,392.3,True,False,True,True,1,5.22,
5909,Rev9,9,W204,AE-3200,CH-B,EXT-04,Extreme Edge,0.96,114.5,74.3,71.53,72.6,397.3,True,True,False,True,0,0.0,
5910,Rev9,9,W204,AE-3200,CH-B,EXT-05,Extreme Edge,0.96,147.3,75.66,74.29,64.78,408.4,False,False,True,True,0,0.0,
5911,Rev9,9,W204,AE-3200,CH-B,EXT-06,Extreme Edge,0.96,180.0,74.48,70.43,64.99,424.2,True,True,True,True,2,10.87,endpoint_late
5912,Rev9,9,W204,AE-3200,CH-B,EXT-07,Extreme Edge,0.96,212.7,74.06,73.0,67.22,400.6,True,False,True,True,1,5.83,
5913,Rev9,9,W204,AE-3200,CH-B,EXT-08,Extreme Edge,0.96,245.5,77.53,70.91,68.44,440.4,False,True,True,True,0,0.0,
5914,Rev9,9,W204,AE-3200,CH-B,EXT-09,Extreme Edge,0.96,278.2,74.06,71.37,63.78,341.9,True,True,True,False,0,0.0,
5915,Rev9,9,W204,AE-3200,CH-B,EXT-10,Extreme Edge,0.96,310.9,74.37,73.25,69.38,356.8,True,False,True,False,0,0.0,
5916,Rev9,9,W204,AE-3200,CH-B,EXT-11,Extreme Edge,0.96,343.6,75.89,75.82,68.34,412.5,False,False,True,True,2,5.98,pressure_spike
