Sample_No,Recipe_Version,Rev_No,Wafer_ID,Tool_ID,Chamber_ID,Site_ID,Zone,Radius_frac,Angle_deg,Top_CD_nm,Mid_CD_nm,Bottom_CD_nm,Depth_nm,Top_CD_Pass,Mid_CD_Pass,Bottom_CD_Pass,Depth_Pass,Defect_Count,Defect_Severity,Anomaly_Event
1,Base,0,W001,AE-3200,CH-A,C1,Center,0.0,0.0,2166.56,2049.69,1941.67,3103.7,True,True,True,True,1,3.53,polymer_residue
2,Base,0,W001,AE-3200,CH-A,MID-01,Mid,0.52,30.0,2165.19,2123.85,2067.06,3171.7,True,True,True,True,0,0.0,
3,Base,0,W001,AE-3200,CH-A,MID-02,Mid,0.52,90.0,2106.65,2125.29,2026.87,3087.6,True,True,True,True,0,0.0,
4,Base,0,W001,AE-3200,CH-A,MID-03,Mid,0.52,150.0,2176.55,2184.65,1967.05,3322.5,True,True,True,True,0,0.0,
5,Base,0,W001,AE-3200,CH-A,MID-04,Mid,0.52,210.0,2157.8,2139.79,2047.83,3058.7,True,True,True,True,0,0.0,
6,Base,0,W001,AE-3200,CH-A,MID-05,Mid,0.52,270.0,2185.39,2146.41,2131.72,3374.8,True,True,True,True,0,0.0,
7,Base,0,W001,AE-3200,CH-A,MID-06,Mid,0.52,330.0,2153.77,2113.96,1973.25,3180.3,True,True,True,True,0,0.0,
8,Base,0,W001,AE-3200,CH-A,EDG-01,Edge,0.84,0.0,2140.3,2127.4,2100.51,3465.1,True,True,True,True,0,0.0,
9,Base,0,W001,AE-3200,CH-A,EDG-02,Edge,0.84,32.7,2216.32,2171.97,1978.83,3149.9,True,True,True,True,0,0.0,
10,Base,0,W001,AE-3200,CH-A,EDG-03,Edge,0.84,65.5,2152.34,2141.5,2031.66,3345.2,True,True,True,True,0,0.0,
11,Base,0,W001,AE-3200,CH-A,EDG-04,Edge,0.84,98.2,2151.4,2181.56,1991.09,3230.9,True,True,True,True,0,0.0,
12,Base,0,W001,AE-3200,CH-A,EDG-05,Edge,0.84,130.9,2176.99,2176.42,2078.6,3318.4,True,True,True,True,0,0.0,
13,Base,0,W001,AE-3200,CH-A,EDG-06,Edge,0.84,163.6,2223.6,2116.55,2004.28,3324.6,True,True,True,True,0,0.0,
14,Base,0,W001,AE-3200,CH-A,EDG-07,Edge,0.84,196.4,2180.16,2156.18,1977.79,3493.4,True,True,True,True,0,0.0,
15,Base,0,W001,AE-3200,CH-A,EDG-08,Edge,0.84,229.1,2135.01,2106.15,2114.66,3261.4,True,True,True,True,1,1.89,
16,Base,0,W001,AE-3200,CH-A,EDG-09,Edge,0.84,261.8,2229.39,2060.73,1950.4,3242.8,False,True,True,True,0,0.0,
17,Base,0,W001,AE-3200,CH-A,EDG-10,Edge,0.84,294.5,2161.76,2138.52,1913.63,3427.1,True,True,True,True,0,0.0,
18,Base,0,W001,AE-3200,CH-A,EDG-11,Edge,0.84,327.3,2145.52,2164.82,1993.45,3309.5,True,True,True,True,1,4.41,
19,Base,0,W001,AE-3200,CH-A,EXT-01,Extreme Edge,0.96,16.4,2192.23,2146.33,2070.67,3318.8,True,True,True,True,1,2.19,pressure_spike
20,Base,0,W001,AE-3200,CH-A,EXT-02,Extreme Edge,0.96,49.1,2159.59,2073.19,2143.77,3278.0,True,True,True,True,0,0.0,
21,Base,0,W001,AE-3200,CH-A,EXT-03,Extreme Edge,0.96,81.8,2202.26,2166.07,2054.7,3345.1,True,True,True,True,0,0.0,
22,Base,0,W001,AE-3200,CH-A,EXT-04,Extreme Edge,0.96,114.5,2210.59,2122.03,2006.71,3339.8,True,True,True,True,0,0.0,
23,Base,0,W001,AE-3200,CH-A,EXT-05,Extreme Edge,0.96,147.3,2151.03,2100.96,2155.99,3336.8,True,True,True,True,0,0.0,
24,Base,0,W001,AE-3200,CH-A,EXT-06,Extreme Edge,0.96,180.0,2176.25,2190.94,2093.27,3469.0,True,True,True,True,0,0.0,
25,Base,0,W001,AE-3200,CH-A,EXT-07,Extreme Edge,0.96,212.7,2250.31,2175.47,2030.57,3529.5,False,True,True,False,1,4.59,
26,Base,0,W001,AE-3200,CH-A,EXT-08,Extreme Edge,0.96,245.5,2253.14,2131.54,2079.02,3319.1,False,True,True,True,1,1.97,pressure_spike
27,Base,0,W001,AE-3200,CH-A,EXT-09,Extreme Edge,0.96,278.2,2208.56,2134.23,2088.42,3094.7,True,True,True,True,1,3.13,
28,Base,0,W001,AE-3200,CH-A,EXT-10,Extreme Edge,0.96,310.9,2170.33,2157.91,2037.1,3600.5,True,True,True,False,1,2.45,polymer_residue
29,Base,0,W001,AE-3200,CH-A,EXT-11,Extreme Edge,0.96,343.6,2189.38,2200.72,2032.72,3379.9,True,False,True,True,1,2.07,polymer_residue
30,Rev10,10,W002,PX-7500,CH-C,C1,Center,0.0,0.0,2156.98,2234.54,2040.03,3404.1,True,False,True,True,0,0.0,
31,Rev10,10,W002,PX-7500,CH-C,MID-01,Mid,0.52,30.0,2186.93,2190.05,2086.45,3363.8,True,True,True,True,0,0.0,
32,Rev10,10,W002,PX-7500,CH-C,MID-02,Mid,0.52,90.0,2236.01,2229.28,2140.93,3410.6,False,False,True,True,0,0.0,
33,Rev10,10,W002,PX-7500,CH-C,MID-03,Mid,0.52,150.0,2153.72,2206.4,2031.0,3434.3,True,False,True,True,2,7.51,arc_event
34,Rev10,10,W002,PX-7500,CH-C,MID-04,Mid,0.52,210.0,2189.19,2170.88,2066.37,3440.9,True,True,True,True,1,6.26,polymer_residue
35,Rev10,10,W002,PX-7500,CH-C,MID-05,Mid,0.52,270.0,2173.63,2212.87,2116.74,3669.1,True,False,True,False,0,0.0,
36,Rev10,10,W002,PX-7500,CH-C,MID-06,Mid,0.52,330.0,2177.41,2198.95,2128.81,3500.5,True,False,True,False,1,2.02,polymer_residue
37,Rev10,10,W002,PX-7500,CH-C,EDG-01,Edge,0.84,0.0,2182.73,2172.21,2170.65,3730.8,True,True,False,False,2,9.64,pressure_spike
38,Rev10,10,W002,PX-7500,CH-C,EDG-02,Edge,0.84,32.7,2205.24,2218.93,2186.18,3372.0,True,False,False,True,0,0.0,
39,Rev10,10,W002,PX-7500,CH-C,EDG-03,Edge,0.84,65.5,2223.59,2166.66,2105.74,3426.5,True,True,True,True,1,2.64,
40,Rev10,10,W002,PX-7500,CH-C,EDG-04,Edge,0.84,98.2,2170.83,2215.04,2114.07,3537.3,True,False,True,False,1,4.29,polymer_residue
41,Rev10,10,W002,PX-7500,CH-C,EDG-05,Edge,0.84,130.9,2224.11,2214.6,2158.8,3389.1,True,False,True,True,1,5.97,
42,Rev10,10,W002,PX-7500,CH-C,EDG-06,Edge,0.84,163.6,2189.53,2189.83,2175.17,3599.7,True,True,False,False,1,3.26,
43,Rev10,10,W002,PX-7500,CH-C,EDG-07,Edge,0.84,196.4,2241.27,2207.13,2147.33,3275.3,False,False,True,True,1,5.56,polymer_residue
44,Rev10,10,W002,PX-7500,CH-C,EDG-08,Edge,0.84,229.1,2182.68,2221.46,2091.77,3279.6,True,False,True,True,0,0.0,
45,Rev10,10,W002,PX-7500,CH-C,EDG-09,Edge,0.84,261.8,2196.54,2254.4,2045.28,3398.8,True,False,True,True,0,0.0,
46,Rev10,10,W002,PX-7500,CH-C,EDG-10,Edge,0.84,294.5,2205.24,2143.5,2147.61,3356.8,True,True,True,True,0,0.0,
47,Rev10,10,W002,PX-7500,CH-C,EDG-11,Edge,0.84,327.3,2274.4,2184.82,2092.17,3450.9,False,True,True,True,0,0.0,
48,Rev10,10,W002,PX-7500,CH-C,EXT-01,Extreme Edge,0.96,16.4,2204.3,2252.54,2171.14,3670.5,True,False,False,False,1,5.4,polymer_residue
49,Rev10,10,W002,PX-7500,CH-C,EXT-02,Extreme Edge,0.96,49.1,2253.04,2194.31,2146.89,3755.3,False,True,True,False,0,0.0,
50,Rev10,10,W002,PX-7500,CH-C,EXT-03,Extreme Edge,0.96,81.8,2255.02,2167.29,2169.26,3361.3,False,True,True,True,0,0.0,
51,Rev10,10,W002,PX-7500,CH-C,EXT-04,Extreme Edge,0.96,114.5,2201.81,2217.29,2123.33,3405.3,True,False,True,True,1,3.25,
52,Rev10,10,W002,PX-7500,CH-C,EXT-05,Extreme Edge,0.96,147.3,2215.51,2192.17,2121.87,3603.7,True,True,True,False,3,16.64,polymer_residue
53,Rev10,10,W002,PX-7500,CH-C,EXT-06,Extreme Edge,0.96,180.0,2207.01,2194.87,2137.28,3461.1,True,True,True,True,0,0.0,
54,Rev10,10,W002,PX-7500,CH-C,EXT-07,Extreme Edge,0.96,212.7,2227.73,2245.84,2107.69,3405.4,False,False,True,True,0,0.0,
55,Rev10,10,W002,PX-7500,CH-C,EXT-08,Extreme Edge,0.96,245.5,2196.41,2217.64,2170.13,3468.7,True,False,False,True,0,0.0,
56,Rev10,10,W002,PX-7500,CH-C,EXT-09,Extreme Edge,0.96,278.2,2210.05,2244.49,2102.97,3406.3,True,False,True,True,0,0.0,
57,Rev10,10,W002,PX-7500,CH-C,EXT-10,Extreme Edge,0.96,310.9,2287.08,2183.15,2116.6,3508.5,False,True,True,False,1,1.93,endpoint_late
58,Rev10,10,W002,PX-7500,CH-C,EXT-11,Extreme Edge,0.96,343.6,2226.0,2236.7,2157.94,3180.1,False,False,True,True,0,0.0,
59,Rev8,8,W003,AE-3200,CH-A,C1,Center,0.0,0.0,2167.28,2106.53,1991.37,3387.2,True,True,True,True,0,0.0,
60,Rev8,8,W003,AE-3200,CH-A,MID-01,Mid,0.52,30.0,2206.69,2106.51,2132.02,3486.4,True,True,True,True,0,0.0,
61,Rev8,8,W003,AE-3200,CH-A,MID-02,Mid,0.52,90.0,2158.22,2126.96,2098.55,3385.2,True,True,True,True,0,0.0,
62,Rev8,8,W003,AE-3200,CH-A,MID-03,Mid,0.52,150.0,2146.45,2134.49,2150.06,3303.3,True,True,True,True,0,0.0,
63,Rev8,8,W003,AE-3200,CH-A,MID-04,Mid,0.52,210.0,2166.83,2146.5,2111.42,3125.5,True,True,True,True,0,0.0,
64,Rev8,8,W003,AE-3200,CH-A,MID-05,Mid,0.52,270.0,2169.42,2113.11,1997.02,3436.2,True,True,True,True,1,2.4,
65,Rev8,8,W003,AE-3200,CH-A,MID-06,Mid,0.52,330.0,2177.19,2105.17,1991.44,3362.1,True,True,True,True,1,3.91,endpoint_late
66,Rev8,8,W003,AE-3200,CH-A,EDG-01,Edge,0.84,0.0,2228.59,2132.62,2095.62,3434.7,False,True,True,True,0,0.0,
67,Rev8,8,W003,AE-3200,CH-A,EDG-02,Edge,0.84,32.7,2229.94,2124.87,2051.94,3719.6,False,True,True,False,1,1.97,arc_event
68,Rev8,8,W003,AE-3200,CH-A,EDG-03,Edge,0.84,65.5,2229.41,2178.58,2053.92,3413.0,False,True,True,True,1,5.8,
69,Rev8,8,W003,AE-3200,CH-A,EDG-04,Edge,0.84,98.2,2228.3,2184.61,2106.82,3479.0,False,True,True,True,0,0.0,
70,Rev8,8,W003,AE-3200,CH-A,EDG-05,Edge,0.84,130.9,2186.71,2128.89,2066.05,3480.2,True,True,True,True,0,0.0,
71,Rev8,8,W003,AE-3200,CH-A,EDG-06,Edge,0.84,163.6,2202.24,2176.08,2115.65,3451.8,True,True,True,True,0,0.0,
72,Rev8,8,W003,AE-3200,CH-A,EDG-07,Edge,0.84,196.4,2193.35,2172.5,2098.34,3371.2,True,True,True,True,0,0.0,
73,Rev8,8,W003,AE-3200,CH-A,EDG-08,Edge,0.84,229.1,2153.68,2119.64,2186.91,3428.4,True,True,False,True,1,2.61,polymer_residue
74,Rev8,8,W003,AE-3200,CH-A,EDG-09,Edge,0.84,261.8,2219.15,2140.37,2115.0,3475.3,True,True,True,True,1,5.48,
75,Rev8,8,W003,AE-3200,CH-A,EDG-10,Edge,0.84,294.5,2198.8,2135.77,2170.21,3440.3,True,True,False,True,0,0.0,
76,Rev8,8,W003,AE-3200,CH-A,EDG-11,Edge,0.84,327.3,2197.34,2208.27,2030.16,3525.0,True,False,True,False,0,0.0,
77,Rev8,8,W003,AE-3200,CH-A,EXT-01,Extreme Edge,0.96,16.4,2166.71,2144.24,2075.51,3561.5,True,True,True,False,2,7.13,
78,Rev8,8,W003,AE-3200,CH-A,EXT-02,Extreme Edge,0.96,49.1,2209.39,2140.25,2144.98,3456.2,True,True,True,True,1,6.39,polymer_residue
79,Rev8,8,W003,AE-3200,CH-A,EXT-03,Extreme Edge,0.96,81.8,2222.84,2166.39,1950.56,3465.7,True,True,True,True,2,7.97,
80,Rev8,8,W003,AE-3200,CH-A,EXT-04,Extreme Edge,0.96,114.5,2162.64,2154.53,2091.34,3839.5,True,True,True,False,2,11.79,polymer_residue
81,Rev8,8,W003,AE-3200,CH-A,EXT-05,Extreme Edge,0.96,147.3,2254.36,2135.21,2039.26,3397.9,False,True,True,True,1,3.86,esc_temp_drift
82,Rev8,8,W003,AE-3200,CH-A,EXT-06,Extreme Edge,0.96,180.0,2198.05,2185.1,2055.01,3426.2,True,True,True,True,0,0.0,
83,Rev8,8,W003,AE-3200,CH-A,EXT-07,Extreme Edge,0.96,212.7,2236.02,2155.45,2161.33,3561.4,False,True,True,False,0,0.0,
84,Rev8,8,W003,AE-3200,CH-A,EXT-08,Extreme Edge,0.96,245.5,2193.5,2210.61,2161.2,3295.0,True,False,True,True,0,0.0,
85,Rev8,8,W003,AE-3200,CH-A,EXT-09,Extreme Edge,0.96,278.2,2211.59,2106.81,2186.62,3501.1,True,True,False,False,0,0.0,
86,Rev8,8,W003,AE-3200,CH-A,EXT-10,Extreme Edge,0.96,310.9,2235.47,2181.09,2118.16,3295.8,False,True,True,True,1,3.9,
87,Rev8,8,W003,AE-3200,CH-A,EXT-11,Extreme Edge,0.96,343.6,2201.04,2179.48,2073.81,3187.8,True,True,True,True,0,0.0,
88,Rev5,5,W004,AE-3200,CH-B,C1,Center,0.0,0.0,2043.22,2169.91,1972.56,3155.1,False,True,True,True,0,0.0,
89,Rev5,5,W004,AE-3200,CH-B,MID-01,Mid,0.52,30.0,2113.73,2152.16,2030.0,3145.0,True,True,True,True,0,0.0,
90,Rev5,5,W004,AE-3200,CH-B,MID-02,Mid,0.52,90.0,2155.26,2211.76,2023.34,3278.1,True,False,True,True,0,0.0,
91,Rev5,5,W004,AE-3200,CH-B,MID-03,Mid,0.52,150.0,2156.12,2125.46,2127.3,3261.7,True,True,True,True,0,0.0,
92,Rev5,5,W004,AE-3200,CH-B,MID-04,Mid,0.52,210.0,2113.76,2217.3,2200.46,3153.9,True,False,False,True,1,1.95,polymer_residue
93,Rev5,5,W004,AE-3200,CH-B,MID-05,Mid,0.52,270.0,2109.03,2163.26,2015.28,3073.9,True,True,True,True,0,0.0,
94,Rev5,5,W004,AE-3200,CH-B,MID-06,Mid,0.52,330.0,2113.17,2203.64,2114.02,3283.5,True,False,True,True,1,2.26,
95,Rev5,5,W004,AE-3200,CH-B,EDG-01,Edge,0.84,0.0,2156.44,2167.87,2082.98,3252.4,True,True,True,True,0,0.0,
96,Rev5,5,W004,AE-3200,CH-B,EDG-02,Edge,0.84,32.7,2171.02,2180.64,2043.6,3228.0,True,True,True,True,2,6.83,
97,Rev5,5,W004,AE-3200,CH-B,EDG-03,Edge,0.84,65.5,2144.46,2141.51,2043.2,3371.1,True,True,True,True,0,0.0,
98,Rev5,5,W004,AE-3200,CH-B,EDG-04,Edge,0.84,98.2,2170.79,2198.56,2062.5,3309.6,True,False,True,True,0,0.0,
99,Rev5,5,W004,AE-3200,CH-B,EDG-05,Edge,0.84,130.9,2107.64,2178.15,2045.3,3305.4,True,True,True,True,2,4.54,
100,Rev5,5,W004,AE-3200,CH-B,EDG-06,Edge,0.84,163.6,2151.92,2192.88,2070.79,3318.2,True,True,True,True,2,3.85,
101,Rev5,5,W004,AE-3200,CH-B,EDG-07,Edge,0.84,196.4,2184.58,2130.65,2042.95,3206.4,True,True,True,True,1,3.14,
102,Rev5,5,W004,AE-3200,CH-B,EDG-08,Edge,0.84,229.1,2158.22,2162.72,2069.18,3295.4,True,True,True,True,0,0.0,
103,Rev5,5,W004,AE-3200,CH-B,EDG-09,Edge,0.84,261.8,2182.82,2163.31,2050.14,3423.3,True,True,True,True,0,0.0,
104,Rev5,5,W004,AE-3200,CH-B,EDG-10,Edge,0.84,294.5,2156.84,2147.36,2097.8,3297.3,True,True,True,True,0,0.0,
105,Rev5,5,W004,AE-3200,CH-B,EDG-11,Edge,0.84,327.3,2163.85,2213.32,2029.83,3147.2,True,False,True,True,0,0.0,
106,Rev5,5,W004,AE-3200,CH-B,EXT-01,Extreme Edge,0.96,16.4,2165.39,2231.37,2151.98,3089.9,True,False,True,True,0,0.0,
107,Rev5,5,W004,AE-3200,CH-B,EXT-02,Extreme Edge,0.96,49.1,2177.86,2220.08,2138.03,3193.7,True,False,True,True,0,0.0,
108,Rev5,5,W004,AE-3200,CH-B,EXT-03,Extreme Edge,0.96,81.8,2198.53,2183.72,2129.26,3340.7,True,True,True,True,0,0.0,
109,Rev5,5,W004,AE-3200,CH-B,EXT-04,Extreme Edge,0.96,114.5,2136.29,2153.61,2107.69,3017.4,True,True,True,True,2,5.49,arc_event
110,Rev5,5,W004,AE-3200,CH-B,EXT-05,Extreme Edge,0.96,147.3,2137.18,2223.51,2092.29,3094.8,True,False,True,True,0,0.0,
111,Rev5,5,W004,AE-3200,CH-B,EXT-06,Extreme Edge,0.96,180.0,2148.44,2227.92,2117.57,3240.5,True,False,True,True,0,0.0,
112,Rev5,5,W004,AE-3200,CH-B,EXT-07,Extreme Edge,0.96,212.7,2158.78,2208.12,2059.3,3155.6,True,False,True,True,0,0.0,
113,Rev5,5,W004,AE-3200,CH-B,EXT-08,Extreme Edge,0.96,245.5,2176.52,2182.9,2016.25,3318.0,True,True,True,True,0,0.0,
114,Rev5,5,W004,AE-3200,CH-B,EXT-09,Extreme Edge,0.96,278.2,2141.12,2166.59,2058.44,3235.3,True,True,True,True,1,5.9,
115,Rev5,5,W004,AE-3200,CH-B,EXT-10,Extreme Edge,0.96,310.9,2178.6,2194.92,2025.23,3447.2,True,True,True,True,0,0.0,
116,Rev5,5,W004,AE-3200,CH-B,EXT-11,Extreme Edge,0.96,343.6,2121.84,2229.11,2129.22,3225.3,True,False,True,True,0,0.0,
117,Rev4,4,W005,AE-3200,CH-A,C1,Center,0.0,0.0,2132.45,2063.6,1981.11,3053.0,True,True,True,True,0,0.0,
118,Rev4,4,W005,AE-3200,CH-A,MID-01,Mid,0.52,30.0,2159.48,2182.4,2084.93,3350.9,True,True,True,True,0,0.0,
119,Rev4,4,W005,AE-3200,CH-A,MID-02,Mid,0.52,90.0,2178.25,2134.47,2058.05,3197.8,True,True,True,True,0,0.0,
120,Rev4,4,W005,AE-3200,CH-A,MID-03,Mid,0.52,150.0,2136.62,2132.2,2045.04,3228.9,True,True,True,True,0,0.0,
121,Rev4,4,W005,AE-3200,CH-A,MID-04,Mid,0.52,210.0,2153.25,2120.47,2052.0,3225.4,True,True,True,True,0,0.0,
122,Rev4,4,W005,AE-3200,CH-A,MID-05,Mid,0.52,270.0,2141.53,2136.94,2076.82,3197.6,True,True,True,True,0,0.0,
123,Rev4,4,W005,AE-3200,CH-A,MID-06,Mid,0.52,330.0,2172.11,2166.84,2058.72,3400.6,True,True,True,True,0,0.0,
124,Rev4,4,W005,AE-3200,CH-A,EDG-01,Edge,0.84,0.0,2161.24,2128.56,2197.12,3120.6,True,True,False,True,1,3.21,endpoint_late
125,Rev4,4,W005,AE-3200,CH-A,EDG-02,Edge,0.84,32.7,2210.73,2177.68,2068.99,3334.2,True,True,True,True,0,0.0,
126,Rev4,4,W005,AE-3200,CH-A,EDG-03,Edge,0.84,65.5,2227.35,2153.64,2102.85,3294.6,False,True,True,True,1,5.39,
127,Rev4,4,W005,AE-3200,CH-A,EDG-04,Edge,0.84,98.2,2227.33,2132.72,2070.8,3265.7,False,True,True,True,1,4.17,arc_event
128,Rev4,4,W005,AE-3200,CH-A,EDG-05,Edge,0.84,130.9,2188.84,2184.56,2094.09,3241.1,True,True,True,True,0,0.0,
129,Rev4,4,W005,AE-3200,CH-A,EDG-06,Edge,0.84,163.6,2140.18,2162.18,2082.32,3121.2,True,True,True,True,1,3.36,arc_event
130,Rev4,4,W005,AE-3200,CH-A,EDG-07,Edge,0.84,196.4,2164.65,2150.72,1999.15,3381.9,True,True,True,True,1,2.63,
131,Rev4,4,W005,AE-3200,CH-A,EDG-08,Edge,0.84,229.1,2142.87,2125.3,1997.89,3293.8,True,True,True,True,1,2.1,pressure_spike
132,Rev4,4,W005,AE-3200,CH-A,EDG-09,Edge,0.84,261.8,2189.57,2115.72,2035.79,2941.1,True,True,True,False,0,0.0,
133,Rev4,4,W005,AE-3200,CH-A,EDG-10,Edge,0.84,294.5,2184.93,2149.38,2087.14,3268.9,True,True,True,True,0,0.0,
134,Rev4,4,W005,AE-3200,CH-A,EDG-11,Edge,0.84,327.3,2208.77,2182.77,2154.58,3445.9,True,True,True,True,0,0.0,
135,Rev4,4,W005,AE-3200,CH-A,EXT-01,Extreme Edge,0.96,16.4,2186.85,2184.03,2130.31,3369.2,True,True,True,True,0,0.0,
136,Rev4,4,W005,AE-3200,CH-A,EXT-02,Extreme Edge,0.96,49.1,2186.12,2180.72,2077.57,3261.5,True,True,True,True,0,0.0,
137,Rev4,4,W005,AE-3200,CH-A,EXT-03,Extreme Edge,0.96,81.8,2203.6,2187.58,2040.9,3343.3,True,True,True,True,1,4.32,polymer_residue
138,Rev4,4,W005,AE-3200,CH-A,EXT-04,Extreme Edge,0.96,114.5,2226.65,2164.04,2096.26,3202.0,False,True,True,True,0,0.0,
139,Rev4,4,W005,AE-3200,CH-A,EXT-05,Extreme Edge,0.96,147.3,2165.85,2128.91,2077.91,3390.5,True,True,True,True,1,2.62,
140,Rev4,4,W005,AE-3200,CH-A,EXT-06,Extreme Edge,0.96,180.0,2213.18,2178.29,2058.06,3409.1,True,True,True,True,0,0.0,
141,Rev4,4,W005,AE-3200,CH-A,EXT-07,Extreme Edge,0.96,212.7,2196.38,2100.48,2113.37,3435.7,True,True,True,True,1,5.3,
142,Rev4,4,W005,AE-3200,CH-A,EXT-08,Extreme Edge,0.96,245.5,2217.93,2174.46,2105.51,3248.8,True,True,True,True,0,0.0,
143,Rev4,4,W005,AE-3200,CH-A,EXT-09,Extreme Edge,0.96,278.2,2151.66,2122.45,2150.66,3180.3,True,True,True,True,1,5.51,
144,Rev4,4,W005,AE-3200,CH-A,EXT-10,Extreme Edge,0.96,310.9,2185.15,2122.05,2105.34,3429.5,True,True,True,True,1,2.08,esc_temp_drift
145,Rev4,4,W005,AE-3200,CH-A,EXT-11,Extreme Edge,0.96,343.6,2136.34,2174.32,2039.3,3306.7,True,True,True,True,0,0.0,
146,Rev10,10,W006,PX-7500,CH-C,C1,Center,0.0,0.0,2178.23,2113.25,2067.84,3552.7,True,True,True,False,0,0.0,
147,Rev10,10,W006,PX-7500,CH-C,MID-01,Mid,0.52,30.0,2123.43,2089.56,2079.68,3247.3,True,True,True,True,0,0.0,
148,Rev10,10,W006,PX-7500,CH-C,MID-02,Mid,0.52,90.0,2117.56,2144.36,2023.8,3335.0,True,True,True,True,0,0.0,
149,Rev10,10,W006,PX-7500,CH-C,MID-03,Mid,0.52,150.0,2135.48,2113.97,2028.15,3295.0,True,True,True,True,0,0.0,
150,Rev10,10,W006,PX-7500,CH-C,MID-04,Mid,0.52,210.0,2145.48,2152.99,2006.13,3414.3,True,True,True,True,1,3.33,
151,Rev10,10,W006,PX-7500,CH-C,MID-05,Mid,0.52,270.0,2099.79,2188.54,2091.18,3350.0,True,True,True,True,1,5.79,polymer_residue
152,Rev10,10,W006,PX-7500,CH-C,MID-06,Mid,0.52,330.0,2175.44,2158.31,1920.53,3254.2,True,True,True,True,0,0.0,
153,Rev10,10,W006,PX-7500,CH-C,EDG-01,Edge,0.84,0.0,2159.84,2133.99,2080.26,3499.2,True,True,True,True,0,0.0,
154,Rev10,10,W006,PX-7500,CH-C,EDG-02,Edge,0.84,32.7,2176.57,2199.75,2139.57,3429.8,True,False,True,True,0,0.0,
155,Rev10,10,W006,PX-7500,CH-C,EDG-03,Edge,0.84,65.5,2192.03,2165.97,2136.59,3630.5,True,True,True,False,1,5.76,arc_event
156,Rev10,10,W006,PX-7500,CH-C,EDG-04,Edge,0.84,98.2,2213.5,2142.53,2115.67,3500.1,True,True,True,False,1,3.54,
157,Rev10,10,W006,PX-7500,CH-C,EDG-05,Edge,0.84,130.9,2184.08,2202.43,2038.68,3505.9,True,False,True,False,0,0.0,
158,Rev10,10,W006,PX-7500,CH-C,EDG-06,Edge,0.84,163.6,2133.94,2118.29,2038.82,3280.6,True,True,True,True,0,0.0,
159,Rev10,10,W006,PX-7500,CH-C,EDG-07,Edge,0.84,196.4,2183.15,2184.32,2072.27,3342.5,True,True,True,True,1,2.33,
160,Rev10,10,W006,PX-7500,CH-C,EDG-08,Edge,0.84,229.1,2174.36,2193.3,2113.39,3475.4,True,True,True,True,0,0.0,
161,Rev10,10,W006,PX-7500,CH-C,EDG-09,Edge,0.84,261.8,2199.34,2175.36,2070.6,3450.8,True,True,True,True,0,0.0,
162,Rev10,10,W006,PX-7500,CH-C,EDG-10,Edge,0.84,294.5,2154.12,2201.37,2066.76,3243.2,True,False,True,True,0,0.0,
163,Rev10,10,W006,PX-7500,CH-C,EDG-11,Edge,0.84,327.3,2176.85,2172.69,2172.45,3327.3,True,True,False,True,0,0.0,
164,Rev10,10,W006,PX-7500,CH-C,EXT-01,Extreme Edge,0.96,16.4,2264.94,2152.78,2043.7,3454.9,False,True,True,True,1,2.91,
165,Rev10,10,W006,PX-7500,CH-C,EXT-02,Extreme Edge,0.96,49.1,2223.53,2199.39,2062.35,3154.9,True,False,True,True,0,0.0,
166,Rev10,10,W006,PX-7500,CH-C,EXT-03,Extreme Edge,0.96,81.8,2163.6,2133.53,2061.38,3270.0,True,True,True,True,0,0.0,
167,Rev10,10,W006,PX-7500,CH-C,EXT-04,Extreme Edge,0.96,114.5,2202.93,2150.21,2079.57,3372.1,True,True,True,True,0,0.0,
168,Rev10,10,W006,PX-7500,CH-C,EXT-05,Extreme Edge,0.96,147.3,2168.08,2173.91,1973.38,3250.4,True,True,True,True,0,0.0,
169,Rev10,10,W006,PX-7500,CH-C,EXT-06,Extreme Edge,0.96,180.0,2191.37,2163.54,1994.97,3446.9,True,True,True,True,0,0.0,
170,Rev10,10,W006,PX-7500,CH-C,EXT-07,Extreme Edge,0.96,212.7,2198.41,2165.72,2037.95,3562.5,True,True,True,False,0,0.0,
171,Rev10,10,W006,PX-7500,CH-C,EXT-08,Extreme Edge,0.96,245.5,2181.42,2187.49,2011.19,3520.1,True,True,True,False,0,0.0,
172,Rev10,10,W006,PX-7500,CH-C,EXT-09,Extreme Edge,0.96,278.2,2208.24,2225.51,2007.41,3339.4,True,False,True,True,0,0.0,
173,Rev10,10,W006,PX-7500,CH-C,EXT-10,Extreme Edge,0.96,310.9,2183.65,2244.51,2074.42,3370.6,True,False,True,True,1,3.63,
174,Rev10,10,W006,PX-7500,CH-C,EXT-11,Extreme Edge,0.96,343.6,2197.06,2103.11,2080.46,3333.0,True,True,True,True,0,0.0,
175,Rev4,4,W007,AE-3200,CH-A,C1,Center,0.0,0.0,2134.45,2045.79,2000.39,3091.4,True,True,True,True,0,0.0,
176,Rev4,4,W007,AE-3200,CH-A,MID-01,Mid,0.52,30.0,2136.31,2059.61,2054.52,2960.7,True,True,True,False,1,2.96,arc_event
177,Rev4,4,W007,AE-3200,CH-A,MID-02,Mid,0.52,90.0,2143.2,2132.08,2101.87,3284.2,True,True,True,True,0,0.0,
178,Rev4,4,W007,AE-3200,CH-A,MID-03,Mid,0.52,150.0,2132.55,2096.35,2030.65,3043.2,True,True,True,True,0,0.0,
179,Rev4,4,W007,AE-3200,CH-A,MID-04,Mid,0.52,210.0,2157.89,2071.69,1983.1,3327.1,True,True,True,True,0,0.0,
180,Rev4,4,W007,AE-3200,CH-A,MID-05,Mid,0.52,270.0,2150.48,2104.19,1932.17,3070.4,True,True,True,True,0,0.0,
181,Rev4,4,W007,AE-3200,CH-A,MID-06,Mid,0.52,330.0,2151.88,2042.96,2029.35,3530.0,True,True,True,False,0,0.0,
182,Rev4,4,W007,AE-3200,CH-A,EDG-01,Edge,0.84,0.0,2153.31,2055.03,2024.05,3197.4,True,True,True,True,1,5.38,polymer_residue
183,Rev4,4,W007,AE-3200,CH-A,EDG-02,Edge,0.84,32.7,2168.51,2114.4,1860.3,3066.5,True,True,False,True,1,3.35,esc_temp_drift
184,Rev4,4,W007,AE-3200,CH-A,EDG-03,Edge,0.84,65.5,2245.54,2101.63,2014.01,3197.4,False,True,True,True,1,5.72,
185,Rev4,4,W007,AE-3200,CH-A,EDG-04,Edge,0.84,98.2,2183.96,2111.78,2100.36,3351.5,True,True,True,True,0,0.0,
186,Rev4,4,W007,AE-3200,CH-A,EDG-05,Edge,0.84,130.9,2199.75,2092.19,2101.31,3436.7,True,True,True,True,0,0.0,
187,Rev4,4,W007,AE-3200,CH-A,EDG-06,Edge,0.84,163.6,2243.36,2157.05,2086.9,3194.6,False,True,True,True,1,1.9,polymer_residue
188,Rev4,4,W007,AE-3200,CH-A,EDG-07,Edge,0.84,196.4,2244.49,2112.06,2102.37,3266.2,False,True,True,True,0,0.0,
189,Rev4,4,W007,AE-3200,CH-A,EDG-08,Edge,0.84,229.1,2157.07,2076.44,2009.83,3358.7,True,True,True,True,1,3.51,polymer_residue
190,Rev4,4,W007,AE-3200,CH-A,EDG-09,Edge,0.84,261.8,2155.22,2103.14,2068.48,3262.4,True,True,True,True,0,0.0,
191,Rev4,4,W007,AE-3200,CH-A,EDG-10,Edge,0.84,294.5,2199.03,2078.35,2119.58,3278.0,True,True,True,True,1,2.94,polymer_residue
192,Rev4,4,W007,AE-3200,CH-A,EDG-11,Edge,0.84,327.3,2174.05,2116.57,1952.94,3334.5,True,True,True,True,0,0.0,
193,Rev4,4,W007,AE-3200,CH-A,EXT-01,Extreme Edge,0.96,16.4,2203.85,2065.41,2069.45,3264.0,True,True,True,True,0,0.0,
194,Rev4,4,W007,AE-3200,CH-A,EXT-02,Extreme Edge,0.96,49.1,2219.82,2073.02,2050.44,3298.9,True,True,True,True,0,0.0,
195,Rev4,4,W007,AE-3200,CH-A,EXT-03,Extreme Edge,0.96,81.8,2239.72,2061.89,2109.75,3294.9,False,True,True,True,0,0.0,
196,Rev4,4,W007,AE-3200,CH-A,EXT-04,Extreme Edge,0.96,114.5,2193.38,2100.33,2003.14,3256.1,True,True,True,True,0,0.0,
197,Rev4,4,W007,AE-3200,CH-A,EXT-05,Extreme Edge,0.96,147.3,2191.89,2106.75,2068.06,3287.9,True,True,True,True,2,11.13,polymer_residue
198,Rev4,4,W007,AE-3200,CH-A,EXT-06,Extreme Edge,0.96,180.0,2211.26,2111.19,1952.57,3330.6,True,True,True,True,0,0.0,
199,Rev4,4,W007,AE-3200,CH-A,EXT-07,Extreme Edge,0.96,212.7,2232.67,2144.58,2047.47,3372.3,False,True,True,True,0,0.0,
200,Rev4,4,W007,AE-3200,CH-A,EXT-08,Extreme Edge,0.96,245.5,2189.38,2157.27,2117.46,3164.6,True,True,True,True,0,0.0,
201,Rev4,4,W007,AE-3200,CH-A,EXT-09,Extreme Edge,0.96,278.2,2169.24,2162.56,2116.97,3196.3,True,True,True,True,1,5.99,polymer_residue
202,Rev4,4,W007,AE-3200,CH-A,EXT-10,Extreme Edge,0.96,310.9,2209.94,2089.64,2016.92,3175.0,True,True,True,True,0,0.0,
203,Rev4,4,W007,AE-3200,CH-A,EXT-11,Extreme Edge,0.96,343.6,2232.65,2053.33,2059.36,3297.9,False,True,True,True,0,0.0,
204,Rev5,5,W008,AE-3200,CH-B,C1,Center,0.0,0.0,2191.78,2102.4,2038.67,3330.1,True,True,True,True,0,0.0,
205,Rev5,5,W008,AE-3200,CH-B,MID-01,Mid,0.52,30.0,2178.76,2131.42,2087.23,3454.2,True,True,True,True,0,0.0,
206,Rev5,5,W008,AE-3200,CH-B,MID-02,Mid,0.52,90.0,2156.61,2122.65,2114.54,3147.1,True,True,True,True,0,0.0,
207,Rev5,5,W008,AE-3200,CH-B,MID-03,Mid,0.52,150.0,2158.17,2144.32,2040.2,3344.3,True,True,True,True,1,5.24,polymer_residue
208,Rev5,5,W008,AE-3200,CH-B,MID-04,Mid,0.52,210.0,2183.82,2121.54,2278.97,3134.3,True,True,False,True,0,0.0,
209,Rev5,5,W008,AE-3200,CH-B,MID-05,Mid,0.52,270.0,2214.5,2144.3,2174.31,3212.2,True,True,False,True,0,0.0,
210,Rev5,5,W008,AE-3200,CH-B,MID-06,Mid,0.52,330.0,2159.74,2138.12,2114.95,3091.5,True,True,True,True,0,0.0,
211,Rev5,5,W008,AE-3200,CH-B,EDG-01,Edge,0.84,0.0,2186.62,2160.0,2114.82,3231.3,True,True,True,True,0,0.0,
212,Rev5,5,W008,AE-3200,CH-B,EDG-02,Edge,0.84,32.7,2129.05,2111.77,2186.05,3307.3,True,True,False,True,2,5.71,
213,Rev5,5,W008,AE-3200,CH-B,EDG-03,Edge,0.84,65.5,2187.97,2198.2,2094.66,3429.4,True,False,True,True,0,0.0,
214,Rev5,5,W008,AE-3200,CH-B,EDG-04,Edge,0.84,98.2,2208.69,2129.07,2062.36,3238.7,True,True,True,True,0,0.0,
215,Rev5,5,W008,AE-3200,CH-B,EDG-05,Edge,0.84,130.9,2159.29,2128.58,2136.47,3109.5,True,True,True,True,0,0.0,
216,Rev5,5,W008,AE-3200,CH-B,EDG-06,Edge,0.84,163.6,2204.29,2150.72,2191.76,3511.6,True,True,False,False,0,0.0,
217,Rev5,5,W008,AE-3200,CH-B,EDG-07,Edge,0.84,196.4,2201.01,2131.97,2119.66,3213.6,True,True,True,True,0,0.0,
218,Rev5,5,W008,AE-3200,CH-B,EDG-08,Edge,0.84,229.1,2185.84,2172.1,2127.68,3397.5,True,True,True,True,0,0.0,
219,Rev5,5,W008,AE-3200,CH-B,EDG-09,Edge,0.84,261.8,2194.78,2180.86,2110.63,3381.2,True,True,True,True,0,0.0,
220,Rev5,5,W008,AE-3200,CH-B,EDG-10,Edge,0.84,294.5,2208.99,2210.53,2080.49,3328.2,True,False,True,True,2,7.1,arc_event
221,Rev5,5,W008,AE-3200,CH-B,EDG-11,Edge,0.84,327.3,2184.29,2185.26,2156.06,3166.2,True,True,True,True,0,0.0,
222,Rev5,5,W008,AE-3200,CH-B,EXT-01,Extreme Edge,0.96,16.4,2223.39,2179.85,2087.42,3085.6,True,True,True,True,1,4.24,
223,Rev5,5,W008,AE-3200,CH-B,EXT-02,Extreme Edge,0.96,49.1,2198.92,2164.67,2134.59,3436.0,True,True,True,True,0,0.0,
224,Rev5,5,W008,AE-3200,CH-B,EXT-03,Extreme Edge,0.96,81.8,2185.99,2155.76,2072.67,3478.2,True,True,True,True,0,0.0,
225,Rev5,5,W008,AE-3200,CH-B,EXT-04,Extreme Edge,0.96,114.5,2198.79,2099.67,2117.21,3332.6,True,True,True,True,1,2.0,
226,Rev5,5,W008,AE-3200,CH-B,EXT-05,Extreme Edge,0.96,147.3,2196.23,2131.66,2189.6,3439.1,True,True,False,True,1,5.18,
227,Rev5,5,W008,AE-3200,CH-B,EXT-06,Extreme Edge,0.96,180.0,2218.03,2185.12,2269.98,3434.4,True,True,False,True,1,3.96,esc_temp_drift
228,Rev5,5,W008,AE-3200,CH-B,EXT-07,Extreme Edge,0.96,212.7,2236.22,2148.14,2061.91,3373.8,False,True,True,True,0,0.0,
229,Rev5,5,W008,AE-3200,CH-B,EXT-08,Extreme Edge,0.96,245.5,2174.46,2132.9,2083.51,3099.7,True,True,True,True,0,0.0,
230,Rev5,5,W008,AE-3200,CH-B,EXT-09,Extreme Edge,0.96,278.2,2182.36,2216.67,2271.96,3179.0,True,False,False,True,1,3.95,polymer_residue
231,Rev5,5,W008,AE-3200,CH-B,EXT-10,Extreme Edge,0.96,310.9,2215.17,2084.35,2144.83,3608.1,True,True,True,False,2,8.84,
232,Rev5,5,W008,AE-3200,CH-B,EXT-11,Extreme Edge,0.96,343.6,2170.08,2145.79,1956.4,3428.8,True,True,True,True,1,4.42,polymer_residue
233,Rev5,5,W009,AE-3200,CH-B,C1,Center,0.0,0.0,2115.31,2055.14,2069.32,3427.9,True,True,True,True,0,0.0,
234,Rev5,5,W009,AE-3200,CH-B,MID-01,Mid,0.52,30.0,2190.03,2131.85,2161.95,3436.6,True,True,True,True,0,0.0,
235,Rev5,5,W009,AE-3200,CH-B,MID-02,Mid,0.52,90.0,2189.36,2124.1,2172.31,3221.1,True,True,False,True,1,4.58,polymer_residue
236,Rev5,5,W009,AE-3200,CH-B,MID-03,Mid,0.52,150.0,2134.64,2124.45,2032.35,3198.1,True,True,True,True,0,0.0,
237,Rev5,5,W009,AE-3200,CH-B,MID-04,Mid,0.52,210.0,2105.36,2108.55,1992.43,3351.7,True,True,True,True,1,1.91,pressure_spike
238,Rev5,5,W009,AE-3200,CH-B,MID-05,Mid,0.52,270.0,2161.78,2111.54,2069.69,3330.4,True,True,True,True,0,0.0,
239,Rev5,5,W009,AE-3200,CH-B,MID-06,Mid,0.52,330.0,2108.25,2122.51,2098.63,3299.4,True,True,True,True,0,0.0,
240,Rev5,5,W009,AE-3200,CH-B,EDG-01,Edge,0.84,0.0,2171.3,2164.09,2096.78,3302.9,True,True,True,True,1,3.2,
241,Rev5,5,W009,AE-3200,CH-B,EDG-02,Edge,0.84,32.7,2190.13,2089.27,2112.19,3313.7,True,True,True,True,2,9.02,polymer_residue
242,Rev5,5,W009,AE-3200,CH-B,EDG-03,Edge,0.84,65.5,2163.77,2082.29,2120.65,3429.5,True,True,True,True,1,3.27,
243,Rev5,5,W009,AE-3200,CH-B,EDG-04,Edge,0.84,98.2,2182.97,2122.68,2134.5,3300.5,True,True,True,True,0,0.0,
244,Rev5,5,W009,AE-3200,CH-B,EDG-05,Edge,0.84,130.9,2158.61,2142.34,2050.68,3336.4,True,True,True,True,2,6.69,polymer_residue
245,Rev5,5,W009,AE-3200,CH-B,EDG-06,Edge,0.84,163.6,2168.79,2116.84,2140.13,3319.1,True,True,True,True,0,0.0,
246,Rev5,5,W009,AE-3200,CH-B,EDG-07,Edge,0.84,196.4,2189.08,2157.92,2096.38,3304.2,True,True,True,True,0,0.0,
247,Rev5,5,W009,AE-3200,CH-B,EDG-08,Edge,0.84,229.1,2154.81,2174.89,2107.85,3721.3,True,True,True,False,1,4.21,
248,Rev5,5,W009,AE-3200,CH-B,EDG-09,Edge,0.84,261.8,2200.24,2143.04,2051.94,3289.9,True,True,True,True,0,0.0,
249,Rev5,5,W009,AE-3200,CH-B,EDG-10,Edge,0.84,294.5,2157.67,2148.8,2114.99,3379.7,True,True,True,True,0,0.0,
250,Rev5,5,W009,AE-3200,CH-B,EDG-11,Edge,0.84,327.3,2163.27,2134.46,2166.63,3552.3,True,True,True,False,0,0.0,
251,Rev5,5,W009,AE-3200,CH-B,EXT-01,Extreme Edge,0.96,16.4,2222.18,2152.05,2098.3,3400.9,True,True,True,True,0,0.0,
252,Rev5,5,W009,AE-3200,CH-B,EXT-02,Extreme Edge,0.96,49.1,2212.63,2247.7,2087.12,3329.8,True,False,True,True,0,0.0,
253,Rev5,5,W009,AE-3200,CH-B,EXT-03,Extreme Edge,0.96,81.8,2163.97,2105.28,2207.86,3353.8,True,True,False,True,0,0.0,
254,Rev5,5,W009,AE-3200,CH-B,EXT-04,Extreme Edge,0.96,114.5,2170.92,2130.96,2114.14,3409.6,True,True,True,True,0,0.0,
255,Rev5,5,W009,AE-3200,CH-B,EXT-05,Extreme Edge,0.96,147.3,2134.65,2119.48,2184.2,3260.2,True,True,False,True,0,0.0,
256,Rev5,5,W009,AE-3200,CH-B,EXT-06,Extreme Edge,0.96,180.0,2155.5,2182.25,2145.93,3418.6,True,True,True,True,0,0.0,
257,Rev5,5,W009,AE-3200,CH-B,EXT-07,Extreme Edge,0.96,212.7,2195.55,2178.54,2117.09,3515.2,True,True,True,False,1,5.96,
258,Rev5,5,W009,AE-3200,CH-B,EXT-08,Extreme Edge,0.96,245.5,2204.04,2120.53,2114.19,3224.5,True,True,True,True,0,0.0,
259,Rev5,5,W009,AE-3200,CH-B,EXT-09,Extreme Edge,0.96,278.2,2169.73,2147.91,2094.05,3391.7,True,True,True,True,2,9.93,polymer_residue
260,Rev5,5,W009,AE-3200,CH-B,EXT-10,Extreme Edge,0.96,310.9,2176.02,2106.02,2121.59,3546.7,True,True,True,False,2,9.73,
261,Rev5,5,W009,AE-3200,CH-B,EXT-11,Extreme Edge,0.96,343.6,2212.09,2138.2,2166.77,3353.0,True,True,True,True,1,4.93,pressure_spike
262,Rev9,9,W010,AE-3200,CH-B,C1,Center,0.0,0.0,2166.61,2087.1,2090.8,3410.9,True,True,True,True,0,0.0,
263,Rev9,9,W010,AE-3200,CH-B,MID-01,Mid,0.52,30.0,2161.57,2098.9,2085.04,3492.0,True,True,True,True,0,0.0,
264,Rev9,9,W010,AE-3200,CH-B,MID-02,Mid,0.52,90.0,2162.48,2119.14,2104.55,2957.8,True,True,True,False,0,0.0,
265,Rev9,9,W010,AE-3200,CH-B,MID-03,Mid,0.52,150.0,2158.27,2143.01,2135.62,3153.3,True,True,True,True,0,0.0,
266,Rev9,9,W010,AE-3200,CH-B,MID-04,Mid,0.52,210.0,2212.53,2174.06,2075.54,3361.7,True,True,True,True,1,3.97,polymer_residue
267,Rev9,9,W010,AE-3200,CH-B,MID-05,Mid,0.52,270.0,2148.69,2105.03,1955.59,3169.0,True,True,True,True,1,3.83,polymer_residue
268,Rev9,9,W010,AE-3200,CH-B,MID-06,Mid,0.52,330.0,2120.6,2076.4,2045.58,3377.7,True,True,True,True,0,0.0,
269,Rev9,9,W010,AE-3200,CH-B,EDG-01,Edge,0.84,0.0,2202.07,2143.09,2064.73,3317.4,True,True,True,True,0,0.0,
270,Rev9,9,W010,AE-3200,CH-B,EDG-02,Edge,0.84,32.7,2203.03,2087.91,2000.78,3444.2,True,True,True,True,0,0.0,
271,Rev9,9,W010,AE-3200,CH-B,EDG-03,Edge,0.84,65.5,2187.24,2204.38,2079.08,3451.9,True,False,True,True,0,0.0,
272,Rev9,9,W010,AE-3200,CH-B,EDG-04,Edge,0.84,98.2,2195.4,2138.12,2074.61,3305.8,True,True,True,True,0,0.0,
273,Rev9,9,W010,AE-3200,CH-B,EDG-05,Edge,0.84,130.9,2188.37,2153.44,2097.16,3220.5,True,True,True,True,2,9.98,
274,Rev9,9,W010,AE-3200,CH-B,EDG-06,Edge,0.84,163.6,2155.46,2156.48,2139.71,3186.3,True,True,True,True,1,4.05,pressure_spike
275,Rev9,9,W010,AE-3200,CH-B,EDG-07,Edge,0.84,196.4,2198.01,2154.49,2100.36,3332.4,True,True,True,True,0,0.0,
276,Rev9,9,W010,AE-3200,CH-B,EDG-08,Edge,0.84,229.1,2173.93,2095.92,1986.59,3309.1,True,True,True,True,0,0.0,
277,Rev9,9,W010,AE-3200,CH-B,EDG-09,Edge,0.84,261.8,2222.18,2088.83,2114.59,3219.2,True,True,True,True,0,0.0,
278,Rev9,9,W010,AE-3200,CH-B,EDG-10,Edge,0.84,294.5,2206.68,2128.99,2044.56,3315.6,True,True,True,True,0,0.0,
279,Rev9,9,W010,AE-3200,CH-B,EDG-11,Edge,0.84,327.3,2236.97,2106.64,2031.93,3323.2,False,True,True,True,0,0.0,
280,Rev9,9,W010,AE-3200,CH-B,EXT-01,Extreme Edge,0.96,16.4,2234.75,2188.12,2098.1,3551.7,False,True,True,False,0,0.0,
281,Rev9,9,W010,AE-3200,CH-B,EXT-02,Extreme Edge,0.96,49.1,2158.11,2142.32,2123.5,3117.7,True,True,True,True,1,5.76,pressure_spike
282,Rev9,9,W010,AE-3200,CH-B,EXT-03,Extreme Edge,0.96,81.8,2181.22,2123.62,2102.21,3368.8,True,True,True,True,1,4.07,
283,Rev9,9,W010,AE-3200,CH-B,EXT-04,Extreme Edge,0.96,114.5,2202.32,2119.66,2073.07,3289.6,True,True,True,True,0,0.0,
284,Rev9,9,W010,AE-3200,CH-B,EXT-05,Extreme Edge,0.96,147.3,2177.32,2174.68,2144.86,3641.7,True,True,True,False,1,3.52,
285,Rev9,9,W010,AE-3200,CH-B,EXT-06,Extreme Edge,0.96,180.0,2213.23,2116.53,2002.8,3413.0,True,True,True,True,0,0.0,
286,Rev9,9,W010,AE-3200,CH-B,EXT-07,Extreme Edge,0.96,212.7,2209.8,2127.23,2191.4,3345.5,True,True,False,True,0,0.0,
287,Rev9,9,W010,AE-3200,CH-B,EXT-08,Extreme Edge,0.96,245.5,2202.93,2171.24,2040.71,3145.4,True,True,True,True,0,0.0,
288,Rev9,9,W010,AE-3200,CH-B,EXT-09,Extreme Edge,0.96,278.2,2161.85,2155.36,2149.58,3274.6,True,True,True,True,0,0.0,
289,Rev9,9,W010,AE-3200,CH-B,EXT-10,Extreme Edge,0.96,310.9,2188.6,2205.12,2078.43,3319.7,True,False,True,True,1,5.09,endpoint_late
290,Rev9,9,W010,AE-3200,CH-B,EXT-11,Extreme Edge,0.96,343.6,2184.27,2117.8,2113.19,3446.7,True,True,True,True,1,4.5,
291,Base,0,W011,AE-3200,CH-A,C1,Center,0.0,0.0,2103.43,2035.87,1870.07,3197.0,True,True,False,True,0,0.0,
292,Base,0,W011,AE-3200,CH-A,MID-01,Mid,0.52,30.0,2125.98,2059.51,2015.04,3407.9,True,True,True,True,0,0.0,
293,Base,0,W011,AE-3200,CH-A,MID-02,Mid,0.52,90.0,2154.54,2125.69,1887.52,3444.5,True,True,False,True,0,0.0,
294,Base,0,W011,AE-3200,CH-A,MID-03,Mid,0.52,150.0,2196.04,2111.98,1953.3,3730.3,True,True,True,False,0,0.0,
295,Base,0,W011,AE-3200,CH-A,MID-04,Mid,0.52,210.0,2172.74,2091.83,1995.0,3504.8,True,True,True,False,0,0.0,
296,Base,0,W011,AE-3200,CH-A,MID-05,Mid,0.52,270.0,2195.67,2134.56,1949.81,3397.9,True,True,True,True,0,0.0,
297,Base,0,W011,AE-3200,CH-A,MID-06,Mid,0.52,330.0,2128.58,2129.37,1963.22,3324.8,True,True,True,True,0,0.0,
298,Base,0,W011,AE-3200,CH-A,EDG-01,Edge,0.84,0.0,2176.18,2102.63,1915.67,3607.9,True,True,True,False,0,0.0,
299,Base,0,W011,AE-3200,CH-A,EDG-02,Edge,0.84,32.7,2155.68,2149.92,1974.67,3502.3,True,True,True,False,1,6.39,polymer_residue
300,Base,0,W011,AE-3200,CH-A,EDG-03,Edge,0.84,65.5,2176.29,2144.93,1935.73,3427.2,True,True,True,True,0,0.0,
301,Base,0,W011,AE-3200,CH-A,EDG-04,Edge,0.84,98.2,2222.41,2084.87,1969.79,3375.8,True,True,True,True,1,5.58,
302,Base,0,W011,AE-3200,CH-A,EDG-05,Edge,0.84,130.9,2186.72,2082.78,1937.11,3473.7,True,True,True,True,0,0.0,
303,Base,0,W011,AE-3200,CH-A,EDG-06,Edge,0.84,163.6,2184.86,2103.55,2100.48,3436.3,True,True,True,True,1,5.67,
304,Base,0,W011,AE-3200,CH-A,EDG-07,Edge,0.84,196.4,2149.74,2122.28,2114.46,3671.4,True,True,True,False,1,4.58,
305,Base,0,W011,AE-3200,CH-A,EDG-08,Edge,0.84,229.1,2193.82,2129.18,2088.08,3568.3,True,True,True,False,0,0.0,
306,Base,0,W011,AE-3200,CH-A,EDG-09,Edge,0.84,261.8,2124.74,2083.99,1988.87,3262.5,True,True,True,True,0,0.0,
307,Base,0,W011,AE-3200,CH-A,EDG-10,Edge,0.84,294.5,2139.93,2145.65,1978.49,3661.2,True,True,True,False,0,0.0,
308,Base,0,W011,AE-3200,CH-A,EDG-11,Edge,0.84,327.3,2156.51,2164.01,1976.27,3360.0,True,True,True,True,0,0.0,
309,Base,0,W011,AE-3200,CH-A,EXT-01,Extreme Edge,0.96,16.4,2193.1,2149.36,2047.96,3459.4,True,True,True,True,0,0.0,
310,Base,0,W011,AE-3200,CH-A,EXT-02,Extreme Edge,0.96,49.1,2195.39,2113.71,1983.17,3273.6,True,True,True,True,1,3.8,polymer_residue
311,Base,0,W011,AE-3200,CH-A,EXT-03,Extreme Edge,0.96,81.8,2197.25,2138.75,2031.78,3518.9,True,True,True,False,0,0.0,
312,Base,0,W011,AE-3200,CH-A,EXT-04,Extreme Edge,0.96,114.5,2162.96,2151.58,1914.29,3446.5,True,True,True,True,1,2.67,
313,Base,0,W011,AE-3200,CH-A,EXT-05,Extreme Edge,0.96,147.3,2150.51,2127.4,2045.58,3529.3,True,True,True,False,0,0.0,
314,Base,0,W011,AE-3200,CH-A,EXT-06,Extreme Edge,0.96,180.0,2158.0,2138.59,1950.65,3508.3,True,True,True,False,2,9.81,pressure_spike
315,Base,0,W011,AE-3200,CH-A,EXT-07,Extreme Edge,0.96,212.7,2166.94,2105.53,2049.51,3566.8,True,True,True,False,0,0.0,
316,Base,0,W011,AE-3200,CH-A,EXT-08,Extreme Edge,0.96,245.5,2098.6,2095.21,1990.58,3485.7,True,True,True,True,1,2.35,
317,Base,0,W011,AE-3200,CH-A,EXT-09,Extreme Edge,0.96,278.2,2186.6,2121.33,2017.35,3413.4,True,True,True,True,1,5.56,arc_event
318,Base,0,W011,AE-3200,CH-A,EXT-10,Extreme Edge,0.96,310.9,2209.61,2093.02,1987.53,3316.7,True,True,True,True,1,6.06,
319,Base,0,W011,AE-3200,CH-A,EXT-11,Extreme Edge,0.96,343.6,2167.06,2165.19,1952.88,3654.6,True,True,True,False,0,0.0,
320,Rev6,6,W012,PX-7500,CH-C,C1,Center,0.0,0.0,2219.08,2070.19,2066.08,3508.3,True,True,True,False,0,0.0,
321,Rev6,6,W012,PX-7500,CH-C,MID-01,Mid,0.52,30.0,2104.67,2116.21,2148.17,3491.1,True,True,True,True,0,0.0,
322,Rev6,6,W012,PX-7500,CH-C,MID-02,Mid,0.52,90.0,2194.57,2091.14,2055.49,3347.5,True,True,True,True,0,0.0,
323,Rev6,6,W012,PX-7500,CH-C,MID-03,Mid,0.52,150.0,2178.4,2072.73,2050.31,3339.5,True,True,True,True,1,3.78,
324,Rev6,6,W012,PX-7500,CH-C,MID-04,Mid,0.52,210.0,2192.46,2113.56,2137.0,3361.8,True,True,True,True,0,0.0,
325,Rev6,6,W012,PX-7500,CH-C,MID-05,Mid,0.52,270.0,2150.43,2072.88,1946.56,3397.9,True,True,True,True,0,0.0,
326,Rev6,6,W012,PX-7500,CH-C,MID-06,Mid,0.52,330.0,2194.03,2088.32,2040.45,3193.3,True,True,True,True,0,0.0,
327,Rev6,6,W012,PX-7500,CH-C,EDG-01,Edge,0.84,0.0,2148.19,2162.96,2131.93,3465.2,True,True,True,True,1,2.97,
328,Rev6,6,W012,PX-7500,CH-C,EDG-02,Edge,0.84,32.7,2160.2,2108.48,2075.16,3106.3,True,True,True,True,1,3.15,polymer_residue
329,Rev6,6,W012,PX-7500,CH-C,EDG-03,Edge,0.84,65.5,2178.8,2182.77,2175.3,3256.6,True,True,False,True,0,0.0,
330,Rev6,6,W012,PX-7500,CH-C,EDG-04,Edge,0.84,98.2,2208.27,2100.83,2123.62,3399.1,True,True,True,True,0,0.0,
331,Rev6,6,W012,PX-7500,CH-C,EDG-05,Edge,0.84,130.9,2212.81,2127.31,2106.76,3310.3,True,True,True,True,0,0.0,
332,Rev6,6,W012,PX-7500,CH-C,EDG-06,Edge,0.84,163.6,2148.04,2173.47,2146.81,3271.0,True,True,True,True,0,0.0,
333,Rev6,6,W012,PX-7500,CH-C,EDG-07,Edge,0.84,196.4,2211.36,2131.16,2185.32,3170.1,True,True,False,True,0,0.0,
334,Rev6,6,W012,PX-7500,CH-C,EDG-08,Edge,0.84,229.1,2205.34,2190.22,2070.31,3396.1,True,True,True,True,1,4.82,polymer_residue
335,Rev6,6,W012,PX-7500,CH-C,EDG-09,Edge,0.84,261.8,2144.81,2153.77,2172.93,3586.9,True,True,False,False,0,0.0,
336,Rev6,6,W012,PX-7500,CH-C,EDG-10,Edge,0.84,294.5,2206.1,2129.82,2087.57,3373.0,True,True,True,True,0,0.0,
337,Rev6,6,W012,PX-7500,CH-C,EDG-11,Edge,0.84,327.3,2126.93,2100.09,2125.34,3185.1,True,True,True,True,1,5.96,
338,Rev6,6,W012,PX-7500,CH-C,EXT-01,Extreme Edge,0.96,16.4,2220.88,2176.79,2117.37,3572.3,True,True,True,False,1,5.36,
339,Rev6,6,W012,PX-7500,CH-C,EXT-02,Extreme Edge,0.96,49.1,2258.22,2156.2,2163.56,3487.2,False,True,True,True,0,0.0,
340,Rev6,6,W012,PX-7500,CH-C,EXT-03,Extreme Edge,0.96,81.8,2186.97,2164.39,2195.92,3355.6,True,True,False,True,1,5.14,polymer_residue
341,Rev6,6,W012,PX-7500,CH-C,EXT-04,Extreme Edge,0.96,114.5,2213.42,2163.21,2020.67,3338.7,True,True,True,True,0,0.0,
342,Rev6,6,W012,PX-7500,CH-C,EXT-05,Extreme Edge,0.96,147.3,2222.53,2122.33,2112.47,3434.2,True,True,True,True,0,0.0,
343,Rev6,6,W012,PX-7500,CH-C,EXT-06,Extreme Edge,0.96,180.0,2185.63,2132.04,2154.13,3326.2,True,True,True,True,1,5.55,
344,Rev6,6,W012,PX-7500,CH-C,EXT-07,Extreme Edge,0.96,212.7,2230.42,2152.22,2104.57,3569.9,False,True,True,False,0,0.0,
345,Rev6,6,W012,PX-7500,CH-C,EXT-08,Extreme Edge,0.96,245.5,2203.69,2177.29,2104.23,3709.7,True,True,True,False,0,0.0,
346,Rev6,6,W012,PX-7500,CH-C,EXT-09,Extreme Edge,0.96,278.2,2210.77,2156.94,2072.95,3449.0,True,True,True,True,1,2.51,polymer_residue
347,Rev6,6,W012,PX-7500,CH-C,EXT-10,Extreme Edge,0.96,310.9,2188.49,2123.96,2019.26,3315.1,True,True,True,True,0,0.0,
348,Rev6,6,W012,PX-7500,CH-C,EXT-11,Extreme Edge,0.96,343.6,2201.11,2126.18,2045.49,3517.3,True,True,True,False,1,5.54,
349,Rev7,7,W013,PX-7500,CH-D,C1,Center,0.0,0.0,2139.77,2112.89,1923.59,3274.3,True,True,True,True,0,0.0,
350,Rev7,7,W013,PX-7500,CH-D,MID-01,Mid,0.52,30.0,2129.87,2059.99,1980.49,3104.4,True,True,True,True,0,0.0,
351,Rev7,7,W013,PX-7500,CH-D,MID-02,Mid,0.52,90.0,2184.61,2063.33,2045.36,3102.9,True,True,True,True,1,3.09,
352,Rev7,7,W013,PX-7500,CH-D,MID-03,Mid,0.52,150.0,2174.53,2090.11,2007.6,3236.0,True,True,True,True,1,1.99,
353,Rev7,7,W013,PX-7500,CH-D,MID-04,Mid,0.52,210.0,2146.87,2080.56,2094.04,3335.6,True,True,True,True,0,0.0,
354,Rev7,7,W013,PX-7500,CH-D,MID-05,Mid,0.52,270.0,2133.38,2098.72,2061.15,3422.6,True,True,True,True,0,0.0,
355,Rev7,7,W013,PX-7500,CH-D,MID-06,Mid,0.52,330.0,2140.58,2057.69,2054.74,3212.9,True,True,True,True,0,0.0,
356,Rev7,7,W013,PX-7500,CH-D,EDG-01,Edge,0.84,0.0,2191.43,2087.65,2068.18,3100.1,True,True,True,True,0,0.0,
357,Rev7,7,W013,PX-7500,CH-D,EDG-02,Edge,0.84,32.7,2207.42,2144.73,2077.7,3248.5,True,True,True,True,0,0.0,
358,Rev7,7,W013,PX-7500,CH-D,EDG-03,Edge,0.84,65.5,2141.38,2075.19,2163.3,3513.2,True,True,True,False,0,0.0,
359,Rev7,7,W013,PX-7500,CH-D,EDG-04,Edge,0.84,98.2,2115.99,2136.67,2150.83,3209.0,True,True,True,True,0,0.0,
360,Rev7,7,W013,PX-7500,CH-D,EDG-05,Edge,0.84,130.9,2162.74,2135.67,2103.81,3242.6,True,True,True,True,0,0.0,
361,Rev7,7,W013,PX-7500,CH-D,EDG-06,Edge,0.84,163.6,2154.34,2123.46,2113.41,3259.7,True,True,True,True,0,0.0,
362,Rev7,7,W013,PX-7500,CH-D,EDG-07,Edge,0.84,196.4,2197.22,2121.85,2001.27,3538.1,True,True,True,False,0,0.0,
363,Rev7,7,W013,PX-7500,CH-D,EDG-08,Edge,0.84,229.1,2160.77,2083.88,2054.11,3433.6,True,True,True,True,1,5.23,
364,Rev7,7,W013,PX-7500,CH-D,EDG-09,Edge,0.84,261.8,2126.81,2135.66,2024.2,3294.0,True,True,True,True,0,0.0,
365,Rev7,7,W013,PX-7500,CH-D,EDG-10,Edge,0.84,294.5,2126.5,2111.97,2066.84,3249.9,True,True,True,True,1,3.65,
366,Rev7,7,W013,PX-7500,CH-D,EDG-11,Edge,0.84,327.3,2151.91,2129.62,2148.21,3249.8,True,True,True,True,1,2.54,endpoint_late
367,Rev7,7,W013,PX-7500,CH-D,EXT-01,Extreme Edge,0.96,16.4,2146.24,2194.96,2191.32,3316.8,True,True,False,True,0,0.0,
368,Rev7,7,W013,PX-7500,CH-D,EXT-02,Extreme Edge,0.96,49.1,2196.35,2107.37,2139.21,3416.8,True,True,True,True,0,0.0,
369,Rev7,7,W013,PX-7500,CH-D,EXT-03,Extreme Edge,0.96,81.8,2200.35,2157.47,2139.45,3317.4,True,True,True,True,1,3.53,
370,Rev7,7,W013,PX-7500,CH-D,EXT-04,Extreme Edge,0.96,114.5,2198.24,2135.79,2150.77,3436.0,True,True,True,True,0,0.0,
371,Rev7,7,W013,PX-7500,CH-D,EXT-05,Extreme Edge,0.96,147.3,2160.28,2092.28,2109.77,3400.8,True,True,True,True,0,0.0,
372,Rev7,7,W013,PX-7500,CH-D,EXT-06,Extreme Edge,0.96,180.0,2180.49,2200.9,2072.78,3297.4,True,False,True,True,1,6.24,arc_event
373,Rev7,7,W013,PX-7500,CH-D,EXT-07,Extreme Edge,0.96,212.7,2184.91,2111.48,2059.83,3237.7,True,True,True,True,0,0.0,
374,Rev7,7,W013,PX-7500,CH-D,EXT-08,Extreme Edge,0.96,245.5,2153.39,2104.66,2083.45,3424.5,True,True,True,True,0,0.0,
375,Rev7,7,W013,PX-7500,CH-D,EXT-09,Extreme Edge,0.96,278.2,2137.15,2118.62,2150.64,3415.4,True,True,True,True,2,6.06,
376,Rev7,7,W013,PX-7500,CH-D,EXT-10,Extreme Edge,0.96,310.9,2214.8,2170.7,2058.41,3384.2,True,True,True,True,1,4.9,endpoint_late
377,Rev7,7,W013,PX-7500,CH-D,EXT-11,Extreme Edge,0.96,343.6,2173.34,2092.17,2076.74,3393.6,True,True,True,True,1,6.28,
378,Rev8,8,W014,AE-3200,CH-A,C1,Center,0.0,0.0,2130.33,2057.53,2082.04,3269.8,True,True,True,True,0,0.0,
379,Rev8,8,W014,AE-3200,CH-A,MID-01,Mid,0.52,30.0,2158.65,2061.16,2079.33,3153.2,True,True,True,True,1,4.17,
380,Rev8,8,W014,AE-3200,CH-A,MID-02,Mid,0.52,90.0,2205.85,2143.84,2199.04,3177.8,True,True,False,True,0,0.0,
381,Rev8,8,W014,AE-3200,CH-A,MID-03,Mid,0.52,150.0,2165.83,2066.37,2137.49,3319.4,True,True,True,True,0,0.0,
382,Rev8,8,W014,AE-3200,CH-A,MID-04,Mid,0.52,210.0,2162.03,2150.16,2084.73,3305.8,True,True,True,True,0,0.0,
383,Rev8,8,W014,AE-3200,CH-A,MID-05,Mid,0.52,270.0,2134.6,2085.65,2056.72,3333.6,True,True,True,True,0,0.0,
384,Rev8,8,W014,AE-3200,CH-A,MID-06,Mid,0.52,330.0,2176.99,2099.92,2049.73,3344.1,True,True,True,True,0,0.0,
385,Rev8,8,W014,AE-3200,CH-A,EDG-01,Edge,0.84,0.0,2165.35,2089.76,2083.85,3466.7,True,True,True,True,0,0.0,
386,Rev8,8,W014,AE-3200,CH-A,EDG-02,Edge,0.84,32.7,2172.49,2085.98,2190.98,3494.1,True,True,False,True,2,4.85,
387,Rev8,8,W014,AE-3200,CH-A,EDG-03,Edge,0.84,65.5,2199.76,2123.83,2127.24,3328.5,True,True,True,True,0,0.0,
388,Rev8,8,W014,AE-3200,CH-A,EDG-04,Edge,0.84,98.2,2189.71,2063.42,2141.54,3450.3,True,True,True,True,1,5.96,
389,Rev8,8,W014,AE-3200,CH-A,EDG-05,Edge,0.84,130.9,2219.73,2157.6,2117.24,3257.4,True,True,True,True,1,2.5,pressure_spike
390,Rev8,8,W014,AE-3200,CH-A,EDG-06,Edge,0.84,163.6,2182.37,2117.4,2224.75,3332.8,True,True,False,True,3,6.32,polymer_residue
391,Rev8,8,W014,AE-3200,CH-A,EDG-07,Edge,0.84,196.4,2193.11,2142.45,2162.33,3309.2,True,True,True,True,0,0.0,
392,Rev8,8,W014,AE-3200,CH-A,EDG-08,Edge,0.84,229.1,2168.46,2194.76,2156.88,3404.6,True,True,True,True,0,0.0,
393,Rev8,8,W014,AE-3200,CH-A,EDG-09,Edge,0.84,261.8,2208.52,2097.77,2167.93,3299.9,True,True,True,True,1,2.17,
394,Rev8,8,W014,AE-3200,CH-A,EDG-10,Edge,0.84,294.5,2211.84,2142.73,2180.4,3233.1,True,True,False,True,0,0.0,
395,Rev8,8,W014,AE-3200,CH-A,EDG-11,Edge,0.84,327.3,2189.67,2177.95,2080.52,3324.1,True,True,True,True,0,0.0,
396,Rev8,8,W014,AE-3200,CH-A,EXT-01,Extreme Edge,0.96,16.4,2228.8,2107.58,2156.51,3084.0,False,True,True,True,0,0.0,
397,Rev8,8,W014,AE-3200,CH-A,EXT-02,Extreme Edge,0.96,49.1,2214.83,2129.26,2166.56,3209.9,True,True,True,True,1,3.55,
398,Rev8,8,W014,AE-3200,CH-A,EXT-03,Extreme Edge,0.96,81.8,2189.03,2163.61,2000.46,3444.3,True,True,True,True,0,0.0,
399,Rev8,8,W014,AE-3200,CH-A,EXT-04,Extreme Edge,0.96,114.5,2191.03,2125.36,2179.77,3119.5,True,True,False,True,0,0.0,
400,Rev8,8,W014,AE-3200,CH-A,EXT-05,Extreme Edge,0.96,147.3,2202.82,2093.76,2118.42,3239.6,True,True,True,True,1,4.03,pressure_spike
401,Rev8,8,W014,AE-3200,CH-A,EXT-06,Extreme Edge,0.96,180.0,2176.96,2154.51,2215.42,3479.1,True,True,False,True,0,0.0,
402,Rev8,8,W014,AE-3200,CH-A,EXT-07,Extreme Edge,0.96,212.7,2202.95,2182.82,2106.85,3289.5,True,True,True,True,1,2.37,arc_event
403,Rev8,8,W014,AE-3200,CH-A,EXT-08,Extreme Edge,0.96,245.5,2212.17,2115.72,2114.76,3477.0,True,True,True,True,1,5.35,endpoint_late
404,Rev8,8,W014,AE-3200,CH-A,EXT-09,Extreme Edge,0.96,278.2,2214.44,2133.73,2158.81,3418.3,True,True,True,True,2,11.53,polymer_residue
405,Rev8,8,W014,AE-3200,CH-A,EXT-10,Extreme Edge,0.96,310.9,2229.39,2174.83,2104.49,3225.2,False,True,True,True,0,0.0,
406,Rev8,8,W014,AE-3200,CH-A,EXT-11,Extreme Edge,0.96,343.6,2230.12,2162.81,2118.79,3297.3,False,True,True,True,0,0.0,
407,Rev11,11,W015,PX-7500,CH-D,C1,Center,0.0,0.0,2226.3,2117.46,1927.91,3088.0,False,True,True,True,0,0.0,
408,Rev11,11,W015,PX-7500,CH-D,MID-01,Mid,0.52,30.0,2182.3,2131.1,1829.1,3368.9,True,True,False,True,0,0.0,
409,Rev11,11,W015,PX-7500,CH-D,MID-02,Mid,0.52,90.0,2222.55,2171.29,1973.61,3220.7,True,True,True,True,0,0.0,
410,Rev11,11,W015,PX-7500,CH-D,MID-03,Mid,0.52,150.0,2212.78,2196.63,1855.97,3204.3,True,False,False,True,1,3.54,
411,Rev11,11,W015,PX-7500,CH-D,MID-04,Mid,0.52,210.0,2223.8,2175.68,1946.8,3012.7,True,True,True,True,0,0.0,
412,Rev11,11,W015,PX-7500,CH-D,MID-05,Mid,0.52,270.0,2213.12,2203.46,1952.33,3289.9,True,False,True,True,0,0.0,
413,Rev11,11,W015,PX-7500,CH-D,MID-06,Mid,0.52,330.0,2214.46,2130.48,1918.87,3135.4,True,True,True,True,0,0.0,
414,Rev11,11,W015,PX-7500,CH-D,EDG-01,Edge,0.84,0.0,2247.03,2211.51,1870.65,3252.5,False,False,False,True,1,6.01,
415,Rev11,11,W015,PX-7500,CH-D,EDG-02,Edge,0.84,32.7,2203.46,2186.09,1969.21,3203.6,True,True,True,True,0,0.0,
416,Rev11,11,W015,PX-7500,CH-D,EDG-03,Edge,0.84,65.5,2246.52,2204.67,1905.86,3277.6,False,False,True,True,0,0.0,
417,Rev11,11,W015,PX-7500,CH-D,EDG-04,Edge,0.84,98.2,2236.23,2156.17,1913.22,3265.3,False,True,True,True,1,5.08,polymer_residue
418,Rev11,11,W015,PX-7500,CH-D,EDG-05,Edge,0.84,130.9,2269.57,2177.12,1863.56,3262.0,False,True,False,True,1,4.24,endpoint_late
419,Rev11,11,W015,PX-7500,CH-D,EDG-06,Edge,0.84,163.6,2252.89,2196.92,1904.28,3430.0,False,False,True,True,0,0.0,
420,Rev11,11,W015,PX-7500,CH-D,EDG-07,Edge,0.84,196.4,2265.42,2207.99,1950.78,3343.3,False,False,True,True,1,4.76,
421,Rev11,11,W015,PX-7500,CH-D,EDG-08,Edge,0.84,229.1,2265.01,2157.67,1971.12,3053.8,False,True,True,True,0,0.0,
422,Rev11,11,W015,PX-7500,CH-D,EDG-09,Edge,0.84,261.8,2265.79,2213.65,1935.58,3340.0,False,False,True,True,3,17.22,arc_event
423,Rev11,11,W015,PX-7500,CH-D,EDG-10,Edge,0.84,294.5,2278.0,2163.6,2021.05,3214.0,False,True,True,True,2,5.04,
424,Rev11,11,W015,PX-7500,CH-D,EDG-11,Edge,0.84,327.3,2251.62,2205.39,1944.63,3157.7,False,False,True,True,1,5.93,
425,Rev11,11,W015,PX-7500,CH-D,EXT-01,Extreme Edge,0.96,16.4,2288.66,2247.74,1939.98,3226.9,False,False,True,True,0,0.0,
426,Rev11,11,W015,PX-7500,CH-D,EXT-02,Extreme Edge,0.96,49.1,2290.66,2225.92,1995.33,3362.8,False,False,True,True,0,0.0,
427,Rev11,11,W015,PX-7500,CH-D,EXT-03,Extreme Edge,0.96,81.8,2245.69,2233.37,1995.21,3411.3,False,False,True,True,1,5.93,
428,Rev11,11,W015,PX-7500,CH-D,EXT-04,Extreme Edge,0.96,114.5,2259.16,2145.99,1881.61,3202.4,False,True,False,True,2,4.64,
429,Rev11,11,W015,PX-7500,CH-D,EXT-05,Extreme Edge,0.96,147.3,2261.92,2195.93,1997.18,2987.5,False,False,True,False,0,0.0,
430,Rev11,11,W015,PX-7500,CH-D,EXT-06,Extreme Edge,0.96,180.0,2222.86,2183.35,1993.46,3288.2,True,True,True,True,0,0.0,
431,Rev11,11,W015,PX-7500,CH-D,EXT-07,Extreme Edge,0.96,212.7,2345.85,2223.11,2008.43,3085.3,False,False,True,True,2,4.55,
432,Rev11,11,W015,PX-7500,CH-D,EXT-08,Extreme Edge,0.96,245.5,2233.61,2186.32,1991.4,3274.8,False,True,True,True,0,0.0,
433,Rev11,11,W015,PX-7500,CH-D,EXT-09,Extreme Edge,0.96,278.2,2271.58,2218.05,2003.17,3268.3,False,False,True,True,2,10.74,polymer_residue
434,Rev11,11,W015,PX-7500,CH-D,EXT-10,Extreme Edge,0.96,310.9,2266.42,2193.05,1888.2,3383.3,False,True,False,True,0,0.0,
435,Rev11,11,W015,PX-7500,CH-D,EXT-11,Extreme Edge,0.96,343.6,2250.77,2223.77,1920.97,3162.2,False,False,True,True,1,2.06,arc_event
436,Rev3,3,W016,PX-7500,CH-D,C1,Center,0.0,0.0,2142.8,2078.74,1965.26,3381.3,True,True,True,True,0,0.0,
437,Rev3,3,W016,PX-7500,CH-D,MID-01,Mid,0.52,30.0,2117.75,2099.67,2099.53,3342.7,True,True,True,True,0,0.0,
438,Rev3,3,W016,PX-7500,CH-D,MID-02,Mid,0.52,90.0,2124.93,2063.42,2012.79,3185.2,True,True,True,True,0,0.0,
439,Rev3,3,W016,PX-7500,CH-D,MID-03,Mid,0.52,150.0,2139.59,2151.58,2084.58,3370.4,True,True,True,True,0,0.0,
440,Rev3,3,W016,PX-7500,CH-D,MID-04,Mid,0.52,210.0,2140.99,2056.64,2220.81,3351.8,True,True,False,True,0,0.0,
441,Rev3,3,W016,PX-7500,CH-D,MID-05,Mid,0.52,270.0,2161.99,2058.98,2058.86,3449.9,True,True,True,True,0,0.0,
442,Rev3,3,W016,PX-7500,CH-D,MID-06,Mid,0.52,330.0,2151.11,2084.43,2166.91,3286.7,True,True,True,True,0,0.0,
443,Rev3,3,W016,PX-7500,CH-D,EDG-01,Edge,0.84,0.0,2176.74,2153.37,1994.1,3316.5,True,True,True,True,1,6.43,
444,Rev3,3,W016,PX-7500,CH-D,EDG-02,Edge,0.84,32.7,2179.56,2186.19,2187.34,3501.0,True,True,False,False,1,4.65,endpoint_late
445,Rev3,3,W016,PX-7500,CH-D,EDG-03,Edge,0.84,65.5,2198.29,2161.78,2099.32,3453.7,True,True,True,True,0,0.0,
446,Rev3,3,W016,PX-7500,CH-D,EDG-04,Edge,0.84,98.2,2241.67,2190.96,2191.12,3301.2,False,True,False,True,2,12.68,
447,Rev3,3,W016,PX-7500,CH-D,EDG-05,Edge,0.84,130.9,2225.16,2158.84,2165.55,3216.0,False,True,True,True,1,6.22,esc_temp_drift
448,Rev3,3,W016,PX-7500,CH-D,EDG-06,Edge,0.84,163.6,2219.74,2099.94,2111.86,3422.0,True,True,True,True,1,2.42,polymer_residue
449,Rev3,3,W016,PX-7500,CH-D,EDG-07,Edge,0.84,196.4,2184.92,2096.3,2154.13,3230.2,True,True,True,True,0,0.0,
450,Rev3,3,W016,PX-7500,CH-D,EDG-08,Edge,0.84,229.1,2215.43,2139.49,2153.63,3155.6,True,True,True,True,1,5.98,polymer_residue
451,Rev3,3,W016,PX-7500,CH-D,EDG-09,Edge,0.84,261.8,2127.33,2150.56,2041.0,3385.3,True,True,True,True,0,0.0,
452,Rev3,3,W016,PX-7500,CH-D,EDG-10,Edge,0.84,294.5,2182.59,2092.44,2211.01,3125.7,True,True,False,True,0,0.0,
453,Rev3,3,W016,PX-7500,CH-D,EDG-11,Edge,0.84,327.3,2196.9,2088.65,2096.5,3122.4,True,True,True,True,0,0.0,
454,Rev3,3,W016,PX-7500,CH-D,EXT-01,Extreme Edge,0.96,16.4,2241.53,2150.77,2181.3,3500.4,False,True,False,False,0,0.0,
455,Rev3,3,W016,PX-7500,CH-D,EXT-02,Extreme Edge,0.96,49.1,2161.98,2092.64,2164.4,3372.7,True,True,True,True,0,0.0,
456,Rev3,3,W016,PX-7500,CH-D,EXT-03,Extreme Edge,0.96,81.8,2169.71,2152.22,2138.52,3356.2,True,True,True,True,0,0.0,
457,Rev3,3,W016,PX-7500,CH-D,EXT-04,Extreme Edge,0.96,114.5,2203.94,2126.63,2061.85,3303.6,True,True,True,True,0,0.0,
458,Rev3,3,W016,PX-7500,CH-D,EXT-05,Extreme Edge,0.96,147.3,2190.96,2130.53,2127.67,3250.4,True,True,True,True,0,0.0,
459,Rev3,3,W016,PX-7500,CH-D,EXT-06,Extreme Edge,0.96,180.0,2179.75,2128.59,2201.35,3473.7,True,True,False,True,2,10.72,polymer_residue
460,Rev3,3,W016,PX-7500,CH-D,EXT-07,Extreme Edge,0.96,212.7,2204.28,2142.22,2113.32,3038.2,True,True,True,True,2,12.95,
461,Rev3,3,W016,PX-7500,CH-D,EXT-08,Extreme Edge,0.96,245.5,2200.13,2189.47,2194.33,3427.4,True,True,False,True,1,4.74,polymer_residue
462,Rev3,3,W016,PX-7500,CH-D,EXT-09,Extreme Edge,0.96,278.2,2161.96,2153.32,2136.2,3394.7,True,True,True,True,1,4.9,polymer_residue
463,Rev3,3,W016,PX-7500,CH-D,EXT-10,Extreme Edge,0.96,310.9,2159.42,2112.33,2117.77,3317.3,True,True,True,True,1,5.54,
464,Rev3,3,W016,PX-7500,CH-D,EXT-11,Extreme Edge,0.96,343.6,2175.13,2171.72,2139.48,3320.9,True,True,True,True,0,0.0,
465,Rev8,8,W017,AE-3200,CH-A,C1,Center,0.0,0.0,2118.39,2070.71,1923.77,3463.7,True,True,True,True,0,0.0,
466,Rev8,8,W017,AE-3200,CH-A,MID-01,Mid,0.52,30.0,2173.09,2099.5,2003.88,3355.5,True,True,True,True,0,0.0,
467,Rev8,8,W017,AE-3200,CH-A,MID-02,Mid,0.52,90.0,2167.35,2104.03,1940.62,3308.7,True,True,True,True,0,0.0,
468,Rev8,8,W017,AE-3200,CH-A,MID-03,Mid,0.52,150.0,2163.66,2130.81,1956.82,3409.2,True,True,True,True,0,0.0,
469,Rev8,8,W017,AE-3200,CH-A,MID-04,Mid,0.52,210.0,2192.46,2084.41,1845.34,3336.9,True,True,False,True,0,0.0,
470,Rev8,8,W017,AE-3200,CH-A,MID-05,Mid,0.52,270.0,2160.94,2158.41,1987.91,3431.6,True,True,True,True,0,0.0,
471,Rev8,8,W017,AE-3200,CH-A,MID-06,Mid,0.52,330.0,2153.48,2155.22,1978.36,3368.2,True,True,True,True,0,0.0,
472,Rev8,8,W017,AE-3200,CH-A,EDG-01,Edge,0.84,0.0,2200.11,2124.38,1959.3,3351.6,True,True,True,True,0,0.0,
473,Rev8,8,W017,AE-3200,CH-A,EDG-02,Edge,0.84,32.7,2171.98,2089.59,1994.83,3126.6,True,True,True,True,0,0.0,
474,Rev8,8,W017,AE-3200,CH-A,EDG-03,Edge,0.84,65.5,2208.01,2094.86,1926.5,3322.3,True,True,True,True,0,0.0,
475,Rev8,8,W017,AE-3200,CH-A,EDG-04,Edge,0.84,98.2,2173.81,2139.78,2028.12,3413.8,True,True,True,True,1,3.43,
476,Rev8,8,W017,AE-3200,CH-A,EDG-05,Edge,0.84,130.9,2134.63,2108.4,1967.17,3269.6,True,True,True,True,0,0.0,
477,Rev8,8,W017,AE-3200,CH-A,EDG-06,Edge,0.84,163.6,2227.23,2138.64,2110.16,3235.3,False,True,True,True,0,0.0,
478,Rev8,8,W017,AE-3200,CH-A,EDG-07,Edge,0.84,196.4,2170.11,2158.74,2001.89,3659.1,True,True,True,False,1,2.55,
479,Rev8,8,W017,AE-3200,CH-A,EDG-08,Edge,0.84,229.1,2197.79,2139.47,1979.39,3580.4,True,True,True,False,0,0.0,
480,Rev8,8,W017,AE-3200,CH-A,EDG-09,Edge,0.84,261.8,2174.8,2108.83,2049.48,3547.1,True,True,True,False,2,4.91,
481,Rev8,8,W017,AE-3200,CH-A,EDG-10,Edge,0.84,294.5,2222.82,2085.67,2103.52,3461.0,True,True,True,True,0,0.0,
482,Rev8,8,W017,AE-3200,CH-A,EDG-11,Edge,0.84,327.3,2195.51,2123.89,2073.13,3226.0,True,True,True,True,0,0.0,
483,Rev8,8,W017,AE-3200,CH-A,EXT-01,Extreme Edge,0.96,16.4,2224.21,2113.31,2038.43,3107.0,True,True,True,True,0,0.0,
484,Rev8,8,W017,AE-3200,CH-A,EXT-02,Extreme Edge,0.96,49.1,2165.22,2194.77,1956.93,3495.3,True,True,True,True,1,6.02,arc_event
485,Rev8,8,W017,AE-3200,CH-A,EXT-03,Extreme Edge,0.96,81.8,2246.95,2149.77,1978.95,3202.6,False,True,True,True,0,0.0,
486,Rev8,8,W017,AE-3200,CH-A,EXT-04,Extreme Edge,0.96,114.5,2218.45,2155.77,1944.16,3502.6,True,True,True,False,1,2.61,pressure_spike
487,Rev8,8,W017,AE-3200,CH-A,EXT-05,Extreme Edge,0.96,147.3,2225.47,2171.5,1915.36,3257.5,False,True,True,True,1,2.69,polymer_residue
488,Rev8,8,W017,AE-3200,CH-A,EXT-06,Extreme Edge,0.96,180.0,2243.39,2154.75,1953.27,3435.9,False,True,True,True,1,6.29,endpoint_late
489,Rev8,8,W017,AE-3200,CH-A,EXT-07,Extreme Edge,0.96,212.7,2201.37,2118.18,2055.06,3346.1,True,True,True,True,0,0.0,
490,Rev8,8,W017,AE-3200,CH-A,EXT-08,Extreme Edge,0.96,245.5,2222.63,2107.77,2092.78,3339.2,True,True,True,True,1,3.73,
491,Rev8,8,W017,AE-3200,CH-A,EXT-09,Extreme Edge,0.96,278.2,2187.09,2117.89,1888.7,3506.3,True,True,False,False,0,0.0,
492,Rev8,8,W017,AE-3200,CH-A,EXT-10,Extreme Edge,0.96,310.9,2161.01,2074.1,2026.12,3430.6,True,True,True,True,0,0.0,
493,Rev8,8,W017,AE-3200,CH-A,EXT-11,Extreme Edge,0.96,343.6,2213.78,2118.57,1999.63,3341.2,True,True,True,True,1,3.63,polymer_residue
494,Rev6,6,W018,PX-7500,CH-C,C1,Center,0.0,0.0,2110.4,2100.81,2180.7,3511.6,True,True,False,False,0,0.0,
495,Rev6,6,W018,PX-7500,CH-C,MID-01,Mid,0.52,30.0,2126.62,2112.64,2169.39,3219.1,True,True,True,True,0,0.0,
496,Rev6,6,W018,PX-7500,CH-C,MID-02,Mid,0.52,90.0,2190.36,2098.98,2144.92,3365.6,True,True,True,True,0,0.0,
497,Rev6,6,W018,PX-7500,CH-C,MID-03,Mid,0.52,150.0,2136.86,2111.64,2160.67,3238.9,True,True,True,True,1,3.75,
498,Rev6,6,W018,PX-7500,CH-C,MID-04,Mid,0.52,210.0,2161.76,2100.74,2155.1,3185.7,True,True,True,True,0,0.0,
499,Rev6,6,W018,PX-7500,CH-C,MID-05,Mid,0.52,270.0,2086.66,2105.21,2179.4,3407.9,True,True,False,True,0,0.0,
500,Rev6,6,W018,PX-7500,CH-C,MID-06,Mid,0.52,330.0,2139.62,2115.36,2272.96,3351.2,True,True,False,True,0,0.0,
501,Rev6,6,W018,PX-7500,CH-C,EDG-01,Edge,0.84,0.0,2161.5,2170.21,2203.1,3306.9,True,True,False,True,0,0.0,
502,Rev6,6,W018,PX-7500,CH-C,EDG-02,Edge,0.84,32.7,2183.94,2156.14,2151.12,3408.1,True,True,True,True,2,8.24,
503,Rev6,6,W018,PX-7500,CH-C,EDG-03,Edge,0.84,65.5,2159.64,2117.94,2207.63,3447.0,True,True,False,True,0,0.0,
504,Rev6,6,W018,PX-7500,CH-C,EDG-04,Edge,0.84,98.2,2163.22,2093.31,2196.4,3210.9,True,True,False,True,1,4.48,polymer_residue
505,Rev6,6,W018,PX-7500,CH-C,EDG-05,Edge,0.84,130.9,2170.43,2170.82,2151.2,3236.5,True,True,True,True,1,6.17,polymer_residue
506,Rev6,6,W018,PX-7500,CH-C,EDG-06,Edge,0.84,163.6,2186.26,2145.34,2155.19,3199.9,True,True,True,True,0,0.0,
507,Rev6,6,W018,PX-7500,CH-C,EDG-07,Edge,0.84,196.4,2173.48,2113.4,2130.5,3391.7,True,True,True,True,0,0.0,
508,Rev6,6,W018,PX-7500,CH-C,EDG-08,Edge,0.84,229.1,2154.29,2155.74,2189.46,3210.6,True,True,False,True,1,4.02,esc_temp_drift
509,Rev6,6,W018,PX-7500,CH-C,EDG-09,Edge,0.84,261.8,2154.24,2147.12,2262.23,3370.4,True,True,False,True,1,4.46,polymer_residue
510,Rev6,6,W018,PX-7500,CH-C,EDG-10,Edge,0.84,294.5,2168.05,2116.8,2020.78,3347.5,True,True,True,True,0,0.0,
511,Rev6,6,W018,PX-7500,CH-C,EDG-11,Edge,0.84,327.3,2211.29,2119.04,2085.08,3340.3,True,True,True,True,0,0.0,
512,Rev6,6,W018,PX-7500,CH-C,EXT-01,Extreme Edge,0.96,16.4,2203.2,2138.56,2149.26,3156.0,True,True,True,True,0,0.0,
513,Rev6,6,W018,PX-7500,CH-C,EXT-02,Extreme Edge,0.96,49.1,2194.59,2166.74,2241.67,3344.1,True,True,False,True,0,0.0,
514,Rev6,6,W018,PX-7500,CH-C,EXT-03,Extreme Edge,0.96,81.8,2224.59,2097.28,2042.66,3377.6,True,True,True,True,0,0.0,
515,Rev6,6,W018,PX-7500,CH-C,EXT-04,Extreme Edge,0.96,114.5,2186.71,2135.4,2217.23,3331.2,True,True,False,True,0,0.0,
516,Rev6,6,W018,PX-7500,CH-C,EXT-05,Extreme Edge,0.96,147.3,2134.56,2153.22,2135.92,3367.2,True,True,True,True,0,0.0,
517,Rev6,6,W018,PX-7500,CH-C,EXT-06,Extreme Edge,0.96,180.0,2169.13,2168.81,2143.56,3416.9,True,True,True,True,0,0.0,
518,Rev6,6,W018,PX-7500,CH-C,EXT-07,Extreme Edge,0.96,212.7,2193.25,2071.35,2101.68,3310.1,True,True,True,True,0,0.0,
519,Rev6,6,W018,PX-7500,CH-C,EXT-08,Extreme Edge,0.96,245.5,2187.06,2163.56,2178.02,3303.2,True,True,False,True,0,0.0,
520,Rev6,6,W018,PX-7500,CH-C,EXT-09,Extreme Edge,0.96,278.2,2169.87,2145.12,2143.46,3331.0,True,True,True,True,0,0.0,
521,Rev6,6,W018,PX-7500,CH-C,EXT-10,Extreme Edge,0.96,310.9,2210.47,2101.58,2249.45,3328.6,True,True,False,True,0,0.0,
522,Rev6,6,W018,PX-7500,CH-C,EXT-11,Extreme Edge,0.96,343.6,2165.72,2110.58,2144.26,3505.9,True,True,True,False,2,7.89,
523,Rev3,3,W019,PX-7500,CH-D,C1,Center,0.0,0.0,2166.18,2007.81,2210.11,3061.6,True,False,False,True,1,2.67,polymer_residue
524,Rev3,3,W019,PX-7500,CH-D,MID-01,Mid,0.52,30.0,2159.36,2099.57,2156.4,3313.8,True,True,True,True,0,0.0,
525,Rev3,3,W019,PX-7500,CH-D,MID-02,Mid,0.52,90.0,2151.66,2124.2,2179.7,3123.1,True,True,False,True,0,0.0,
526,Rev3,3,W019,PX-7500,CH-D,MID-03,Mid,0.52,150.0,2122.64,2065.16,2166.49,3171.6,True,True,True,True,0,0.0,
527,Rev3,3,W019,PX-7500,CH-D,MID-04,Mid,0.52,210.0,2168.05,2147.66,2088.56,3301.8,True,True,True,True,0,0.0,
528,Rev3,3,W019,PX-7500,CH-D,MID-05,Mid,0.52,270.0,2155.21,2095.24,2227.86,3338.9,True,True,False,True,0,0.0,
529,Rev3,3,W019,PX-7500,CH-D,MID-06,Mid,0.52,330.0,2179.79,2063.03,2032.19,3401.6,True,True,True,True,0,0.0,
530,Rev3,3,W019,PX-7500,CH-D,EDG-01,Edge,0.84,0.0,2173.78,2093.97,2191.47,3099.2,True,True,False,True,2,8.07,
531,Rev3,3,W019,PX-7500,CH-D,EDG-02,Edge,0.84,32.7,2205.44,2070.93,2136.65,3081.6,True,True,True,True,0,0.0,
532,Rev3,3,W019,PX-7500,CH-D,EDG-03,Edge,0.84,65.5,2180.5,2144.54,2143.68,2918.0,True,True,True,False,0,0.0,
533,Rev3,3,W019,PX-7500,CH-D,EDG-04,Edge,0.84,98.2,2210.3,2073.86,2057.96,3174.1,True,True,True,True,0,0.0,
534,Rev3,3,W019,PX-7500,CH-D,EDG-05,Edge,0.84,130.9,2203.59,2164.85,2165.53,3370.5,True,True,True,True,0,0.0,
535,Rev3,3,W019,PX-7500,CH-D,EDG-06,Edge,0.84,163.6,2174.85,2085.74,2193.76,3286.6,True,True,False,True,3,19.17,
536,Rev3,3,W019,PX-7500,CH-D,EDG-07,Edge,0.84,196.4,2181.13,2109.26,2167.88,3262.0,True,True,True,True,0,0.0,
537,Rev3,3,W019,PX-7500,CH-D,EDG-08,Edge,0.84,229.1,2177.67,2116.68,2160.56,3158.9,True,True,True,True,0,0.0,
538,Rev3,3,W019,PX-7500,CH-D,EDG-09,Edge,0.84,261.8,2172.3,2109.95,2222.61,3274.3,True,True,False,True,1,1.83,
539,Rev3,3,W019,PX-7500,CH-D,EDG-10,Edge,0.84,294.5,2211.57,2168.28,2147.93,3116.2,True,True,True,True,1,5.87,polymer_residue
540,Rev3,3,W019,PX-7500,CH-D,EDG-11,Edge,0.84,327.3,2160.5,2052.45,2236.71,3337.6,True,True,False,True,1,4.36,
541,Rev3,3,W019,PX-7500,CH-D,EXT-01,Extreme Edge,0.96,16.4,2218.42,2077.8,2127.75,3385.4,True,True,True,True,0,0.0,
542,Rev3,3,W019,PX-7500,CH-D,EXT-02,Extreme Edge,0.96,49.1,2224.02,2129.2,2092.84,3295.3,True,True,True,True,0,0.0,
543,Rev3,3,W019,PX-7500,CH-D,EXT-03,Extreme Edge,0.96,81.8,2210.29,2148.81,2114.78,3079.8,True,True,True,True,0,0.0,
544,Rev3,3,W019,PX-7500,CH-D,EXT-04,Extreme Edge,0.96,114.5,2209.87,2104.47,2218.56,3006.8,True,True,False,True,2,11.44,polymer_residue
545,Rev3,3,W019,PX-7500,CH-D,EXT-05,Extreme Edge,0.96,147.3,2174.3,2173.27,2238.77,3179.6,True,True,False,True,0,0.0,
546,Rev3,3,W019,PX-7500,CH-D,EXT-06,Extreme Edge,0.96,180.0,2171.97,2060.52,2077.03,3257.9,True,True,True,True,0,0.0,
547,Rev3,3,W019,PX-7500,CH-D,EXT-07,Extreme Edge,0.96,212.7,2178.01,2097.39,2149.32,3248.7,True,True,True,True,0,0.0,
548,Rev3,3,W019,PX-7500,CH-D,EXT-08,Extreme Edge,0.96,245.5,2232.7,2123.25,2092.56,3042.1,False,True,True,True,1,5.64,polymer_residue
549,Rev3,3,W019,PX-7500,CH-D,EXT-09,Extreme Edge,0.96,278.2,2173.56,2121.41,2158.86,3124.5,True,True,True,True,0,0.0,
550,Rev3,3,W019,PX-7500,CH-D,EXT-10,Extreme Edge,0.96,310.9,2174.15,2150.59,2207.99,3307.1,True,True,False,True,2,7.87,polymer_residue
551,Rev3,3,W019,PX-7500,CH-D,EXT-11,Extreme Edge,0.96,343.6,2187.24,2137.09,2224.21,3257.0,True,True,False,True,0,0.0,
552,Rev2,2,W020,PX-7500,CH-C,C1,Center,0.0,0.0,2147.26,2089.55,2104.06,3487.4,True,True,True,True,0,0.0,
553,Rev2,2,W020,PX-7500,CH-C,MID-01,Mid,0.52,30.0,2150.23,2060.92,2094.53,3260.9,True,True,True,True,0,0.0,
554,Rev2,2,W020,PX-7500,CH-C,MID-02,Mid,0.52,90.0,2203.73,2070.17,2124.12,3208.9,True,True,True,True,1,2.87,polymer_residue
555,Rev2,2,W020,PX-7500,CH-C,MID-03,Mid,0.52,150.0,2262.0,2071.1,2185.75,3354.7,False,True,False,True,1,5.13,esc_temp_drift
556,Rev2,2,W020,PX-7500,CH-C,MID-04,Mid,0.52,210.0,2158.12,2038.03,2224.35,3578.1,True,True,False,False,1,5.43,arc_event
557,Rev2,2,W020,PX-7500,CH-C,MID-05,Mid,0.52,270.0,2181.37,2050.56,2050.78,3372.4,True,True,True,True,1,4.24,
558,Rev2,2,W020,PX-7500,CH-C,MID-06,Mid,0.52,330.0,2197.56,2091.05,2156.07,3439.2,True,True,True,True,0,0.0,
559,Rev2,2,W020,PX-7500,CH-C,EDG-01,Edge,0.84,0.0,2211.42,2108.96,2156.87,3422.6,True,True,True,True,1,2.19,endpoint_late
560,Rev2,2,W020,PX-7500,CH-C,EDG-02,Edge,0.84,32.7,2163.74,2159.77,2109.74,3602.9,True,True,True,False,0,0.0,
561,Rev2,2,W020,PX-7500,CH-C,EDG-03,Edge,0.84,65.5,2214.34,2134.18,2171.55,3549.6,True,True,False,False,0,0.0,
562,Rev2,2,W020,PX-7500,CH-C,EDG-04,Edge,0.84,98.2,2173.41,2128.26,2232.07,3503.1,True,True,False,False,0,0.0,
563,Rev2,2,W020,PX-7500,CH-C,EDG-05,Edge,0.84,130.9,2230.44,2098.19,2124.96,3628.2,False,True,True,False,1,4.42,
564,Rev2,2,W020,PX-7500,CH-C,EDG-06,Edge,0.84,163.6,2199.84,2063.69,2038.19,3386.0,True,True,True,True,1,4.59,polymer_residue
565,Rev2,2,W020,PX-7500,CH-C,EDG-07,Edge,0.84,196.4,2201.27,2110.03,2157.42,3300.0,True,True,True,True,0,0.0,
566,Rev2,2,W020,PX-7500,CH-C,EDG-08,Edge,0.84,229.1,2197.15,2079.79,2203.38,3359.3,True,True,False,True,1,4.34,
567,Rev2,2,W020,PX-7500,CH-C,EDG-09,Edge,0.84,261.8,2188.18,2136.14,2163.7,3392.8,True,True,True,True,2,9.5,
568,Rev2,2,W020,PX-7500,CH-C,EDG-10,Edge,0.84,294.5,2244.84,2118.81,2151.01,3502.3,False,True,True,False,2,10.57,polymer_residue
569,Rev2,2,W020,PX-7500,CH-C,EDG-11,Edge,0.84,327.3,2188.14,2054.08,2220.87,3391.6,True,True,False,True,1,3.59,polymer_residue
570,Rev2,2,W020,PX-7500,CH-C,EXT-01,Extreme Edge,0.96,16.4,2229.87,2115.6,2175.44,3390.5,False,True,False,True,1,5.69,pressure_spike
571,Rev2,2,W020,PX-7500,CH-C,EXT-02,Extreme Edge,0.96,49.1,2198.46,2140.26,2183.21,3455.0,True,True,False,True,1,4.86,polymer_residue
572,Rev2,2,W020,PX-7500,CH-C,EXT-03,Extreme Edge,0.96,81.8,2196.13,2079.25,2084.97,3529.6,True,True,True,False,0,0.0,
573,Rev2,2,W020,PX-7500,CH-C,EXT-04,Extreme Edge,0.96,114.5,2183.26,2191.72,2165.01,3594.1,True,True,True,False,0,0.0,
574,Rev2,2,W020,PX-7500,CH-C,EXT-05,Extreme Edge,0.96,147.3,2213.06,2094.55,2153.21,3484.3,True,True,True,True,1,5.29,
575,Rev2,2,W020,PX-7500,CH-C,EXT-06,Extreme Edge,0.96,180.0,2194.39,2081.84,2202.62,3423.4,True,True,False,True,3,10.17,
576,Rev2,2,W020,PX-7500,CH-C,EXT-07,Extreme Edge,0.96,212.7,2209.59,2158.98,2133.9,3561.9,True,True,True,False,1,6.1,
577,Rev2,2,W020,PX-7500,CH-C,EXT-08,Extreme Edge,0.96,245.5,2182.28,2118.18,2156.68,3623.6,True,True,True,False,0,0.0,
578,Rev2,2,W020,PX-7500,CH-C,EXT-09,Extreme Edge,0.96,278.2,2180.71,2115.91,2156.66,3500.5,True,True,True,False,0,0.0,
579,Rev2,2,W020,PX-7500,CH-C,EXT-10,Extreme Edge,0.96,310.9,2178.55,2160.66,2144.03,3302.4,True,True,True,True,1,1.96,arc_event
580,Rev2,2,W020,PX-7500,CH-C,EXT-11,Extreme Edge,0.96,343.6,2255.69,2157.53,2010.58,3304.7,False,True,True,True,1,6.19,arc_event
581,Rev10,10,W021,PX-7500,CH-C,C1,Center,0.0,0.0,2135.84,2126.26,2075.61,3380.6,True,True,True,True,0,0.0,
582,Rev10,10,W021,PX-7500,CH-C,MID-01,Mid,0.52,30.0,2147.57,2209.97,1933.1,3281.2,True,False,True,True,0,0.0,
583,Rev10,10,W021,PX-7500,CH-C,MID-02,Mid,0.52,90.0,2146.19,2103.88,2124.98,3349.7,True,True,True,True,0,0.0,
584,Rev10,10,W021,PX-7500,CH-C,MID-03,Mid,0.52,150.0,2187.08,2204.8,2103.12,3401.0,True,False,True,True,0,0.0,
585,Rev10,10,W021,PX-7500,CH-C,MID-04,Mid,0.52,210.0,2137.35,2134.62,2059.39,3536.4,True,True,True,False,1,4.38,
586,Rev10,10,W021,PX-7500,CH-C,MID-05,Mid,0.52,270.0,2203.77,2118.14,1932.2,3502.7,True,True,True,False,0,0.0,
587,Rev10,10,W021,PX-7500,CH-C,MID-06,Mid,0.52,330.0,2159.38,2112.05,1950.27,3532.2,True,True,True,False,0,0.0,
588,Rev10,10,W021,PX-7500,CH-C,EDG-01,Edge,0.84,0.0,2209.49,2142.56,2058.16,3678.2,True,True,True,False,1,6.12,endpoint_late
589,Rev10,10,W021,PX-7500,CH-C,EDG-02,Edge,0.84,32.7,2175.56,2139.27,2060.29,3278.8,True,True,True,True,1,3.12,
590,Rev10,10,W021,PX-7500,CH-C,EDG-03,Edge,0.84,65.5,2219.21,2142.88,2012.24,3448.0,True,True,True,True,1,2.41,polymer_residue
591,Rev10,10,W021,PX-7500,CH-C,EDG-04,Edge,0.84,98.2,2218.77,2206.85,2087.77,3266.7,True,False,True,True,0,0.0,
592,Rev10,10,W021,PX-7500,CH-C,EDG-05,Edge,0.84,130.9,2210.2,2199.55,1995.01,3263.9,True,False,True,True,0,0.0,
593,Rev10,10,W021,PX-7500,CH-C,EDG-06,Edge,0.84,163.6,2163.06,2110.84,2234.76,3506.9,True,True,False,False,1,4.4,
594,Rev10,10,W021,PX-7500,CH-C,EDG-07,Edge,0.84,196.4,2147.84,2147.49,2114.42,3702.6,True,True,True,False,1,6.49,
595,Rev10,10,W021,PX-7500,CH-C,EDG-08,Edge,0.84,229.1,2169.37,2123.16,2104.73,3404.8,True,True,True,True,0,0.0,
596,Rev10,10,W021,PX-7500,CH-C,EDG-09,Edge,0.84,261.8,2152.31,2157.92,2058.93,3460.9,True,True,True,True,2,7.86,
597,Rev10,10,W021,PX-7500,CH-C,EDG-10,Edge,0.84,294.5,2213.58,2178.4,2055.37,3484.1,True,True,True,True,0,0.0,
598,Rev10,10,W021,PX-7500,CH-C,EDG-11,Edge,0.84,327.3,2155.29,2168.06,2064.88,3338.0,True,True,True,True,0,0.0,
599,Rev10,10,W021,PX-7500,CH-C,EXT-01,Extreme Edge,0.96,16.4,2174.55,2208.75,2255.76,3732.1,True,False,False,False,1,4.68,
600,Rev10,10,W021,PX-7500,CH-C,EXT-02,Extreme Edge,0.96,49.1,2191.85,2132.43,2050.36,3157.5,True,True,True,True,0,0.0,
601,Rev10,10,W021,PX-7500,CH-C,EXT-03,Extreme Edge,0.96,81.8,2241.47,2139.35,2099.39,3575.5,False,True,True,False,0,0.0,
602,Rev10,10,W021,PX-7500,CH-C,EXT-04,Extreme Edge,0.96,114.5,2192.96,2167.36,2120.84,3443.7,True,True,True,True,0,0.0,
603,Rev10,10,W021,PX-7500,CH-C,EXT-05,Extreme Edge,0.96,147.3,2174.68,2173.99,2058.22,3454.5,True,True,True,True,0,0.0,
604,Rev10,10,W021,PX-7500,CH-C,EXT-06,Extreme Edge,0.96,180.0,2212.59,2161.36,2117.12,3641.9,True,True,True,False,1,2.01,
605,Rev10,10,W021,PX-7500,CH-C,EXT-07,Extreme Edge,0.96,212.7,2243.59,2191.03,2048.47,3423.1,False,True,True,True,1,5.95,
606,Rev10,10,W021,PX-7500,CH-C,EXT-08,Extreme Edge,0.96,245.5,2172.78,2153.33,2072.89,3212.0,True,True,True,True,0,0.0,
607,Rev10,10,W021,PX-7500,CH-C,EXT-09,Extreme Edge,0.96,278.2,2227.06,2161.37,2084.45,3512.7,False,True,True,False,1,6.16,
608,Rev10,10,W021,PX-7500,CH-C,EXT-10,Extreme Edge,0.96,310.9,2135.44,2151.47,2167.51,3407.3,True,True,True,True,0,0.0,
609,Rev10,10,W021,PX-7500,CH-C,EXT-11,Extreme Edge,0.96,343.6,2159.67,2209.26,2017.45,3466.6,True,False,True,True,1,2.98,
610,Rev10,10,W022,PX-7500,CH-C,C1,Center,0.0,0.0,2170.29,2131.1,2008.53,3499.7,True,True,True,True,0,0.0,
611,Rev10,10,W022,PX-7500,CH-C,MID-01,Mid,0.52,30.0,2146.61,2181.72,2097.01,3464.1,True,True,True,True,0,0.0,
612,Rev10,10,W022,PX-7500,CH-C,MID-02,Mid,0.52,90.0,2195.81,2145.65,2040.57,3573.8,True,True,True,False,0,0.0,
613,Rev10,10,W022,PX-7500,CH-C,MID-03,Mid,0.52,150.0,2193.05,2115.83,2046.49,3420.1,True,True,True,True,0,0.0,
614,Rev10,10,W022,PX-7500,CH-C,MID-04,Mid,0.52,210.0,2194.27,2134.96,1998.2,3378.4,True,True,True,True,0,0.0,
615,Rev10,10,W022,PX-7500,CH-C,MID-05,Mid,0.52,270.0,2182.06,2186.57,1862.51,3313.7,True,True,False,True,0,0.0,
616,Rev10,10,W022,PX-7500,CH-C,MID-06,Mid,0.52,330.0,2162.7,2125.66,1856.45,3461.2,True,True,False,True,0,0.0,
617,Rev10,10,W022,PX-7500,CH-C,EDG-01,Edge,0.84,0.0,2134.29,2155.05,2077.14,3750.8,True,True,True,False,0,0.0,
618,Rev10,10,W022,PX-7500,CH-C,EDG-02,Edge,0.84,32.7,2197.2,2186.72,2050.06,3594.9,True,True,True,False,0,0.0,
619,Rev10,10,W022,PX-7500,CH-C,EDG-03,Edge,0.84,65.5,2194.07,2221.46,1906.59,3557.6,True,False,True,False,1,2.58,
620,Rev10,10,W022,PX-7500,CH-C,EDG-04,Edge,0.84,98.2,2197.91,2153.17,1963.18,3488.6,True,True,True,True,0,0.0,
621,Rev10,10,W022,PX-7500,CH-C,EDG-05,Edge,0.84,130.9,2190.48,2179.57,2002.03,3533.2,True,True,True,False,0,0.0,
622,Rev10,10,W022,PX-7500,CH-C,EDG-06,Edge,0.84,163.6,2161.3,2200.38,2023.25,3454.2,True,False,True,True,1,3.48,
623,Rev10,10,W022,PX-7500,CH-C,EDG-07,Edge,0.84,196.4,2215.46,2161.58,1902.99,3554.4,True,True,True,False,2,10.1,
624,Rev10,10,W022,PX-7500,CH-C,EDG-08,Edge,0.84,229.1,2199.98,2190.73,1979.27,3488.8,True,True,True,True,1,5.04,
625,Rev10,10,W022,PX-7500,CH-C,EDG-09,Edge,0.84,261.8,2181.64,2154.26,2029.16,3489.6,True,True,True,True,1,3.64,
626,Rev10,10,W022,PX-7500,CH-C,EDG-10,Edge,0.84,294.5,2215.14,2189.29,2127.9,3409.1,True,True,True,True,1,6.18,esc_temp_drift
627,Rev10,10,W022,PX-7500,CH-C,EDG-11,Edge,0.84,327.3,2224.25,2133.28,1955.54,3381.0,True,True,True,True,1,2.16,esc_temp_drift
628,Rev10,10,W022,PX-7500,CH-C,EXT-01,Extreme Edge,0.96,16.4,2240.34,2148.35,2001.29,3376.6,False,True,True,True,2,10.37,arc_event
629,Rev10,10,W022,PX-7500,CH-C,EXT-02,Extreme Edge,0.96,49.1,2186.29,2214.66,1978.03,3637.6,True,False,True,False,1,2.3,polymer_residue
630,Rev10,10,W022,PX-7500,CH-C,EXT-03,Extreme Edge,0.96,81.8,2210.42,2214.28,2073.27,3552.3,True,False,True,False,2,7.47,pressure_spike
631,Rev10,10,W022,PX-7500,CH-C,EXT-04,Extreme Edge,0.96,114.5,2222.5,2203.17,1995.01,3621.0,True,False,True,False,2,9.7,polymer_residue
632,Rev10,10,W022,PX-7500,CH-C,EXT-05,Extreme Edge,0.96,147.3,2216.87,2139.81,2053.33,3494.5,True,True,True,True,0,0.0,
633,Rev10,10,W022,PX-7500,CH-C,EXT-06,Extreme Edge,0.96,180.0,2186.0,2203.16,1962.67,3412.5,True,False,True,True,0,0.0,
634,Rev10,10,W022,PX-7500,CH-C,EXT-07,Extreme Edge,0.96,212.7,2213.68,2185.88,2124.72,3473.5,True,True,True,True,0,0.0,
635,Rev10,10,W022,PX-7500,CH-C,EXT-08,Extreme Edge,0.96,245.5,2218.95,2240.36,1964.43,3471.1,True,False,True,True,1,2.84,endpoint_late
636,Rev10,10,W022,PX-7500,CH-C,EXT-09,Extreme Edge,0.96,278.2,2199.29,2217.74,1993.16,3676.6,True,False,True,False,1,1.94,polymer_residue
637,Rev10,10,W022,PX-7500,CH-C,EXT-10,Extreme Edge,0.96,310.9,2233.17,2163.62,2038.43,3562.5,False,True,True,False,1,2.04,endpoint_late
638,Rev10,10,W022,PX-7500,CH-C,EXT-11,Extreme Edge,0.96,343.6,2202.3,2195.49,2008.94,3623.7,True,False,True,False,1,5.83,
639,Rev11,11,W023,PX-7500,CH-D,C1,Center,0.0,0.0,2248.78,2113.18,1966.98,3159.7,False,True,True,True,0,0.0,
640,Rev11,11,W023,PX-7500,CH-D,MID-01,Mid,0.52,30.0,2227.66,2199.29,2017.17,2906.3,False,False,True,False,0,0.0,
641,Rev11,11,W023,PX-7500,CH-D,MID-02,Mid,0.52,90.0,2266.81,2217.78,2057.24,3332.1,False,False,True,True,0,0.0,
642,Rev11,11,W023,PX-7500,CH-D,MID-03,Mid,0.52,150.0,2249.92,2120.62,1969.78,3125.8,False,True,True,True,0,0.0,
643,Rev11,11,W023,PX-7500,CH-D,MID-04,Mid,0.52,210.0,2284.27,2107.51,2085.16,3241.8,False,True,True,True,2,11.51,
644,Rev11,11,W023,PX-7500,CH-D,MID-05,Mid,0.52,270.0,2293.21,2132.73,1934.58,3114.3,False,True,True,True,0,0.0,
645,Rev11,11,W023,PX-7500,CH-D,MID-06,Mid,0.52,330.0,2293.47,2154.66,2102.44,3054.4,False,True,True,True,0,0.0,
646,Rev11,11,W023,PX-7500,CH-D,EDG-01,Edge,0.84,0.0,2315.33,2191.48,1997.49,3127.2,False,True,True,True,1,4.73,
647,Rev11,11,W023,PX-7500,CH-D,EDG-02,Edge,0.84,32.7,2244.8,2225.3,2005.71,3099.7,False,False,True,True,0,0.0,
648,Rev11,11,W023,PX-7500,CH-D,EDG-03,Edge,0.84,65.5,2328.12,2197.26,2016.16,2960.5,False,False,True,False,2,4.74,polymer_residue
649,Rev11,11,W023,PX-7500,CH-D,EDG-04,Edge,0.84,98.2,2254.46,2161.16,1983.5,3077.6,False,True,True,True,1,2.13,polymer_residue
650,Rev11,11,W023,PX-7500,CH-D,EDG-05,Edge,0.84,130.9,2259.53,2207.12,1908.83,3155.4,False,False,True,True,2,6.68,endpoint_late
651,Rev11,11,W023,PX-7500,CH-D,EDG-06,Edge,0.84,163.6,2310.46,2161.25,2015.45,3298.1,False,True,True,True,0,0.0,
652,Rev11,11,W023,PX-7500,CH-D,EDG-07,Edge,0.84,196.4,2273.22,2182.61,2022.93,3278.6,False,True,True,True,2,9.33,
653,Rev11,11,W023,PX-7500,CH-D,EDG-08,Edge,0.84,229.1,2263.68,2195.75,2063.86,2894.4,False,False,True,False,0,0.0,
654,Rev11,11,W023,PX-7500,CH-D,EDG-09,Edge,0.84,261.8,2297.54,2152.79,1989.56,3261.7,False,True,True,True,0,0.0,
655,Rev11,11,W023,PX-7500,CH-D,EDG-10,Edge,0.84,294.5,2307.01,2211.68,2161.04,3122.9,False,False,True,True,1,6.34,
656,Rev11,11,W023,PX-7500,CH-D,EDG-11,Edge,0.84,327.3,2290.67,2175.81,2012.98,3185.6,False,True,True,True,1,3.38,
657,Rev11,11,W023,PX-7500,CH-D,EXT-01,Extreme Edge,0.96,16.4,2303.98,2176.92,1975.95,3266.7,False,True,True,True,0,0.0,
658,Rev11,11,W023,PX-7500,CH-D,EXT-02,Extreme Edge,0.96,49.1,2268.27,2218.24,2039.34,3392.3,False,False,True,True,0,0.0,
659,Rev11,11,W023,PX-7500,CH-D,EXT-03,Extreme Edge,0.96,81.8,2285.99,2151.6,2030.88,2988.5,False,True,True,False,0,0.0,
660,Rev11,11,W023,PX-7500,CH-D,EXT-04,Extreme Edge,0.96,114.5,2287.63,2112.26,1913.29,3186.0,False,True,True,True,0,0.0,
661,Rev11,11,W023,PX-7500,CH-D,EXT-05,Extreme Edge,0.96,147.3,2296.46,2194.82,2114.45,3336.9,False,True,True,True,0,0.0,
662,Rev11,11,W023,PX-7500,CH-D,EXT-06,Extreme Edge,0.96,180.0,2265.65,2170.05,2061.16,3365.8,False,True,True,True,0,0.0,
663,Rev11,11,W023,PX-7500,CH-D,EXT-07,Extreme Edge,0.96,212.7,2290.0,2219.73,1995.64,3287.8,False,False,True,True,2,10.41,arc_event
664,Rev11,11,W023,PX-7500,CH-D,EXT-08,Extreme Edge,0.96,245.5,2307.99,2203.96,2131.75,3340.7,False,False,True,True,1,3.92,
665,Rev11,11,W023,PX-7500,CH-D,EXT-09,Extreme Edge,0.96,278.2,2238.41,2161.26,2012.53,3199.3,False,True,True,True,0,0.0,
666,Rev11,11,W023,PX-7500,CH-D,EXT-10,Extreme Edge,0.96,310.9,2294.53,2227.24,2152.45,3080.7,False,False,True,True,0,0.0,
667,Rev11,11,W023,PX-7500,CH-D,EXT-11,Extreme Edge,0.96,343.6,2299.54,2194.09,2128.51,3426.6,False,True,True,True,2,4.14,pressure_spike
668,Rev1,1,W024,AE-3200,CH-B,C1,Center,0.0,0.0,2162.31,2025.51,2083.21,3055.8,True,True,True,True,0,0.0,
669,Rev1,1,W024,AE-3200,CH-B,MID-01,Mid,0.52,30.0,2178.41,2055.37,2004.46,3077.5,True,True,True,True,0,0.0,
670,Rev1,1,W024,AE-3200,CH-B,MID-02,Mid,0.52,90.0,2137.48,2079.46,2015.93,3383.0,True,True,True,True,0,0.0,
671,Rev1,1,W024,AE-3200,CH-B,MID-03,Mid,0.52,150.0,2121.97,2069.68,2029.26,3298.1,True,True,True,True,0,0.0,
672,Rev1,1,W024,AE-3200,CH-B,MID-04,Mid,0.52,210.0,2158.21,2060.58,2044.24,3337.7,True,True,True,True,0,0.0,
673,Rev1,1,W024,AE-3200,CH-B,MID-05,Mid,0.52,270.0,2195.03,2094.46,2006.16,3189.9,True,True,True,True,0,0.0,
674,Rev1,1,W024,AE-3200,CH-B,MID-06,Mid,0.52,330.0,2188.53,2114.79,2019.39,3372.2,True,True,True,True,0,0.0,
675,Rev1,1,W024,AE-3200,CH-B,EDG-01,Edge,0.84,0.0,2195.71,2060.44,2058.41,3273.5,True,True,True,True,2,10.76,
676,Rev1,1,W024,AE-3200,CH-B,EDG-02,Edge,0.84,32.7,2223.92,2124.46,2000.98,3137.2,True,True,True,True,0,0.0,
677,Rev1,1,W024,AE-3200,CH-B,EDG-03,Edge,0.84,65.5,2209.07,2126.63,2051.31,3237.3,True,True,True,True,0,0.0,
678,Rev1,1,W024,AE-3200,CH-B,EDG-04,Edge,0.84,98.2,2178.36,2058.64,2046.0,3309.5,True,True,True,True,0,0.0,
679,Rev1,1,W024,AE-3200,CH-B,EDG-05,Edge,0.84,130.9,2176.68,2126.23,2132.63,3384.8,True,True,True,True,0,0.0,
680,Rev1,1,W024,AE-3200,CH-B,EDG-06,Edge,0.84,163.6,2246.87,2079.37,1976.67,3299.0,False,True,True,True,1,3.42,esc_temp_drift
681,Rev1,1,W024,AE-3200,CH-B,EDG-07,Edge,0.84,196.4,2198.53,2058.5,2043.45,3313.4,True,True,True,True,0,0.0,
682,Rev1,1,W024,AE-3200,CH-B,EDG-08,Edge,0.84,229.1,2150.57,2086.18,2154.67,3095.2,True,True,True,True,1,6.49,
683,Rev1,1,W024,AE-3200,CH-B,EDG-09,Edge,0.84,261.8,2201.49,2042.67,2007.47,3173.2,True,True,True,True,0,0.0,
684,Rev1,1,W024,AE-3200,CH-B,EDG-10,Edge,0.84,294.5,2169.99,2029.58,2138.33,3214.9,True,True,True,True,0,0.0,
685,Rev1,1,W024,AE-3200,CH-B,EDG-11,Edge,0.84,327.3,2174.75,2127.49,2163.44,3259.4,True,True,True,True,0,0.0,
686,Rev1,1,W024,AE-3200,CH-B,EXT-01,Extreme Edge,0.96,16.4,2184.23,2058.35,2091.45,3379.3,True,True,True,True,0,0.0,
687,Rev1,1,W024,AE-3200,CH-B,EXT-02,Extreme Edge,0.96,49.1,2230.83,2119.03,2031.42,3215.1,False,True,True,True,1,2.81,
688,Rev1,1,W024,AE-3200,CH-B,EXT-03,Extreme Edge,0.96,81.8,2170.21,2085.34,2171.83,3468.0,True,True,False,True,2,10.4,
689,Rev1,1,W024,AE-3200,CH-B,EXT-04,Extreme Edge,0.96,114.5,2152.61,2053.18,2093.59,3212.4,True,True,True,True,0,0.0,
690,Rev1,1,W024,AE-3200,CH-B,EXT-05,Extreme Edge,0.96,147.3,2214.0,2056.04,2150.24,3397.4,True,True,True,True,0,0.0,
691,Rev1,1,W024,AE-3200,CH-B,EXT-06,Extreme Edge,0.96,180.0,2172.09,2138.94,2165.13,3334.5,True,True,True,True,0,0.0,
692,Rev1,1,W024,AE-3200,CH-B,EXT-07,Extreme Edge,0.96,212.7,2179.27,2156.4,2134.09,2994.5,True,True,True,False,0,0.0,
693,Rev1,1,W024,AE-3200,CH-B,EXT-08,Extreme Edge,0.96,245.5,2218.81,2118.61,2166.22,3208.1,True,True,True,True,2,12.43,polymer_residue
694,Rev1,1,W024,AE-3200,CH-B,EXT-09,Extreme Edge,0.96,278.2,2202.92,2081.4,2171.02,3196.8,True,True,False,True,0,0.0,
695,Rev1,1,W024,AE-3200,CH-B,EXT-10,Extreme Edge,0.96,310.9,2220.92,2125.28,2150.52,3350.4,True,True,True,True,0,0.0,
696,Rev1,1,W024,AE-3200,CH-B,EXT-11,Extreme Edge,0.96,343.6,2259.84,2045.12,2096.8,3201.4,False,True,True,True,2,8.74,
697,Rev7,7,W025,PX-7500,CH-D,C1,Center,0.0,0.0,2157.57,2080.13,2098.88,3201.3,True,True,True,True,0,0.0,
698,Rev7,7,W025,PX-7500,CH-D,MID-01,Mid,0.52,30.0,2095.77,2089.82,2110.42,2971.9,True,True,True,False,0,0.0,
699,Rev7,7,W025,PX-7500,CH-D,MID-02,Mid,0.52,90.0,2165.13,2061.23,2012.19,3169.0,True,True,True,True,0,0.0,
700,Rev7,7,W025,PX-7500,CH-D,MID-03,Mid,0.52,150.0,2126.33,2139.69,2085.08,3430.2,True,True,True,True,0,0.0,
701,Rev7,7,W025,PX-7500,CH-D,MID-04,Mid,0.52,210.0,2221.05,2068.46,2088.9,3253.0,True,True,True,True,0,0.0,
702,Rev7,7,W025,PX-7500,CH-D,MID-05,Mid,0.52,270.0,2132.75,2100.27,2040.82,3523.6,True,True,True,False,0,0.0,
703,Rev7,7,W025,PX-7500,CH-D,MID-06,Mid,0.52,330.0,2128.56,2079.6,2098.95,3266.6,True,True,True,True,0,0.0,
704,Rev7,7,W025,PX-7500,CH-D,EDG-01,Edge,0.84,0.0,2216.84,2078.88,2096.31,3154.4,True,True,True,True,0,0.0,
705,Rev7,7,W025,PX-7500,CH-D,EDG-02,Edge,0.84,32.7,2176.76,2086.42,2003.99,3354.2,True,True,True,True,0,0.0,
706,Rev7,7,W025,PX-7500,CH-D,EDG-03,Edge,0.84,65.5,2214.78,2074.7,2129.52,3316.0,True,True,True,True,0,0.0,
707,Rev7,7,W025,PX-7500,CH-D,EDG-04,Edge,0.84,98.2,2139.61,2074.26,2151.61,3284.8,True,True,True,True,0,0.0,
708,Rev7,7,W025,PX-7500,CH-D,EDG-05,Edge,0.84,130.9,2186.89,2132.45,2130.58,3266.4,True,True,True,True,0,0.0,
709,Rev7,7,W025,PX-7500,CH-D,EDG-06,Edge,0.84,163.6,2186.9,2141.47,2013.67,3150.1,True,True,True,True,0,0.0,
710,Rev7,7,W025,PX-7500,CH-D,EDG-07,Edge,0.84,196.4,2173.83,2081.3,2199.7,3236.8,True,True,False,True,0,0.0,
711,Rev7,7,W025,PX-7500,CH-D,EDG-08,Edge,0.84,229.1,2178.23,2110.08,2217.82,3537.1,True,True,False,False,1,5.45,arc_event
712,Rev7,7,W025,PX-7500,CH-D,EDG-09,Edge,0.84,261.8,2146.6,2064.44,2151.55,3257.7,True,True,True,True,2,8.34,pressure_spike
713,Rev7,7,W025,PX-7500,CH-D,EDG-10,Edge,0.84,294.5,2141.67,2032.07,2118.3,3317.0,True,True,True,True,0,0.0,
714,Rev7,7,W025,PX-7500,CH-D,EDG-11,Edge,0.84,327.3,2177.33,2058.81,2195.7,3386.3,True,True,False,True,3,14.46,
715,Rev7,7,W025,PX-7500,CH-D,EXT-01,Extreme Edge,0.96,16.4,2238.12,2072.42,2089.64,3412.3,False,True,True,True,0,0.0,
716,Rev7,7,W025,PX-7500,CH-D,EXT-02,Extreme Edge,0.96,49.1,2231.03,2090.71,2156.6,3235.4,False,True,True,True,1,3.34,
717,Rev7,7,W025,PX-7500,CH-D,EXT-03,Extreme Edge,0.96,81.8,2214.79,2143.28,2172.56,3360.6,True,True,False,True,0,0.0,
718,Rev7,7,W025,PX-7500,CH-D,EXT-04,Extreme Edge,0.96,114.5,2190.09,2106.32,2230.29,3129.4,True,True,False,True,0,0.0,
719,Rev7,7,W025,PX-7500,CH-D,EXT-05,Extreme Edge,0.96,147.3,2183.9,2089.83,2199.86,3323.0,True,True,False,True,1,4.06,arc_event
720,Rev7,7,W025,PX-7500,CH-D,EXT-06,Extreme Edge,0.96,180.0,2172.82,2108.75,2109.13,3285.5,True,True,True,True,2,5.85,arc_event
721,Rev7,7,W025,PX-7500,CH-D,EXT-07,Extreme Edge,0.96,212.7,2189.56,2159.89,2055.13,3290.9,True,True,True,True,0,0.0,
722,Rev7,7,W025,PX-7500,CH-D,EXT-08,Extreme Edge,0.96,245.5,2158.14,2126.76,2081.81,3163.5,True,True,True,True,0,0.0,
723,Rev7,7,W025,PX-7500,CH-D,EXT-09,Extreme Edge,0.96,278.2,2191.01,2132.39,2075.24,3425.9,True,True,True,True,1,5.02,
724,Rev7,7,W025,PX-7500,CH-D,EXT-10,Extreme Edge,0.96,310.9,2216.55,2069.99,2130.75,3447.9,True,True,True,True,0,0.0,
725,Rev7,7,W025,PX-7500,CH-D,EXT-11,Extreme Edge,0.96,343.6,2216.39,2147.19,2063.81,3460.1,True,True,True,True,0,0.0,
726,Rev11,11,W026,PX-7500,CH-D,C1,Center,0.0,0.0,2198.43,2098.87,1921.86,3144.2,True,True,True,True,0,0.0,
727,Rev11,11,W026,PX-7500,CH-D,MID-01,Mid,0.52,30.0,2237.23,2106.91,1967.74,3271.4,False,True,True,True,0,0.0,
728,Rev11,11,W026,PX-7500,CH-D,MID-02,Mid,0.52,90.0,2260.86,2153.57,1928.25,3268.9,False,True,True,True,0,0.0,
729,Rev11,11,W026,PX-7500,CH-D,MID-03,Mid,0.52,150.0,2219.04,2181.05,1798.94,3306.8,True,True,False,True,0,0.0,
730,Rev11,11,W026,PX-7500,CH-D,MID-04,Mid,0.52,210.0,2246.59,2094.37,1864.18,3125.5,False,True,False,True,0,0.0,
731,Rev11,11,W026,PX-7500,CH-D,MID-05,Mid,0.52,270.0,2240.38,2108.27,1937.39,3240.5,False,True,True,True,0,0.0,
732,Rev11,11,W026,PX-7500,CH-D,MID-06,Mid,0.52,330.0,2221.83,2182.54,1955.72,3134.3,True,True,True,True,0,0.0,
733,Rev11,11,W026,PX-7500,CH-D,EDG-01,Edge,0.84,0.0,2224.24,2201.87,1952.48,3216.2,True,False,True,True,0,0.0,
734,Rev11,11,W026,PX-7500,CH-D,EDG-02,Edge,0.84,32.7,2271.05,2242.07,1848.25,3410.7,False,False,False,True,0,0.0,
735,Rev11,11,W026,PX-7500,CH-D,EDG-03,Edge,0.84,65.5,2260.93,2170.98,1880.79,3116.1,False,True,False,True,1,2.13,
736,Rev11,11,W026,PX-7500,CH-D,EDG-04,Edge,0.84,98.2,2231.66,2180.14,1847.22,3091.6,False,True,False,True,1,3.95,
737,Rev11,11,W026,PX-7500,CH-D,EDG-05,Edge,0.84,130.9,2264.67,2152.38,1921.32,3395.1,False,True,True,True,0,0.0,
738,Rev11,11,W026,PX-7500,CH-D,EDG-06,Edge,0.84,163.6,2245.32,2151.51,1931.68,3169.3,False,True,True,True,1,2.81,esc_temp_drift
739,Rev11,11,W026,PX-7500,CH-D,EDG-07,Edge,0.84,196.4,2235.37,2182.18,1941.3,3227.5,False,True,True,True,0,0.0,
740,Rev11,11,W026,PX-7500,CH-D,EDG-08,Edge,0.84,229.1,2282.71,2166.42,1856.38,3294.6,False,True,False,True,1,3.36,
741,Rev11,11,W026,PX-7500,CH-D,EDG-09,Edge,0.84,261.8,2274.04,2160.4,2005.4,3236.9,False,True,True,True,0,0.0,
742,Rev11,11,W026,PX-7500,CH-D,EDG-10,Edge,0.84,294.5,2234.28,2196.57,1906.08,3446.0,False,False,True,True,1,5.72,
743,Rev11,11,W026,PX-7500,CH-D,EDG-11,Edge,0.84,327.3,2239.93,2123.26,1896.97,3341.3,False,True,False,True,1,3.77,
744,Rev11,11,W026,PX-7500,CH-D,EXT-01,Extreme Edge,0.96,16.4,2227.42,2134.82,1790.96,3175.3,False,True,False,True,0,0.0,
745,Rev11,11,W026,PX-7500,CH-D,EXT-02,Extreme Edge,0.96,49.1,2285.98,2133.77,1942.32,3238.8,False,True,True,True,0,0.0,
746,Rev11,11,W026,PX-7500,CH-D,EXT-03,Extreme Edge,0.96,81.8,2294.51,2182.77,1950.41,3273.8,False,True,True,True,0,0.0,
747,Rev11,11,W026,PX-7500,CH-D,EXT-04,Extreme Edge,0.96,114.5,2295.71,2124.02,1894.48,3345.4,False,True,False,True,0,0.0,
748,Rev11,11,W026,PX-7500,CH-D,EXT-05,Extreme Edge,0.96,147.3,2267.68,2204.92,1963.68,3297.7,False,False,True,True,0,0.0,
749,Rev11,11,W026,PX-7500,CH-D,EXT-06,Extreme Edge,0.96,180.0,2259.45,2162.04,1959.09,3115.3,False,True,True,True,2,10.96,endpoint_late
750,Rev11,11,W026,PX-7500,CH-D,EXT-07,Extreme Edge,0.96,212.7,2277.08,2151.18,1884.2,3424.1,False,True,False,True,3,8.24,
751,Rev11,11,W026,PX-7500,CH-D,EXT-08,Extreme Edge,0.96,245.5,2270.95,2216.33,1873.2,3478.4,False,False,False,True,1,4.2,polymer_residue
752,Rev11,11,W026,PX-7500,CH-D,EXT-09,Extreme Edge,0.96,278.2,2270.7,2181.55,2070.4,3681.4,False,True,True,False,1,3.23,
753,Rev11,11,W026,PX-7500,CH-D,EXT-10,Extreme Edge,0.96,310.9,2250.87,2183.92,1986.58,3210.9,False,True,True,True,0,0.0,
754,Rev11,11,W026,PX-7500,CH-D,EXT-11,Extreme Edge,0.96,343.6,2251.61,2220.1,1913.99,3106.0,False,False,True,True,2,11.1,
755,Rev9,9,W027,AE-3200,CH-B,C1,Center,0.0,0.0,2174.71,2110.15,2104.93,3122.0,True,True,True,True,0,0.0,
756,Rev9,9,W027,AE-3200,CH-B,MID-01,Mid,0.52,30.0,2165.24,2085.55,2086.0,3008.6,True,True,True,True,1,1.8,
757,Rev9,9,W027,AE-3200,CH-B,MID-02,Mid,0.52,90.0,2154.51,2050.53,2124.93,3177.0,True,True,True,True,1,3.54,polymer_residue
758,Rev9,9,W027,AE-3200,CH-B,MID-03,Mid,0.52,150.0,2225.77,2028.12,2104.62,3293.4,False,True,True,True,0,0.0,
759,Rev9,9,W027,AE-3200,CH-B,MID-04,Mid,0.52,210.0,2235.72,2129.03,2077.06,3306.6,False,True,True,True,0,0.0,
760,Rev9,9,W027,AE-3200,CH-B,MID-05,Mid,0.52,270.0,2171.94,2099.84,2139.23,3072.2,True,True,True,True,1,3.64,esc_temp_drift
761,Rev9,9,W027,AE-3200,CH-B,MID-06,Mid,0.52,330.0,2208.23,2092.94,2203.79,3169.7,True,True,False,True,0,0.0,
762,Rev9,9,W027,AE-3200,CH-B,EDG-01,Edge,0.84,0.0,2217.83,2194.52,2141.88,3241.4,True,True,True,True,0,0.0,
763,Rev9,9,W027,AE-3200,CH-B,EDG-02,Edge,0.84,32.7,2207.97,2162.94,2077.88,3177.7,True,True,True,True,0,0.0,
764,Rev9,9,W027,AE-3200,CH-B,EDG-03,Edge,0.84,65.5,2214.77,2162.92,2249.49,3339.3,True,True,False,True,0,0.0,
765,Rev9,9,W027,AE-3200,CH-B,EDG-04,Edge,0.84,98.2,2213.78,2094.79,2137.94,3231.7,True,True,True,True,0,0.0,
766,Rev9,9,W027,AE-3200,CH-B,EDG-05,Edge,0.84,130.9,2212.48,2160.29,2146.76,3384.5,True,True,True,True,0,0.0,
767,Rev9,9,W027,AE-3200,CH-B,EDG-06,Edge,0.84,163.6,2235.79,2037.23,2231.52,3197.9,False,True,False,True,0,0.0,
768,Rev9,9,W027,AE-3200,CH-B,EDG-07,Edge,0.84,196.4,2179.61,2153.24,2141.84,3429.6,True,True,True,True,0,0.0,
769,Rev9,9,W027,AE-3200,CH-B,EDG-08,Edge,0.84,229.1,2213.21,2142.6,2172.59,3378.5,True,True,False,True,0,0.0,
770,Rev9,9,W027,AE-3200,CH-B,EDG-09,Edge,0.84,261.8,2208.73,2185.97,2266.2,3075.3,True,True,False,True,0,0.0,
771,Rev9,9,W027,AE-3200,CH-B,EDG-10,Edge,0.84,294.5,2206.79,2074.09,2050.71,3321.0,True,True,True,True,0,0.0,
772,Rev9,9,W027,AE-3200,CH-B,EDG-11,Edge,0.84,327.3,2242.35,2097.23,2136.7,3158.8,False,True,True,True,0,0.0,
773,Rev9,9,W027,AE-3200,CH-B,EXT-01,Extreme Edge,0.96,16.4,2203.94,2195.44,2196.76,3255.6,True,False,False,True,1,3.82,
774,Rev9,9,W027,AE-3200,CH-B,EXT-02,Extreme Edge,0.96,49.1,2227.32,2159.63,2159.39,3371.0,False,True,True,True,2,3.76,polymer_residue
775,Rev9,9,W027,AE-3200,CH-B,EXT-03,Extreme Edge,0.96,81.8,2234.5,2073.62,2075.33,3317.8,False,True,True,True,0,0.0,
776,Rev9,9,W027,AE-3200,CH-B,EXT-04,Extreme Edge,0.96,114.5,2225.09,2129.67,2158.45,3190.4,False,True,True,True,0,0.0,
777,Rev9,9,W027,AE-3200,CH-B,EXT-05,Extreme Edge,0.96,147.3,2223.42,2077.5,2216.38,2898.7,True,True,False,False,0,0.0,
778,Rev9,9,W027,AE-3200,CH-B,EXT-06,Extreme Edge,0.96,180.0,2261.04,2118.37,2117.53,3060.2,False,True,True,True,1,5.1,
779,Rev9,9,W027,AE-3200,CH-B,EXT-07,Extreme Edge,0.96,212.7,2274.43,2168.45,2314.84,2979.9,False,True,False,False,1,2.4,
780,Rev9,9,W027,AE-3200,CH-B,EXT-08,Extreme Edge,0.96,245.5,2242.8,2171.3,2181.61,3391.6,False,True,False,True,0,0.0,
781,Rev9,9,W027,AE-3200,CH-B,EXT-09,Extreme Edge,0.96,278.2,2248.92,2141.06,2262.29,3212.2,False,True,False,True,0,0.0,
782,Rev9,9,W027,AE-3200,CH-B,EXT-10,Extreme Edge,0.96,310.9,2217.41,2168.89,2211.24,3068.7,True,True,False,True,0,0.0,
783,Rev9,9,W027,AE-3200,CH-B,EXT-11,Extreme Edge,0.96,343.6,2278.1,2160.4,2111.61,3049.6,False,True,True,True,3,13.29,arc_event
784,Rev7,7,W028,PX-7500,CH-D,C1,Center,0.0,0.0,2085.2,2067.04,2021.31,3264.2,True,True,True,True,0,0.0,
785,Rev7,7,W028,PX-7500,CH-D,MID-01,Mid,0.52,30.0,2109.79,2020.42,2111.45,3058.5,True,True,True,True,0,0.0,
786,Rev7,7,W028,PX-7500,CH-D,MID-02,Mid,0.52,90.0,2144.06,2117.32,2050.11,3184.5,True,True,True,True,0,0.0,
787,Rev7,7,W028,PX-7500,CH-D,MID-03,Mid,0.52,150.0,2083.25,2042.84,2169.68,3241.0,True,True,True,True,0,0.0,
788,Rev7,7,W028,PX-7500,CH-D,MID-04,Mid,0.52,210.0,2128.68,2040.51,2055.64,3337.2,True,True,True,True,0,0.0,
789,Rev7,7,W028,PX-7500,CH-D,MID-05,Mid,0.52,270.0,2138.91,2004.38,2124.57,3382.1,True,False,True,True,0,0.0,
790,Rev7,7,W028,PX-7500,CH-D,MID-06,Mid,0.52,330.0,2119.49,2115.31,2113.61,3243.4,True,True,True,True,0,0.0,
791,Rev7,7,W028,PX-7500,CH-D,EDG-01,Edge,0.84,0.0,2169.66,2053.73,2165.26,3316.1,True,True,True,True,0,0.0,
792,Rev7,7,W028,PX-7500,CH-D,EDG-02,Edge,0.84,32.7,2168.81,2111.13,2097.79,3407.8,True,True,True,True,0,0.0,
793,Rev7,7,W028,PX-7500,CH-D,EDG-03,Edge,0.84,65.5,2142.27,2138.72,2184.77,3249.5,True,True,False,True,0,0.0,
794,Rev7,7,W028,PX-7500,CH-D,EDG-04,Edge,0.84,98.2,2172.96,2119.67,2130.36,3388.4,True,True,True,True,0,0.0,
795,Rev7,7,W028,PX-7500,CH-D,EDG-05,Edge,0.84,130.9,2191.28,2092.26,1997.94,3436.0,True,True,True,True,0,0.0,
796,Rev7,7,W028,PX-7500,CH-D,EDG-06,Edge,0.84,163.6,2098.62,2079.27,2168.17,3150.0,True,True,True,True,0,0.0,
797,Rev7,7,W028,PX-7500,CH-D,EDG-07,Edge,0.84,196.4,2107.05,2129.94,2087.22,3444.8,True,True,True,True,2,9.42,
798,Rev7,7,W028,PX-7500,CH-D,EDG-08,Edge,0.84,229.1,2184.29,2092.41,2063.85,3092.2,True,True,True,True,0,0.0,
799,Rev7,7,W028,PX-7500,CH-D,EDG-09,Edge,0.84,261.8,2191.52,2123.82,2032.36,3185.6,True,True,True,True,0,0.0,
800,Rev7,7,W028,PX-7500,CH-D,EDG-10,Edge,0.84,294.5,2137.81,2087.96,2110.38,3311.8,True,True,True,True,1,5.33,
801,Rev7,7,W028,PX-7500,CH-D,EDG-11,Edge,0.84,327.3,2143.04,2081.02,2029.93,3276.8,True,True,True,True,0,0.0,
802,Rev7,7,W028,PX-7500,CH-D,EXT-01,Extreme Edge,0.96,16.4,2211.12,2093.1,2120.01,3471.5,True,True,True,True,0,0.0,
803,Rev7,7,W028,PX-7500,CH-D,EXT-02,Extreme Edge,0.96,49.1,2143.06,2092.46,2097.05,3418.4,True,True,True,True,2,12.1,polymer_residue
804,Rev7,7,W028,PX-7500,CH-D,EXT-03,Extreme Edge,0.96,81.8,2133.96,2089.76,2271.55,3317.5,True,True,False,True,1,4.47,polymer_residue
805,Rev7,7,W028,PX-7500,CH-D,EXT-04,Extreme Edge,0.96,114.5,2204.67,2100.59,2160.29,3084.2,True,True,True,True,0,0.0,
806,Rev7,7,W028,PX-7500,CH-D,EXT-05,Extreme Edge,0.96,147.3,2146.19,2086.78,2189.63,3621.6,True,True,False,False,1,3.75,polymer_residue
807,Rev7,7,W028,PX-7500,CH-D,EXT-06,Extreme Edge,0.96,180.0,2139.18,2094.77,2163.98,3296.6,True,True,True,True,2,11.31,
808,Rev7,7,W028,PX-7500,CH-D,EXT-07,Extreme Edge,0.96,212.7,2177.66,2085.96,2220.89,3026.7,True,True,False,True,0,0.0,
809,Rev7,7,W028,PX-7500,CH-D,EXT-08,Extreme Edge,0.96,245.5,2180.64,2075.19,2204.6,3435.9,True,True,False,True,2,11.77,esc_temp_drift
810,Rev7,7,W028,PX-7500,CH-D,EXT-09,Extreme Edge,0.96,278.2,2191.0,2109.41,2148.57,3366.8,True,True,True,True,0,0.0,
811,Rev7,7,W028,PX-7500,CH-D,EXT-10,Extreme Edge,0.96,310.9,2194.03,2095.24,2071.11,3324.8,True,True,True,True,1,6.26,
812,Rev7,7,W028,PX-7500,CH-D,EXT-11,Extreme Edge,0.96,343.6,2161.69,2136.48,2092.19,3169.8,True,True,True,True,0,0.0,
813,Rev10,10,W029,PX-7500,CH-C,C1,Center,0.0,0.0,2170.05,2155.77,1889.51,3391.4,True,True,False,True,0,0.0,
814,Rev10,10,W029,PX-7500,CH-C,MID-01,Mid,0.52,30.0,2187.56,2148.13,2159.1,3466.9,True,True,True,True,0,0.0,
815,Rev10,10,W029,PX-7500,CH-C,MID-02,Mid,0.52,90.0,2120.39,2125.78,2128.07,3562.8,True,True,True,False,1,6.1,
816,Rev10,10,W029,PX-7500,CH-C,MID-03,Mid,0.52,150.0,2124.27,2151.72,1991.94,3799.6,True,True,True,False,0,0.0,
817,Rev10,10,W029,PX-7500,CH-C,MID-04,Mid,0.52,210.0,2170.82,2137.25,2104.17,3381.0,True,True,True,True,1,5.54,
818,Rev10,10,W029,PX-7500,CH-C,MID-05,Mid,0.52,270.0,2196.63,2160.9,1983.66,3651.1,True,True,True,False,0,0.0,
819,Rev10,10,W029,PX-7500,CH-C,MID-06,Mid,0.52,330.0,2170.95,2116.11,2004.45,3527.9,True,True,True,False,1,2.76,pressure_spike
820,Rev10,10,W029,PX-7500,CH-C,EDG-01,Edge,0.84,0.0,2256.7,2156.06,2088.39,3730.4,False,True,True,False,2,4.71,
821,Rev10,10,W029,PX-7500,CH-C,EDG-02,Edge,0.84,32.7,2163.92,2151.34,2048.56,3411.4,True,True,True,True,0,0.0,
822,Rev10,10,W029,PX-7500,CH-C,EDG-03,Edge,0.84,65.5,2195.8,2116.47,1975.79,3484.3,True,True,True,True,0,0.0,
823,Rev10,10,W029,PX-7500,CH-C,EDG-04,Edge,0.84,98.2,2232.24,2152.99,2055.02,3346.9,False,True,True,True,0,0.0,
824,Rev10,10,W029,PX-7500,CH-C,EDG-05,Edge,0.84,130.9,2178.0,2168.26,2047.93,3486.9,True,True,True,True,0,0.0,
825,Rev10,10,W029,PX-7500,CH-C,EDG-06,Edge,0.84,163.6,2157.2,2159.75,1947.35,3676.3,True,True,True,False,0,0.0,
826,Rev10,10,W029,PX-7500,CH-C,EDG-07,Edge,0.84,196.4,2213.14,2154.64,1994.46,3562.9,True,True,True,False,1,1.8,
827,Rev10,10,W029,PX-7500,CH-C,EDG-08,Edge,0.84,229.1,2165.03,2174.24,2126.07,3538.2,True,True,True,False,1,6.4,polymer_residue
828,Rev10,10,W029,PX-7500,CH-C,EDG-09,Edge,0.84,261.8,2225.22,2190.43,2047.49,3419.1,False,True,True,True,1,3.79,arc_event
829,Rev10,10,W029,PX-7500,CH-C,EDG-10,Edge,0.84,294.5,2179.43,2179.12,2084.18,3629.1,True,True,True,False,0,0.0,
830,Rev10,10,W029,PX-7500,CH-C,EDG-11,Edge,0.84,327.3,2251.05,2210.1,2020.0,3512.5,False,False,True,False,0,0.0,
831,Rev10,10,W029,PX-7500,CH-C,EXT-01,Extreme Edge,0.96,16.4,2200.95,2177.78,2129.2,3463.0,True,True,True,True,1,5.52,
832,Rev10,10,W029,PX-7500,CH-C,EXT-02,Extreme Edge,0.96,49.1,2223.8,2125.38,2185.71,3469.7,True,True,False,True,0,0.0,
833,Rev10,10,W029,PX-7500,CH-C,EXT-03,Extreme Edge,0.96,81.8,2175.85,2208.86,2084.84,3796.7,True,False,True,False,0,0.0,
834,Rev10,10,W029,PX-7500,CH-C,EXT-04,Extreme Edge,0.96,114.5,2263.84,2192.69,2048.42,3587.9,False,True,True,False,0,0.0,
835,Rev10,10,W029,PX-7500,CH-C,EXT-05,Extreme Edge,0.96,147.3,2240.57,2185.22,2026.56,3555.6,False,True,True,False,2,9.35,polymer_residue
836,Rev10,10,W029,PX-7500,CH-C,EXT-06,Extreme Edge,0.96,180.0,2155.4,2226.36,2111.31,3441.4,True,False,True,True,2,4.33,polymer_residue
837,Rev10,10,W029,PX-7500,CH-C,EXT-07,Extreme Edge,0.96,212.7,2210.93,2129.46,2057.32,3436.2,True,True,True,True,0,0.0,
838,Rev10,10,W029,PX-7500,CH-C,EXT-08,Extreme Edge,0.96,245.5,2238.75,2184.91,2103.71,3681.9,False,True,True,False,0,0.0,
839,Rev10,10,W029,PX-7500,CH-C,EXT-09,Extreme Edge,0.96,278.2,2190.07,2193.33,2042.68,3565.2,True,True,True,False,1,3.87,esc_temp_drift
840,Rev10,10,W029,PX-7500,CH-C,EXT-10,Extreme Edge,0.96,310.9,2264.08,2186.88,2015.0,3623.4,False,True,True,False,0,0.0,
841,Rev10,10,W029,PX-7500,CH-C,EXT-11,Extreme Edge,0.96,343.6,2177.88,2244.84,1981.37,3476.4,True,False,True,True,3,7.87,
842,Rev5,5,W030,AE-3200,CH-B,C1,Center,0.0,0.0,2079.72,2031.35,2046.76,3165.1,True,True,True,True,0,0.0,
843,Rev5,5,W030,AE-3200,CH-B,MID-01,Mid,0.52,30.0,2100.05,2129.82,2113.48,3269.6,True,True,True,True,0,0.0,
844,Rev5,5,W030,AE-3200,CH-B,MID-02,Mid,0.52,90.0,2138.83,2155.84,2184.55,3131.2,True,True,False,True,0,0.0,
845,Rev5,5,W030,AE-3200,CH-B,MID-03,Mid,0.52,150.0,2067.99,2083.81,2074.88,3062.9,False,True,True,True,0,0.0,
846,Rev5,5,W030,AE-3200,CH-B,MID-04,Mid,0.52,210.0,2155.6,2145.78,2088.94,3127.7,True,True,True,True,0,0.0,
847,Rev5,5,W030,AE-3200,CH-B,MID-05,Mid,0.52,270.0,2168.62,2142.15,2094.82,3145.8,True,True,True,True,0,0.0,
848,Rev5,5,W030,AE-3200,CH-B,MID-06,Mid,0.52,330.0,2145.53,2125.43,2185.13,3190.5,True,True,False,True,0,0.0,
849,Rev5,5,W030,AE-3200,CH-B,EDG-01,Edge,0.84,0.0,2153.36,2085.3,2196.53,3407.3,True,True,False,True,1,6.41,
850,Rev5,5,W030,AE-3200,CH-B,EDG-02,Edge,0.84,32.7,2172.03,2153.96,2053.95,3412.2,True,True,True,True,0,0.0,
851,Rev5,5,W030,AE-3200,CH-B,EDG-03,Edge,0.84,65.5,2164.76,2183.28,2170.06,3040.0,True,True,False,True,0,0.0,
852,Rev5,5,W030,AE-3200,CH-B,EDG-04,Edge,0.84,98.2,2133.15,2092.85,2133.34,3287.6,True,True,True,True,0,0.0,
853,Rev5,5,W030,AE-3200,CH-B,EDG-05,Edge,0.84,130.9,2167.08,2151.14,2147.46,3219.7,True,True,True,True,1,4.63,polymer_residue
854,Rev5,5,W030,AE-3200,CH-B,EDG-06,Edge,0.84,163.6,2123.34,2134.03,2114.8,3294.8,True,True,True,True,1,3.84,
855,Rev5,5,W030,AE-3200,CH-B,EDG-07,Edge,0.84,196.4,2160.12,2143.78,2063.57,3357.4,True,True,True,True,0,0.0,
856,Rev5,5,W030,AE-3200,CH-B,EDG-08,Edge,0.84,229.1,2117.29,2095.1,2084.05,3068.3,True,True,True,True,2,10.85,
857,Rev5,5,W030,AE-3200,CH-B,EDG-09,Edge,0.84,261.8,2175.56,2144.96,2115.08,3340.1,True,True,True,True,0,0.0,
858,Rev5,5,W030,AE-3200,CH-B,EDG-10,Edge,0.84,294.5,2183.47,2123.22,2105.94,3346.2,True,True,True,True,0,0.0,
859,Rev5,5,W030,AE-3200,CH-B,EDG-11,Edge,0.84,327.3,2213.14,2137.91,2028.73,3312.9,True,True,True,True,0,0.0,
860,Rev5,5,W030,AE-3200,CH-B,EXT-01,Extreme Edge,0.96,16.4,2143.68,2130.14,2042.95,3329.3,True,True,True,True,1,3.64,
861,Rev5,5,W030,AE-3200,CH-B,EXT-02,Extreme Edge,0.96,49.1,2150.46,2152.64,2149.06,3586.5,True,True,True,False,1,6.02,arc_event
862,Rev5,5,W030,AE-3200,CH-B,EXT-03,Extreme Edge,0.96,81.8,2183.93,2208.8,2070.37,3439.4,True,False,True,True,0,0.0,
863,Rev5,5,W030,AE-3200,CH-B,EXT-04,Extreme Edge,0.96,114.5,2162.39,2144.75,2104.95,3182.3,True,True,True,True,0,0.0,
864,Rev5,5,W030,AE-3200,CH-B,EXT-05,Extreme Edge,0.96,147.3,2177.42,2151.72,2013.7,3188.1,True,True,True,True,0,0.0,
865,Rev5,5,W030,AE-3200,CH-B,EXT-06,Extreme Edge,0.96,180.0,2149.35,2129.63,2099.35,3095.2,True,True,True,True,0,0.0,
866,Rev5,5,W030,AE-3200,CH-B,EXT-07,Extreme Edge,0.96,212.7,2194.39,2129.06,2075.66,3265.6,True,True,True,True,1,4.88,esc_temp_drift
867,Rev5,5,W030,AE-3200,CH-B,EXT-08,Extreme Edge,0.96,245.5,2192.27,2136.76,2062.65,3288.7,True,True,True,True,0,0.0,
868,Rev5,5,W030,AE-3200,CH-B,EXT-09,Extreme Edge,0.96,278.2,2187.51,2190.06,2224.96,3273.2,True,True,False,True,1,3.8,
869,Rev5,5,W030,AE-3200,CH-B,EXT-10,Extreme Edge,0.96,310.9,2178.31,2178.09,2159.34,3195.5,True,True,True,True,1,3.34,pressure_spike
870,Rev5,5,W030,AE-3200,CH-B,EXT-11,Extreme Edge,0.96,343.6,2222.32,2128.51,2025.1,3348.0,True,True,True,True,1,4.49,polymer_residue
871,Rev4,4,W031,AE-3200,CH-A,C1,Center,0.0,0.0,2153.58,2119.85,1941.46,3506.1,True,True,True,False,0,0.0,
872,Rev4,4,W031,AE-3200,CH-A,MID-01,Mid,0.52,30.0,2172.0,2106.3,2042.15,3003.6,True,True,True,True,0,0.0,
873,Rev4,4,W031,AE-3200,CH-A,MID-02,Mid,0.52,90.0,2174.94,2096.13,1988.6,3371.6,True,True,True,True,1,2.42,
874,Rev4,4,W031,AE-3200,CH-A,MID-03,Mid,0.52,150.0,2163.06,2063.64,2023.18,3102.0,True,True,True,True,0,0.0,
875,Rev4,4,W031,AE-3200,CH-A,MID-04,Mid,0.52,210.0,2185.57,2039.0,2097.87,3304.8,True,True,True,True,0,0.0,
876,Rev4,4,W031,AE-3200,CH-A,MID-05,Mid,0.52,270.0,2181.84,2109.41,2007.22,3329.4,True,True,True,True,1,6.07,
877,Rev4,4,W031,AE-3200,CH-A,MID-06,Mid,0.52,330.0,2151.0,2033.68,2142.22,3242.0,True,True,True,True,1,4.55,
878,Rev4,4,W031,AE-3200,CH-A,EDG-01,Edge,0.84,0.0,2222.41,2135.31,2030.8,3055.6,True,True,True,True,0,0.0,
879,Rev4,4,W031,AE-3200,CH-A,EDG-02,Edge,0.84,32.7,2189.9,2168.43,2127.54,3232.6,True,True,True,True,0,0.0,
880,Rev4,4,W031,AE-3200,CH-A,EDG-03,Edge,0.84,65.5,2173.51,2099.2,2198.76,3400.4,True,True,False,True,0,0.0,
881,Rev4,4,W031,AE-3200,CH-A,EDG-04,Edge,0.84,98.2,2193.72,2115.01,2051.73,3180.7,True,True,True,True,0,0.0,
882,Rev4,4,W031,AE-3200,CH-A,EDG-05,Edge,0.84,130.9,2168.84,2131.07,2019.2,3118.4,True,True,True,True,2,9.08,endpoint_late
883,Rev4,4,W031,AE-3200,CH-A,EDG-06,Edge,0.84,163.6,2194.32,2050.21,2077.21,3359.2,True,True,True,True,0,0.0,
884,Rev4,4,W031,AE-3200,CH-A,EDG-07,Edge,0.84,196.4,2169.81,2130.23,1962.35,3300.7,True,True,True,True,0,0.0,
885,Rev4,4,W031,AE-3200,CH-A,EDG-08,Edge,0.84,229.1,2187.41,2078.03,2079.79,3351.2,True,True,True,True,1,4.2,polymer_residue
886,Rev4,4,W031,AE-3200,CH-A,EDG-09,Edge,0.84,261.8,2184.17,2070.78,2138.05,3328.6,True,True,True,True,2,6.53,polymer_residue
887,Rev4,4,W031,AE-3200,CH-A,EDG-10,Edge,0.84,294.5,2209.59,2067.04,2094.36,3319.8,True,True,True,True,1,4.46,polymer_residue
888,Rev4,4,W031,AE-3200,CH-A,EDG-11,Edge,0.84,327.3,2202.31,2096.36,2114.68,3464.2,True,True,True,True,0,0.0,
889,Rev4,4,W031,AE-3200,CH-A,EXT-01,Extreme Edge,0.96,16.4,2200.55,2104.44,2122.47,3220.7,True,True,True,True,0,0.0,
890,Rev4,4,W031,AE-3200,CH-A,EXT-02,Extreme Edge,0.96,49.1,2212.56,2101.26,2142.22,3566.9,True,True,True,False,0,0.0,
891,Rev4,4,W031,AE-3200,CH-A,EXT-03,Extreme Edge,0.96,81.8,2251.58,2085.99,2056.54,3345.0,False,True,True,True,1,4.05,
892,Rev4,4,W031,AE-3200,CH-A,EXT-04,Extreme Edge,0.96,114.5,2203.72,2103.38,2133.05,3436.6,True,True,True,True,0,0.0,
893,Rev4,4,W031,AE-3200,CH-A,EXT-05,Extreme Edge,0.96,147.3,2245.12,2137.98,2022.03,3399.2,False,True,True,True,1,6.02,polymer_residue
894,Rev4,4,W031,AE-3200,CH-A,EXT-06,Extreme Edge,0.96,180.0,2209.39,2066.85,2148.83,3378.9,True,True,True,True,1,3.62,
895,Rev4,4,W031,AE-3200,CH-A,EXT-07,Extreme Edge,0.96,212.7,2191.52,2138.37,2046.78,3453.8,True,True,True,True,0,0.0,
896,Rev4,4,W031,AE-3200,CH-A,EXT-08,Extreme Edge,0.96,245.5,2187.48,2083.75,2071.51,3433.9,True,True,True,True,0,0.0,
897,Rev4,4,W031,AE-3200,CH-A,EXT-09,Extreme Edge,0.96,278.2,2238.9,2138.95,2101.48,3620.6,False,True,True,False,1,2.35,polymer_residue
898,Rev4,4,W031,AE-3200,CH-A,EXT-10,Extreme Edge,0.96,310.9,2216.41,2165.22,2152.02,3360.7,True,True,True,True,2,11.14,endpoint_late
899,Rev4,4,W031,AE-3200,CH-A,EXT-11,Extreme Edge,0.96,343.6,2184.84,2053.15,2067.51,3254.6,True,True,True,True,1,5.54,pressure_spike
900,Rev3,3,W032,PX-7500,CH-D,C1,Center,0.0,0.0,2202.72,2123.47,2090.47,3127.1,True,True,True,True,0,0.0,
901,Rev3,3,W032,PX-7500,CH-D,MID-01,Mid,0.52,30.0,2191.49,2110.04,2110.17,3311.8,True,True,True,True,0,0.0,
902,Rev3,3,W032,PX-7500,CH-D,MID-02,Mid,0.52,90.0,2170.33,2133.09,2111.34,3378.1,True,True,True,True,0,0.0,
903,Rev3,3,W032,PX-7500,CH-D,MID-03,Mid,0.52,150.0,2201.07,2168.27,2097.77,3094.6,True,True,True,True,0,0.0,
904,Rev3,3,W032,PX-7500,CH-D,MID-04,Mid,0.52,210.0,2190.49,2095.61,2090.23,3268.1,True,True,True,True,0,0.0,
905,Rev3,3,W032,PX-7500,CH-D,MID-05,Mid,0.52,270.0,2181.14,2041.81,2051.11,3258.1,True,True,True,True,0,0.0,
906,Rev3,3,W032,PX-7500,CH-D,MID-06,Mid,0.52,330.0,2180.41,2093.85,2105.69,3493.8,True,True,True,True,0,0.0,
907,Rev3,3,W032,PX-7500,CH-D,EDG-01,Edge,0.84,0.0,2177.07,2131.63,2112.54,3219.2,True,True,True,True,1,4.42,
908,Rev3,3,W032,PX-7500,CH-D,EDG-02,Edge,0.84,32.7,2189.39,2152.79,2182.2,3196.0,True,True,False,True,1,3.68,polymer_residue
909,Rev3,3,W032,PX-7500,CH-D,EDG-03,Edge,0.84,65.5,2191.0,2157.12,2186.65,3138.8,True,True,False,True,0,0.0,
910,Rev3,3,W032,PX-7500,CH-D,EDG-04,Edge,0.84,98.2,2207.31,2090.87,2183.0,3156.0,True,True,False,True,1,3.66,pressure_spike
911,Rev3,3,W032,PX-7500,CH-D,EDG-05,Edge,0.84,130.9,2224.96,2140.63,2120.72,3027.4,True,True,True,True,0,0.0,
912,Rev3,3,W032,PX-7500,CH-D,EDG-06,Edge,0.84,163.6,2217.93,2104.54,2049.72,3258.0,True,True,True,True,0,0.0,
913,Rev3,3,W032,PX-7500,CH-D,EDG-07,Edge,0.84,196.4,2242.15,2161.79,2173.73,3344.1,False,True,False,True,0,0.0,
914,Rev3,3,W032,PX-7500,CH-D,EDG-08,Edge,0.84,229.1,2196.11,2129.15,2232.8,3382.2,True,True,False,True,2,12.41,
915,Rev3,3,W032,PX-7500,CH-D,EDG-09,Edge,0.84,261.8,2235.04,2157.67,2079.12,3094.7,False,True,True,True,0,0.0,
916,Rev3,3,W032,PX-7500,CH-D,EDG-10,Edge,0.84,294.5,2193.67,2172.15,2154.04,3353.1,True,True,True,True,2,12.91,endpoint_late
917,Rev3,3,W032,PX-7500,CH-D,EDG-11,Edge,0.84,327.3,2213.76,2117.37,2168.44,3278.8,True,True,True,True,0,0.0,
918,Rev3,3,W032,PX-7500,CH-D,EXT-01,Extreme Edge,0.96,16.4,2224.24,2083.46,2185.97,3237.9,True,True,False,True,0,0.0,
919,Rev3,3,W032,PX-7500,CH-D,EXT-02,Extreme Edge,0.96,49.1,2213.27,2185.82,2105.02,3303.4,True,True,True,True,1,5.6,
920,Rev3,3,W032,PX-7500,CH-D,EXT-03,Extreme Edge,0.96,81.8,2264.76,2146.84,2192.42,3242.0,False,True,False,True,1,2.16,polymer_residue
921,Rev3,3,W032,PX-7500,CH-D,EXT-04,Extreme Edge,0.96,114.5,2229.8,2131.35,2196.0,3265.3,False,True,False,True,1,3.75,
922,Rev3,3,W032,PX-7500,CH-D,EXT-05,Extreme Edge,0.96,147.3,2203.63,2159.58,2200.14,3254.4,True,True,False,True,0,0.0,
923,Rev3,3,W032,PX-7500,CH-D,EXT-06,Extreme Edge,0.96,180.0,2206.43,2170.56,2133.93,3275.3,True,True,True,True,1,4.71,
924,Rev3,3,W032,PX-7500,CH-D,EXT-07,Extreme Edge,0.96,212.7,2267.13,2197.09,2095.16,3364.2,False,False,True,True,0,0.0,
925,Rev3,3,W032,PX-7500,CH-D,EXT-08,Extreme Edge,0.96,245.5,2202.02,2117.68,2170.72,3250.4,True,True,False,True,1,1.81,
926,Rev3,3,W032,PX-7500,CH-D,EXT-09,Extreme Edge,0.96,278.2,2259.46,2129.94,2087.65,3338.3,False,True,True,True,0,0.0,
927,Rev3,3,W032,PX-7500,CH-D,EXT-10,Extreme Edge,0.96,310.9,2274.03,2179.59,2000.29,3350.4,False,True,True,True,0,0.0,
928,Rev3,3,W032,PX-7500,CH-D,EXT-11,Extreme Edge,0.96,343.6,2230.67,2157.82,2198.93,3251.5,False,True,False,True,2,5.27,
929,Rev2,2,W033,PX-7500,CH-C,C1,Center,0.0,0.0,2134.21,2091.26,2080.08,3099.0,True,True,True,True,0,0.0,
930,Rev2,2,W033,PX-7500,CH-C,MID-01,Mid,0.52,30.0,2159.02,2058.58,2070.18,3191.7,True,True,True,True,0,0.0,
931,Rev2,2,W033,PX-7500,CH-C,MID-02,Mid,0.52,90.0,2181.07,2087.68,2016.16,3285.3,True,True,True,True,0,0.0,
932,Rev2,2,W033,PX-7500,CH-C,MID-03,Mid,0.52,150.0,2210.43,2060.64,2034.79,3701.2,True,True,True,False,1,2.04,
933,Rev2,2,W033,PX-7500,CH-C,MID-04,Mid,0.52,210.0,2208.45,2112.74,2159.44,3412.1,True,True,True,True,0,0.0,
934,Rev2,2,W033,PX-7500,CH-C,MID-05,Mid,0.52,270.0,2114.89,2058.22,2069.75,3617.3,True,True,True,False,0,0.0,
935,Rev2,2,W033,PX-7500,CH-C,MID-06,Mid,0.52,330.0,2123.87,2061.22,2083.13,3301.2,True,True,True,True,1,6.4,polymer_residue
936,Rev2,2,W033,PX-7500,CH-C,EDG-01,Edge,0.84,0.0,2194.22,2081.45,2063.71,3414.0,True,True,True,True,0,0.0,
937,Rev2,2,W033,PX-7500,CH-C,EDG-02,Edge,0.84,32.7,2222.93,2057.5,2145.51,3441.9,True,True,True,True,2,7.05,esc_temp_drift
938,Rev2,2,W033,PX-7500,CH-C,EDG-03,Edge,0.84,65.5,2189.49,2117.55,2211.82,3596.0,True,True,False,False,1,2.19,polymer_residue
939,Rev2,2,W033,PX-7500,CH-C,EDG-04,Edge,0.84,98.2,2219.79,2108.35,2069.46,3191.8,True,True,True,True,1,5.24,pressure_spike
940,Rev2,2,W033,PX-7500,CH-C,EDG-05,Edge,0.84,130.9,2205.61,2095.37,1915.29,2962.3,True,True,True,False,0,0.0,
941,Rev2,2,W033,PX-7500,CH-C,EDG-06,Edge,0.84,163.6,2164.82,2103.88,2099.22,3334.1,True,True,True,True,1,4.1,
942,Rev2,2,W033,PX-7500,CH-C,EDG-07,Edge,0.84,196.4,2219.96,2076.07,2070.63,3293.0,True,True,True,True,0,0.0,
943,Rev2,2,W033,PX-7500,CH-C,EDG-08,Edge,0.84,229.1,2147.47,2060.01,2081.64,3159.9,True,True,True,True,0,0.0,
944,Rev2,2,W033,PX-7500,CH-C,EDG-09,Edge,0.84,261.8,2208.67,2047.07,2117.21,3356.7,True,True,True,True,1,2.52,
945,Rev2,2,W033,PX-7500,CH-C,EDG-10,Edge,0.84,294.5,2215.15,2092.52,2017.99,3531.6,True,True,True,False,0,0.0,
946,Rev2,2,W033,PX-7500,CH-C,EDG-11,Edge,0.84,327.3,2172.97,2115.83,2153.01,3202.1,True,True,True,True,1,6.15,
947,Rev2,2,W033,PX-7500,CH-C,EXT-01,Extreme Edge,0.96,16.4,2255.61,2104.82,2008.17,3212.9,False,True,True,True,0,0.0,
948,Rev2,2,W033,PX-7500,CH-C,EXT-02,Extreme Edge,0.96,49.1,2213.83,2111.01,2198.87,3444.1,True,True,False,True,0,0.0,
949,Rev2,2,W033,PX-7500,CH-C,EXT-03,Extreme Edge,0.96,81.8,2236.86,2041.08,2061.94,3444.6,False,True,True,True,0,0.0,
950,Rev2,2,W033,PX-7500,CH-C,EXT-04,Extreme Edge,0.96,114.5,2189.96,2109.71,2099.07,3311.5,True,True,True,True,0,0.0,
951,Rev2,2,W033,PX-7500,CH-C,EXT-05,Extreme Edge,0.96,147.3,2135.96,2124.51,2041.64,3357.6,True,True,True,True,0,0.0,
952,Rev2,2,W033,PX-7500,CH-C,EXT-06,Extreme Edge,0.96,180.0,2221.1,2118.9,2134.22,3540.0,True,True,True,False,1,3.46,arc_event
953,Rev2,2,W033,PX-7500,CH-C,EXT-07,Extreme Edge,0.96,212.7,2220.58,2173.2,2175.86,3262.4,True,True,False,True,1,4.29,
954,Rev2,2,W033,PX-7500,CH-C,EXT-08,Extreme Edge,0.96,245.5,2199.22,2144.05,2103.02,3377.9,True,True,True,True,1,4.6,polymer_residue
955,Rev2,2,W033,PX-7500,CH-C,EXT-09,Extreme Edge,0.96,278.2,2247.85,2085.37,2127.74,3497.4,False,True,True,True,0,0.0,
956,Rev2,2,W033,PX-7500,CH-C,EXT-10,Extreme Edge,0.96,310.9,2150.53,2072.38,2107.16,3501.1,True,True,True,False,0,0.0,
957,Rev2,2,W033,PX-7500,CH-C,EXT-11,Extreme Edge,0.96,343.6,2188.58,2123.46,2005.2,3505.1,True,True,True,False,1,4.91,
958,Base,0,W034,AE-3200,CH-A,C1,Center,0.0,0.0,2129.05,2090.02,2000.01,3312.9,True,True,True,True,0,0.0,
959,Base,0,W034,AE-3200,CH-A,MID-01,Mid,0.52,30.0,2144.15,2124.77,2034.11,3365.5,True,True,True,True,0,0.0,
960,Base,0,W034,AE-3200,CH-A,MID-02,Mid,0.52,90.0,2182.9,2091.8,1899.71,3299.2,True,True,False,True,1,6.3,endpoint_late
961,Base,0,W034,AE-3200,CH-A,MID-03,Mid,0.52,150.0,2153.83,2129.8,1931.53,3206.2,True,True,True,True,0,0.0,
962,Base,0,W034,AE-3200,CH-A,MID-04,Mid,0.52,210.0,2175.84,2161.67,1891.54,3124.4,True,True,False,True,0,0.0,
963,Base,0,W034,AE-3200,CH-A,MID-05,Mid,0.52,270.0,2177.42,2141.03,2024.35,3278.1,True,True,True,True,0,0.0,
964,Base,0,W034,AE-3200,CH-A,MID-06,Mid,0.52,330.0,2107.17,2129.61,2013.25,3550.7,True,True,True,False,0,0.0,
965,Base,0,W034,AE-3200,CH-A,EDG-01,Edge,0.84,0.0,2150.49,2149.57,2080.62,3663.3,True,True,True,False,0,0.0,
966,Base,0,W034,AE-3200,CH-A,EDG-02,Edge,0.84,32.7,2173.23,2095.88,2046.48,3340.5,True,True,True,True,2,12.34,
967,Base,0,W034,AE-3200,CH-A,EDG-03,Edge,0.84,65.5,2223.64,2129.19,2096.8,3291.1,True,True,True,True,1,5.66,
968,Base,0,W034,AE-3200,CH-A,EDG-04,Edge,0.84,98.2,2208.1,2101.87,2007.67,3384.2,True,True,True,True,1,2.13,polymer_residue
969,Base,0,W034,AE-3200,CH-A,EDG-05,Edge,0.84,130.9,2173.03,2166.53,2037.19,3470.5,True,True,True,True,3,16.83,polymer_residue
970,Base,0,W034,AE-3200,CH-A,EDG-06,Edge,0.84,163.6,2187.83,2169.46,1968.81,3569.3,True,True,True,False,0,0.0,
971,Base,0,W034,AE-3200,CH-A,EDG-07,Edge,0.84,196.4,2224.96,2151.11,2007.83,3464.8,True,True,True,True,0,0.0,
972,Base,0,W034,AE-3200,CH-A,EDG-08,Edge,0.84,229.1,2127.24,2232.56,1980.62,3463.6,True,False,True,True,0,0.0,
973,Base,0,W034,AE-3200,CH-A,EDG-09,Edge,0.84,261.8,2206.7,2183.76,1979.66,3367.2,True,True,True,True,0,0.0,
974,Base,0,W034,AE-3200,CH-A,EDG-10,Edge,0.84,294.5,2211.46,2100.9,1989.13,3226.0,True,True,True,True,0,0.0,
975,Base,0,W034,AE-3200,CH-A,EDG-11,Edge,0.84,327.3,2174.34,2145.28,2051.74,3294.3,True,True,True,True,0,0.0,
976,Base,0,W034,AE-3200,CH-A,EXT-01,Extreme Edge,0.96,16.4,2222.75,2258.74,2055.9,3393.2,True,False,True,True,0,0.0,
977,Base,0,W034,AE-3200,CH-A,EXT-02,Extreme Edge,0.96,49.1,2212.67,2147.51,2089.35,3516.7,True,True,True,False,2,10.41,
978,Base,0,W034,AE-3200,CH-A,EXT-03,Extreme Edge,0.96,81.8,2165.41,2202.42,1974.32,3638.7,True,False,True,False,1,2.45,
979,Base,0,W034,AE-3200,CH-A,EXT-04,Extreme Edge,0.96,114.5,2193.1,2150.12,2040.21,3337.6,True,True,True,True,1,3.24,polymer_residue
980,Base,0,W034,AE-3200,CH-A,EXT-05,Extreme Edge,0.96,147.3,2222.13,2174.52,2134.3,3357.0,True,True,True,True,0,0.0,
981,Base,0,W034,AE-3200,CH-A,EXT-06,Extreme Edge,0.96,180.0,2187.59,2105.68,2060.28,3416.3,True,True,True,True,0,0.0,
982,Base,0,W034,AE-3200,CH-A,EXT-07,Extreme Edge,0.96,212.7,2189.67,2138.53,2015.4,3636.0,True,True,True,False,0,0.0,
983,Base,0,W034,AE-3200,CH-A,EXT-08,Extreme Edge,0.96,245.5,2200.7,2160.14,2079.45,3402.6,True,True,True,True,0,0.0,
984,Base,0,W034,AE-3200,CH-A,EXT-09,Extreme Edge,0.96,278.2,2181.36,2233.31,2071.6,3722.2,True,False,True,False,2,4.97,polymer_residue
985,Base,0,W034,AE-3200,CH-A,EXT-10,Extreme Edge,0.96,310.9,2131.21,2126.93,2075.81,3551.3,True,True,True,False,1,2.73,
986,Base,0,W034,AE-3200,CH-A,EXT-11,Extreme Edge,0.96,343.6,2166.72,2138.96,2025.98,3391.9,True,True,True,True,1,5.6,polymer_residue
987,Rev9,9,W035,AE-3200,CH-B,C1,Center,0.0,0.0,2150.84,2117.51,2019.54,3225.0,True,True,True,True,0,0.0,
988,Rev9,9,W035,AE-3200,CH-B,MID-01,Mid,0.52,30.0,2180.45,2149.63,2137.94,3346.8,True,True,True,True,1,3.14,
989,Rev9,9,W035,AE-3200,CH-B,MID-02,Mid,0.52,90.0,2171.77,2115.14,2057.59,3318.5,True,True,True,True,0,0.0,
990,Rev9,9,W035,AE-3200,CH-B,MID-03,Mid,0.52,150.0,2200.48,2087.7,2058.12,3403.5,True,True,True,True,0,0.0,
991,Rev9,9,W035,AE-3200,CH-B,MID-04,Mid,0.52,210.0,2169.91,2098.42,2119.95,3423.7,True,True,True,True,0,0.0,
992,Rev9,9,W035,AE-3200,CH-B,MID-05,Mid,0.52,270.0,2175.44,2070.32,2088.72,3526.9,True,True,True,False,0,0.0,
993,Rev9,9,W035,AE-3200,CH-B,MID-06,Mid,0.52,330.0,2213.23,2099.98,2003.51,3336.8,True,True,True,True,0,0.0,
994,Rev9,9,W035,AE-3200,CH-B,EDG-01,Edge,0.84,0.0,2168.43,2083.54,2093.94,3295.6,True,True,True,True,0,0.0,
995,Rev9,9,W035,AE-3200,CH-B,EDG-02,Edge,0.84,32.7,2216.28,2119.48,2057.97,3325.7,True,True,True,True,1,4.37,
996,Rev9,9,W035,AE-3200,CH-B,EDG-03,Edge,0.84,65.5,2216.97,2150.63,2044.42,3635.8,True,True,True,False,2,12.43,
997,Rev9,9,W035,AE-3200,CH-B,EDG-04,Edge,0.84,98.2,2206.63,2131.73,1983.89,3360.0,True,True,True,True,2,4.44,
998,Rev9,9,W035,AE-3200,CH-B,EDG-05,Edge,0.84,130.9,2237.19,2083.88,2097.0,3590.9,False,True,True,False,1,5.15,arc_event
999,Rev9,9,W035,AE-3200,CH-B,EDG-06,Edge,0.84,163.6,2195.41,2095.39,2092.81,3391.0,True,True,True,True,0,0.0,
1000,Rev9,9,W035,AE-3200,CH-B,EDG-07,Edge,0.84,196.4,2200.5,2187.96,2086.36,3364.3,True,True,True,True,0,0.0,
1001,Rev9,9,W035,AE-3200,CH-B,EDG-08,Edge,0.84,229.1,2175.94,2084.1,2084.61,3435.5,True,True,True,True,0,0.0,
1002,Rev9,9,W035,AE-3200,CH-B,EDG-09,Edge,0.84,261.8,2202.44,2080.43,2098.35,3446.5,True,True,True,True,1,2.42,polymer_residue
1003,Rev9,9,W035,AE-3200,CH-B,EDG-10,Edge,0.84,294.5,2234.02,2130.91,2139.9,3277.2,False,True,True,True,1,6.12,
1004,Rev9,9,W035,AE-3200,CH-B,EDG-11,Edge,0.84,327.3,2254.56,2135.87,2051.43,3501.5,False,True,True,False,0,0.0,
1005,Rev9,9,W035,AE-3200,CH-B,EXT-01,Extreme Edge,0.96,16.4,2232.53,2154.88,1957.63,3433.4,False,True,True,True,0,0.0,
1006,Rev9,9,W035,AE-3200,CH-B,EXT-02,Extreme Edge,0.96,49.1,2208.22,2141.41,2082.34,3489.4,True,True,True,True,2,5.65,
1007,Rev9,9,W035,AE-3200,CH-B,EXT-03,Extreme Edge,0.96,81.8,2251.62,2169.55,2087.98,3316.8,False,True,True,True,1,6.28,pressure_spike
1008,Rev9,9,W035,AE-3200,CH-B,EXT-04,Extreme Edge,0.96,114.5,2222.85,2180.0,2075.64,3273.3,True,True,True,True,0,0.0,
1009,Rev9,9,W035,AE-3200,CH-B,EXT-05,Extreme Edge,0.96,147.3,2244.38,2136.03,2095.89,3731.8,False,True,True,False,2,4.93,
1010,Rev9,9,W035,AE-3200,CH-B,EXT-06,Extreme Edge,0.96,180.0,2194.54,2118.06,2139.88,3190.3,True,True,True,True,0,0.0,
1011,Rev9,9,W035,AE-3200,CH-B,EXT-07,Extreme Edge,0.96,212.7,2240.0,2140.02,2017.06,3340.2,False,True,True,True,1,5.46,polymer_residue
1012,Rev9,9,W035,AE-3200,CH-B,EXT-08,Extreme Edge,0.96,245.5,2260.01,2115.08,2095.51,3400.1,False,True,True,True,2,6.89,endpoint_late
1013,Rev9,9,W035,AE-3200,CH-B,EXT-09,Extreme Edge,0.96,278.2,2203.36,2160.56,1988.7,2987.8,True,True,True,False,0,0.0,
1014,Rev9,9,W035,AE-3200,CH-B,EXT-10,Extreme Edge,0.96,310.9,2221.68,2167.93,1965.96,3515.8,True,True,True,False,0,0.0,
1015,Rev9,9,W035,AE-3200,CH-B,EXT-11,Extreme Edge,0.96,343.6,2228.53,2143.17,2077.01,3593.4,False,True,True,False,0,0.0,
1016,Rev3,3,W036,PX-7500,CH-D,C1,Center,0.0,0.0,2151.92,2090.15,2107.75,3024.6,True,True,True,True,0,0.0,
1017,Rev3,3,W036,PX-7500,CH-D,MID-01,Mid,0.52,30.0,2129.95,2066.07,2060.05,3303.9,True,True,True,True,0,0.0,
1018,Rev3,3,W036,PX-7500,CH-D,MID-02,Mid,0.52,90.0,2149.99,2069.83,1950.18,3297.5,True,True,True,True,0,0.0,
1019,Rev3,3,W036,PX-7500,CH-D,MID-03,Mid,0.52,150.0,2185.16,2088.79,2044.6,3078.8,True,True,True,True,0,0.0,
1020,Rev3,3,W036,PX-7500,CH-D,MID-04,Mid,0.52,210.0,2155.13,2123.89,2017.75,3241.5,True,True,True,True,0,0.0,
1021,Rev3,3,W036,PX-7500,CH-D,MID-05,Mid,0.52,270.0,2138.94,2066.7,2113.62,3100.8,True,True,True,True,0,0.0,
1022,Rev3,3,W036,PX-7500,CH-D,MID-06,Mid,0.52,330.0,2147.2,2104.7,2010.09,3339.2,True,True,True,True,1,2.31,
1023,Rev3,3,W036,PX-7500,CH-D,EDG-01,Edge,0.84,0.0,2160.28,2151.83,2113.43,3213.4,True,True,True,True,0,0.0,
1024,Rev3,3,W036,PX-7500,CH-D,EDG-02,Edge,0.84,32.7,2179.87,2120.39,2010.58,3257.8,True,True,True,True,0,0.0,
1025,Rev3,3,W036,PX-7500,CH-D,EDG-03,Edge,0.84,65.5,2187.01,2105.51,2052.89,3488.2,True,True,True,True,0,0.0,
1026,Rev3,3,W036,PX-7500,CH-D,EDG-04,Edge,0.84,98.2,2181.92,2129.02,1992.23,3287.8,True,True,True,True,1,1.97,esc_temp_drift
1027,Rev3,3,W036,PX-7500,CH-D,EDG-05,Edge,0.84,130.9,2194.6,2147.64,2074.51,3171.9,True,True,True,True,2,5.71,polymer_residue
1028,Rev3,3,W036,PX-7500,CH-D,EDG-06,Edge,0.84,163.6,2190.52,2073.76,2043.27,3234.5,True,True,True,True,0,0.0,
1029,Rev3,3,W036,PX-7500,CH-D,EDG-07,Edge,0.84,196.4,2117.87,2098.74,2044.3,3357.9,True,True,True,True,0,0.0,
1030,Rev3,3,W036,PX-7500,CH-D,EDG-08,Edge,0.84,229.1,2217.15,2116.33,1949.02,3238.8,True,True,True,True,1,5.48,
1031,Rev3,3,W036,PX-7500,CH-D,EDG-09,Edge,0.84,261.8,2157.46,2150.38,2034.99,3152.5,True,True,True,True,1,4.97,
1032,Rev3,3,W036,PX-7500,CH-D,EDG-10,Edge,0.84,294.5,2157.16,2109.41,2029.9,3129.2,True,True,True,True,0,0.0,
1033,Rev3,3,W036,PX-7500,CH-D,EDG-11,Edge,0.84,327.3,2174.47,2145.32,2092.41,3297.0,True,True,True,True,0,0.0,
1034,Rev3,3,W036,PX-7500,CH-D,EXT-01,Extreme Edge,0.96,16.4,2186.44,2133.67,2021.94,3304.7,True,True,True,True,1,6.41,polymer_residue
1035,Rev3,3,W036,PX-7500,CH-D,EXT-02,Extreme Edge,0.96,49.1,2222.36,2098.96,2040.53,3390.7,True,True,True,True,0,0.0,
1036,Rev3,3,W036,PX-7500,CH-D,EXT-03,Extreme Edge,0.96,81.8,2199.92,2093.87,2051.01,3193.6,True,True,True,True,1,2.35,polymer_residue
1037,Rev3,3,W036,PX-7500,CH-D,EXT-04,Extreme Edge,0.96,114.5,2155.25,2102.42,2151.81,3430.2,True,True,True,True,0,0.0,
1038,Rev3,3,W036,PX-7500,CH-D,EXT-05,Extreme Edge,0.96,147.3,2139.03,2065.15,2135.06,3312.6,True,True,True,True,1,5.25,pressure_spike
1039,Rev3,3,W036,PX-7500,CH-D,EXT-06,Extreme Edge,0.96,180.0,2192.0,2106.93,2199.16,3234.0,True,True,False,True,0,0.0,
1040,Rev3,3,W036,PX-7500,CH-D,EXT-07,Extreme Edge,0.96,212.7,2171.05,2160.28,2099.3,3255.6,True,True,True,True,0,0.0,
1041,Rev3,3,W036,PX-7500,CH-D,EXT-08,Extreme Edge,0.96,245.5,2219.63,2125.45,2187.67,3301.3,True,True,False,True,1,2.76,
1042,Rev3,3,W036,PX-7500,CH-D,EXT-09,Extreme Edge,0.96,278.2,2155.61,2131.8,2099.91,3081.4,True,True,True,True,1,2.57,
1043,Rev3,3,W036,PX-7500,CH-D,EXT-10,Extreme Edge,0.96,310.9,2195.18,2077.81,2041.2,3291.2,True,True,True,True,3,9.97,
1044,Rev3,3,W036,PX-7500,CH-D,EXT-11,Extreme Edge,0.96,343.6,2161.92,2108.83,2049.9,3044.6,True,True,True,True,0,0.0,
1045,Rev6,6,W037,PX-7500,CH-C,C1,Center,0.0,0.0,2105.93,2056.55,2170.34,3359.0,True,True,False,True,0,0.0,
1046,Rev6,6,W037,PX-7500,CH-C,MID-01,Mid,0.52,30.0,2162.71,2131.02,2154.02,3329.0,True,True,True,True,0,0.0,
1047,Rev6,6,W037,PX-7500,CH-C,MID-02,Mid,0.52,90.0,2110.27,2105.43,2093.93,3371.1,True,True,True,True,1,3.9,polymer_residue
1048,Rev6,6,W037,PX-7500,CH-C,MID-03,Mid,0.52,150.0,2102.48,2086.18,2071.79,3139.1,True,True,True,True,0,0.0,
1049,Rev6,6,W037,PX-7500,CH-C,MID-04,Mid,0.52,210.0,2118.18,2149.44,2128.92,3241.1,True,True,True,True,0,0.0,
1050,Rev6,6,W037,PX-7500,CH-C,MID-05,Mid,0.52,270.0,2115.66,2142.59,2142.9,3059.7,True,True,True,True,0,0.0,
1051,Rev6,6,W037,PX-7500,CH-C,MID-06,Mid,0.52,330.0,2167.25,2103.36,2081.12,2859.2,True,True,True,False,0,0.0,
1052,Rev6,6,W037,PX-7500,CH-C,EDG-01,Edge,0.84,0.0,2127.87,2118.3,2188.21,3116.3,True,True,False,True,1,4.74,polymer_residue
1053,Rev6,6,W037,PX-7500,CH-C,EDG-02,Edge,0.84,32.7,2124.77,2211.92,2114.82,3239.6,True,False,True,True,0,0.0,
1054,Rev6,6,W037,PX-7500,CH-C,EDG-03,Edge,0.84,65.5,2148.4,2139.92,2119.54,2870.1,True,True,True,False,1,2.69,
1055,Rev6,6,W037,PX-7500,CH-C,EDG-04,Edge,0.84,98.2,2138.76,2194.61,2134.33,3176.7,True,True,True,True,0,0.0,
1056,Rev6,6,W037,PX-7500,CH-C,EDG-05,Edge,0.84,130.9,2158.0,2135.29,2169.94,3298.7,True,True,True,True,0,0.0,
1057,Rev6,6,W037,PX-7500,CH-C,EDG-06,Edge,0.84,163.6,2169.59,2164.48,2021.1,3280.9,True,True,True,True,0,0.0,
1058,Rev6,6,W037,PX-7500,CH-C,EDG-07,Edge,0.84,196.4,2132.13,2180.05,2174.19,3242.6,True,True,False,True,0,0.0,
1059,Rev6,6,W037,PX-7500,CH-C,EDG-08,Edge,0.84,229.1,2159.01,2153.74,2181.76,3142.4,True,True,False,True,1,2.58,
1060,Rev6,6,W037,PX-7500,CH-C,EDG-09,Edge,0.84,261.8,2158.34,2131.58,2165.71,2945.6,True,True,True,False,1,3.05,arc_event
1061,Rev6,6,W037,PX-7500,CH-C,EDG-10,Edge,0.84,294.5,2171.26,2067.03,2207.31,3014.8,True,True,False,True,0,0.0,
1062,Rev6,6,W037,PX-7500,CH-C,EDG-11,Edge,0.84,327.3,2159.28,2164.58,2188.34,3205.5,True,True,False,True,0,0.0,
1063,Rev6,6,W037,PX-7500,CH-C,EXT-01,Extreme Edge,0.96,16.4,2141.17,2126.52,2130.17,3264.3,True,True,True,True,0,0.0,
1064,Rev6,6,W037,PX-7500,CH-C,EXT-02,Extreme Edge,0.96,49.1,2176.6,2203.01,2170.51,3005.5,True,False,False,True,0,0.0,
1065,Rev6,6,W037,PX-7500,CH-C,EXT-03,Extreme Edge,0.96,81.8,2151.89,2185.95,2233.76,3202.2,True,True,False,True,1,3.13,
1066,Rev6,6,W037,PX-7500,CH-C,EXT-04,Extreme Edge,0.96,114.5,2169.78,2156.75,2116.45,3222.6,True,True,True,True,0,0.0,
1067,Rev6,6,W037,PX-7500,CH-C,EXT-05,Extreme Edge,0.96,147.3,2169.88,2179.88,2158.03,3206.4,True,True,True,True,0,0.0,
1068,Rev6,6,W037,PX-7500,CH-C,EXT-06,Extreme Edge,0.96,180.0,2197.77,2112.76,2231.87,3215.0,True,True,False,True,1,3.92,
1069,Rev6,6,W037,PX-7500,CH-C,EXT-07,Extreme Edge,0.96,212.7,2149.71,2147.52,2141.44,3155.3,True,True,True,True,1,5.96,
1070,Rev6,6,W037,PX-7500,CH-C,EXT-08,Extreme Edge,0.96,245.5,2190.3,2147.94,2149.23,3211.2,True,True,True,True,1,4.98,
1071,Rev6,6,W037,PX-7500,CH-C,EXT-09,Extreme Edge,0.96,278.2,2137.03,2200.12,2067.47,3247.6,True,False,True,True,0,0.0,
1072,Rev6,6,W037,PX-7500,CH-C,EXT-10,Extreme Edge,0.96,310.9,2195.93,2144.83,2170.66,3336.9,True,True,False,True,0,0.0,
1073,Rev6,6,W037,PX-7500,CH-C,EXT-11,Extreme Edge,0.96,343.6,2178.31,2128.18,2167.19,3051.2,True,True,True,True,0,0.0,
1074,Rev1,1,W038,AE-3200,CH-B,C1,Center,0.0,0.0,2177.57,2059.56,2014.53,3105.3,True,True,True,True,0,0.0,
1075,Rev1,1,W038,AE-3200,CH-B,MID-01,Mid,0.52,30.0,2253.33,2065.25,2061.65,3211.8,False,True,True,True,0,0.0,
1076,Rev1,1,W038,AE-3200,CH-B,MID-02,Mid,0.52,90.0,2214.19,2111.81,1996.73,3192.0,True,True,True,True,0,0.0,
1077,Rev1,1,W038,AE-3200,CH-B,MID-03,Mid,0.52,150.0,2224.11,2129.46,2120.11,3156.9,True,True,True,True,0,0.0,
1078,Rev1,1,W038,AE-3200,CH-B,MID-04,Mid,0.52,210.0,2142.63,2131.68,2142.29,3196.2,True,True,True,True,0,0.0,
1079,Rev1,1,W038,AE-3200,CH-B,MID-05,Mid,0.52,270.0,2136.92,2161.8,2090.58,3496.7,True,True,True,True,0,0.0,
1080,Rev1,1,W038,AE-3200,CH-B,MID-06,Mid,0.52,330.0,2208.0,2079.01,2006.48,3286.2,True,True,True,True,0,0.0,
1081,Rev1,1,W038,AE-3200,CH-B,EDG-01,Edge,0.84,0.0,2147.73,2146.61,2178.99,3352.9,True,True,False,True,1,2.25,
1082,Rev1,1,W038,AE-3200,CH-B,EDG-02,Edge,0.84,32.7,2199.92,2135.79,2113.94,3122.3,True,True,True,True,0,0.0,
1083,Rev1,1,W038,AE-3200,CH-B,EDG-03,Edge,0.84,65.5,2227.82,2098.71,2031.19,3320.9,False,True,True,True,0,0.0,
1084,Rev1,1,W038,AE-3200,CH-B,EDG-04,Edge,0.84,98.2,2207.64,2131.77,2149.77,3391.2,True,True,True,True,0,0.0,
1085,Rev1,1,W038,AE-3200,CH-B,EDG-05,Edge,0.84,130.9,2241.17,2150.48,2000.02,3449.7,False,True,True,True,0,0.0,
1086,Rev1,1,W038,AE-3200,CH-B,EDG-06,Edge,0.84,163.6,2167.47,2140.68,2006.49,3373.0,True,True,True,True,0,0.0,
1087,Rev1,1,W038,AE-3200,CH-B,EDG-07,Edge,0.84,196.4,2248.81,2159.54,2087.78,3166.8,False,True,True,True,1,5.16,polymer_residue
1088,Rev1,1,W038,AE-3200,CH-B,EDG-08,Edge,0.84,229.1,2161.25,2082.26,2141.21,3406.3,True,True,True,True,0,0.0,
1089,Rev1,1,W038,AE-3200,CH-B,EDG-09,Edge,0.84,261.8,2188.59,2092.38,2075.46,3400.3,True,True,True,True,0,0.0,
1090,Rev1,1,W038,AE-3200,CH-B,EDG-10,Edge,0.84,294.5,2223.18,2152.49,2216.76,3311.4,True,True,False,True,1,4.97,
1091,Rev1,1,W038,AE-3200,CH-B,EDG-11,Edge,0.84,327.3,2203.89,2135.12,2085.79,3117.9,True,True,True,True,1,5.83,
1092,Rev1,1,W038,AE-3200,CH-B,EXT-01,Extreme Edge,0.96,16.4,2176.8,2113.95,2207.46,3084.0,True,True,False,True,0,0.0,
1093,Rev1,1,W038,AE-3200,CH-B,EXT-02,Extreme Edge,0.96,49.1,2171.31,2116.5,2068.11,3309.0,True,True,True,True,0,0.0,
1094,Rev1,1,W038,AE-3200,CH-B,EXT-03,Extreme Edge,0.96,81.8,2237.59,2116.71,2041.21,3482.5,False,True,True,True,1,3.3,polymer_residue
1095,Rev1,1,W038,AE-3200,CH-B,EXT-04,Extreme Edge,0.96,114.5,2268.22,2104.69,2141.24,3366.8,False,True,True,True,0,0.0,
1096,Rev1,1,W038,AE-3200,CH-B,EXT-05,Extreme Edge,0.96,147.3,2193.37,2152.31,2064.14,3479.0,True,True,True,True,0,0.0,
1097,Rev1,1,W038,AE-3200,CH-B,EXT-06,Extreme Edge,0.96,180.0,2206.24,2131.39,2057.15,3368.3,True,True,True,True,1,2.83,polymer_residue
1098,Rev1,1,W038,AE-3200,CH-B,EXT-07,Extreme Edge,0.96,212.7,2231.92,2129.03,2027.55,3359.9,False,True,True,True,1,4.95,polymer_residue
1099,Rev1,1,W038,AE-3200,CH-B,EXT-08,Extreme Edge,0.96,245.5,2204.16,2110.14,2095.33,3398.4,True,True,True,True,3,11.48,polymer_residue
1100,Rev1,1,W038,AE-3200,CH-B,EXT-09,Extreme Edge,0.96,278.2,2226.63,2172.47,2142.41,3140.2,False,True,True,True,0,0.0,
1101,Rev1,1,W038,AE-3200,CH-B,EXT-10,Extreme Edge,0.96,310.9,2201.9,2161.14,2150.37,3225.0,True,True,True,True,1,4.77,polymer_residue
1102,Rev1,1,W038,AE-3200,CH-B,EXT-11,Extreme Edge,0.96,343.6,2207.91,2153.3,2181.64,3300.9,True,True,False,True,0,0.0,
1103,Rev9,9,W039,AE-3200,CH-B,C1,Center,0.0,0.0,2199.58,2125.28,2041.09,3576.6,True,True,True,False,0,0.0,
1104,Rev9,9,W039,AE-3200,CH-B,MID-01,Mid,0.52,30.0,2168.96,2144.59,2064.19,3224.2,True,True,True,True,0,0.0,
1105,Rev9,9,W039,AE-3200,CH-B,MID-02,Mid,0.52,90.0,2155.59,2187.57,1990.97,3415.1,True,True,True,True,0,0.0,
1106,Rev9,9,W039,AE-3200,CH-B,MID-03,Mid,0.52,150.0,2186.95,2151.49,2151.68,3441.6,True,True,True,True,1,6.24,
1107,Rev9,9,W039,AE-3200,CH-B,MID-04,Mid,0.52,210.0,2192.21,2147.43,1963.4,3042.6,True,True,True,True,0,0.0,
1108,Rev9,9,W039,AE-3200,CH-B,MID-05,Mid,0.52,270.0,2200.42,2170.65,2062.86,3513.9,True,True,True,False,0,0.0,
1109,Rev9,9,W039,AE-3200,CH-B,MID-06,Mid,0.52,330.0,2149.35,2127.19,2065.24,3437.8,True,True,True,True,0,0.0,
1110,Rev9,9,W039,AE-3200,CH-B,EDG-01,Edge,0.84,0.0,2141.81,2168.29,2163.89,3735.3,True,True,True,False,1,3.0,polymer_residue
1111,Rev9,9,W039,AE-3200,CH-B,EDG-02,Edge,0.84,32.7,2176.91,2168.42,2035.69,3207.0,True,True,True,True,0,0.0,
1112,Rev9,9,W039,AE-3200,CH-B,EDG-03,Edge,0.84,65.5,2192.33,2236.78,2195.52,3575.0,True,False,False,False,1,3.2,
1113,Rev9,9,W039,AE-3200,CH-B,EDG-04,Edge,0.84,98.2,2151.56,2191.86,2288.07,3199.6,True,True,False,True,1,2.3,
1114,Rev9,9,W039,AE-3200,CH-B,EDG-05,Edge,0.84,130.9,2194.91,2197.02,2133.82,3525.5,True,False,True,False,0,0.0,
1115,Rev9,9,W039,AE-3200,CH-B,EDG-06,Edge,0.84,163.6,2183.21,2225.77,2132.42,3388.5,True,False,True,True,0,0.0,
1116,Rev9,9,W039,AE-3200,CH-B,EDG-07,Edge,0.84,196.4,2214.35,2211.36,2085.24,3651.4,True,False,True,False,2,9.72,
1117,Rev9,9,W039,AE-3200,CH-B,EDG-08,Edge,0.84,229.1,2175.86,2174.36,2217.14,3416.3,True,True,False,True,0,0.0,
1118,Rev9,9,W039,AE-3200,CH-B,EDG-09,Edge,0.84,261.8,2170.17,2163.29,2117.23,3331.7,True,True,True,True,0,0.0,
1119,Rev9,9,W039,AE-3200,CH-B,EDG-10,Edge,0.84,294.5,2158.68,2136.54,2143.62,3209.7,True,True,True,True,0,0.0,
1120,Rev9,9,W039,AE-3200,CH-B,EDG-11,Edge,0.84,327.3,2175.3,2190.65,2113.52,3415.0,True,True,True,True,0,0.0,
1121,Rev9,9,W039,AE-3200,CH-B,EXT-01,Extreme Edge,0.96,16.4,2203.54,2193.37,2224.85,3521.1,True,True,False,False,0,0.0,
1122,Rev9,9,W039,AE-3200,CH-B,EXT-02,Extreme Edge,0.96,49.1,2238.79,2207.72,2228.16,3458.0,False,False,False,True,2,3.77,
1123,Rev9,9,W039,AE-3200,CH-B,EXT-03,Extreme Edge,0.96,81.8,2189.18,2190.94,2181.42,3418.7,True,True,False,True,1,6.18,
1124,Rev9,9,W039,AE-3200,CH-B,EXT-04,Extreme Edge,0.96,114.5,2227.74,2160.36,2193.45,3397.5,False,True,False,True,1,2.27,polymer_residue
1125,Rev9,9,W039,AE-3200,CH-B,EXT-05,Extreme Edge,0.96,147.3,2258.51,2165.13,2126.62,3336.5,False,True,True,True,0,0.0,
1126,Rev9,9,W039,AE-3200,CH-B,EXT-06,Extreme Edge,0.96,180.0,2218.86,2155.04,2125.47,3456.7,True,True,True,True,3,13.73,polymer_residue
1127,Rev9,9,W039,AE-3200,CH-B,EXT-07,Extreme Edge,0.96,212.7,2198.31,2188.03,2055.96,3574.6,True,True,True,False,0,0.0,
1128,Rev9,9,W039,AE-3200,CH-B,EXT-08,Extreme Edge,0.96,245.5,2204.46,2192.59,2091.91,3247.2,True,True,True,True,0,0.0,
1129,Rev9,9,W039,AE-3200,CH-B,EXT-09,Extreme Edge,0.96,278.2,2197.7,2139.71,2109.97,3530.6,True,True,True,False,0,0.0,
1130,Rev9,9,W039,AE-3200,CH-B,EXT-10,Extreme Edge,0.96,310.9,2235.35,2182.3,2008.52,3413.4,False,True,True,True,0,0.0,
1131,Rev9,9,W039,AE-3200,CH-B,EXT-11,Extreme Edge,0.96,343.6,2219.38,2163.01,2280.36,3086.6,True,True,False,True,0,0.0,
1132,Rev7,7,W040,PX-7500,CH-D,C1,Center,0.0,0.0,2106.08,2122.1,2120.63,3479.3,True,True,True,True,0,0.0,
1133,Rev7,7,W040,PX-7500,CH-D,MID-01,Mid,0.52,30.0,2139.95,2110.88,2169.47,3505.6,True,True,True,False,0,0.0,
1134,Rev7,7,W040,PX-7500,CH-D,MID-02,Mid,0.52,90.0,2165.18,2195.07,1933.45,3461.6,True,False,True,True,1,5.06,polymer_residue
1135,Rev7,7,W040,PX-7500,CH-D,MID-03,Mid,0.52,150.0,2131.01,2172.01,1930.64,3474.5,True,True,True,True,0,0.0,
1136,Rev7,7,W040,PX-7500,CH-D,MID-04,Mid,0.52,210.0,2180.2,2060.04,2097.68,3418.6,True,True,True,True,0,0.0,
1137,Rev7,7,W040,PX-7500,CH-D,MID-05,Mid,0.52,270.0,2143.07,2158.73,2016.41,3472.5,True,True,True,True,0,0.0,
1138,Rev7,7,W040,PX-7500,CH-D,MID-06,Mid,0.52,330.0,2143.55,2144.97,2086.48,3329.6,True,True,True,True,0,0.0,
1139,Rev7,7,W040,PX-7500,CH-D,EDG-01,Edge,0.84,0.0,2184.46,2173.51,2110.85,3463.5,True,True,True,True,0,0.0,
1140,Rev7,7,W040,PX-7500,CH-D,EDG-02,Edge,0.84,32.7,2178.45,2096.27,2047.71,3380.3,True,True,True,True,0,0.0,
1141,Rev7,7,W040,PX-7500,CH-D,EDG-03,Edge,0.84,65.5,2187.09,2223.44,1985.53,3595.2,True,False,True,False,0,0.0,
1142,Rev7,7,W040,PX-7500,CH-D,EDG-04,Edge,0.84,98.2,2179.8,2177.73,2143.25,3504.0,True,True,True,False,0,0.0,
1143,Rev7,7,W040,PX-7500,CH-D,EDG-05,Edge,0.84,130.9,2189.86,2181.31,1977.89,3669.6,True,True,True,False,2,4.77,polymer_residue
1144,Rev7,7,W040,PX-7500,CH-D,EDG-06,Edge,0.84,163.6,2158.56,2207.6,2093.94,3568.1,True,False,True,False,0,0.0,
1145,Rev7,7,W040,PX-7500,CH-D,EDG-07,Edge,0.84,196.4,2137.76,2159.68,2158.27,3377.8,True,True,True,True,1,2.6,
1146,Rev7,7,W040,PX-7500,CH-D,EDG-08,Edge,0.84,229.1,2149.69,2120.8,2070.04,3397.1,True,True,True,True,1,5.02,polymer_residue
1147,Rev7,7,W040,PX-7500,CH-D,EDG-09,Edge,0.84,261.8,2167.19,2134.74,2119.1,3292.2,True,True,True,True,1,1.86,esc_temp_drift
1148,Rev7,7,W040,PX-7500,CH-D,EDG-10,Edge,0.84,294.5,2171.12,2131.01,2071.86,3240.4,True,True,True,True,0,0.0,
1149,Rev7,7,W040,PX-7500,CH-D,EDG-11,Edge,0.84,327.3,2153.44,2163.03,2037.3,3459.9,True,True,True,True,0,0.0,
1150,Rev7,7,W040,PX-7500,CH-D,EXT-01,Extreme Edge,0.96,16.4,2123.54,2156.16,2150.82,3479.7,True,True,True,True,1,6.0,arc_event
1151,Rev7,7,W040,PX-7500,CH-D,EXT-02,Extreme Edge,0.96,49.1,2219.88,2187.25,2198.14,3371.2,True,True,False,True,2,8.91,pressure_spike
1152,Rev7,7,W040,PX-7500,CH-D,EXT-03,Extreme Edge,0.96,81.8,2157.35,2166.26,2083.19,3376.6,True,True,True,True,1,6.42,endpoint_late
1153,Rev7,7,W040,PX-7500,CH-D,EXT-04,Extreme Edge,0.96,114.5,2203.67,2172.36,2120.79,3587.3,True,True,True,False,0,0.0,
1154,Rev7,7,W040,PX-7500,CH-D,EXT-05,Extreme Edge,0.96,147.3,2176.69,2174.27,2100.69,3446.6,True,True,True,True,1,4.93,
1155,Rev7,7,W040,PX-7500,CH-D,EXT-06,Extreme Edge,0.96,180.0,2180.96,2181.43,2074.62,3448.3,True,True,True,True,0,0.0,
1156,Rev7,7,W040,PX-7500,CH-D,EXT-07,Extreme Edge,0.96,212.7,2158.59,2186.88,2165.02,3461.3,True,True,True,True,0,0.0,
1157,Rev7,7,W040,PX-7500,CH-D,EXT-08,Extreme Edge,0.96,245.5,2220.74,2162.91,2051.61,3530.1,True,True,True,False,0,0.0,
1158,Rev7,7,W040,PX-7500,CH-D,EXT-09,Extreme Edge,0.96,278.2,2169.72,2136.01,2152.75,3276.6,True,True,True,True,1,4.92,polymer_residue
1159,Rev7,7,W040,PX-7500,CH-D,EXT-10,Extreme Edge,0.96,310.9,2128.09,2186.56,2017.05,3637.8,True,True,True,False,4,16.97,
1160,Rev7,7,W040,PX-7500,CH-D,EXT-11,Extreme Edge,0.96,343.6,2156.3,2121.66,2112.52,3572.3,True,True,True,False,0,0.0,
1161,Rev5,5,W041,AE-3200,CH-B,C1,Center,0.0,0.0,2160.97,2115.45,2089.95,3262.9,True,True,True,True,0,0.0,
1162,Rev5,5,W041,AE-3200,CH-B,MID-01,Mid,0.52,30.0,2080.57,2115.02,2145.02,3379.3,True,True,True,True,0,0.0,
1163,Rev5,5,W041,AE-3200,CH-B,MID-02,Mid,0.52,90.0,2112.44,2148.99,2272.03,3377.4,True,True,False,True,0,0.0,
1164,Rev5,5,W041,AE-3200,CH-B,MID-03,Mid,0.52,150.0,2162.68,2089.25,2070.2,3295.2,True,True,True,True,0,0.0,
1165,Rev5,5,W041,AE-3200,CH-B,MID-04,Mid,0.52,210.0,2157.96,2160.71,2110.52,3336.1,True,True,True,True,0,0.0,
1166,Rev5,5,W041,AE-3200,CH-B,MID-05,Mid,0.52,270.0,2142.54,2135.34,2107.69,3226.2,True,True,True,True,0,0.0,
1167,Rev5,5,W041,AE-3200,CH-B,MID-06,Mid,0.52,330.0,2146.41,2083.57,2131.95,3260.9,True,True,True,True,0,0.0,
1168,Rev5,5,W041,AE-3200,CH-B,EDG-01,Edge,0.84,0.0,2140.77,2121.01,2233.46,3446.3,True,True,False,True,0,0.0,
1169,Rev5,5,W041,AE-3200,CH-B,EDG-02,Edge,0.84,32.7,2206.34,2202.42,2201.83,3257.2,True,False,False,True,1,2.15,polymer_residue
1170,Rev5,5,W041,AE-3200,CH-B,EDG-03,Edge,0.84,65.5,2123.81,2188.21,2258.64,3302.1,True,True,False,True,2,11.06,polymer_residue
1171,Rev5,5,W041,AE-3200,CH-B,EDG-04,Edge,0.84,98.2,2152.3,2102.34,2236.63,3350.8,True,True,False,True,0,0.0,
1172,Rev5,5,W041,AE-3200,CH-B,EDG-05,Edge,0.84,130.9,2146.51,2159.32,2119.01,3257.1,True,True,True,True,0,0.0,
1173,Rev5,5,W041,AE-3200,CH-B,EDG-06,Edge,0.84,163.6,2154.31,2167.8,2126.35,3224.4,True,True,True,True,0,0.0,
1174,Rev5,5,W041,AE-3200,CH-B,EDG-07,Edge,0.84,196.4,2150.09,2112.06,2082.26,3520.4,True,True,True,False,2,9.7,pressure_spike
1175,Rev5,5,W041,AE-3200,CH-B,EDG-08,Edge,0.84,229.1,2153.86,2098.07,2102.09,3210.9,True,True,True,True,1,4.51,
1176,Rev5,5,W041,AE-3200,CH-B,EDG-09,Edge,0.84,261.8,2188.75,2185.83,2215.61,3236.1,True,True,False,True,0,0.0,
1177,Rev5,5,W041,AE-3200,CH-B,EDG-10,Edge,0.84,294.5,2182.96,2096.86,2172.12,3197.2,True,True,False,True,1,3.98,polymer_residue
1178,Rev5,5,W041,AE-3200,CH-B,EDG-11,Edge,0.84,327.3,2147.86,2137.37,2157.52,3224.3,True,True,True,True,0,0.0,
1179,Rev5,5,W041,AE-3200,CH-B,EXT-01,Extreme Edge,0.96,16.4,2145.77,2161.2,2060.22,3259.1,True,True,True,True,1,4.84,
1180,Rev5,5,W041,AE-3200,CH-B,EXT-02,Extreme Edge,0.96,49.1,2177.86,2188.21,2141.15,3550.8,True,True,True,False,0,0.0,
1181,Rev5,5,W041,AE-3200,CH-B,EXT-03,Extreme Edge,0.96,81.8,2196.58,2132.72,2217.3,3414.8,True,True,False,True,1,2.87,
1182,Rev5,5,W041,AE-3200,CH-B,EXT-04,Extreme Edge,0.96,114.5,2161.07,2188.2,2252.48,3382.1,True,True,False,True,1,2.59,
1183,Rev5,5,W041,AE-3200,CH-B,EXT-05,Extreme Edge,0.96,147.3,2157.54,2148.37,2151.1,3351.4,True,True,True,True,0,0.0,
1184,Rev5,5,W041,AE-3200,CH-B,EXT-06,Extreme Edge,0.96,180.0,2163.81,2137.82,2107.16,3368.1,True,True,True,True,1,2.66,polymer_residue
1185,Rev5,5,W041,AE-3200,CH-B,EXT-07,Extreme Edge,0.96,212.7,2222.98,2163.03,2211.95,3396.9,True,True,False,True,1,6.1,
1186,Rev5,5,W041,AE-3200,CH-B,EXT-08,Extreme Edge,0.96,245.5,2225.38,2120.49,2229.42,3193.5,False,True,False,True,1,4.03,pressure_spike
1187,Rev5,5,W041,AE-3200,CH-B,EXT-09,Extreme Edge,0.96,278.2,2211.69,2117.78,2189.88,3310.7,True,True,False,True,0,0.0,
1188,Rev5,5,W041,AE-3200,CH-B,EXT-10,Extreme Edge,0.96,310.9,2207.73,2135.68,2233.62,3419.5,True,True,False,True,3,15.07,polymer_residue
1189,Rev5,5,W041,AE-3200,CH-B,EXT-11,Extreme Edge,0.96,343.6,2164.94,2125.1,2298.49,3164.1,True,True,False,True,1,4.08,
1190,Rev5,5,W042,AE-3200,CH-B,C1,Center,0.0,0.0,2084.34,2174.27,2007.62,3087.2,True,True,True,True,0,0.0,
1191,Rev5,5,W042,AE-3200,CH-B,MID-01,Mid,0.52,30.0,2110.22,2111.2,2143.04,2888.2,True,True,True,False,0,0.0,
1192,Rev5,5,W042,AE-3200,CH-B,MID-02,Mid,0.52,90.0,2140.95,2084.46,2074.35,2970.7,True,True,True,False,0,0.0,
1193,Rev5,5,W042,AE-3200,CH-B,MID-03,Mid,0.52,150.0,2113.8,2171.81,2161.44,3033.4,True,True,True,True,0,0.0,
1194,Rev5,5,W042,AE-3200,CH-B,MID-04,Mid,0.52,210.0,2123.43,2138.93,2076.14,3121.6,True,True,True,True,0,0.0,
1195,Rev5,5,W042,AE-3200,CH-B,MID-05,Mid,0.52,270.0,2167.11,2140.85,2016.73,3026.9,True,True,True,True,0,0.0,
1196,Rev5,5,W042,AE-3200,CH-B,MID-06,Mid,0.52,330.0,2179.35,2172.17,2074.72,3143.1,True,True,True,True,0,0.0,
1197,Rev5,5,W042,AE-3200,CH-B,EDG-01,Edge,0.84,0.0,2156.09,2201.24,2008.18,3156.1,True,False,True,True,1,4.78,
1198,Rev5,5,W042,AE-3200,CH-B,EDG-02,Edge,0.84,32.7,2173.84,2171.32,2098.96,3304.4,True,True,True,True,1,3.8,polymer_residue
1199,Rev5,5,W042,AE-3200,CH-B,EDG-03,Edge,0.84,65.5,2116.5,2138.36,2131.57,3166.8,True,True,True,True,0,0.0,
1200,Rev5,5,W042,AE-3200,CH-B,EDG-04,Edge,0.84,98.2,2154.16,2163.0,2106.67,3363.9,True,True,True,True,0,0.0,
1201,Rev5,5,W042,AE-3200,CH-B,EDG-05,Edge,0.84,130.9,2147.48,2139.63,2085.66,3134.3,True,True,True,True,0,0.0,
1202,Rev5,5,W042,AE-3200,CH-B,EDG-06,Edge,0.84,163.6,2144.39,2138.27,2023.43,3159.7,True,True,True,True,0,0.0,
1203,Rev5,5,W042,AE-3200,CH-B,EDG-07,Edge,0.84,196.4,2192.1,2169.27,2105.99,3316.1,True,True,True,True,1,3.12,
1204,Rev5,5,W042,AE-3200,CH-B,EDG-08,Edge,0.84,229.1,2166.55,2167.45,2139.43,3289.5,True,True,True,True,1,3.51,
1205,Rev5,5,W042,AE-3200,CH-B,EDG-09,Edge,0.84,261.8,2191.95,2169.33,2160.5,3379.8,True,True,True,True,1,3.77,polymer_residue
1206,Rev5,5,W042,AE-3200,CH-B,EDG-10,Edge,0.84,294.5,2176.4,2112.53,2083.83,3161.3,True,True,True,True,0,0.0,
1207,Rev5,5,W042,AE-3200,CH-B,EDG-11,Edge,0.84,327.3,2133.6,2128.97,2134.64,3102.2,True,True,True,True,1,3.13,pressure_spike
1208,Rev5,5,W042,AE-3200,CH-B,EXT-01,Extreme Edge,0.96,16.4,2205.9,2157.42,2122.45,3174.9,True,True,True,True,1,3.49,
1209,Rev5,5,W042,AE-3200,CH-B,EXT-02,Extreme Edge,0.96,49.1,2205.04,2170.68,2126.81,3291.1,True,True,True,True,1,3.34,polymer_residue
1210,Rev5,5,W042,AE-3200,CH-B,EXT-03,Extreme Edge,0.96,81.8,2200.44,2182.68,2092.93,2990.3,True,True,True,False,2,12.08,
1211,Rev5,5,W042,AE-3200,CH-B,EXT-04,Extreme Edge,0.96,114.5,2173.05,2191.69,2120.43,3157.1,True,True,True,True,0,0.0,
1212,Rev5,5,W042,AE-3200,CH-B,EXT-05,Extreme Edge,0.96,147.3,2192.29,2177.83,2149.23,3291.4,True,True,True,True,0,0.0,
1213,Rev5,5,W042,AE-3200,CH-B,EXT-06,Extreme Edge,0.96,180.0,2201.0,2181.29,2168.35,3211.6,True,True,True,True,2,12.06,polymer_residue
1214,Rev5,5,W042,AE-3200,CH-B,EXT-07,Extreme Edge,0.96,212.7,2192.51,2211.84,2193.42,2965.8,True,False,False,False,0,0.0,
1215,Rev5,5,W042,AE-3200,CH-B,EXT-08,Extreme Edge,0.96,245.5,2199.74,2174.43,2210.13,3320.6,True,True,False,True,0,0.0,
1216,Rev5,5,W042,AE-3200,CH-B,EXT-09,Extreme Edge,0.96,278.2,2181.36,2121.03,2112.13,3210.3,True,True,True,True,0,0.0,
1217,Rev5,5,W042,AE-3200,CH-B,EXT-10,Extreme Edge,0.96,310.9,2185.8,2147.07,2176.31,2982.8,True,True,False,False,0,0.0,
1218,Rev5,5,W042,AE-3200,CH-B,EXT-11,Extreme Edge,0.96,343.6,2183.36,2115.42,2101.99,3291.0,True,True,True,True,0,0.0,
1219,Rev5,5,W043,AE-3200,CH-B,C1,Center,0.0,0.0,2144.21,2135.64,2054.31,3249.7,True,True,True,True,0,0.0,
1220,Rev5,5,W043,AE-3200,CH-B,MID-01,Mid,0.52,30.0,2151.9,2133.87,2114.94,3041.2,True,True,True,True,0,0.0,
1221,Rev5,5,W043,AE-3200,CH-B,MID-02,Mid,0.52,90.0,2127.4,2165.83,2186.63,3328.7,True,True,False,True,0,0.0,
1222,Rev5,5,W043,AE-3200,CH-B,MID-03,Mid,0.52,150.0,2143.28,2077.03,2053.2,3252.7,True,True,True,True,0,0.0,
1223,Rev5,5,W043,AE-3200,CH-B,MID-04,Mid,0.52,210.0,2170.22,2140.54,2146.69,3299.4,True,True,True,True,0,0.0,
1224,Rev5,5,W043,AE-3200,CH-B,MID-05,Mid,0.52,270.0,2141.74,2170.45,2033.1,3256.8,True,True,True,True,0,0.0,
1225,Rev5,5,W043,AE-3200,CH-B,MID-06,Mid,0.52,330.0,2137.27,2177.56,2222.97,3217.3,True,True,False,True,0,0.0,
1226,Rev5,5,W043,AE-3200,CH-B,EDG-01,Edge,0.84,0.0,2184.81,2186.57,2176.32,3145.9,True,True,False,True,0,0.0,
1227,Rev5,5,W043,AE-3200,CH-B,EDG-02,Edge,0.84,32.7,2174.81,2209.64,2142.69,3052.8,True,False,True,True,1,4.68,endpoint_late
1228,Rev5,5,W043,AE-3200,CH-B,EDG-03,Edge,0.84,65.5,2183.23,2147.59,2185.25,3161.9,True,True,False,True,0,0.0,
1229,Rev5,5,W043,AE-3200,CH-B,EDG-04,Edge,0.84,98.2,2211.95,2165.35,2134.32,3366.5,True,True,True,True,1,2.28,
1230,Rev5,5,W043,AE-3200,CH-B,EDG-05,Edge,0.84,130.9,2177.09,2193.26,2083.59,3102.8,True,True,True,True,1,2.89,
1231,Rev5,5,W043,AE-3200,CH-B,EDG-06,Edge,0.84,163.6,2215.35,2139.39,2060.01,3123.5,True,True,True,True,0,0.0,
1232,Rev5,5,W043,AE-3200,CH-B,EDG-07,Edge,0.84,196.4,2212.48,2160.99,2073.35,3211.7,True,True,True,True,0,0.0,
1233,Rev5,5,W043,AE-3200,CH-B,EDG-08,Edge,0.84,229.1,2162.62,2161.01,2113.75,3470.2,True,True,True,True,0,0.0,
1234,Rev5,5,W043,AE-3200,CH-B,EDG-09,Edge,0.84,261.8,2146.39,2167.71,2203.0,3181.2,True,True,False,True,0,0.0,
1235,Rev5,5,W043,AE-3200,CH-B,EDG-10,Edge,0.84,294.5,2183.89,2219.15,2149.93,3398.4,True,False,True,True,2,6.84,
1236,Rev5,5,W043,AE-3200,CH-B,EDG-11,Edge,0.84,327.3,2174.24,2131.6,2205.58,3215.7,True,True,False,True,1,5.59,
1237,Rev5,5,W043,AE-3200,CH-B,EXT-01,Extreme Edge,0.96,16.4,2191.92,2162.5,2224.67,3164.9,True,True,False,True,0,0.0,
1238,Rev5,5,W043,AE-3200,CH-B,EXT-02,Extreme Edge,0.96,49.1,2172.21,2163.92,2191.51,3091.3,True,True,False,True,1,3.43,polymer_residue
1239,Rev5,5,W043,AE-3200,CH-B,EXT-03,Extreme Edge,0.96,81.8,2193.97,2121.53,2102.12,3504.3,True,True,True,False,1,4.64,
1240,Rev5,5,W043,AE-3200,CH-B,EXT-04,Extreme Edge,0.96,114.5,2209.18,2163.84,2074.79,3339.9,True,True,True,True,0,0.0,
1241,Rev5,5,W043,AE-3200,CH-B,EXT-05,Extreme Edge,0.96,147.3,2188.66,2139.31,2177.65,3496.3,True,True,False,True,1,5.63,endpoint_late
1242,Rev5,5,W043,AE-3200,CH-B,EXT-06,Extreme Edge,0.96,180.0,2206.85,2195.17,2212.52,3262.9,True,False,False,True,0,0.0,
1243,Rev5,5,W043,AE-3200,CH-B,EXT-07,Extreme Edge,0.96,212.7,2205.68,2172.91,2089.21,3173.4,True,True,True,True,0,0.0,
1244,Rev5,5,W043,AE-3200,CH-B,EXT-08,Extreme Edge,0.96,245.5,2183.45,2105.99,2113.42,3304.4,True,True,True,True,1,1.81,
1245,Rev5,5,W043,AE-3200,CH-B,EXT-09,Extreme Edge,0.96,278.2,2210.85,2165.49,2174.3,3162.2,True,True,False,True,1,2.06,polymer_residue
1246,Rev5,5,W043,AE-3200,CH-B,EXT-10,Extreme Edge,0.96,310.9,2177.79,2181.57,2158.7,3289.1,True,True,True,True,0,0.0,
1247,Rev5,5,W043,AE-3200,CH-B,EXT-11,Extreme Edge,0.96,343.6,2182.35,2212.48,2162.01,3350.0,True,False,True,True,0,0.0,
1248,Rev7,7,W044,PX-7500,CH-D,C1,Center,0.0,0.0,2169.83,2037.89,2215.91,3283.5,True,True,False,True,0,0.0,
1249,Rev7,7,W044,PX-7500,CH-D,MID-01,Mid,0.52,30.0,2139.05,2035.6,2128.02,3450.3,True,True,True,True,0,0.0,
1250,Rev7,7,W044,PX-7500,CH-D,MID-02,Mid,0.52,90.0,2150.7,2025.69,2080.47,3174.3,True,True,True,True,0,0.0,
1251,Rev7,7,W044,PX-7500,CH-D,MID-03,Mid,0.52,150.0,2186.66,2025.29,2142.24,3335.5,True,True,True,True,0,0.0,
1252,Rev7,7,W044,PX-7500,CH-D,MID-04,Mid,0.52,210.0,2169.71,2102.63,2136.28,3314.3,True,True,True,True,0,0.0,
1253,Rev7,7,W044,PX-7500,CH-D,MID-05,Mid,0.52,270.0,2166.65,2087.38,2124.83,3304.8,True,True,True,True,0,0.0,
1254,Rev7,7,W044,PX-7500,CH-D,MID-06,Mid,0.52,330.0,2206.14,2086.51,2018.27,3267.5,True,True,True,True,1,4.16,pressure_spike
1255,Rev7,7,W044,PX-7500,CH-D,EDG-01,Edge,0.84,0.0,2207.59,2115.87,2193.16,3282.4,True,True,False,True,0,0.0,
1256,Rev7,7,W044,PX-7500,CH-D,EDG-02,Edge,0.84,32.7,2182.68,2070.74,2142.31,3212.3,True,True,True,True,1,3.11,
1257,Rev7,7,W044,PX-7500,CH-D,EDG-03,Edge,0.84,65.5,2234.51,2043.94,2111.58,3580.1,False,True,True,False,1,2.38,
1258,Rev7,7,W044,PX-7500,CH-D,EDG-04,Edge,0.84,98.2,2191.56,2074.11,2041.85,3282.4,True,True,True,True,0,0.0,
1259,Rev7,7,W044,PX-7500,CH-D,EDG-05,Edge,0.84,130.9,2195.44,2115.79,2047.94,3461.5,True,True,True,True,0,0.0,
1260,Rev7,7,W044,PX-7500,CH-D,EDG-06,Edge,0.84,163.6,2197.39,2053.51,2177.43,3421.9,True,True,False,True,1,2.63,pressure_spike
1261,Rev7,7,W044,PX-7500,CH-D,EDG-07,Edge,0.84,196.4,2201.26,2037.31,2012.83,3281.1,True,True,True,True,0,0.0,
1262,Rev7,7,W044,PX-7500,CH-D,EDG-08,Edge,0.84,229.1,2212.62,2083.68,2084.03,3265.5,True,True,True,True,1,2.65,
1263,Rev7,7,W044,PX-7500,CH-D,EDG-09,Edge,0.84,261.8,2206.14,2095.25,2063.8,3433.7,True,True,True,True,0,0.0,
1264,Rev7,7,W044,PX-7500,CH-D,EDG-10,Edge,0.84,294.5,2220.56,2080.05,2211.35,3466.2,True,True,False,True,0,0.0,
1265,Rev7,7,W044,PX-7500,CH-D,EDG-11,Edge,0.84,327.3,2227.1,2065.64,2193.01,3216.3,False,True,False,True,0,0.0,
1266,Rev7,7,W044,PX-7500,CH-D,EXT-01,Extreme Edge,0.96,16.4,2187.24,2117.12,2210.79,3488.3,True,True,False,True,1,4.61,
1267,Rev7,7,W044,PX-7500,CH-D,EXT-02,Extreme Edge,0.96,49.1,2179.07,2127.33,2107.23,3428.9,True,True,True,True,0,0.0,
1268,Rev7,7,W044,PX-7500,CH-D,EXT-03,Extreme Edge,0.96,81.8,2184.47,2084.27,2071.04,3467.2,True,True,True,True,3,8.92,
1269,Rev7,7,W044,PX-7500,CH-D,EXT-04,Extreme Edge,0.96,114.5,2205.75,2089.53,2247.07,3394.5,True,True,False,True,0,0.0,
1270,Rev7,7,W044,PX-7500,CH-D,EXT-05,Extreme Edge,0.96,147.3,2246.08,2115.45,2072.27,3599.1,False,True,True,False,1,2.02,endpoint_late
1271,Rev7,7,W044,PX-7500,CH-D,EXT-06,Extreme Edge,0.96,180.0,2201.8,2049.41,2129.62,3584.1,True,True,True,False,1,4.13,
1272,Rev7,7,W044,PX-7500,CH-D,EXT-07,Extreme Edge,0.96,212.7,2190.36,2078.16,2099.81,3455.9,True,True,True,True,1,4.35,polymer_residue
1273,Rev7,7,W044,PX-7500,CH-D,EXT-08,Extreme Edge,0.96,245.5,2196.09,2054.71,2071.94,3350.4,True,True,True,True,0,0.0,
1274,Rev7,7,W044,PX-7500,CH-D,EXT-09,Extreme Edge,0.96,278.2,2270.28,2031.11,2160.38,3222.1,False,True,True,True,0,0.0,
1275,Rev7,7,W044,PX-7500,CH-D,EXT-10,Extreme Edge,0.96,310.9,2199.39,2127.18,2132.86,3363.3,True,True,True,True,1,5.72,
1276,Rev7,7,W044,PX-7500,CH-D,EXT-11,Extreme Edge,0.96,343.6,2227.65,2087.41,2131.73,3531.2,False,True,True,False,1,5.9,polymer_residue
1277,Rev4,4,W045,AE-3200,CH-A,C1,Center,0.0,0.0,2106.02,2140.84,2054.43,3252.4,True,True,True,True,0,0.0,
1278,Rev4,4,W045,AE-3200,CH-A,MID-01,Mid,0.52,30.0,2173.11,2161.75,2086.98,2974.6,True,True,True,False,1,2.66,polymer_residue
1279,Rev4,4,W045,AE-3200,CH-A,MID-02,Mid,0.52,90.0,2122.91,2139.38,2120.37,3211.1,True,True,True,True,1,2.39,polymer_residue
1280,Rev4,4,W045,AE-3200,CH-A,MID-03,Mid,0.52,150.0,2163.73,2201.88,2048.92,3190.9,True,False,True,True,1,5.29,pressure_spike
1281,Rev4,4,W045,AE-3200,CH-A,MID-04,Mid,0.52,210.0,2126.36,2105.23,2072.07,3068.8,True,True,True,True,0,0.0,
1282,Rev4,4,W045,AE-3200,CH-A,MID-05,Mid,0.52,270.0,2193.9,2099.73,2057.54,3462.4,True,True,True,True,0,0.0,
1283,Rev4,4,W045,AE-3200,CH-A,MID-06,Mid,0.52,330.0,2137.17,2166.76,2152.16,3386.0,True,True,True,True,0,0.0,
1284,Rev4,4,W045,AE-3200,CH-A,EDG-01,Edge,0.84,0.0,2119.14,2150.05,2105.29,3431.6,True,True,True,True,1,1.86,
1285,Rev4,4,W045,AE-3200,CH-A,EDG-02,Edge,0.84,32.7,2133.19,2196.09,2114.83,3172.7,True,False,True,True,0,0.0,
1286,Rev4,4,W045,AE-3200,CH-A,EDG-03,Edge,0.84,65.5,2172.1,2158.6,2174.18,3382.8,True,True,False,True,1,3.31,
1287,Rev4,4,W045,AE-3200,CH-A,EDG-04,Edge,0.84,98.2,2184.35,2104.65,2088.38,3303.1,True,True,True,True,0,0.0,
1288,Rev4,4,W045,AE-3200,CH-A,EDG-05,Edge,0.84,130.9,2178.14,2208.68,2053.28,3336.7,True,False,True,True,0,0.0,
1289,Rev4,4,W045,AE-3200,CH-A,EDG-06,Edge,0.84,163.6,2091.94,2156.24,2117.69,3526.8,True,True,True,False,0,0.0,
1290,Rev4,4,W045,AE-3200,CH-A,EDG-07,Edge,0.84,196.4,2221.19,2135.67,2160.49,3223.7,True,True,True,True,0,0.0,
1291,Rev4,4,W045,AE-3200,CH-A,EDG-08,Edge,0.84,229.1,2157.99,2133.19,2046.75,3268.5,True,True,True,True,0,0.0,
1292,Rev4,4,W045,AE-3200,CH-A,EDG-09,Edge,0.84,261.8,2175.05,2111.86,2084.61,3315.8,True,True,True,True,1,3.93,
1293,Rev4,4,W045,AE-3200,CH-A,EDG-10,Edge,0.84,294.5,2153.62,2127.62,2202.73,3348.5,True,True,False,True,0,0.0,
1294,Rev4,4,W045,AE-3200,CH-A,EDG-11,Edge,0.84,327.3,2186.22,2229.41,2152.94,3132.6,True,False,True,True,0,0.0,
1295,Rev4,4,W045,AE-3200,CH-A,EXT-01,Extreme Edge,0.96,16.4,2161.65,2133.85,2207.21,3403.3,True,True,False,True,0,0.0,
1296,Rev4,4,W045,AE-3200,CH-A,EXT-02,Extreme Edge,0.96,49.1,2133.01,2142.56,2121.38,3411.4,True,True,True,True,1,2.88,pressure_spike
1297,Rev4,4,W045,AE-3200,CH-A,EXT-03,Extreme Edge,0.96,81.8,2181.59,2201.67,2131.94,3267.8,True,False,True,True,0,0.0,
1298,Rev4,4,W045,AE-3200,CH-A,EXT-04,Extreme Edge,0.96,114.5,2142.27,2157.32,2082.34,3476.7,True,True,True,True,0,0.0,
1299,Rev4,4,W045,AE-3200,CH-A,EXT-05,Extreme Edge,0.96,147.3,2118.13,2159.57,2006.5,3082.7,True,True,True,True,1,1.81,
1300,Rev4,4,W045,AE-3200,CH-A,EXT-06,Extreme Edge,0.96,180.0,2175.15,2136.33,2125.07,3348.8,True,True,True,True,1,4.41,
1301,Rev4,4,W045,AE-3200,CH-A,EXT-07,Extreme Edge,0.96,212.7,2189.82,2156.74,2175.58,3200.8,True,True,False,True,0,0.0,
1302,Rev4,4,W045,AE-3200,CH-A,EXT-08,Extreme Edge,0.96,245.5,2218.64,2139.79,2116.48,3243.7,True,True,True,True,0,0.0,
1303,Rev4,4,W045,AE-3200,CH-A,EXT-09,Extreme Edge,0.96,278.2,2139.04,2182.7,1982.38,3244.2,True,True,True,True,0,0.0,
1304,Rev4,4,W045,AE-3200,CH-A,EXT-10,Extreme Edge,0.96,310.9,2187.56,2170.76,2097.15,3431.7,True,True,True,True,0,0.0,
1305,Rev4,4,W045,AE-3200,CH-A,EXT-11,Extreme Edge,0.96,343.6,2207.51,2146.98,2166.19,3272.7,True,True,True,True,0,0.0,
1306,Rev7,7,W046,PX-7500,CH-D,C1,Center,0.0,0.0,2141.82,2045.44,2098.74,3306.1,True,True,True,True,0,0.0,
1307,Rev7,7,W046,PX-7500,CH-D,MID-01,Mid,0.52,30.0,2157.11,2112.49,2111.54,3498.7,True,True,True,True,0,0.0,
1308,Rev7,7,W046,PX-7500,CH-D,MID-02,Mid,0.52,90.0,2185.18,2079.12,2135.48,3520.9,True,True,True,False,0,0.0,
1309,Rev7,7,W046,PX-7500,CH-D,MID-03,Mid,0.52,150.0,2154.08,2145.07,1963.21,3356.0,True,True,True,True,0,0.0,
1310,Rev7,7,W046,PX-7500,CH-D,MID-04,Mid,0.52,210.0,2140.59,2082.57,2087.84,3540.0,True,True,True,False,0,0.0,
1311,Rev7,7,W046,PX-7500,CH-D,MID-05,Mid,0.52,270.0,2134.27,2074.86,2124.62,3254.4,True,True,True,True,0,0.0,
1312,Rev7,7,W046,PX-7500,CH-D,MID-06,Mid,0.52,330.0,2196.32,2091.8,1947.4,3454.4,True,True,True,True,0,0.0,
1313,Rev7,7,W046,PX-7500,CH-D,EDG-01,Edge,0.84,0.0,2206.73,2118.54,2100.6,3472.4,True,True,True,True,0,0.0,
1314,Rev7,7,W046,PX-7500,CH-D,EDG-02,Edge,0.84,32.7,2236.79,2189.38,2195.25,3410.8,False,True,False,True,2,4.32,pressure_spike
1315,Rev7,7,W046,PX-7500,CH-D,EDG-03,Edge,0.84,65.5,2202.23,2099.06,2106.05,3387.4,True,True,True,True,0,0.0,
1316,Rev7,7,W046,PX-7500,CH-D,EDG-04,Edge,0.84,98.2,2228.82,2130.23,2087.12,3362.9,False,True,True,True,0,0.0,
1317,Rev7,7,W046,PX-7500,CH-D,EDG-05,Edge,0.84,130.9,2211.6,2101.73,2099.52,3422.1,True,True,True,True,0,0.0,
1318,Rev7,7,W046,PX-7500,CH-D,EDG-06,Edge,0.84,163.6,2193.16,2108.33,2079.81,3427.0,True,True,True,True,0,0.0,
1319,Rev7,7,W046,PX-7500,CH-D,EDG-07,Edge,0.84,196.4,2139.0,2141.17,2028.43,3625.1,True,True,True,False,0,0.0,
1320,Rev7,7,W046,PX-7500,CH-D,EDG-08,Edge,0.84,229.1,2250.74,2115.31,2076.74,3611.7,False,True,True,False,0,0.0,
1321,Rev7,7,W046,PX-7500,CH-D,EDG-09,Edge,0.84,261.8,2176.67,2067.29,2079.69,3381.8,True,True,True,True,0,0.0,
1322,Rev7,7,W046,PX-7500,CH-D,EDG-10,Edge,0.84,294.5,2213.91,2077.35,2051.68,3632.3,True,True,True,False,0,0.0,
1323,Rev7,7,W046,PX-7500,CH-D,EDG-11,Edge,0.84,327.3,2188.81,2041.37,2150.43,3391.2,True,True,True,True,0,0.0,
1324,Rev7,7,W046,PX-7500,CH-D,EXT-01,Extreme Edge,0.96,16.4,2229.78,2120.88,2145.13,3414.0,False,True,True,True,0,0.0,
1325,Rev7,7,W046,PX-7500,CH-D,EXT-02,Extreme Edge,0.96,49.1,2187.0,2084.19,2094.66,3518.0,True,True,True,False,0,0.0,
1326,Rev7,7,W046,PX-7500,CH-D,EXT-03,Extreme Edge,0.96,81.8,2214.88,2139.56,2116.72,3715.8,True,True,True,False,0,0.0,
1327,Rev7,7,W046,PX-7500,CH-D,EXT-04,Extreme Edge,0.96,114.5,2190.67,2135.58,2169.97,3598.6,True,True,True,False,2,8.18,endpoint_late
1328,Rev7,7,W046,PX-7500,CH-D,EXT-05,Extreme Edge,0.96,147.3,2153.46,2160.46,2124.6,3568.8,True,True,True,False,1,4.1,
1329,Rev7,7,W046,PX-7500,CH-D,EXT-06,Extreme Edge,0.96,180.0,2217.65,2150.98,2052.25,3572.2,True,True,True,False,1,3.92,pressure_spike
1330,Rev7,7,W046,PX-7500,CH-D,EXT-07,Extreme Edge,0.96,212.7,2235.03,2153.97,2126.74,3522.4,False,True,True,False,0,0.0,
1331,Rev7,7,W046,PX-7500,CH-D,EXT-08,Extreme Edge,0.96,245.5,2216.2,2085.71,2191.97,3673.3,True,True,False,False,2,4.68,esc_temp_drift
1332,Rev7,7,W046,PX-7500,CH-D,EXT-09,Extreme Edge,0.96,278.2,2252.32,2098.46,2163.34,3458.0,False,True,True,True,0,0.0,
1333,Rev7,7,W046,PX-7500,CH-D,EXT-10,Extreme Edge,0.96,310.9,2220.88,2080.66,2142.3,3215.7,True,True,True,True,0,0.0,
1334,Rev7,7,W046,PX-7500,CH-D,EXT-11,Extreme Edge,0.96,343.6,2169.05,2161.23,2094.74,3546.7,True,True,True,False,0,0.0,
1335,Rev8,8,W047,AE-3200,CH-A,C1,Center,0.0,0.0,2133.21,2087.08,2063.76,3206.3,True,True,True,True,0,0.0,
1336,Rev8,8,W047,AE-3200,CH-A,MID-01,Mid,0.52,30.0,2174.15,2097.14,2047.78,3436.1,True,True,True,True,0,0.0,
1337,Rev8,8,W047,AE-3200,CH-A,MID-02,Mid,0.52,90.0,2120.19,2095.81,2064.15,3378.5,True,True,True,True,0,0.0,
1338,Rev8,8,W047,AE-3200,CH-A,MID-03,Mid,0.52,150.0,2108.16,2125.66,2027.24,3268.6,True,True,True,True,0,0.0,
1339,Rev8,8,W047,AE-3200,CH-A,MID-04,Mid,0.52,210.0,2131.49,2113.77,2124.53,3192.8,True,True,True,True,0,0.0,
1340,Rev8,8,W047,AE-3200,CH-A,MID-05,Mid,0.52,270.0,2066.56,2116.98,2083.81,3138.5,False,True,True,True,1,4.99,pressure_spike
1341,Rev8,8,W047,AE-3200,CH-A,MID-06,Mid,0.52,330.0,2136.2,2115.5,2110.08,3409.5,True,True,True,True,0,0.0,
1342,Rev8,8,W047,AE-3200,CH-A,EDG-01,Edge,0.84,0.0,2156.24,2073.93,2165.83,3280.4,True,True,True,True,0,0.0,
1343,Rev8,8,W047,AE-3200,CH-A,EDG-02,Edge,0.84,32.7,2191.18,2167.45,2084.1,3213.9,True,True,True,True,1,4.23,polymer_residue
1344,Rev8,8,W047,AE-3200,CH-A,EDG-03,Edge,0.84,65.5,2170.65,2134.76,2052.58,3187.0,True,True,True,True,2,7.68,polymer_residue
1345,Rev8,8,W047,AE-3200,CH-A,EDG-04,Edge,0.84,98.2,2195.74,2115.59,2096.92,3269.8,True,True,True,True,1,6.0,
1346,Rev8,8,W047,AE-3200,CH-A,EDG-05,Edge,0.84,130.9,2143.32,2098.44,2070.68,3455.1,True,True,True,True,0,0.0,
1347,Rev8,8,W047,AE-3200,CH-A,EDG-06,Edge,0.84,163.6,2141.72,2022.13,2070.19,3042.9,True,True,True,True,1,4.26,
1348,Rev8,8,W047,AE-3200,CH-A,EDG-07,Edge,0.84,196.4,2197.76,2077.64,2124.22,3474.5,True,True,True,True,0,0.0,
1349,Rev8,8,W047,AE-3200,CH-A,EDG-08,Edge,0.84,229.1,2150.61,2135.51,2146.61,3471.3,True,True,True,True,0,0.0,
1350,Rev8,8,W047,AE-3200,CH-A,EDG-09,Edge,0.84,261.8,2185.09,2179.71,2047.11,3297.1,True,True,True,True,0,0.0,
1351,Rev8,8,W047,AE-3200,CH-A,EDG-10,Edge,0.84,294.5,2119.64,2141.37,1979.03,3367.2,True,True,True,True,1,2.16,
1352,Rev8,8,W047,AE-3200,CH-A,EDG-11,Edge,0.84,327.3,2146.07,2087.92,2007.24,3260.6,True,True,True,True,0,0.0,
1353,Rev8,8,W047,AE-3200,CH-A,EXT-01,Extreme Edge,0.96,16.4,2146.52,2096.18,2213.38,3340.4,True,True,False,True,0,0.0,
1354,Rev8,8,W047,AE-3200,CH-A,EXT-02,Extreme Edge,0.96,49.1,2169.46,2133.84,2104.96,3319.0,True,True,True,True,0,0.0,
1355,Rev8,8,W047,AE-3200,CH-A,EXT-03,Extreme Edge,0.96,81.8,2178.35,2200.41,2089.33,3520.1,True,False,True,False,1,2.26,polymer_residue
1356,Rev8,8,W047,AE-3200,CH-A,EXT-04,Extreme Edge,0.96,114.5,2146.35,2144.61,2185.18,3358.6,True,True,False,True,0,0.0,
1357,Rev8,8,W047,AE-3200,CH-A,EXT-05,Extreme Edge,0.96,147.3,2179.17,2138.29,2110.32,3183.6,True,True,True,True,2,6.45,polymer_residue
1358,Rev8,8,W047,AE-3200,CH-A,EXT-06,Extreme Edge,0.96,180.0,2116.37,2079.73,2173.16,3348.9,True,True,False,True,0,0.0,
1359,Rev8,8,W047,AE-3200,CH-A,EXT-07,Extreme Edge,0.96,212.7,2167.41,2095.31,2085.97,3547.4,True,True,True,False,0,0.0,
1360,Rev8,8,W047,AE-3200,CH-A,EXT-08,Extreme Edge,0.96,245.5,2144.51,2165.61,2131.47,3164.2,True,True,True,True,0,0.0,
1361,Rev8,8,W047,AE-3200,CH-A,EXT-09,Extreme Edge,0.96,278.2,2174.11,2155.66,2081.51,3175.1,True,True,True,True,2,7.09,
1362,Rev8,8,W047,AE-3200,CH-A,EXT-10,Extreme Edge,0.96,310.9,2183.32,2165.0,2053.05,3012.9,True,True,True,True,1,2.26,
1363,Rev8,8,W047,AE-3200,CH-A,EXT-11,Extreme Edge,0.96,343.6,2121.46,2147.43,1984.17,3411.0,True,True,True,True,0,0.0,
1364,Rev4,4,W048,AE-3200,CH-A,C1,Center,0.0,0.0,2106.7,2099.03,1954.2,3210.9,True,True,True,True,0,0.0,
1365,Rev4,4,W048,AE-3200,CH-A,MID-01,Mid,0.52,30.0,2157.14,2093.21,2056.01,3230.1,True,True,True,True,1,2.59,polymer_residue
1366,Rev4,4,W048,AE-3200,CH-A,MID-02,Mid,0.52,90.0,2122.9,2099.49,1956.7,3350.0,True,True,True,True,0,0.0,
1367,Rev4,4,W048,AE-3200,CH-A,MID-03,Mid,0.52,150.0,2150.09,2099.34,2094.57,3145.1,True,True,True,True,1,3.82,
1368,Rev4,4,W048,AE-3200,CH-A,MID-04,Mid,0.52,210.0,2122.15,2057.97,2065.41,3210.5,True,True,True,True,0,0.0,
1369,Rev4,4,W048,AE-3200,CH-A,MID-05,Mid,0.52,270.0,2190.3,2148.04,1984.07,3015.6,True,True,True,True,0,0.0,
1370,Rev4,4,W048,AE-3200,CH-A,MID-06,Mid,0.52,330.0,2150.24,2060.86,2071.74,3274.4,True,True,True,True,1,6.29,
1371,Rev4,4,W048,AE-3200,CH-A,EDG-01,Edge,0.84,0.0,2187.29,2115.59,2152.22,3242.9,True,True,True,True,1,6.47,esc_temp_drift
1372,Rev4,4,W048,AE-3200,CH-A,EDG-02,Edge,0.84,32.7,2129.57,2063.06,2041.98,3209.6,True,True,True,True,0,0.0,
1373,Rev4,4,W048,AE-3200,CH-A,EDG-03,Edge,0.84,65.5,2192.32,2113.44,2016.73,3518.9,True,True,True,False,0,0.0,
1374,Rev4,4,W048,AE-3200,CH-A,EDG-04,Edge,0.84,98.2,2155.29,2148.99,2120.51,3299.3,True,True,True,True,1,3.93,
1375,Rev4,4,W048,AE-3200,CH-A,EDG-05,Edge,0.84,130.9,2140.47,2141.44,2097.73,3278.5,True,True,True,True,1,3.0,
1376,Rev4,4,W048,AE-3200,CH-A,EDG-06,Edge,0.84,163.6,2170.89,2109.4,2202.85,3267.3,True,True,False,True,0,0.0,
1377,Rev4,4,W048,AE-3200,CH-A,EDG-07,Edge,0.84,196.4,2153.44,2091.55,2113.06,3237.5,True,True,True,True,1,4.68,
1378,Rev4,4,W048,AE-3200,CH-A,EDG-08,Edge,0.84,229.1,2139.51,2080.52,2048.47,3167.7,True,True,True,True,1,6.24,
1379,Rev4,4,W048,AE-3200,CH-A,EDG-09,Edge,0.84,261.8,2163.14,2146.0,2113.59,3262.6,True,True,True,True,1,5.31,polymer_residue
1380,Rev4,4,W048,AE-3200,CH-A,EDG-10,Edge,0.84,294.5,2139.03,2161.98,2127.16,3442.2,True,True,True,True,2,7.79,
1381,Rev4,4,W048,AE-3200,CH-A,EDG-11,Edge,0.84,327.3,2185.04,2165.23,2118.51,3183.0,True,True,True,True,0,0.0,
1382,Rev4,4,W048,AE-3200,CH-A,EXT-01,Extreme Edge,0.96,16.4,2202.13,2184.84,2114.25,3015.0,True,True,True,True,1,3.21,
1383,Rev4,4,W048,AE-3200,CH-A,EXT-02,Extreme Edge,0.96,49.1,2146.4,2100.2,2229.12,3542.8,True,True,False,False,1,6.28,
1384,Rev4,4,W048,AE-3200,CH-A,EXT-03,Extreme Edge,0.96,81.8,2170.56,2176.97,2135.07,3273.5,True,True,True,True,0,0.0,
1385,Rev4,4,W048,AE-3200,CH-A,EXT-04,Extreme Edge,0.96,114.5,2172.07,2107.85,2029.96,3459.3,True,True,True,True,1,5.18,esc_temp_drift
1386,Rev4,4,W048,AE-3200,CH-A,EXT-05,Extreme Edge,0.96,147.3,2171.36,2171.08,2180.85,3177.7,True,True,False,True,0,0.0,
1387,Rev4,4,W048,AE-3200,CH-A,EXT-06,Extreme Edge,0.96,180.0,2181.92,2145.59,2066.23,3348.7,True,True,True,True,1,3.64,esc_temp_drift
1388,Rev4,4,W048,AE-3200,CH-A,EXT-07,Extreme Edge,0.96,212.7,2205.72,2162.61,2132.91,3362.7,True,True,True,True,1,1.98,polymer_residue
1389,Rev4,4,W048,AE-3200,CH-A,EXT-08,Extreme Edge,0.96,245.5,2176.67,2177.93,2087.32,3261.9,True,True,True,True,0,0.0,
1390,Rev4,4,W048,AE-3200,CH-A,EXT-09,Extreme Edge,0.96,278.2,2160.07,2125.08,1983.69,3289.1,True,True,True,True,1,5.34,
1391,Rev4,4,W048,AE-3200,CH-A,EXT-10,Extreme Edge,0.96,310.9,2189.84,2178.67,2116.11,3452.3,True,True,True,True,0,0.0,
1392,Rev4,4,W048,AE-3200,CH-A,EXT-11,Extreme Edge,0.96,343.6,2217.97,2192.26,2184.39,3292.1,True,True,False,True,1,5.8,endpoint_late
1393,Base,0,W049,AE-3200,CH-A,C1,Center,0.0,0.0,2178.3,2064.59,1915.11,3182.1,True,True,True,True,0,0.0,
1394,Base,0,W049,AE-3200,CH-A,MID-01,Mid,0.52,30.0,2144.16,2126.91,2024.32,3123.9,True,True,True,True,0,0.0,
1395,Base,0,W049,AE-3200,CH-A,MID-02,Mid,0.52,90.0,2151.78,2114.79,1951.28,3384.9,True,True,True,True,0,0.0,
1396,Base,0,W049,AE-3200,CH-A,MID-03,Mid,0.52,150.0,2138.39,2083.43,1919.89,3459.7,True,True,True,True,0,0.0,
1397,Base,0,W049,AE-3200,CH-A,MID-04,Mid,0.52,210.0,2134.56,2156.68,1899.86,3163.1,True,True,False,True,0,0.0,
1398,Base,0,W049,AE-3200,CH-A,MID-05,Mid,0.52,270.0,2182.06,2090.11,1974.37,3501.8,True,True,True,False,0,0.0,
1399,Base,0,W049,AE-3200,CH-A,MID-06,Mid,0.52,330.0,2118.2,2095.82,2053.47,3331.7,True,True,True,True,0,0.0,
1400,Base,0,W049,AE-3200,CH-A,EDG-01,Edge,0.84,0.0,2200.38,2100.04,1942.99,3251.1,True,True,True,True,0,0.0,
1401,Base,0,W049,AE-3200,CH-A,EDG-02,Edge,0.84,32.7,2191.98,2175.33,1957.63,3459.5,True,True,True,True,0,0.0,
1402,Base,0,W049,AE-3200,CH-A,EDG-03,Edge,0.84,65.5,2142.17,2145.67,2052.4,3368.3,True,True,True,True,0,0.0,
1403,Base,0,W049,AE-3200,CH-A,EDG-04,Edge,0.84,98.2,2152.41,2124.57,2049.75,3605.3,True,True,True,False,1,6.19,
1404,Base,0,W049,AE-3200,CH-A,EDG-05,Edge,0.84,130.9,2180.47,2173.09,1990.89,3401.9,True,True,True,True,1,6.35,polymer_residue
1405,Base,0,W049,AE-3200,CH-A,EDG-06,Edge,0.84,163.6,2193.6,2125.85,2054.45,3425.9,True,True,True,True,0,0.0,
1406,Base,0,W049,AE-3200,CH-A,EDG-07,Edge,0.84,196.4,2201.96,2141.56,2024.64,3384.8,True,True,True,True,1,3.52,
1407,Base,0,W049,AE-3200,CH-A,EDG-08,Edge,0.84,229.1,2175.96,2132.7,2009.51,3574.8,True,True,True,False,0,0.0,
1408,Base,0,W049,AE-3200,CH-A,EDG-09,Edge,0.84,261.8,2195.35,2136.77,2093.02,3398.1,True,True,True,True,1,5.81,
1409,Base,0,W049,AE-3200,CH-A,EDG-10,Edge,0.84,294.5,2180.1,2204.44,1969.72,3696.2,True,False,True,False,0,0.0,
1410,Base,0,W049,AE-3200,CH-A,EDG-11,Edge,0.84,327.3,2164.11,2073.61,1990.65,3494.4,True,True,True,True,0,0.0,
1411,Base,0,W049,AE-3200,CH-A,EXT-01,Extreme Edge,0.96,16.4,2223.93,2151.24,2074.06,3533.9,True,True,True,False,1,1.94,
1412,Base,0,W049,AE-3200,CH-A,EXT-02,Extreme Edge,0.96,49.1,2164.21,2135.27,1981.63,3502.5,True,True,True,False,0,0.0,
1413,Base,0,W049,AE-3200,CH-A,EXT-03,Extreme Edge,0.96,81.8,2237.95,2136.26,2110.77,3417.9,False,True,True,True,1,5.78,
1414,Base,0,W049,AE-3200,CH-A,EXT-04,Extreme Edge,0.96,114.5,2219.42,2161.82,1948.42,3517.1,True,True,True,False,3,9.33,
1415,Base,0,W049,AE-3200,CH-A,EXT-05,Extreme Edge,0.96,147.3,2199.38,2193.33,2107.47,3341.7,True,True,True,True,0,0.0,
1416,Base,0,W049,AE-3200,CH-A,EXT-06,Extreme Edge,0.96,180.0,2201.12,2163.12,2100.96,3504.9,True,True,True,False,1,5.25,
1417,Base,0,W049,AE-3200,CH-A,EXT-07,Extreme Edge,0.96,212.7,2207.68,2174.41,2038.08,3573.7,True,True,True,False,0,0.0,
1418,Base,0,W049,AE-3200,CH-A,EXT-08,Extreme Edge,0.96,245.5,2186.66,2129.03,2058.29,3220.0,True,True,True,True,0,0.0,
1419,Base,0,W049,AE-3200,CH-A,EXT-09,Extreme Edge,0.96,278.2,2128.42,2151.48,2054.84,3439.6,True,True,True,True,0,0.0,
1420,Base,0,W049,AE-3200,CH-A,EXT-10,Extreme Edge,0.96,310.9,2211.3,2112.55,2073.84,3515.5,True,True,True,False,0,0.0,
1421,Base,0,W049,AE-3200,CH-A,EXT-11,Extreme Edge,0.96,343.6,2212.62,2135.02,2018.97,3209.9,True,True,True,True,0,0.0,
1422,Rev11,11,W050,PX-7500,CH-D,C1,Center,0.0,0.0,2204.72,2124.65,2057.03,3006.0,True,True,True,True,0,0.0,
1423,Rev11,11,W050,PX-7500,CH-D,MID-01,Mid,0.52,30.0,2246.63,2151.42,1852.71,3222.3,False,True,False,True,0,0.0,
1424,Rev11,11,W050,PX-7500,CH-D,MID-02,Mid,0.52,90.0,2273.53,2099.52,1968.82,2792.4,False,True,True,False,0,0.0,
1425,Rev11,11,W050,PX-7500,CH-D,MID-03,Mid,0.52,150.0,2255.15,2144.09,1938.61,2969.8,False,True,True,False,0,0.0,
1426,Rev11,11,W050,PX-7500,CH-D,MID-04,Mid,0.52,210.0,2190.32,2121.98,2020.41,3204.3,True,True,True,True,0,0.0,
1427,Rev11,11,W050,PX-7500,CH-D,MID-05,Mid,0.52,270.0,2214.77,2142.81,2024.76,2852.5,True,True,True,False,1,3.25,polymer_residue
1428,Rev11,11,W050,PX-7500,CH-D,MID-06,Mid,0.52,330.0,2236.63,2101.14,2067.04,3273.3,False,True,True,True,0,0.0,
1429,Rev11,11,W050,PX-7500,CH-D,EDG-01,Edge,0.84,0.0,2287.09,2195.71,2086.08,3105.3,False,False,True,True,2,7.21,polymer_residue
1430,Rev11,11,W050,PX-7500,CH-D,EDG-02,Edge,0.84,32.7,2266.15,2144.5,1910.08,3020.6,False,True,True,True,1,6.4,arc_event
1431,Rev11,11,W050,PX-7500,CH-D,EDG-03,Edge,0.84,65.5,2267.53,2152.54,1900.14,2882.9,False,True,True,False,0,0.0,
1432,Rev11,11,W050,PX-7500,CH-D,EDG-04,Edge,0.84,98.2,2209.94,2158.99,1976.03,3260.1,True,True,True,True,0,0.0,
1433,Rev11,11,W050,PX-7500,CH-D,EDG-05,Edge,0.84,130.9,2202.38,2173.83,1912.5,2998.0,True,True,True,False,0,0.0,
1434,Rev11,11,W050,PX-7500,CH-D,EDG-06,Edge,0.84,163.6,2240.16,2165.1,2030.25,3226.1,False,True,True,True,0,0.0,
1435,Rev11,11,W050,PX-7500,CH-D,EDG-07,Edge,0.84,196.4,2260.31,2153.28,2013.34,3172.7,False,True,True,True,0,0.0,
1436,Rev11,11,W050,PX-7500,CH-D,EDG-08,Edge,0.84,229.1,2200.15,2112.31,1872.96,3146.1,True,True,False,True,0,0.0,
1437,Rev11,11,W050,PX-7500,CH-D,EDG-09,Edge,0.84,261.8,2241.22,2114.38,2022.68,3149.3,False,True,True,True,0,0.0,
1438,Rev11,11,W050,PX-7500,CH-D,EDG-10,Edge,0.84,294.5,2265.07,2144.96,1996.8,3444.7,False,True,True,True,1,4.55,
1439,Rev11,11,W050,PX-7500,CH-D,EDG-11,Edge,0.84,327.3,2251.3,2125.15,1972.93,3244.7,False,True,True,True,0,0.0,
1440,Rev11,11,W050,PX-7500,CH-D,EXT-01,Extreme Edge,0.96,16.4,2217.14,2098.75,1951.72,3318.3,True,True,True,True,1,4.83,arc_event
1441,Rev11,11,W050,PX-7500,CH-D,EXT-02,Extreme Edge,0.96,49.1,2229.65,2183.72,2128.11,3029.6,False,True,True,True,0,0.0,
1442,Rev11,11,W050,PX-7500,CH-D,EXT-03,Extreme Edge,0.96,81.8,2230.1,2197.86,1998.23,3305.5,False,False,True,True,1,2.12,arc_event
1443,Rev11,11,W050,PX-7500,CH-D,EXT-04,Extreme Edge,0.96,114.5,2252.48,2129.6,2005.27,3433.6,False,True,True,True,0,0.0,
1444,Rev11,11,W050,PX-7500,CH-D,EXT-05,Extreme Edge,0.96,147.3,2249.19,2191.33,2004.59,3166.2,False,True,True,True,0,0.0,
1445,Rev11,11,W050,PX-7500,CH-D,EXT-06,Extreme Edge,0.96,180.0,2290.02,2137.35,2064.99,3041.7,False,True,True,True,2,4.77,
1446,Rev11,11,W050,PX-7500,CH-D,EXT-07,Extreme Edge,0.96,212.7,2256.61,2159.54,2072.87,3228.6,False,True,True,True,0,0.0,
1447,Rev11,11,W050,PX-7500,CH-D,EXT-08,Extreme Edge,0.96,245.5,2281.78,2121.54,2103.61,3146.2,False,True,True,True,2,11.82,
1448,Rev11,11,W050,PX-7500,CH-D,EXT-09,Extreme Edge,0.96,278.2,2227.96,2153.2,1897.35,3288.5,False,True,False,True,1,2.26,polymer_residue
1449,Rev11,11,W050,PX-7500,CH-D,EXT-10,Extreme Edge,0.96,310.9,2309.84,2145.1,2094.83,3332.6,False,True,True,True,0,0.0,
1450,Rev11,11,W050,PX-7500,CH-D,EXT-11,Extreme Edge,0.96,343.6,2249.63,2157.08,2018.19,3397.2,False,True,True,True,1,3.68,pressure_spike
1451,Rev3,3,W051,PX-7500,CH-D,C1,Center,0.0,0.0,2122.73,2116.31,2124.15,3313.8,True,True,True,True,0,0.0,
1452,Rev3,3,W051,PX-7500,CH-D,MID-01,Mid,0.52,30.0,2162.79,2102.98,2120.28,3213.4,True,True,True,True,0,0.0,
1453,Rev3,3,W051,PX-7500,CH-D,MID-02,Mid,0.52,90.0,2184.77,2128.06,1934.03,3345.1,True,True,True,True,0,0.0,
1454,Rev3,3,W051,PX-7500,CH-D,MID-03,Mid,0.52,150.0,2140.75,2088.19,1981.23,3406.8,True,True,True,True,0,0.0,
1455,Rev3,3,W051,PX-7500,CH-D,MID-04,Mid,0.52,210.0,2166.81,2169.37,2013.71,3288.6,True,True,True,True,0,0.0,
1456,Rev3,3,W051,PX-7500,CH-D,MID-05,Mid,0.52,270.0,2182.56,2113.87,2000.34,3213.8,True,True,True,True,0,0.0,
1457,Rev3,3,W051,PX-7500,CH-D,MID-06,Mid,0.52,330.0,2199.6,2069.46,2139.77,3229.9,True,True,True,True,0,0.0,
1458,Rev3,3,W051,PX-7500,CH-D,EDG-01,Edge,0.84,0.0,2172.86,2094.09,2001.44,3224.1,True,True,True,True,0,0.0,
1459,Rev3,3,W051,PX-7500,CH-D,EDG-02,Edge,0.84,32.7,2138.04,2096.65,2006.01,3373.9,True,True,True,True,0,0.0,
1460,Rev3,3,W051,PX-7500,CH-D,EDG-03,Edge,0.84,65.5,2164.3,2147.28,2052.17,3312.5,True,True,True,True,1,2.05,pressure_spike
1461,Rev3,3,W051,PX-7500,CH-D,EDG-04,Edge,0.84,98.2,2172.0,2116.27,2111.04,3270.3,True,True,True,True,0,0.0,
1462,Rev3,3,W051,PX-7500,CH-D,EDG-05,Edge,0.84,130.9,2185.88,2084.34,2175.67,3245.4,True,True,False,True,0,0.0,
1463,Rev3,3,W051,PX-7500,CH-D,EDG-06,Edge,0.84,163.6,2146.56,2117.95,2111.85,3069.2,True,True,True,True,0,0.0,
1464,Rev3,3,W051,PX-7500,CH-D,EDG-07,Edge,0.84,196.4,2194.54,2180.22,2145.42,3157.6,True,True,True,True,0,0.0,
1465,Rev3,3,W051,PX-7500,CH-D,EDG-08,Edge,0.84,229.1,2214.3,2156.36,2069.23,3037.5,True,True,True,True,0,0.0,
1466,Rev3,3,W051,PX-7500,CH-D,EDG-09,Edge,0.84,261.8,2215.61,2107.21,2066.69,3372.4,True,True,True,True,1,6.18,
1467,Rev3,3,W051,PX-7500,CH-D,EDG-10,Edge,0.84,294.5,2146.27,2081.7,2112.9,3105.6,True,True,True,True,1,2.26,
1468,Rev3,3,W051,PX-7500,CH-D,EDG-11,Edge,0.84,327.3,2186.35,2112.69,2124.68,3061.4,True,True,True,True,0,0.0,
1469,Rev3,3,W051,PX-7500,CH-D,EXT-01,Extreme Edge,0.96,16.4,2195.07,2142.3,2063.57,3089.6,True,True,True,True,1,3.68,polymer_residue
1470,Rev3,3,W051,PX-7500,CH-D,EXT-02,Extreme Edge,0.96,49.1,2242.82,2110.47,2071.93,3272.7,False,True,True,True,2,5.67,
1471,Rev3,3,W051,PX-7500,CH-D,EXT-03,Extreme Edge,0.96,81.8,2181.6,2174.91,2048.56,3429.8,True,True,True,True,0,0.0,
1472,Rev3,3,W051,PX-7500,CH-D,EXT-04,Extreme Edge,0.96,114.5,2231.04,2145.35,1995.87,3232.7,False,True,True,True,0,0.0,
1473,Rev3,3,W051,PX-7500,CH-D,EXT-05,Extreme Edge,0.96,147.3,2204.54,2118.33,2082.72,3321.9,True,True,True,True,0,0.0,
1474,Rev3,3,W051,PX-7500,CH-D,EXT-06,Extreme Edge,0.96,180.0,2167.84,2106.4,2135.64,3350.7,True,True,True,True,0,0.0,
1475,Rev3,3,W051,PX-7500,CH-D,EXT-07,Extreme Edge,0.96,212.7,2229.99,2166.78,2090.05,3276.6,False,True,True,True,1,3.12,arc_event
1476,Rev3,3,W051,PX-7500,CH-D,EXT-08,Extreme Edge,0.96,245.5,2224.58,2166.55,2082.52,3195.0,True,True,True,True,0,0.0,
1477,Rev3,3,W051,PX-7500,CH-D,EXT-09,Extreme Edge,0.96,278.2,2209.7,2127.56,2132.69,3150.2,True,True,True,True,0,0.0,
1478,Rev3,3,W051,PX-7500,CH-D,EXT-10,Extreme Edge,0.96,310.9,2223.86,2046.66,2098.4,3252.3,True,True,True,True,0,0.0,
1479,Rev3,3,W051,PX-7500,CH-D,EXT-11,Extreme Edge,0.96,343.6,2203.84,2127.36,2057.34,3062.1,True,True,True,True,1,3.42,
1480,Rev11,11,W052,PX-7500,CH-D,C1,Center,0.0,0.0,2177.04,2173.92,1931.57,3165.0,True,True,True,True,0,0.0,
1481,Rev11,11,W052,PX-7500,CH-D,MID-01,Mid,0.52,30.0,2219.98,2165.77,2032.66,3351.8,True,True,True,True,0,0.0,
1482,Rev11,11,W052,PX-7500,CH-D,MID-02,Mid,0.52,90.0,2218.77,2155.41,1869.02,3202.6,True,True,False,True,0,0.0,
1483,Rev11,11,W052,PX-7500,CH-D,MID-03,Mid,0.52,150.0,2192.22,2225.06,1922.01,3328.4,True,False,True,True,0,0.0,
1484,Rev11,11,W052,PX-7500,CH-D,MID-04,Mid,0.52,210.0,2176.67,2186.46,1922.8,3337.9,True,True,True,True,0,0.0,
1485,Rev11,11,W052,PX-7500,CH-D,MID-05,Mid,0.52,270.0,2207.64,2192.02,1846.9,3352.3,True,True,False,True,1,5.31,polymer_residue
1486,Rev11,11,W052,PX-7500,CH-D,MID-06,Mid,0.52,330.0,2180.61,2184.52,1940.55,3487.8,True,True,True,True,0,0.0,
1487,Rev11,11,W052,PX-7500,CH-D,EDG-01,Edge,0.84,0.0,2283.89,2165.5,1917.12,3279.2,False,True,True,True,0,0.0,
1488,Rev11,11,W052,PX-7500,CH-D,EDG-02,Edge,0.84,32.7,2237.28,2189.16,1914.01,3177.8,False,True,True,True,2,11.18,esc_temp_drift
1489,Rev11,11,W052,PX-7500,CH-D,EDG-03,Edge,0.84,65.5,2256.11,2199.5,1933.53,3350.0,False,False,True,True,3,10.74,
1490,Rev11,11,W052,PX-7500,CH-D,EDG-04,Edge,0.84,98.2,2298.93,2163.61,1955.11,3324.9,False,True,True,True,0,0.0,
1491,Rev11,11,W052,PX-7500,CH-D,EDG-05,Edge,0.84,130.9,2217.3,2176.95,1960.79,3297.0,True,True,True,True,1,4.25,pressure_spike
1492,Rev11,11,W052,PX-7500,CH-D,EDG-06,Edge,0.84,163.6,2256.83,2162.4,2063.5,3433.5,False,True,True,True,2,5.75,
1493,Rev11,11,W052,PX-7500,CH-D,EDG-07,Edge,0.84,196.4,2265.22,2161.61,2079.19,3362.2,False,True,True,True,0,0.0,
1494,Rev11,11,W052,PX-7500,CH-D,EDG-08,Edge,0.84,229.1,2239.83,2153.29,1965.04,3238.4,False,True,True,True,1,2.44,polymer_residue
1495,Rev11,11,W052,PX-7500,CH-D,EDG-09,Edge,0.84,261.8,2241.1,2173.45,2012.6,2989.7,False,True,True,False,0,0.0,
1496,Rev11,11,W052,PX-7500,CH-D,EDG-10,Edge,0.84,294.5,2289.78,2203.2,2041.82,3463.8,False,False,True,True,0,0.0,
1497,Rev11,11,W052,PX-7500,CH-D,EDG-11,Edge,0.84,327.3,2250.17,2157.71,2031.1,3339.5,False,True,True,True,1,3.65,arc_event
1498,Rev11,11,W052,PX-7500,CH-D,EXT-01,Extreme Edge,0.96,16.4,2259.09,2273.71,2108.42,3191.0,False,False,True,True,2,9.89,polymer_residue
1499,Rev11,11,W052,PX-7500,CH-D,EXT-02,Extreme Edge,0.96,49.1,2267.89,2220.48,1917.75,3263.1,False,False,True,True,0,0.0,
1500,Rev11,11,W052,PX-7500,CH-D,EXT-03,Extreme Edge,0.96,81.8,2239.16,2210.48,1956.86,3165.6,False,False,True,True,0,0.0,
1501,Rev11,11,W052,PX-7500,CH-D,EXT-04,Extreme Edge,0.96,114.5,2266.24,2224.74,1959.31,3237.8,False,False,True,True,2,4.23,
1502,Rev11,11,W052,PX-7500,CH-D,EXT-05,Extreme Edge,0.96,147.3,2283.44,2227.78,2059.73,3131.8,False,False,True,True,3,16.91,esc_temp_drift
1503,Rev11,11,W052,PX-7500,CH-D,EXT-06,Extreme Edge,0.96,180.0,2236.38,2216.74,2025.21,3423.5,False,False,True,True,0,0.0,
1504,Rev11,11,W052,PX-7500,CH-D,EXT-07,Extreme Edge,0.96,212.7,2298.58,2246.03,1973.66,3379.1,False,False,True,True,0,0.0,
1505,Rev11,11,W052,PX-7500,CH-D,EXT-08,Extreme Edge,0.96,245.5,2349.2,2171.51,2054.47,3553.9,False,True,True,False,1,4.04,
1506,Rev11,11,W052,PX-7500,CH-D,EXT-09,Extreme Edge,0.96,278.2,2248.09,2148.63,1935.47,3508.7,False,True,True,False,1,6.24,polymer_residue
1507,Rev11,11,W052,PX-7500,CH-D,EXT-10,Extreme Edge,0.96,310.9,2243.16,2165.64,2008.77,3268.4,False,True,True,True,0,0.0,
1508,Rev11,11,W052,PX-7500,CH-D,EXT-11,Extreme Edge,0.96,343.6,2230.37,2252.47,1978.84,3131.9,False,False,True,True,0,0.0,
1509,Rev1,1,W053,AE-3200,CH-B,C1,Center,0.0,0.0,2161.67,2045.69,1970.27,3336.2,True,True,True,True,0,0.0,
1510,Rev1,1,W053,AE-3200,CH-B,MID-01,Mid,0.52,30.0,2218.29,2076.11,2135.39,3410.1,True,True,True,True,0,0.0,
1511,Rev1,1,W053,AE-3200,CH-B,MID-02,Mid,0.52,90.0,2225.04,2105.3,2037.05,3219.9,False,True,True,True,0,0.0,
1512,Rev1,1,W053,AE-3200,CH-B,MID-03,Mid,0.52,150.0,2198.02,2084.64,2078.3,3351.8,True,True,True,True,0,0.0,
1513,Rev1,1,W053,AE-3200,CH-B,MID-04,Mid,0.52,210.0,2184.91,2054.97,2020.19,3297.0,True,True,True,True,0,0.0,
1514,Rev1,1,W053,AE-3200,CH-B,MID-05,Mid,0.52,270.0,2182.25,2096.71,2073.43,3062.9,True,True,True,True,0,0.0,
1515,Rev1,1,W053,AE-3200,CH-B,MID-06,Mid,0.52,330.0,2147.76,2089.76,2126.42,3401.4,True,True,True,True,0,0.0,
1516,Rev1,1,W053,AE-3200,CH-B,EDG-01,Edge,0.84,0.0,2238.0,2113.33,2106.89,3537.6,False,True,True,False,1,4.89,
1517,Rev1,1,W053,AE-3200,CH-B,EDG-02,Edge,0.84,32.7,2242.14,2122.72,2035.87,3515.0,False,True,True,False,0,0.0,
1518,Rev1,1,W053,AE-3200,CH-B,EDG-03,Edge,0.84,65.5,2197.75,2143.89,1980.15,3589.3,True,True,True,False,0,0.0,
1519,Rev1,1,W053,AE-3200,CH-B,EDG-04,Edge,0.84,98.2,2248.9,2107.62,2057.19,3350.4,False,True,True,True,0,0.0,
1520,Rev1,1,W053,AE-3200,CH-B,EDG-05,Edge,0.84,130.9,2203.28,2104.7,2059.45,3454.9,True,True,True,True,0,0.0,
1521,Rev1,1,W053,AE-3200,CH-B,EDG-06,Edge,0.84,163.6,2215.05,2151.34,2010.75,3430.2,True,True,True,True,0,0.0,
1522,Rev1,1,W053,AE-3200,CH-B,EDG-07,Edge,0.84,196.4,2192.75,2148.09,2084.65,3226.1,True,True,True,True,0,0.0,
1523,Rev1,1,W053,AE-3200,CH-B,EDG-08,Edge,0.84,229.1,2193.09,2131.2,2050.62,3328.5,True,True,True,True,1,5.75,
1524,Rev1,1,W053,AE-3200,CH-B,EDG-09,Edge,0.84,261.8,2200.84,2114.71,2106.35,3426.8,True,True,True,True,1,2.78,
1525,Rev1,1,W053,AE-3200,CH-B,EDG-10,Edge,0.84,294.5,2224.87,2142.91,2049.82,3152.2,True,True,True,True,1,2.54,
1526,Rev1,1,W053,AE-3200,CH-B,EDG-11,Edge,0.84,327.3,2216.63,2153.22,1976.29,3315.0,True,True,True,True,1,2.55,
1527,Rev1,1,W053,AE-3200,CH-B,EXT-01,Extreme Edge,0.96,16.4,2231.63,2124.88,2005.42,3447.2,False,True,True,True,1,5.66,
1528,Rev1,1,W053,AE-3200,CH-B,EXT-02,Extreme Edge,0.96,49.1,2231.47,2112.29,2162.79,3155.2,False,True,True,True,0,0.0,
1529,Rev1,1,W053,AE-3200,CH-B,EXT-03,Extreme Edge,0.96,81.8,2224.19,2133.88,2155.02,3407.6,True,True,True,True,0,0.0,
1530,Rev1,1,W053,AE-3200,CH-B,EXT-04,Extreme Edge,0.96,114.5,2235.64,2071.6,2275.01,3419.9,False,True,False,True,0,0.0,
1531,Rev1,1,W053,AE-3200,CH-B,EXT-05,Extreme Edge,0.96,147.3,2242.17,2117.66,2128.54,3222.9,False,True,True,True,0,0.0,
1532,Rev1,1,W053,AE-3200,CH-B,EXT-06,Extreme Edge,0.96,180.0,2250.99,2108.87,2080.42,3290.8,False,True,True,True,1,5.66,polymer_residue
1533,Rev1,1,W053,AE-3200,CH-B,EXT-07,Extreme Edge,0.96,212.7,2222.73,2079.75,2069.74,3477.1,True,True,True,True,1,4.38,
1534,Rev1,1,W053,AE-3200,CH-B,EXT-08,Extreme Edge,0.96,245.5,2257.7,2128.42,2087.53,3364.8,False,True,True,True,0,0.0,
1535,Rev1,1,W053,AE-3200,CH-B,EXT-09,Extreme Edge,0.96,278.2,2224.0,2114.16,2047.19,3234.3,True,True,True,True,0,0.0,
1536,Rev1,1,W053,AE-3200,CH-B,EXT-10,Extreme Edge,0.96,310.9,2295.55,2155.22,2190.22,3467.9,False,True,False,True,0,0.0,
1537,Rev1,1,W053,AE-3200,CH-B,EXT-11,Extreme Edge,0.96,343.6,2230.74,2106.63,2052.67,3441.1,False,True,True,True,3,7.86,pressure_spike
1538,Rev1,1,W054,AE-3200,CH-B,C1,Center,0.0,0.0,2201.1,2094.38,2098.31,3193.6,True,True,True,True,1,5.4,polymer_residue
1539,Rev1,1,W054,AE-3200,CH-B,MID-01,Mid,0.52,30.0,2181.77,2057.66,2026.44,3078.6,True,True,True,True,0,0.0,
1540,Rev1,1,W054,AE-3200,CH-B,MID-02,Mid,0.52,90.0,2198.2,2055.58,2081.09,2967.9,True,True,True,False,0,0.0,
1541,Rev1,1,W054,AE-3200,CH-B,MID-03,Mid,0.52,150.0,2165.47,2165.71,2126.14,3006.9,True,True,True,True,0,0.0,
1542,Rev1,1,W054,AE-3200,CH-B,MID-04,Mid,0.52,210.0,2133.22,2138.28,2094.04,3217.1,True,True,True,True,0,0.0,
1543,Rev1,1,W054,AE-3200,CH-B,MID-05,Mid,0.52,270.0,2170.11,2115.33,2079.69,3098.3,True,True,True,True,0,0.0,
1544,Rev1,1,W054,AE-3200,CH-B,MID-06,Mid,0.52,330.0,2222.0,2106.43,2049.9,3156.3,True,True,True,True,0,0.0,
1545,Rev1,1,W054,AE-3200,CH-B,EDG-01,Edge,0.84,0.0,2245.24,2125.77,2129.34,3090.6,False,True,True,True,1,6.18,
1546,Rev1,1,W054,AE-3200,CH-B,EDG-02,Edge,0.84,32.7,2193.3,2217.97,2131.99,3201.7,True,False,True,True,0,0.0,
1547,Rev1,1,W054,AE-3200,CH-B,EDG-03,Edge,0.84,65.5,2226.24,2183.06,2122.75,3084.6,False,True,True,True,1,5.94,endpoint_late
1548,Rev1,1,W054,AE-3200,CH-B,EDG-04,Edge,0.84,98.2,2209.18,2124.12,2097.72,3230.7,True,True,True,True,2,11.2,polymer_residue
1549,Rev1,1,W054,AE-3200,CH-B,EDG-05,Edge,0.84,130.9,2153.15,2138.5,2064.42,3496.3,True,True,True,True,0,0.0,
1550,Rev1,1,W054,AE-3200,CH-B,EDG-06,Edge,0.84,163.6,2211.06,2116.29,2178.59,3171.9,True,True,False,True,0,0.0,
1551,Rev1,1,W054,AE-3200,CH-B,EDG-07,Edge,0.84,196.4,2200.5,2105.94,2075.66,3214.6,True,True,True,True,0,0.0,
1552,Rev1,1,W054,AE-3200,CH-B,EDG-08,Edge,0.84,229.1,2205.62,2118.67,2247.08,2967.1,True,True,False,False,1,5.7,endpoint_late
1553,Rev1,1,W054,AE-3200,CH-B,EDG-09,Edge,0.84,261.8,2211.97,2121.73,2133.42,3210.4,True,True,True,True,0,0.0,
1554,Rev1,1,W054,AE-3200,CH-B,EDG-10,Edge,0.84,294.5,2198.86,2148.04,2062.86,3135.0,True,True,True,True,1,4.21,esc_temp_drift
1555,Rev1,1,W054,AE-3200,CH-B,EDG-11,Edge,0.84,327.3,2195.91,2183.86,2116.17,3384.1,True,True,True,True,0,0.0,
1556,Rev1,1,W054,AE-3200,CH-B,EXT-01,Extreme Edge,0.96,16.4,2226.07,2167.26,2113.87,3434.7,False,True,True,True,2,4.1,polymer_residue
1557,Rev1,1,W054,AE-3200,CH-B,EXT-02,Extreme Edge,0.96,49.1,2225.84,2193.72,1976.67,3276.6,False,True,True,True,0,0.0,
1558,Rev1,1,W054,AE-3200,CH-B,EXT-03,Extreme Edge,0.96,81.8,2227.24,2194.35,2147.24,3217.6,False,True,True,True,0,0.0,
1559,Rev1,1,W054,AE-3200,CH-B,EXT-04,Extreme Edge,0.96,114.5,2257.06,2140.89,2023.85,3140.0,False,True,True,True,0,0.0,
1560,Rev1,1,W054,AE-3200,CH-B,EXT-05,Extreme Edge,0.96,147.3,2236.06,2107.74,1989.81,3333.2,False,True,True,True,0,0.0,
1561,Rev1,1,W054,AE-3200,CH-B,EXT-06,Extreme Edge,0.96,180.0,2230.55,2082.38,2027.68,3575.9,False,True,True,False,2,7.42,polymer_residue
1562,Rev1,1,W054,AE-3200,CH-B,EXT-07,Extreme Edge,0.96,212.7,2193.6,2087.86,2094.29,3309.4,True,True,True,True,2,7.15,
1563,Rev1,1,W054,AE-3200,CH-B,EXT-08,Extreme Edge,0.96,245.5,2234.29,2156.78,2286.13,3213.9,False,True,False,True,0,0.0,
1564,Rev1,1,W054,AE-3200,CH-B,EXT-09,Extreme Edge,0.96,278.2,2199.35,2177.69,2162.79,3098.8,True,True,True,True,1,6.29,polymer_residue
1565,Rev1,1,W054,AE-3200,CH-B,EXT-10,Extreme Edge,0.96,310.9,2214.91,2187.44,2118.11,3129.7,True,True,True,True,0,0.0,
1566,Rev1,1,W054,AE-3200,CH-B,EXT-11,Extreme Edge,0.96,343.6,2215.2,2090.69,2167.8,3229.3,True,True,True,True,2,4.26,
1567,Rev7,7,W055,PX-7500,CH-D,C1,Center,0.0,0.0,2112.78,2136.39,2085.53,3201.5,True,True,True,True,0,0.0,
1568,Rev7,7,W055,PX-7500,CH-D,MID-01,Mid,0.52,30.0,2170.23,2113.68,1911.39,3306.2,True,True,True,True,0,0.0,
1569,Rev7,7,W055,PX-7500,CH-D,MID-02,Mid,0.52,90.0,2118.25,2082.56,2097.07,3295.6,True,True,True,True,1,5.5,polymer_residue
1570,Rev7,7,W055,PX-7500,CH-D,MID-03,Mid,0.52,150.0,2125.83,2101.92,2158.57,3386.2,True,True,True,True,0,0.0,
1571,Rev7,7,W055,PX-7500,CH-D,MID-04,Mid,0.52,210.0,2130.34,2108.08,2074.47,3458.1,True,True,True,True,0,0.0,
1572,Rev7,7,W055,PX-7500,CH-D,MID-05,Mid,0.52,270.0,2179.54,2082.72,2098.47,3355.9,True,True,True,True,1,2.55,
1573,Rev7,7,W055,PX-7500,CH-D,MID-06,Mid,0.52,330.0,2175.66,2077.2,2125.53,3335.7,True,True,True,True,0,0.0,
1574,Rev7,7,W055,PX-7500,CH-D,EDG-01,Edge,0.84,0.0,2200.9,2127.45,2044.38,3518.1,True,True,True,False,0,0.0,
1575,Rev7,7,W055,PX-7500,CH-D,EDG-02,Edge,0.84,32.7,2166.58,2114.35,2181.1,3505.5,True,True,False,False,1,1.82,
1576,Rev7,7,W055,PX-7500,CH-D,EDG-03,Edge,0.84,65.5,2211.7,2111.55,2101.54,3126.4,True,True,True,True,0,0.0,
1577,Rev7,7,W055,PX-7500,CH-D,EDG-04,Edge,0.84,98.2,2207.32,2099.41,2114.46,3680.7,True,True,True,False,1,1.86,polymer_residue
1578,Rev7,7,W055,PX-7500,CH-D,EDG-05,Edge,0.84,130.9,2151.26,2098.5,2112.06,3390.4,True,True,True,True,2,5.64,polymer_residue
1579,Rev7,7,W055,PX-7500,CH-D,EDG-06,Edge,0.84,163.6,2119.92,2095.23,2084.43,3504.6,True,True,True,False,1,4.48,
1580,Rev7,7,W055,PX-7500,CH-D,EDG-07,Edge,0.84,196.4,2182.13,2150.14,2004.2,3149.1,True,True,True,True,0,0.0,
1581,Rev7,7,W055,PX-7500,CH-D,EDG-08,Edge,0.84,229.1,2234.91,2082.21,2129.22,3176.6,False,True,True,True,0,0.0,
1582,Rev7,7,W055,PX-7500,CH-D,EDG-09,Edge,0.84,261.8,2177.08,2100.4,2179.24,3090.3,True,True,False,True,1,5.64,
1583,Rev7,7,W055,PX-7500,CH-D,EDG-10,Edge,0.84,294.5,2228.51,2117.25,2094.04,3250.4,False,True,True,True,0,0.0,
1584,Rev7,7,W055,PX-7500,CH-D,EDG-11,Edge,0.84,327.3,2191.65,2114.3,2159.36,3246.5,True,True,True,True,0,0.0,
1585,Rev7,7,W055,PX-7500,CH-D,EXT-01,Extreme Edge,0.96,16.4,2190.82,2060.6,2024.78,3398.3,True,True,True,True,0,0.0,
1586,Rev7,7,W055,PX-7500,CH-D,EXT-02,Extreme Edge,0.96,49.1,2229.07,2127.76,2145.52,3427.4,False,True,True,True,0,0.0,
1587,Rev7,7,W055,PX-7500,CH-D,EXT-03,Extreme Edge,0.96,81.8,2187.52,2119.69,2158.57,3560.4,True,True,True,False,1,2.77,
1588,Rev7,7,W055,PX-7500,CH-D,EXT-04,Extreme Edge,0.96,114.5,2221.3,2111.04,2228.84,3331.7,True,True,False,True,1,2.57,polymer_residue
1589,Rev7,7,W055,PX-7500,CH-D,EXT-05,Extreme Edge,0.96,147.3,2241.79,2090.82,2185.72,3406.5,False,True,False,True,1,3.71,
1590,Rev7,7,W055,PX-7500,CH-D,EXT-06,Extreme Edge,0.96,180.0,2170.13,2184.56,2174.46,3443.7,True,True,False,True,0,0.0,
1591,Rev7,7,W055,PX-7500,CH-D,EXT-07,Extreme Edge,0.96,212.7,2234.73,2130.37,2222.74,3304.5,False,True,False,True,1,3.17,
1592,Rev7,7,W055,PX-7500,CH-D,EXT-08,Extreme Edge,0.96,245.5,2152.15,2127.22,2071.83,3449.2,True,True,True,True,0,0.0,
1593,Rev7,7,W055,PX-7500,CH-D,EXT-09,Extreme Edge,0.96,278.2,2175.54,2086.34,2238.86,3409.3,True,True,False,True,3,17.53,
1594,Rev7,7,W055,PX-7500,CH-D,EXT-10,Extreme Edge,0.96,310.9,2156.27,2088.74,2121.92,3426.7,True,True,True,True,1,4.83,
1595,Rev7,7,W055,PX-7500,CH-D,EXT-11,Extreme Edge,0.96,343.6,2169.82,2109.16,2118.37,3351.7,True,True,True,True,0,0.0,
1596,Rev3,3,W056,PX-7500,CH-D,C1,Center,0.0,0.0,2197.36,2051.14,2040.29,3254.4,True,True,True,True,0,0.0,
1597,Rev3,3,W056,PX-7500,CH-D,MID-01,Mid,0.52,30.0,2228.11,2137.94,2176.79,3390.3,False,True,False,True,0,0.0,
1598,Rev3,3,W056,PX-7500,CH-D,MID-02,Mid,0.52,90.0,2181.23,2084.55,1928.62,3335.9,True,True,True,True,1,2.31,arc_event
1599,Rev3,3,W056,PX-7500,CH-D,MID-03,Mid,0.52,150.0,2247.09,2116.38,2070.73,3310.1,False,True,True,True,0,0.0,
1600,Rev3,3,W056,PX-7500,CH-D,MID-04,Mid,0.52,210.0,2207.15,2143.67,2151.42,3312.4,True,True,True,True,1,4.01,
1601,Rev3,3,W056,PX-7500,CH-D,MID-05,Mid,0.52,270.0,2269.35,2110.82,2042.63,3237.9,False,True,True,True,0,0.0,
1602,Rev3,3,W056,PX-7500,CH-D,MID-06,Mid,0.52,330.0,2237.86,2129.46,2046.05,3415.4,False,True,True,True,0,0.0,
1603,Rev3,3,W056,PX-7500,CH-D,EDG-01,Edge,0.84,0.0,2271.79,2094.27,2093.34,3433.9,False,True,True,True,1,4.57,polymer_residue
1604,Rev3,3,W056,PX-7500,CH-D,EDG-02,Edge,0.84,32.7,2254.66,2195.04,2035.01,3032.4,False,False,True,True,2,11.21,
1605,Rev3,3,W056,PX-7500,CH-D,EDG-03,Edge,0.84,65.5,2221.01,2121.97,2072.96,3325.6,True,True,True,True,0,0.0,
1606,Rev3,3,W056,PX-7500,CH-D,EDG-04,Edge,0.84,98.2,2273.77,2155.69,2018.75,3353.9,False,True,True,True,2,11.16,polymer_residue
1607,Rev3,3,W056,PX-7500,CH-D,EDG-05,Edge,0.84,130.9,2260.72,2220.63,2052.05,3180.9,False,False,True,True,0,0.0,
1608,Rev3,3,W056,PX-7500,CH-D,EDG-06,Edge,0.84,163.6,2212.41,2137.11,2012.8,3452.5,True,True,True,True,0,0.0,
1609,Rev3,3,W056,PX-7500,CH-D,EDG-07,Edge,0.84,196.4,2243.75,2110.89,1997.12,3128.8,False,True,True,True,1,3.51,
1610,Rev3,3,W056,PX-7500,CH-D,EDG-08,Edge,0.84,229.1,2278.6,2144.37,1987.58,3317.7,False,True,True,True,0,0.0,
1611,Rev3,3,W056,PX-7500,CH-D,EDG-09,Edge,0.84,261.8,2210.31,2113.88,2064.0,3136.2,True,True,True,True,1,3.05,polymer_residue
1612,Rev3,3,W056,PX-7500,CH-D,EDG-10,Edge,0.84,294.5,2233.32,2142.32,2115.87,3325.4,False,True,True,True,0,0.0,
1613,Rev3,3,W056,PX-7500,CH-D,EDG-11,Edge,0.84,327.3,2256.34,2101.19,2078.48,3059.1,False,True,True,True,1,6.29,
1614,Rev3,3,W056,PX-7500,CH-D,EXT-01,Extreme Edge,0.96,16.4,2186.66,2116.87,2132.2,3314.3,True,True,True,True,1,5.94,
1615,Rev3,3,W056,PX-7500,CH-D,EXT-02,Extreme Edge,0.96,49.1,2238.7,2181.77,2051.42,3165.1,False,True,True,True,1,5.03,arc_event
1616,Rev3,3,W056,PX-7500,CH-D,EXT-03,Extreme Edge,0.96,81.8,2243.63,2088.01,2158.81,3255.3,False,True,True,True,2,6.9,
1617,Rev3,3,W056,PX-7500,CH-D,EXT-04,Extreme Edge,0.96,114.5,2152.47,2177.06,2043.74,3300.1,True,True,True,True,0,0.0,
1618,Rev3,3,W056,PX-7500,CH-D,EXT-05,Extreme Edge,0.96,147.3,2245.1,2133.46,2171.92,3316.8,False,True,False,True,2,4.14,
1619,Rev3,3,W056,PX-7500,CH-D,EXT-06,Extreme Edge,0.96,180.0,2234.98,2163.9,2136.78,3264.4,False,True,True,True,1,4.12,polymer_residue
1620,Rev3,3,W056,PX-7500,CH-D,EXT-07,Extreme Edge,0.96,212.7,2230.55,2130.37,2057.05,3108.8,False,True,True,True,0,0.0,
1621,Rev3,3,W056,PX-7500,CH-D,EXT-08,Extreme Edge,0.96,245.5,2252.95,2132.74,2032.43,3425.8,False,True,True,True,0,0.0,
1622,Rev3,3,W056,PX-7500,CH-D,EXT-09,Extreme Edge,0.96,278.2,2237.94,2124.64,2065.82,3380.6,False,True,True,True,0,0.0,
1623,Rev3,3,W056,PX-7500,CH-D,EXT-10,Extreme Edge,0.96,310.9,2273.73,2129.24,2093.95,3231.2,False,True,True,True,1,4.23,polymer_residue
1624,Rev3,3,W056,PX-7500,CH-D,EXT-11,Extreme Edge,0.96,343.6,2253.03,2132.77,2110.0,3504.5,False,True,True,False,2,6.72,polymer_residue
1625,Rev2,2,W057,PX-7500,CH-C,C1,Center,0.0,0.0,2162.99,2128.83,2075.37,3249.3,True,True,True,True,0,0.0,
1626,Rev2,2,W057,PX-7500,CH-C,MID-01,Mid,0.52,30.0,2162.45,2098.99,2120.97,3410.3,True,True,True,True,0,0.0,
1627,Rev2,2,W057,PX-7500,CH-C,MID-02,Mid,0.52,90.0,2156.65,2057.35,2230.01,3209.3,True,True,False,True,0,0.0,
1628,Rev2,2,W057,PX-7500,CH-C,MID-03,Mid,0.52,150.0,2160.54,2090.82,1994.06,3419.8,True,True,True,True,0,0.0,
1629,Rev2,2,W057,PX-7500,CH-C,MID-04,Mid,0.52,210.0,2169.07,2041.08,2058.14,3260.3,True,True,True,True,0,0.0,
1630,Rev2,2,W057,PX-7500,CH-C,MID-05,Mid,0.52,270.0,2164.65,2086.24,2182.49,3387.7,True,True,False,True,0,0.0,
1631,Rev2,2,W057,PX-7500,CH-C,MID-06,Mid,0.52,330.0,2117.59,2090.85,2119.72,3275.1,True,True,True,True,0,0.0,
1632,Rev2,2,W057,PX-7500,CH-C,EDG-01,Edge,0.84,0.0,2214.1,2100.23,2118.67,3433.8,True,True,True,True,2,11.3,pressure_spike
1633,Rev2,2,W057,PX-7500,CH-C,EDG-02,Edge,0.84,32.7,2183.85,2081.69,2113.79,3063.7,True,True,True,True,0,0.0,
1634,Rev2,2,W057,PX-7500,CH-C,EDG-03,Edge,0.84,65.5,2146.64,2069.99,2158.41,3416.6,True,True,True,True,2,7.59,
1635,Rev2,2,W057,PX-7500,CH-C,EDG-04,Edge,0.84,98.2,2195.29,2120.49,2178.49,3587.3,True,True,False,False,0,0.0,
1636,Rev2,2,W057,PX-7500,CH-C,EDG-05,Edge,0.84,130.9,2144.48,2109.07,2188.85,3538.4,True,True,False,False,0,0.0,
1637,Rev2,2,W057,PX-7500,CH-C,EDG-06,Edge,0.84,163.6,2197.61,2094.52,2186.37,3466.8,True,True,False,True,1,4.13,polymer_residue
1638,Rev2,2,W057,PX-7500,CH-C,EDG-07,Edge,0.84,196.4,2192.1,2112.05,2170.41,3086.5,True,True,False,True,1,4.92,
1639,Rev2,2,W057,PX-7500,CH-C,EDG-08,Edge,0.84,229.1,2194.45,2095.36,2135.21,3213.8,True,True,True,True,0,0.0,
1640,Rev2,2,W057,PX-7500,CH-C,EDG-09,Edge,0.84,261.8,2194.02,2131.09,2231.83,3394.8,True,True,False,True,0,0.0,
1641,Rev2,2,W057,PX-7500,CH-C,EDG-10,Edge,0.84,294.5,2160.52,2124.43,2202.81,3615.4,True,True,False,False,0,0.0,
1642,Rev2,2,W057,PX-7500,CH-C,EDG-11,Edge,0.84,327.3,2215.16,2093.66,2246.79,3337.4,True,True,False,True,0,0.0,
1643,Rev2,2,W057,PX-7500,CH-C,EXT-01,Extreme Edge,0.96,16.4,2224.46,2143.29,2133.06,3442.8,True,True,True,True,0,0.0,
1644,Rev2,2,W057,PX-7500,CH-C,EXT-02,Extreme Edge,0.96,49.1,2192.86,2092.91,2166.69,3397.9,True,True,True,True,0,0.0,
1645,Rev2,2,W057,PX-7500,CH-C,EXT-03,Extreme Edge,0.96,81.8,2184.05,2091.98,2140.79,3257.8,True,True,True,True,0,0.0,
1646,Rev2,2,W057,PX-7500,CH-C,EXT-04,Extreme Edge,0.96,114.5,2222.91,2068.78,2286.89,3457.8,True,True,False,True,0,0.0,
1647,Rev2,2,W057,PX-7500,CH-C,EXT-05,Extreme Edge,0.96,147.3,2207.75,2105.89,2202.81,3531.3,True,True,False,False,1,6.37,
1648,Rev2,2,W057,PX-7500,CH-C,EXT-06,Extreme Edge,0.96,180.0,2167.42,2158.46,2228.28,3359.7,True,True,False,True,0,0.0,
1649,Rev2,2,W057,PX-7500,CH-C,EXT-07,Extreme Edge,0.96,212.7,2202.93,2131.08,2243.26,3444.1,True,True,False,True,1,5.34,polymer_residue
1650,Rev2,2,W057,PX-7500,CH-C,EXT-08,Extreme Edge,0.96,245.5,2199.45,2193.74,2301.36,3472.4,True,True,False,True,2,11.23,
1651,Rev2,2,W057,PX-7500,CH-C,EXT-09,Extreme Edge,0.96,278.2,2242.36,2101.41,2221.71,3269.3,False,True,False,True,2,11.12,pressure_spike
1652,Rev2,2,W057,PX-7500,CH-C,EXT-10,Extreme Edge,0.96,310.9,2194.08,2127.23,2246.53,3641.8,True,True,False,False,0,0.0,
1653,Rev2,2,W057,PX-7500,CH-C,EXT-11,Extreme Edge,0.96,343.6,2197.87,2104.83,2171.18,3248.3,True,True,False,True,0,0.0,
1654,Rev1,1,W058,AE-3200,CH-B,C1,Center,0.0,0.0,2149.52,2087.2,1882.73,3218.7,True,True,False,True,0,0.0,
1655,Rev1,1,W058,AE-3200,CH-B,MID-01,Mid,0.52,30.0,2163.47,2136.1,2071.3,3287.8,True,True,True,True,0,0.0,
1656,Rev1,1,W058,AE-3200,CH-B,MID-02,Mid,0.52,90.0,2155.09,2197.29,2030.03,3133.9,True,False,True,True,0,0.0,
1657,Rev1,1,W058,AE-3200,CH-B,MID-03,Mid,0.52,150.0,2187.49,2067.29,2158.1,3284.9,True,True,True,True,0,0.0,
1658,Rev1,1,W058,AE-3200,CH-B,MID-04,Mid,0.52,210.0,2219.91,2143.1,2075.45,3204.1,True,True,True,True,0,0.0,
1659,Rev1,1,W058,AE-3200,CH-B,MID-05,Mid,0.52,270.0,2188.45,2094.57,2073.17,3380.1,True,True,True,True,0,0.0,
1660,Rev1,1,W058,AE-3200,CH-B,MID-06,Mid,0.52,330.0,2122.0,2131.81,2034.51,3408.3,True,True,True,True,0,0.0,
1661,Rev1,1,W058,AE-3200,CH-B,EDG-01,Edge,0.84,0.0,2208.91,2107.45,2053.13,2999.4,True,True,True,False,0,0.0,
1662,Rev1,1,W058,AE-3200,CH-B,EDG-02,Edge,0.84,32.7,2224.13,2159.99,2167.73,3417.0,True,True,True,True,0,0.0,
1663,Rev1,1,W058,AE-3200,CH-B,EDG-03,Edge,0.84,65.5,2199.32,2094.74,2179.58,3144.1,True,True,False,True,0,0.0,
1664,Rev1,1,W058,AE-3200,CH-B,EDG-04,Edge,0.84,98.2,2201.68,2086.1,1984.21,3548.2,True,True,True,False,0,0.0,
1665,Rev1,1,W058,AE-3200,CH-B,EDG-05,Edge,0.84,130.9,2227.15,2128.44,2068.16,3191.4,False,True,True,True,0,0.0,
1666,Rev1,1,W058,AE-3200,CH-B,EDG-06,Edge,0.84,163.6,2175.74,2121.76,2111.43,3429.2,True,True,True,True,1,2.36,polymer_residue
1667,Rev1,1,W058,AE-3200,CH-B,EDG-07,Edge,0.84,196.4,2244.48,2153.13,2060.05,3463.7,False,True,True,True,0,0.0,
1668,Rev1,1,W058,AE-3200,CH-B,EDG-08,Edge,0.84,229.1,2226.02,2152.18,1991.49,3148.7,False,True,True,True,0,0.0,
1669,Rev1,1,W058,AE-3200,CH-B,EDG-09,Edge,0.84,261.8,2245.6,2166.42,2084.41,3317.0,False,True,True,True,0,0.0,
1670,Rev1,1,W058,AE-3200,CH-B,EDG-10,Edge,0.84,294.5,2177.05,2129.04,2040.28,3229.7,True,True,True,True,1,5.71,polymer_residue
1671,Rev1,1,W058,AE-3200,CH-B,EDG-11,Edge,0.84,327.3,2187.12,2113.39,2101.85,3160.5,True,True,True,True,0,0.0,
1672,Rev1,1,W058,AE-3200,CH-B,EXT-01,Extreme Edge,0.96,16.4,2261.69,2125.98,2092.85,3243.5,False,True,True,True,0,0.0,
1673,Rev1,1,W058,AE-3200,CH-B,EXT-02,Extreme Edge,0.96,49.1,2193.57,2176.01,2097.67,3156.3,True,True,True,True,0,0.0,
1674,Rev1,1,W058,AE-3200,CH-B,EXT-03,Extreme Edge,0.96,81.8,2237.15,2201.83,2007.93,3317.1,False,False,True,True,0,0.0,
1675,Rev1,1,W058,AE-3200,CH-B,EXT-04,Extreme Edge,0.96,114.5,2208.54,2217.08,2093.25,3140.8,True,False,True,True,2,9.92,polymer_residue
1676,Rev1,1,W058,AE-3200,CH-B,EXT-05,Extreme Edge,0.96,147.3,2211.33,2150.23,2009.82,3215.3,True,True,True,True,1,3.7,
1677,Rev1,1,W058,AE-3200,CH-B,EXT-06,Extreme Edge,0.96,180.0,2211.18,2160.18,2149.82,3281.2,True,True,True,True,0,0.0,
1678,Rev1,1,W058,AE-3200,CH-B,EXT-07,Extreme Edge,0.96,212.7,2251.71,2175.6,2152.2,3413.2,False,True,True,True,0,0.0,
1679,Rev1,1,W058,AE-3200,CH-B,EXT-08,Extreme Edge,0.96,245.5,2224.25,2100.46,2026.74,3310.6,True,True,True,True,0,0.0,
1680,Rev1,1,W058,AE-3200,CH-B,EXT-09,Extreme Edge,0.96,278.2,2218.49,2116.74,2079.82,3306.4,True,True,True,True,1,3.59,polymer_residue
1681,Rev1,1,W058,AE-3200,CH-B,EXT-10,Extreme Edge,0.96,310.9,2180.58,2099.61,2085.78,3163.0,True,True,True,True,0,0.0,
1682,Rev1,1,W058,AE-3200,CH-B,EXT-11,Extreme Edge,0.96,343.6,2233.64,2135.08,1952.37,3296.1,False,True,True,True,0,0.0,
1683,Rev4,4,W059,AE-3200,CH-A,C1,Center,0.0,0.0,2161.72,2109.07,1921.2,3363.2,True,True,True,True,0,0.0,
1684,Rev4,4,W059,AE-3200,CH-A,MID-01,Mid,0.52,30.0,2154.69,2199.09,1963.81,3193.2,True,False,True,True,1,4.53,polymer_residue
1685,Rev4,4,W059,AE-3200,CH-A,MID-02,Mid,0.52,90.0,2137.69,2136.86,2001.78,3321.6,True,True,True,True,0,0.0,
1686,Rev4,4,W059,AE-3200,CH-A,MID-03,Mid,0.52,150.0,2088.81,2085.56,2091.58,3473.2,True,True,True,True,0,0.0,
1687,Rev4,4,W059,AE-3200,CH-A,MID-04,Mid,0.52,210.0,2113.79,2106.91,2039.01,3167.3,True,True,True,True,0,0.0,
1688,Rev4,4,W059,AE-3200,CH-A,MID-05,Mid,0.52,270.0,2175.27,2118.5,2153.1,3385.1,True,True,True,True,1,4.14,pressure_spike
1689,Rev4,4,W059,AE-3200,CH-A,MID-06,Mid,0.52,330.0,2083.54,2121.3,1994.44,3478.4,True,True,True,True,0,0.0,
1690,Rev4,4,W059,AE-3200,CH-A,EDG-01,Edge,0.84,0.0,2143.08,2153.53,2057.07,3559.4,True,True,True,False,0,0.0,
1691,Rev4,4,W059,AE-3200,CH-A,EDG-02,Edge,0.84,32.7,2149.34,2134.92,2066.05,3364.8,True,True,True,True,0,0.0,
1692,Rev4,4,W059,AE-3200,CH-A,EDG-03,Edge,0.84,65.5,2155.77,2135.16,2166.82,3513.3,True,True,True,False,0,0.0,
1693,Rev4,4,W059,AE-3200,CH-A,EDG-04,Edge,0.84,98.2,2152.96,2079.98,2037.85,3362.3,True,True,True,True,1,2.95,
1694,Rev4,4,W059,AE-3200,CH-A,EDG-05,Edge,0.84,130.9,2169.48,2127.11,2066.88,3430.1,True,True,True,True,0,0.0,
1695,Rev4,4,W059,AE-3200,CH-A,EDG-06,Edge,0.84,163.6,2179.54,2121.38,2036.48,3260.8,True,True,True,True,0,0.0,
1696,Rev4,4,W059,AE-3200,CH-A,EDG-07,Edge,0.84,196.4,2200.8,2116.5,2007.44,3377.8,True,True,True,True,1,4.27,esc_temp_drift
1697,Rev4,4,W059,AE-3200,CH-A,EDG-08,Edge,0.84,229.1,2160.97,2163.73,1912.12,3704.7,True,True,True,False,0,0.0,
1698,Rev4,4,W059,AE-3200,CH-A,EDG-09,Edge,0.84,261.8,2137.78,2156.31,2008.55,3384.7,True,True,True,True,0,0.0,
1699,Rev4,4,W059,AE-3200,CH-A,EDG-10,Edge,0.84,294.5,2176.55,2137.09,2111.75,3272.9,True,True,True,True,0,0.0,
1700,Rev4,4,W059,AE-3200,CH-A,EDG-11,Edge,0.84,327.3,2186.86,2125.07,2047.96,3275.7,True,True,True,True,1,4.03,arc_event
1701,Rev4,4,W059,AE-3200,CH-A,EXT-01,Extreme Edge,0.96,16.4,2185.3,2184.23,2045.2,3502.1,True,True,True,False,1,3.1,polymer_residue
1702,Rev4,4,W059,AE-3200,CH-A,EXT-02,Extreme Edge,0.96,49.1,2244.39,2085.13,2173.77,3506.1,False,True,False,False,1,5.04,
1703,Rev4,4,W059,AE-3200,CH-A,EXT-03,Extreme Edge,0.96,81.8,2189.26,2136.67,2039.07,3378.3,True,True,True,True,0,0.0,
1704,Rev4,4,W059,AE-3200,CH-A,EXT-04,Extreme Edge,0.96,114.5,2187.94,2142.26,2068.07,3287.3,True,True,True,True,4,22.82,esc_temp_drift
1705,Rev4,4,W059,AE-3200,CH-A,EXT-05,Extreme Edge,0.96,147.3,2181.12,2201.79,2208.41,3313.9,True,False,False,True,2,11.6,endpoint_late
1706,Rev4,4,W059,AE-3200,CH-A,EXT-06,Extreme Edge,0.96,180.0,2168.77,2122.54,2076.48,3377.4,True,True,True,True,1,2.51,esc_temp_drift
1707,Rev4,4,W059,AE-3200,CH-A,EXT-07,Extreme Edge,0.96,212.7,2187.15,2128.91,2074.93,3375.9,True,True,True,True,2,4.77,
1708,Rev4,4,W059,AE-3200,CH-A,EXT-08,Extreme Edge,0.96,245.5,2159.98,2166.94,2113.45,3208.1,True,True,True,True,0,0.0,
1709,Rev4,4,W059,AE-3200,CH-A,EXT-09,Extreme Edge,0.96,278.2,2201.52,2129.47,1984.56,3492.2,True,True,True,True,1,2.85,
1710,Rev4,4,W059,AE-3200,CH-A,EXT-10,Extreme Edge,0.96,310.9,2226.17,2104.46,2160.69,3299.9,False,True,True,True,0,0.0,
1711,Rev4,4,W059,AE-3200,CH-A,EXT-11,Extreme Edge,0.96,343.6,2164.11,2153.91,2125.15,3431.8,True,True,True,True,2,9.83,
1712,Base,0,W060,AE-3200,CH-A,C1,Center,0.0,0.0,2151.64,2056.57,2062.94,3552.1,True,True,True,False,1,2.69,pressure_spike
1713,Base,0,W060,AE-3200,CH-A,MID-01,Mid,0.52,30.0,2157.66,2054.7,2119.91,3495.0,True,True,True,True,0,0.0,
1714,Base,0,W060,AE-3200,CH-A,MID-02,Mid,0.52,90.0,2163.89,2093.6,1995.29,3480.1,True,True,True,True,0,0.0,
1715,Base,0,W060,AE-3200,CH-A,MID-03,Mid,0.52,150.0,2165.03,2062.65,2058.0,3449.4,True,True,True,True,1,2.44,
1716,Base,0,W060,AE-3200,CH-A,MID-04,Mid,0.52,210.0,2176.75,2144.5,2082.54,3596.3,True,True,True,False,0,0.0,
1717,Base,0,W060,AE-3200,CH-A,MID-05,Mid,0.52,270.0,2152.99,2128.57,2096.6,3442.5,True,True,True,True,0,0.0,
1718,Base,0,W060,AE-3200,CH-A,MID-06,Mid,0.52,330.0,2116.85,2139.82,2145.57,3357.3,True,True,True,True,0,0.0,
1719,Base,0,W060,AE-3200,CH-A,EDG-01,Edge,0.84,0.0,2188.65,2110.35,2069.86,3593.1,True,True,True,False,1,2.16,polymer_residue
1720,Base,0,W060,AE-3200,CH-A,EDG-02,Edge,0.84,32.7,2205.59,2122.6,2107.39,3498.6,True,True,True,True,0,0.0,
1721,Base,0,W060,AE-3200,CH-A,EDG-03,Edge,0.84,65.5,2214.96,2040.9,2056.71,3619.7,True,True,True,False,1,5.87,
1722,Base,0,W060,AE-3200,CH-A,EDG-04,Edge,0.84,98.2,2169.19,2100.75,2089.25,3405.5,True,True,True,True,1,6.07,arc_event
1723,Base,0,W060,AE-3200,CH-A,EDG-05,Edge,0.84,130.9,2187.68,2094.97,2196.81,3537.8,True,True,False,False,0,0.0,
1724,Base,0,W060,AE-3200,CH-A,EDG-06,Edge,0.84,163.6,2225.97,2062.44,2081.14,3374.2,False,True,True,True,0,0.0,
1725,Base,0,W060,AE-3200,CH-A,EDG-07,Edge,0.84,196.4,2213.99,2100.12,2062.72,3513.5,True,True,True,False,1,4.34,polymer_residue
1726,Base,0,W060,AE-3200,CH-A,EDG-08,Edge,0.84,229.1,2216.12,2094.39,2197.43,3527.8,True,True,False,False,0,0.0,
1727,Base,0,W060,AE-3200,CH-A,EDG-09,Edge,0.84,261.8,2233.63,2076.72,2065.59,3657.3,False,True,True,False,0,0.0,
1728,Base,0,W060,AE-3200,CH-A,EDG-10,Edge,0.84,294.5,2202.68,2079.34,2026.65,3332.9,True,True,True,True,1,4.79,
1729,Base,0,W060,AE-3200,CH-A,EDG-11,Edge,0.84,327.3,2220.57,2087.13,2092.47,3587.3,True,True,True,False,1,2.75,
1730,Base,0,W060,AE-3200,CH-A,EXT-01,Extreme Edge,0.96,16.4,2218.03,2111.61,2065.55,3550.0,True,True,True,False,0,0.0,
1731,Base,0,W060,AE-3200,CH-A,EXT-02,Extreme Edge,0.96,49.1,2175.93,2124.28,2064.2,3701.4,True,True,True,False,1,4.8,
1732,Base,0,W060,AE-3200,CH-A,EXT-03,Extreme Edge,0.96,81.8,2206.83,2066.76,2057.19,3606.7,True,True,True,False,0,0.0,
1733,Base,0,W060,AE-3200,CH-A,EXT-04,Extreme Edge,0.96,114.5,2223.04,2079.27,2187.32,3647.5,True,True,False,False,0,0.0,
1734,Base,0,W060,AE-3200,CH-A,EXT-05,Extreme Edge,0.96,147.3,2168.02,2143.77,2143.2,3522.8,True,True,True,False,1,4.23,
1735,Base,0,W060,AE-3200,CH-A,EXT-06,Extreme Edge,0.96,180.0,2217.45,2069.41,2082.48,3301.8,True,True,True,True,0,0.0,
1736,Base,0,W060,AE-3200,CH-A,EXT-07,Extreme Edge,0.96,212.7,2238.81,2122.49,2056.82,3566.8,False,True,True,False,2,6.45,
1737,Base,0,W060,AE-3200,CH-A,EXT-08,Extreme Edge,0.96,245.5,2219.61,2078.41,2092.38,3721.6,True,True,True,False,2,12.86,
1738,Base,0,W060,AE-3200,CH-A,EXT-09,Extreme Edge,0.96,278.2,2220.31,2122.46,2209.27,3473.1,True,True,False,True,1,3.0,esc_temp_drift
1739,Base,0,W060,AE-3200,CH-A,EXT-10,Extreme Edge,0.96,310.9,2224.63,2139.93,2120.87,3529.7,True,True,True,False,0,0.0,
1740,Base,0,W060,AE-3200,CH-A,EXT-11,Extreme Edge,0.96,343.6,2202.15,2127.18,2045.57,3911.1,True,True,True,False,0,0.0,
1741,Rev5,5,W061,AE-3200,CH-B,C1,Center,0.0,0.0,2128.09,2136.08,2165.26,3363.3,True,True,True,True,0,0.0,
1742,Rev5,5,W061,AE-3200,CH-B,MID-01,Mid,0.52,30.0,2081.04,2091.59,2202.43,3393.5,True,True,False,True,1,2.48,
1743,Rev5,5,W061,AE-3200,CH-B,MID-02,Mid,0.52,90.0,2144.51,2100.71,2054.1,3586.0,True,True,True,False,0,0.0,
1744,Rev5,5,W061,AE-3200,CH-B,MID-03,Mid,0.52,150.0,2109.4,2068.13,2191.04,3318.7,True,True,False,True,0,0.0,
1745,Rev5,5,W061,AE-3200,CH-B,MID-04,Mid,0.52,210.0,2148.13,2082.96,2095.92,3271.1,True,True,True,True,0,0.0,
1746,Rev5,5,W061,AE-3200,CH-B,MID-05,Mid,0.52,270.0,2166.9,2102.69,2117.0,3501.6,True,True,True,False,0,0.0,
1747,Rev5,5,W061,AE-3200,CH-B,MID-06,Mid,0.52,330.0,2085.27,2145.71,2111.97,3398.3,True,True,True,True,0,0.0,
1748,Rev5,5,W061,AE-3200,CH-B,EDG-01,Edge,0.84,0.0,2106.86,2185.92,2279.16,3373.7,True,True,False,True,2,10.54,
1749,Rev5,5,W061,AE-3200,CH-B,EDG-02,Edge,0.84,32.7,2136.37,2100.45,2159.63,3483.1,True,True,True,True,0,0.0,
1750,Rev5,5,W061,AE-3200,CH-B,EDG-03,Edge,0.84,65.5,2149.53,2093.44,2138.02,3631.8,True,True,True,False,0,0.0,
1751,Rev5,5,W061,AE-3200,CH-B,EDG-04,Edge,0.84,98.2,2173.37,2093.87,2199.85,3578.7,True,True,False,False,0,0.0,
1752,Rev5,5,W061,AE-3200,CH-B,EDG-05,Edge,0.84,130.9,2055.52,2119.93,2080.2,3394.1,False,True,True,True,0,0.0,
1753,Rev5,5,W061,AE-3200,CH-B,EDG-06,Edge,0.84,163.6,2166.08,2110.44,2138.74,3405.7,True,True,True,True,0,0.0,
1754,Rev5,5,W061,AE-3200,CH-B,EDG-07,Edge,0.84,196.4,2151.4,2125.55,2145.49,3407.1,True,True,True,True,0,0.0,
1755,Rev5,5,W061,AE-3200,CH-B,EDG-08,Edge,0.84,229.1,2105.35,2116.96,2135.38,3361.4,True,True,True,True,0,0.0,
1756,Rev5,5,W061,AE-3200,CH-B,EDG-09,Edge,0.84,261.8,2208.18,2088.75,2163.53,3398.3,True,True,True,True,1,4.61,
1757,Rev5,5,W061,AE-3200,CH-B,EDG-10,Edge,0.84,294.5,2197.0,2063.5,2154.83,3578.2,True,True,True,False,1,5.78,polymer_residue
1758,Rev5,5,W061,AE-3200,CH-B,EDG-11,Edge,0.84,327.3,2137.69,2156.16,2234.53,3594.4,True,True,False,False,0,0.0,
1759,Rev5,5,W061,AE-3200,CH-B,EXT-01,Extreme Edge,0.96,16.4,2170.6,2171.24,2069.11,3655.4,True,True,True,False,0,0.0,
1760,Rev5,5,W061,AE-3200,CH-B,EXT-02,Extreme Edge,0.96,49.1,2138.86,2158.73,2086.99,3464.1,True,True,True,True,0,0.0,
1761,Rev5,5,W061,AE-3200,CH-B,EXT-03,Extreme Edge,0.96,81.8,2224.15,2153.02,2112.76,3467.2,True,True,True,True,0,0.0,
1762,Rev5,5,W061,AE-3200,CH-B,EXT-04,Extreme Edge,0.96,114.5,2193.96,2186.47,2269.36,3224.8,True,True,False,True,1,5.83,
1763,Rev5,5,W061,AE-3200,CH-B,EXT-05,Extreme Edge,0.96,147.3,2148.43,2169.67,2170.25,3644.8,True,True,False,False,3,11.6,polymer_residue
1764,Rev5,5,W061,AE-3200,CH-B,EXT-06,Extreme Edge,0.96,180.0,2132.2,2135.19,2199.22,3424.9,True,True,False,True,0,0.0,
1765,Rev5,5,W061,AE-3200,CH-B,EXT-07,Extreme Edge,0.96,212.7,2163.17,2146.57,2067.91,3567.4,True,True,True,False,2,5.11,endpoint_late
1766,Rev5,5,W061,AE-3200,CH-B,EXT-08,Extreme Edge,0.96,245.5,2140.51,2073.37,2203.22,3495.9,True,True,False,True,1,2.15,
1767,Rev5,5,W061,AE-3200,CH-B,EXT-09,Extreme Edge,0.96,278.2,2139.08,2113.05,2086.06,3388.9,True,True,True,True,1,2.35,polymer_residue
1768,Rev5,5,W061,AE-3200,CH-B,EXT-10,Extreme Edge,0.96,310.9,2212.08,2141.09,2291.14,3696.1,True,True,False,False,1,2.08,polymer_residue
1769,Rev5,5,W061,AE-3200,CH-B,EXT-11,Extreme Edge,0.96,343.6,2191.22,2141.99,2125.18,3528.3,True,True,True,False,0,0.0,
1770,Rev9,9,W062,AE-3200,CH-B,C1,Center,0.0,0.0,2157.02,2101.43,2107.37,2902.5,True,True,True,False,0,0.0,
1771,Rev9,9,W062,AE-3200,CH-B,MID-01,Mid,0.52,30.0,2181.86,2089.76,2101.99,3245.2,True,True,True,True,0,0.0,
1772,Rev9,9,W062,AE-3200,CH-B,MID-02,Mid,0.52,90.0,2160.82,2119.44,2115.3,3257.1,True,True,True,True,1,3.92,polymer_residue
1773,Rev9,9,W062,AE-3200,CH-B,MID-03,Mid,0.52,150.0,2162.65,2048.51,2185.61,3321.6,True,True,False,True,0,0.0,
1774,Rev9,9,W062,AE-3200,CH-B,MID-04,Mid,0.52,210.0,2158.99,2146.62,2087.26,3258.4,True,True,True,True,0,0.0,
1775,Rev9,9,W062,AE-3200,CH-B,MID-05,Mid,0.52,270.0,2142.56,2139.31,2077.16,3256.2,True,True,True,True,0,0.0,
1776,Rev9,9,W062,AE-3200,CH-B,MID-06,Mid,0.52,330.0,2144.95,2124.83,2197.91,3191.2,True,True,False,True,0,0.0,
1777,Rev9,9,W062,AE-3200,CH-B,EDG-01,Edge,0.84,0.0,2195.5,2172.07,2087.11,3208.2,True,True,True,True,0,0.0,
1778,Rev9,9,W062,AE-3200,CH-B,EDG-02,Edge,0.84,32.7,2177.76,2195.05,2173.17,3168.2,True,False,False,True,0,0.0,
1779,Rev9,9,W062,AE-3200,CH-B,EDG-03,Edge,0.84,65.5,2118.89,2146.58,2112.24,3390.7,True,True,True,True,0,0.0,
1780,Rev9,9,W062,AE-3200,CH-B,EDG-04,Edge,0.84,98.2,2217.45,2122.81,2152.02,3446.6,True,True,True,True,1,6.01,polymer_residue
1781,Rev9,9,W062,AE-3200,CH-B,EDG-05,Edge,0.84,130.9,2183.98,2211.25,2144.74,3243.6,True,False,True,True,0,0.0,
1782,Rev9,9,W062,AE-3200,CH-B,EDG-06,Edge,0.84,163.6,2189.81,2151.31,2119.12,3055.1,True,True,True,True,0,0.0,
1783,Rev9,9,W062,AE-3200,CH-B,EDG-07,Edge,0.84,196.4,2178.48,2178.0,2215.47,3275.5,True,True,False,True,2,6.24,
1784,Rev9,9,W062,AE-3200,CH-B,EDG-08,Edge,0.84,229.1,2206.21,2145.1,2147.79,3332.3,True,True,True,True,1,4.35,pressure_spike
1785,Rev9,9,W062,AE-3200,CH-B,EDG-09,Edge,0.84,261.8,2235.18,2153.19,2183.02,3188.5,False,True,False,True,0,0.0,
1786,Rev9,9,W062,AE-3200,CH-B,EDG-10,Edge,0.84,294.5,2199.43,2139.89,2249.06,3175.3,True,True,False,True,1,2.71,
1787,Rev9,9,W062,AE-3200,CH-B,EDG-11,Edge,0.84,327.3,2168.7,2181.75,2017.37,3122.6,True,True,True,True,1,2.39,
1788,Rev9,9,W062,AE-3200,CH-B,EXT-01,Extreme Edge,0.96,16.4,2200.79,2117.27,2190.3,3282.5,True,True,False,True,0,0.0,
1789,Rev9,9,W062,AE-3200,CH-B,EXT-02,Extreme Edge,0.96,49.1,2144.08,2167.5,2134.17,3354.6,True,True,True,True,0,0.0,
1790,Rev9,9,W062,AE-3200,CH-B,EXT-03,Extreme Edge,0.96,81.8,2249.71,2201.64,2120.65,3571.1,False,False,True,False,0,0.0,
1791,Rev9,9,W062,AE-3200,CH-B,EXT-04,Extreme Edge,0.96,114.5,2193.41,2242.31,2255.48,3198.9,True,False,False,True,2,12.27,endpoint_late
1792,Rev9,9,W062,AE-3200,CH-B,EXT-05,Extreme Edge,0.96,147.3,2195.91,2128.83,2169.1,3453.0,True,True,True,True,1,3.75,
1793,Rev9,9,W062,AE-3200,CH-B,EXT-06,Extreme Edge,0.96,180.0,2222.98,2141.21,2185.14,3231.7,True,True,False,True,0,0.0,
1794,Rev9,9,W062,AE-3200,CH-B,EXT-07,Extreme Edge,0.96,212.7,2213.94,2174.09,2127.02,3302.1,True,True,True,True,0,0.0,
1795,Rev9,9,W062,AE-3200,CH-B,EXT-08,Extreme Edge,0.96,245.5,2257.56,2174.2,2165.41,3478.7,False,True,True,True,0,0.0,
1796,Rev9,9,W062,AE-3200,CH-B,EXT-09,Extreme Edge,0.96,278.2,2214.71,2157.43,2158.55,3522.5,True,True,True,False,0,0.0,
1797,Rev9,9,W062,AE-3200,CH-B,EXT-10,Extreme Edge,0.96,310.9,2238.8,2229.11,2158.91,3376.3,False,False,True,True,0,0.0,
1798,Rev9,9,W062,AE-3200,CH-B,EXT-11,Extreme Edge,0.96,343.6,2229.8,2133.36,2080.91,3443.2,False,True,True,True,1,4.05,polymer_residue
1799,Rev6,6,W063,PX-7500,CH-C,C1,Center,0.0,0.0,2115.74,2160.83,2108.08,3025.8,True,True,True,True,0,0.0,
1800,Rev6,6,W063,PX-7500,CH-C,MID-01,Mid,0.52,30.0,2177.42,2087.46,2189.52,3304.9,True,True,False,True,0,0.0,
1801,Rev6,6,W063,PX-7500,CH-C,MID-02,Mid,0.52,90.0,2146.89,2129.23,2122.93,3059.6,True,True,True,True,0,0.0,
1802,Rev6,6,W063,PX-7500,CH-C,MID-03,Mid,0.52,150.0,2145.44,2112.96,2188.48,3329.9,True,True,False,True,0,0.0,
1803,Rev6,6,W063,PX-7500,CH-C,MID-04,Mid,0.52,210.0,2191.0,2115.54,2166.55,3282.3,True,True,True,True,0,0.0,
1804,Rev6,6,W063,PX-7500,CH-C,MID-05,Mid,0.52,270.0,2158.93,2181.04,2097.77,3245.6,True,True,True,True,1,3.84,esc_temp_drift
1805,Rev6,6,W063,PX-7500,CH-C,MID-06,Mid,0.52,330.0,2184.39,2126.36,2180.09,3488.9,True,True,False,True,1,6.22,polymer_residue
1806,Rev6,6,W063,PX-7500,CH-C,EDG-01,Edge,0.84,0.0,2213.09,2186.63,2246.03,3429.8,True,True,False,True,0,0.0,
1807,Rev6,6,W063,PX-7500,CH-C,EDG-02,Edge,0.84,32.7,2170.42,2118.98,2260.26,3341.8,True,True,False,True,0,0.0,
1808,Rev6,6,W063,PX-7500,CH-C,EDG-03,Edge,0.84,65.5,2246.35,2130.79,2139.4,3179.8,False,True,True,True,0,0.0,
1809,Rev6,6,W063,PX-7500,CH-C,EDG-04,Edge,0.84,98.2,2179.89,2102.0,2179.67,3201.5,True,True,False,True,0,0.0,
1810,Rev6,6,W063,PX-7500,CH-C,EDG-05,Edge,0.84,130.9,2191.72,2106.28,2233.3,3432.7,True,True,False,True,0,0.0,
1811,Rev6,6,W063,PX-7500,CH-C,EDG-06,Edge,0.84,163.6,2158.57,2153.11,2179.86,3339.2,True,True,False,True,0,0.0,
1812,Rev6,6,W063,PX-7500,CH-C,EDG-07,Edge,0.84,196.4,2172.85,2105.27,2114.36,3242.4,True,True,True,True,0,0.0,
1813,Rev6,6,W063,PX-7500,CH-C,EDG-08,Edge,0.84,229.1,2190.23,2176.34,2094.76,3516.3,True,True,True,False,1,3.56,polymer_residue
1814,Rev6,6,W063,PX-7500,CH-C,EDG-09,Edge,0.84,261.8,2175.38,2126.98,2189.29,3190.0,True,True,False,True,1,3.13,polymer_residue
1815,Rev6,6,W063,PX-7500,CH-C,EDG-10,Edge,0.84,294.5,2207.24,2126.52,2164.9,3585.8,True,True,True,False,1,3.91,pressure_spike
1816,Rev6,6,W063,PX-7500,CH-C,EDG-11,Edge,0.84,327.3,2192.19,2143.66,2213.4,3323.2,True,True,False,True,1,3.77,
1817,Rev6,6,W063,PX-7500,CH-C,EXT-01,Extreme Edge,0.96,16.4,2205.51,2186.74,2294.95,3398.0,True,True,False,True,0,0.0,
1818,Rev6,6,W063,PX-7500,CH-C,EXT-02,Extreme Edge,0.96,49.1,2152.21,2127.6,2223.2,3585.7,True,True,False,False,0,0.0,
1819,Rev6,6,W063,PX-7500,CH-C,EXT-03,Extreme Edge,0.96,81.8,2219.6,2206.23,2174.79,3477.6,True,False,False,True,0,0.0,
1820,Rev6,6,W063,PX-7500,CH-C,EXT-04,Extreme Edge,0.96,114.5,2223.94,2148.48,2239.64,3292.3,True,True,False,True,1,3.48,
1821,Rev6,6,W063,PX-7500,CH-C,EXT-05,Extreme Edge,0.96,147.3,2224.76,2131.45,2132.99,3504.2,True,True,True,False,1,3.78,
1822,Rev6,6,W063,PX-7500,CH-C,EXT-06,Extreme Edge,0.96,180.0,2213.18,2147.76,2211.82,3146.5,True,True,False,True,0,0.0,
1823,Rev6,6,W063,PX-7500,CH-C,EXT-07,Extreme Edge,0.96,212.7,2231.73,2187.89,2133.81,3215.6,False,True,True,True,3,13.99,arc_event
1824,Rev6,6,W063,PX-7500,CH-C,EXT-08,Extreme Edge,0.96,245.5,2199.98,2076.45,2150.85,3536.3,True,True,True,False,3,16.06,arc_event
1825,Rev6,6,W063,PX-7500,CH-C,EXT-09,Extreme Edge,0.96,278.2,2202.23,2137.35,2213.77,3266.3,True,True,False,True,0,0.0,
1826,Rev6,6,W063,PX-7500,CH-C,EXT-10,Extreme Edge,0.96,310.9,2256.39,2175.66,2255.15,3333.7,False,True,False,True,0,0.0,
1827,Rev6,6,W063,PX-7500,CH-C,EXT-11,Extreme Edge,0.96,343.6,2182.73,2176.53,2227.73,3494.2,True,True,False,True,0,0.0,
1828,Rev7,7,W064,PX-7500,CH-D,C1,Center,0.0,0.0,2097.91,2083.22,2143.93,3383.7,True,True,True,True,0,0.0,
1829,Rev7,7,W064,PX-7500,CH-D,MID-01,Mid,0.52,30.0,2103.76,2132.03,2093.83,3530.3,True,True,True,False,0,0.0,
1830,Rev7,7,W064,PX-7500,CH-D,MID-02,Mid,0.52,90.0,2114.06,2085.65,2184.77,3433.3,True,True,False,True,0,0.0,
1831,Rev7,7,W064,PX-7500,CH-D,MID-03,Mid,0.52,150.0,2099.44,2088.94,2160.04,3222.9,True,True,True,True,0,0.0,
1832,Rev7,7,W064,PX-7500,CH-D,MID-04,Mid,0.52,210.0,2100.09,2080.65,2200.53,3226.4,True,True,False,True,1,3.65,pressure_spike
1833,Rev7,7,W064,PX-7500,CH-D,MID-05,Mid,0.52,270.0,2182.37,2065.37,2068.87,3376.5,True,True,True,True,1,3.89,arc_event
1834,Rev7,7,W064,PX-7500,CH-D,MID-06,Mid,0.52,330.0,2130.83,2075.15,2158.02,3295.4,True,True,True,True,0,0.0,
1835,Rev7,7,W064,PX-7500,CH-D,EDG-01,Edge,0.84,0.0,2169.99,2096.07,2154.25,3263.3,True,True,True,True,0,0.0,
1836,Rev7,7,W064,PX-7500,CH-D,EDG-02,Edge,0.84,32.7,2144.47,2142.54,2242.59,3363.1,True,True,False,True,0,0.0,
1837,Rev7,7,W064,PX-7500,CH-D,EDG-03,Edge,0.84,65.5,2176.25,2150.91,2076.86,3500.9,True,True,True,False,0,0.0,
1838,Rev7,7,W064,PX-7500,CH-D,EDG-04,Edge,0.84,98.2,2153.92,2068.15,2053.05,3502.0,True,True,True,False,0,0.0,
1839,Rev7,7,W064,PX-7500,CH-D,EDG-05,Edge,0.84,130.9,2121.68,2104.9,2150.14,3311.4,True,True,True,True,0,0.0,
1840,Rev7,7,W064,PX-7500,CH-D,EDG-06,Edge,0.84,163.6,2179.99,2031.79,2212.35,3452.5,True,True,False,True,0,0.0,
1841,Rev7,7,W064,PX-7500,CH-D,EDG-07,Edge,0.84,196.4,2170.46,1995.03,2071.54,3458.0,True,False,True,True,1,5.24,pressure_spike
1842,Rev7,7,W064,PX-7500,CH-D,EDG-08,Edge,0.84,229.1,2175.75,2054.17,2105.05,3626.9,True,True,True,False,0,0.0,
1843,Rev7,7,W064,PX-7500,CH-D,EDG-09,Edge,0.84,261.8,2183.68,2115.65,2084.5,3291.9,True,True,True,True,1,5.68,pressure_spike
1844,Rev7,7,W064,PX-7500,CH-D,EDG-10,Edge,0.84,294.5,2126.37,2128.04,2055.59,3536.9,True,True,True,False,1,5.39,pressure_spike
1845,Rev7,7,W064,PX-7500,CH-D,EDG-11,Edge,0.84,327.3,2146.32,2103.05,2135.62,3453.1,True,True,True,True,0,0.0,
1846,Rev7,7,W064,PX-7500,CH-D,EXT-01,Extreme Edge,0.96,16.4,2176.17,2079.87,2193.34,3702.8,True,True,False,False,1,4.08,polymer_residue
1847,Rev7,7,W064,PX-7500,CH-D,EXT-02,Extreme Edge,0.96,49.1,2163.74,2127.89,2173.65,3612.6,True,True,False,False,0,0.0,
1848,Rev7,7,W064,PX-7500,CH-D,EXT-03,Extreme Edge,0.96,81.8,2158.41,2085.07,2131.56,3390.1,True,True,True,True,0,0.0,
1849,Rev7,7,W064,PX-7500,CH-D,EXT-04,Extreme Edge,0.96,114.5,2173.79,2161.65,2164.18,3399.7,True,True,True,True,1,2.45,
1850,Rev7,7,W064,PX-7500,CH-D,EXT-05,Extreme Edge,0.96,147.3,2143.56,2082.6,2092.41,3465.9,True,True,True,True,0,0.0,
1851,Rev7,7,W064,PX-7500,CH-D,EXT-06,Extreme Edge,0.96,180.0,2159.75,2094.14,2254.77,3386.3,True,True,False,True,0,0.0,
1852,Rev7,7,W064,PX-7500,CH-D,EXT-07,Extreme Edge,0.96,212.7,2193.91,2109.4,2166.87,3561.6,True,True,True,False,0,0.0,
1853,Rev7,7,W064,PX-7500,CH-D,EXT-08,Extreme Edge,0.96,245.5,2196.77,2139.41,2178.73,3503.7,True,True,False,False,0,0.0,
1854,Rev7,7,W064,PX-7500,CH-D,EXT-09,Extreme Edge,0.96,278.2,2146.18,2110.59,2016.09,3391.4,True,True,True,True,0,0.0,
1855,Rev7,7,W064,PX-7500,CH-D,EXT-10,Extreme Edge,0.96,310.9,2213.72,2158.2,2173.22,3374.9,True,True,False,True,1,1.88,pressure_spike
1856,Rev7,7,W064,PX-7500,CH-D,EXT-11,Extreme Edge,0.96,343.6,2201.87,2058.41,2127.29,3408.3,True,True,True,True,1,3.38,
1857,Rev5,5,W065,AE-3200,CH-B,C1,Center,0.0,0.0,2104.94,2057.93,1943.37,3153.7,True,True,True,True,0,0.0,
1858,Rev5,5,W065,AE-3200,CH-B,MID-01,Mid,0.52,30.0,2128.12,2135.21,2007.23,3171.0,True,True,True,True,0,0.0,
1859,Rev5,5,W065,AE-3200,CH-B,MID-02,Mid,0.52,90.0,2097.8,2116.4,1985.01,3632.1,True,True,True,False,0,0.0,
1860,Rev5,5,W065,AE-3200,CH-B,MID-03,Mid,0.52,150.0,2137.14,2081.85,2066.6,3398.9,True,True,True,True,0,0.0,
1861,Rev5,5,W065,AE-3200,CH-B,MID-04,Mid,0.52,210.0,2159.06,2145.69,1955.17,3507.3,True,True,True,False,0,0.0,
1862,Rev5,5,W065,AE-3200,CH-B,MID-05,Mid,0.52,270.0,2078.38,2067.93,2047.95,3169.1,True,True,True,True,0,0.0,
1863,Rev5,5,W065,AE-3200,CH-B,MID-06,Mid,0.52,330.0,2127.1,2077.45,2040.49,3278.0,True,True,True,True,1,3.0,pressure_spike
1864,Rev5,5,W065,AE-3200,CH-B,EDG-01,Edge,0.84,0.0,2132.35,2157.03,2132.14,3426.7,True,True,True,True,0,0.0,
1865,Rev5,5,W065,AE-3200,CH-B,EDG-02,Edge,0.84,32.7,2078.38,2179.94,2127.31,3156.7,True,True,True,True,0,0.0,
1866,Rev5,5,W065,AE-3200,CH-B,EDG-03,Edge,0.84,65.5,2150.32,2106.83,2051.45,3510.0,True,True,True,False,1,5.96,
1867,Rev5,5,W065,AE-3200,CH-B,EDG-04,Edge,0.84,98.2,2142.63,2100.52,2108.94,3231.6,True,True,True,True,1,6.36,polymer_residue
1868,Rev5,5,W065,AE-3200,CH-B,EDG-05,Edge,0.84,130.9,2205.79,2135.02,2063.87,3417.6,True,True,True,True,0,0.0,
1869,Rev5,5,W065,AE-3200,CH-B,EDG-06,Edge,0.84,163.6,2158.34,2133.89,2125.83,3233.2,True,True,True,True,2,6.8,polymer_residue
1870,Rev5,5,W065,AE-3200,CH-B,EDG-07,Edge,0.84,196.4,2164.17,2155.55,2192.08,3593.5,True,True,False,False,3,7.74,
1871,Rev5,5,W065,AE-3200,CH-B,EDG-08,Edge,0.84,229.1,2202.28,2112.41,2089.03,3410.5,True,True,True,True,0,0.0,
1872,Rev5,5,W065,AE-3200,CH-B,EDG-09,Edge,0.84,261.8,2188.47,2167.21,1985.18,3347.6,True,True,True,True,0,0.0,
1873,Rev5,5,W065,AE-3200,CH-B,EDG-10,Edge,0.84,294.5,2160.77,2078.27,2078.64,3361.9,True,True,True,True,0,0.0,
1874,Rev5,5,W065,AE-3200,CH-B,EDG-11,Edge,0.84,327.3,2151.6,2103.0,2019.03,3585.4,True,True,True,False,2,6.29,pressure_spike
1875,Rev5,5,W065,AE-3200,CH-B,EXT-01,Extreme Edge,0.96,16.4,2179.58,2140.21,2082.57,3282.4,True,True,True,True,0,0.0,
1876,Rev5,5,W065,AE-3200,CH-B,EXT-02,Extreme Edge,0.96,49.1,2146.76,2095.85,2064.91,3705.6,True,True,True,False,1,2.02,
1877,Rev5,5,W065,AE-3200,CH-B,EXT-03,Extreme Edge,0.96,81.8,2188.04,2097.92,2096.78,3261.8,True,True,True,True,2,11.43,
1878,Rev5,5,W065,AE-3200,CH-B,EXT-04,Extreme Edge,0.96,114.5,2226.57,2157.04,2169.36,3413.2,False,True,True,True,1,4.79,polymer_residue
1879,Rev5,5,W065,AE-3200,CH-B,EXT-05,Extreme Edge,0.96,147.3,2157.06,2079.42,2055.77,3371.8,True,True,True,True,2,5.82,pressure_spike
1880,Rev5,5,W065,AE-3200,CH-B,EXT-06,Extreme Edge,0.96,180.0,2159.27,2071.03,1984.91,3559.1,True,True,True,False,0,0.0,
1881,Rev5,5,W065,AE-3200,CH-B,EXT-07,Extreme Edge,0.96,212.7,2140.52,2104.22,2109.6,3557.6,True,True,True,False,2,3.95,polymer_residue
1882,Rev5,5,W065,AE-3200,CH-B,EXT-08,Extreme Edge,0.96,245.5,2211.27,2168.05,2074.85,3168.5,True,True,True,True,0,0.0,
1883,Rev5,5,W065,AE-3200,CH-B,EXT-09,Extreme Edge,0.96,278.2,2168.93,2135.09,2035.73,3395.5,True,True,True,True,1,2.77,arc_event
1884,Rev5,5,W065,AE-3200,CH-B,EXT-10,Extreme Edge,0.96,310.9,2160.32,2133.93,2063.2,3212.7,True,True,True,True,1,3.17,polymer_residue
1885,Rev5,5,W065,AE-3200,CH-B,EXT-11,Extreme Edge,0.96,343.6,2193.61,2124.62,2076.09,3331.3,True,True,True,True,0,0.0,
1886,Base,0,W066,AE-3200,CH-A,C1,Center,0.0,0.0,2117.0,2087.35,1961.09,3435.6,True,True,True,True,0,0.0,
1887,Base,0,W066,AE-3200,CH-A,MID-01,Mid,0.52,30.0,2168.43,2157.98,2047.02,3518.7,True,True,True,False,1,3.69,
1888,Base,0,W066,AE-3200,CH-A,MID-02,Mid,0.52,90.0,2159.88,2050.5,1900.86,3591.9,True,True,True,False,0,0.0,
1889,Base,0,W066,AE-3200,CH-A,MID-03,Mid,0.52,150.0,2127.22,2120.85,2011.48,3421.1,True,True,True,True,0,0.0,
1890,Base,0,W066,AE-3200,CH-A,MID-04,Mid,0.52,210.0,2155.99,2093.28,1948.54,3565.4,True,True,True,False,0,0.0,
1891,Base,0,W066,AE-3200,CH-A,MID-05,Mid,0.52,270.0,2151.51,2108.98,1918.25,3407.3,True,True,True,True,0,0.0,
1892,Base,0,W066,AE-3200,CH-A,MID-06,Mid,0.52,330.0,2115.58,2086.69,1872.93,3458.7,True,True,False,True,0,0.0,
1893,Base,0,W066,AE-3200,CH-A,EDG-01,Edge,0.84,0.0,2177.43,2126.31,2067.3,3373.7,True,True,True,True,0,0.0,
1894,Base,0,W066,AE-3200,CH-A,EDG-02,Edge,0.84,32.7,2164.08,2147.88,2043.03,3632.5,True,True,True,False,0,0.0,
1895,Base,0,W066,AE-3200,CH-A,EDG-03,Edge,0.84,65.5,2171.26,2135.88,1973.41,3577.7,True,True,True,False,1,4.93,polymer_residue
1896,Base,0,W066,AE-3200,CH-A,EDG-04,Edge,0.84,98.2,2162.99,2055.71,1934.3,3466.6,True,True,True,True,0,0.0,
1897,Base,0,W066,AE-3200,CH-A,EDG-05,Edge,0.84,130.9,2158.34,2127.07,2071.84,3363.8,True,True,True,True,0,0.0,
1898,Base,0,W066,AE-3200,CH-A,EDG-06,Edge,0.84,163.6,2189.71,2146.53,1981.84,3338.6,True,True,True,True,0,0.0,
1899,Base,0,W066,AE-3200,CH-A,EDG-07,Edge,0.84,196.4,2169.96,2131.77,2061.74,3625.0,True,True,True,False,1,4.22,arc_event
1900,Base,0,W066,AE-3200,CH-A,EDG-08,Edge,0.84,229.1,2189.13,2099.76,2115.36,3276.5,True,True,True,True,1,2.26,
1901,Base,0,W066,AE-3200,CH-A,EDG-09,Edge,0.84,261.8,2175.17,2100.9,2021.09,3567.1,True,True,True,False,1,3.55,polymer_residue
1902,Base,0,W066,AE-3200,CH-A,EDG-10,Edge,0.84,294.5,2185.86,2129.75,2040.91,3634.9,True,True,True,False,0,0.0,
1903,Base,0,W066,AE-3200,CH-A,EDG-11,Edge,0.84,327.3,2168.34,2146.05,1936.59,3327.4,True,True,True,True,0,0.0,
1904,Base,0,W066,AE-3200,CH-A,EXT-01,Extreme Edge,0.96,16.4,2206.69,2152.55,2005.5,3377.0,True,True,True,True,0,0.0,
1905,Base,0,W066,AE-3200,CH-A,EXT-02,Extreme Edge,0.96,49.1,2200.73,2113.38,2055.09,3527.8,True,True,True,False,0,0.0,
1906,Base,0,W066,AE-3200,CH-A,EXT-03,Extreme Edge,0.96,81.8,2190.72,2109.54,1995.01,3607.7,True,True,True,False,0,0.0,
1907,Base,0,W066,AE-3200,CH-A,EXT-04,Extreme Edge,0.96,114.5,2172.82,2119.41,2038.18,3471.4,True,True,True,True,2,10.89,
1908,Base,0,W066,AE-3200,CH-A,EXT-05,Extreme Edge,0.96,147.3,2182.6,2195.06,1953.94,3489.6,True,False,True,True,2,12.16,
1909,Base,0,W066,AE-3200,CH-A,EXT-06,Extreme Edge,0.96,180.0,2164.99,2166.08,1998.68,3598.0,True,True,True,False,1,6.31,polymer_residue
1910,Base,0,W066,AE-3200,CH-A,EXT-07,Extreme Edge,0.96,212.7,2154.81,2106.66,2048.5,3417.1,True,True,True,True,0,0.0,
1911,Base,0,W066,AE-3200,CH-A,EXT-08,Extreme Edge,0.96,245.5,2188.34,2112.28,2091.79,3325.7,True,True,True,True,1,4.09,endpoint_late
1912,Base,0,W066,AE-3200,CH-A,EXT-09,Extreme Edge,0.96,278.2,2182.67,2185.76,2073.14,3483.6,True,True,True,True,0,0.0,
1913,Base,0,W066,AE-3200,CH-A,EXT-10,Extreme Edge,0.96,310.9,2191.95,2118.23,2095.66,3491.6,True,True,True,True,1,3.59,
1914,Base,0,W066,AE-3200,CH-A,EXT-11,Extreme Edge,0.96,343.6,2201.03,2168.56,2014.15,3619.5,True,True,True,False,1,3.95,polymer_residue
1915,Rev11,11,W067,PX-7500,CH-D,C1,Center,0.0,0.0,2193.23,2173.98,1965.07,2898.9,True,True,True,False,1,5.85,arc_event
1916,Rev11,11,W067,PX-7500,CH-D,MID-01,Mid,0.52,30.0,2269.13,2197.3,2124.45,2912.5,False,False,True,False,0,0.0,
1917,Rev11,11,W067,PX-7500,CH-D,MID-02,Mid,0.52,90.0,2211.87,2150.73,1986.31,3184.1,True,True,True,True,0,0.0,
1918,Rev11,11,W067,PX-7500,CH-D,MID-03,Mid,0.52,150.0,2273.13,2165.06,1900.13,3018.6,False,True,True,True,0,0.0,
1919,Rev11,11,W067,PX-7500,CH-D,MID-04,Mid,0.52,210.0,2228.38,2187.24,1986.47,3018.2,False,True,True,True,0,0.0,
1920,Rev11,11,W067,PX-7500,CH-D,MID-05,Mid,0.52,270.0,2229.57,2190.95,2005.04,3072.7,False,True,True,True,1,4.87,pressure_spike
1921,Rev11,11,W067,PX-7500,CH-D,MID-06,Mid,0.52,330.0,2274.93,2234.79,1975.93,3246.3,False,False,True,True,1,3.38,polymer_residue
1922,Rev11,11,W067,PX-7500,CH-D,EDG-01,Edge,0.84,0.0,2255.62,2165.82,2086.85,3154.6,False,True,True,True,0,0.0,
1923,Rev11,11,W067,PX-7500,CH-D,EDG-02,Edge,0.84,32.7,2252.88,2227.23,2006.43,2999.7,False,False,True,False,1,1.88,endpoint_late
1924,Rev11,11,W067,PX-7500,CH-D,EDG-03,Edge,0.84,65.5,2245.0,2206.1,2079.45,3076.7,False,False,True,True,0,0.0,
1925,Rev11,11,W067,PX-7500,CH-D,EDG-04,Edge,0.84,98.2,2264.29,2201.68,1956.91,3054.0,False,False,True,True,1,4.0,
1926,Rev11,11,W067,PX-7500,CH-D,EDG-05,Edge,0.84,130.9,2276.04,2169.06,2094.71,3015.4,False,True,True,True,2,4.33,polymer_residue
1927,Rev11,11,W067,PX-7500,CH-D,EDG-06,Edge,0.84,163.6,2231.33,2242.22,2065.06,2974.9,False,False,True,False,1,5.04,arc_event
1928,Rev11,11,W067,PX-7500,CH-D,EDG-07,Edge,0.84,196.4,2229.29,2174.67,2024.44,3086.4,False,True,True,True,1,3.81,polymer_residue
1929,Rev11,11,W067,PX-7500,CH-D,EDG-08,Edge,0.84,229.1,2270.55,2277.38,2007.06,3164.1,False,False,True,True,1,5.8,
1930,Rev11,11,W067,PX-7500,CH-D,EDG-09,Edge,0.84,261.8,2244.39,2218.18,2114.01,2810.0,False,False,True,False,1,3.4,polymer_residue
1931,Rev11,11,W067,PX-7500,CH-D,EDG-10,Edge,0.84,294.5,2261.49,2120.76,2114.37,3176.2,False,True,True,True,0,0.0,
1932,Rev11,11,W067,PX-7500,CH-D,EDG-11,Edge,0.84,327.3,2258.04,2187.96,2100.08,3120.0,False,True,True,True,0,0.0,
1933,Rev11,11,W067,PX-7500,CH-D,EXT-01,Extreme Edge,0.96,16.4,2265.81,2244.49,2172.47,3086.1,False,False,False,True,0,0.0,
1934,Rev11,11,W067,PX-7500,CH-D,EXT-02,Extreme Edge,0.96,49.1,2265.37,2167.89,2001.84,3159.7,False,True,True,True,0,0.0,
1935,Rev11,11,W067,PX-7500,CH-D,EXT-03,Extreme Edge,0.96,81.8,2270.74,2207.89,2035.35,3081.5,False,False,True,True,1,1.96,polymer_residue
1936,Rev11,11,W067,PX-7500,CH-D,EXT-04,Extreme Edge,0.96,114.5,2291.44,2251.36,2105.75,2919.9,False,False,True,False,1,2.03,polymer_residue
1937,Rev11,11,W067,PX-7500,CH-D,EXT-05,Extreme Edge,0.96,147.3,2300.45,2186.26,2089.64,3019.6,False,True,True,True,1,3.48,esc_temp_drift
1938,Rev11,11,W067,PX-7500,CH-D,EXT-06,Extreme Edge,0.96,180.0,2275.1,2188.01,2099.74,3008.6,False,True,True,True,0,0.0,
1939,Rev11,11,W067,PX-7500,CH-D,EXT-07,Extreme Edge,0.96,212.7,2270.02,2216.92,1970.14,3030.5,False,False,True,True,2,7.85,
1940,Rev11,11,W067,PX-7500,CH-D,EXT-08,Extreme Edge,0.96,245.5,2284.35,2244.44,2125.83,3209.8,False,False,True,True,3,13.99,polymer_residue
1941,Rev11,11,W067,PX-7500,CH-D,EXT-09,Extreme Edge,0.96,278.2,2280.0,2240.6,2064.06,2998.0,False,False,True,False,1,3.13,
1942,Rev11,11,W067,PX-7500,CH-D,EXT-10,Extreme Edge,0.96,310.9,2251.6,2191.64,2024.14,3163.0,False,True,True,True,3,12.32,
1943,Rev11,11,W067,PX-7500,CH-D,EXT-11,Extreme Edge,0.96,343.6,2251.61,2233.91,2007.01,2914.1,False,False,True,False,0,0.0,
1944,Rev6,6,W068,PX-7500,CH-C,C1,Center,0.0,0.0,2145.33,2092.81,2107.51,3032.3,True,True,True,True,0,0.0,
1945,Rev6,6,W068,PX-7500,CH-C,MID-01,Mid,0.52,30.0,2136.86,2145.01,2091.19,3316.1,True,True,True,True,0,0.0,
1946,Rev6,6,W068,PX-7500,CH-C,MID-02,Mid,0.52,90.0,2134.84,2070.37,2150.61,3153.6,True,True,True,True,1,3.54,esc_temp_drift
1947,Rev6,6,W068,PX-7500,CH-C,MID-03,Mid,0.52,150.0,2148.01,2159.55,2036.22,3314.8,True,True,True,True,0,0.0,
1948,Rev6,6,W068,PX-7500,CH-C,MID-04,Mid,0.52,210.0,2156.38,2103.36,2222.24,3258.6,True,True,False,True,0,0.0,
1949,Rev6,6,W068,PX-7500,CH-C,MID-05,Mid,0.52,270.0,2150.95,2101.51,2214.45,3281.7,True,True,False,True,0,0.0,
1950,Rev6,6,W068,PX-7500,CH-C,MID-06,Mid,0.52,330.0,2107.15,2089.62,2023.68,3037.0,True,True,True,True,0,0.0,
1951,Rev6,6,W068,PX-7500,CH-C,EDG-01,Edge,0.84,0.0,2148.43,2121.24,2243.83,3238.5,True,True,False,True,0,0.0,
1952,Rev6,6,W068,PX-7500,CH-C,EDG-02,Edge,0.84,32.7,2209.52,2150.94,2162.47,3399.3,True,True,True,True,0,0.0,
1953,Rev6,6,W068,PX-7500,CH-C,EDG-03,Edge,0.84,65.5,2125.27,2149.03,2099.21,3405.7,True,True,True,True,0,0.0,
1954,Rev6,6,W068,PX-7500,CH-C,EDG-04,Edge,0.84,98.2,2152.27,2138.94,2114.29,3308.7,True,True,True,True,0,0.0,
1955,Rev6,6,W068,PX-7500,CH-C,EDG-05,Edge,0.84,130.9,2224.38,2072.49,2143.08,3089.1,True,True,True,True,1,6.26,
1956,Rev6,6,W068,PX-7500,CH-C,EDG-06,Edge,0.84,163.6,2153.88,2106.59,2212.13,3334.0,True,True,False,True,1,4.33,
1957,Rev6,6,W068,PX-7500,CH-C,EDG-07,Edge,0.84,196.4,2158.58,2086.79,2094.85,3218.2,True,True,True,True,0,0.0,
1958,Rev6,6,W068,PX-7500,CH-C,EDG-08,Edge,0.84,229.1,2145.71,2109.83,2163.72,3348.3,True,True,True,True,0,0.0,
1959,Rev6,6,W068,PX-7500,CH-C,EDG-09,Edge,0.84,261.8,2140.33,2150.35,2159.26,3365.1,True,True,True,True,1,6.35,
1960,Rev6,6,W068,PX-7500,CH-C,EDG-10,Edge,0.84,294.5,2153.9,2065.52,2115.89,3491.8,True,True,True,True,0,0.0,
1961,Rev6,6,W068,PX-7500,CH-C,EDG-11,Edge,0.84,327.3,2154.94,2133.18,2181.47,3430.2,True,True,False,True,1,5.92,pressure_spike
1962,Rev6,6,W068,PX-7500,CH-C,EXT-01,Extreme Edge,0.96,16.4,2215.34,2146.41,2213.07,3145.9,True,True,False,True,3,18.34,esc_temp_drift
1963,Rev6,6,W068,PX-7500,CH-C,EXT-02,Extreme Edge,0.96,49.1,2206.31,2174.91,2240.47,3013.6,True,True,False,True,1,6.33,esc_temp_drift
1964,Rev6,6,W068,PX-7500,CH-C,EXT-03,Extreme Edge,0.96,81.8,2173.84,2088.44,2132.35,3035.6,True,True,True,True,0,0.0,
1965,Rev6,6,W068,PX-7500,CH-C,EXT-04,Extreme Edge,0.96,114.5,2174.55,2154.77,2249.25,3339.3,True,True,False,True,0,0.0,
1966,Rev6,6,W068,PX-7500,CH-C,EXT-05,Extreme Edge,0.96,147.3,2170.51,2160.4,2251.07,3125.4,True,True,False,True,1,2.49,
1967,Rev6,6,W068,PX-7500,CH-C,EXT-06,Extreme Edge,0.96,180.0,2237.37,2160.13,2093.06,3239.3,False,True,True,True,0,0.0,
1968,Rev6,6,W068,PX-7500,CH-C,EXT-07,Extreme Edge,0.96,212.7,2195.31,2097.22,2109.4,3361.5,True,True,True,True,2,7.36,polymer_residue
1969,Rev6,6,W068,PX-7500,CH-C,EXT-08,Extreme Edge,0.96,245.5,2143.34,2151.94,2149.42,3342.0,True,True,True,True,0,0.0,
1970,Rev6,6,W068,PX-7500,CH-C,EXT-09,Extreme Edge,0.96,278.2,2239.19,2122.19,2170.83,3266.1,False,True,False,True,0,0.0,
1971,Rev6,6,W068,PX-7500,CH-C,EXT-10,Extreme Edge,0.96,310.9,2201.06,2131.82,2256.56,3135.9,True,True,False,True,1,2.3,
1972,Rev6,6,W068,PX-7500,CH-C,EXT-11,Extreme Edge,0.96,343.6,2180.36,2115.02,2053.89,3029.5,True,True,True,True,0,0.0,
1973,Rev11,11,W069,PX-7500,CH-D,C1,Center,0.0,0.0,2202.8,2132.69,1956.16,3074.7,True,True,True,True,0,0.0,
1974,Rev11,11,W069,PX-7500,CH-D,MID-01,Mid,0.52,30.0,2238.26,2163.81,1860.8,3087.1,False,True,False,True,0,0.0,
1975,Rev11,11,W069,PX-7500,CH-D,MID-02,Mid,0.52,90.0,2247.78,2143.64,1869.84,3195.5,False,True,False,True,0,0.0,
1976,Rev11,11,W069,PX-7500,CH-D,MID-03,Mid,0.52,150.0,2233.5,2167.33,1999.91,3084.1,False,True,True,True,0,0.0,
1977,Rev11,11,W069,PX-7500,CH-D,MID-04,Mid,0.52,210.0,2190.64,2139.78,1936.22,2986.9,True,True,True,False,0,0.0,
1978,Rev11,11,W069,PX-7500,CH-D,MID-05,Mid,0.52,270.0,2225.11,2174.44,1986.3,3177.1,False,True,True,True,0,0.0,
1979,Rev11,11,W069,PX-7500,CH-D,MID-06,Mid,0.52,330.0,2250.14,2153.99,1990.48,2706.2,False,True,True,False,1,3.18,
1980,Rev11,11,W069,PX-7500,CH-D,EDG-01,Edge,0.84,0.0,2267.72,2157.08,1898.91,2955.5,False,True,False,False,0,0.0,
1981,Rev11,11,W069,PX-7500,CH-D,EDG-02,Edge,0.84,32.7,2218.08,2210.1,1971.9,2954.0,True,False,True,False,0,0.0,
1982,Rev11,11,W069,PX-7500,CH-D,EDG-03,Edge,0.84,65.5,2197.82,2260.35,2013.43,3088.9,True,False,True,True,0,0.0,
1983,Rev11,11,W069,PX-7500,CH-D,EDG-04,Edge,0.84,98.2,2274.69,2167.08,2032.61,3218.5,False,True,True,True,1,4.76,
1984,Rev11,11,W069,PX-7500,CH-D,EDG-05,Edge,0.84,130.9,2245.53,2258.8,1952.85,3223.2,False,False,True,True,0,0.0,
1985,Rev11,11,W069,PX-7500,CH-D,EDG-06,Edge,0.84,163.6,2248.17,2200.94,1975.13,3279.4,False,False,True,True,1,5.97,
1986,Rev11,11,W069,PX-7500,CH-D,EDG-07,Edge,0.84,196.4,2221.35,2177.93,1959.04,3162.3,True,True,True,True,0,0.0,
1987,Rev11,11,W069,PX-7500,CH-D,EDG-08,Edge,0.84,229.1,2276.51,2186.28,1922.28,3170.7,False,True,True,True,0,0.0,
1988,Rev11,11,W069,PX-7500,CH-D,EDG-09,Edge,0.84,261.8,2267.68,2164.79,2002.37,3100.7,False,True,True,True,1,4.71,
1989,Rev11,11,W069,PX-7500,CH-D,EDG-10,Edge,0.84,294.5,2239.75,2203.81,1888.47,3162.3,False,False,False,True,0,0.0,
1990,Rev11,11,W069,PX-7500,CH-D,EDG-11,Edge,0.84,327.3,2252.89,2202.37,1902.34,3129.6,False,False,True,True,1,3.76,
1991,Rev11,11,W069,PX-7500,CH-D,EXT-01,Extreme Edge,0.96,16.4,2242.04,2237.28,1915.15,3012.5,False,False,True,True,0,0.0,
1992,Rev11,11,W069,PX-7500,CH-D,EXT-02,Extreme Edge,0.96,49.1,2272.2,2221.66,1951.53,3043.6,False,False,True,True,1,6.25,
1993,Rev11,11,W069,PX-7500,CH-D,EXT-03,Extreme Edge,0.96,81.8,2269.12,2239.92,1861.13,3136.9,False,False,False,True,0,0.0,
1994,Rev11,11,W069,PX-7500,CH-D,EXT-04,Extreme Edge,0.96,114.5,2311.2,2209.52,1986.04,3305.3,False,False,True,True,3,19.14,
1995,Rev11,11,W069,PX-7500,CH-D,EXT-05,Extreme Edge,0.96,147.3,2238.32,2182.54,2017.33,3102.0,False,True,True,True,0,0.0,
1996,Rev11,11,W069,PX-7500,CH-D,EXT-06,Extreme Edge,0.96,180.0,2257.85,2279.13,1965.5,2795.2,False,False,True,False,2,10.41,polymer_residue
1997,Rev11,11,W069,PX-7500,CH-D,EXT-07,Extreme Edge,0.96,212.7,2263.76,2210.56,2006.86,3151.6,False,False,True,True,1,3.49,
1998,Rev11,11,W069,PX-7500,CH-D,EXT-08,Extreme Edge,0.96,245.5,2251.42,2195.8,2011.35,3019.5,False,False,True,True,0,0.0,
1999,Rev11,11,W069,PX-7500,CH-D,EXT-09,Extreme Edge,0.96,278.2,2277.7,2171.69,1995.11,3152.9,False,True,True,True,3,6.56,
2000,Rev11,11,W069,PX-7500,CH-D,EXT-10,Extreme Edge,0.96,310.9,2307.13,2218.98,1954.11,3258.5,False,False,True,True,1,2.02,
2001,Rev11,11,W069,PX-7500,CH-D,EXT-11,Extreme Edge,0.96,343.6,2293.64,2152.27,1905.04,3169.9,False,True,True,True,1,2.8,
2002,Rev6,6,W070,PX-7500,CH-C,C1,Center,0.0,0.0,2140.01,2109.16,2046.46,3421.5,True,True,True,True,1,4.57,
2003,Rev6,6,W070,PX-7500,CH-C,MID-01,Mid,0.52,30.0,2144.38,2146.17,2151.51,3211.5,True,True,True,True,0,0.0,
2004,Rev6,6,W070,PX-7500,CH-C,MID-02,Mid,0.52,90.0,2158.92,2139.87,2080.72,3422.5,True,True,True,True,1,6.39,polymer_residue
2005,Rev6,6,W070,PX-7500,CH-C,MID-03,Mid,0.52,150.0,2152.61,2095.66,2053.38,3348.5,True,True,True,True,0,0.0,
2006,Rev6,6,W070,PX-7500,CH-C,MID-04,Mid,0.52,210.0,2116.73,2123.84,2067.67,3142.1,True,True,True,True,1,5.48,polymer_residue
2007,Rev6,6,W070,PX-7500,CH-C,MID-05,Mid,0.52,270.0,2121.45,2089.14,2150.91,3117.9,True,True,True,True,1,2.74,polymer_residue
2008,Rev6,6,W070,PX-7500,CH-C,MID-06,Mid,0.52,330.0,2146.57,2143.23,2157.84,3201.0,True,True,True,True,0,0.0,
2009,Rev6,6,W070,PX-7500,CH-C,EDG-01,Edge,0.84,0.0,2149.39,2077.21,2128.07,3405.9,True,True,True,True,0,0.0,
2010,Rev6,6,W070,PX-7500,CH-C,EDG-02,Edge,0.84,32.7,2167.82,2152.7,2227.45,3473.3,True,True,False,True,0,0.0,
2011,Rev6,6,W070,PX-7500,CH-C,EDG-03,Edge,0.84,65.5,2130.66,2125.47,2154.21,3136.4,True,True,True,True,0,0.0,
2012,Rev6,6,W070,PX-7500,CH-C,EDG-04,Edge,0.84,98.2,2168.75,2164.84,2122.89,3304.0,True,True,True,True,0,0.0,
2013,Rev6,6,W070,PX-7500,CH-C,EDG-05,Edge,0.84,130.9,2151.12,2146.75,2154.22,3264.4,True,True,True,True,1,3.44,
2014,Rev6,6,W070,PX-7500,CH-C,EDG-06,Edge,0.84,163.6,2198.29,2151.99,2213.25,3311.3,True,True,False,True,1,6.21,endpoint_late
2015,Rev6,6,W070,PX-7500,CH-C,EDG-07,Edge,0.84,196.4,2180.48,2150.56,2107.76,3544.2,True,True,True,False,2,11.98,
2016,Rev6,6,W070,PX-7500,CH-C,EDG-08,Edge,0.84,229.1,2186.15,2160.98,2244.7,3307.0,True,True,False,True,2,4.04,
2017,Rev6,6,W070,PX-7500,CH-C,EDG-09,Edge,0.84,261.8,2166.34,2198.13,2004.86,3553.2,True,False,True,False,0,0.0,
2018,Rev6,6,W070,PX-7500,CH-C,EDG-10,Edge,0.84,294.5,2117.29,2157.8,2235.32,3362.1,True,True,False,True,1,4.49,polymer_residue
2019,Rev6,6,W070,PX-7500,CH-C,EDG-11,Edge,0.84,327.3,2176.08,2101.81,2158.98,3399.3,True,True,True,True,0,0.0,
2020,Rev6,6,W070,PX-7500,CH-C,EXT-01,Extreme Edge,0.96,16.4,2163.88,2070.27,2181.13,3323.4,True,True,False,True,2,8.78,
2021,Rev6,6,W070,PX-7500,CH-C,EXT-02,Extreme Edge,0.96,49.1,2183.53,2152.65,2130.03,3552.4,True,True,True,False,1,3.74,
2022,Rev6,6,W070,PX-7500,CH-C,EXT-03,Extreme Edge,0.96,81.8,2150.36,2165.92,2099.66,3463.3,True,True,True,True,0,0.0,
2023,Rev6,6,W070,PX-7500,CH-C,EXT-04,Extreme Edge,0.96,114.5,2197.06,2161.43,2128.19,3434.2,True,True,True,True,0,0.0,
2024,Rev6,6,W070,PX-7500,CH-C,EXT-05,Extreme Edge,0.96,147.3,2164.91,2133.98,2196.59,3271.3,True,True,False,True,0,0.0,
2025,Rev6,6,W070,PX-7500,CH-C,EXT-06,Extreme Edge,0.96,180.0,2205.88,2139.42,2108.88,3527.6,True,True,True,False,1,2.32,endpoint_late
2026,Rev6,6,W070,PX-7500,CH-C,EXT-07,Extreme Edge,0.96,212.7,2142.47,2160.16,2199.9,3602.5,True,True,False,False,1,5.97,
2027,Rev6,6,W070,PX-7500,CH-C,EXT-08,Extreme Edge,0.96,245.5,2119.42,2232.73,2060.01,3641.5,True,False,True,False,1,2.87,polymer_residue
2028,Rev6,6,W070,PX-7500,CH-C,EXT-09,Extreme Edge,0.96,278.2,2192.61,2179.87,2134.24,3382.7,True,True,True,True,0,0.0,
2029,Rev6,6,W070,PX-7500,CH-C,EXT-10,Extreme Edge,0.96,310.9,2145.86,2159.13,2213.0,3401.2,True,True,False,True,0,0.0,
2030,Rev6,6,W070,PX-7500,CH-C,EXT-11,Extreme Edge,0.96,343.6,2164.0,2126.93,2205.93,3301.6,True,True,False,True,0,0.0,
2031,Rev4,4,W071,AE-3200,CH-A,C1,Center,0.0,0.0,2126.27,2121.35,2042.85,3489.8,True,True,True,True,1,4.12,
2032,Rev4,4,W071,AE-3200,CH-A,MID-01,Mid,0.52,30.0,2161.67,2053.45,1998.25,3263.1,True,True,True,True,0,0.0,
2033,Rev4,4,W071,AE-3200,CH-A,MID-02,Mid,0.52,90.0,2153.54,2121.84,2080.34,3473.2,True,True,True,True,0,0.0,
2034,Rev4,4,W071,AE-3200,CH-A,MID-03,Mid,0.52,150.0,2124.98,2101.36,2053.33,3449.7,True,True,True,True,0,0.0,
2035,Rev4,4,W071,AE-3200,CH-A,MID-04,Mid,0.52,210.0,2130.61,2084.4,2108.88,3342.9,True,True,True,True,0,0.0,
2036,Rev4,4,W071,AE-3200,CH-A,MID-05,Mid,0.52,270.0,2152.64,2057.97,2017.32,3353.2,True,True,True,True,0,0.0,
2037,Rev4,4,W071,AE-3200,CH-A,MID-06,Mid,0.52,330.0,2123.22,2132.4,2054.6,3310.2,True,True,True,True,0,0.0,
2038,Rev4,4,W071,AE-3200,CH-A,EDG-01,Edge,0.84,0.0,2154.53,2125.49,2148.09,3341.6,True,True,True,True,1,3.42,polymer_residue
2039,Rev4,4,W071,AE-3200,CH-A,EDG-02,Edge,0.84,32.7,2164.03,2136.68,2170.44,3509.8,True,True,False,False,1,4.59,
2040,Rev4,4,W071,AE-3200,CH-A,EDG-03,Edge,0.84,65.5,2158.58,2097.93,2058.95,3492.8,True,True,True,True,1,2.78,polymer_residue
2041,Rev4,4,W071,AE-3200,CH-A,EDG-04,Edge,0.84,98.2,2178.09,2069.34,2177.2,3381.5,True,True,False,True,0,0.0,
2042,Rev4,4,W071,AE-3200,CH-A,EDG-05,Edge,0.84,130.9,2218.75,2065.19,2191.77,3511.2,True,True,False,False,0,0.0,
2043,Rev4,4,W071,AE-3200,CH-A,EDG-06,Edge,0.84,163.6,2164.22,2139.56,2026.87,3679.9,True,True,True,False,1,3.04,
2044,Rev4,4,W071,AE-3200,CH-A,EDG-07,Edge,0.84,196.4,2166.41,2165.88,2127.27,3238.5,True,True,True,True,0,0.0,
2045,Rev4,4,W071,AE-3200,CH-A,EDG-08,Edge,0.84,229.1,2168.07,2105.43,2104.3,3154.9,True,True,True,True,0,0.0,
2046,Rev4,4,W071,AE-3200,CH-A,EDG-09,Edge,0.84,261.8,2146.11,2122.13,2120.51,3263.7,True,True,True,True,0,0.0,
2047,Rev4,4,W071,AE-3200,CH-A,EDG-10,Edge,0.84,294.5,2143.85,2103.13,2046.67,3459.8,True,True,True,True,0,0.0,
2048,Rev4,4,W071,AE-3200,CH-A,EDG-11,Edge,0.84,327.3,2159.35,2053.31,2079.32,3083.0,True,True,True,True,0,0.0,
2049,Rev4,4,W071,AE-3200,CH-A,EXT-01,Extreme Edge,0.96,16.4,2165.03,2112.01,2159.44,3590.3,True,True,True,False,0,0.0,
2050,Rev4,4,W071,AE-3200,CH-A,EXT-02,Extreme Edge,0.96,49.1,2189.0,2130.77,2176.32,3280.6,True,True,False,True,0,0.0,
2051,Rev4,4,W071,AE-3200,CH-A,EXT-03,Extreme Edge,0.96,81.8,2124.0,2140.88,2198.17,3436.9,True,True,False,True,2,11.71,endpoint_late
2052,Rev4,4,W071,AE-3200,CH-A,EXT-04,Extreme Edge,0.96,114.5,2228.37,2107.91,2133.53,3359.4,False,True,True,True,0,0.0,
2053,Rev4,4,W071,AE-3200,CH-A,EXT-05,Extreme Edge,0.96,147.3,2179.66,2089.31,2033.14,3349.9,True,True,True,True,0,0.0,
2054,Rev4,4,W071,AE-3200,CH-A,EXT-06,Extreme Edge,0.96,180.0,2233.94,2123.17,2157.17,3417.1,False,True,True,True,0,0.0,
2055,Rev4,4,W071,AE-3200,CH-A,EXT-07,Extreme Edge,0.96,212.7,2207.47,2118.91,2114.03,3541.4,True,True,True,False,1,5.85,pressure_spike
2056,Rev4,4,W071,AE-3200,CH-A,EXT-08,Extreme Edge,0.96,245.5,2151.65,2117.8,2094.47,3136.7,True,True,True,True,1,4.25,
2057,Rev4,4,W071,AE-3200,CH-A,EXT-09,Extreme Edge,0.96,278.2,2099.23,2099.43,2143.26,3681.6,True,True,True,False,0,0.0,
2058,Rev4,4,W071,AE-3200,CH-A,EXT-10,Extreme Edge,0.96,310.9,2186.12,2081.24,2137.4,3257.8,True,True,True,True,1,5.27,
2059,Rev4,4,W071,AE-3200,CH-A,EXT-11,Extreme Edge,0.96,343.6,2188.19,2119.28,2212.1,3295.7,True,True,False,True,1,2.83,
2060,Rev11,11,W072,PX-7500,CH-D,C1,Center,0.0,0.0,2235.64,2070.82,1989.35,3143.0,False,True,True,True,1,5.23,polymer_residue
2061,Rev11,11,W072,PX-7500,CH-D,MID-01,Mid,0.52,30.0,2207.76,2134.58,1874.84,3047.6,True,True,False,True,0,0.0,
2062,Rev11,11,W072,PX-7500,CH-D,MID-02,Mid,0.52,90.0,2254.58,2084.97,2028.42,3121.8,False,True,True,True,0,0.0,
2063,Rev11,11,W072,PX-7500,CH-D,MID-03,Mid,0.52,150.0,2200.6,2164.41,1929.61,3074.5,True,True,True,True,0,0.0,
2064,Rev11,11,W072,PX-7500,CH-D,MID-04,Mid,0.52,210.0,2251.68,2134.96,1984.92,3005.2,False,True,True,True,0,0.0,
2065,Rev11,11,W072,PX-7500,CH-D,MID-05,Mid,0.52,270.0,2199.15,2072.21,1902.19,3115.7,True,True,True,True,0,0.0,
2066,Rev11,11,W072,PX-7500,CH-D,MID-06,Mid,0.52,330.0,2232.03,2229.3,2051.4,2955.0,False,False,True,False,0,0.0,
2067,Rev11,11,W072,PX-7500,CH-D,EDG-01,Edge,0.84,0.0,2275.17,2169.39,2074.33,3095.8,False,True,True,True,0,0.0,
2068,Rev11,11,W072,PX-7500,CH-D,EDG-02,Edge,0.84,32.7,2284.11,2128.45,1792.81,3151.3,False,True,False,True,0,0.0,
2069,Rev11,11,W072,PX-7500,CH-D,EDG-03,Edge,0.84,65.5,2225.7,2186.13,1907.92,3070.6,False,True,True,True,0,0.0,
2070,Rev11,11,W072,PX-7500,CH-D,EDG-04,Edge,0.84,98.2,2309.8,2157.34,1900.22,3021.2,False,True,True,True,2,4.38,
2071,Rev11,11,W072,PX-7500,CH-D,EDG-05,Edge,0.84,130.9,2261.13,2232.07,1872.93,3076.9,False,False,False,True,3,18.4,
2072,Rev11,11,W072,PX-7500,CH-D,EDG-06,Edge,0.84,163.6,2261.27,2169.52,1915.44,3033.0,False,True,True,True,0,0.0,
2073,Rev11,11,W072,PX-7500,CH-D,EDG-07,Edge,0.84,196.4,2205.55,2123.15,2007.6,2979.0,True,True,True,False,0,0.0,
2074,Rev11,11,W072,PX-7500,CH-D,EDG-08,Edge,0.84,229.1,2253.25,2139.29,1972.08,3188.4,False,True,True,True,2,7.15,
2075,Rev11,11,W072,PX-7500,CH-D,EDG-09,Edge,0.84,261.8,2302.75,2166.83,1954.17,2993.7,False,True,True,False,2,4.06,polymer_residue
2076,Rev11,11,W072,PX-7500,CH-D,EDG-10,Edge,0.84,294.5,2241.53,2166.96,1880.17,3074.6,False,True,False,True,0,0.0,
2077,Rev11,11,W072,PX-7500,CH-D,EDG-11,Edge,0.84,327.3,2237.61,2147.55,2023.93,2915.1,False,True,True,False,0,0.0,
2078,Rev11,11,W072,PX-7500,CH-D,EXT-01,Extreme Edge,0.96,16.4,2308.78,2219.56,1978.89,3197.3,False,False,True,True,0,0.0,
2079,Rev11,11,W072,PX-7500,CH-D,EXT-02,Extreme Edge,0.96,49.1,2263.16,2140.44,1965.56,3099.4,False,True,True,True,0,0.0,
2080,Rev11,11,W072,PX-7500,CH-D,EXT-03,Extreme Edge,0.96,81.8,2280.87,2198.72,1928.14,2925.1,False,False,True,False,0,0.0,
2081,Rev11,11,W072,PX-7500,CH-D,EXT-04,Extreme Edge,0.96,114.5,2287.1,2171.81,1863.64,3357.8,False,True,False,True,0,0.0,
2082,Rev11,11,W072,PX-7500,CH-D,EXT-05,Extreme Edge,0.96,147.3,2272.43,2222.6,2033.65,3100.2,False,False,True,True,0,0.0,
2083,Rev11,11,W072,PX-7500,CH-D,EXT-06,Extreme Edge,0.96,180.0,2262.48,2178.6,1907.39,3264.6,False,True,True,True,1,1.82,
2084,Rev11,11,W072,PX-7500,CH-D,EXT-07,Extreme Edge,0.96,212.7,2285.05,2214.88,1952.52,3173.3,False,False,True,True,2,3.7,
2085,Rev11,11,W072,PX-7500,CH-D,EXT-08,Extreme Edge,0.96,245.5,2291.21,2201.93,1890.06,2988.9,False,False,False,False,2,7.65,polymer_residue
2086,Rev11,11,W072,PX-7500,CH-D,EXT-09,Extreme Edge,0.96,278.2,2235.02,2201.79,1963.7,3083.1,False,False,True,True,2,5.58,
2087,Rev11,11,W072,PX-7500,CH-D,EXT-10,Extreme Edge,0.96,310.9,2301.58,2164.04,1950.35,2981.1,False,True,True,False,1,3.08,
2088,Rev11,11,W072,PX-7500,CH-D,EXT-11,Extreme Edge,0.96,343.6,2244.25,2168.93,1979.06,3015.5,False,True,True,True,0,0.0,
2089,Rev6,6,W073,PX-7500,CH-C,C1,Center,0.0,0.0,2188.1,2111.58,2136.96,3510.8,True,True,True,False,0,0.0,
2090,Rev6,6,W073,PX-7500,CH-C,MID-01,Mid,0.52,30.0,2166.63,2177.18,2136.11,3197.2,True,True,True,True,1,3.03,
2091,Rev6,6,W073,PX-7500,CH-C,MID-02,Mid,0.52,90.0,2150.94,2149.97,2148.59,3389.9,True,True,True,True,0,0.0,
2092,Rev6,6,W073,PX-7500,CH-C,MID-03,Mid,0.52,150.0,2129.67,2160.46,2076.03,3547.3,True,True,True,False,0,0.0,
2093,Rev6,6,W073,PX-7500,CH-C,MID-04,Mid,0.52,210.0,2176.76,2080.34,2145.19,3351.4,True,True,True,True,0,0.0,
2094,Rev6,6,W073,PX-7500,CH-C,MID-05,Mid,0.52,270.0,2141.24,2086.12,2080.29,3145.5,True,True,True,True,0,0.0,
2095,Rev6,6,W073,PX-7500,CH-C,MID-06,Mid,0.52,330.0,2168.52,2052.81,2039.99,3236.3,True,True,True,True,0,0.0,
2096,Rev6,6,W073,PX-7500,CH-C,EDG-01,Edge,0.84,0.0,2156.64,2131.61,2162.47,3310.8,True,True,True,True,0,0.0,
2097,Rev6,6,W073,PX-7500,CH-C,EDG-02,Edge,0.84,32.7,2179.94,2153.33,2074.79,3425.5,True,True,True,True,1,2.32,pressure_spike
2098,Rev6,6,W073,PX-7500,CH-C,EDG-03,Edge,0.84,65.5,2171.28,2159.23,2087.37,3309.8,True,True,True,True,1,4.28,endpoint_late
2099,Rev6,6,W073,PX-7500,CH-C,EDG-04,Edge,0.84,98.2,2167.94,2112.86,2125.48,3373.0,True,True,True,True,0,0.0,
2100,Rev6,6,W073,PX-7500,CH-C,EDG-05,Edge,0.84,130.9,2169.25,2118.08,2188.53,3505.2,True,True,False,False,1,3.24,
2101,Rev6,6,W073,PX-7500,CH-C,EDG-06,Edge,0.84,163.6,2156.6,2057.89,2179.36,3398.7,True,True,False,True,0,0.0,
2102,Rev6,6,W073,PX-7500,CH-C,EDG-07,Edge,0.84,196.4,2213.73,2085.46,2129.58,3641.3,True,True,True,False,0,0.0,
2103,Rev6,6,W073,PX-7500,CH-C,EDG-08,Edge,0.84,229.1,2193.99,2076.64,2097.49,3496.0,True,True,True,True,0,0.0,
2104,Rev6,6,W073,PX-7500,CH-C,EDG-09,Edge,0.84,261.8,2220.13,2091.88,2093.06,3487.3,True,True,True,True,0,0.0,
2105,Rev6,6,W073,PX-7500,CH-C,EDG-10,Edge,0.84,294.5,2196.23,2118.14,2105.95,3252.2,True,True,True,True,1,2.51,
2106,Rev6,6,W073,PX-7500,CH-C,EDG-11,Edge,0.84,327.3,2198.71,2166.91,2171.47,3235.0,True,True,False,True,1,3.28,
2107,Rev6,6,W073,PX-7500,CH-C,EXT-01,Extreme Edge,0.96,16.4,2196.45,2163.28,2192.22,3454.2,True,True,False,True,0,0.0,
2108,Rev6,6,W073,PX-7500,CH-C,EXT-02,Extreme Edge,0.96,49.1,2168.78,2123.01,2063.77,3552.5,True,True,True,False,1,5.55,polymer_residue
2109,Rev6,6,W073,PX-7500,CH-C,EXT-03,Extreme Edge,0.96,81.8,2181.08,2159.08,2109.11,3509.2,True,True,True,False,0,0.0,
2110,Rev6,6,W073,PX-7500,CH-C,EXT-04,Extreme Edge,0.96,114.5,2182.97,2190.57,2144.32,3246.9,True,True,True,True,0,0.0,
2111,Rev6,6,W073,PX-7500,CH-C,EXT-05,Extreme Edge,0.96,147.3,2174.22,2066.47,2133.01,3294.2,True,True,True,True,0,0.0,
2112,Rev6,6,W073,PX-7500,CH-C,EXT-06,Extreme Edge,0.96,180.0,2226.81,2157.61,2142.95,3321.2,False,True,True,True,2,3.7,esc_temp_drift
2113,Rev6,6,W073,PX-7500,CH-C,EXT-07,Extreme Edge,0.96,212.7,2188.42,2162.58,2155.36,3357.8,True,True,True,True,0,0.0,
2114,Rev6,6,W073,PX-7500,CH-C,EXT-08,Extreme Edge,0.96,245.5,2226.57,2124.9,2205.42,3391.6,False,True,False,True,0,0.0,
2115,Rev6,6,W073,PX-7500,CH-C,EXT-09,Extreme Edge,0.96,278.2,2197.73,2173.26,2184.36,3485.4,True,True,False,True,1,5.98,
2116,Rev6,6,W073,PX-7500,CH-C,EXT-10,Extreme Edge,0.96,310.9,2248.22,2157.51,2248.71,3276.4,False,True,False,True,1,2.77,
2117,Rev6,6,W073,PX-7500,CH-C,EXT-11,Extreme Edge,0.96,343.6,2195.91,2089.75,2083.19,3378.8,True,True,True,True,0,0.0,
2118,Base,0,W074,AE-3200,CH-A,C1,Center,0.0,0.0,2136.57,2137.12,1872.65,3361.7,True,True,False,True,0,0.0,
2119,Base,0,W074,AE-3200,CH-A,MID-01,Mid,0.52,30.0,2139.02,2145.63,2054.15,3328.0,True,True,True,True,0,0.0,
2120,Base,0,W074,AE-3200,CH-A,MID-02,Mid,0.52,90.0,2166.54,2106.06,2001.89,3436.7,True,True,True,True,0,0.0,
2121,Base,0,W074,AE-3200,CH-A,MID-03,Mid,0.52,150.0,2177.71,2121.51,1914.68,3552.5,True,True,True,False,0,0.0,
2122,Base,0,W074,AE-3200,CH-A,MID-04,Mid,0.52,210.0,2134.43,2078.72,2024.41,3356.5,True,True,True,True,0,0.0,
2123,Base,0,W074,AE-3200,CH-A,MID-05,Mid,0.52,270.0,2098.49,2108.5,1966.61,3303.1,True,True,True,True,0,0.0,
2124,Base,0,W074,AE-3200,CH-A,MID-06,Mid,0.52,330.0,2092.35,2093.0,1944.57,3523.7,True,True,True,False,0,0.0,
2125,Base,0,W074,AE-3200,CH-A,EDG-01,Edge,0.84,0.0,2189.31,2134.57,1954.72,3466.4,True,True,True,True,0,0.0,
2126,Base,0,W074,AE-3200,CH-A,EDG-02,Edge,0.84,32.7,2197.14,2057.23,1986.25,3409.6,True,True,True,True,0,0.0,
2127,Base,0,W074,AE-3200,CH-A,EDG-03,Edge,0.84,65.5,2251.54,2119.98,2049.73,3291.4,False,True,True,True,2,8.23,polymer_residue
2128,Base,0,W074,AE-3200,CH-A,EDG-04,Edge,0.84,98.2,2192.08,2099.37,2114.64,3444.5,True,True,True,True,1,1.88,
2129,Base,0,W074,AE-3200,CH-A,EDG-05,Edge,0.84,130.9,2175.77,2082.88,2056.52,3225.9,True,True,True,True,0,0.0,
2130,Base,0,W074,AE-3200,CH-A,EDG-06,Edge,0.84,163.6,2168.12,2198.41,1944.86,3636.3,True,False,True,False,1,4.97,
2131,Base,0,W074,AE-3200,CH-A,EDG-07,Edge,0.84,196.4,2136.24,2122.21,2106.16,3418.4,True,True,True,True,0,0.0,
2132,Base,0,W074,AE-3200,CH-A,EDG-08,Edge,0.84,229.1,2200.42,2157.3,2042.1,3440.3,True,True,True,True,2,9.07,polymer_residue
2133,Base,0,W074,AE-3200,CH-A,EDG-09,Edge,0.84,261.8,2242.68,2151.18,2019.58,3455.3,False,True,True,True,0,0.0,
2134,Base,0,W074,AE-3200,CH-A,EDG-10,Edge,0.84,294.5,2199.78,2107.67,1975.11,3721.7,True,True,True,False,0,0.0,
2135,Base,0,W074,AE-3200,CH-A,EDG-11,Edge,0.84,327.3,2152.12,2089.55,2030.22,3468.6,True,True,True,True,2,12.97,
2136,Base,0,W074,AE-3200,CH-A,EXT-01,Extreme Edge,0.96,16.4,2232.56,2151.14,1928.43,3468.3,False,True,True,True,1,5.79,
2137,Base,0,W074,AE-3200,CH-A,EXT-02,Extreme Edge,0.96,49.1,2218.89,2146.43,2014.92,3372.7,True,True,True,True,0,0.0,
2138,Base,0,W074,AE-3200,CH-A,EXT-03,Extreme Edge,0.96,81.8,2175.14,2197.99,2024.54,3324.8,True,False,True,True,0,0.0,
2139,Base,0,W074,AE-3200,CH-A,EXT-04,Extreme Edge,0.96,114.5,2234.34,2142.72,1959.72,3469.0,False,True,True,True,0,0.0,
2140,Base,0,W074,AE-3200,CH-A,EXT-05,Extreme Edge,0.96,147.3,2208.68,2135.68,2024.99,3231.2,True,True,True,True,1,3.36,endpoint_late
2141,Base,0,W074,AE-3200,CH-A,EXT-06,Extreme Edge,0.96,180.0,2214.97,2135.07,2052.78,3417.4,True,True,True,True,1,2.7,polymer_residue
2142,Base,0,W074,AE-3200,CH-A,EXT-07,Extreme Edge,0.96,212.7,2244.29,2173.2,2012.89,3395.2,False,True,True,True,0,0.0,
2143,Base,0,W074,AE-3200,CH-A,EXT-08,Extreme Edge,0.96,245.5,2198.81,2116.9,1935.22,3422.8,True,True,True,True,1,6.08,polymer_residue
2144,Base,0,W074,AE-3200,CH-A,EXT-09,Extreme Edge,0.96,278.2,2185.54,2103.19,2044.53,3216.6,True,True,True,True,0,0.0,
2145,Base,0,W074,AE-3200,CH-A,EXT-10,Extreme Edge,0.96,310.9,2192.14,2164.18,2102.58,3532.8,True,True,True,False,0,0.0,
2146,Base,0,W074,AE-3200,CH-A,EXT-11,Extreme Edge,0.96,343.6,2260.59,2125.5,2040.5,3295.2,False,True,True,True,0,0.0,
2147,Rev3,3,W075,PX-7500,CH-D,C1,Center,0.0,0.0,2139.93,2102.34,2121.31,3274.2,True,True,True,True,0,0.0,
2148,Rev3,3,W075,PX-7500,CH-D,MID-01,Mid,0.52,30.0,2177.59,2024.65,2061.14,3236.7,True,True,True,True,0,0.0,
2149,Rev3,3,W075,PX-7500,CH-D,MID-02,Mid,0.52,90.0,2182.33,2101.4,2118.43,3306.1,True,True,True,True,1,2.36,
2150,Rev3,3,W075,PX-7500,CH-D,MID-03,Mid,0.52,150.0,2175.51,2081.96,2040.53,3250.1,True,True,True,True,0,0.0,
2151,Rev3,3,W075,PX-7500,CH-D,MID-04,Mid,0.52,210.0,2144.35,2070.16,2060.66,3044.6,True,True,True,True,0,0.0,
2152,Rev3,3,W075,PX-7500,CH-D,MID-05,Mid,0.52,270.0,2153.12,2099.98,2131.21,3145.8,True,True,True,True,0,0.0,
2153,Rev3,3,W075,PX-7500,CH-D,MID-06,Mid,0.52,330.0,2190.87,2083.04,2100.26,3101.8,True,True,True,True,0,0.0,
2154,Rev3,3,W075,PX-7500,CH-D,EDG-01,Edge,0.84,0.0,2209.58,2096.21,2198.94,3090.0,True,True,False,True,0,0.0,
2155,Rev3,3,W075,PX-7500,CH-D,EDG-02,Edge,0.84,32.7,2193.57,2102.25,2081.23,3084.7,True,True,True,True,0,0.0,
2156,Rev3,3,W075,PX-7500,CH-D,EDG-03,Edge,0.84,65.5,2230.63,2129.7,2188.13,3299.5,False,True,False,True,1,6.34,
2157,Rev3,3,W075,PX-7500,CH-D,EDG-04,Edge,0.84,98.2,2239.11,2122.87,2137.61,3110.6,False,True,True,True,0,0.0,
2158,Rev3,3,W075,PX-7500,CH-D,EDG-05,Edge,0.84,130.9,2178.21,2063.91,2046.77,3209.0,True,True,True,True,0,0.0,
2159,Rev3,3,W075,PX-7500,CH-D,EDG-06,Edge,0.84,163.6,2192.24,2060.38,2060.26,3352.3,True,True,True,True,1,5.78,
2160,Rev3,3,W075,PX-7500,CH-D,EDG-07,Edge,0.84,196.4,2199.7,2038.0,2072.65,3372.9,True,True,True,True,0,0.0,
2161,Rev3,3,W075,PX-7500,CH-D,EDG-08,Edge,0.84,229.1,2240.92,2131.63,2112.63,3362.0,False,True,True,True,1,4.79,polymer_residue
2162,Rev3,3,W075,PX-7500,CH-D,EDG-09,Edge,0.84,261.8,2197.26,2126.24,2196.3,3272.7,True,True,False,True,1,4.17,
2163,Rev3,3,W075,PX-7500,CH-D,EDG-10,Edge,0.84,294.5,2234.52,2150.13,2124.63,3139.0,False,True,True,True,1,3.45,polymer_residue
2164,Rev3,3,W075,PX-7500,CH-D,EDG-11,Edge,0.84,327.3,2170.06,2129.15,2208.66,3217.3,True,True,False,True,0,0.0,
2165,Rev3,3,W075,PX-7500,CH-D,EXT-01,Extreme Edge,0.96,16.4,2218.72,2047.03,2107.75,3461.7,True,True,True,True,0,0.0,
2166,Rev3,3,W075,PX-7500,CH-D,EXT-02,Extreme Edge,0.96,49.1,2185.28,2153.27,2209.26,3371.5,True,True,False,True,1,4.77,
2167,Rev3,3,W075,PX-7500,CH-D,EXT-03,Extreme Edge,0.96,81.8,2240.91,2102.16,2161.5,3447.9,False,True,True,True,1,2.55,
2168,Rev3,3,W075,PX-7500,CH-D,EXT-04,Extreme Edge,0.96,114.5,2209.9,2117.3,2025.57,3471.1,True,True,True,True,1,2.35,
2169,Rev3,3,W075,PX-7500,CH-D,EXT-05,Extreme Edge,0.96,147.3,2204.17,2204.68,2231.41,3235.9,True,False,False,True,4,21.68,pressure_spike
2170,Rev3,3,W075,PX-7500,CH-D,EXT-06,Extreme Edge,0.96,180.0,2214.46,2101.89,2188.21,3334.8,True,True,False,True,0,0.0,
2171,Rev3,3,W075,PX-7500,CH-D,EXT-07,Extreme Edge,0.96,212.7,2247.11,2067.85,2073.4,3013.3,False,True,True,True,0,0.0,
2172,Rev3,3,W075,PX-7500,CH-D,EXT-08,Extreme Edge,0.96,245.5,2237.02,2077.11,2171.01,3190.9,False,True,False,True,1,3.59,
2173,Rev3,3,W075,PX-7500,CH-D,EXT-09,Extreme Edge,0.96,278.2,2217.35,2131.13,2305.63,3344.8,True,True,False,True,2,9.85,pressure_spike
2174,Rev3,3,W075,PX-7500,CH-D,EXT-10,Extreme Edge,0.96,310.9,2244.99,2148.93,2121.57,3283.3,False,True,True,True,1,2.99,pressure_spike
2175,Rev3,3,W075,PX-7500,CH-D,EXT-11,Extreme Edge,0.96,343.6,2228.86,2154.28,2153.77,3122.9,False,True,True,True,1,4.52,
2176,Rev10,10,W076,PX-7500,CH-C,C1,Center,0.0,0.0,2159.14,2179.81,2008.95,3456.4,True,True,True,True,0,0.0,
2177,Rev10,10,W076,PX-7500,CH-C,MID-01,Mid,0.52,30.0,2208.18,2139.76,2003.85,3516.2,True,True,True,False,1,3.1,pressure_spike
2178,Rev10,10,W076,PX-7500,CH-C,MID-02,Mid,0.52,90.0,2152.12,2184.63,1954.72,3724.0,True,True,True,False,2,9.78,
2179,Rev10,10,W076,PX-7500,CH-C,MID-03,Mid,0.52,150.0,2149.89,2175.91,2007.26,3662.5,True,True,True,False,0,0.0,
2180,Rev10,10,W076,PX-7500,CH-C,MID-04,Mid,0.52,210.0,2177.58,2140.39,2079.8,3324.3,True,True,True,True,1,1.82,polymer_residue
2181,Rev10,10,W076,PX-7500,CH-C,MID-05,Mid,0.52,270.0,2149.98,2209.21,2019.71,3469.2,True,False,True,True,0,0.0,
2182,Rev10,10,W076,PX-7500,CH-C,MID-06,Mid,0.52,330.0,2217.5,2157.17,1997.61,3405.9,True,True,True,True,0,0.0,
2183,Rev10,10,W076,PX-7500,CH-C,EDG-01,Edge,0.84,0.0,2214.99,2185.66,2025.38,3461.6,True,True,True,True,1,4.58,endpoint_late
2184,Rev10,10,W076,PX-7500,CH-C,EDG-02,Edge,0.84,32.7,2180.48,2203.6,2096.85,3390.7,True,False,True,True,1,3.46,
2185,Rev10,10,W076,PX-7500,CH-C,EDG-03,Edge,0.84,65.5,2185.45,2183.49,1910.84,3510.0,True,True,True,False,0,0.0,
2186,Rev10,10,W076,PX-7500,CH-C,EDG-04,Edge,0.84,98.2,2210.45,2215.34,2129.72,3274.5,True,False,True,True,0,0.0,
2187,Rev10,10,W076,PX-7500,CH-C,EDG-05,Edge,0.84,130.9,2236.87,2183.44,2108.48,3595.6,False,True,True,False,0,0.0,
2188,Rev10,10,W076,PX-7500,CH-C,EDG-06,Edge,0.84,163.6,2236.66,2183.16,2042.95,3468.3,False,True,True,True,1,3.0,polymer_residue
2189,Rev10,10,W076,PX-7500,CH-C,EDG-07,Edge,0.84,196.4,2183.82,2188.05,2027.43,3550.6,True,True,True,False,0,0.0,
2190,Rev10,10,W076,PX-7500,CH-C,EDG-08,Edge,0.84,229.1,2195.0,2129.57,2000.37,3477.6,True,True,True,True,1,1.86,polymer_residue
2191,Rev10,10,W076,PX-7500,CH-C,EDG-09,Edge,0.84,261.8,2196.13,2183.83,2042.22,3502.8,True,True,True,False,1,5.02,polymer_residue
2192,Rev10,10,W076,PX-7500,CH-C,EDG-10,Edge,0.84,294.5,2231.3,2163.55,2079.52,3474.2,False,True,True,True,1,5.21,
2193,Rev10,10,W076,PX-7500,CH-C,EDG-11,Edge,0.84,327.3,2204.94,2199.12,1995.61,3651.6,True,False,True,False,1,5.25,polymer_residue
2194,Rev10,10,W076,PX-7500,CH-C,EXT-01,Extreme Edge,0.96,16.4,2213.4,2162.27,2168.16,3484.2,True,True,True,True,1,2.49,endpoint_late
2195,Rev10,10,W076,PX-7500,CH-C,EXT-02,Extreme Edge,0.96,49.1,2217.74,2198.59,2194.95,3522.4,True,False,False,False,1,4.83,
2196,Rev10,10,W076,PX-7500,CH-C,EXT-03,Extreme Edge,0.96,81.8,2218.68,2183.37,2053.11,3580.0,True,True,True,False,0,0.0,
2197,Rev10,10,W076,PX-7500,CH-C,EXT-04,Extreme Edge,0.96,114.5,2211.98,2201.26,2018.91,3490.6,True,False,True,True,0,0.0,
2198,Rev10,10,W076,PX-7500,CH-C,EXT-05,Extreme Edge,0.96,147.3,2200.27,2211.35,2123.81,3583.0,True,False,True,False,2,5.63,endpoint_late
2199,Rev10,10,W076,PX-7500,CH-C,EXT-06,Extreme Edge,0.96,180.0,2215.47,2180.83,2032.86,3427.5,True,True,True,True,0,0.0,
2200,Rev10,10,W076,PX-7500,CH-C,EXT-07,Extreme Edge,0.96,212.7,2198.8,2195.7,2012.41,3376.2,True,False,True,True,1,1.94,
2201,Rev10,10,W076,PX-7500,CH-C,EXT-08,Extreme Edge,0.96,245.5,2255.42,2185.33,2088.69,3287.3,False,True,True,True,1,6.1,
2202,Rev10,10,W076,PX-7500,CH-C,EXT-09,Extreme Edge,0.96,278.2,2220.69,2196.09,2127.98,3462.6,True,False,True,True,0,0.0,
2203,Rev10,10,W076,PX-7500,CH-C,EXT-10,Extreme Edge,0.96,310.9,2218.16,2178.04,2027.04,3496.6,True,True,True,True,0,0.0,
2204,Rev10,10,W076,PX-7500,CH-C,EXT-11,Extreme Edge,0.96,343.6,2204.69,2153.91,2008.7,3395.1,True,True,True,True,0,0.0,
2205,Rev3,3,W077,PX-7500,CH-D,C1,Center,0.0,0.0,2126.42,2094.7,1988.06,3260.9,True,True,True,True,0,0.0,
2206,Rev3,3,W077,PX-7500,CH-D,MID-01,Mid,0.52,30.0,2190.55,2052.41,2082.44,3171.6,True,True,True,True,0,0.0,
2207,Rev3,3,W077,PX-7500,CH-D,MID-02,Mid,0.52,90.0,2162.85,2073.7,2116.17,3339.4,True,True,True,True,0,0.0,
2208,Rev3,3,W077,PX-7500,CH-D,MID-03,Mid,0.52,150.0,2172.83,2086.81,2045.71,3208.2,True,True,True,True,0,0.0,
2209,Rev3,3,W077,PX-7500,CH-D,MID-04,Mid,0.52,210.0,2133.03,2120.15,2111.4,3334.5,True,True,True,True,0,0.0,
2210,Rev3,3,W077,PX-7500,CH-D,MID-05,Mid,0.52,270.0,2147.21,2065.88,2056.81,3293.8,True,True,True,True,0,0.0,
2211,Rev3,3,W077,PX-7500,CH-D,MID-06,Mid,0.52,330.0,2154.27,2106.31,2089.98,3319.6,True,True,True,True,0,0.0,
2212,Rev3,3,W077,PX-7500,CH-D,EDG-01,Edge,0.84,0.0,2179.07,2056.96,2047.22,3424.5,True,True,True,True,0,0.0,
2213,Rev3,3,W077,PX-7500,CH-D,EDG-02,Edge,0.84,32.7,2201.86,2074.01,2014.67,3389.1,True,True,True,True,0,0.0,
2214,Rev3,3,W077,PX-7500,CH-D,EDG-03,Edge,0.84,65.5,2195.15,2091.42,2201.54,3198.1,True,True,False,True,1,1.88,
2215,Rev3,3,W077,PX-7500,CH-D,EDG-04,Edge,0.84,98.2,2242.33,2087.49,2035.19,3014.2,False,True,True,True,0,0.0,
2216,Rev3,3,W077,PX-7500,CH-D,EDG-05,Edge,0.84,130.9,2195.54,2123.5,2069.99,3396.6,True,True,True,True,1,2.27,
2217,Rev3,3,W077,PX-7500,CH-D,EDG-06,Edge,0.84,163.6,2202.52,2078.75,2105.85,3175.1,True,True,True,True,0,0.0,
2218,Rev3,3,W077,PX-7500,CH-D,EDG-07,Edge,0.84,196.4,2182.48,2189.88,2023.45,3209.2,True,True,True,True,1,5.31,polymer_residue
2219,Rev3,3,W077,PX-7500,CH-D,EDG-08,Edge,0.84,229.1,2201.08,2056.69,2108.52,3090.4,True,True,True,True,1,1.92,pressure_spike
2220,Rev3,3,W077,PX-7500,CH-D,EDG-09,Edge,0.84,261.8,2159.61,2050.98,2033.03,3320.8,True,True,True,True,0,0.0,
2221,Rev3,3,W077,PX-7500,CH-D,EDG-10,Edge,0.84,294.5,2203.96,2096.16,2060.42,3293.4,True,True,True,True,0,0.0,
2222,Rev3,3,W077,PX-7500,CH-D,EDG-11,Edge,0.84,327.3,2162.35,2162.11,2037.69,3084.4,True,True,True,True,1,2.01,
2223,Rev3,3,W077,PX-7500,CH-D,EXT-01,Extreme Edge,0.96,16.4,2217.74,2080.68,2110.51,3253.5,True,True,True,True,0,0.0,
2224,Rev3,3,W077,PX-7500,CH-D,EXT-02,Extreme Edge,0.96,49.1,2179.59,2093.72,2138.96,3600.3,True,True,True,False,1,2.49,
2225,Rev3,3,W077,PX-7500,CH-D,EXT-03,Extreme Edge,0.96,81.8,2221.52,2087.6,2090.02,3418.1,True,True,True,True,1,2.71,arc_event
2226,Rev3,3,W077,PX-7500,CH-D,EXT-04,Extreme Edge,0.96,114.5,2174.23,2075.72,2078.53,3178.9,True,True,True,True,1,5.23,
2227,Rev3,3,W077,PX-7500,CH-D,EXT-05,Extreme Edge,0.96,147.3,2180.11,2107.29,2025.25,3543.0,True,True,True,False,0,0.0,
2228,Rev3,3,W077,PX-7500,CH-D,EXT-06,Extreme Edge,0.96,180.0,2242.01,2094.49,2133.97,3155.2,False,True,True,True,0,0.0,
2229,Rev3,3,W077,PX-7500,CH-D,EXT-07,Extreme Edge,0.96,212.7,2207.53,2128.71,2100.62,3238.4,True,True,True,True,0,0.0,
2230,Rev3,3,W077,PX-7500,CH-D,EXT-08,Extreme Edge,0.96,245.5,2170.94,2114.56,2104.91,3316.6,True,True,True,True,0,0.0,
2231,Rev3,3,W077,PX-7500,CH-D,EXT-09,Extreme Edge,0.96,278.2,2197.12,2070.51,2138.63,3224.3,True,True,True,True,1,4.65,polymer_residue
2232,Rev3,3,W077,PX-7500,CH-D,EXT-10,Extreme Edge,0.96,310.9,2196.27,2101.73,2076.43,3341.6,True,True,True,True,2,10.26,
2233,Rev3,3,W077,PX-7500,CH-D,EXT-11,Extreme Edge,0.96,343.6,2175.0,2106.67,2027.11,3385.4,True,True,True,True,1,2.1,
2234,Rev1,1,W078,AE-3200,CH-B,C1,Center,0.0,0.0,2120.25,2143.79,2016.45,3187.2,True,True,True,True,0,0.0,
2235,Rev1,1,W078,AE-3200,CH-B,MID-01,Mid,0.52,30.0,2120.53,2113.96,2093.32,3249.3,True,True,True,True,0,0.0,
2236,Rev1,1,W078,AE-3200,CH-B,MID-02,Mid,0.52,90.0,2145.78,2048.35,2073.17,3496.0,True,True,True,True,1,3.73,
2237,Rev1,1,W078,AE-3200,CH-B,MID-03,Mid,0.52,150.0,2143.04,2096.78,2084.37,3265.5,True,True,True,True,0,0.0,
2238,Rev1,1,W078,AE-3200,CH-B,MID-04,Mid,0.52,210.0,2181.43,2110.3,2078.15,3278.8,True,True,True,True,0,0.0,
2239,Rev1,1,W078,AE-3200,CH-B,MID-05,Mid,0.52,270.0,2134.34,2072.57,1970.69,3067.5,True,True,True,True,1,3.8,esc_temp_drift
2240,Rev1,1,W078,AE-3200,CH-B,MID-06,Mid,0.52,330.0,2111.59,2048.97,2113.43,3393.1,True,True,True,True,1,5.48,pressure_spike
2241,Rev1,1,W078,AE-3200,CH-B,EDG-01,Edge,0.84,0.0,2183.75,2189.22,2039.49,3320.0,True,True,True,True,0,0.0,
2242,Rev1,1,W078,AE-3200,CH-B,EDG-02,Edge,0.84,32.7,2203.83,2169.16,2068.91,3209.7,True,True,True,True,1,3.65,polymer_residue
2243,Rev1,1,W078,AE-3200,CH-B,EDG-03,Edge,0.84,65.5,2157.11,2111.46,2106.55,3472.8,True,True,True,True,0,0.0,
2244,Rev1,1,W078,AE-3200,CH-B,EDG-04,Edge,0.84,98.2,2183.19,2148.23,2071.88,3377.7,True,True,True,True,0,0.0,
2245,Rev1,1,W078,AE-3200,CH-B,EDG-05,Edge,0.84,130.9,2176.61,2092.11,2003.01,3237.5,True,True,True,True,0,0.0,
2246,Rev1,1,W078,AE-3200,CH-B,EDG-06,Edge,0.84,163.6,2184.54,2131.65,2023.05,3196.6,True,True,True,True,1,6.45,
2247,Rev1,1,W078,AE-3200,CH-B,EDG-07,Edge,0.84,196.4,2222.59,2147.12,2084.5,3230.3,True,True,True,True,1,1.87,pressure_spike
2248,Rev1,1,W078,AE-3200,CH-B,EDG-08,Edge,0.84,229.1,2228.2,2157.0,2165.86,3299.3,False,True,True,True,0,0.0,
2249,Rev1,1,W078,AE-3200,CH-B,EDG-09,Edge,0.84,261.8,2210.23,2046.57,2032.25,3392.4,True,True,True,True,0,0.0,
2250,Rev1,1,W078,AE-3200,CH-B,EDG-10,Edge,0.84,294.5,2159.7,2143.19,2037.94,3414.3,True,True,True,True,2,4.19,
2251,Rev1,1,W078,AE-3200,CH-B,EDG-11,Edge,0.84,327.3,2166.61,2172.66,2062.95,3298.2,True,True,True,True,0,0.0,
2252,Rev1,1,W078,AE-3200,CH-B,EXT-01,Extreme Edge,0.96,16.4,2199.06,2139.89,2047.76,3383.2,True,True,True,True,1,6.37,pressure_spike
2253,Rev1,1,W078,AE-3200,CH-B,EXT-02,Extreme Edge,0.96,49.1,2202.13,2145.94,2007.64,3385.0,True,True,True,True,0,0.0,
2254,Rev1,1,W078,AE-3200,CH-B,EXT-03,Extreme Edge,0.96,81.8,2191.33,2161.39,2071.33,3433.1,True,True,True,True,0,0.0,
2255,Rev1,1,W078,AE-3200,CH-B,EXT-04,Extreme Edge,0.96,114.5,2175.63,2153.3,2120.04,3331.7,True,True,True,True,1,2.66,polymer_residue
2256,Rev1,1,W078,AE-3200,CH-B,EXT-05,Extreme Edge,0.96,147.3,2158.52,2158.3,2079.58,3359.2,True,True,True,True,0,0.0,
2257,Rev1,1,W078,AE-3200,CH-B,EXT-06,Extreme Edge,0.96,180.0,2172.7,2145.74,2182.45,3169.0,True,True,False,True,0,0.0,
2258,Rev1,1,W078,AE-3200,CH-B,EXT-07,Extreme Edge,0.96,212.7,2234.07,2137.71,2125.93,3440.6,False,True,True,True,0,0.0,
2259,Rev1,1,W078,AE-3200,CH-B,EXT-08,Extreme Edge,0.96,245.5,2160.84,2160.46,2116.66,3239.4,True,True,True,True,1,2.14,endpoint_late
2260,Rev1,1,W078,AE-3200,CH-B,EXT-09,Extreme Edge,0.96,278.2,2218.93,2102.52,2193.42,3468.7,True,True,False,True,1,5.99,
2261,Rev1,1,W078,AE-3200,CH-B,EXT-10,Extreme Edge,0.96,310.9,2182.03,2170.59,2001.49,3641.9,True,True,True,False,1,6.04,
2262,Rev1,1,W078,AE-3200,CH-B,EXT-11,Extreme Edge,0.96,343.6,2152.91,2157.87,2092.92,3201.4,True,True,True,True,1,2.02,
2263,Rev2,2,W079,PX-7500,CH-C,C1,Center,0.0,0.0,2137.16,2153.86,2082.62,3351.3,True,True,True,True,0,0.0,
2264,Rev2,2,W079,PX-7500,CH-C,MID-01,Mid,0.52,30.0,2191.16,2188.46,2092.7,3326.6,True,True,True,True,0,0.0,
2265,Rev2,2,W079,PX-7500,CH-C,MID-02,Mid,0.52,90.0,2140.99,2162.89,2036.24,3264.2,True,True,True,True,0,0.0,
2266,Rev2,2,W079,PX-7500,CH-C,MID-03,Mid,0.52,150.0,2162.44,2089.28,2184.65,3497.8,True,True,False,True,0,0.0,
2267,Rev2,2,W079,PX-7500,CH-C,MID-04,Mid,0.52,210.0,2155.05,2114.93,2176.88,3302.2,True,True,False,True,1,2.4,
2268,Rev2,2,W079,PX-7500,CH-C,MID-05,Mid,0.52,270.0,2146.98,2133.64,2217.09,3258.1,True,True,False,True,0,0.0,
2269,Rev2,2,W079,PX-7500,CH-C,MID-06,Mid,0.52,330.0,2158.07,2143.45,2063.56,3274.0,True,True,True,True,0,0.0,
2270,Rev2,2,W079,PX-7500,CH-C,EDG-01,Edge,0.84,0.0,2175.22,2148.79,2155.31,3006.8,True,True,True,True,0,0.0,
2271,Rev2,2,W079,PX-7500,CH-C,EDG-02,Edge,0.84,32.7,2226.78,2168.43,2135.35,3426.4,False,True,True,True,0,0.0,
2272,Rev2,2,W079,PX-7500,CH-C,EDG-03,Edge,0.84,65.5,2209.26,2159.03,2164.33,3432.7,True,True,True,True,0,0.0,
2273,Rev2,2,W079,PX-7500,CH-C,EDG-04,Edge,0.84,98.2,2194.63,2177.39,2124.32,3154.2,True,True,True,True,1,3.28,
2274,Rev2,2,W079,PX-7500,CH-C,EDG-05,Edge,0.84,130.9,2210.52,2192.97,2109.67,3420.5,True,True,True,True,1,2.78,polymer_residue
2275,Rev2,2,W079,PX-7500,CH-C,EDG-06,Edge,0.84,163.6,2173.39,2090.79,2142.29,3282.7,True,True,True,True,0,0.0,
2276,Rev2,2,W079,PX-7500,CH-C,EDG-07,Edge,0.84,196.4,2195.27,2142.95,2120.07,3296.4,True,True,True,True,0,0.0,
2277,Rev2,2,W079,PX-7500,CH-C,EDG-08,Edge,0.84,229.1,2205.92,2196.16,2144.01,3437.0,True,False,True,True,0,0.0,
2278,Rev2,2,W079,PX-7500,CH-C,EDG-09,Edge,0.84,261.8,2170.67,2143.3,2104.51,3444.9,True,True,True,True,1,5.64,
2279,Rev2,2,W079,PX-7500,CH-C,EDG-10,Edge,0.84,294.5,2186.45,2191.03,2104.41,3191.9,True,True,True,True,0,0.0,
2280,Rev2,2,W079,PX-7500,CH-C,EDG-11,Edge,0.84,327.3,2167.99,2151.47,2009.9,3417.9,True,True,True,True,1,3.43,polymer_residue
2281,Rev2,2,W079,PX-7500,CH-C,EXT-01,Extreme Edge,0.96,16.4,2223.95,2183.46,2060.88,3412.1,True,True,True,True,1,4.83,
2282,Rev2,2,W079,PX-7500,CH-C,EXT-02,Extreme Edge,0.96,49.1,2145.92,2161.46,2117.42,3627.4,True,True,True,False,0,0.0,
2283,Rev2,2,W079,PX-7500,CH-C,EXT-03,Extreme Edge,0.96,81.8,2200.09,2142.44,2133.32,3404.8,True,True,True,True,2,11.18,esc_temp_drift
2284,Rev2,2,W079,PX-7500,CH-C,EXT-04,Extreme Edge,0.96,114.5,2182.74,2147.57,2150.07,3411.7,True,True,True,True,0,0.0,
2285,Rev2,2,W079,PX-7500,CH-C,EXT-05,Extreme Edge,0.96,147.3,2186.86,2166.18,2153.99,3463.2,True,True,True,True,0,0.0,
2286,Rev2,2,W079,PX-7500,CH-C,EXT-06,Extreme Edge,0.96,180.0,2223.41,2176.52,2182.59,3285.6,True,True,False,True,1,3.44,polymer_residue
2287,Rev2,2,W079,PX-7500,CH-C,EXT-07,Extreme Edge,0.96,212.7,2207.7,2214.79,2103.74,3638.6,True,False,True,False,1,3.37,polymer_residue
2288,Rev2,2,W079,PX-7500,CH-C,EXT-08,Extreme Edge,0.96,245.5,2229.56,2136.56,2206.05,3611.9,False,True,False,False,0,0.0,
2289,Rev2,2,W079,PX-7500,CH-C,EXT-09,Extreme Edge,0.96,278.2,2267.54,2188.21,2205.69,3247.9,False,True,False,True,0,0.0,
2290,Rev2,2,W079,PX-7500,CH-C,EXT-10,Extreme Edge,0.96,310.9,2180.2,2169.36,2234.54,3299.6,True,True,False,True,0,0.0,
2291,Rev2,2,W079,PX-7500,CH-C,EXT-11,Extreme Edge,0.96,343.6,2229.38,2174.12,2164.77,3284.3,False,True,True,True,2,9.16,pressure_spike
2292,Rev10,10,W080,PX-7500,CH-C,C1,Center,0.0,0.0,2137.56,2189.21,2023.18,3415.1,True,True,True,True,0,0.0,
2293,Rev10,10,W080,PX-7500,CH-C,MID-01,Mid,0.52,30.0,2149.71,2183.28,1996.88,3413.7,True,True,True,True,0,0.0,
2294,Rev10,10,W080,PX-7500,CH-C,MID-02,Mid,0.52,90.0,2172.28,2200.24,1999.4,3337.3,True,False,True,True,0,0.0,
2295,Rev10,10,W080,PX-7500,CH-C,MID-03,Mid,0.52,150.0,2155.28,2214.86,2083.59,3673.5,True,False,True,False,0,0.0,
2296,Rev10,10,W080,PX-7500,CH-C,MID-04,Mid,0.52,210.0,2214.09,2189.98,1968.57,3698.3,True,True,True,False,0,0.0,
2297,Rev10,10,W080,PX-7500,CH-C,MID-05,Mid,0.52,270.0,2161.6,2148.91,2042.02,3401.2,True,True,True,True,0,0.0,
2298,Rev10,10,W080,PX-7500,CH-C,MID-06,Mid,0.52,330.0,2168.65,2191.44,1957.62,3585.6,True,True,True,False,0,0.0,
2299,Rev10,10,W080,PX-7500,CH-C,EDG-01,Edge,0.84,0.0,2153.23,2164.83,2110.6,3495.5,True,True,True,True,0,0.0,
2300,Rev10,10,W080,PX-7500,CH-C,EDG-02,Edge,0.84,32.7,2209.34,2170.02,2109.12,3563.5,True,True,True,False,1,2.45,polymer_residue
2301,Rev10,10,W080,PX-7500,CH-C,EDG-03,Edge,0.84,65.5,2198.66,2167.48,1971.27,3564.9,True,True,True,False,2,9.15,
2302,Rev10,10,W080,PX-7500,CH-C,EDG-04,Edge,0.84,98.2,2192.68,2197.31,2024.87,3476.8,True,False,True,True,2,3.89,polymer_residue
2303,Rev10,10,W080,PX-7500,CH-C,EDG-05,Edge,0.84,130.9,2207.09,2218.06,2028.7,3590.8,True,False,True,False,0,0.0,
2304,Rev10,10,W080,PX-7500,CH-C,EDG-06,Edge,0.84,163.6,2221.46,2153.42,2151.8,3273.9,True,True,True,True,0,0.0,
2305,Rev10,10,W080,PX-7500,CH-C,EDG-07,Edge,0.84,196.4,2202.73,2243.09,1899.45,3378.8,True,False,False,True,0,0.0,
2306,Rev10,10,W080,PX-7500,CH-C,EDG-08,Edge,0.84,229.1,2225.94,2172.53,1933.96,3500.7,False,True,True,False,2,5.94,
2307,Rev10,10,W080,PX-7500,CH-C,EDG-09,Edge,0.84,261.8,2229.61,2244.77,2079.83,3383.0,False,False,True,True,1,3.71,polymer_residue
2308,Rev10,10,W080,PX-7500,CH-C,EDG-10,Edge,0.84,294.5,2205.14,2189.05,2145.72,3516.2,True,True,True,False,0,0.0,
2309,Rev10,10,W080,PX-7500,CH-C,EDG-11,Edge,0.84,327.3,2216.56,2248.02,2020.86,3391.3,True,False,True,True,0,0.0,
2310,Rev10,10,W080,PX-7500,CH-C,EXT-01,Extreme Edge,0.96,16.4,2214.75,2191.25,2027.68,3580.8,True,True,True,False,2,7.28,polymer_residue
2311,Rev10,10,W080,PX-7500,CH-C,EXT-02,Extreme Edge,0.96,49.1,2204.01,2191.21,2055.3,3338.1,True,True,True,True,0,0.0,
2312,Rev10,10,W080,PX-7500,CH-C,EXT-03,Extreme Edge,0.96,81.8,2254.33,2178.98,2042.99,3377.8,False,True,True,True,2,6.44,
2313,Rev10,10,W080,PX-7500,CH-C,EXT-04,Extreme Edge,0.96,114.5,2224.06,2196.17,2132.92,3648.2,True,False,True,False,1,2.21,
2314,Rev10,10,W080,PX-7500,CH-C,EXT-05,Extreme Edge,0.96,147.3,2192.77,2204.69,2095.71,3337.6,True,False,True,True,1,3.11,endpoint_late
2315,Rev10,10,W080,PX-7500,CH-C,EXT-06,Extreme Edge,0.96,180.0,2218.65,2173.16,2026.3,3533.8,True,True,True,False,0,0.0,
2316,Rev10,10,W080,PX-7500,CH-C,EXT-07,Extreme Edge,0.96,212.7,2191.37,2212.06,2158.97,3573.2,True,False,True,False,0,0.0,
2317,Rev10,10,W080,PX-7500,CH-C,EXT-08,Extreme Edge,0.96,245.5,2173.42,2188.58,2074.77,3529.8,True,True,True,False,1,4.34,polymer_residue
2318,Rev10,10,W080,PX-7500,CH-C,EXT-09,Extreme Edge,0.96,278.2,2191.55,2125.23,2024.01,3582.6,True,True,True,False,0,0.0,
2319,Rev10,10,W080,PX-7500,CH-C,EXT-10,Extreme Edge,0.96,310.9,2199.92,2164.29,2165.84,3501.5,True,True,True,False,1,4.0,endpoint_late
2320,Rev10,10,W080,PX-7500,CH-C,EXT-11,Extreme Edge,0.96,343.6,2200.24,2207.35,2020.84,3662.3,True,False,True,False,2,11.52,polymer_residue
2321,Rev5,5,W081,AE-3200,CH-B,C1,Center,0.0,0.0,2180.98,2141.52,2127.66,3308.3,True,True,True,True,1,4.14,pressure_spike
2322,Rev5,5,W081,AE-3200,CH-B,MID-01,Mid,0.52,30.0,2160.09,2128.22,2135.61,3288.9,True,True,True,True,0,0.0,
2323,Rev5,5,W081,AE-3200,CH-B,MID-02,Mid,0.52,90.0,2128.91,2126.95,2139.29,3092.2,True,True,True,True,0,0.0,
2324,Rev5,5,W081,AE-3200,CH-B,MID-03,Mid,0.52,150.0,2136.14,2158.42,2100.96,3082.9,True,True,True,True,0,0.0,
2325,Rev5,5,W081,AE-3200,CH-B,MID-04,Mid,0.52,210.0,2086.62,2111.16,2170.57,2934.0,True,True,False,False,2,3.97,polymer_residue
2326,Rev5,5,W081,AE-3200,CH-B,MID-05,Mid,0.52,270.0,2140.48,2140.7,2064.92,3163.8,True,True,True,True,0,0.0,
2327,Rev5,5,W081,AE-3200,CH-B,MID-06,Mid,0.52,330.0,2140.44,2099.69,2187.64,2961.2,True,True,False,False,1,5.41,
2328,Rev5,5,W081,AE-3200,CH-B,EDG-01,Edge,0.84,0.0,2174.44,2059.39,2111.09,3288.2,True,True,True,True,1,5.9,pressure_spike
2329,Rev5,5,W081,AE-3200,CH-B,EDG-02,Edge,0.84,32.7,2180.07,2090.54,2156.26,3088.3,True,True,True,True,1,3.74,
2330,Rev5,5,W081,AE-3200,CH-B,EDG-03,Edge,0.84,65.5,2178.75,2075.88,2106.8,3094.1,True,True,True,True,0,0.0,
2331,Rev5,5,W081,AE-3200,CH-B,EDG-04,Edge,0.84,98.2,2189.5,2104.63,2152.99,3247.3,True,True,True,True,0,0.0,
2332,Rev5,5,W081,AE-3200,CH-B,EDG-05,Edge,0.84,130.9,2125.45,2185.94,2115.62,3305.8,True,True,True,True,1,4.3,esc_temp_drift
2333,Rev5,5,W081,AE-3200,CH-B,EDG-06,Edge,0.84,163.6,2168.87,2173.97,2137.81,3352.7,True,True,True,True,1,1.97,
2334,Rev5,5,W081,AE-3200,CH-B,EDG-07,Edge,0.84,196.4,2160.18,2084.28,2179.85,3187.9,True,True,False,True,0,0.0,
2335,Rev5,5,W081,AE-3200,CH-B,EDG-08,Edge,0.84,229.1,2202.04,2205.52,2227.67,3114.8,True,False,False,True,1,3.17,pressure_spike
2336,Rev5,5,W081,AE-3200,CH-B,EDG-09,Edge,0.84,261.8,2155.16,2153.01,2159.46,3335.5,True,True,True,True,0,0.0,
2337,Rev5,5,W081,AE-3200,CH-B,EDG-10,Edge,0.84,294.5,2186.27,2105.2,2120.26,3094.7,True,True,True,True,1,5.76,polymer_residue
2338,Rev5,5,W081,AE-3200,CH-B,EDG-11,Edge,0.84,327.3,2159.22,2141.25,2121.87,3188.0,True,True,True,True,0,0.0,
2339,Rev5,5,W081,AE-3200,CH-B,EXT-01,Extreme Edge,0.96,16.4,2174.7,2151.08,2147.8,3182.0,True,True,True,True,1,4.75,
2340,Rev5,5,W081,AE-3200,CH-B,EXT-02,Extreme Edge,0.96,49.1,2192.34,2168.5,2175.78,3338.1,True,True,False,True,2,4.14,arc_event
2341,Rev5,5,W081,AE-3200,CH-B,EXT-03,Extreme Edge,0.96,81.8,2128.64,2161.16,2194.18,3264.4,True,True,False,True,1,2.37,
2342,Rev5,5,W081,AE-3200,CH-B,EXT-04,Extreme Edge,0.96,114.5,2182.2,2218.55,2126.94,3357.1,True,False,True,True,1,2.0,
2343,Rev5,5,W081,AE-3200,CH-B,EXT-05,Extreme Edge,0.96,147.3,2222.19,2164.84,2116.18,3292.2,True,True,True,True,0,0.0,
2344,Rev5,5,W081,AE-3200,CH-B,EXT-06,Extreme Edge,0.96,180.0,2201.88,2156.33,2138.26,3074.4,True,True,True,True,0,0.0,
2345,Rev5,5,W081,AE-3200,CH-B,EXT-07,Extreme Edge,0.96,212.7,2197.12,2141.51,2206.64,3028.0,True,True,False,True,1,5.03,endpoint_late
2346,Rev5,5,W081,AE-3200,CH-B,EXT-08,Extreme Edge,0.96,245.5,2200.99,2202.47,2067.09,3252.3,True,False,True,True,1,3.99,
2347,Rev5,5,W081,AE-3200,CH-B,EXT-09,Extreme Edge,0.96,278.2,2156.99,2136.15,2120.06,3200.2,True,True,True,True,0,0.0,
2348,Rev5,5,W081,AE-3200,CH-B,EXT-10,Extreme Edge,0.96,310.9,2168.15,2185.86,2135.43,3338.5,True,True,True,True,1,5.16,polymer_residue
2349,Rev5,5,W081,AE-3200,CH-B,EXT-11,Extreme Edge,0.96,343.6,2161.48,2139.37,2126.73,3177.0,True,True,True,True,1,3.49,
2350,Rev1,1,W082,AE-3200,CH-B,C1,Center,0.0,0.0,2117.87,2123.16,2086.87,3286.0,True,True,True,True,0,0.0,
2351,Rev1,1,W082,AE-3200,CH-B,MID-01,Mid,0.52,30.0,2212.42,2103.61,1999.28,3154.2,True,True,True,True,0,0.0,
2352,Rev1,1,W082,AE-3200,CH-B,MID-02,Mid,0.52,90.0,2133.31,2113.91,2124.71,3185.0,True,True,True,True,0,0.0,
2353,Rev1,1,W082,AE-3200,CH-B,MID-03,Mid,0.52,150.0,2205.91,2112.62,2126.75,3486.4,True,True,True,True,0,0.0,
2354,Rev1,1,W082,AE-3200,CH-B,MID-04,Mid,0.52,210.0,2181.52,2127.16,2061.84,3366.9,True,True,True,True,0,0.0,
2355,Rev1,1,W082,AE-3200,CH-B,MID-05,Mid,0.52,270.0,2184.53,2129.17,2107.98,3286.9,True,True,True,True,0,0.0,
2356,Rev1,1,W082,AE-3200,CH-B,MID-06,Mid,0.52,330.0,2116.39,2148.82,2080.34,3306.8,True,True,True,True,0,0.0,
2357,Rev1,1,W082,AE-3200,CH-B,EDG-01,Edge,0.84,0.0,2200.0,2127.27,2143.71,3483.8,True,True,True,True,0,0.0,
2358,Rev1,1,W082,AE-3200,CH-B,EDG-02,Edge,0.84,32.7,2210.5,2131.24,2078.08,3197.0,True,True,True,True,0,0.0,
2359,Rev1,1,W082,AE-3200,CH-B,EDG-03,Edge,0.84,65.5,2219.08,2093.77,2000.22,3184.6,True,True,True,True,2,9.08,
2360,Rev1,1,W082,AE-3200,CH-B,EDG-04,Edge,0.84,98.2,2156.6,2119.9,1983.74,3182.4,True,True,True,True,0,0.0,
2361,Rev1,1,W082,AE-3200,CH-B,EDG-05,Edge,0.84,130.9,2209.32,2174.63,2037.02,3268.7,True,True,True,True,0,0.0,
2362,Rev1,1,W082,AE-3200,CH-B,EDG-06,Edge,0.84,163.6,2215.6,2114.73,2247.58,3328.7,True,True,False,True,0,0.0,
2363,Rev1,1,W082,AE-3200,CH-B,EDG-07,Edge,0.84,196.4,2209.49,2088.07,2027.45,3360.7,True,True,True,True,2,8.51,polymer_residue
2364,Rev1,1,W082,AE-3200,CH-B,EDG-08,Edge,0.84,229.1,2193.65,2164.82,2106.51,3449.3,True,True,True,True,0,0.0,
2365,Rev1,1,W082,AE-3200,CH-B,EDG-09,Edge,0.84,261.8,2198.17,2163.65,1998.17,3254.8,True,True,True,True,1,3.83,polymer_residue
2366,Rev1,1,W082,AE-3200,CH-B,EDG-10,Edge,0.84,294.5,2231.7,2155.29,2115.56,3302.9,False,True,True,True,1,5.46,pressure_spike
2367,Rev1,1,W082,AE-3200,CH-B,EDG-11,Edge,0.84,327.3,2195.22,2110.68,2087.57,3474.2,True,True,True,True,0,0.0,
2368,Rev1,1,W082,AE-3200,CH-B,EXT-01,Extreme Edge,0.96,16.4,2224.84,2151.6,2133.66,3448.7,True,True,True,True,1,3.3,endpoint_late
2369,Rev1,1,W082,AE-3200,CH-B,EXT-02,Extreme Edge,0.96,49.1,2243.08,2181.29,2145.53,3349.0,False,True,True,True,0,0.0,
2370,Rev1,1,W082,AE-3200,CH-B,EXT-03,Extreme Edge,0.96,81.8,2188.19,2158.25,2131.8,3385.4,True,True,True,True,0,0.0,
2371,Rev1,1,W082,AE-3200,CH-B,EXT-04,Extreme Edge,0.96,114.5,2178.35,2189.03,2186.02,3628.2,True,True,False,False,0,0.0,
2372,Rev1,1,W082,AE-3200,CH-B,EXT-05,Extreme Edge,0.96,147.3,2234.87,2144.44,2178.18,3275.8,False,True,False,True,1,6.14,
2373,Rev1,1,W082,AE-3200,CH-B,EXT-06,Extreme Edge,0.96,180.0,2216.84,2115.24,2023.35,3219.7,True,True,True,True,0,0.0,
2374,Rev1,1,W082,AE-3200,CH-B,EXT-07,Extreme Edge,0.96,212.7,2200.69,2121.8,2098.29,3287.7,True,True,True,True,1,3.48,
2375,Rev1,1,W082,AE-3200,CH-B,EXT-08,Extreme Edge,0.96,245.5,2178.55,2127.89,2153.15,3378.2,True,True,True,True,1,2.4,polymer_residue
2376,Rev1,1,W082,AE-3200,CH-B,EXT-09,Extreme Edge,0.96,278.2,2173.93,2167.38,2138.86,3326.3,True,True,True,True,1,4.61,pressure_spike
2377,Rev1,1,W082,AE-3200,CH-B,EXT-10,Extreme Edge,0.96,310.9,2252.51,2148.27,2088.44,3551.0,False,True,True,False,1,6.48,
2378,Rev1,1,W082,AE-3200,CH-B,EXT-11,Extreme Edge,0.96,343.6,2222.31,2113.06,2118.86,3178.5,True,True,True,True,2,11.16,polymer_residue
2379,Rev6,6,W083,PX-7500,CH-C,C1,Center,0.0,0.0,2164.83,2131.64,2256.58,3237.4,True,True,False,True,1,2.37,endpoint_late
2380,Rev6,6,W083,PX-7500,CH-C,MID-01,Mid,0.52,30.0,2141.72,2129.95,2020.96,3458.2,True,True,True,True,0,0.0,
2381,Rev6,6,W083,PX-7500,CH-C,MID-02,Mid,0.52,90.0,2133.53,2132.84,2060.43,3272.6,True,True,True,True,1,3.74,polymer_residue
2382,Rev6,6,W083,PX-7500,CH-C,MID-03,Mid,0.52,150.0,2118.59,2087.76,2126.1,3196.6,True,True,True,True,0,0.0,
2383,Rev6,6,W083,PX-7500,CH-C,MID-04,Mid,0.52,210.0,2139.18,2126.13,2118.51,3387.8,True,True,True,True,1,3.54,polymer_residue
2384,Rev6,6,W083,PX-7500,CH-C,MID-05,Mid,0.52,270.0,2172.74,2114.27,2174.45,3488.5,True,True,False,True,0,0.0,
2385,Rev6,6,W083,PX-7500,CH-C,MID-06,Mid,0.52,330.0,2149.32,2106.67,2056.54,3282.4,True,True,True,True,0,0.0,
2386,Rev6,6,W083,PX-7500,CH-C,EDG-01,Edge,0.84,0.0,2174.18,2154.93,2121.24,3370.1,True,True,True,True,0,0.0,
2387,Rev6,6,W083,PX-7500,CH-C,EDG-02,Edge,0.84,32.7,2188.33,2151.59,2136.35,3642.0,True,True,True,False,1,2.36,polymer_residue
2388,Rev6,6,W083,PX-7500,CH-C,EDG-03,Edge,0.84,65.5,2184.21,2131.55,2126.74,3317.9,True,True,True,True,0,0.0,
2389,Rev6,6,W083,PX-7500,CH-C,EDG-04,Edge,0.84,98.2,2192.32,2149.02,2142.92,3318.9,True,True,True,True,0,0.0,
2390,Rev6,6,W083,PX-7500,CH-C,EDG-05,Edge,0.84,130.9,2175.96,2102.93,2203.96,3665.2,True,True,False,False,0,0.0,
2391,Rev6,6,W083,PX-7500,CH-C,EDG-06,Edge,0.84,163.6,2196.99,2147.02,2108.5,3419.5,True,True,True,True,0,0.0,
2392,Rev6,6,W083,PX-7500,CH-C,EDG-07,Edge,0.84,196.4,2163.16,2200.62,2084.89,3258.2,True,False,True,True,1,4.79,polymer_residue
2393,Rev6,6,W083,PX-7500,CH-C,EDG-08,Edge,0.84,229.1,2178.59,2088.58,2119.83,3263.8,True,True,True,True,0,0.0,
2394,Rev6,6,W083,PX-7500,CH-C,EDG-09,Edge,0.84,261.8,2206.34,2133.27,2173.52,3609.3,True,True,False,False,0,0.0,
2395,Rev6,6,W083,PX-7500,CH-C,EDG-10,Edge,0.84,294.5,2168.82,2203.86,2157.05,3183.1,True,False,True,True,1,4.67,polymer_residue
2396,Rev6,6,W083,PX-7500,CH-C,EDG-11,Edge,0.84,327.3,2227.86,2099.57,2205.91,3475.6,False,True,False,True,2,4.93,
2397,Rev6,6,W083,PX-7500,CH-C,EXT-01,Extreme Edge,0.96,16.4,2204.48,2167.03,2040.81,3272.6,True,True,True,True,0,0.0,
2398,Rev6,6,W083,PX-7500,CH-C,EXT-02,Extreme Edge,0.96,49.1,2177.04,2098.82,2154.08,3609.0,True,True,True,False,0,0.0,
2399,Rev6,6,W083,PX-7500,CH-C,EXT-03,Extreme Edge,0.96,81.8,2158.7,2163.57,2044.64,3390.1,True,True,True,True,1,4.91,pressure_spike
2400,Rev6,6,W083,PX-7500,CH-C,EXT-04,Extreme Edge,0.96,114.5,2202.41,2126.37,2066.3,3519.6,True,True,True,False,0,0.0,
2401,Rev6,6,W083,PX-7500,CH-C,EXT-05,Extreme Edge,0.96,147.3,2217.0,2107.32,2080.06,3032.1,True,True,True,True,0,0.0,
2402,Rev6,6,W083,PX-7500,CH-C,EXT-06,Extreme Edge,0.96,180.0,2179.98,2165.86,2169.95,3698.8,True,True,True,False,1,3.52,
2403,Rev6,6,W083,PX-7500,CH-C,EXT-07,Extreme Edge,0.96,212.7,2123.14,2147.77,2210.14,3431.8,True,True,False,True,1,4.7,
2404,Rev6,6,W083,PX-7500,CH-C,EXT-08,Extreme Edge,0.96,245.5,2217.99,2231.48,2211.8,3353.9,True,False,False,True,0,0.0,
2405,Rev6,6,W083,PX-7500,CH-C,EXT-09,Extreme Edge,0.96,278.2,2179.72,2149.59,2103.97,3419.0,True,True,True,True,0,0.0,
2406,Rev6,6,W083,PX-7500,CH-C,EXT-10,Extreme Edge,0.96,310.9,2190.58,2192.93,2037.34,3367.4,True,True,True,True,0,0.0,
2407,Rev6,6,W083,PX-7500,CH-C,EXT-11,Extreme Edge,0.96,343.6,2183.7,2200.08,2191.52,3417.0,True,False,False,True,0,0.0,
2408,Rev5,5,W084,AE-3200,CH-B,C1,Center,0.0,0.0,2162.49,2112.08,2012.18,3449.1,True,True,True,True,0,0.0,
2409,Rev5,5,W084,AE-3200,CH-B,MID-01,Mid,0.52,30.0,2149.48,2135.71,2084.2,3222.5,True,True,True,True,0,0.0,
2410,Rev5,5,W084,AE-3200,CH-B,MID-02,Mid,0.52,90.0,2181.51,2135.95,2091.28,3243.4,True,True,True,True,1,6.35,pressure_spike
2411,Rev5,5,W084,AE-3200,CH-B,MID-03,Mid,0.52,150.0,2154.17,2094.84,1991.69,3254.9,True,True,True,True,0,0.0,
2412,Rev5,5,W084,AE-3200,CH-B,MID-04,Mid,0.52,210.0,2172.22,2169.74,2011.02,3473.5,True,True,True,True,0,0.0,
2413,Rev5,5,W084,AE-3200,CH-B,MID-05,Mid,0.52,270.0,2103.9,2125.42,2019.36,3391.9,True,True,True,True,0,0.0,
2414,Rev5,5,W084,AE-3200,CH-B,MID-06,Mid,0.52,330.0,2179.73,2094.39,2072.79,3193.1,True,True,True,True,0,0.0,
2415,Rev5,5,W084,AE-3200,CH-B,EDG-01,Edge,0.84,0.0,2172.06,2150.72,2070.48,3262.4,True,True,True,True,0,0.0,
2416,Rev5,5,W084,AE-3200,CH-B,EDG-02,Edge,0.84,32.7,2160.22,2190.12,2103.41,3328.3,True,True,True,True,0,0.0,
2417,Rev5,5,W084,AE-3200,CH-B,EDG-03,Edge,0.84,65.5,2183.31,2162.34,1982.3,3571.6,True,True,True,False,0,0.0,
2418,Rev5,5,W084,AE-3200,CH-B,EDG-04,Edge,0.84,98.2,2150.96,2161.46,1990.42,3301.0,True,True,True,True,0,0.0,
2419,Rev5,5,W084,AE-3200,CH-B,EDG-05,Edge,0.84,130.9,2184.81,2182.08,1985.15,3349.3,True,True,True,True,0,0.0,
2420,Rev5,5,W084,AE-3200,CH-B,EDG-06,Edge,0.84,163.6,2179.32,2196.06,2073.54,3284.2,True,False,True,True,1,4.12,
2421,Rev5,5,W084,AE-3200,CH-B,EDG-07,Edge,0.84,196.4,2143.69,2188.72,2035.57,3389.6,True,True,True,True,1,2.81,polymer_residue
2422,Rev5,5,W084,AE-3200,CH-B,EDG-08,Edge,0.84,229.1,2141.77,2096.04,2036.73,3496.9,True,True,True,True,1,4.44,polymer_residue
2423,Rev5,5,W084,AE-3200,CH-B,EDG-09,Edge,0.84,261.8,2239.51,2146.39,1963.19,3313.1,False,True,True,True,3,11.3,polymer_residue
2424,Rev5,5,W084,AE-3200,CH-B,EDG-10,Edge,0.84,294.5,2152.28,2159.5,2137.05,3365.9,True,True,True,True,0,0.0,
2425,Rev5,5,W084,AE-3200,CH-B,EDG-11,Edge,0.84,327.3,2150.39,2147.0,2024.15,3403.6,True,True,True,True,1,4.01,
2426,Rev5,5,W084,AE-3200,CH-B,EXT-01,Extreme Edge,0.96,16.4,2204.82,2184.36,1954.57,3497.0,True,True,True,True,0,0.0,
2427,Rev5,5,W084,AE-3200,CH-B,EXT-02,Extreme Edge,0.96,49.1,2168.8,2185.87,2082.76,3183.7,True,True,True,True,0,0.0,
2428,Rev5,5,W084,AE-3200,CH-B,EXT-03,Extreme Edge,0.96,81.8,2233.93,2144.04,1974.33,3315.2,False,True,True,True,1,3.27,
2429,Rev5,5,W084,AE-3200,CH-B,EXT-04,Extreme Edge,0.96,114.5,2220.23,2198.46,1958.86,3393.7,True,False,True,True,0,0.0,
2430,Rev5,5,W084,AE-3200,CH-B,EXT-05,Extreme Edge,0.96,147.3,2203.58,2173.66,2066.55,3529.9,True,True,True,False,0,0.0,
2431,Rev5,5,W084,AE-3200,CH-B,EXT-06,Extreme Edge,0.96,180.0,2172.22,2141.0,2026.85,3267.1,True,True,True,True,1,2.43,polymer_residue
2432,Rev5,5,W084,AE-3200,CH-B,EXT-07,Extreme Edge,0.96,212.7,2215.08,2131.32,2000.76,3456.3,True,True,True,True,0,0.0,
2433,Rev5,5,W084,AE-3200,CH-B,EXT-08,Extreme Edge,0.96,245.5,2176.85,2133.83,2128.65,3312.9,True,True,True,True,0,0.0,
2434,Rev5,5,W084,AE-3200,CH-B,EXT-09,Extreme Edge,0.96,278.2,2224.05,2172.74,2014.6,3251.9,True,True,True,True,0,0.0,
2435,Rev5,5,W084,AE-3200,CH-B,EXT-10,Extreme Edge,0.96,310.9,2206.94,2155.91,2059.69,3382.6,True,True,True,True,0,0.0,
2436,Rev5,5,W084,AE-3200,CH-B,EXT-11,Extreme Edge,0.96,343.6,2205.83,2185.08,2024.81,3330.3,True,True,True,True,2,8.62,esc_temp_drift
2437,Rev8,8,W085,AE-3200,CH-A,C1,Center,0.0,0.0,2118.06,2046.51,2001.02,3310.0,True,True,True,True,0,0.0,
2438,Rev8,8,W085,AE-3200,CH-A,MID-01,Mid,0.52,30.0,2177.59,2083.23,2008.03,3436.0,True,True,True,True,1,4.56,polymer_residue
2439,Rev8,8,W085,AE-3200,CH-A,MID-02,Mid,0.52,90.0,2217.73,2117.5,1999.74,3122.5,True,True,True,True,0,0.0,
2440,Rev8,8,W085,AE-3200,CH-A,MID-03,Mid,0.52,150.0,2188.78,2097.38,2007.66,3054.1,True,True,True,True,0,0.0,
2441,Rev8,8,W085,AE-3200,CH-A,MID-04,Mid,0.52,210.0,2107.21,2141.18,1984.78,3097.2,True,True,True,True,0,0.0,
2442,Rev8,8,W085,AE-3200,CH-A,MID-05,Mid,0.52,270.0,2184.81,2093.77,1994.58,3382.8,True,True,True,True,1,4.66,
2443,Rev8,8,W085,AE-3200,CH-A,MID-06,Mid,0.52,330.0,2156.42,2107.79,1983.76,3311.9,True,True,True,True,0,0.0,
2444,Rev8,8,W085,AE-3200,CH-A,EDG-01,Edge,0.84,0.0,2236.01,2131.08,2077.34,3307.7,False,True,True,True,0,0.0,
2445,Rev8,8,W085,AE-3200,CH-A,EDG-02,Edge,0.84,32.7,2193.08,2105.55,2041.17,3410.8,True,True,True,True,0,0.0,
2446,Rev8,8,W085,AE-3200,CH-A,EDG-03,Edge,0.84,65.5,2203.02,2141.57,1956.03,3454.9,True,True,True,True,0,0.0,
2447,Rev8,8,W085,AE-3200,CH-A,EDG-04,Edge,0.84,98.2,2219.16,2078.46,1925.92,3366.7,True,True,True,True,1,1.93,polymer_residue
2448,Rev8,8,W085,AE-3200,CH-A,EDG-05,Edge,0.84,130.9,2205.06,2072.54,1991.59,3504.6,True,True,True,False,1,5.86,endpoint_late
2449,Rev8,8,W085,AE-3200,CH-A,EDG-06,Edge,0.84,163.6,2167.79,2108.13,2019.93,3492.1,True,True,True,True,0,0.0,
2450,Rev8,8,W085,AE-3200,CH-A,EDG-07,Edge,0.84,196.4,2178.71,2104.36,2011.82,3202.8,True,True,True,True,0,0.0,
2451,Rev8,8,W085,AE-3200,CH-A,EDG-08,Edge,0.84,229.1,2158.13,2105.38,1944.67,3201.4,True,True,True,True,0,0.0,
2452,Rev8,8,W085,AE-3200,CH-A,EDG-09,Edge,0.84,261.8,2173.97,2050.87,2074.43,3129.7,True,True,True,True,0,0.0,
2453,Rev8,8,W085,AE-3200,CH-A,EDG-10,Edge,0.84,294.5,2202.43,2067.67,2102.1,3056.2,True,True,True,True,0,0.0,
2454,Rev8,8,W085,AE-3200,CH-A,EDG-11,Edge,0.84,327.3,2238.44,2075.12,1909.63,3418.7,False,True,True,True,2,10.56,polymer_residue
2455,Rev8,8,W085,AE-3200,CH-A,EXT-01,Extreme Edge,0.96,16.4,2195.52,2083.97,2126.58,3383.1,True,True,True,True,2,7.03,arc_event
2456,Rev8,8,W085,AE-3200,CH-A,EXT-02,Extreme Edge,0.96,49.1,2222.05,2162.0,2139.71,3274.2,True,True,True,True,0,0.0,
2457,Rev8,8,W085,AE-3200,CH-A,EXT-03,Extreme Edge,0.96,81.8,2200.76,2122.66,2033.31,3326.9,True,True,True,True,1,5.69,
2458,Rev8,8,W085,AE-3200,CH-A,EXT-04,Extreme Edge,0.96,114.5,2238.17,2166.56,2140.14,3187.6,False,True,True,True,2,4.28,polymer_residue
2459,Rev8,8,W085,AE-3200,CH-A,EXT-05,Extreme Edge,0.96,147.3,2240.76,2087.96,2009.11,3270.8,False,True,True,True,0,0.0,
2460,Rev8,8,W085,AE-3200,CH-A,EXT-06,Extreme Edge,0.96,180.0,2216.58,2151.92,1965.01,3060.7,True,True,True,True,2,9.12,
2461,Rev8,8,W085,AE-3200,CH-A,EXT-07,Extreme Edge,0.96,212.7,2196.47,2098.22,2059.89,3178.9,True,True,True,True,0,0.0,
2462,Rev8,8,W085,AE-3200,CH-A,EXT-08,Extreme Edge,0.96,245.5,2231.33,2081.81,2145.48,3341.2,False,True,True,True,1,4.8,esc_temp_drift
2463,Rev8,8,W085,AE-3200,CH-A,EXT-09,Extreme Edge,0.96,278.2,2202.01,2106.95,2035.58,3366.7,True,True,True,True,1,2.29,polymer_residue
2464,Rev8,8,W085,AE-3200,CH-A,EXT-10,Extreme Edge,0.96,310.9,2217.01,2079.22,2048.16,3281.7,True,True,True,True,0,0.0,
2465,Rev8,8,W085,AE-3200,CH-A,EXT-11,Extreme Edge,0.96,343.6,2190.66,2156.46,2229.67,3080.9,True,True,False,True,0,0.0,
2466,Rev7,7,W086,PX-7500,CH-D,C1,Center,0.0,0.0,2167.68,2013.39,1904.36,3218.7,True,False,True,True,0,0.0,
2467,Rev7,7,W086,PX-7500,CH-D,MID-01,Mid,0.52,30.0,2164.83,2110.08,1978.19,3401.0,True,True,True,True,0,0.0,
2468,Rev7,7,W086,PX-7500,CH-D,MID-02,Mid,0.52,90.0,2143.4,2066.79,1993.68,3172.5,True,True,True,True,0,0.0,
2469,Rev7,7,W086,PX-7500,CH-D,MID-03,Mid,0.52,150.0,2141.65,2076.72,2050.37,3207.2,True,True,True,True,0,0.0,
2470,Rev7,7,W086,PX-7500,CH-D,MID-04,Mid,0.52,210.0,2162.27,2066.51,2038.04,3350.9,True,True,True,True,1,4.71,
2471,Rev7,7,W086,PX-7500,CH-D,MID-05,Mid,0.52,270.0,2176.22,2060.91,2048.25,3404.2,True,True,True,True,0,0.0,
2472,Rev7,7,W086,PX-7500,CH-D,MID-06,Mid,0.52,330.0,2148.91,2058.07,1992.72,3327.0,True,True,True,True,0,0.0,
2473,Rev7,7,W086,PX-7500,CH-D,EDG-01,Edge,0.84,0.0,2227.82,2152.77,2045.14,3196.8,False,True,True,True,1,2.28,
2474,Rev7,7,W086,PX-7500,CH-D,EDG-02,Edge,0.84,32.7,2172.24,2065.58,2118.94,3653.3,True,True,True,False,1,4.65,polymer_residue
2475,Rev7,7,W086,PX-7500,CH-D,EDG-03,Edge,0.84,65.5,2173.66,2055.63,2151.1,3434.1,True,True,True,True,1,2.29,polymer_residue
2476,Rev7,7,W086,PX-7500,CH-D,EDG-04,Edge,0.84,98.2,2203.17,2100.96,2028.45,3315.1,True,True,True,True,0,0.0,
2477,Rev7,7,W086,PX-7500,CH-D,EDG-05,Edge,0.84,130.9,2183.68,2067.83,2090.72,3445.5,True,True,True,True,1,5.17,polymer_residue
2478,Rev7,7,W086,PX-7500,CH-D,EDG-06,Edge,0.84,163.6,2156.86,2103.69,2015.53,3330.1,True,True,True,True,0,0.0,
2479,Rev7,7,W086,PX-7500,CH-D,EDG-07,Edge,0.84,196.4,2191.22,2082.74,2151.26,3434.8,True,True,True,True,0,0.0,
2480,Rev7,7,W086,PX-7500,CH-D,EDG-08,Edge,0.84,229.1,2204.14,2033.58,2160.65,3223.8,True,True,True,True,0,0.0,
2481,Rev7,7,W086,PX-7500,CH-D,EDG-09,Edge,0.84,261.8,2180.42,2124.37,2103.08,3428.7,True,True,True,True,0,0.0,
2482,Rev7,7,W086,PX-7500,CH-D,EDG-10,Edge,0.84,294.5,2184.91,2066.09,2066.29,3553.1,True,True,True,False,0,0.0,
2483,Rev7,7,W086,PX-7500,CH-D,EDG-11,Edge,0.84,327.3,2223.28,2059.5,1968.41,3256.6,True,True,True,True,0,0.0,
2484,Rev7,7,W086,PX-7500,CH-D,EXT-01,Extreme Edge,0.96,16.4,2186.54,2117.13,2118.12,3483.4,True,True,True,True,0,0.0,
2485,Rev7,7,W086,PX-7500,CH-D,EXT-02,Extreme Edge,0.96,49.1,2154.2,2081.35,2104.54,3281.8,True,True,True,True,2,10.09,endpoint_late
2486,Rev7,7,W086,PX-7500,CH-D,EXT-03,Extreme Edge,0.96,81.8,2198.81,2121.55,2073.8,3328.2,True,True,True,True,2,8.67,esc_temp_drift
2487,Rev7,7,W086,PX-7500,CH-D,EXT-04,Extreme Edge,0.96,114.5,2219.9,2148.0,2103.11,3436.1,True,True,True,True,1,3.68,polymer_residue
2488,Rev7,7,W086,PX-7500,CH-D,EXT-05,Extreme Edge,0.96,147.3,2181.72,2067.87,2036.63,3736.2,True,True,True,False,0,0.0,
2489,Rev7,7,W086,PX-7500,CH-D,EXT-06,Extreme Edge,0.96,180.0,2177.42,2146.48,2114.1,3222.7,True,True,True,True,1,2.56,pressure_spike
2490,Rev7,7,W086,PX-7500,CH-D,EXT-07,Extreme Edge,0.96,212.7,2156.0,2080.84,2104.14,3313.1,True,True,True,True,3,19.46,
2491,Rev7,7,W086,PX-7500,CH-D,EXT-08,Extreme Edge,0.96,245.5,2165.17,2061.8,2051.35,3783.2,True,True,True,False,0,0.0,
2492,Rev7,7,W086,PX-7500,CH-D,EXT-09,Extreme Edge,0.96,278.2,2190.88,2124.85,2100.7,3308.6,True,True,True,True,1,4.06,
2493,Rev7,7,W086,PX-7500,CH-D,EXT-10,Extreme Edge,0.96,310.9,2244.14,2094.96,2084.29,3259.1,False,True,True,True,2,7.28,
2494,Rev7,7,W086,PX-7500,CH-D,EXT-11,Extreme Edge,0.96,343.6,2196.88,2078.14,2061.41,3411.6,True,True,True,True,1,2.15,pressure_spike
2495,Rev2,2,W087,PX-7500,CH-C,C1,Center,0.0,0.0,2123.72,2157.25,2141.27,3352.3,True,True,True,True,1,5.37,
2496,Rev2,2,W087,PX-7500,CH-C,MID-01,Mid,0.52,30.0,2144.96,2079.4,1969.25,3650.7,True,True,True,False,1,3.79,polymer_residue
2497,Rev2,2,W087,PX-7500,CH-C,MID-02,Mid,0.52,90.0,2158.79,2168.06,2019.46,3408.0,True,True,True,True,0,0.0,
2498,Rev2,2,W087,PX-7500,CH-C,MID-03,Mid,0.52,150.0,2139.39,2105.07,2130.37,3263.7,True,True,True,True,0,0.0,
2499,Rev2,2,W087,PX-7500,CH-C,MID-04,Mid,0.52,210.0,2190.39,2081.59,2074.5,3369.2,True,True,True,True,0,0.0,
2500,Rev2,2,W087,PX-7500,CH-C,MID-05,Mid,0.52,270.0,2116.48,2172.55,2024.21,3454.1,True,True,True,True,0,0.0,
2501,Rev2,2,W087,PX-7500,CH-C,MID-06,Mid,0.52,330.0,2158.36,2142.52,2061.84,3380.0,True,True,True,True,0,0.0,
2502,Rev2,2,W087,PX-7500,CH-C,EDG-01,Edge,0.84,0.0,2154.37,2140.47,2096.16,3526.2,True,True,True,False,0,0.0,
2503,Rev2,2,W087,PX-7500,CH-C,EDG-02,Edge,0.84,32.7,2152.37,2084.61,2128.85,3435.9,True,True,True,True,0,0.0,
2504,Rev2,2,W087,PX-7500,CH-C,EDG-03,Edge,0.84,65.5,2205.82,2108.77,2097.22,3442.2,True,True,True,True,1,5.87,
2505,Rev2,2,W087,PX-7500,CH-C,EDG-04,Edge,0.84,98.2,2182.07,2112.49,2085.97,3716.0,True,True,True,False,0,0.0,
2506,Rev2,2,W087,PX-7500,CH-C,EDG-05,Edge,0.84,130.9,2197.28,2151.62,2072.76,3572.6,True,True,True,False,0,0.0,
2507,Rev2,2,W087,PX-7500,CH-C,EDG-06,Edge,0.84,163.6,2181.01,2142.93,2049.69,3545.8,True,True,True,False,1,5.96,polymer_residue
2508,Rev2,2,W087,PX-7500,CH-C,EDG-07,Edge,0.84,196.4,2186.09,2156.27,2112.06,3347.8,True,True,True,True,0,0.0,
2509,Rev2,2,W087,PX-7500,CH-C,EDG-08,Edge,0.84,229.1,2163.45,2159.06,2154.08,3527.5,True,True,True,False,1,3.81,
2510,Rev2,2,W087,PX-7500,CH-C,EDG-09,Edge,0.84,261.8,2219.31,2157.4,2082.61,3575.8,True,True,True,False,0,0.0,
2511,Rev2,2,W087,PX-7500,CH-C,EDG-10,Edge,0.84,294.5,2168.69,2082.38,2202.26,3347.6,True,True,False,True,0,0.0,
2512,Rev2,2,W087,PX-7500,CH-C,EDG-11,Edge,0.84,327.3,2210.36,2155.3,2173.24,3487.3,True,True,False,True,2,9.17,pressure_spike
2513,Rev2,2,W087,PX-7500,CH-C,EXT-01,Extreme Edge,0.96,16.4,2167.21,2196.69,2105.04,3379.9,True,False,True,True,1,2.74,polymer_residue
2514,Rev2,2,W087,PX-7500,CH-C,EXT-02,Extreme Edge,0.96,49.1,2181.98,2199.39,2020.88,3229.0,True,False,True,True,2,5.01,
2515,Rev2,2,W087,PX-7500,CH-C,EXT-03,Extreme Edge,0.96,81.8,2192.62,2185.3,2103.97,3574.7,True,True,True,False,0,0.0,
2516,Rev2,2,W087,PX-7500,CH-C,EXT-04,Extreme Edge,0.96,114.5,2174.55,2163.88,2212.06,3452.3,True,True,False,True,0,0.0,
2517,Rev2,2,W087,PX-7500,CH-C,EXT-05,Extreme Edge,0.96,147.3,2152.71,2145.02,2162.18,3360.1,True,True,True,True,1,3.86,
2518,Rev2,2,W087,PX-7500,CH-C,EXT-06,Extreme Edge,0.96,180.0,2170.72,2131.46,2176.35,3731.5,True,True,False,False,1,4.37,polymer_residue
2519,Rev2,2,W087,PX-7500,CH-C,EXT-07,Extreme Edge,0.96,212.7,2191.83,2186.53,2010.66,3323.2,True,True,True,True,1,6.11,
2520,Rev2,2,W087,PX-7500,CH-C,EXT-08,Extreme Edge,0.96,245.5,2190.98,2166.36,2105.14,3176.1,True,True,True,True,1,2.81,
2521,Rev2,2,W087,PX-7500,CH-C,EXT-09,Extreme Edge,0.96,278.2,2220.44,2224.95,1991.19,3489.7,True,False,True,True,1,4.34,polymer_residue
2522,Rev2,2,W087,PX-7500,CH-C,EXT-10,Extreme Edge,0.96,310.9,2140.84,2155.29,2064.06,3250.5,True,True,True,True,0,0.0,
2523,Rev2,2,W087,PX-7500,CH-C,EXT-11,Extreme Edge,0.96,343.6,2205.96,2161.98,2136.66,3687.2,True,True,True,False,0,0.0,
2524,Rev9,9,W088,AE-3200,CH-B,C1,Center,0.0,0.0,2148.49,2096.34,2070.45,2974.8,True,True,True,False,0,0.0,
2525,Rev9,9,W088,AE-3200,CH-B,MID-01,Mid,0.52,30.0,2182.7,2167.58,2149.0,3163.3,True,True,True,True,0,0.0,
2526,Rev9,9,W088,AE-3200,CH-B,MID-02,Mid,0.52,90.0,2173.71,2099.02,2052.03,3336.4,True,True,True,True,1,1.98,polymer_residue
2527,Rev9,9,W088,AE-3200,CH-B,MID-03,Mid,0.52,150.0,2208.09,2058.42,2102.5,3229.0,True,True,True,True,0,0.0,
2528,Rev9,9,W088,AE-3200,CH-B,MID-04,Mid,0.52,210.0,2239.31,2125.95,2118.29,3399.8,False,True,True,True,0,0.0,
2529,Rev9,9,W088,AE-3200,CH-B,MID-05,Mid,0.52,270.0,2176.39,2108.73,2108.62,3372.1,True,True,True,True,0,0.0,
2530,Rev9,9,W088,AE-3200,CH-B,MID-06,Mid,0.52,330.0,2111.68,2093.72,2081.67,3339.1,True,True,True,True,0,0.0,
2531,Rev9,9,W088,AE-3200,CH-B,EDG-01,Edge,0.84,0.0,2191.51,2174.65,2082.4,3184.1,True,True,True,True,0,0.0,
2532,Rev9,9,W088,AE-3200,CH-B,EDG-02,Edge,0.84,32.7,2212.93,2127.27,2250.57,2971.2,True,True,False,False,0,0.0,
2533,Rev9,9,W088,AE-3200,CH-B,EDG-03,Edge,0.84,65.5,2199.09,2108.96,2125.58,3316.5,True,True,True,True,0,0.0,
2534,Rev9,9,W088,AE-3200,CH-B,EDG-04,Edge,0.84,98.2,2191.51,2123.6,2127.18,3480.7,True,True,True,True,0,0.0,
2535,Rev9,9,W088,AE-3200,CH-B,EDG-05,Edge,0.84,130.9,2231.28,2118.89,2105.69,3288.6,False,True,True,True,1,4.53,endpoint_late
2536,Rev9,9,W088,AE-3200,CH-B,EDG-06,Edge,0.84,163.6,2209.05,2127.81,2117.05,3225.9,True,True,True,True,0,0.0,
2537,Rev9,9,W088,AE-3200,CH-B,EDG-07,Edge,0.84,196.4,2230.15,2118.61,2080.71,3225.1,False,True,True,True,0,0.0,
2538,Rev9,9,W088,AE-3200,CH-B,EDG-08,Edge,0.84,229.1,2209.47,2125.86,2029.9,3197.5,True,True,True,True,1,3.97,
2539,Rev9,9,W088,AE-3200,CH-B,EDG-09,Edge,0.84,261.8,2193.92,2199.74,2093.61,3266.0,True,False,True,True,0,0.0,
2540,Rev9,9,W088,AE-3200,CH-B,EDG-10,Edge,0.84,294.5,2213.14,2113.76,2056.56,3021.7,True,True,True,True,0,0.0,
2541,Rev9,9,W088,AE-3200,CH-B,EDG-11,Edge,0.84,327.3,2212.34,2119.01,2113.23,3320.7,True,True,True,True,0,0.0,
2542,Rev9,9,W088,AE-3200,CH-B,EXT-01,Extreme Edge,0.96,16.4,2206.06,2153.36,2114.55,3233.4,True,True,True,True,1,5.56,
2543,Rev9,9,W088,AE-3200,CH-B,EXT-02,Extreme Edge,0.96,49.1,2223.04,2181.04,2132.77,3070.8,True,True,True,True,0,0.0,
2544,Rev9,9,W088,AE-3200,CH-B,EXT-03,Extreme Edge,0.96,81.8,2274.46,2160.59,2184.57,3359.3,False,True,False,True,0,0.0,
2545,Rev9,9,W088,AE-3200,CH-B,EXT-04,Extreme Edge,0.96,114.5,2223.19,2119.78,2019.85,3089.7,True,True,True,True,0,0.0,
2546,Rev9,9,W088,AE-3200,CH-B,EXT-05,Extreme Edge,0.96,147.3,2167.78,2158.57,2152.05,3317.5,True,True,True,True,1,2.1,arc_event
2547,Rev9,9,W088,AE-3200,CH-B,EXT-06,Extreme Edge,0.96,180.0,2234.34,2164.25,2072.63,3378.7,False,True,True,True,1,1.91,polymer_residue
2548,Rev9,9,W088,AE-3200,CH-B,EXT-07,Extreme Edge,0.96,212.7,2296.45,2110.16,2091.19,3254.5,False,True,True,True,1,4.1,
2549,Rev9,9,W088,AE-3200,CH-B,EXT-08,Extreme Edge,0.96,245.5,2266.99,2165.96,2144.06,3527.2,False,True,True,False,1,4.89,pressure_spike
2550,Rev9,9,W088,AE-3200,CH-B,EXT-09,Extreme Edge,0.96,278.2,2212.87,2180.42,2115.32,3414.4,True,True,True,True,2,9.57,endpoint_late
2551,Rev9,9,W088,AE-3200,CH-B,EXT-10,Extreme Edge,0.96,310.9,2258.66,2186.02,2147.8,3324.7,False,True,True,True,0,0.0,
2552,Rev9,9,W088,AE-3200,CH-B,EXT-11,Extreme Edge,0.96,343.6,2243.96,2194.2,2105.53,3052.6,False,True,True,True,2,4.21,
2553,Rev2,2,W089,PX-7500,CH-C,C1,Center,0.0,0.0,2213.71,2074.72,2130.64,3302.5,True,True,True,True,1,3.02,
2554,Rev2,2,W089,PX-7500,CH-C,MID-01,Mid,0.52,30.0,2185.63,2127.5,1988.5,3163.3,True,True,True,True,0,0.0,
2555,Rev2,2,W089,PX-7500,CH-C,MID-02,Mid,0.52,90.0,2189.26,2093.2,2110.56,3431.0,True,True,True,True,0,0.0,
2556,Rev2,2,W089,PX-7500,CH-C,MID-03,Mid,0.52,150.0,2179.54,2156.42,2218.44,3282.2,True,True,False,True,0,0.0,
2557,Rev2,2,W089,PX-7500,CH-C,MID-04,Mid,0.52,210.0,2169.43,2096.21,2054.32,3333.1,True,True,True,True,0,0.0,
2558,Rev2,2,W089,PX-7500,CH-C,MID-05,Mid,0.52,270.0,2157.68,2081.27,2130.15,3297.4,True,True,True,True,1,4.98,
2559,Rev2,2,W089,PX-7500,CH-C,MID-06,Mid,0.52,330.0,2172.95,2093.09,2086.76,3487.2,True,True,True,True,0,0.0,
2560,Rev2,2,W089,PX-7500,CH-C,EDG-01,Edge,0.84,0.0,2199.9,2138.58,2154.51,3274.1,True,True,True,True,0,0.0,
2561,Rev2,2,W089,PX-7500,CH-C,EDG-02,Edge,0.84,32.7,2236.95,2134.39,2172.01,3224.6,False,True,False,True,2,10.1,
2562,Rev2,2,W089,PX-7500,CH-C,EDG-03,Edge,0.84,65.5,2236.28,2159.09,2166.03,3577.1,False,True,True,False,1,2.94,polymer_residue
2563,Rev2,2,W089,PX-7500,CH-C,EDG-04,Edge,0.84,98.2,2219.47,2129.55,2169.5,3377.9,True,True,True,True,0,0.0,
2564,Rev2,2,W089,PX-7500,CH-C,EDG-05,Edge,0.84,130.9,2215.5,2178.1,2135.79,3316.3,True,True,True,True,0,0.0,
2565,Rev2,2,W089,PX-7500,CH-C,EDG-06,Edge,0.84,163.6,2185.83,2142.0,2110.04,3374.3,True,True,True,True,2,3.66,
2566,Rev2,2,W089,PX-7500,CH-C,EDG-07,Edge,0.84,196.4,2208.95,2102.11,2160.78,3352.8,True,True,True,True,0,0.0,
2567,Rev2,2,W089,PX-7500,CH-C,EDG-08,Edge,0.84,229.1,2201.89,2060.84,2151.65,3176.5,True,True,True,True,0,0.0,
2568,Rev2,2,W089,PX-7500,CH-C,EDG-09,Edge,0.84,261.8,2209.74,2161.38,2105.46,3390.3,True,True,True,True,1,5.89,polymer_residue
2569,Rev2,2,W089,PX-7500,CH-C,EDG-10,Edge,0.84,294.5,2221.75,2083.98,2151.91,3300.5,True,True,True,True,0,0.0,
2570,Rev2,2,W089,PX-7500,CH-C,EDG-11,Edge,0.84,327.3,2246.62,2100.9,2117.78,3353.3,False,True,True,True,0,0.0,
2571,Rev2,2,W089,PX-7500,CH-C,EXT-01,Extreme Edge,0.96,16.4,2210.92,2113.75,2187.27,3541.1,True,True,False,False,0,0.0,
2572,Rev2,2,W089,PX-7500,CH-C,EXT-02,Extreme Edge,0.96,49.1,2212.84,2160.07,2192.58,3229.4,True,True,False,True,1,6.27,
2573,Rev2,2,W089,PX-7500,CH-C,EXT-03,Extreme Edge,0.96,81.8,2248.37,2170.16,2141.64,3666.4,False,True,True,False,0,0.0,
2574,Rev2,2,W089,PX-7500,CH-C,EXT-04,Extreme Edge,0.96,114.5,2232.06,2167.15,2107.31,3284.4,False,True,True,True,1,1.97,
2575,Rev2,2,W089,PX-7500,CH-C,EXT-05,Extreme Edge,0.96,147.3,2218.08,2141.62,2255.61,3432.5,True,True,False,True,1,5.01,endpoint_late
2576,Rev2,2,W089,PX-7500,CH-C,EXT-06,Extreme Edge,0.96,180.0,2242.21,2126.9,2176.28,3555.6,False,True,False,False,0,0.0,
2577,Rev2,2,W089,PX-7500,CH-C,EXT-07,Extreme Edge,0.96,212.7,2208.11,2095.05,2140.3,3358.8,True,True,True,True,0,0.0,
2578,Rev2,2,W089,PX-7500,CH-C,EXT-08,Extreme Edge,0.96,245.5,2228.82,2141.18,2139.81,3780.9,False,True,True,False,1,5.08,
2579,Rev2,2,W089,PX-7500,CH-C,EXT-09,Extreme Edge,0.96,278.2,2245.36,2181.31,2141.78,3511.0,False,True,True,False,1,6.11,arc_event
2580,Rev2,2,W089,PX-7500,CH-C,EXT-10,Extreme Edge,0.96,310.9,2244.12,2102.43,2279.26,3389.9,False,True,False,True,1,6.29,polymer_residue
2581,Rev2,2,W089,PX-7500,CH-C,EXT-11,Extreme Edge,0.96,343.6,2242.47,2186.04,2075.49,3397.1,False,True,True,True,0,0.0,
2582,Rev2,2,W090,PX-7500,CH-C,C1,Center,0.0,0.0,2192.47,2057.55,2075.92,3260.2,True,True,True,True,0,0.0,
2583,Rev2,2,W090,PX-7500,CH-C,MID-01,Mid,0.52,30.0,2198.67,2129.53,2095.52,3188.2,True,True,True,True,0,0.0,
2584,Rev2,2,W090,PX-7500,CH-C,MID-02,Mid,0.52,90.0,2235.23,2129.91,1959.49,3163.7,False,True,True,True,0,0.0,
2585,Rev2,2,W090,PX-7500,CH-C,MID-03,Mid,0.52,150.0,2121.2,2124.02,2191.04,3161.3,True,True,False,True,0,0.0,
2586,Rev2,2,W090,PX-7500,CH-C,MID-04,Mid,0.52,210.0,2140.07,2113.69,2189.29,3236.1,True,True,False,True,1,5.38,arc_event
2587,Rev2,2,W090,PX-7500,CH-C,MID-05,Mid,0.52,270.0,2191.45,2091.55,2072.35,3402.6,True,True,True,True,0,0.0,
2588,Rev2,2,W090,PX-7500,CH-C,MID-06,Mid,0.52,330.0,2160.21,2101.18,2055.46,3268.2,True,True,True,True,0,0.0,
2589,Rev2,2,W090,PX-7500,CH-C,EDG-01,Edge,0.84,0.0,2195.21,2119.88,2136.19,3551.2,True,True,True,False,0,0.0,
2590,Rev2,2,W090,PX-7500,CH-C,EDG-02,Edge,0.84,32.7,2214.96,2061.54,2061.38,3402.9,True,True,True,True,1,3.92,arc_event
2591,Rev2,2,W090,PX-7500,CH-C,EDG-03,Edge,0.84,65.5,2174.88,2072.89,2155.02,3767.3,True,True,True,False,0,0.0,
2592,Rev2,2,W090,PX-7500,CH-C,EDG-04,Edge,0.84,98.2,2166.92,2121.82,2105.63,3282.4,True,True,True,True,0,0.0,
2593,Rev2,2,W090,PX-7500,CH-C,EDG-05,Edge,0.84,130.9,2205.85,2154.51,2047.36,3332.0,True,True,True,True,0,0.0,
2594,Rev2,2,W090,PX-7500,CH-C,EDG-06,Edge,0.84,163.6,2157.5,2082.39,2053.06,3579.2,True,True,True,False,0,0.0,
2595,Rev2,2,W090,PX-7500,CH-C,EDG-07,Edge,0.84,196.4,2202.08,2101.17,2077.25,3519.4,True,True,True,False,0,0.0,
2596,Rev2,2,W090,PX-7500,CH-C,EDG-08,Edge,0.84,229.1,2199.7,2116.81,2153.79,3475.4,True,True,True,True,1,2.83,
2597,Rev2,2,W090,PX-7500,CH-C,EDG-09,Edge,0.84,261.8,2196.16,2090.13,2138.45,3342.4,True,True,True,True,0,0.0,
2598,Rev2,2,W090,PX-7500,CH-C,EDG-10,Edge,0.84,294.5,2176.96,2063.92,2004.16,3207.5,True,True,True,True,0,0.0,
2599,Rev2,2,W090,PX-7500,CH-C,EDG-11,Edge,0.84,327.3,2164.6,2158.54,2110.48,3566.7,True,True,True,False,1,2.71,
2600,Rev2,2,W090,PX-7500,CH-C,EXT-01,Extreme Edge,0.96,16.4,2180.05,2149.03,2218.36,3121.0,True,True,False,True,1,4.02,
2601,Rev2,2,W090,PX-7500,CH-C,EXT-02,Extreme Edge,0.96,49.1,2192.78,2122.95,2168.85,3333.7,True,True,True,True,1,1.82,
2602,Rev2,2,W090,PX-7500,CH-C,EXT-03,Extreme Edge,0.96,81.8,2209.88,2145.66,2093.71,3260.4,True,True,True,True,1,2.88,
2603,Rev2,2,W090,PX-7500,CH-C,EXT-04,Extreme Edge,0.96,114.5,2227.61,2121.32,2218.58,3166.0,False,True,False,True,1,5.4,pressure_spike
2604,Rev2,2,W090,PX-7500,CH-C,EXT-05,Extreme Edge,0.96,147.3,2225.38,2188.69,2174.16,3402.3,False,True,False,True,1,3.01,
2605,Rev2,2,W090,PX-7500,CH-C,EXT-06,Extreme Edge,0.96,180.0,2181.38,2202.82,2082.5,3487.6,True,False,True,True,2,3.67,polymer_residue
2606,Rev2,2,W090,PX-7500,CH-C,EXT-07,Extreme Edge,0.96,212.7,2130.76,2195.31,2012.08,3412.5,True,False,True,True,0,0.0,
2607,Rev2,2,W090,PX-7500,CH-C,EXT-08,Extreme Edge,0.96,245.5,2198.61,2048.2,2215.53,3474.1,True,True,False,True,0,0.0,
2608,Rev2,2,W090,PX-7500,CH-C,EXT-09,Extreme Edge,0.96,278.2,2192.36,2165.39,2138.72,3359.0,True,True,True,True,0,0.0,
2609,Rev2,2,W090,PX-7500,CH-C,EXT-10,Extreme Edge,0.96,310.9,2184.88,2120.28,2120.91,3364.5,True,True,True,True,0,0.0,
2610,Rev2,2,W090,PX-7500,CH-C,EXT-11,Extreme Edge,0.96,343.6,2237.89,2136.42,2154.54,3491.4,False,True,True,True,1,5.5,
2611,Rev7,7,W091,PX-7500,CH-D,C1,Center,0.0,0.0,2150.12,2015.83,2092.29,3333.8,True,True,True,True,0,0.0,
2612,Rev7,7,W091,PX-7500,CH-D,MID-01,Mid,0.52,30.0,2176.11,2089.44,2041.14,3179.5,True,True,True,True,0,0.0,
2613,Rev7,7,W091,PX-7500,CH-D,MID-02,Mid,0.52,90.0,2191.31,2129.72,1970.79,3291.9,True,True,True,True,0,0.0,
2614,Rev7,7,W091,PX-7500,CH-D,MID-03,Mid,0.52,150.0,2128.17,2080.49,2083.06,3269.2,True,True,True,True,0,0.0,
2615,Rev7,7,W091,PX-7500,CH-D,MID-04,Mid,0.52,210.0,2183.17,2062.84,1906.21,3513.2,True,True,True,False,0,0.0,
2616,Rev7,7,W091,PX-7500,CH-D,MID-05,Mid,0.52,270.0,2195.02,2037.82,2155.22,3203.4,True,True,True,True,1,5.35,polymer_residue
2617,Rev7,7,W091,PX-7500,CH-D,MID-06,Mid,0.52,330.0,2237.44,2084.75,2123.26,3070.4,False,True,True,True,0,0.0,
2618,Rev7,7,W091,PX-7500,CH-D,EDG-01,Edge,0.84,0.0,2184.24,2116.51,2108.52,3224.8,True,True,True,True,0,0.0,
2619,Rev7,7,W091,PX-7500,CH-D,EDG-02,Edge,0.84,32.7,2182.79,2112.43,2063.89,3574.3,True,True,True,False,0,0.0,
2620,Rev7,7,W091,PX-7500,CH-D,EDG-03,Edge,0.84,65.5,2213.88,2099.4,2174.95,3416.8,True,True,False,True,1,6.08,arc_event
2621,Rev7,7,W091,PX-7500,CH-D,EDG-04,Edge,0.84,98.2,2239.03,2086.99,2099.89,3519.4,False,True,True,False,0,0.0,
2622,Rev7,7,W091,PX-7500,CH-D,EDG-05,Edge,0.84,130.9,2228.43,2066.24,2008.2,3257.2,False,True,True,True,0,0.0,
2623,Rev7,7,W091,PX-7500,CH-D,EDG-06,Edge,0.84,163.6,2157.2,2053.86,2055.31,3337.8,True,True,True,True,0,0.0,
2624,Rev7,7,W091,PX-7500,CH-D,EDG-07,Edge,0.84,196.4,2203.54,2094.92,1973.97,3176.2,True,True,True,True,0,0.0,
2625,Rev7,7,W091,PX-7500,CH-D,EDG-08,Edge,0.84,229.1,2207.88,2061.9,2209.84,3085.0,True,True,False,True,0,0.0,
2626,Rev7,7,W091,PX-7500,CH-D,EDG-09,Edge,0.84,261.8,2211.04,2083.16,2088.26,3173.0,True,True,True,True,0,0.0,
2627,Rev7,7,W091,PX-7500,CH-D,EDG-10,Edge,0.84,294.5,2212.65,2120.04,2162.13,3388.5,True,True,True,True,0,0.0,
2628,Rev7,7,W091,PX-7500,CH-D,EDG-11,Edge,0.84,327.3,2204.05,2111.44,2209.69,3273.4,True,True,False,True,0,0.0,
2629,Rev7,7,W091,PX-7500,CH-D,EXT-01,Extreme Edge,0.96,16.4,2204.24,2084.14,2083.82,3249.2,True,True,True,True,0,0.0,
2630,Rev7,7,W091,PX-7500,CH-D,EXT-02,Extreme Edge,0.96,49.1,2165.35,2106.01,2091.81,3114.0,True,True,True,True,1,5.34,endpoint_late
2631,Rev7,7,W091,PX-7500,CH-D,EXT-03,Extreme Edge,0.96,81.8,2223.63,2116.01,2045.49,3498.9,True,True,True,True,1,5.45,polymer_residue
2632,Rev7,7,W091,PX-7500,CH-D,EXT-04,Extreme Edge,0.96,114.5,2180.48,2040.75,2077.8,3297.0,True,True,True,True,1,4.04,esc_temp_drift
2633,Rev7,7,W091,PX-7500,CH-D,EXT-05,Extreme Edge,0.96,147.3,2153.49,2113.57,2088.66,3136.5,True,True,True,True,0,0.0,
2634,Rev7,7,W091,PX-7500,CH-D,EXT-06,Extreme Edge,0.96,180.0,2207.69,2056.99,2123.25,3277.0,True,True,True,True,0,0.0,
2635,Rev7,7,W091,PX-7500,CH-D,EXT-07,Extreme Edge,0.96,212.7,2200.76,2087.64,2067.03,3406.2,True,True,True,True,0,0.0,
2636,Rev7,7,W091,PX-7500,CH-D,EXT-08,Extreme Edge,0.96,245.5,2221.35,2118.75,2087.61,3251.6,True,True,True,True,1,6.04,
2637,Rev7,7,W091,PX-7500,CH-D,EXT-09,Extreme Edge,0.96,278.2,2208.22,2074.18,2141.62,3399.4,True,True,True,True,1,1.99,polymer_residue
2638,Rev7,7,W091,PX-7500,CH-D,EXT-10,Extreme Edge,0.96,310.9,2237.21,2127.13,2125.46,3285.7,False,True,True,True,0,0.0,
2639,Rev7,7,W091,PX-7500,CH-D,EXT-11,Extreme Edge,0.96,343.6,2226.43,2127.3,2171.26,3449.3,False,True,False,True,0,0.0,
2640,Rev6,6,W092,PX-7500,CH-C,C1,Center,0.0,0.0,2060.75,2038.04,1940.02,3327.0,False,True,True,True,0,0.0,
2641,Rev6,6,W092,PX-7500,CH-C,MID-01,Mid,0.52,30.0,2146.66,2139.37,2094.56,3216.5,True,True,True,True,0,0.0,
2642,Rev6,6,W092,PX-7500,CH-C,MID-02,Mid,0.52,90.0,2191.92,2094.95,2088.52,3257.2,True,True,True,True,0,0.0,
2643,Rev6,6,W092,PX-7500,CH-C,MID-03,Mid,0.52,150.0,2141.47,2190.52,2107.6,3303.8,True,True,True,True,0,0.0,
2644,Rev6,6,W092,PX-7500,CH-C,MID-04,Mid,0.52,210.0,2124.56,2077.58,2100.8,3053.2,True,True,True,True,1,2.03,
2645,Rev6,6,W092,PX-7500,CH-C,MID-05,Mid,0.52,270.0,2180.63,2078.48,2110.21,3169.0,True,True,True,True,0,0.0,
2646,Rev6,6,W092,PX-7500,CH-C,MID-06,Mid,0.52,330.0,2249.87,2084.66,2084.74,3233.8,False,True,True,True,2,11.8,endpoint_late
2647,Rev6,6,W092,PX-7500,CH-C,EDG-01,Edge,0.84,0.0,2170.44,2105.51,2197.81,3357.6,True,True,False,True,1,5.59,polymer_residue
2648,Rev6,6,W092,PX-7500,CH-C,EDG-02,Edge,0.84,32.7,2172.39,2159.86,2045.86,3323.6,True,True,True,True,1,5.02,endpoint_late
2649,Rev6,6,W092,PX-7500,CH-C,EDG-03,Edge,0.84,65.5,2211.92,2143.62,2110.59,3211.8,True,True,True,True,0,0.0,
2650,Rev6,6,W092,PX-7500,CH-C,EDG-04,Edge,0.84,98.2,2209.88,2137.15,2117.14,3039.0,True,True,True,True,0,0.0,
2651,Rev6,6,W092,PX-7500,CH-C,EDG-05,Edge,0.84,130.9,2156.22,2136.42,2065.34,3413.4,True,True,True,True,1,3.5,pressure_spike
2652,Rev6,6,W092,PX-7500,CH-C,EDG-06,Edge,0.84,163.6,2240.69,2115.3,2182.7,3300.7,False,True,False,True,2,4.25,
2653,Rev6,6,W092,PX-7500,CH-C,EDG-07,Edge,0.84,196.4,2194.09,2179.43,2125.45,3367.1,True,True,True,True,1,4.65,
2654,Rev6,6,W092,PX-7500,CH-C,EDG-08,Edge,0.84,229.1,2148.25,2090.54,2251.86,3320.3,True,True,False,True,1,2.12,endpoint_late
2655,Rev6,6,W092,PX-7500,CH-C,EDG-09,Edge,0.84,261.8,2204.66,2158.29,2119.88,3481.3,True,True,True,True,1,2.31,
2656,Rev6,6,W092,PX-7500,CH-C,EDG-10,Edge,0.84,294.5,2189.2,2125.79,2211.16,3354.6,True,True,False,True,1,6.24,pressure_spike
2657,Rev6,6,W092,PX-7500,CH-C,EDG-11,Edge,0.84,327.3,2204.27,2138.65,2123.11,3441.1,True,True,True,True,0,0.0,
2658,Rev6,6,W092,PX-7500,CH-C,EXT-01,Extreme Edge,0.96,16.4,2210.27,2133.72,2225.65,3276.2,True,True,False,True,0,0.0,
2659,Rev6,6,W092,PX-7500,CH-C,EXT-02,Extreme Edge,0.96,49.1,2184.58,2115.52,2141.67,3462.7,True,True,True,True,0,0.0,
2660,Rev6,6,W092,PX-7500,CH-C,EXT-03,Extreme Edge,0.96,81.8,2233.4,2116.47,2229.05,3433.9,False,True,False,True,1,4.26,
2661,Rev6,6,W092,PX-7500,CH-C,EXT-04,Extreme Edge,0.96,114.5,2228.2,2170.23,2078.44,3631.7,False,True,True,False,0,0.0,
2662,Rev6,6,W092,PX-7500,CH-C,EXT-05,Extreme Edge,0.96,147.3,2206.59,2096.08,2186.67,3384.1,True,True,False,True,2,5.24,polymer_residue
2663,Rev6,6,W092,PX-7500,CH-C,EXT-06,Extreme Edge,0.96,180.0,2232.69,2145.52,2233.22,3158.5,False,True,False,True,0,0.0,
2664,Rev6,6,W092,PX-7500,CH-C,EXT-07,Extreme Edge,0.96,212.7,2203.42,2118.46,2077.48,3413.1,True,True,True,True,0,0.0,
2665,Rev6,6,W092,PX-7500,CH-C,EXT-08,Extreme Edge,0.96,245.5,2194.85,2136.73,2136.34,3496.3,True,True,True,True,1,4.19,
2666,Rev6,6,W092,PX-7500,CH-C,EXT-09,Extreme Edge,0.96,278.2,2139.61,2144.42,2084.01,3337.5,True,True,True,True,0,0.0,
2667,Rev6,6,W092,PX-7500,CH-C,EXT-10,Extreme Edge,0.96,310.9,2189.68,2176.06,2136.97,3370.2,True,True,True,True,1,5.51,polymer_residue
2668,Rev6,6,W092,PX-7500,CH-C,EXT-11,Extreme Edge,0.96,343.6,2189.06,2209.16,2107.02,3289.4,True,False,True,True,0,0.0,
2669,Rev11,11,W093,PX-7500,CH-D,C1,Center,0.0,0.0,2203.58,2211.19,1968.16,3056.3,True,False,True,True,0,0.0,
2670,Rev11,11,W093,PX-7500,CH-D,MID-01,Mid,0.52,30.0,2270.45,2123.17,1918.85,3258.2,False,True,True,True,0,0.0,
2671,Rev11,11,W093,PX-7500,CH-D,MID-02,Mid,0.52,90.0,2209.89,2160.01,1924.22,3188.8,True,True,True,True,0,0.0,
2672,Rev11,11,W093,PX-7500,CH-D,MID-03,Mid,0.52,150.0,2193.52,2135.26,1962.28,3008.7,True,True,True,True,0,0.0,
2673,Rev11,11,W093,PX-7500,CH-D,MID-04,Mid,0.52,210.0,2194.89,2149.66,1931.4,2970.8,True,True,True,False,0,0.0,
2674,Rev11,11,W093,PX-7500,CH-D,MID-05,Mid,0.52,270.0,2272.3,2191.15,1873.3,3196.5,False,True,False,True,1,2.26,esc_temp_drift
2675,Rev11,11,W093,PX-7500,CH-D,MID-06,Mid,0.52,330.0,2209.91,2188.75,1878.86,2786.7,True,True,False,False,2,12.03,arc_event
2676,Rev11,11,W093,PX-7500,CH-D,EDG-01,Edge,0.84,0.0,2282.08,2176.94,1868.29,3161.6,False,True,False,True,1,3.45,arc_event
2677,Rev11,11,W093,PX-7500,CH-D,EDG-02,Edge,0.84,32.7,2243.16,2165.77,1926.15,3179.1,False,True,True,True,1,5.5,polymer_residue
2678,Rev11,11,W093,PX-7500,CH-D,EDG-03,Edge,0.84,65.5,2286.06,2191.55,2000.61,3301.8,False,True,True,True,0,0.0,
2679,Rev11,11,W093,PX-7500,CH-D,EDG-04,Edge,0.84,98.2,2263.06,2232.63,2002.32,3087.8,False,False,True,True,0,0.0,
2680,Rev11,11,W093,PX-7500,CH-D,EDG-05,Edge,0.84,130.9,2259.29,2228.1,2032.2,3216.7,False,False,True,True,0,0.0,
2681,Rev11,11,W093,PX-7500,CH-D,EDG-06,Edge,0.84,163.6,2230.62,2165.88,1968.24,3018.9,False,True,True,True,0,0.0,
2682,Rev11,11,W093,PX-7500,CH-D,EDG-07,Edge,0.84,196.4,2249.86,2186.58,2019.18,2897.2,False,True,True,False,0,0.0,
2683,Rev11,11,W093,PX-7500,CH-D,EDG-08,Edge,0.84,229.1,2244.62,2228.02,1876.69,3189.5,False,False,False,True,2,9.6,
2684,Rev11,11,W093,PX-7500,CH-D,EDG-09,Edge,0.84,261.8,2232.61,2219.32,1964.38,3097.5,False,False,True,True,2,12.37,polymer_residue
2685,Rev11,11,W093,PX-7500,CH-D,EDG-10,Edge,0.84,294.5,2221.31,2183.29,1940.04,3203.0,True,True,True,True,0,0.0,
2686,Rev11,11,W093,PX-7500,CH-D,EDG-11,Edge,0.84,327.3,2217.02,2189.22,1925.95,2964.4,True,True,True,False,1,3.56,
2687,Rev11,11,W093,PX-7500,CH-D,EXT-01,Extreme Edge,0.96,16.4,2280.04,2208.39,1976.22,3044.7,False,False,True,True,1,5.35,polymer_residue
2688,Rev11,11,W093,PX-7500,CH-D,EXT-02,Extreme Edge,0.96,49.1,2284.33,2178.21,2026.22,3396.1,False,True,True,True,1,6.28,
2689,Rev11,11,W093,PX-7500,CH-D,EXT-03,Extreme Edge,0.96,81.8,2250.85,2142.26,1844.85,3069.0,False,True,False,True,0,0.0,
2690,Rev11,11,W093,PX-7500,CH-D,EXT-04,Extreme Edge,0.96,114.5,2237.18,2199.12,2038.66,3253.0,False,False,True,True,0,0.0,
2691,Rev11,11,W093,PX-7500,CH-D,EXT-05,Extreme Edge,0.96,147.3,2221.52,2182.17,1883.07,3168.9,True,True,False,True,1,4.28,polymer_residue
2692,Rev11,11,W093,PX-7500,CH-D,EXT-06,Extreme Edge,0.96,180.0,2243.67,2199.34,1895.33,3295.5,False,False,False,True,0,0.0,
2693,Rev11,11,W093,PX-7500,CH-D,EXT-07,Extreme Edge,0.96,212.7,2223.11,2148.46,1957.58,2977.2,True,True,True,False,1,2.89,
2694,Rev11,11,W093,PX-7500,CH-D,EXT-08,Extreme Edge,0.96,245.5,2216.52,2176.61,1876.88,2929.4,True,True,False,False,1,5.1,pressure_spike
2695,Rev11,11,W093,PX-7500,CH-D,EXT-09,Extreme Edge,0.96,278.2,2211.99,2180.27,2017.33,3298.1,True,True,True,True,0,0.0,
2696,Rev11,11,W093,PX-7500,CH-D,EXT-10,Extreme Edge,0.96,310.9,2247.25,2170.68,2055.53,3294.5,False,True,True,True,2,8.13,
2697,Rev11,11,W093,PX-7500,CH-D,EXT-11,Extreme Edge,0.96,343.6,2278.94,2199.91,1978.19,3119.1,False,False,True,True,2,12.72,polymer_residue
2698,Rev2,2,W094,PX-7500,CH-C,C1,Center,0.0,0.0,2102.94,2074.74,2222.57,3290.6,True,True,False,True,0,0.0,
2699,Rev2,2,W094,PX-7500,CH-C,MID-01,Mid,0.52,30.0,2174.58,2133.56,2164.65,3116.2,True,True,True,True,0,0.0,
2700,Rev2,2,W094,PX-7500,CH-C,MID-02,Mid,0.52,90.0,2116.13,2042.08,2164.52,3340.6,True,True,True,True,0,0.0,
2701,Rev2,2,W094,PX-7500,CH-C,MID-03,Mid,0.52,150.0,2145.16,2098.6,2118.4,3239.4,True,True,True,True,1,4.67,
2702,Rev2,2,W094,PX-7500,CH-C,MID-04,Mid,0.52,210.0,2164.1,2084.7,2056.8,3228.8,True,True,True,True,0,0.0,
2703,Rev2,2,W094,PX-7500,CH-C,MID-05,Mid,0.52,270.0,2193.2,2110.26,2179.02,3282.0,True,True,False,True,0,0.0,
2704,Rev2,2,W094,PX-7500,CH-C,MID-06,Mid,0.52,330.0,2181.55,2143.48,2179.82,3134.7,True,True,False,True,0,0.0,
2705,Rev2,2,W094,PX-7500,CH-C,EDG-01,Edge,0.84,0.0,2187.31,2074.91,2131.25,3371.6,True,True,True,True,0,0.0,
2706,Rev2,2,W094,PX-7500,CH-C,EDG-02,Edge,0.84,32.7,2164.92,2080.15,2096.24,3393.4,True,True,True,True,0,0.0,
2707,Rev2,2,W094,PX-7500,CH-C,EDG-03,Edge,0.84,65.5,2173.01,2093.76,2150.81,3489.8,True,True,True,True,0,0.0,
2708,Rev2,2,W094,PX-7500,CH-C,EDG-04,Edge,0.84,98.2,2198.82,2150.31,2171.4,3428.3,True,True,False,True,1,3.37,polymer_residue
2709,Rev2,2,W094,PX-7500,CH-C,EDG-05,Edge,0.84,130.9,2127.52,2142.22,2192.35,3579.4,True,True,False,False,0,0.0,
2710,Rev2,2,W094,PX-7500,CH-C,EDG-06,Edge,0.84,163.6,2185.93,2067.7,2084.21,3300.7,True,True,True,True,0,0.0,
2711,Rev2,2,W094,PX-7500,CH-C,EDG-07,Edge,0.84,196.4,2203.69,2146.87,2063.05,3374.0,True,True,True,True,0,0.0,
2712,Rev2,2,W094,PX-7500,CH-C,EDG-08,Edge,0.84,229.1,2211.91,2074.67,2095.08,3529.6,True,True,True,False,0,0.0,
2713,Rev2,2,W094,PX-7500,CH-C,EDG-09,Edge,0.84,261.8,2255.35,2102.75,2177.96,3252.8,False,True,False,True,2,6.78,polymer_residue
2714,Rev2,2,W094,PX-7500,CH-C,EDG-10,Edge,0.84,294.5,2154.8,2120.01,2203.8,3288.0,True,True,False,True,0,0.0,
2715,Rev2,2,W094,PX-7500,CH-C,EDG-11,Edge,0.84,327.3,2153.06,2114.39,2176.46,3266.7,True,True,False,True,1,4.94,polymer_residue
2716,Rev2,2,W094,PX-7500,CH-C,EXT-01,Extreme Edge,0.96,16.4,2217.19,2105.81,2074.47,3237.3,True,True,True,True,2,9.9,polymer_residue
2717,Rev2,2,W094,PX-7500,CH-C,EXT-02,Extreme Edge,0.96,49.1,2194.31,2155.3,2275.37,3394.9,True,True,False,True,2,8.77,
2718,Rev2,2,W094,PX-7500,CH-C,EXT-03,Extreme Edge,0.96,81.8,2198.27,2140.32,2120.63,3400.3,True,True,True,True,0,0.0,
2719,Rev2,2,W094,PX-7500,CH-C,EXT-04,Extreme Edge,0.96,114.5,2196.98,2149.64,2145.98,3157.2,True,True,True,True,0,0.0,
2720,Rev2,2,W094,PX-7500,CH-C,EXT-05,Extreme Edge,0.96,147.3,2178.53,2167.22,2111.34,3559.5,True,True,True,False,0,0.0,
2721,Rev2,2,W094,PX-7500,CH-C,EXT-06,Extreme Edge,0.96,180.0,2216.85,2204.72,2166.49,3681.7,True,False,True,False,0,0.0,
2722,Rev2,2,W094,PX-7500,CH-C,EXT-07,Extreme Edge,0.96,212.7,2218.07,2132.1,2229.88,3379.0,True,True,False,True,0,0.0,
2723,Rev2,2,W094,PX-7500,CH-C,EXT-08,Extreme Edge,0.96,245.5,2195.58,2126.74,2249.18,3426.7,True,True,False,True,0,0.0,
2724,Rev2,2,W094,PX-7500,CH-C,EXT-09,Extreme Edge,0.96,278.2,2226.29,2109.77,2163.02,3477.2,False,True,True,True,0,0.0,
2725,Rev2,2,W094,PX-7500,CH-C,EXT-10,Extreme Edge,0.96,310.9,2139.64,2147.3,2236.9,3449.0,True,True,False,True,2,12.67,polymer_residue
2726,Rev2,2,W094,PX-7500,CH-C,EXT-11,Extreme Edge,0.96,343.6,2207.98,2155.27,2078.79,3271.2,True,True,True,True,3,11.43,
2727,Rev5,5,W095,AE-3200,CH-B,C1,Center,0.0,0.0,2077.69,2124.1,2113.77,3371.8,True,True,True,True,0,0.0,
2728,Rev5,5,W095,AE-3200,CH-B,MID-01,Mid,0.52,30.0,2098.97,2114.27,2146.22,3222.3,True,True,True,True,0,0.0,
2729,Rev5,5,W095,AE-3200,CH-B,MID-02,Mid,0.52,90.0,2117.26,2089.34,2091.41,3379.2,True,True,True,True,0,0.0,
2730,Rev5,5,W095,AE-3200,CH-B,MID-03,Mid,0.52,150.0,2155.04,2134.85,2054.57,3327.6,True,True,True,True,0,0.0,
2731,Rev5,5,W095,AE-3200,CH-B,MID-04,Mid,0.52,210.0,2129.94,2045.64,2109.79,3254.1,True,True,True,True,0,0.0,
2732,Rev5,5,W095,AE-3200,CH-B,MID-05,Mid,0.52,270.0,2100.9,2089.83,2052.49,3280.2,True,True,True,True,0,0.0,
2733,Rev5,5,W095,AE-3200,CH-B,MID-06,Mid,0.52,330.0,2136.76,2104.87,2075.08,3262.1,True,True,True,True,0,0.0,
2734,Rev5,5,W095,AE-3200,CH-B,EDG-01,Edge,0.84,0.0,2127.39,2157.96,2069.14,3481.9,True,True,True,True,0,0.0,
2735,Rev5,5,W095,AE-3200,CH-B,EDG-02,Edge,0.84,32.7,2093.73,2134.73,2127.31,3303.0,True,True,True,True,0,0.0,
2736,Rev5,5,W095,AE-3200,CH-B,EDG-03,Edge,0.84,65.5,2121.12,2101.09,2157.11,3331.0,True,True,True,True,0,0.0,
2737,Rev5,5,W095,AE-3200,CH-B,EDG-04,Edge,0.84,98.2,2102.24,2147.28,2003.47,3171.3,True,True,True,True,0,0.0,
2738,Rev5,5,W095,AE-3200,CH-B,EDG-05,Edge,0.84,130.9,2116.53,2134.81,2060.48,3345.7,True,True,True,True,0,0.0,
2739,Rev5,5,W095,AE-3200,CH-B,EDG-06,Edge,0.84,163.6,2140.37,2107.0,2050.08,3433.5,True,True,True,True,0,0.0,
2740,Rev5,5,W095,AE-3200,CH-B,EDG-07,Edge,0.84,196.4,2124.79,2123.5,2104.66,3418.2,True,True,True,True,0,0.0,
2741,Rev5,5,W095,AE-3200,CH-B,EDG-08,Edge,0.84,229.1,2140.3,2118.17,2027.31,3389.2,True,True,True,True,0,0.0,
2742,Rev5,5,W095,AE-3200,CH-B,EDG-09,Edge,0.84,261.8,2130.62,2099.87,2053.82,3151.6,True,True,True,True,0,0.0,
2743,Rev5,5,W095,AE-3200,CH-B,EDG-10,Edge,0.84,294.5,2164.71,2189.94,2058.17,3503.6,True,True,True,False,2,4.67,polymer_residue
2744,Rev5,5,W095,AE-3200,CH-B,EDG-11,Edge,0.84,327.3,2092.92,2095.49,2047.21,3266.8,True,True,True,True,1,5.84,polymer_residue
2745,Rev5,5,W095,AE-3200,CH-B,EXT-01,Extreme Edge,0.96,16.4,2158.93,2111.24,2048.42,3253.7,True,True,True,True,1,5.86,polymer_residue
2746,Rev5,5,W095,AE-3200,CH-B,EXT-02,Extreme Edge,0.96,49.1,2151.18,2123.57,2131.15,3496.1,True,True,True,True,0,0.0,
2747,Rev5,5,W095,AE-3200,CH-B,EXT-03,Extreme Edge,0.96,81.8,2169.09,2100.06,2133.5,3290.8,True,True,True,True,0,0.0,
2748,Rev5,5,W095,AE-3200,CH-B,EXT-04,Extreme Edge,0.96,114.5,2152.17,2129.4,2100.73,3532.8,True,True,True,False,1,4.66,polymer_residue
2749,Rev5,5,W095,AE-3200,CH-B,EXT-05,Extreme Edge,0.96,147.3,2167.34,2137.53,2113.37,3601.5,True,True,True,False,2,5.02,
2750,Rev5,5,W095,AE-3200,CH-B,EXT-06,Extreme Edge,0.96,180.0,2076.23,2138.54,2118.93,3253.1,True,True,True,True,0,0.0,
2751,Rev5,5,W095,AE-3200,CH-B,EXT-07,Extreme Edge,0.96,212.7,2127.73,2154.26,2214.51,3218.0,True,True,False,True,0,0.0,
2752,Rev5,5,W095,AE-3200,CH-B,EXT-08,Extreme Edge,0.96,245.5,2184.23,2108.0,2102.3,3527.4,True,True,True,False,0,0.0,
2753,Rev5,5,W095,AE-3200,CH-B,EXT-09,Extreme Edge,0.96,278.2,2175.57,2191.96,2198.75,3346.8,True,True,False,True,1,3.66,polymer_residue
2754,Rev5,5,W095,AE-3200,CH-B,EXT-10,Extreme Edge,0.96,310.9,2183.56,2114.07,2049.42,3411.8,True,True,True,True,0,0.0,
2755,Rev5,5,W095,AE-3200,CH-B,EXT-11,Extreme Edge,0.96,343.6,2147.01,2202.64,2046.12,3400.4,True,False,True,True,1,3.32,
2756,Rev10,10,W096,PX-7500,CH-C,C1,Center,0.0,0.0,2135.5,2179.78,2047.09,3229.9,True,True,True,True,0,0.0,
2757,Rev10,10,W096,PX-7500,CH-C,MID-01,Mid,0.52,30.0,2148.84,2205.71,2147.39,3642.0,True,False,True,False,0,0.0,
2758,Rev10,10,W096,PX-7500,CH-C,MID-02,Mid,0.52,90.0,2147.33,2197.6,2128.84,3456.4,True,False,True,True,1,4.94,polymer_residue
2759,Rev10,10,W096,PX-7500,CH-C,MID-03,Mid,0.52,150.0,2159.96,2153.43,2196.27,3341.8,True,True,False,True,0,0.0,
2760,Rev10,10,W096,PX-7500,CH-C,MID-04,Mid,0.52,210.0,2152.51,2171.58,2063.93,3431.1,True,True,True,True,0,0.0,
2761,Rev10,10,W096,PX-7500,CH-C,MID-05,Mid,0.52,270.0,2157.79,2185.77,2047.98,3500.2,True,True,True,False,0,0.0,
2762,Rev10,10,W096,PX-7500,CH-C,MID-06,Mid,0.52,330.0,2176.18,2210.89,1985.92,3583.2,True,False,True,False,0,0.0,
2763,Rev10,10,W096,PX-7500,CH-C,EDG-01,Edge,0.84,0.0,2211.59,2212.24,2097.19,3488.2,True,False,True,True,0,0.0,
2764,Rev10,10,W096,PX-7500,CH-C,EDG-02,Edge,0.84,32.7,2218.19,2235.48,2081.36,3385.2,True,False,True,True,1,3.36,polymer_residue
2765,Rev10,10,W096,PX-7500,CH-C,EDG-03,Edge,0.84,65.5,2126.21,2185.21,2110.15,3503.7,True,True,True,False,0,0.0,
2766,Rev10,10,W096,PX-7500,CH-C,EDG-04,Edge,0.84,98.2,2218.04,2211.33,2137.02,3419.2,True,False,True,True,0,0.0,
2767,Rev10,10,W096,PX-7500,CH-C,EDG-05,Edge,0.84,130.9,2200.1,2118.39,2125.49,3566.6,True,True,True,False,1,3.87,
2768,Rev10,10,W096,PX-7500,CH-C,EDG-06,Edge,0.84,163.6,2173.87,2168.92,2153.83,3341.2,True,True,True,True,0,0.0,
2769,Rev10,10,W096,PX-7500,CH-C,EDG-07,Edge,0.84,196.4,2242.85,2275.81,2162.99,3355.9,False,False,True,True,0,0.0,
2770,Rev10,10,W096,PX-7500,CH-C,EDG-08,Edge,0.84,229.1,2186.06,2179.21,2117.3,3195.1,True,True,True,True,0,0.0,
2771,Rev10,10,W096,PX-7500,CH-C,EDG-09,Edge,0.84,261.8,2184.82,2209.8,2140.34,3341.9,True,False,True,True,1,6.25,
2772,Rev10,10,W096,PX-7500,CH-C,EDG-10,Edge,0.84,294.5,2154.19,2255.16,2084.12,3540.4,True,False,True,False,0,0.0,
2773,Rev10,10,W096,PX-7500,CH-C,EDG-11,Edge,0.84,327.3,2172.51,2198.64,2085.82,3458.8,True,False,True,True,0,0.0,
2774,Rev10,10,W096,PX-7500,CH-C,EXT-01,Extreme Edge,0.96,16.4,2167.09,2178.82,2118.81,3357.1,True,True,True,True,1,2.79,polymer_residue
2775,Rev10,10,W096,PX-7500,CH-C,EXT-02,Extreme Edge,0.96,49.1,2244.62,2219.28,2193.53,3423.5,False,False,False,True,0,0.0,
2776,Rev10,10,W096,PX-7500,CH-C,EXT-03,Extreme Edge,0.96,81.8,2194.78,2246.72,2135.38,3517.1,True,False,True,False,2,7.86,pressure_spike
2777,Rev10,10,W096,PX-7500,CH-C,EXT-04,Extreme Edge,0.96,114.5,2190.56,2205.26,2092.52,3321.4,True,False,True,True,0,0.0,
2778,Rev10,10,W096,PX-7500,CH-C,EXT-05,Extreme Edge,0.96,147.3,2174.55,2176.69,2128.07,3493.2,True,True,True,True,0,0.0,
2779,Rev10,10,W096,PX-7500,CH-C,EXT-06,Extreme Edge,0.96,180.0,2196.58,2250.68,2204.79,3488.4,True,False,False,True,0,0.0,
2780,Rev10,10,W096,PX-7500,CH-C,EXT-07,Extreme Edge,0.96,212.7,2192.28,2245.65,1998.89,3454.7,True,False,True,True,1,3.43,
2781,Rev10,10,W096,PX-7500,CH-C,EXT-08,Extreme Edge,0.96,245.5,2199.23,2216.65,2103.14,3780.4,True,False,True,False,2,6.3,
2782,Rev10,10,W096,PX-7500,CH-C,EXT-09,Extreme Edge,0.96,278.2,2181.99,2197.06,2171.87,3500.8,True,False,False,False,2,9.55,endpoint_late
2783,Rev10,10,W096,PX-7500,CH-C,EXT-10,Extreme Edge,0.96,310.9,2202.71,2186.73,2198.34,3540.4,True,True,False,False,1,2.65,
2784,Rev10,10,W096,PX-7500,CH-C,EXT-11,Extreme Edge,0.96,343.6,2172.46,2246.06,2086.22,3340.2,True,False,True,True,0,0.0,
2785,Rev6,6,W097,PX-7500,CH-C,C1,Center,0.0,0.0,2132.33,2062.59,2182.6,3452.6,True,True,False,True,1,4.13,
2786,Rev6,6,W097,PX-7500,CH-C,MID-01,Mid,0.52,30.0,2141.59,2085.65,2113.49,3430.6,True,True,True,True,0,0.0,
2787,Rev6,6,W097,PX-7500,CH-C,MID-02,Mid,0.52,90.0,2097.22,2092.17,2070.82,3398.2,True,True,True,True,0,0.0,
2788,Rev6,6,W097,PX-7500,CH-C,MID-03,Mid,0.52,150.0,2125.78,2074.61,2076.85,3445.1,True,True,True,True,0,0.0,
2789,Rev6,6,W097,PX-7500,CH-C,MID-04,Mid,0.52,210.0,2172.17,2065.2,2046.34,3237.7,True,True,True,True,1,3.21,
2790,Rev6,6,W097,PX-7500,CH-C,MID-05,Mid,0.52,270.0,2220.48,2115.31,2095.24,3378.8,True,True,True,True,0,0.0,
2791,Rev6,6,W097,PX-7500,CH-C,MID-06,Mid,0.52,330.0,2176.4,2080.46,2178.97,3520.5,True,True,False,False,1,3.14,endpoint_late
2792,Rev6,6,W097,PX-7500,CH-C,EDG-01,Edge,0.84,0.0,2206.37,2116.47,2137.11,3365.1,True,True,True,True,0,0.0,
2793,Rev6,6,W097,PX-7500,CH-C,EDG-02,Edge,0.84,32.7,2204.88,2099.08,2186.21,3368.2,True,True,False,True,1,2.48,
2794,Rev6,6,W097,PX-7500,CH-C,EDG-03,Edge,0.84,65.5,2134.02,2113.16,2148.11,3672.4,True,True,True,False,0,0.0,
2795,Rev6,6,W097,PX-7500,CH-C,EDG-04,Edge,0.84,98.2,2184.42,2107.13,2076.29,3541.3,True,True,True,False,0,0.0,
2796,Rev6,6,W097,PX-7500,CH-C,EDG-05,Edge,0.84,130.9,2223.58,2112.47,2183.66,3589.5,True,True,False,False,1,2.28,esc_temp_drift
2797,Rev6,6,W097,PX-7500,CH-C,EDG-06,Edge,0.84,163.6,2158.66,2071.55,2234.13,3325.1,True,True,False,True,2,5.11,polymer_residue
2798,Rev6,6,W097,PX-7500,CH-C,EDG-07,Edge,0.84,196.4,2171.34,2135.98,2151.86,3557.1,True,True,True,False,0,0.0,
2799,Rev6,6,W097,PX-7500,CH-C,EDG-08,Edge,0.84,229.1,2203.87,2151.64,2171.56,3628.0,True,True,False,False,0,0.0,
2800,Rev6,6,W097,PX-7500,CH-C,EDG-09,Edge,0.84,261.8,2214.96,2118.47,2221.53,3547.4,True,True,False,False,2,9.29,polymer_residue
2801,Rev6,6,W097,PX-7500,CH-C,EDG-10,Edge,0.84,294.5,2144.89,2065.77,2196.67,3549.0,True,True,False,False,1,4.5,polymer_residue
2802,Rev6,6,W097,PX-7500,CH-C,EDG-11,Edge,0.84,327.3,2148.68,2061.35,2274.03,3434.6,True,True,False,True,0,0.0,
2803,Rev6,6,W097,PX-7500,CH-C,EXT-01,Extreme Edge,0.96,16.4,2191.6,2085.58,2312.2,3205.5,True,True,False,True,1,5.22,
2804,Rev6,6,W097,PX-7500,CH-C,EXT-02,Extreme Edge,0.96,49.1,2200.23,2126.19,2166.81,3563.1,True,True,True,False,0,0.0,
2805,Rev6,6,W097,PX-7500,CH-C,EXT-03,Extreme Edge,0.96,81.8,2160.64,2100.08,2236.37,3449.4,True,True,False,True,0,0.0,
2806,Rev6,6,W097,PX-7500,CH-C,EXT-04,Extreme Edge,0.96,114.5,2167.13,2101.74,2232.26,3514.7,True,True,False,False,3,17.04,endpoint_late
2807,Rev6,6,W097,PX-7500,CH-C,EXT-05,Extreme Edge,0.96,147.3,2174.88,2118.44,2096.64,3615.5,True,True,True,False,1,2.25,
2808,Rev6,6,W097,PX-7500,CH-C,EXT-06,Extreme Edge,0.96,180.0,2195.92,2114.45,2215.59,3573.6,True,True,False,False,3,12.91,endpoint_late
2809,Rev6,6,W097,PX-7500,CH-C,EXT-07,Extreme Edge,0.96,212.7,2215.36,2141.65,2090.55,3545.5,True,True,True,False,0,0.0,
2810,Rev6,6,W097,PX-7500,CH-C,EXT-08,Extreme Edge,0.96,245.5,2193.43,2137.7,2212.16,3413.3,True,True,False,True,0,0.0,
2811,Rev6,6,W097,PX-7500,CH-C,EXT-09,Extreme Edge,0.96,278.2,2223.12,2146.27,2190.46,3574.6,True,True,False,False,2,10.57,esc_temp_drift
2812,Rev6,6,W097,PX-7500,CH-C,EXT-10,Extreme Edge,0.96,310.9,2206.44,2188.34,2117.26,3494.6,True,True,True,True,0,0.0,
2813,Rev6,6,W097,PX-7500,CH-C,EXT-11,Extreme Edge,0.96,343.6,2148.34,2070.57,2120.85,3552.3,True,True,True,False,1,3.83,endpoint_late
2814,Rev3,3,W098,PX-7500,CH-D,C1,Center,0.0,0.0,2145.62,2121.84,2218.99,3257.1,True,True,False,True,1,2.75,arc_event
2815,Rev3,3,W098,PX-7500,CH-D,MID-01,Mid,0.52,30.0,2124.24,2085.55,2144.81,3046.5,True,True,True,True,0,0.0,
2816,Rev3,3,W098,PX-7500,CH-D,MID-02,Mid,0.52,90.0,2122.21,2070.22,2067.42,3128.0,True,True,True,True,0,0.0,
2817,Rev3,3,W098,PX-7500,CH-D,MID-03,Mid,0.52,150.0,2134.33,2111.79,2072.16,3268.2,True,True,True,True,0,0.0,
2818,Rev3,3,W098,PX-7500,CH-D,MID-04,Mid,0.52,210.0,2141.51,2117.61,2116.34,3225.0,True,True,True,True,0,0.0,
2819,Rev3,3,W098,PX-7500,CH-D,MID-05,Mid,0.52,270.0,2090.38,2120.84,2076.11,3218.5,True,True,True,True,0,0.0,
2820,Rev3,3,W098,PX-7500,CH-D,MID-06,Mid,0.52,330.0,2131.62,2148.29,2119.72,3134.2,True,True,True,True,0,0.0,
2821,Rev3,3,W098,PX-7500,CH-D,EDG-01,Edge,0.84,0.0,2178.33,2157.15,2058.81,3341.2,True,True,True,True,0,0.0,
2822,Rev3,3,W098,PX-7500,CH-D,EDG-02,Edge,0.84,32.7,2184.6,2159.75,2081.77,3237.5,True,True,True,True,1,3.76,
2823,Rev3,3,W098,PX-7500,CH-D,EDG-03,Edge,0.84,65.5,2181.16,2131.15,2141.9,3127.8,True,True,True,True,0,0.0,
2824,Rev3,3,W098,PX-7500,CH-D,EDG-04,Edge,0.84,98.2,2137.64,2185.5,2122.43,3122.8,True,True,True,True,0,0.0,
2825,Rev3,3,W098,PX-7500,CH-D,EDG-05,Edge,0.84,130.9,2146.41,2132.81,2079.15,3236.6,True,True,True,True,0,0.0,
2826,Rev3,3,W098,PX-7500,CH-D,EDG-06,Edge,0.84,163.6,2152.74,2150.78,2222.16,3204.3,True,True,False,True,0,0.0,
2827,Rev3,3,W098,PX-7500,CH-D,EDG-07,Edge,0.84,196.4,2141.86,2196.4,2115.32,3278.4,True,False,True,True,1,4.43,
2828,Rev3,3,W098,PX-7500,CH-D,EDG-08,Edge,0.84,229.1,2159.98,2074.5,2166.97,3271.7,True,True,True,True,0,0.0,
2829,Rev3,3,W098,PX-7500,CH-D,EDG-09,Edge,0.84,261.8,2166.54,2067.13,2228.8,3117.2,True,True,False,True,0,0.0,
2830,Rev3,3,W098,PX-7500,CH-D,EDG-10,Edge,0.84,294.5,2165.68,2135.9,2136.61,3090.1,True,True,True,True,0,0.0,
2831,Rev3,3,W098,PX-7500,CH-D,EDG-11,Edge,0.84,327.3,2139.15,2158.49,2125.45,3100.8,True,True,True,True,1,6.15,polymer_residue
2832,Rev3,3,W098,PX-7500,CH-D,EXT-01,Extreme Edge,0.96,16.4,2216.26,2110.32,2087.29,3467.6,True,True,True,True,0,0.0,
2833,Rev3,3,W098,PX-7500,CH-D,EXT-02,Extreme Edge,0.96,49.1,2164.54,2107.47,2120.68,3054.1,True,True,True,True,0,0.0,
2834,Rev3,3,W098,PX-7500,CH-D,EXT-03,Extreme Edge,0.96,81.8,2187.96,2143.07,2179.46,3419.4,True,True,False,True,2,12.22,
2835,Rev3,3,W098,PX-7500,CH-D,EXT-04,Extreme Edge,0.96,114.5,2209.79,2112.74,2099.31,3175.3,True,True,True,True,0,0.0,
2836,Rev3,3,W098,PX-7500,CH-D,EXT-05,Extreme Edge,0.96,147.3,2183.25,2181.03,2199.69,3346.8,True,True,False,True,0,0.0,
2837,Rev3,3,W098,PX-7500,CH-D,EXT-06,Extreme Edge,0.96,180.0,2187.06,2119.03,2143.78,3243.1,True,True,True,True,0,0.0,
2838,Rev3,3,W098,PX-7500,CH-D,EXT-07,Extreme Edge,0.96,212.7,2204.61,2126.39,2172.93,3138.0,True,True,False,True,0,0.0,
2839,Rev3,3,W098,PX-7500,CH-D,EXT-08,Extreme Edge,0.96,245.5,2171.63,2082.16,2245.67,3238.7,True,True,False,True,0,0.0,
2840,Rev3,3,W098,PX-7500,CH-D,EXT-09,Extreme Edge,0.96,278.2,2148.67,2156.1,2208.19,3157.6,True,True,False,True,1,5.16,
2841,Rev3,3,W098,PX-7500,CH-D,EXT-10,Extreme Edge,0.96,310.9,2153.01,2146.29,2101.54,3067.6,True,True,True,True,0,0.0,
2842,Rev3,3,W098,PX-7500,CH-D,EXT-11,Extreme Edge,0.96,343.6,2172.53,2145.71,2183.29,3169.6,True,True,False,True,0,0.0,
2843,Rev1,1,W099,AE-3200,CH-B,C1,Center,0.0,0.0,2178.23,2090.4,2017.36,3322.6,True,True,True,True,1,3.13,
2844,Rev1,1,W099,AE-3200,CH-B,MID-01,Mid,0.52,30.0,2218.74,2124.52,1855.95,3382.4,True,True,False,True,1,2.16,pressure_spike
2845,Rev1,1,W099,AE-3200,CH-B,MID-02,Mid,0.52,90.0,2221.37,2141.63,2052.03,3376.3,True,True,True,True,1,3.79,polymer_residue
2846,Rev1,1,W099,AE-3200,CH-B,MID-03,Mid,0.52,150.0,2181.46,2166.09,1917.53,3124.6,True,True,True,True,1,3.67,polymer_residue
2847,Rev1,1,W099,AE-3200,CH-B,MID-04,Mid,0.52,210.0,2172.12,2122.18,2087.39,3082.6,True,True,True,True,1,4.81,
2848,Rev1,1,W099,AE-3200,CH-B,MID-05,Mid,0.52,270.0,2138.13,2107.79,2059.96,3459.4,True,True,True,True,0,0.0,
2849,Rev1,1,W099,AE-3200,CH-B,MID-06,Mid,0.52,330.0,2199.51,2162.54,1978.48,3389.9,True,True,True,True,0,0.0,
2850,Rev1,1,W099,AE-3200,CH-B,EDG-01,Edge,0.84,0.0,2248.68,2142.86,2086.71,3283.5,False,True,True,True,1,5.72,polymer_residue
2851,Rev1,1,W099,AE-3200,CH-B,EDG-02,Edge,0.84,32.7,2233.4,2146.11,2064.83,3313.8,False,True,True,True,0,0.0,
2852,Rev1,1,W099,AE-3200,CH-B,EDG-03,Edge,0.84,65.5,2242.35,2162.46,2076.33,3394.1,False,True,True,True,0,0.0,
2853,Rev1,1,W099,AE-3200,CH-B,EDG-04,Edge,0.84,98.2,2238.15,2155.67,2027.57,3390.5,False,True,True,True,0,0.0,
2854,Rev1,1,W099,AE-3200,CH-B,EDG-05,Edge,0.84,130.9,2218.75,2159.19,2052.49,3483.8,True,True,True,True,0,0.0,
2855,Rev1,1,W099,AE-3200,CH-B,EDG-06,Edge,0.84,163.6,2191.58,2142.88,1986.34,3145.2,True,True,True,True,1,3.9,
2856,Rev1,1,W099,AE-3200,CH-B,EDG-07,Edge,0.84,196.4,2214.2,2112.2,2043.85,3140.2,True,True,True,True,2,11.28,polymer_residue
2857,Rev1,1,W099,AE-3200,CH-B,EDG-08,Edge,0.84,229.1,2201.52,2169.48,1957.17,3512.9,True,True,True,False,0,0.0,
2858,Rev1,1,W099,AE-3200,CH-B,EDG-09,Edge,0.84,261.8,2267.69,2207.71,1945.76,3491.3,False,False,True,True,2,8.92,polymer_residue
2859,Rev1,1,W099,AE-3200,CH-B,EDG-10,Edge,0.84,294.5,2222.81,2195.29,1992.67,3363.2,True,False,True,True,0,0.0,
2860,Rev1,1,W099,AE-3200,CH-B,EDG-11,Edge,0.84,327.3,2194.79,2141.8,2065.5,3223.5,True,True,True,True,0,0.0,
2861,Rev1,1,W099,AE-3200,CH-B,EXT-01,Extreme Edge,0.96,16.4,2172.6,2185.28,2003.52,3187.0,True,True,True,True,1,3.07,polymer_residue
2862,Rev1,1,W099,AE-3200,CH-B,EXT-02,Extreme Edge,0.96,49.1,2190.8,2169.0,1995.07,3294.6,True,True,True,True,0,0.0,
2863,Rev1,1,W099,AE-3200,CH-B,EXT-03,Extreme Edge,0.96,81.8,2238.59,2145.29,2090.64,3251.5,False,True,True,True,1,4.83,polymer_residue
2864,Rev1,1,W099,AE-3200,CH-B,EXT-04,Extreme Edge,0.96,114.5,2250.53,2193.42,2021.95,3581.9,False,True,True,False,0,0.0,
2865,Rev1,1,W099,AE-3200,CH-B,EXT-05,Extreme Edge,0.96,147.3,2283.79,2163.44,2029.72,3322.9,False,True,True,True,0,0.0,
2866,Rev1,1,W099,AE-3200,CH-B,EXT-06,Extreme Edge,0.96,180.0,2228.87,2169.47,1973.31,3281.2,False,True,True,True,0,0.0,
2867,Rev1,1,W099,AE-3200,CH-B,EXT-07,Extreme Edge,0.96,212.7,2216.8,2198.36,2051.01,3443.4,True,False,True,True,0,0.0,
2868,Rev1,1,W099,AE-3200,CH-B,EXT-08,Extreme Edge,0.96,245.5,2219.34,2162.19,2104.18,3120.8,True,True,True,True,1,3.21,arc_event
2869,Rev1,1,W099,AE-3200,CH-B,EXT-09,Extreme Edge,0.96,278.2,2215.74,2196.16,1960.73,3388.4,True,False,True,True,0,0.0,
2870,Rev1,1,W099,AE-3200,CH-B,EXT-10,Extreme Edge,0.96,310.9,2221.91,2111.12,2024.57,3383.4,True,True,True,True,1,4.07,pressure_spike
2871,Rev1,1,W099,AE-3200,CH-B,EXT-11,Extreme Edge,0.96,343.6,2291.53,2145.79,1964.32,3234.6,False,True,True,True,0,0.0,
2872,Rev8,8,W100,AE-3200,CH-A,C1,Center,0.0,0.0,2137.56,2100.03,1949.45,3317.2,True,True,True,True,0,0.0,
2873,Rev8,8,W100,AE-3200,CH-A,MID-01,Mid,0.52,30.0,2161.05,2105.89,2121.3,3388.1,True,True,True,True,0,0.0,
2874,Rev8,8,W100,AE-3200,CH-A,MID-02,Mid,0.52,90.0,2095.33,2144.75,2128.43,3304.4,True,True,True,True,0,0.0,
2875,Rev8,8,W100,AE-3200,CH-A,MID-03,Mid,0.52,150.0,2131.31,2113.32,1935.87,3502.2,True,True,True,False,2,8.4,
2876,Rev8,8,W100,AE-3200,CH-A,MID-04,Mid,0.52,210.0,2140.18,2152.87,2090.5,3565.5,True,True,True,False,0,0.0,
2877,Rev8,8,W100,AE-3200,CH-A,MID-05,Mid,0.52,270.0,2126.2,2121.6,2099.62,3368.6,True,True,True,True,0,0.0,
2878,Rev8,8,W100,AE-3200,CH-A,MID-06,Mid,0.52,330.0,2104.15,2137.71,2045.43,3246.5,True,True,True,True,0,0.0,
2879,Rev8,8,W100,AE-3200,CH-A,EDG-01,Edge,0.84,0.0,2101.26,2146.64,2190.0,3550.3,True,True,False,False,3,10.38,
2880,Rev8,8,W100,AE-3200,CH-A,EDG-02,Edge,0.84,32.7,2163.91,2147.41,2067.98,3223.7,True,True,True,True,1,2.93,
2881,Rev8,8,W100,AE-3200,CH-A,EDG-03,Edge,0.84,65.5,2165.99,2143.46,2096.7,3137.0,True,True,True,True,0,0.0,
2882,Rev8,8,W100,AE-3200,CH-A,EDG-04,Edge,0.84,98.2,2196.16,2177.67,2102.62,3527.2,True,True,True,False,0,0.0,
2883,Rev8,8,W100,AE-3200,CH-A,EDG-05,Edge,0.84,130.9,2207.06,2147.43,2110.61,3162.0,True,True,True,True,0,0.0,
2884,Rev8,8,W100,AE-3200,CH-A,EDG-06,Edge,0.84,163.6,2141.26,2163.75,2162.33,3696.9,True,True,True,False,1,3.36,esc_temp_drift
2885,Rev8,8,W100,AE-3200,CH-A,EDG-07,Edge,0.84,196.4,2169.75,2184.4,2235.36,3534.1,True,True,False,False,1,4.58,
2886,Rev8,8,W100,AE-3200,CH-A,EDG-08,Edge,0.84,229.1,2171.08,2204.93,2160.19,3317.7,True,False,True,True,0,0.0,
2887,Rev8,8,W100,AE-3200,CH-A,EDG-09,Edge,0.84,261.8,2190.6,2155.93,2106.48,3596.0,True,True,True,False,0,0.0,
2888,Rev8,8,W100,AE-3200,CH-A,EDG-10,Edge,0.84,294.5,2169.34,2152.05,2163.49,3223.2,True,True,True,True,0,0.0,
2889,Rev8,8,W100,AE-3200,CH-A,EDG-11,Edge,0.84,327.3,2177.97,2149.68,2096.81,3328.1,True,True,True,True,0,0.0,
2890,Rev8,8,W100,AE-3200,CH-A,EXT-01,Extreme Edge,0.96,16.4,2172.28,2161.43,2139.12,3427.0,True,True,True,True,0,0.0,
2891,Rev8,8,W100,AE-3200,CH-A,EXT-02,Extreme Edge,0.96,49.1,2174.67,2138.78,2159.85,3527.8,True,True,True,False,0,0.0,
2892,Rev8,8,W100,AE-3200,CH-A,EXT-03,Extreme Edge,0.96,81.8,2257.83,2205.74,2200.76,3545.1,False,False,False,False,3,13.14,
2893,Rev8,8,W100,AE-3200,CH-A,EXT-04,Extreme Edge,0.96,114.5,2189.27,2168.49,2130.21,3541.1,True,True,True,False,0,0.0,
2894,Rev8,8,W100,AE-3200,CH-A,EXT-05,Extreme Edge,0.96,147.3,2175.72,2166.79,2248.04,3586.4,True,True,False,False,0,0.0,
2895,Rev8,8,W100,AE-3200,CH-A,EXT-06,Extreme Edge,0.96,180.0,2174.26,2164.43,2064.82,3402.3,True,True,True,True,0,0.0,
2896,Rev8,8,W100,AE-3200,CH-A,EXT-07,Extreme Edge,0.96,212.7,2144.89,2173.83,2122.93,3199.8,True,True,True,True,1,5.58,
2897,Rev8,8,W100,AE-3200,CH-A,EXT-08,Extreme Edge,0.96,245.5,2117.61,2129.64,2134.36,3611.1,True,True,True,False,0,0.0,
2898,Rev8,8,W100,AE-3200,CH-A,EXT-09,Extreme Edge,0.96,278.2,2138.88,2146.59,2158.92,3402.7,True,True,True,True,0,0.0,
2899,Rev8,8,W100,AE-3200,CH-A,EXT-10,Extreme Edge,0.96,310.9,2141.86,2171.83,2110.42,3371.1,True,True,True,True,1,4.2,
2900,Rev8,8,W100,AE-3200,CH-A,EXT-11,Extreme Edge,0.96,343.6,2153.3,2170.21,2227.3,3543.0,True,True,False,False,1,3.15,
2901,Rev10,10,W101,PX-7500,CH-C,C1,Center,0.0,0.0,2125.28,2045.39,2065.39,3318.2,True,True,True,True,0,0.0,
2902,Rev10,10,W101,PX-7500,CH-C,MID-01,Mid,0.52,30.0,2127.49,2097.12,2168.07,3488.8,True,True,True,True,0,0.0,
2903,Rev10,10,W101,PX-7500,CH-C,MID-02,Mid,0.52,90.0,2204.22,2153.0,2070.42,3505.1,True,True,True,False,0,0.0,
2904,Rev10,10,W101,PX-7500,CH-C,MID-03,Mid,0.52,150.0,2203.4,2167.74,2172.05,3476.7,True,True,False,True,0,0.0,
2905,Rev10,10,W101,PX-7500,CH-C,MID-04,Mid,0.52,210.0,2200.23,2101.61,2024.4,3818.3,True,True,True,False,0,0.0,
2906,Rev10,10,W101,PX-7500,CH-C,MID-05,Mid,0.52,270.0,2213.32,2148.07,2120.65,3142.6,True,True,True,True,0,0.0,
2907,Rev10,10,W101,PX-7500,CH-C,MID-06,Mid,0.52,330.0,2123.54,2109.3,2100.88,3346.5,True,True,True,True,0,0.0,
2908,Rev10,10,W101,PX-7500,CH-C,EDG-01,Edge,0.84,0.0,2225.96,2198.34,2114.97,3383.6,False,False,True,True,2,9.69,esc_temp_drift
2909,Rev10,10,W101,PX-7500,CH-C,EDG-02,Edge,0.84,32.7,2188.36,2163.56,2195.26,3481.0,True,True,False,True,1,5.31,polymer_residue
2910,Rev10,10,W101,PX-7500,CH-C,EDG-03,Edge,0.84,65.5,2199.88,2174.27,2111.8,3625.0,True,True,True,False,0,0.0,
2911,Rev10,10,W101,PX-7500,CH-C,EDG-04,Edge,0.84,98.2,2201.94,2157.21,2182.88,3700.8,True,True,False,False,2,3.69,polymer_residue
2912,Rev10,10,W101,PX-7500,CH-C,EDG-05,Edge,0.84,130.9,2193.43,2179.38,2125.55,3507.7,True,True,True,False,1,5.12,
2913,Rev10,10,W101,PX-7500,CH-C,EDG-06,Edge,0.84,163.6,2173.97,2160.35,2171.38,3486.8,True,True,False,True,0,0.0,
2914,Rev10,10,W101,PX-7500,CH-C,EDG-07,Edge,0.84,196.4,2198.14,2168.14,2143.92,3474.9,True,True,True,True,1,1.87,esc_temp_drift
2915,Rev10,10,W101,PX-7500,CH-C,EDG-08,Edge,0.84,229.1,2231.79,2164.77,2113.45,3612.8,False,True,True,False,0,0.0,
2916,Rev10,10,W101,PX-7500,CH-C,EDG-09,Edge,0.84,261.8,2201.17,2147.61,2195.25,3727.0,True,True,False,False,0,0.0,
2917,Rev10,10,W101,PX-7500,CH-C,EDG-10,Edge,0.84,294.5,2221.72,2088.45,2022.84,3579.7,True,True,True,False,1,4.93,polymer_residue
2918,Rev10,10,W101,PX-7500,CH-C,EDG-11,Edge,0.84,327.3,2196.72,2197.57,2243.75,3469.8,True,False,False,True,0,0.0,
2919,Rev10,10,W101,PX-7500,CH-C,EXT-01,Extreme Edge,0.96,16.4,2193.95,2175.34,2058.65,3474.6,True,True,True,True,0,0.0,
2920,Rev10,10,W101,PX-7500,CH-C,EXT-02,Extreme Edge,0.96,49.1,2210.39,2162.71,2125.4,3639.0,True,True,True,False,3,11.97,
2921,Rev10,10,W101,PX-7500,CH-C,EXT-03,Extreme Edge,0.96,81.8,2275.11,2145.33,2160.54,3505.5,False,True,True,False,0,0.0,
2922,Rev10,10,W101,PX-7500,CH-C,EXT-04,Extreme Edge,0.96,114.5,2154.41,2145.19,2035.79,3363.9,True,True,True,True,0,0.0,
2923,Rev10,10,W101,PX-7500,CH-C,EXT-05,Extreme Edge,0.96,147.3,2217.75,2209.0,2181.38,3600.8,True,False,False,False,1,3.72,polymer_residue
2924,Rev10,10,W101,PX-7500,CH-C,EXT-06,Extreme Edge,0.96,180.0,2216.93,2201.81,2228.03,3701.9,True,False,False,False,1,2.26,
2925,Rev10,10,W101,PX-7500,CH-C,EXT-07,Extreme Edge,0.96,212.7,2234.04,2147.58,2048.32,3623.7,False,True,True,False,1,3.4,polymer_residue
2926,Rev10,10,W101,PX-7500,CH-C,EXT-08,Extreme Edge,0.96,245.5,2198.01,2156.07,2091.57,3564.6,True,True,True,False,2,3.83,polymer_residue
2927,Rev10,10,W101,PX-7500,CH-C,EXT-09,Extreme Edge,0.96,278.2,2222.81,2135.2,2072.79,3453.3,True,True,True,True,1,2.43,
2928,Rev10,10,W101,PX-7500,CH-C,EXT-10,Extreme Edge,0.96,310.9,2172.7,2278.9,2123.01,3464.7,True,False,True,True,0,0.0,
2929,Rev10,10,W101,PX-7500,CH-C,EXT-11,Extreme Edge,0.96,343.6,2172.69,2163.59,2231.92,3474.3,True,True,False,True,1,4.1,polymer_residue
2930,Rev6,6,W102,PX-7500,CH-C,C1,Center,0.0,0.0,2140.36,2108.16,2068.28,3249.2,True,True,True,True,0,0.0,
2931,Rev6,6,W102,PX-7500,CH-C,MID-01,Mid,0.52,30.0,2140.99,2182.63,2134.51,3133.4,True,True,True,True,0,0.0,
2932,Rev6,6,W102,PX-7500,CH-C,MID-02,Mid,0.52,90.0,2119.89,2075.27,2161.06,3263.7,True,True,True,True,0,0.0,
2933,Rev6,6,W102,PX-7500,CH-C,MID-03,Mid,0.52,150.0,2139.18,2166.04,2140.92,3378.2,True,True,True,True,0,0.0,
2934,Rev6,6,W102,PX-7500,CH-C,MID-04,Mid,0.52,210.0,2114.4,2120.54,2064.88,3172.5,True,True,True,True,0,0.0,
2935,Rev6,6,W102,PX-7500,CH-C,MID-05,Mid,0.52,270.0,2138.84,2157.51,1925.53,3316.9,True,True,True,True,0,0.0,
2936,Rev6,6,W102,PX-7500,CH-C,MID-06,Mid,0.52,330.0,2167.67,2121.58,2162.47,3398.7,True,True,True,True,1,5.67,polymer_residue
2937,Rev6,6,W102,PX-7500,CH-C,EDG-01,Edge,0.84,0.0,2177.55,2175.24,2104.31,3478.1,True,True,True,True,0,0.0,
2938,Rev6,6,W102,PX-7500,CH-C,EDG-02,Edge,0.84,32.7,2183.57,2115.15,2148.17,3507.5,True,True,True,False,0,0.0,
2939,Rev6,6,W102,PX-7500,CH-C,EDG-03,Edge,0.84,65.5,2158.92,2244.31,2117.22,3295.2,True,False,True,True,1,2.84,polymer_residue
2940,Rev6,6,W102,PX-7500,CH-C,EDG-04,Edge,0.84,98.2,2172.11,2136.39,2092.61,3201.2,True,True,True,True,0,0.0,
2941,Rev6,6,W102,PX-7500,CH-C,EDG-05,Edge,0.84,130.9,2163.16,2130.73,2115.9,3309.9,True,True,True,True,0,0.0,
2942,Rev6,6,W102,PX-7500,CH-C,EDG-06,Edge,0.84,163.6,2198.75,2149.08,2147.24,3037.0,True,True,True,True,0,0.0,
2943,Rev6,6,W102,PX-7500,CH-C,EDG-07,Edge,0.84,196.4,2191.13,2156.44,2010.33,3247.7,True,True,True,True,0,0.0,
2944,Rev6,6,W102,PX-7500,CH-C,EDG-08,Edge,0.84,229.1,2174.17,2142.17,2040.93,3099.2,True,True,True,True,1,2.22,polymer_residue
2945,Rev6,6,W102,PX-7500,CH-C,EDG-09,Edge,0.84,261.8,2174.97,2172.49,2160.17,3096.2,True,True,True,True,0,0.0,
2946,Rev6,6,W102,PX-7500,CH-C,EDG-10,Edge,0.84,294.5,2227.93,2136.74,2145.07,3428.5,False,True,True,True,1,4.3,
2947,Rev6,6,W102,PX-7500,CH-C,EDG-11,Edge,0.84,327.3,2156.52,2194.11,2025.28,3411.7,True,True,True,True,1,2.3,
2948,Rev6,6,W102,PX-7500,CH-C,EXT-01,Extreme Edge,0.96,16.4,2191.0,2162.68,2288.95,3275.7,True,True,False,True,1,4.93,arc_event
2949,Rev6,6,W102,PX-7500,CH-C,EXT-02,Extreme Edge,0.96,49.1,2217.95,2165.66,2119.91,3262.1,True,True,True,True,0,0.0,
2950,Rev6,6,W102,PX-7500,CH-C,EXT-03,Extreme Edge,0.96,81.8,2255.03,2152.0,2000.51,3358.9,False,True,True,True,2,12.78,
2951,Rev6,6,W102,PX-7500,CH-C,EXT-04,Extreme Edge,0.96,114.5,2188.24,2171.3,2090.53,3460.5,True,True,True,True,0,0.0,
2952,Rev6,6,W102,PX-7500,CH-C,EXT-05,Extreme Edge,0.96,147.3,2157.94,2184.99,2218.0,3364.5,True,True,False,True,2,10.04,polymer_residue
2953,Rev6,6,W102,PX-7500,CH-C,EXT-06,Extreme Edge,0.96,180.0,2186.0,2132.26,2135.55,3351.5,True,True,True,True,0,0.0,
2954,Rev6,6,W102,PX-7500,CH-C,EXT-07,Extreme Edge,0.96,212.7,2145.79,2175.86,2125.1,3446.1,True,True,True,True,0,0.0,
2955,Rev6,6,W102,PX-7500,CH-C,EXT-08,Extreme Edge,0.96,245.5,2200.66,2186.69,2150.34,3418.8,True,True,True,True,0,0.0,
2956,Rev6,6,W102,PX-7500,CH-C,EXT-09,Extreme Edge,0.96,278.2,2237.61,2130.89,2094.96,3176.3,False,True,True,True,1,2.46,esc_temp_drift
2957,Rev6,6,W102,PX-7500,CH-C,EXT-10,Extreme Edge,0.96,310.9,2205.17,2196.56,2096.93,3448.6,True,False,True,True,0,0.0,
2958,Rev6,6,W102,PX-7500,CH-C,EXT-11,Extreme Edge,0.96,343.6,2264.37,2167.56,2072.3,3413.2,False,True,True,True,0,0.0,
2959,Rev1,1,W103,AE-3200,CH-B,C1,Center,0.0,0.0,2196.14,2111.37,2078.14,3100.2,True,True,True,True,0,0.0,
2960,Rev1,1,W103,AE-3200,CH-B,MID-01,Mid,0.52,30.0,2223.32,2111.04,1962.02,3137.1,True,True,True,True,0,0.0,
2961,Rev1,1,W103,AE-3200,CH-B,MID-02,Mid,0.52,90.0,2216.58,2123.68,1987.08,3252.0,True,True,True,True,0,0.0,
2962,Rev1,1,W103,AE-3200,CH-B,MID-03,Mid,0.52,150.0,2171.36,2126.09,2037.44,3172.6,True,True,True,True,0,0.0,
2963,Rev1,1,W103,AE-3200,CH-B,MID-04,Mid,0.52,210.0,2195.56,2137.81,1921.04,3337.4,True,True,True,True,0,0.0,
2964,Rev1,1,W103,AE-3200,CH-B,MID-05,Mid,0.52,270.0,2171.86,2160.33,2020.42,3258.9,True,True,True,True,1,2.87,
2965,Rev1,1,W103,AE-3200,CH-B,MID-06,Mid,0.52,330.0,2145.35,2083.32,2031.81,3087.7,True,True,True,True,1,3.43,polymer_residue
2966,Rev1,1,W103,AE-3200,CH-B,EDG-01,Edge,0.84,0.0,2236.98,2163.11,2013.22,3287.5,False,True,True,True,0,0.0,
2967,Rev1,1,W103,AE-3200,CH-B,EDG-02,Edge,0.84,32.7,2194.81,2140.75,2036.42,3054.9,True,True,True,True,0,0.0,
2968,Rev1,1,W103,AE-3200,CH-B,EDG-03,Edge,0.84,65.5,2210.12,2150.01,2222.41,3432.8,True,True,False,True,0,0.0,
2969,Rev1,1,W103,AE-3200,CH-B,EDG-04,Edge,0.84,98.2,2248.29,2165.58,2133.11,3088.9,False,True,True,True,1,4.97,polymer_residue
2970,Rev1,1,W103,AE-3200,CH-B,EDG-05,Edge,0.84,130.9,2162.67,2108.01,2092.29,3384.9,True,True,True,True,1,5.87,
2971,Rev1,1,W103,AE-3200,CH-B,EDG-06,Edge,0.84,163.6,2255.65,2116.47,2059.0,3169.5,False,True,True,True,1,4.64,
2972,Rev1,1,W103,AE-3200,CH-B,EDG-07,Edge,0.84,196.4,2230.91,2120.11,2018.12,3113.8,False,True,True,True,0,0.0,
2973,Rev1,1,W103,AE-3200,CH-B,EDG-08,Edge,0.84,229.1,2246.44,2157.44,2167.66,3281.8,False,True,True,True,1,6.19,
2974,Rev1,1,W103,AE-3200,CH-B,EDG-09,Edge,0.84,261.8,2188.45,2184.16,2063.25,3292.1,True,True,True,True,2,11.97,esc_temp_drift
2975,Rev1,1,W103,AE-3200,CH-B,EDG-10,Edge,0.84,294.5,2220.39,2129.21,2073.4,2962.8,True,True,True,False,3,15.12,polymer_residue
2976,Rev1,1,W103,AE-3200,CH-B,EDG-11,Edge,0.84,327.3,2204.2,2152.63,2044.95,3065.4,True,True,True,True,0,0.0,
2977,Rev1,1,W103,AE-3200,CH-B,EXT-01,Extreme Edge,0.96,16.4,2239.82,2200.44,1960.24,3218.3,False,False,True,True,1,3.79,
2978,Rev1,1,W103,AE-3200,CH-B,EXT-02,Extreme Edge,0.96,49.1,2211.2,2261.3,2213.12,3055.0,True,False,False,True,0,0.0,
2979,Rev1,1,W103,AE-3200,CH-B,EXT-03,Extreme Edge,0.96,81.8,2285.57,2146.46,2121.78,3141.2,False,True,True,True,2,11.62,
2980,Rev1,1,W103,AE-3200,CH-B,EXT-04,Extreme Edge,0.96,114.5,2267.7,2136.91,2059.64,3304.1,False,True,True,True,0,0.0,
2981,Rev1,1,W103,AE-3200,CH-B,EXT-05,Extreme Edge,0.96,147.3,2210.44,2205.61,2085.78,3210.3,True,False,True,True,1,1.84,arc_event
2982,Rev1,1,W103,AE-3200,CH-B,EXT-06,Extreme Edge,0.96,180.0,2256.06,2140.17,2127.6,3237.1,False,True,True,True,0,0.0,
2983,Rev1,1,W103,AE-3200,CH-B,EXT-07,Extreme Edge,0.96,212.7,2245.57,2208.22,2069.4,3465.9,False,False,True,True,0,0.0,
2984,Rev1,1,W103,AE-3200,CH-B,EXT-08,Extreme Edge,0.96,245.5,2236.86,2192.96,2059.38,3376.8,False,True,True,True,0,0.0,
2985,Rev1,1,W103,AE-3200,CH-B,EXT-09,Extreme Edge,0.96,278.2,2190.72,2162.39,2070.97,3334.0,True,True,True,True,2,6.61,polymer_residue
2986,Rev1,1,W103,AE-3200,CH-B,EXT-10,Extreme Edge,0.96,310.9,2248.21,2132.24,2097.63,3219.9,False,True,True,True,0,0.0,
2987,Rev1,1,W103,AE-3200,CH-B,EXT-11,Extreme Edge,0.96,343.6,2264.4,2130.65,2070.93,3324.7,False,True,True,True,2,6.83,polymer_residue
2988,Rev3,3,W104,PX-7500,CH-D,C1,Center,0.0,0.0,2108.91,2085.44,2050.59,3053.9,True,True,True,True,0,0.0,
2989,Rev3,3,W104,PX-7500,CH-D,MID-01,Mid,0.52,30.0,2163.93,2070.49,2113.05,3400.4,True,True,True,True,0,0.0,
2990,Rev3,3,W104,PX-7500,CH-D,MID-02,Mid,0.52,90.0,2140.98,2072.61,2018.61,3221.4,True,True,True,True,0,0.0,
2991,Rev3,3,W104,PX-7500,CH-D,MID-03,Mid,0.52,150.0,2196.04,2126.53,2025.88,3278.5,True,True,True,True,0,0.0,
2992,Rev3,3,W104,PX-7500,CH-D,MID-04,Mid,0.52,210.0,2174.26,2098.61,2108.89,3285.5,True,True,True,True,0,0.0,
2993,Rev3,3,W104,PX-7500,CH-D,MID-05,Mid,0.52,270.0,2139.67,2121.73,2046.37,3287.2,True,True,True,True,0,0.0,
2994,Rev3,3,W104,PX-7500,CH-D,MID-06,Mid,0.52,330.0,2187.36,2096.0,2128.71,3480.2,True,True,True,True,0,0.0,
2995,Rev3,3,W104,PX-7500,CH-D,EDG-01,Edge,0.84,0.0,2149.45,2100.77,2127.28,3545.6,True,True,True,False,0,0.0,
2996,Rev3,3,W104,PX-7500,CH-D,EDG-02,Edge,0.84,32.7,2222.84,2081.31,2066.34,3254.0,True,True,True,True,0,0.0,
2997,Rev3,3,W104,PX-7500,CH-D,EDG-03,Edge,0.84,65.5,2182.03,2056.91,2078.8,3204.9,True,True,True,True,1,3.58,
2998,Rev3,3,W104,PX-7500,CH-D,EDG-04,Edge,0.84,98.2,2179.09,2110.93,2136.69,3517.7,True,True,True,False,0,0.0,
2999,Rev3,3,W104,PX-7500,CH-D,EDG-05,Edge,0.84,130.9,2162.04,2122.96,2149.5,3478.7,True,True,True,True,1,5.56,arc_event
3000,Rev3,3,W104,PX-7500,CH-D,EDG-06,Edge,0.84,163.6,2191.57,2057.72,2109.75,3299.3,True,True,True,True,0,0.0,
3001,Rev3,3,W104,PX-7500,CH-D,EDG-07,Edge,0.84,196.4,2162.79,2122.83,2137.97,3176.2,True,True,True,True,1,3.81,
3002,Rev3,3,W104,PX-7500,CH-D,EDG-08,Edge,0.84,229.1,2134.79,2139.32,2132.22,3425.0,True,True,True,True,3,7.35,
3003,Rev3,3,W104,PX-7500,CH-D,EDG-09,Edge,0.84,261.8,2164.05,2141.13,2207.21,3322.6,True,True,False,True,0,0.0,
3004,Rev3,3,W104,PX-7500,CH-D,EDG-10,Edge,0.84,294.5,2198.16,2059.59,2210.4,3419.0,True,True,False,True,0,0.0,
3005,Rev3,3,W104,PX-7500,CH-D,EDG-11,Edge,0.84,327.3,2168.76,2093.03,2078.31,3312.7,True,True,True,True,0,0.0,
3006,Rev3,3,W104,PX-7500,CH-D,EXT-01,Extreme Edge,0.96,16.4,2180.95,2082.2,2107.13,3450.0,True,True,True,True,2,10.97,
3007,Rev3,3,W104,PX-7500,CH-D,EXT-02,Extreme Edge,0.96,49.1,2206.59,2116.85,2163.63,3409.9,True,True,True,True,1,4.2,
3008,Rev3,3,W104,PX-7500,CH-D,EXT-03,Extreme Edge,0.96,81.8,2204.04,2109.27,2166.39,3390.1,True,True,True,True,0,0.0,
3009,Rev3,3,W104,PX-7500,CH-D,EXT-04,Extreme Edge,0.96,114.5,2169.63,2100.15,2074.96,3754.1,True,True,True,False,0,0.0,
3010,Rev3,3,W104,PX-7500,CH-D,EXT-05,Extreme Edge,0.96,147.3,2207.02,2120.66,2099.04,3262.5,True,True,True,True,0,0.0,
3011,Rev3,3,W104,PX-7500,CH-D,EXT-06,Extreme Edge,0.96,180.0,2176.06,2128.62,2200.67,3446.1,True,True,False,True,1,4.67,
3012,Rev3,3,W104,PX-7500,CH-D,EXT-07,Extreme Edge,0.96,212.7,2192.9,2105.75,2035.21,3270.4,True,True,True,True,2,7.48,polymer_residue
3013,Rev3,3,W104,PX-7500,CH-D,EXT-08,Extreme Edge,0.96,245.5,2209.02,2083.61,2156.78,3515.6,True,True,True,False,2,7.37,polymer_residue
3014,Rev3,3,W104,PX-7500,CH-D,EXT-09,Extreme Edge,0.96,278.2,2180.21,2089.0,2085.28,2890.4,True,True,True,False,1,3.81,pressure_spike
3015,Rev3,3,W104,PX-7500,CH-D,EXT-10,Extreme Edge,0.96,310.9,2184.37,2081.77,2099.18,3346.9,True,True,True,True,1,5.68,polymer_residue
3016,Rev3,3,W104,PX-7500,CH-D,EXT-11,Extreme Edge,0.96,343.6,2181.05,2103.07,2130.43,3236.6,True,True,True,True,0,0.0,
3017,Base,0,W105,AE-3200,CH-A,C1,Center,0.0,0.0,2129.22,2123.7,2038.46,3374.3,True,True,True,True,0,0.0,
3018,Base,0,W105,AE-3200,CH-A,MID-01,Mid,0.52,30.0,2159.61,2131.41,2081.04,3308.2,True,True,True,True,0,0.0,
3019,Base,0,W105,AE-3200,CH-A,MID-02,Mid,0.52,90.0,2127.43,2115.75,2108.92,3315.0,True,True,True,True,0,0.0,
3020,Base,0,W105,AE-3200,CH-A,MID-03,Mid,0.52,150.0,2185.6,2126.49,2096.73,3514.6,True,True,True,False,0,0.0,
3021,Base,0,W105,AE-3200,CH-A,MID-04,Mid,0.52,210.0,2163.63,2140.04,2061.1,3439.3,True,True,True,True,0,0.0,
3022,Base,0,W105,AE-3200,CH-A,MID-05,Mid,0.52,270.0,2137.11,2116.47,1898.68,3280.0,True,True,False,True,0,0.0,
3023,Base,0,W105,AE-3200,CH-A,MID-06,Mid,0.52,330.0,2122.64,2141.84,2133.3,3542.1,True,True,True,False,0,0.0,
3024,Base,0,W105,AE-3200,CH-A,EDG-01,Edge,0.84,0.0,2162.66,2156.23,2030.22,3624.4,True,True,True,False,1,2.53,
3025,Base,0,W105,AE-3200,CH-A,EDG-02,Edge,0.84,32.7,2161.17,2139.47,2013.26,3360.4,True,True,True,True,0,0.0,
3026,Base,0,W105,AE-3200,CH-A,EDG-03,Edge,0.84,65.5,2214.78,2122.05,1961.25,3389.7,True,True,True,True,0,0.0,
3027,Base,0,W105,AE-3200,CH-A,EDG-04,Edge,0.84,98.2,2138.4,2146.96,2057.02,3446.0,True,True,True,True,1,4.76,polymer_residue
3028,Base,0,W105,AE-3200,CH-A,EDG-05,Edge,0.84,130.9,2217.42,2138.77,2106.87,3604.3,True,True,True,False,0,0.0,
3029,Base,0,W105,AE-3200,CH-A,EDG-06,Edge,0.84,163.6,2218.55,2091.02,2037.36,3489.6,True,True,True,True,0,0.0,
3030,Base,0,W105,AE-3200,CH-A,EDG-07,Edge,0.84,196.4,2174.53,2188.9,1941.68,3568.3,True,True,True,False,2,8.02,
3031,Base,0,W105,AE-3200,CH-A,EDG-08,Edge,0.84,229.1,2137.28,2160.04,2051.23,3478.7,True,True,True,True,0,0.0,
3032,Base,0,W105,AE-3200,CH-A,EDG-09,Edge,0.84,261.8,2204.41,2195.0,1973.56,3625.9,True,False,True,False,1,2.41,
3033,Base,0,W105,AE-3200,CH-A,EDG-10,Edge,0.84,294.5,2215.08,2118.5,2082.74,3426.2,True,True,True,True,1,3.91,
3034,Base,0,W105,AE-3200,CH-A,EDG-11,Edge,0.84,327.3,2168.97,2175.75,2131.83,3581.7,True,True,True,False,0,0.0,
3035,Base,0,W105,AE-3200,CH-A,EXT-01,Extreme Edge,0.96,16.4,2167.77,2116.62,2141.29,3600.6,True,True,True,False,0,0.0,
3036,Base,0,W105,AE-3200,CH-A,EXT-02,Extreme Edge,0.96,49.1,2188.9,2161.11,2039.92,3851.2,True,True,True,False,1,6.0,
3037,Base,0,W105,AE-3200,CH-A,EXT-03,Extreme Edge,0.96,81.8,2194.73,2184.03,2127.6,3514.9,True,True,True,False,1,3.47,endpoint_late
3038,Base,0,W105,AE-3200,CH-A,EXT-04,Extreme Edge,0.96,114.5,2186.77,2120.58,2037.42,3504.7,True,True,True,False,0,0.0,
3039,Base,0,W105,AE-3200,CH-A,EXT-05,Extreme Edge,0.96,147.3,2219.32,2129.96,2110.48,3502.9,True,True,True,False,0,0.0,
3040,Base,0,W105,AE-3200,CH-A,EXT-06,Extreme Edge,0.96,180.0,2201.46,2130.51,2110.92,3498.9,True,True,True,True,2,11.41,pressure_spike
3041,Base,0,W105,AE-3200,CH-A,EXT-07,Extreme Edge,0.96,212.7,2253.35,2179.51,2041.31,3527.3,False,True,True,False,0,0.0,
3042,Base,0,W105,AE-3200,CH-A,EXT-08,Extreme Edge,0.96,245.5,2222.98,2123.55,2046.56,3467.9,True,True,True,True,0,0.0,
3043,Base,0,W105,AE-3200,CH-A,EXT-09,Extreme Edge,0.96,278.2,2224.49,2186.42,2036.46,3229.1,True,True,True,True,0,0.0,
3044,Base,0,W105,AE-3200,CH-A,EXT-10,Extreme Edge,0.96,310.9,2238.42,2062.51,2059.39,3567.4,False,True,True,False,0,0.0,
3045,Base,0,W105,AE-3200,CH-A,EXT-11,Extreme Edge,0.96,343.6,2215.13,2117.9,2023.67,3398.7,True,True,True,True,0,0.0,
3046,Base,0,W106,AE-3200,CH-A,C1,Center,0.0,0.0,2107.2,2090.74,1913.17,3257.5,True,True,True,True,0,0.0,
3047,Base,0,W106,AE-3200,CH-A,MID-01,Mid,0.52,30.0,2127.27,2103.41,1998.42,3395.9,True,True,True,True,0,0.0,
3048,Base,0,W106,AE-3200,CH-A,MID-02,Mid,0.52,90.0,2117.27,2083.33,2110.72,3561.6,True,True,True,False,0,0.0,
3049,Base,0,W106,AE-3200,CH-A,MID-03,Mid,0.52,150.0,2190.19,2120.03,2013.98,3676.4,True,True,True,False,1,5.93,endpoint_late
3050,Base,0,W106,AE-3200,CH-A,MID-04,Mid,0.52,210.0,2146.87,2142.44,2004.83,3352.7,True,True,True,True,0,0.0,
3051,Base,0,W106,AE-3200,CH-A,MID-05,Mid,0.52,270.0,2154.5,2071.73,2011.24,3654.5,True,True,True,False,0,0.0,
3052,Base,0,W106,AE-3200,CH-A,MID-06,Mid,0.52,330.0,2165.04,2135.44,2003.21,3464.2,True,True,True,True,1,5.21,
3053,Base,0,W106,AE-3200,CH-A,EDG-01,Edge,0.84,0.0,2137.67,2149.77,2072.11,3206.9,True,True,True,True,0,0.0,
3054,Base,0,W106,AE-3200,CH-A,EDG-02,Edge,0.84,32.7,2177.27,2144.0,1942.48,3579.4,True,True,True,False,0,0.0,
3055,Base,0,W106,AE-3200,CH-A,EDG-03,Edge,0.84,65.5,2173.41,2126.76,2034.5,3481.3,True,True,True,True,0,0.0,
3056,Base,0,W106,AE-3200,CH-A,EDG-04,Edge,0.84,98.2,2172.02,2091.5,1988.33,3450.2,True,True,True,True,0,0.0,
3057,Base,0,W106,AE-3200,CH-A,EDG-05,Edge,0.84,130.9,2159.72,2105.19,2011.72,3376.2,True,True,True,True,0,0.0,
3058,Base,0,W106,AE-3200,CH-A,EDG-06,Edge,0.84,163.6,2209.09,2144.65,2034.14,3708.6,True,True,True,False,0,0.0,
3059,Base,0,W106,AE-3200,CH-A,EDG-07,Edge,0.84,196.4,2230.85,2156.0,1977.19,3401.7,False,True,True,True,0,0.0,
3060,Base,0,W106,AE-3200,CH-A,EDG-08,Edge,0.84,229.1,2190.89,2090.51,2009.01,3220.1,True,True,True,True,0,0.0,
3061,Base,0,W106,AE-3200,CH-A,EDG-09,Edge,0.84,261.8,2202.52,2146.85,2023.44,3305.8,True,True,True,True,1,6.12,esc_temp_drift
3062,Base,0,W106,AE-3200,CH-A,EDG-10,Edge,0.84,294.5,2183.82,2174.04,2069.25,3453.7,True,True,True,True,0,0.0,
3063,Base,0,W106,AE-3200,CH-A,EDG-11,Edge,0.84,327.3,2193.0,2123.18,2017.99,3439.5,True,True,True,True,0,0.0,
3064,Base,0,W106,AE-3200,CH-A,EXT-01,Extreme Edge,0.96,16.4,2217.86,2118.15,2026.88,3467.4,True,True,True,True,2,12.6,
3065,Base,0,W106,AE-3200,CH-A,EXT-02,Extreme Edge,0.96,49.1,2165.71,2192.29,1965.09,3475.5,True,True,True,True,0,0.0,
3066,Base,0,W106,AE-3200,CH-A,EXT-03,Extreme Edge,0.96,81.8,2188.97,2148.33,2010.32,3473.0,True,True,True,True,0,0.0,
3067,Base,0,W106,AE-3200,CH-A,EXT-04,Extreme Edge,0.96,114.5,2243.19,2118.22,1944.94,3569.6,False,True,True,False,1,4.11,polymer_residue
3068,Base,0,W106,AE-3200,CH-A,EXT-05,Extreme Edge,0.96,147.3,2172.49,2102.06,2108.15,3593.5,True,True,True,False,0,0.0,
3069,Base,0,W106,AE-3200,CH-A,EXT-06,Extreme Edge,0.96,180.0,2203.21,2175.42,1932.43,3589.9,True,True,True,False,0,0.0,
3070,Base,0,W106,AE-3200,CH-A,EXT-07,Extreme Edge,0.96,212.7,2172.62,2131.63,1915.49,3369.0,True,True,True,True,2,4.53,
3071,Base,0,W106,AE-3200,CH-A,EXT-08,Extreme Edge,0.96,245.5,2161.61,2167.64,2040.34,3565.9,True,True,True,False,0,0.0,
3072,Base,0,W106,AE-3200,CH-A,EXT-09,Extreme Edge,0.96,278.2,2171.56,2084.11,1965.94,3427.2,True,True,True,True,2,8.14,
3073,Base,0,W106,AE-3200,CH-A,EXT-10,Extreme Edge,0.96,310.9,2188.31,2114.82,1961.95,3292.5,True,True,True,True,1,6.15,
3074,Base,0,W106,AE-3200,CH-A,EXT-11,Extreme Edge,0.96,343.6,2228.22,2113.98,2087.37,3558.6,False,True,True,False,1,5.52,
3075,Rev10,10,W107,PX-7500,CH-C,C1,Center,0.0,0.0,2141.5,2137.41,2059.42,3483.4,True,True,True,True,0,0.0,
3076,Rev10,10,W107,PX-7500,CH-C,MID-01,Mid,0.52,30.0,2202.23,2185.94,2109.17,3514.5,True,True,True,False,0,0.0,
3077,Rev10,10,W107,PX-7500,CH-C,MID-02,Mid,0.52,90.0,2147.59,2123.49,2046.91,3476.3,True,True,True,True,0,0.0,
3078,Rev10,10,W107,PX-7500,CH-C,MID-03,Mid,0.52,150.0,2199.31,2168.2,2150.39,3531.1,True,True,True,False,1,6.48,polymer_residue
3079,Rev10,10,W107,PX-7500,CH-C,MID-04,Mid,0.52,210.0,2163.37,2126.68,2095.45,3533.0,True,True,True,False,1,5.47,
3080,Rev10,10,W107,PX-7500,CH-C,MID-05,Mid,0.52,270.0,2153.16,2114.92,2028.66,3447.0,True,True,True,True,0,0.0,
3081,Rev10,10,W107,PX-7500,CH-C,MID-06,Mid,0.52,330.0,2182.2,2108.78,1973.23,3318.4,True,True,True,True,0,0.0,
3082,Rev10,10,W107,PX-7500,CH-C,EDG-01,Edge,0.84,0.0,2169.31,2195.38,2096.05,3413.2,True,False,True,True,0,0.0,
3083,Rev10,10,W107,PX-7500,CH-C,EDG-02,Edge,0.84,32.7,2262.37,2102.76,2049.71,3505.2,False,True,True,False,0,0.0,
3084,Rev10,10,W107,PX-7500,CH-C,EDG-03,Edge,0.84,65.5,2193.06,2178.59,2065.85,3100.4,True,True,True,True,0,0.0,
3085,Rev10,10,W107,PX-7500,CH-C,EDG-04,Edge,0.84,98.2,2169.46,2179.93,2068.56,3396.1,True,True,True,True,2,10.11,esc_temp_drift
3086,Rev10,10,W107,PX-7500,CH-C,EDG-05,Edge,0.84,130.9,2167.24,2169.74,2109.3,3459.2,True,True,True,True,0,0.0,
3087,Rev10,10,W107,PX-7500,CH-C,EDG-06,Edge,0.84,163.6,2235.07,2188.35,2142.47,3292.6,False,True,True,True,2,7.4,
3088,Rev10,10,W107,PX-7500,CH-C,EDG-07,Edge,0.84,196.4,2221.31,2171.74,2083.89,3506.4,True,True,True,False,1,2.41,
3089,Rev10,10,W107,PX-7500,CH-C,EDG-08,Edge,0.84,229.1,2190.67,2148.88,2094.67,3417.0,True,True,True,True,1,2.15,
3090,Rev10,10,W107,PX-7500,CH-C,EDG-09,Edge,0.84,261.8,2221.31,2156.67,2230.81,3371.2,True,True,False,True,1,1.83,
3091,Rev10,10,W107,PX-7500,CH-C,EDG-10,Edge,0.84,294.5,2198.69,2154.26,2210.39,3439.6,True,True,False,True,0,0.0,
3092,Rev10,10,W107,PX-7500,CH-C,EDG-11,Edge,0.84,327.3,2217.1,2190.17,2101.59,3345.5,True,True,True,True,0,0.0,
3093,Rev10,10,W107,PX-7500,CH-C,EXT-01,Extreme Edge,0.96,16.4,2170.47,2225.86,2098.76,3452.9,True,False,True,True,0,0.0,
3094,Rev10,10,W107,PX-7500,CH-C,EXT-02,Extreme Edge,0.96,49.1,2205.24,2173.85,2181.97,3407.2,True,True,False,True,1,2.81,polymer_residue
3095,Rev10,10,W107,PX-7500,CH-C,EXT-03,Extreme Edge,0.96,81.8,2194.63,2177.84,2088.69,3392.5,True,True,True,True,2,11.41,
3096,Rev10,10,W107,PX-7500,CH-C,EXT-04,Extreme Edge,0.96,114.5,2220.7,2189.21,2122.15,3417.5,True,True,True,True,0,0.0,
3097,Rev10,10,W107,PX-7500,CH-C,EXT-05,Extreme Edge,0.96,147.3,2219.04,2211.33,2287.0,3439.7,True,False,False,True,0,0.0,
3098,Rev10,10,W107,PX-7500,CH-C,EXT-06,Extreme Edge,0.96,180.0,2215.26,2106.0,2199.5,3494.5,True,True,False,True,0,0.0,
3099,Rev10,10,W107,PX-7500,CH-C,EXT-07,Extreme Edge,0.96,212.7,2132.43,2221.24,2223.11,3381.6,True,False,False,True,0,0.0,
3100,Rev10,10,W107,PX-7500,CH-C,EXT-08,Extreme Edge,0.96,245.5,2207.15,2193.57,2178.77,3456.3,True,True,False,True,0,0.0,
3101,Rev10,10,W107,PX-7500,CH-C,EXT-09,Extreme Edge,0.96,278.2,2169.09,2129.22,2162.38,3649.3,True,True,True,False,0,0.0,
3102,Rev10,10,W107,PX-7500,CH-C,EXT-10,Extreme Edge,0.96,310.9,2225.38,2157.44,2142.34,3226.8,False,True,True,True,2,5.95,polymer_residue
3103,Rev10,10,W107,PX-7500,CH-C,EXT-11,Extreme Edge,0.96,343.6,2218.24,2200.91,2102.07,3495.6,True,False,True,True,0,0.0,
3104,Rev8,8,W108,AE-3200,CH-A,C1,Center,0.0,0.0,2181.28,2184.08,2020.52,3196.4,True,True,True,True,0,0.0,
3105,Rev8,8,W108,AE-3200,CH-A,MID-01,Mid,0.52,30.0,2144.21,2081.46,2098.43,3348.9,True,True,True,True,0,0.0,
3106,Rev8,8,W108,AE-3200,CH-A,MID-02,Mid,0.52,90.0,2164.8,2087.48,2086.54,3236.5,True,True,True,True,0,0.0,
3107,Rev8,8,W108,AE-3200,CH-A,MID-03,Mid,0.52,150.0,2146.96,2105.03,2093.91,3214.2,True,True,True,True,0,0.0,
3108,Rev8,8,W108,AE-3200,CH-A,MID-04,Mid,0.52,210.0,2108.02,2144.85,2108.43,3272.4,True,True,True,True,0,0.0,
3109,Rev8,8,W108,AE-3200,CH-A,MID-05,Mid,0.52,270.0,2123.32,2076.89,2055.5,3104.8,True,True,True,True,0,0.0,
3110,Rev8,8,W108,AE-3200,CH-A,MID-06,Mid,0.52,330.0,2140.79,2160.27,2075.67,3311.5,True,True,True,True,0,0.0,
3111,Rev8,8,W108,AE-3200,CH-A,EDG-01,Edge,0.84,0.0,2154.8,2103.87,2076.56,3423.1,True,True,True,True,0,0.0,
3112,Rev8,8,W108,AE-3200,CH-A,EDG-02,Edge,0.84,32.7,2139.66,2054.34,2066.67,3510.8,True,True,True,False,0,0.0,
3113,Rev8,8,W108,AE-3200,CH-A,EDG-03,Edge,0.84,65.5,2154.93,2127.74,2121.22,3134.8,True,True,True,True,0,0.0,
3114,Rev8,8,W108,AE-3200,CH-A,EDG-04,Edge,0.84,98.2,2155.55,2195.99,2013.72,3480.4,True,False,True,True,0,0.0,
3115,Rev8,8,W108,AE-3200,CH-A,EDG-05,Edge,0.84,130.9,2140.88,2084.24,2178.3,3235.4,True,True,False,True,1,5.95,polymer_residue
3116,Rev8,8,W108,AE-3200,CH-A,EDG-06,Edge,0.84,163.6,2158.23,2130.26,2019.74,3216.6,True,True,True,True,0,0.0,
3117,Rev8,8,W108,AE-3200,CH-A,EDG-07,Edge,0.84,196.4,2168.83,2085.56,1966.94,3399.5,True,True,True,True,1,4.09,pressure_spike
3118,Rev8,8,W108,AE-3200,CH-A,EDG-08,Edge,0.84,229.1,2218.58,2151.42,2115.93,3525.8,True,True,True,False,0,0.0,
3119,Rev8,8,W108,AE-3200,CH-A,EDG-09,Edge,0.84,261.8,2232.87,2151.24,2147.11,3475.7,False,True,True,True,1,2.32,
3120,Rev8,8,W108,AE-3200,CH-A,EDG-10,Edge,0.84,294.5,2183.94,2103.8,2178.23,3075.4,True,True,False,True,1,4.36,polymer_residue
3121,Rev8,8,W108,AE-3200,CH-A,EDG-11,Edge,0.84,327.3,2170.13,2151.03,2028.01,3618.5,True,True,True,False,1,4.02,polymer_residue
3122,Rev8,8,W108,AE-3200,CH-A,EXT-01,Extreme Edge,0.96,16.4,2190.46,2086.0,2185.16,3242.9,True,True,False,True,1,3.71,
3123,Rev8,8,W108,AE-3200,CH-A,EXT-02,Extreme Edge,0.96,49.1,2170.77,2133.73,2164.27,3317.1,True,True,True,True,1,3.7,
3124,Rev8,8,W108,AE-3200,CH-A,EXT-03,Extreme Edge,0.96,81.8,2177.63,2162.33,2147.01,3293.2,True,True,True,True,1,1.92,
3125,Rev8,8,W108,AE-3200,CH-A,EXT-04,Extreme Edge,0.96,114.5,2189.37,2179.22,2015.61,3167.1,True,True,True,True,0,0.0,
3126,Rev8,8,W108,AE-3200,CH-A,EXT-05,Extreme Edge,0.96,147.3,2151.51,2107.46,2181.35,3207.4,True,True,False,True,0,0.0,
3127,Rev8,8,W108,AE-3200,CH-A,EXT-06,Extreme Edge,0.96,180.0,2144.33,2112.58,2086.38,3442.0,True,True,True,True,0,0.0,
3128,Rev8,8,W108,AE-3200,CH-A,EXT-07,Extreme Edge,0.96,212.7,2121.47,2155.61,2135.85,3350.3,True,True,True,True,0,0.0,
3129,Rev8,8,W108,AE-3200,CH-A,EXT-08,Extreme Edge,0.96,245.5,2160.18,2130.21,2112.8,3290.3,True,True,True,True,0,0.0,
3130,Rev8,8,W108,AE-3200,CH-A,EXT-09,Extreme Edge,0.96,278.2,2176.44,2139.33,2136.13,3444.1,True,True,True,True,1,6.21,
3131,Rev8,8,W108,AE-3200,CH-A,EXT-10,Extreme Edge,0.96,310.9,2181.65,2140.16,2183.35,3517.6,True,True,False,False,1,3.81,
3132,Rev8,8,W108,AE-3200,CH-A,EXT-11,Extreme Edge,0.96,343.6,2178.77,2234.49,2334.3,3379.0,True,False,False,True,1,2.51,arc_event
3133,Rev11,11,W109,PX-7500,CH-D,C1,Center,0.0,0.0,2226.52,2122.48,1948.09,3035.6,False,True,True,True,0,0.0,
3134,Rev11,11,W109,PX-7500,CH-D,MID-01,Mid,0.52,30.0,2229.39,2128.55,1872.78,3257.5,False,True,False,True,0,0.0,
3135,Rev11,11,W109,PX-7500,CH-D,MID-02,Mid,0.52,90.0,2265.97,2147.24,1876.51,3068.7,False,True,False,True,0,0.0,
3136,Rev11,11,W109,PX-7500,CH-D,MID-03,Mid,0.52,150.0,2266.06,2123.39,1959.85,3253.1,False,True,True,True,0,0.0,
3137,Rev11,11,W109,PX-7500,CH-D,MID-04,Mid,0.52,210.0,2254.58,2178.3,1913.64,3008.0,False,True,True,True,0,0.0,
3138,Rev11,11,W109,PX-7500,CH-D,MID-05,Mid,0.52,270.0,2261.14,2141.79,1932.91,3130.9,False,True,True,True,0,0.0,
3139,Rev11,11,W109,PX-7500,CH-D,MID-06,Mid,0.52,330.0,2268.55,2154.63,1893.73,3074.0,False,True,False,True,0,0.0,
3140,Rev11,11,W109,PX-7500,CH-D,EDG-01,Edge,0.84,0.0,2293.93,2182.32,1970.51,3331.2,False,True,True,True,1,2.59,
3141,Rev11,11,W109,PX-7500,CH-D,EDG-02,Edge,0.84,32.7,2253.73,2169.39,1962.73,3273.8,False,True,True,True,0,0.0,
3142,Rev11,11,W109,PX-7500,CH-D,EDG-03,Edge,0.84,65.5,2265.66,2122.13,1912.18,3312.0,False,True,True,True,2,9.48,
3143,Rev11,11,W109,PX-7500,CH-D,EDG-04,Edge,0.84,98.2,2279.68,2157.14,1901.52,3288.7,False,True,True,True,0,0.0,
3144,Rev11,11,W109,PX-7500,CH-D,EDG-05,Edge,0.84,130.9,2277.89,2218.74,1910.76,3253.7,False,False,True,True,0,0.0,
3145,Rev11,11,W109,PX-7500,CH-D,EDG-06,Edge,0.84,163.6,2333.6,2200.35,1937.09,3217.3,False,False,True,True,1,2.25,
3146,Rev11,11,W109,PX-7500,CH-D,EDG-07,Edge,0.84,196.4,2259.22,2154.02,2016.42,3085.7,False,True,True,True,1,5.46,polymer_residue
3147,Rev11,11,W109,PX-7500,CH-D,EDG-08,Edge,0.84,229.1,2286.46,2161.83,1870.86,3431.2,False,True,False,True,1,4.03,
3148,Rev11,11,W109,PX-7500,CH-D,EDG-09,Edge,0.84,261.8,2265.87,2162.95,1913.24,3425.5,False,True,True,True,1,1.94,
3149,Rev11,11,W109,PX-7500,CH-D,EDG-10,Edge,0.84,294.5,2264.12,2154.43,1948.95,2993.0,False,True,True,False,2,12.92,
3150,Rev11,11,W109,PX-7500,CH-D,EDG-11,Edge,0.84,327.3,2279.3,2121.19,1959.8,3373.0,False,True,True,True,2,11.01,polymer_residue
3151,Rev11,11,W109,PX-7500,CH-D,EXT-01,Extreme Edge,0.96,16.4,2303.45,2216.01,1975.86,3136.8,False,False,True,True,0,0.0,
3152,Rev11,11,W109,PX-7500,CH-D,EXT-02,Extreme Edge,0.96,49.1,2342.08,2176.19,1935.5,3364.8,False,True,True,True,3,12.25,pressure_spike
3153,Rev11,11,W109,PX-7500,CH-D,EXT-03,Extreme Edge,0.96,81.8,2319.27,2148.99,1893.93,3064.1,False,True,False,True,0,0.0,
3154,Rev11,11,W109,PX-7500,CH-D,EXT-04,Extreme Edge,0.96,114.5,2297.29,2184.41,1953.68,3115.8,False,True,True,True,2,5.21,pressure_spike
3155,Rev11,11,W109,PX-7500,CH-D,EXT-05,Extreme Edge,0.96,147.3,2300.78,2160.8,1949.12,2961.1,False,True,True,False,0,0.0,
3156,Rev11,11,W109,PX-7500,CH-D,EXT-06,Extreme Edge,0.96,180.0,2298.85,2175.08,1864.41,3237.1,False,True,False,True,2,3.94,arc_event
3157,Rev11,11,W109,PX-7500,CH-D,EXT-07,Extreme Edge,0.96,212.7,2271.02,2164.45,1996.87,3185.7,False,True,True,True,1,4.95,arc_event
3158,Rev11,11,W109,PX-7500,CH-D,EXT-08,Extreme Edge,0.96,245.5,2256.92,2192.33,1940.58,3243.6,False,True,True,True,0,0.0,
3159,Rev11,11,W109,PX-7500,CH-D,EXT-09,Extreme Edge,0.96,278.2,2301.1,2135.17,2034.37,3309.8,False,True,True,True,3,5.7,
3160,Rev11,11,W109,PX-7500,CH-D,EXT-10,Extreme Edge,0.96,310.9,2244.42,2148.06,1991.65,3318.4,False,True,True,True,1,4.05,polymer_residue
3161,Rev11,11,W109,PX-7500,CH-D,EXT-11,Extreme Edge,0.96,343.6,2326.64,2143.66,1884.63,3094.3,False,True,False,True,1,2.85,polymer_residue
3162,Rev2,2,W110,PX-7500,CH-C,C1,Center,0.0,0.0,2174.17,2074.42,2111.05,3111.1,True,True,True,True,0,0.0,
3163,Rev2,2,W110,PX-7500,CH-C,MID-01,Mid,0.52,30.0,2117.31,2051.87,2084.46,3236.7,True,True,True,True,0,0.0,
3164,Rev2,2,W110,PX-7500,CH-C,MID-02,Mid,0.52,90.0,2186.87,2093.67,2093.99,3031.0,True,True,True,True,0,0.0,
3165,Rev2,2,W110,PX-7500,CH-C,MID-03,Mid,0.52,150.0,2159.55,2054.27,2159.83,3383.6,True,True,True,True,0,0.0,
3166,Rev2,2,W110,PX-7500,CH-C,MID-04,Mid,0.52,210.0,2187.86,2138.8,2120.1,3372.5,True,True,True,True,1,3.24,polymer_residue
3167,Rev2,2,W110,PX-7500,CH-C,MID-05,Mid,0.52,270.0,2220.58,2122.74,2138.0,3364.1,True,True,True,True,0,0.0,
3168,Rev2,2,W110,PX-7500,CH-C,MID-06,Mid,0.52,330.0,2213.35,2094.56,2096.68,3385.2,True,True,True,True,1,5.25,
3169,Rev2,2,W110,PX-7500,CH-C,EDG-01,Edge,0.84,0.0,2220.42,2118.49,2125.1,3567.8,True,True,True,False,0,0.0,
3170,Rev2,2,W110,PX-7500,CH-C,EDG-02,Edge,0.84,32.7,2228.05,2140.73,2082.42,3070.7,False,True,True,True,0,0.0,
3171,Rev2,2,W110,PX-7500,CH-C,EDG-03,Edge,0.84,65.5,2220.46,2160.14,2141.81,3301.6,True,True,True,True,0,0.0,
3172,Rev2,2,W110,PX-7500,CH-C,EDG-04,Edge,0.84,98.2,2207.01,2161.63,2185.67,3393.2,True,True,False,True,0,0.0,
3173,Rev2,2,W110,PX-7500,CH-C,EDG-05,Edge,0.84,130.9,2277.7,2055.32,2080.89,3283.7,False,True,True,True,0,0.0,
3174,Rev2,2,W110,PX-7500,CH-C,EDG-06,Edge,0.84,163.6,2237.65,2105.0,2249.62,3453.4,False,True,False,True,0,0.0,
3175,Rev2,2,W110,PX-7500,CH-C,EDG-07,Edge,0.84,196.4,2237.5,2130.08,2113.41,3297.8,False,True,True,True,1,2.69,
3176,Rev2,2,W110,PX-7500,CH-C,EDG-08,Edge,0.84,229.1,2240.59,2152.17,2115.83,3452.4,False,True,True,True,0,0.0,
3177,Rev2,2,W110,PX-7500,CH-C,EDG-09,Edge,0.84,261.8,2195.45,2142.79,2183.72,3510.7,True,True,False,False,1,2.25,polymer_residue
3178,Rev2,2,W110,PX-7500,CH-C,EDG-10,Edge,0.84,294.5,2195.14,2145.54,2133.1,3459.8,True,True,True,True,0,0.0,
3179,Rev2,2,W110,PX-7500,CH-C,EDG-11,Edge,0.84,327.3,2192.2,2112.98,2227.18,3389.8,True,True,False,True,0,0.0,
3180,Rev2,2,W110,PX-7500,CH-C,EXT-01,Extreme Edge,0.96,16.4,2203.32,2117.7,2046.81,3375.2,True,True,True,True,0,0.0,
3181,Rev2,2,W110,PX-7500,CH-C,EXT-02,Extreme Edge,0.96,49.1,2237.29,2131.02,2121.7,3212.6,False,True,True,True,0,0.0,
3182,Rev2,2,W110,PX-7500,CH-C,EXT-03,Extreme Edge,0.96,81.8,2253.51,2180.93,2240.2,3341.7,False,True,False,True,0,0.0,
3183,Rev2,2,W110,PX-7500,CH-C,EXT-04,Extreme Edge,0.96,114.5,2217.99,2104.57,2236.32,3531.4,True,True,False,False,1,5.36,polymer_residue
3184,Rev2,2,W110,PX-7500,CH-C,EXT-05,Extreme Edge,0.96,147.3,2228.2,2174.14,2240.1,3474.9,False,True,False,True,0,0.0,
3185,Rev2,2,W110,PX-7500,CH-C,EXT-06,Extreme Edge,0.96,180.0,2235.9,2172.43,2127.64,3378.7,False,True,True,True,0,0.0,
3186,Rev2,2,W110,PX-7500,CH-C,EXT-07,Extreme Edge,0.96,212.7,2207.72,2145.95,2088.37,3440.6,True,True,True,True,1,5.91,esc_temp_drift
3187,Rev2,2,W110,PX-7500,CH-C,EXT-08,Extreme Edge,0.96,245.5,2231.51,2108.05,2156.2,3157.2,False,True,True,True,1,4.92,
3188,Rev2,2,W110,PX-7500,CH-C,EXT-09,Extreme Edge,0.96,278.2,2261.66,2216.8,2176.17,3385.8,False,False,False,True,1,3.85,polymer_residue
3189,Rev2,2,W110,PX-7500,CH-C,EXT-10,Extreme Edge,0.96,310.9,2197.65,2150.27,2072.65,3554.4,True,True,True,False,2,9.71,polymer_residue
3190,Rev2,2,W110,PX-7500,CH-C,EXT-11,Extreme Edge,0.96,343.6,2239.14,2130.37,2162.21,3338.7,False,True,True,True,0,0.0,
3191,Rev9,9,W111,AE-3200,CH-B,C1,Center,0.0,0.0,2167.21,2046.55,2090.4,3432.3,True,True,True,True,1,1.99,polymer_residue
3192,Rev9,9,W111,AE-3200,CH-B,MID-01,Mid,0.52,30.0,2122.44,2145.22,2163.58,3261.2,True,True,True,True,0,0.0,
3193,Rev9,9,W111,AE-3200,CH-B,MID-02,Mid,0.52,90.0,2169.48,2106.05,2062.8,3201.2,True,True,True,True,0,0.0,
3194,Rev9,9,W111,AE-3200,CH-B,MID-03,Mid,0.52,150.0,2152.26,2100.06,2037.62,3216.8,True,True,True,True,0,0.0,
3195,Rev9,9,W111,AE-3200,CH-B,MID-04,Mid,0.52,210.0,2147.91,2141.24,2070.93,3294.2,True,True,True,True,0,0.0,
3196,Rev9,9,W111,AE-3200,CH-B,MID-05,Mid,0.52,270.0,2178.41,2147.62,2137.93,3353.5,True,True,True,True,0,0.0,
3197,Rev9,9,W111,AE-3200,CH-B,MID-06,Mid,0.52,330.0,2133.16,2225.26,2118.05,3276.1,True,False,True,True,2,5.24,
3198,Rev9,9,W111,AE-3200,CH-B,EDG-01,Edge,0.84,0.0,2187.0,2066.76,2057.63,3401.9,True,True,True,True,0,0.0,
3199,Rev9,9,W111,AE-3200,CH-B,EDG-02,Edge,0.84,32.7,2208.89,2125.48,2159.12,3298.9,True,True,True,True,0,0.0,
3200,Rev9,9,W111,AE-3200,CH-B,EDG-03,Edge,0.84,65.5,2166.39,2102.85,2274.36,3413.7,True,True,False,True,0,0.0,
3201,Rev9,9,W111,AE-3200,CH-B,EDG-04,Edge,0.84,98.2,2221.71,2157.64,2151.53,3175.7,True,True,True,True,0,0.0,
3202,Rev9,9,W111,AE-3200,CH-B,EDG-05,Edge,0.84,130.9,2192.19,2147.47,2143.54,3234.9,True,True,True,True,2,12.63,
3203,Rev9,9,W111,AE-3200,CH-B,EDG-06,Edge,0.84,163.6,2140.85,2125.19,2110.81,3210.8,True,True,True,True,0,0.0,
3204,Rev9,9,W111,AE-3200,CH-B,EDG-07,Edge,0.84,196.4,2223.15,2183.36,2101.73,3460.8,True,True,True,True,0,0.0,
3205,Rev9,9,W111,AE-3200,CH-B,EDG-08,Edge,0.84,229.1,2190.63,2140.53,2143.28,3299.8,True,True,True,True,1,4.36,polymer_residue
3206,Rev9,9,W111,AE-3200,CH-B,EDG-09,Edge,0.84,261.8,2168.1,2171.96,2095.18,3348.3,True,True,True,True,1,2.59,
3207,Rev9,9,W111,AE-3200,CH-B,EDG-10,Edge,0.84,294.5,2184.1,2128.03,2099.06,3318.1,True,True,True,True,1,3.49,
3208,Rev9,9,W111,AE-3200,CH-B,EDG-11,Edge,0.84,327.3,2166.62,2161.44,2085.99,3269.0,True,True,True,True,0,0.0,
3209,Rev9,9,W111,AE-3200,CH-B,EXT-01,Extreme Edge,0.96,16.4,2179.74,2152.42,2192.69,3075.9,True,True,False,True,0,0.0,
3210,Rev9,9,W111,AE-3200,CH-B,EXT-02,Extreme Edge,0.96,49.1,2212.25,2151.9,2071.11,3376.0,True,True,True,True,2,11.75,
3211,Rev9,9,W111,AE-3200,CH-B,EXT-03,Extreme Edge,0.96,81.8,2211.5,2208.02,2165.06,3382.5,True,False,True,True,1,3.21,
3212,Rev9,9,W111,AE-3200,CH-B,EXT-04,Extreme Edge,0.96,114.5,2189.89,2153.68,2261.52,3230.7,True,True,False,True,1,2.75,polymer_residue
3213,Rev9,9,W111,AE-3200,CH-B,EXT-05,Extreme Edge,0.96,147.3,2219.78,2177.23,2125.86,3392.0,True,True,True,True,1,6.3,polymer_residue
3214,Rev9,9,W111,AE-3200,CH-B,EXT-06,Extreme Edge,0.96,180.0,2148.73,2115.5,2130.29,3351.6,True,True,True,True,1,4.51,
3215,Rev9,9,W111,AE-3200,CH-B,EXT-07,Extreme Edge,0.96,212.7,2194.52,2157.78,2078.26,3445.5,True,True,True,True,1,5.47,
3216,Rev9,9,W111,AE-3200,CH-B,EXT-08,Extreme Edge,0.96,245.5,2176.57,2150.38,2139.67,3197.9,True,True,True,True,0,0.0,
3217,Rev9,9,W111,AE-3200,CH-B,EXT-09,Extreme Edge,0.96,278.2,2248.6,2137.86,2183.16,3300.3,False,True,False,True,1,3.96,
3218,Rev9,9,W111,AE-3200,CH-B,EXT-10,Extreme Edge,0.96,310.9,2169.02,2199.89,2265.69,3365.0,True,False,False,True,0,0.0,
3219,Rev9,9,W111,AE-3200,CH-B,EXT-11,Extreme Edge,0.96,343.6,2161.01,2197.43,2138.7,3277.8,True,False,True,True,1,4.81,
3220,Rev4,4,W112,AE-3200,CH-A,C1,Center,0.0,0.0,2090.35,2117.98,2024.76,3143.6,True,True,True,True,0,0.0,
3221,Rev4,4,W112,AE-3200,CH-A,MID-01,Mid,0.52,30.0,2112.94,2031.36,2066.73,3199.8,True,True,True,True,0,0.0,
3222,Rev4,4,W112,AE-3200,CH-A,MID-02,Mid,0.52,90.0,2119.12,2126.79,2018.75,3272.8,True,True,True,True,0,0.0,
3223,Rev4,4,W112,AE-3200,CH-A,MID-03,Mid,0.52,150.0,2115.1,2100.74,2083.64,3284.4,True,True,True,True,0,0.0,
3224,Rev4,4,W112,AE-3200,CH-A,MID-04,Mid,0.52,210.0,2148.42,2083.44,2065.52,3387.4,True,True,True,True,0,0.0,
3225,Rev4,4,W112,AE-3200,CH-A,MID-05,Mid,0.52,270.0,2084.31,2113.84,1981.95,3280.4,True,True,True,True,0,0.0,
3226,Rev4,4,W112,AE-3200,CH-A,MID-06,Mid,0.52,330.0,2127.78,2092.38,2125.92,3415.4,True,True,True,True,0,0.0,
3227,Rev4,4,W112,AE-3200,CH-A,EDG-01,Edge,0.84,0.0,2129.69,2084.05,2111.3,3156.7,True,True,True,True,0,0.0,
3228,Rev4,4,W112,AE-3200,CH-A,EDG-02,Edge,0.84,32.7,2175.62,2063.92,2050.71,3186.1,True,True,True,True,1,5.63,esc_temp_drift
3229,Rev4,4,W112,AE-3200,CH-A,EDG-03,Edge,0.84,65.5,2179.78,2079.29,2007.41,3421.2,True,True,True,True,0,0.0,
3230,Rev4,4,W112,AE-3200,CH-A,EDG-04,Edge,0.84,98.2,2178.63,2158.86,2117.24,3440.9,True,True,True,True,0,0.0,
3231,Rev4,4,W112,AE-3200,CH-A,EDG-05,Edge,0.84,130.9,2175.35,2046.8,2080.21,3378.8,True,True,True,True,0,0.0,
3232,Rev4,4,W112,AE-3200,CH-A,EDG-06,Edge,0.84,163.6,2127.58,2055.25,2074.6,3124.9,True,True,True,True,1,4.55,endpoint_late
3233,Rev4,4,W112,AE-3200,CH-A,EDG-07,Edge,0.84,196.4,2167.86,2137.78,1952.05,3368.6,True,True,True,True,0,0.0,
3234,Rev4,4,W112,AE-3200,CH-A,EDG-08,Edge,0.84,229.1,2181.84,2186.71,2100.75,3364.2,True,True,True,True,1,3.59,polymer_residue
3235,Rev4,4,W112,AE-3200,CH-A,EDG-09,Edge,0.84,261.8,2158.88,2127.54,2072.74,3324.2,True,True,True,True,0,0.0,
3236,Rev4,4,W112,AE-3200,CH-A,EDG-10,Edge,0.84,294.5,2160.73,2081.35,2104.4,3228.5,True,True,True,True,0,0.0,
3237,Rev4,4,W112,AE-3200,CH-A,EDG-11,Edge,0.84,327.3,2189.96,2185.26,2187.16,3083.1,True,True,False,True,0,0.0,
3238,Rev4,4,W112,AE-3200,CH-A,EXT-01,Extreme Edge,0.96,16.4,2108.15,2141.97,2037.85,3483.6,True,True,True,True,1,2.67,
3239,Rev4,4,W112,AE-3200,CH-A,EXT-02,Extreme Edge,0.96,49.1,2140.8,2146.09,2046.71,3385.1,True,True,True,True,0,0.0,
3240,Rev4,4,W112,AE-3200,CH-A,EXT-03,Extreme Edge,0.96,81.8,2213.05,2079.99,2082.04,3256.2,True,True,True,True,0,0.0,
3241,Rev4,4,W112,AE-3200,CH-A,EXT-04,Extreme Edge,0.96,114.5,2200.85,2113.92,2140.41,3362.2,True,True,True,True,0,0.0,
3242,Rev4,4,W112,AE-3200,CH-A,EXT-05,Extreme Edge,0.96,147.3,2162.87,2113.67,2051.38,3544.5,True,True,True,False,0,0.0,
3243,Rev4,4,W112,AE-3200,CH-A,EXT-06,Extreme Edge,0.96,180.0,2175.91,2148.46,2080.72,3356.9,True,True,True,True,0,0.0,
3244,Rev4,4,W112,AE-3200,CH-A,EXT-07,Extreme Edge,0.96,212.7,2196.24,2116.8,2167.47,3250.1,True,True,True,True,0,0.0,
3245,Rev4,4,W112,AE-3200,CH-A,EXT-08,Extreme Edge,0.96,245.5,2167.26,2110.63,2064.07,3303.0,True,True,True,True,0,0.0,
3246,Rev4,4,W112,AE-3200,CH-A,EXT-09,Extreme Edge,0.96,278.2,2193.38,2125.26,2138.31,3217.4,True,True,True,True,0,0.0,
3247,Rev4,4,W112,AE-3200,CH-A,EXT-10,Extreme Edge,0.96,310.9,2202.75,2133.37,2184.77,3376.9,True,True,False,True,0,0.0,
3248,Rev4,4,W112,AE-3200,CH-A,EXT-11,Extreme Edge,0.96,343.6,2131.78,2133.8,2082.06,3238.9,True,True,True,True,0,0.0,
3249,Rev8,8,W113,AE-3200,CH-A,C1,Center,0.0,0.0,2190.47,2117.13,2086.43,3361.1,True,True,True,True,0,0.0,
3250,Rev8,8,W113,AE-3200,CH-A,MID-01,Mid,0.52,30.0,2147.32,2086.13,1981.44,3219.6,True,True,True,True,0,0.0,
3251,Rev8,8,W113,AE-3200,CH-A,MID-02,Mid,0.52,90.0,2144.61,2155.58,2141.86,3343.1,True,True,True,True,0,0.0,
3252,Rev8,8,W113,AE-3200,CH-A,MID-03,Mid,0.52,150.0,2196.62,2109.05,1944.31,3229.9,True,True,True,True,1,5.85,polymer_residue
3253,Rev8,8,W113,AE-3200,CH-A,MID-04,Mid,0.52,210.0,2189.02,2129.14,2087.89,3307.4,True,True,True,True,0,0.0,
3254,Rev8,8,W113,AE-3200,CH-A,MID-05,Mid,0.52,270.0,2162.44,2070.8,2060.94,3312.3,True,True,True,True,0,0.0,
3255,Rev8,8,W113,AE-3200,CH-A,MID-06,Mid,0.52,330.0,2136.87,2132.33,2040.04,3256.5,True,True,True,True,0,0.0,
3256,Rev8,8,W113,AE-3200,CH-A,EDG-01,Edge,0.84,0.0,2217.41,2144.5,2032.11,3322.2,True,True,True,True,0,0.0,
3257,Rev8,8,W113,AE-3200,CH-A,EDG-02,Edge,0.84,32.7,2193.89,2101.09,2026.05,3166.6,True,True,True,True,0,0.0,
3258,Rev8,8,W113,AE-3200,CH-A,EDG-03,Edge,0.84,65.5,2170.47,2161.2,2090.86,3373.9,True,True,True,True,0,0.0,
3259,Rev8,8,W113,AE-3200,CH-A,EDG-04,Edge,0.84,98.2,2238.42,2109.91,2127.5,3449.3,False,True,True,True,0,0.0,
3260,Rev8,8,W113,AE-3200,CH-A,EDG-05,Edge,0.84,130.9,2176.08,2116.59,2052.68,3112.7,True,True,True,True,1,3.94,arc_event
3261,Rev8,8,W113,AE-3200,CH-A,EDG-06,Edge,0.84,163.6,2188.73,2176.1,2127.45,3472.3,True,True,True,True,0,0.0,
3262,Rev8,8,W113,AE-3200,CH-A,EDG-07,Edge,0.84,196.4,2196.77,2084.51,2023.31,3265.9,True,True,True,True,1,3.75,polymer_residue
3263,Rev8,8,W113,AE-3200,CH-A,EDG-08,Edge,0.84,229.1,2193.7,2075.17,2153.87,3224.4,True,True,True,True,1,2.07,
3264,Rev8,8,W113,AE-3200,CH-A,EDG-09,Edge,0.84,261.8,2218.78,2132.22,1991.42,3226.4,True,True,True,True,1,3.37,
3265,Rev8,8,W113,AE-3200,CH-A,EDG-10,Edge,0.84,294.5,2214.72,2149.41,2092.17,3423.1,True,True,True,True,0,0.0,
3266,Rev8,8,W113,AE-3200,CH-A,EDG-11,Edge,0.84,327.3,2181.38,2177.98,2072.52,3390.0,True,True,True,True,1,5.88,esc_temp_drift
3267,Rev8,8,W113,AE-3200,CH-A,EXT-01,Extreme Edge,0.96,16.4,2191.62,2171.45,2005.44,3273.9,True,True,True,True,0,0.0,
3268,Rev8,8,W113,AE-3200,CH-A,EXT-02,Extreme Edge,0.96,49.1,2250.55,2185.49,2129.37,3350.3,False,True,True,True,0,0.0,
3269,Rev8,8,W113,AE-3200,CH-A,EXT-03,Extreme Edge,0.96,81.8,2192.16,2157.73,2048.47,3182.5,True,True,True,True,1,5.19,
3270,Rev8,8,W113,AE-3200,CH-A,EXT-04,Extreme Edge,0.96,114.5,2198.55,2144.84,2178.98,3347.7,True,True,False,True,0,0.0,
3271,Rev8,8,W113,AE-3200,CH-A,EXT-05,Extreme Edge,0.96,147.3,2212.36,2135.44,1973.88,3383.3,True,True,True,True,0,0.0,
3272,Rev8,8,W113,AE-3200,CH-A,EXT-06,Extreme Edge,0.96,180.0,2218.71,2141.15,2123.94,3426.6,True,True,True,True,0,0.0,
3273,Rev8,8,W113,AE-3200,CH-A,EXT-07,Extreme Edge,0.96,212.7,2175.28,2176.76,2100.94,3144.6,True,True,True,True,0,0.0,
3274,Rev8,8,W113,AE-3200,CH-A,EXT-08,Extreme Edge,0.96,245.5,2193.4,2191.59,2147.9,3342.0,True,True,True,True,0,0.0,
3275,Rev8,8,W113,AE-3200,CH-A,EXT-09,Extreme Edge,0.96,278.2,2205.04,2186.85,2045.4,3266.5,True,True,True,True,1,2.21,polymer_residue
3276,Rev8,8,W113,AE-3200,CH-A,EXT-10,Extreme Edge,0.96,310.9,2244.08,2111.97,2064.43,3355.8,False,True,True,True,1,1.92,
3277,Rev8,8,W113,AE-3200,CH-A,EXT-11,Extreme Edge,0.96,343.6,2222.66,2127.68,2064.7,3167.3,True,True,True,True,0,0.0,
3278,Rev2,2,W114,PX-7500,CH-C,C1,Center,0.0,0.0,2180.74,2085.67,2070.84,3274.2,True,True,True,True,0,0.0,
3279,Rev2,2,W114,PX-7500,CH-C,MID-01,Mid,0.52,30.0,2204.14,2159.13,2035.63,3511.7,True,True,True,False,0,0.0,
3280,Rev2,2,W114,PX-7500,CH-C,MID-02,Mid,0.52,90.0,2189.7,2113.38,2034.46,3246.0,True,True,True,True,1,4.77,endpoint_late
3281,Rev2,2,W114,PX-7500,CH-C,MID-03,Mid,0.52,150.0,2157.29,2047.96,2061.31,3369.7,True,True,True,True,0,0.0,
3282,Rev2,2,W114,PX-7500,CH-C,MID-04,Mid,0.52,210.0,2115.61,2171.96,2087.12,3450.4,True,True,True,True,0,0.0,
3283,Rev2,2,W114,PX-7500,CH-C,MID-05,Mid,0.52,270.0,2146.43,2096.55,2109.8,3311.9,True,True,True,True,0,0.0,
3284,Rev2,2,W114,PX-7500,CH-C,MID-06,Mid,0.52,330.0,2137.79,2093.48,2027.3,3434.0,True,True,True,True,0,0.0,
3285,Rev2,2,W114,PX-7500,CH-C,EDG-01,Edge,0.84,0.0,2189.41,2184.49,2035.29,3353.4,True,True,True,True,0,0.0,
3286,Rev2,2,W114,PX-7500,CH-C,EDG-02,Edge,0.84,32.7,2211.01,2181.98,2046.7,3456.4,True,True,True,True,0,0.0,
3287,Rev2,2,W114,PX-7500,CH-C,EDG-03,Edge,0.84,65.5,2176.82,2158.75,2036.56,3647.1,True,True,True,False,1,6.32,pressure_spike
3288,Rev2,2,W114,PX-7500,CH-C,EDG-04,Edge,0.84,98.2,2235.88,2160.62,1909.88,3192.8,False,True,True,True,0,0.0,
3289,Rev2,2,W114,PX-7500,CH-C,EDG-05,Edge,0.84,130.9,2231.52,2134.88,2036.3,3625.3,False,True,True,False,2,4.23,polymer_residue
3290,Rev2,2,W114,PX-7500,CH-C,EDG-06,Edge,0.84,163.6,2177.06,2154.31,2179.69,3496.6,True,True,False,True,0,0.0,
3291,Rev2,2,W114,PX-7500,CH-C,EDG-07,Edge,0.84,196.4,2204.1,2072.85,2101.57,3299.7,True,True,True,True,0,0.0,
3292,Rev2,2,W114,PX-7500,CH-C,EDG-08,Edge,0.84,229.1,2211.8,2105.94,2101.45,3313.3,True,True,True,True,0,0.0,
3293,Rev2,2,W114,PX-7500,CH-C,EDG-09,Edge,0.84,261.8,2230.36,2110.01,2064.7,3366.9,False,True,True,True,1,3.78,
3294,Rev2,2,W114,PX-7500,CH-C,EDG-10,Edge,0.84,294.5,2159.8,2101.21,2122.34,3152.0,True,True,True,True,1,1.8,
3295,Rev2,2,W114,PX-7500,CH-C,EDG-11,Edge,0.84,327.3,2231.24,2161.8,2034.41,3263.8,False,True,True,True,0,0.0,
3296,Rev2,2,W114,PX-7500,CH-C,EXT-01,Extreme Edge,0.96,16.4,2218.43,2153.14,2126.82,3411.4,True,True,True,True,0,0.0,
3297,Rev2,2,W114,PX-7500,CH-C,EXT-02,Extreme Edge,0.96,49.1,2265.64,2121.49,2123.81,3371.3,False,True,True,True,1,4.88,arc_event
3298,Rev2,2,W114,PX-7500,CH-C,EXT-03,Extreme Edge,0.96,81.8,2215.32,2167.42,2151.26,3411.5,True,True,True,True,0,0.0,
3299,Rev2,2,W114,PX-7500,CH-C,EXT-04,Extreme Edge,0.96,114.5,2228.96,2124.5,2149.61,3546.8,False,True,True,False,0,0.0,
3300,Rev2,2,W114,PX-7500,CH-C,EXT-05,Extreme Edge,0.96,147.3,2218.78,2097.68,2055.07,3375.6,True,True,True,True,1,4.47,arc_event
3301,Rev2,2,W114,PX-7500,CH-C,EXT-06,Extreme Edge,0.96,180.0,2269.28,2102.59,2056.06,3326.3,False,True,True,True,1,3.05,
3302,Rev2,2,W114,PX-7500,CH-C,EXT-07,Extreme Edge,0.96,212.7,2188.1,2219.07,2118.91,3291.2,True,False,True,True,1,2.9,polymer_residue
3303,Rev2,2,W114,PX-7500,CH-C,EXT-08,Extreme Edge,0.96,245.5,2217.22,2117.85,2162.02,3381.8,True,True,True,True,1,4.19,polymer_residue
3304,Rev2,2,W114,PX-7500,CH-C,EXT-09,Extreme Edge,0.96,278.2,2189.08,2157.69,2108.55,3315.5,True,True,True,True,0,0.0,
3305,Rev2,2,W114,PX-7500,CH-C,EXT-10,Extreme Edge,0.96,310.9,2223.49,2162.2,2094.49,3606.6,True,True,True,False,0,0.0,
3306,Rev2,2,W114,PX-7500,CH-C,EXT-11,Extreme Edge,0.96,343.6,2245.63,2122.88,1941.7,3298.8,False,True,True,True,0,0.0,
3307,Rev1,1,W115,AE-3200,CH-B,C1,Center,0.0,0.0,2152.85,2049.85,2077.03,3338.4,True,True,True,True,0,0.0,
3308,Rev1,1,W115,AE-3200,CH-B,MID-01,Mid,0.52,30.0,2136.42,2060.71,2009.35,3332.1,True,True,True,True,0,0.0,
3309,Rev1,1,W115,AE-3200,CH-B,MID-02,Mid,0.52,90.0,2167.81,2105.53,2095.28,3288.2,True,True,True,True,0,0.0,
3310,Rev1,1,W115,AE-3200,CH-B,MID-03,Mid,0.52,150.0,2111.34,2111.62,2150.19,3283.4,True,True,True,True,1,4.93,endpoint_late
3311,Rev1,1,W115,AE-3200,CH-B,MID-04,Mid,0.52,210.0,2252.66,2050.86,2048.05,3158.4,False,True,True,True,0,0.0,
3312,Rev1,1,W115,AE-3200,CH-B,MID-05,Mid,0.52,270.0,2126.7,2088.01,2094.74,3283.6,True,True,True,True,0,0.0,
3313,Rev1,1,W115,AE-3200,CH-B,MID-06,Mid,0.52,330.0,2117.71,2084.37,2037.59,3490.3,True,True,True,True,1,2.2,pressure_spike
3314,Rev1,1,W115,AE-3200,CH-B,EDG-01,Edge,0.84,0.0,2187.87,2135.23,2053.41,3443.7,True,True,True,True,1,5.09,
3315,Rev1,1,W115,AE-3200,CH-B,EDG-02,Edge,0.84,32.7,2214.63,2081.24,2130.45,3400.0,True,True,True,True,1,6.05,polymer_residue
3316,Rev1,1,W115,AE-3200,CH-B,EDG-03,Edge,0.84,65.5,2112.59,2097.68,2175.05,3547.7,True,True,False,False,0,0.0,
3317,Rev1,1,W115,AE-3200,CH-B,EDG-04,Edge,0.84,98.2,2184.22,2147.87,2084.29,3224.6,True,True,True,True,0,0.0,
3318,Rev1,1,W115,AE-3200,CH-B,EDG-05,Edge,0.84,130.9,2192.99,2139.55,2112.5,3251.7,True,True,True,True,3,14.07,polymer_residue
3319,Rev1,1,W115,AE-3200,CH-B,EDG-06,Edge,0.84,163.6,2178.03,2112.81,2277.06,3517.7,True,True,False,False,0,0.0,
3320,Rev1,1,W115,AE-3200,CH-B,EDG-07,Edge,0.84,196.4,2215.19,2083.37,2141.24,3421.0,True,True,True,True,0,0.0,
3321,Rev1,1,W115,AE-3200,CH-B,EDG-08,Edge,0.84,229.1,2201.72,2118.82,2123.7,3327.9,True,True,True,True,0,0.0,
3322,Rev1,1,W115,AE-3200,CH-B,EDG-09,Edge,0.84,261.8,2192.8,2104.91,2092.46,3536.7,True,True,True,False,1,1.83,polymer_residue
3323,Rev1,1,W115,AE-3200,CH-B,EDG-10,Edge,0.84,294.5,2192.1,2212.65,2039.66,3491.8,True,False,True,True,2,7.96,
3324,Rev1,1,W115,AE-3200,CH-B,EDG-11,Edge,0.84,327.3,2176.38,2114.8,2155.61,3461.4,True,True,True,True,0,0.0,
3325,Rev1,1,W115,AE-3200,CH-B,EXT-01,Extreme Edge,0.96,16.4,2221.14,2152.73,2145.72,3803.9,True,True,True,False,0,0.0,
3326,Rev1,1,W115,AE-3200,CH-B,EXT-02,Extreme Edge,0.96,49.1,2234.92,2134.4,2203.64,3540.0,False,True,False,False,3,13.31,polymer_residue
3327,Rev1,1,W115,AE-3200,CH-B,EXT-03,Extreme Edge,0.96,81.8,2190.92,2151.38,2151.64,3521.2,True,True,True,False,2,6.05,polymer_residue
3328,Rev1,1,W115,AE-3200,CH-B,EXT-04,Extreme Edge,0.96,114.5,2208.49,2122.24,2153.93,3488.0,True,True,True,True,0,0.0,
3329,Rev1,1,W115,AE-3200,CH-B,EXT-05,Extreme Edge,0.96,147.3,2204.46,2122.58,2130.66,3535.9,True,True,True,False,0,0.0,
3330,Rev1,1,W115,AE-3200,CH-B,EXT-06,Extreme Edge,0.96,180.0,2160.78,2102.99,2128.39,3496.3,True,True,True,True,3,12.8,
3331,Rev1,1,W115,AE-3200,CH-B,EXT-07,Extreme Edge,0.96,212.7,2195.39,2122.55,2207.27,3323.5,True,True,False,True,2,12.36,
3332,Rev1,1,W115,AE-3200,CH-B,EXT-08,Extreme Edge,0.96,245.5,2215.5,2063.59,1994.52,3654.0,True,True,True,False,0,0.0,
3333,Rev1,1,W115,AE-3200,CH-B,EXT-09,Extreme Edge,0.96,278.2,2210.46,2129.33,2184.89,3526.4,True,True,False,False,1,2.0,arc_event
3334,Rev1,1,W115,AE-3200,CH-B,EXT-10,Extreme Edge,0.96,310.9,2198.71,2116.97,2142.92,3265.2,True,True,True,True,1,3.65,polymer_residue
3335,Rev1,1,W115,AE-3200,CH-B,EXT-11,Extreme Edge,0.96,343.6,2221.97,2139.92,2054.68,3280.0,True,True,True,True,0,0.0,
3336,Rev6,6,W116,PX-7500,CH-C,C1,Center,0.0,0.0,2126.09,2111.15,2114.89,3216.7,True,True,True,True,0,0.0,
3337,Rev6,6,W116,PX-7500,CH-C,MID-01,Mid,0.52,30.0,2107.79,2096.63,2137.54,3255.1,True,True,True,True,0,0.0,
3338,Rev6,6,W116,PX-7500,CH-C,MID-02,Mid,0.52,90.0,2134.41,2156.46,2149.75,3458.6,True,True,True,True,0,0.0,
3339,Rev6,6,W116,PX-7500,CH-C,MID-03,Mid,0.52,150.0,2051.49,2136.08,2164.57,3261.5,False,True,True,True,0,0.0,
3340,Rev6,6,W116,PX-7500,CH-C,MID-04,Mid,0.52,210.0,2152.13,2124.9,2031.48,3395.4,True,True,True,True,0,0.0,
3341,Rev6,6,W116,PX-7500,CH-C,MID-05,Mid,0.52,270.0,2176.6,2086.92,2183.59,3219.2,True,True,False,True,0,0.0,
3342,Rev6,6,W116,PX-7500,CH-C,MID-06,Mid,0.52,330.0,2127.52,2137.05,2135.69,3542.7,True,True,True,False,0,0.0,
3343,Rev6,6,W116,PX-7500,CH-C,EDG-01,Edge,0.84,0.0,2156.75,2179.59,2200.47,3376.4,True,True,False,True,1,2.22,arc_event
3344,Rev6,6,W116,PX-7500,CH-C,EDG-02,Edge,0.84,32.7,2155.86,2209.45,2065.79,3478.9,True,False,True,True,0,0.0,
3345,Rev6,6,W116,PX-7500,CH-C,EDG-03,Edge,0.84,65.5,2185.67,2158.35,2127.45,3330.8,True,True,True,True,1,5.8,polymer_residue
3346,Rev6,6,W116,PX-7500,CH-C,EDG-04,Edge,0.84,98.2,2153.5,2101.32,2189.01,3336.5,True,True,False,True,0,0.0,
3347,Rev6,6,W116,PX-7500,CH-C,EDG-05,Edge,0.84,130.9,2177.3,2129.27,2162.46,3414.4,True,True,True,True,0,0.0,
3348,Rev6,6,W116,PX-7500,CH-C,EDG-06,Edge,0.84,163.6,2206.38,2099.95,2156.81,3213.0,True,True,True,True,0,0.0,
3349,Rev6,6,W116,PX-7500,CH-C,EDG-07,Edge,0.84,196.4,2127.43,2114.99,2199.41,3505.5,True,True,False,False,0,0.0,
3350,Rev6,6,W116,PX-7500,CH-C,EDG-08,Edge,0.84,229.1,2156.35,2139.57,2131.28,3387.1,True,True,True,True,1,4.23,
3351,Rev6,6,W116,PX-7500,CH-C,EDG-09,Edge,0.84,261.8,2174.43,2126.01,2146.79,3246.8,True,True,True,True,2,10.62,
3352,Rev6,6,W116,PX-7500,CH-C,EDG-10,Edge,0.84,294.5,2200.41,2131.99,2108.25,3537.3,True,True,True,False,0,0.0,
3353,Rev6,6,W116,PX-7500,CH-C,EDG-11,Edge,0.84,327.3,2180.54,2106.42,2016.39,3389.3,True,True,True,True,0,0.0,
3354,Rev6,6,W116,PX-7500,CH-C,EXT-01,Extreme Edge,0.96,16.4,2165.11,2126.7,2170.04,3515.1,True,True,False,False,0,0.0,
3355,Rev6,6,W116,PX-7500,CH-C,EXT-02,Extreme Edge,0.96,49.1,2181.57,2141.44,2158.85,3468.1,True,True,True,True,1,3.92,polymer_residue
3356,Rev6,6,W116,PX-7500,CH-C,EXT-03,Extreme Edge,0.96,81.8,2153.83,2185.5,2107.1,3203.9,True,True,True,True,1,3.81,polymer_residue
3357,Rev6,6,W116,PX-7500,CH-C,EXT-04,Extreme Edge,0.96,114.5,2209.11,2120.71,2141.77,3356.3,True,True,True,True,0,0.0,
3358,Rev6,6,W116,PX-7500,CH-C,EXT-05,Extreme Edge,0.96,147.3,2149.34,2166.6,2089.49,3428.9,True,True,True,True,2,5.8,arc_event
3359,Rev6,6,W116,PX-7500,CH-C,EXT-06,Extreme Edge,0.96,180.0,2178.97,2080.31,2146.61,3360.9,True,True,True,True,1,3.97,
3360,Rev6,6,W116,PX-7500,CH-C,EXT-07,Extreme Edge,0.96,212.7,2164.04,2168.66,2184.01,3205.3,True,True,False,True,0,0.0,
3361,Rev6,6,W116,PX-7500,CH-C,EXT-08,Extreme Edge,0.96,245.5,2138.6,2137.4,2157.69,3332.4,True,True,True,True,3,19.4,polymer_residue
3362,Rev6,6,W116,PX-7500,CH-C,EXT-09,Extreme Edge,0.96,278.2,2168.78,2175.85,2159.95,3503.6,True,True,True,False,0,0.0,
3363,Rev6,6,W116,PX-7500,CH-C,EXT-10,Extreme Edge,0.96,310.9,2130.93,2186.7,2136.19,3505.7,True,True,True,False,1,2.58,
3364,Rev6,6,W116,PX-7500,CH-C,EXT-11,Extreme Edge,0.96,343.6,2120.45,2163.25,2225.52,3513.1,True,True,False,False,0,0.0,
3365,Rev10,10,W117,PX-7500,CH-C,C1,Center,0.0,0.0,2148.12,2135.41,2083.77,3358.3,True,True,True,True,0,0.0,
3366,Rev10,10,W117,PX-7500,CH-C,MID-01,Mid,0.52,30.0,2168.16,2140.61,1954.59,3751.2,True,True,True,False,0,0.0,
3367,Rev10,10,W117,PX-7500,CH-C,MID-02,Mid,0.52,90.0,2134.13,2168.48,2029.5,3515.5,True,True,True,False,0,0.0,
3368,Rev10,10,W117,PX-7500,CH-C,MID-03,Mid,0.52,150.0,2159.64,2193.09,2081.77,3480.0,True,True,True,True,0,0.0,
3369,Rev10,10,W117,PX-7500,CH-C,MID-04,Mid,0.52,210.0,2164.71,2176.65,2095.12,3452.3,True,True,True,True,0,0.0,
3370,Rev10,10,W117,PX-7500,CH-C,MID-05,Mid,0.52,270.0,2152.82,2209.52,2130.9,3265.5,True,False,True,True,1,4.94,
3371,Rev10,10,W117,PX-7500,CH-C,MID-06,Mid,0.52,330.0,2195.0,2121.6,2091.9,3578.3,True,True,True,False,0,0.0,
3372,Rev10,10,W117,PX-7500,CH-C,EDG-01,Edge,0.84,0.0,2135.32,2192.22,2074.93,3442.6,True,True,True,True,0,0.0,
3373,Rev10,10,W117,PX-7500,CH-C,EDG-02,Edge,0.84,32.7,2227.71,2210.48,2027.44,3511.7,False,False,True,False,0,0.0,
3374,Rev10,10,W117,PX-7500,CH-C,EDG-03,Edge,0.84,65.5,2223.71,2157.5,2089.41,3551.7,True,True,True,False,0,0.0,
3375,Rev10,10,W117,PX-7500,CH-C,EDG-04,Edge,0.84,98.2,2148.82,2119.2,2094.35,3685.9,True,True,True,False,0,0.0,
3376,Rev10,10,W117,PX-7500,CH-C,EDG-05,Edge,0.84,130.9,2189.12,2117.99,2269.34,3796.1,True,True,False,False,1,3.98,
3377,Rev10,10,W117,PX-7500,CH-C,EDG-06,Edge,0.84,163.6,2159.74,2196.28,2046.63,3837.8,True,False,True,False,2,10.28,
3378,Rev10,10,W117,PX-7500,CH-C,EDG-07,Edge,0.84,196.4,2199.3,2174.13,2168.23,3554.1,True,True,True,False,1,2.25,polymer_residue
3379,Rev10,10,W117,PX-7500,CH-C,EDG-08,Edge,0.84,229.1,2179.93,2158.19,2143.1,3412.9,True,True,True,True,0,0.0,
3380,Rev10,10,W117,PX-7500,CH-C,EDG-09,Edge,0.84,261.8,2245.29,2164.75,2230.42,3775.0,False,True,False,False,0,0.0,
3381,Rev10,10,W117,PX-7500,CH-C,EDG-10,Edge,0.84,294.5,2167.68,2167.18,2096.03,3554.9,True,True,True,False,1,3.42,arc_event
3382,Rev10,10,W117,PX-7500,CH-C,EDG-11,Edge,0.84,327.3,2239.38,2193.97,2033.58,3458.1,False,True,True,True,0,0.0,
3383,Rev10,10,W117,PX-7500,CH-C,EXT-01,Extreme Edge,0.96,16.4,2201.0,2216.72,2120.05,3630.1,True,False,True,False,0,0.0,
3384,Rev10,10,W117,PX-7500,CH-C,EXT-02,Extreme Edge,0.96,49.1,2210.96,2204.77,2042.2,3501.9,True,False,True,False,1,2.54,polymer_residue
3385,Rev10,10,W117,PX-7500,CH-C,EXT-03,Extreme Edge,0.96,81.8,2217.27,2189.15,2142.78,3505.0,True,True,True,False,0,0.0,
3386,Rev10,10,W117,PX-7500,CH-C,EXT-04,Extreme Edge,0.96,114.5,2221.73,2191.66,2229.02,3610.3,True,True,False,False,2,8.02,polymer_residue
3387,Rev10,10,W117,PX-7500,CH-C,EXT-05,Extreme Edge,0.96,147.3,2226.95,2200.05,2042.26,3529.9,False,False,True,False,2,4.51,
3388,Rev10,10,W117,PX-7500,CH-C,EXT-06,Extreme Edge,0.96,180.0,2195.07,2164.1,1979.64,3370.8,True,True,True,True,2,8.08,
3389,Rev10,10,W117,PX-7500,CH-C,EXT-07,Extreme Edge,0.96,212.7,2174.58,2203.95,2060.98,3485.5,True,False,True,True,1,3.82,
3390,Rev10,10,W117,PX-7500,CH-C,EXT-08,Extreme Edge,0.96,245.5,2217.12,2203.52,2147.03,3483.3,True,False,True,True,0,0.0,
3391,Rev10,10,W117,PX-7500,CH-C,EXT-09,Extreme Edge,0.96,278.2,2213.83,2202.22,2171.35,3669.5,True,False,False,False,0,0.0,
3392,Rev10,10,W117,PX-7500,CH-C,EXT-10,Extreme Edge,0.96,310.9,2206.5,2166.1,2069.48,3252.5,True,True,True,True,0,0.0,
3393,Rev10,10,W117,PX-7500,CH-C,EXT-11,Extreme Edge,0.96,343.6,2183.81,2213.46,2148.88,3665.2,True,False,True,False,1,3.71,polymer_residue
3394,Rev4,4,W118,AE-3200,CH-A,C1,Center,0.0,0.0,2125.21,2115.08,2098.0,3320.7,True,True,True,True,0,0.0,
3395,Rev4,4,W118,AE-3200,CH-A,MID-01,Mid,0.52,30.0,2112.31,2130.4,2129.88,3488.4,True,True,True,True,0,0.0,
3396,Rev4,4,W118,AE-3200,CH-A,MID-02,Mid,0.52,90.0,2148.47,2082.82,2116.25,3512.6,True,True,True,False,2,6.47,endpoint_late
3397,Rev4,4,W118,AE-3200,CH-A,MID-03,Mid,0.52,150.0,2230.12,2142.26,2135.99,3391.0,False,True,True,True,2,5.61,pressure_spike
3398,Rev4,4,W118,AE-3200,CH-A,MID-04,Mid,0.52,210.0,2172.85,2145.1,2123.06,3319.8,True,True,True,True,0,0.0,
3399,Rev4,4,W118,AE-3200,CH-A,MID-05,Mid,0.52,270.0,2166.8,2159.59,2076.36,3256.4,True,True,True,True,0,0.0,
3400,Rev4,4,W118,AE-3200,CH-A,MID-06,Mid,0.52,330.0,2188.2,2029.15,2177.93,3324.5,True,True,False,True,0,0.0,
3401,Rev4,4,W118,AE-3200,CH-A,EDG-01,Edge,0.84,0.0,2184.02,2193.04,2169.56,3516.0,True,True,True,False,0,0.0,
3402,Rev4,4,W118,AE-3200,CH-A,EDG-02,Edge,0.84,32.7,2212.08,2165.13,2102.34,3366.5,True,True,True,True,0,0.0,
3403,Rev4,4,W118,AE-3200,CH-A,EDG-03,Edge,0.84,65.5,2191.93,2089.27,2083.7,3498.6,True,True,True,True,1,5.88,esc_temp_drift
3404,Rev4,4,W118,AE-3200,CH-A,EDG-04,Edge,0.84,98.2,2136.29,2134.28,2172.68,3282.8,True,True,False,True,0,0.0,
3405,Rev4,4,W118,AE-3200,CH-A,EDG-05,Edge,0.84,130.9,2148.87,2129.4,2185.1,3461.2,True,True,False,True,1,4.73,arc_event
3406,Rev4,4,W118,AE-3200,CH-A,EDG-06,Edge,0.84,163.6,2189.73,2189.92,2173.35,3238.8,True,True,False,True,0,0.0,
3407,Rev4,4,W118,AE-3200,CH-A,EDG-07,Edge,0.84,196.4,2142.6,2164.42,2182.87,3291.5,True,True,False,True,1,4.16,
3408,Rev4,4,W118,AE-3200,CH-A,EDG-08,Edge,0.84,229.1,2180.95,2144.27,2249.38,3482.6,True,True,False,True,0,0.0,
3409,Rev4,4,W118,AE-3200,CH-A,EDG-09,Edge,0.84,261.8,2127.02,2178.07,2159.38,3287.7,True,True,True,True,0,0.0,
3410,Rev4,4,W118,AE-3200,CH-A,EDG-10,Edge,0.84,294.5,2182.84,2101.17,2231.5,3445.2,True,True,False,True,3,11.58,
3411,Rev4,4,W118,AE-3200,CH-A,EDG-11,Edge,0.84,327.3,2139.95,2145.48,2179.89,3528.8,True,True,False,False,0,0.0,
3412,Rev4,4,W118,AE-3200,CH-A,EXT-01,Extreme Edge,0.96,16.4,2163.62,2172.29,2095.29,3613.4,True,True,True,False,1,3.35,
3413,Rev4,4,W118,AE-3200,CH-A,EXT-02,Extreme Edge,0.96,49.1,2148.16,2170.71,2165.26,3152.1,True,True,True,True,0,0.0,
3414,Rev4,4,W118,AE-3200,CH-A,EXT-03,Extreme Edge,0.96,81.8,2194.63,2186.47,2183.54,3349.6,True,True,False,True,1,2.51,polymer_residue
3415,Rev4,4,W118,AE-3200,CH-A,EXT-04,Extreme Edge,0.96,114.5,2194.19,2153.65,2223.06,3354.1,True,True,False,True,0,0.0,
3416,Rev4,4,W118,AE-3200,CH-A,EXT-05,Extreme Edge,0.96,147.3,2135.24,2176.52,2256.28,3588.9,True,True,False,False,1,2.05,
3417,Rev4,4,W118,AE-3200,CH-A,EXT-06,Extreme Edge,0.96,180.0,2205.42,2143.25,2128.86,3638.8,True,True,True,False,1,3.13,
3418,Rev4,4,W118,AE-3200,CH-A,EXT-07,Extreme Edge,0.96,212.7,2209.65,2137.14,2174.16,3384.2,True,True,False,True,1,2.87,
3419,Rev4,4,W118,AE-3200,CH-A,EXT-08,Extreme Edge,0.96,245.5,2242.8,2159.98,2291.99,3136.8,False,True,False,True,0,0.0,
3420,Rev4,4,W118,AE-3200,CH-A,EXT-09,Extreme Edge,0.96,278.2,2205.23,2148.03,2257.73,3479.8,True,True,False,True,0,0.0,
3421,Rev4,4,W118,AE-3200,CH-A,EXT-10,Extreme Edge,0.96,310.9,2166.01,2121.41,2081.68,3541.6,True,True,True,False,0,0.0,
3422,Rev4,4,W118,AE-3200,CH-A,EXT-11,Extreme Edge,0.96,343.6,2224.22,2104.5,2195.93,3440.0,True,True,False,True,1,4.56,
3423,Rev5,5,W119,AE-3200,CH-B,C1,Center,0.0,0.0,2090.47,2074.68,1983.6,3352.2,True,True,True,True,0,0.0,
3424,Rev5,5,W119,AE-3200,CH-B,MID-01,Mid,0.52,30.0,2148.55,2081.39,2121.49,3521.4,True,True,True,False,1,4.44,endpoint_late
3425,Rev5,5,W119,AE-3200,CH-B,MID-02,Mid,0.52,90.0,2148.62,2139.74,2092.13,3242.2,True,True,True,True,0,0.0,
3426,Rev5,5,W119,AE-3200,CH-B,MID-03,Mid,0.52,150.0,2138.35,2059.86,2074.22,3408.5,True,True,True,True,0,0.0,
3427,Rev5,5,W119,AE-3200,CH-B,MID-04,Mid,0.52,210.0,2144.55,2098.44,2005.84,3521.0,True,True,True,False,0,0.0,
3428,Rev5,5,W119,AE-3200,CH-B,MID-05,Mid,0.52,270.0,2166.84,2091.13,2125.46,3422.8,True,True,True,True,0,0.0,
3429,Rev5,5,W119,AE-3200,CH-B,MID-06,Mid,0.52,330.0,2175.99,2144.75,2066.58,3248.8,True,True,True,True,0,0.0,
3430,Rev5,5,W119,AE-3200,CH-B,EDG-01,Edge,0.84,0.0,2241.21,2168.86,2112.93,3158.2,False,True,True,True,1,1.94,pressure_spike
3431,Rev5,5,W119,AE-3200,CH-B,EDG-02,Edge,0.84,32.7,2219.25,2167.21,2131.88,3326.8,True,True,True,True,0,0.0,
3432,Rev5,5,W119,AE-3200,CH-B,EDG-03,Edge,0.84,65.5,2201.7,2082.58,2089.33,3521.4,True,True,True,False,1,3.77,
3433,Rev5,5,W119,AE-3200,CH-B,EDG-04,Edge,0.84,98.2,2146.65,2154.57,1924.81,3357.1,True,True,True,True,0,0.0,
3434,Rev5,5,W119,AE-3200,CH-B,EDG-05,Edge,0.84,130.9,2215.75,2192.36,2227.2,3552.9,True,True,False,False,1,2.51,polymer_residue
3435,Rev5,5,W119,AE-3200,CH-B,EDG-06,Edge,0.84,163.6,2174.27,2153.67,2121.38,3436.1,True,True,True,True,0,0.0,
3436,Rev5,5,W119,AE-3200,CH-B,EDG-07,Edge,0.84,196.4,2178.19,2098.83,2152.16,3392.5,True,True,True,True,0,0.0,
3437,Rev5,5,W119,AE-3200,CH-B,EDG-08,Edge,0.84,229.1,2177.64,2140.41,2084.83,3366.3,True,True,True,True,0,0.0,
3438,Rev5,5,W119,AE-3200,CH-B,EDG-09,Edge,0.84,261.8,2160.14,2161.37,2087.66,3599.7,True,True,True,False,0,0.0,
3439,Rev5,5,W119,AE-3200,CH-B,EDG-10,Edge,0.84,294.5,2196.28,2142.66,2170.62,3438.0,True,True,False,True,1,5.88,
3440,Rev5,5,W119,AE-3200,CH-B,EDG-11,Edge,0.84,327.3,2160.97,2075.25,1989.97,3492.0,True,True,True,True,1,4.16,pressure_spike
3441,Rev5,5,W119,AE-3200,CH-B,EXT-01,Extreme Edge,0.96,16.4,2203.24,2165.1,2139.06,3416.1,True,True,True,True,0,0.0,
3442,Rev5,5,W119,AE-3200,CH-B,EXT-02,Extreme Edge,0.96,49.1,2234.2,2119.77,2081.07,3152.9,False,True,True,True,1,5.32,
3443,Rev5,5,W119,AE-3200,CH-B,EXT-03,Extreme Edge,0.96,81.8,2189.09,2170.09,2144.23,3313.8,True,True,True,True,1,2.73,esc_temp_drift
3444,Rev5,5,W119,AE-3200,CH-B,EXT-04,Extreme Edge,0.96,114.5,2233.21,2083.94,2078.24,3252.9,False,True,True,True,0,0.0,
3445,Rev5,5,W119,AE-3200,CH-B,EXT-05,Extreme Edge,0.96,147.3,2148.18,2150.62,1994.13,3063.7,True,True,True,True,1,4.16,polymer_residue
3446,Rev5,5,W119,AE-3200,CH-B,EXT-06,Extreme Edge,0.96,180.0,2219.61,2126.74,2116.78,3381.8,True,True,True,True,1,3.97,
3447,Rev5,5,W119,AE-3200,CH-B,EXT-07,Extreme Edge,0.96,212.7,2191.93,2137.1,2083.47,3465.4,True,True,True,True,1,3.7,
3448,Rev5,5,W119,AE-3200,CH-B,EXT-08,Extreme Edge,0.96,245.5,2224.91,2190.89,2119.48,3061.2,True,True,True,True,0,0.0,
3449,Rev5,5,W119,AE-3200,CH-B,EXT-09,Extreme Edge,0.96,278.2,2167.0,2096.52,2094.09,3294.8,True,True,True,True,1,6.15,pressure_spike
3450,Rev5,5,W119,AE-3200,CH-B,EXT-10,Extreme Edge,0.96,310.9,2184.12,2127.14,2081.21,3411.9,True,True,True,True,1,4.96,
3451,Rev5,5,W119,AE-3200,CH-B,EXT-11,Extreme Edge,0.96,343.6,2182.26,2084.66,2066.21,3290.1,True,True,True,True,0,0.0,
3452,Rev7,7,W120,PX-7500,CH-D,C1,Center,0.0,0.0,2114.8,1999.11,2063.51,3162.3,True,False,True,True,0,0.0,
3453,Rev7,7,W120,PX-7500,CH-D,MID-01,Mid,0.52,30.0,2182.88,2115.89,2012.02,3156.0,True,True,True,True,0,0.0,
3454,Rev7,7,W120,PX-7500,CH-D,MID-02,Mid,0.52,90.0,2143.4,2068.0,1974.15,3199.3,True,True,True,True,1,5.79,
3455,Rev7,7,W120,PX-7500,CH-D,MID-03,Mid,0.52,150.0,2170.28,1994.67,1974.78,3151.2,True,False,True,True,0,0.0,
3456,Rev7,7,W120,PX-7500,CH-D,MID-04,Mid,0.52,210.0,2113.93,1995.95,2093.72,3131.5,True,False,True,True,0,0.0,
3457,Rev7,7,W120,PX-7500,CH-D,MID-05,Mid,0.52,270.0,2183.78,2023.68,2107.97,3109.7,True,True,True,True,0,0.0,
3458,Rev7,7,W120,PX-7500,CH-D,MID-06,Mid,0.52,330.0,2166.77,2092.41,2085.61,3316.7,True,True,True,True,1,2.54,
3459,Rev7,7,W120,PX-7500,CH-D,EDG-01,Edge,0.84,0.0,2200.61,2081.55,2145.53,3356.6,True,True,True,True,0,0.0,
3460,Rev7,7,W120,PX-7500,CH-D,EDG-02,Edge,0.84,32.7,2169.75,2116.06,2134.97,3148.3,True,True,True,True,0,0.0,
3461,Rev7,7,W120,PX-7500,CH-D,EDG-03,Edge,0.84,65.5,2128.89,2064.84,2158.97,3245.0,True,True,True,True,0,0.0,
3462,Rev7,7,W120,PX-7500,CH-D,EDG-04,Edge,0.84,98.2,2152.89,2137.36,2231.57,3145.1,True,True,False,True,1,2.48,
3463,Rev7,7,W120,PX-7500,CH-D,EDG-05,Edge,0.84,130.9,2149.14,2059.1,2041.04,3094.8,True,True,True,True,2,10.59,polymer_residue
3464,Rev7,7,W120,PX-7500,CH-D,EDG-06,Edge,0.84,163.6,2144.93,2139.56,2121.61,3187.4,True,True,True,True,1,5.9,polymer_residue
3465,Rev7,7,W120,PX-7500,CH-D,EDG-07,Edge,0.84,196.4,2205.29,2077.02,2010.87,3032.4,True,True,True,True,0,0.0,
3466,Rev7,7,W120,PX-7500,CH-D,EDG-08,Edge,0.84,229.1,2189.05,2071.72,2093.22,3094.1,True,True,True,True,0,0.0,
3467,Rev7,7,W120,PX-7500,CH-D,EDG-09,Edge,0.84,261.8,2180.66,2052.03,1989.54,3271.8,True,True,True,True,0,0.0,
3468,Rev7,7,W120,PX-7500,CH-D,EDG-10,Edge,0.84,294.5,2215.63,2132.23,2004.22,3356.1,True,True,True,True,1,4.3,
3469,Rev7,7,W120,PX-7500,CH-D,EDG-11,Edge,0.84,327.3,2130.65,2049.46,2145.68,3009.9,True,True,True,True,0,0.0,
3470,Rev7,7,W120,PX-7500,CH-D,EXT-01,Extreme Edge,0.96,16.4,2218.36,2132.12,2101.41,3250.5,True,True,True,True,0,0.0,
3471,Rev7,7,W120,PX-7500,CH-D,EXT-02,Extreme Edge,0.96,49.1,2183.21,2110.19,2148.74,3246.2,True,True,True,True,0,0.0,
3472,Rev7,7,W120,PX-7500,CH-D,EXT-03,Extreme Edge,0.96,81.8,2201.66,2048.95,2082.57,3383.6,True,True,True,True,1,3.39,
3473,Rev7,7,W120,PX-7500,CH-D,EXT-04,Extreme Edge,0.96,114.5,2168.08,2105.68,2060.31,3325.4,True,True,True,True,2,7.39,
3474,Rev7,7,W120,PX-7500,CH-D,EXT-05,Extreme Edge,0.96,147.3,2214.45,2144.91,2135.84,3295.5,True,True,True,True,1,3.48,
3475,Rev7,7,W120,PX-7500,CH-D,EXT-06,Extreme Edge,0.96,180.0,2230.94,2085.09,2081.98,3031.2,False,True,True,True,0,0.0,
3476,Rev7,7,W120,PX-7500,CH-D,EXT-07,Extreme Edge,0.96,212.7,2150.94,2056.04,2128.15,3224.0,True,True,True,True,0,0.0,
3477,Rev7,7,W120,PX-7500,CH-D,EXT-08,Extreme Edge,0.96,245.5,2157.59,2134.36,2153.41,3143.8,True,True,True,True,0,0.0,
3478,Rev7,7,W120,PX-7500,CH-D,EXT-09,Extreme Edge,0.96,278.2,2144.49,2094.95,2154.66,3428.3,True,True,True,True,0,0.0,
3479,Rev7,7,W120,PX-7500,CH-D,EXT-10,Extreme Edge,0.96,310.9,2182.43,2123.28,2178.09,3356.1,True,True,False,True,1,4.09,polymer_residue
3480,Rev7,7,W120,PX-7500,CH-D,EXT-11,Extreme Edge,0.96,343.6,2151.97,2118.08,2091.34,3149.7,True,True,True,True,0,0.0,
3481,Rev4,4,W121,AE-3200,CH-A,C1,Center,0.0,0.0,2150.33,2061.81,1968.69,3282.4,True,True,True,True,0,0.0,
3482,Rev4,4,W121,AE-3200,CH-A,MID-01,Mid,0.52,30.0,2184.11,2107.04,2088.94,3525.3,True,True,True,False,0,0.0,
3483,Rev4,4,W121,AE-3200,CH-A,MID-02,Mid,0.52,90.0,2199.15,2092.89,1908.35,3445.4,True,True,True,True,0,0.0,
3484,Rev4,4,W121,AE-3200,CH-A,MID-03,Mid,0.52,150.0,2113.28,2088.28,2080.26,3549.4,True,True,True,False,0,0.0,
3485,Rev4,4,W121,AE-3200,CH-A,MID-04,Mid,0.52,210.0,2162.11,2140.88,2033.43,3509.7,True,True,True,False,1,3.28,arc_event
3486,Rev4,4,W121,AE-3200,CH-A,MID-05,Mid,0.52,270.0,2118.62,2076.17,2098.43,3535.2,True,True,True,False,0,0.0,
3487,Rev4,4,W121,AE-3200,CH-A,MID-06,Mid,0.52,330.0,2161.87,2094.04,1985.52,3286.0,True,True,True,True,0,0.0,
3488,Rev4,4,W121,AE-3200,CH-A,EDG-01,Edge,0.84,0.0,2210.15,2080.97,2145.54,3187.6,True,True,True,True,0,0.0,
3489,Rev4,4,W121,AE-3200,CH-A,EDG-02,Edge,0.84,32.7,2171.47,2063.92,2003.65,3482.6,True,True,True,True,0,0.0,
3490,Rev4,4,W121,AE-3200,CH-A,EDG-03,Edge,0.84,65.5,2230.97,2128.92,2067.99,3480.6,False,True,True,True,1,5.01,arc_event
3491,Rev4,4,W121,AE-3200,CH-A,EDG-04,Edge,0.84,98.2,2191.53,2076.78,1961.25,3372.8,True,True,True,True,0,0.0,
3492,Rev4,4,W121,AE-3200,CH-A,EDG-05,Edge,0.84,130.9,2173.9,2102.68,2029.95,3566.7,True,True,True,False,0,0.0,
3493,Rev4,4,W121,AE-3200,CH-A,EDG-06,Edge,0.84,163.6,2200.14,2130.79,2119.54,3401.1,True,True,True,True,1,3.02,polymer_residue
3494,Rev4,4,W121,AE-3200,CH-A,EDG-07,Edge,0.84,196.4,2181.84,2031.3,2053.97,3330.7,True,True,True,True,0,0.0,
3495,Rev4,4,W121,AE-3200,CH-A,EDG-08,Edge,0.84,229.1,2224.43,2114.84,2112.14,3496.5,True,True,True,True,0,0.0,
3496,Rev4,4,W121,AE-3200,CH-A,EDG-09,Edge,0.84,261.8,2166.04,2104.72,2062.24,3259.9,True,True,True,True,0,0.0,
3497,Rev4,4,W121,AE-3200,CH-A,EDG-10,Edge,0.84,294.5,2174.27,2095.03,2031.22,3231.3,True,True,True,True,1,2.48,esc_temp_drift
3498,Rev4,4,W121,AE-3200,CH-A,EDG-11,Edge,0.84,327.3,2168.76,2121.75,2147.85,3044.4,True,True,True,True,0,0.0,
3499,Rev4,4,W121,AE-3200,CH-A,EXT-01,Extreme Edge,0.96,16.4,2219.93,2027.8,2061.74,3557.8,True,True,True,False,2,11.65,pressure_spike
3500,Rev4,4,W121,AE-3200,CH-A,EXT-02,Extreme Edge,0.96,49.1,2147.04,2094.07,2061.04,3730.4,True,True,True,False,0,0.0,
3501,Rev4,4,W121,AE-3200,CH-A,EXT-03,Extreme Edge,0.96,81.8,2223.16,2062.45,2066.41,3379.0,True,True,True,True,0,0.0,
3502,Rev4,4,W121,AE-3200,CH-A,EXT-04,Extreme Edge,0.96,114.5,2177.2,2086.21,2140.99,3346.2,True,True,True,True,0,0.0,
3503,Rev4,4,W121,AE-3200,CH-A,EXT-05,Extreme Edge,0.96,147.3,2191.23,2100.5,2068.94,3306.7,True,True,True,True,1,5.81,
3504,Rev4,4,W121,AE-3200,CH-A,EXT-06,Extreme Edge,0.96,180.0,2170.0,2108.17,2061.71,3344.7,True,True,True,True,0,0.0,
3505,Rev4,4,W121,AE-3200,CH-A,EXT-07,Extreme Edge,0.96,212.7,2231.82,2103.17,2154.7,3532.8,False,True,True,False,0,0.0,
3506,Rev4,4,W121,AE-3200,CH-A,EXT-08,Extreme Edge,0.96,245.5,2240.99,2065.22,2013.63,3419.2,False,True,True,True,3,14.55,endpoint_late
3507,Rev4,4,W121,AE-3200,CH-A,EXT-09,Extreme Edge,0.96,278.2,2196.96,2138.28,2082.69,3338.6,True,True,True,True,0,0.0,
3508,Rev4,4,W121,AE-3200,CH-A,EXT-10,Extreme Edge,0.96,310.9,2174.32,2087.19,2025.9,3439.4,True,True,True,True,1,3.44,arc_event
3509,Rev4,4,W121,AE-3200,CH-A,EXT-11,Extreme Edge,0.96,343.6,2229.07,2082.53,2072.67,3338.9,False,True,True,True,1,3.84,polymer_residue
3510,Rev3,3,W122,PX-7500,CH-D,C1,Center,0.0,0.0,2086.9,2037.94,2039.1,3135.6,True,True,True,True,0,0.0,
3511,Rev3,3,W122,PX-7500,CH-D,MID-01,Mid,0.52,30.0,2140.97,2097.12,2017.89,3094.9,True,True,True,True,0,0.0,
3512,Rev3,3,W122,PX-7500,CH-D,MID-02,Mid,0.52,90.0,2159.73,2065.55,2078.32,3015.7,True,True,True,True,0,0.0,
3513,Rev3,3,W122,PX-7500,CH-D,MID-03,Mid,0.52,150.0,2161.09,2137.16,2193.45,3098.1,True,True,False,True,0,0.0,
3514,Rev3,3,W122,PX-7500,CH-D,MID-04,Mid,0.52,210.0,2142.9,2072.67,1972.55,3233.5,True,True,True,True,1,4.88,endpoint_late
3515,Rev3,3,W122,PX-7500,CH-D,MID-05,Mid,0.52,270.0,2225.58,2081.07,2054.27,3349.3,False,True,True,True,0,0.0,
3516,Rev3,3,W122,PX-7500,CH-D,MID-06,Mid,0.52,330.0,2159.32,2115.71,2001.23,3390.8,True,True,True,True,0,0.0,
3517,Rev3,3,W122,PX-7500,CH-D,EDG-01,Edge,0.84,0.0,2152.26,2150.65,2071.17,3316.5,True,True,True,True,1,2.1,
3518,Rev3,3,W122,PX-7500,CH-D,EDG-02,Edge,0.84,32.7,2170.64,2084.04,2154.68,3360.6,True,True,True,True,0,0.0,
3519,Rev3,3,W122,PX-7500,CH-D,EDG-03,Edge,0.84,65.5,2174.18,2087.53,2093.86,3030.7,True,True,True,True,0,0.0,
3520,Rev3,3,W122,PX-7500,CH-D,EDG-04,Edge,0.84,98.2,2198.38,2154.77,2172.95,3102.9,True,True,False,True,2,6.6,
3521,Rev3,3,W122,PX-7500,CH-D,EDG-05,Edge,0.84,130.9,2184.67,2129.4,2115.6,3291.0,True,True,True,True,0,0.0,
3522,Rev3,3,W122,PX-7500,CH-D,EDG-06,Edge,0.84,163.6,2200.02,2072.13,1951.56,3325.0,True,True,True,True,0,0.0,
3523,Rev3,3,W122,PX-7500,CH-D,EDG-07,Edge,0.84,196.4,2136.88,2132.07,2179.79,3315.4,True,True,False,True,1,4.45,
3524,Rev3,3,W122,PX-7500,CH-D,EDG-08,Edge,0.84,229.1,2208.59,2052.94,2056.62,3528.7,True,True,True,False,0,0.0,
3525,Rev3,3,W122,PX-7500,CH-D,EDG-09,Edge,0.84,261.8,2184.38,2100.24,1978.69,3145.8,True,True,True,True,1,4.38,pressure_spike
3526,Rev3,3,W122,PX-7500,CH-D,EDG-10,Edge,0.84,294.5,2170.47,2090.71,2107.59,2995.8,True,True,True,False,1,5.91,pressure_spike
3527,Rev3,3,W122,PX-7500,CH-D,EDG-11,Edge,0.84,327.3,2197.05,2087.54,2117.76,3227.2,True,True,True,True,1,3.69,
3528,Rev3,3,W122,PX-7500,CH-D,EXT-01,Extreme Edge,0.96,16.4,2173.3,2072.95,2127.63,3517.8,True,True,True,False,0,0.0,
3529,Rev3,3,W122,PX-7500,CH-D,EXT-02,Extreme Edge,0.96,49.1,2193.4,2102.33,2062.2,3254.0,True,True,True,True,0,0.0,
3530,Rev3,3,W122,PX-7500,CH-D,EXT-03,Extreme Edge,0.96,81.8,2192.36,2116.15,2028.86,3255.9,True,True,True,True,1,6.19,polymer_residue
3531,Rev3,3,W122,PX-7500,CH-D,EXT-04,Extreme Edge,0.96,114.5,2187.66,2122.68,2066.49,3406.0,True,True,True,True,1,5.59,
3532,Rev3,3,W122,PX-7500,CH-D,EXT-05,Extreme Edge,0.96,147.3,2185.86,2088.52,2103.89,3439.5,True,True,True,True,0,0.0,
3533,Rev3,3,W122,PX-7500,CH-D,EXT-06,Extreme Edge,0.96,180.0,2222.54,2167.15,1981.41,3204.3,True,True,True,True,0,0.0,
3534,Rev3,3,W122,PX-7500,CH-D,EXT-07,Extreme Edge,0.96,212.7,2176.44,2147.79,2109.35,3367.1,True,True,True,True,0,0.0,
3535,Rev3,3,W122,PX-7500,CH-D,EXT-08,Extreme Edge,0.96,245.5,2234.09,2107.13,2101.49,3493.7,False,True,True,True,0,0.0,
3536,Rev3,3,W122,PX-7500,CH-D,EXT-09,Extreme Edge,0.96,278.2,2196.12,2103.33,2117.34,3237.9,True,True,True,True,0,0.0,
3537,Rev3,3,W122,PX-7500,CH-D,EXT-10,Extreme Edge,0.96,310.9,2148.16,2129.13,1966.32,3309.6,True,True,True,True,0,0.0,
3538,Rev3,3,W122,PX-7500,CH-D,EXT-11,Extreme Edge,0.96,343.6,2221.52,2087.98,2097.66,3192.6,True,True,True,True,1,3.09,endpoint_late
3539,Rev9,9,W123,AE-3200,CH-B,C1,Center,0.0,0.0,2151.99,2156.39,1932.18,3183.2,True,True,True,True,0,0.0,
3540,Rev9,9,W123,AE-3200,CH-B,MID-01,Mid,0.52,30.0,2185.66,2125.13,2140.71,3256.8,True,True,True,True,0,0.0,
3541,Rev9,9,W123,AE-3200,CH-B,MID-02,Mid,0.52,90.0,2114.95,2156.47,2092.59,3359.6,True,True,True,True,0,0.0,
3542,Rev9,9,W123,AE-3200,CH-B,MID-03,Mid,0.52,150.0,2204.05,2125.03,1994.66,3336.6,True,True,True,True,0,0.0,
3543,Rev9,9,W123,AE-3200,CH-B,MID-04,Mid,0.52,210.0,2135.49,2182.89,2049.77,3253.0,True,True,True,True,0,0.0,
3544,Rev9,9,W123,AE-3200,CH-B,MID-05,Mid,0.52,270.0,2125.76,2221.45,2029.64,3121.3,True,False,True,True,0,0.0,
3545,Rev9,9,W123,AE-3200,CH-B,MID-06,Mid,0.52,330.0,2145.37,2149.29,2117.64,3348.8,True,True,True,True,1,1.98,endpoint_late
3546,Rev9,9,W123,AE-3200,CH-B,EDG-01,Edge,0.84,0.0,2221.02,2110.58,2070.09,3406.6,True,True,True,True,0,0.0,
3547,Rev9,9,W123,AE-3200,CH-B,EDG-02,Edge,0.84,32.7,2191.7,2140.54,2097.16,2997.1,True,True,True,False,0,0.0,
3548,Rev9,9,W123,AE-3200,CH-B,EDG-03,Edge,0.84,65.5,2183.27,2210.65,2198.71,3117.7,True,False,False,True,1,1.91,
3549,Rev9,9,W123,AE-3200,CH-B,EDG-04,Edge,0.84,98.2,2195.53,2146.31,2162.72,3124.8,True,True,True,True,0,0.0,
3550,Rev9,9,W123,AE-3200,CH-B,EDG-05,Edge,0.84,130.9,2195.09,2211.63,1982.28,3343.2,True,False,True,True,0,0.0,
3551,Rev9,9,W123,AE-3200,CH-B,EDG-06,Edge,0.84,163.6,2198.47,2160.51,2035.2,3459.8,True,True,True,True,0,0.0,
3552,Rev9,9,W123,AE-3200,CH-B,EDG-07,Edge,0.84,196.4,2203.69,2165.44,2139.44,3134.8,True,True,True,True,0,0.0,
3553,Rev9,9,W123,AE-3200,CH-B,EDG-08,Edge,0.84,229.1,2178.42,2122.18,1983.19,3157.9,True,True,True,True,0,0.0,
3554,Rev9,9,W123,AE-3200,CH-B,EDG-09,Edge,0.84,261.8,2214.86,2173.46,2237.73,3225.5,True,True,False,True,0,0.0,
3555,Rev9,9,W123,AE-3200,CH-B,EDG-10,Edge,0.84,294.5,2254.31,2157.96,2148.2,3536.7,False,True,True,False,2,6.38,arc_event
3556,Rev9,9,W123,AE-3200,CH-B,EDG-11,Edge,0.84,327.3,2167.79,2196.09,2030.74,3081.9,True,False,True,True,1,5.73,
3557,Rev9,9,W123,AE-3200,CH-B,EXT-01,Extreme Edge,0.96,16.4,2168.95,2180.37,2178.8,3261.1,True,True,False,True,0,0.0,
3558,Rev9,9,W123,AE-3200,CH-B,EXT-02,Extreme Edge,0.96,49.1,2216.77,2170.74,2145.96,3301.1,True,True,True,True,0,0.0,
3559,Rev9,9,W123,AE-3200,CH-B,EXT-03,Extreme Edge,0.96,81.8,2228.07,2149.33,1958.33,3601.8,False,True,True,False,0,0.0,
3560,Rev9,9,W123,AE-3200,CH-B,EXT-04,Extreme Edge,0.96,114.5,2195.55,2126.55,2156.08,3280.9,True,True,True,True,1,4.09,
3561,Rev9,9,W123,AE-3200,CH-B,EXT-05,Extreme Edge,0.96,147.3,2254.58,2214.3,1964.26,3198.0,False,False,True,True,0,0.0,
3562,Rev9,9,W123,AE-3200,CH-B,EXT-06,Extreme Edge,0.96,180.0,2228.54,2153.17,2050.97,3257.5,False,True,True,True,1,1.86,polymer_residue
3563,Rev9,9,W123,AE-3200,CH-B,EXT-07,Extreme Edge,0.96,212.7,2185.32,2159.33,2146.93,3103.7,True,True,True,True,0,0.0,
3564,Rev9,9,W123,AE-3200,CH-B,EXT-08,Extreme Edge,0.96,245.5,2187.11,2187.31,2176.64,3323.3,True,True,False,True,0,0.0,
3565,Rev9,9,W123,AE-3200,CH-B,EXT-09,Extreme Edge,0.96,278.2,2170.94,2203.38,2172.79,3399.0,True,False,False,True,2,7.68,polymer_residue
3566,Rev9,9,W123,AE-3200,CH-B,EXT-10,Extreme Edge,0.96,310.9,2196.44,2170.0,2107.84,3451.3,True,True,True,True,1,1.97,endpoint_late
3567,Rev9,9,W123,AE-3200,CH-B,EXT-11,Extreme Edge,0.96,343.6,2252.13,2187.17,1962.39,3190.3,False,True,True,True,1,5.88,
3568,Rev6,6,W124,PX-7500,CH-C,C1,Center,0.0,0.0,2168.63,2127.86,2154.57,3335.1,True,True,True,True,0,0.0,
3569,Rev6,6,W124,PX-7500,CH-C,MID-01,Mid,0.52,30.0,2133.05,2144.93,2059.03,3658.7,True,True,True,False,0,0.0,
3570,Rev6,6,W124,PX-7500,CH-C,MID-02,Mid,0.52,90.0,2133.26,2138.88,2110.77,3470.4,True,True,True,True,3,18.17,
3571,Rev6,6,W124,PX-7500,CH-C,MID-03,Mid,0.52,150.0,2209.01,2087.57,2018.56,3504.3,True,True,True,False,1,6.34,polymer_residue
3572,Rev6,6,W124,PX-7500,CH-C,MID-04,Mid,0.52,210.0,2185.68,2105.53,2156.74,3579.5,True,True,True,False,0,0.0,
3573,Rev6,6,W124,PX-7500,CH-C,MID-05,Mid,0.52,270.0,2166.71,2107.58,2068.84,3288.6,True,True,True,True,0,0.0,
3574,Rev6,6,W124,PX-7500,CH-C,MID-06,Mid,0.52,330.0,2162.34,2084.43,2194.49,3365.4,True,True,False,True,0,0.0,
3575,Rev6,6,W124,PX-7500,CH-C,EDG-01,Edge,0.84,0.0,2174.23,2137.33,2041.92,3452.5,True,True,True,True,0,0.0,
3576,Rev6,6,W124,PX-7500,CH-C,EDG-02,Edge,0.84,32.7,2184.82,2151.79,2214.86,3336.0,True,True,False,True,0,0.0,
3577,Rev6,6,W124,PX-7500,CH-C,EDG-03,Edge,0.84,65.5,2231.01,2119.81,2124.74,3317.8,False,True,True,True,0,0.0,
3578,Rev6,6,W124,PX-7500,CH-C,EDG-04,Edge,0.84,98.2,2213.18,2130.03,2176.69,3353.1,True,True,False,True,0,0.0,
3579,Rev6,6,W124,PX-7500,CH-C,EDG-05,Edge,0.84,130.9,2186.01,2140.37,2086.89,3494.0,True,True,True,True,0,0.0,
3580,Rev6,6,W124,PX-7500,CH-C,EDG-06,Edge,0.84,163.6,2218.71,2148.11,2137.88,3343.1,True,True,True,True,0,0.0,
3581,Rev6,6,W124,PX-7500,CH-C,EDG-07,Edge,0.84,196.4,2164.84,2185.96,2111.02,3483.1,True,True,True,True,0,0.0,
3582,Rev6,6,W124,PX-7500,CH-C,EDG-08,Edge,0.84,229.1,2180.43,2175.65,2037.93,3220.8,True,True,True,True,0,0.0,
3583,Rev6,6,W124,PX-7500,CH-C,EDG-09,Edge,0.84,261.8,2253.1,2092.79,2096.78,3460.7,False,True,True,True,1,6.45,
3584,Rev6,6,W124,PX-7500,CH-C,EDG-10,Edge,0.84,294.5,2205.04,2103.9,2193.98,3300.7,True,True,False,True,0,0.0,
3585,Rev6,6,W124,PX-7500,CH-C,EDG-11,Edge,0.84,327.3,2196.44,2132.85,2129.25,3537.1,True,True,True,False,1,4.74,polymer_residue
3586,Rev6,6,W124,PX-7500,CH-C,EXT-01,Extreme Edge,0.96,16.4,2223.29,2166.18,2159.86,3405.2,True,True,True,True,0,0.0,
3587,Rev6,6,W124,PX-7500,CH-C,EXT-02,Extreme Edge,0.96,49.1,2211.76,2140.13,2126.44,3480.4,True,True,True,True,1,4.52,
3588,Rev6,6,W124,PX-7500,CH-C,EXT-03,Extreme Edge,0.96,81.8,2233.68,2154.66,2171.28,3715.7,False,True,False,False,2,10.91,pressure_spike
3589,Rev6,6,W124,PX-7500,CH-C,EXT-04,Extreme Edge,0.96,114.5,2206.68,2182.42,2160.01,3555.5,True,True,True,False,0,0.0,
3590,Rev6,6,W124,PX-7500,CH-C,EXT-05,Extreme Edge,0.96,147.3,2148.43,2159.53,2192.89,3200.5,True,True,False,True,1,2.53,
3591,Rev6,6,W124,PX-7500,CH-C,EXT-06,Extreme Edge,0.96,180.0,2201.89,2181.91,2050.81,3491.3,True,True,True,True,2,10.14,
3592,Rev6,6,W124,PX-7500,CH-C,EXT-07,Extreme Edge,0.96,212.7,2227.94,2149.65,2208.44,3552.7,False,True,False,False,1,6.12,
3593,Rev6,6,W124,PX-7500,CH-C,EXT-08,Extreme Edge,0.96,245.5,2201.21,2150.23,2251.19,3615.0,True,True,False,False,2,8.7,endpoint_late
3594,Rev6,6,W124,PX-7500,CH-C,EXT-09,Extreme Edge,0.96,278.2,2195.09,2082.05,2182.71,3513.5,True,True,False,False,1,6.38,
3595,Rev6,6,W124,PX-7500,CH-C,EXT-10,Extreme Edge,0.96,310.9,2186.6,2123.42,2117.53,3435.5,True,True,True,True,0,0.0,
3596,Rev6,6,W124,PX-7500,CH-C,EXT-11,Extreme Edge,0.96,343.6,2176.71,2155.19,2227.46,3557.8,True,True,False,False,0,0.0,
3597,Rev2,2,W125,PX-7500,CH-C,C1,Center,0.0,0.0,2168.69,2141.74,2007.2,3301.9,True,True,True,True,0,0.0,
3598,Rev2,2,W125,PX-7500,CH-C,MID-01,Mid,0.52,30.0,2194.43,2131.94,2083.79,3203.2,True,True,True,True,0,0.0,
3599,Rev2,2,W125,PX-7500,CH-C,MID-02,Mid,0.52,90.0,2174.82,2102.31,2143.99,3293.4,True,True,True,True,0,0.0,
3600,Rev2,2,W125,PX-7500,CH-C,MID-03,Mid,0.52,150.0,2143.24,2137.5,2109.45,3316.3,True,True,True,True,0,0.0,
3601,Rev2,2,W125,PX-7500,CH-C,MID-04,Mid,0.52,210.0,2138.92,2046.21,2101.22,3488.2,True,True,True,True,0,0.0,
3602,Rev2,2,W125,PX-7500,CH-C,MID-05,Mid,0.52,270.0,2172.38,2156.86,2068.59,3308.7,True,True,True,True,0,0.0,
3603,Rev2,2,W125,PX-7500,CH-C,MID-06,Mid,0.52,330.0,2163.8,2160.11,2080.65,3432.7,True,True,True,True,0,0.0,
3604,Rev2,2,W125,PX-7500,CH-C,EDG-01,Edge,0.84,0.0,2159.22,2182.26,2110.03,3409.6,True,True,True,True,1,3.97,
3605,Rev2,2,W125,PX-7500,CH-C,EDG-02,Edge,0.84,32.7,2194.35,2125.24,2210.15,3389.5,True,True,False,True,0,0.0,
3606,Rev2,2,W125,PX-7500,CH-C,EDG-03,Edge,0.84,65.5,2149.9,2164.77,2137.95,3229.6,True,True,True,True,2,8.85,
3607,Rev2,2,W125,PX-7500,CH-C,EDG-04,Edge,0.84,98.2,2183.32,2172.39,2129.02,3397.5,True,True,True,True,0,0.0,
3608,Rev2,2,W125,PX-7500,CH-C,EDG-05,Edge,0.84,130.9,2190.8,2171.16,2130.06,3455.9,True,True,True,True,0,0.0,
3609,Rev2,2,W125,PX-7500,CH-C,EDG-06,Edge,0.84,163.6,2208.27,2196.44,2156.64,3170.6,True,False,True,True,0,0.0,
3610,Rev2,2,W125,PX-7500,CH-C,EDG-07,Edge,0.84,196.4,2180.67,2174.81,2051.84,3434.7,True,True,True,True,0,0.0,
3611,Rev2,2,W125,PX-7500,CH-C,EDG-08,Edge,0.84,229.1,2185.24,2093.28,2174.9,3319.4,True,True,False,True,0,0.0,
3612,Rev2,2,W125,PX-7500,CH-C,EDG-09,Edge,0.84,261.8,2232.09,2193.07,2241.52,3428.8,False,True,False,True,0,0.0,
3613,Rev2,2,W125,PX-7500,CH-C,EDG-10,Edge,0.84,294.5,2197.01,2181.42,2064.34,3446.7,True,True,True,True,1,3.34,
3614,Rev2,2,W125,PX-7500,CH-C,EDG-11,Edge,0.84,327.3,2198.15,2138.47,2162.4,3499.1,True,True,True,True,0,0.0,
3615,Rev2,2,W125,PX-7500,CH-C,EXT-01,Extreme Edge,0.96,16.4,2184.47,2132.97,2127.21,3164.5,True,True,True,True,2,6.48,polymer_residue
3616,Rev2,2,W125,PX-7500,CH-C,EXT-02,Extreme Edge,0.96,49.1,2254.91,2168.65,2132.93,3384.3,False,True,True,True,0,0.0,
3617,Rev2,2,W125,PX-7500,CH-C,EXT-03,Extreme Edge,0.96,81.8,2205.58,2145.96,2132.22,3389.0,True,True,True,True,2,10.53,polymer_residue
3618,Rev2,2,W125,PX-7500,CH-C,EXT-04,Extreme Edge,0.96,114.5,2188.21,2121.66,2164.17,3481.0,True,True,True,True,0,0.0,
3619,Rev2,2,W125,PX-7500,CH-C,EXT-05,Extreme Edge,0.96,147.3,2210.78,2229.1,2096.61,3672.7,True,False,True,False,2,4.04,
3620,Rev2,2,W125,PX-7500,CH-C,EXT-06,Extreme Edge,0.96,180.0,2190.15,2136.42,2163.5,3456.1,True,True,True,True,0,0.0,
3621,Rev2,2,W125,PX-7500,CH-C,EXT-07,Extreme Edge,0.96,212.7,2220.91,2169.32,2136.88,3276.7,True,True,True,True,2,4.07,pressure_spike
3622,Rev2,2,W125,PX-7500,CH-C,EXT-08,Extreme Edge,0.96,245.5,2230.16,2127.42,2180.59,3198.2,False,True,False,True,1,3.19,
3623,Rev2,2,W125,PX-7500,CH-C,EXT-09,Extreme Edge,0.96,278.2,2200.02,2132.42,2137.44,3378.1,True,True,True,True,2,12.95,
3624,Rev2,2,W125,PX-7500,CH-C,EXT-10,Extreme Edge,0.96,310.9,2209.79,2135.09,2152.73,3453.8,True,True,True,True,0,0.0,
3625,Rev2,2,W125,PX-7500,CH-C,EXT-11,Extreme Edge,0.96,343.6,2235.64,2138.92,2227.69,3224.2,False,True,False,True,1,6.36,polymer_residue
3626,Rev11,11,W126,PX-7500,CH-D,C1,Center,0.0,0.0,2227.07,2123.68,1934.94,2986.4,False,True,True,False,0,0.0,
3627,Rev11,11,W126,PX-7500,CH-D,MID-01,Mid,0.52,30.0,2200.72,2170.14,1924.47,3025.5,True,True,True,True,0,0.0,
3628,Rev11,11,W126,PX-7500,CH-D,MID-02,Mid,0.52,90.0,2263.23,2136.14,1914.95,3241.4,False,True,True,True,0,0.0,
3629,Rev11,11,W126,PX-7500,CH-D,MID-03,Mid,0.52,150.0,2224.61,2162.67,1927.16,3032.3,True,True,True,True,0,0.0,
3630,Rev11,11,W126,PX-7500,CH-D,MID-04,Mid,0.52,210.0,2246.04,2131.1,1958.18,3195.2,False,True,True,True,0,0.0,
3631,Rev11,11,W126,PX-7500,CH-D,MID-05,Mid,0.52,270.0,2220.26,2172.08,1870.56,3383.5,True,True,False,True,0,0.0,
3632,Rev11,11,W126,PX-7500,CH-D,MID-06,Mid,0.52,330.0,2233.98,2172.56,1871.64,3187.6,False,True,False,True,1,6.21,arc_event
3633,Rev11,11,W126,PX-7500,CH-D,EDG-01,Edge,0.84,0.0,2278.07,2156.31,2054.91,3070.6,False,True,True,True,0,0.0,
3634,Rev11,11,W126,PX-7500,CH-D,EDG-02,Edge,0.84,32.7,2295.08,2224.04,2046.8,3226.8,False,False,True,True,1,2.22,
3635,Rev11,11,W126,PX-7500,CH-D,EDG-03,Edge,0.84,65.5,2273.76,2166.14,2024.11,3268.1,False,True,True,True,1,3.4,
3636,Rev11,11,W126,PX-7500,CH-D,EDG-04,Edge,0.84,98.2,2255.89,2181.46,2004.69,3038.7,False,True,True,True,1,1.86,
3637,Rev11,11,W126,PX-7500,CH-D,EDG-05,Edge,0.84,130.9,2277.47,2199.53,2021.01,3139.8,False,False,True,True,0,0.0,
3638,Rev11,11,W126,PX-7500,CH-D,EDG-06,Edge,0.84,163.6,2231.48,2186.25,1977.36,3297.9,False,True,True,True,1,2.5,polymer_residue
3639,Rev11,11,W126,PX-7500,CH-D,EDG-07,Edge,0.84,196.4,2291.74,2231.75,1931.12,3157.1,False,False,True,True,1,1.99,polymer_residue
3640,Rev11,11,W126,PX-7500,CH-D,EDG-08,Edge,0.84,229.1,2230.91,2158.63,1844.4,3111.8,False,True,False,True,0,0.0,
3641,Rev11,11,W126,PX-7500,CH-D,EDG-09,Edge,0.84,261.8,2285.7,2134.96,1895.44,3084.5,False,True,False,True,1,5.96,
3642,Rev11,11,W126,PX-7500,CH-D,EDG-10,Edge,0.84,294.5,2263.29,2186.0,1966.34,3138.2,False,True,True,True,3,7.25,
3643,Rev11,11,W126,PX-7500,CH-D,EDG-11,Edge,0.84,327.3,2277.89,2220.26,1967.11,3426.9,False,False,True,True,1,5.59,pressure_spike
3644,Rev11,11,W126,PX-7500,CH-D,EXT-01,Extreme Edge,0.96,16.4,2307.81,2161.8,2026.71,3016.0,False,True,True,True,0,0.0,
3645,Rev11,11,W126,PX-7500,CH-D,EXT-02,Extreme Edge,0.96,49.1,2278.41,2220.07,1979.03,3282.9,False,False,True,True,0,0.0,
3646,Rev11,11,W126,PX-7500,CH-D,EXT-03,Extreme Edge,0.96,81.8,2279.42,2220.36,1904.3,3161.0,False,False,True,True,0,0.0,
3647,Rev11,11,W126,PX-7500,CH-D,EXT-04,Extreme Edge,0.96,114.5,2278.27,2209.62,1966.77,3354.4,False,False,True,True,4,22.98,
3648,Rev11,11,W126,PX-7500,CH-D,EXT-05,Extreme Edge,0.96,147.3,2313.53,2130.88,1973.16,3137.4,False,True,True,True,0,0.0,
3649,Rev11,11,W126,PX-7500,CH-D,EXT-06,Extreme Edge,0.96,180.0,2262.56,2129.05,1891.33,3489.0,False,True,False,True,2,9.69,esc_temp_drift
3650,Rev11,11,W126,PX-7500,CH-D,EXT-07,Extreme Edge,0.96,212.7,2266.54,2211.21,1989.04,3179.5,False,False,True,True,0,0.0,
3651,Rev11,11,W126,PX-7500,CH-D,EXT-08,Extreme Edge,0.96,245.5,2294.99,2203.78,1951.95,3197.8,False,False,True,True,1,2.68,polymer_residue
3652,Rev11,11,W126,PX-7500,CH-D,EXT-09,Extreme Edge,0.96,278.2,2263.39,2211.29,1965.67,3244.9,False,False,True,True,2,6.3,
3653,Rev11,11,W126,PX-7500,CH-D,EXT-10,Extreme Edge,0.96,310.9,2315.32,2190.04,1979.02,3211.3,False,True,True,True,2,10.59,
3654,Rev11,11,W126,PX-7500,CH-D,EXT-11,Extreme Edge,0.96,343.6,2239.02,2186.84,2010.36,3303.5,False,True,True,True,0,0.0,
3655,Rev9,9,W127,AE-3200,CH-B,C1,Center,0.0,0.0,2141.64,2124.52,2008.08,3352.0,True,True,True,True,0,0.0,
3656,Rev9,9,W127,AE-3200,CH-B,MID-01,Mid,0.52,30.0,2166.7,2164.54,2050.6,3173.1,True,True,True,True,0,0.0,
3657,Rev9,9,W127,AE-3200,CH-B,MID-02,Mid,0.52,90.0,2131.64,2154.56,2129.06,3422.2,True,True,True,True,0,0.0,
3658,Rev9,9,W127,AE-3200,CH-B,MID-03,Mid,0.52,150.0,2168.44,2119.82,2116.36,3048.9,True,True,True,True,0,0.0,
3659,Rev9,9,W127,AE-3200,CH-B,MID-04,Mid,0.52,210.0,2163.24,2136.82,2059.74,3215.6,True,True,True,True,0,0.0,
3660,Rev9,9,W127,AE-3200,CH-B,MID-05,Mid,0.52,270.0,2147.45,2073.44,2225.55,3175.9,True,True,False,True,0,0.0,
3661,Rev9,9,W127,AE-3200,CH-B,MID-06,Mid,0.52,330.0,2180.67,2101.25,2158.57,3130.8,True,True,True,True,0,0.0,
3662,Rev9,9,W127,AE-3200,CH-B,EDG-01,Edge,0.84,0.0,2211.31,2099.99,2148.35,3179.2,True,True,True,True,0,0.0,
3663,Rev9,9,W127,AE-3200,CH-B,EDG-02,Edge,0.84,32.7,2176.5,2212.55,2077.58,3410.7,True,False,True,True,0,0.0,
3664,Rev9,9,W127,AE-3200,CH-B,EDG-03,Edge,0.84,65.5,2232.92,2162.4,2143.0,3455.3,False,True,True,True,0,0.0,
3665,Rev9,9,W127,AE-3200,CH-B,EDG-04,Edge,0.84,98.2,2175.12,2141.08,2230.78,3373.1,True,True,False,True,2,9.28,polymer_residue
3666,Rev9,9,W127,AE-3200,CH-B,EDG-05,Edge,0.84,130.9,2215.74,2181.6,2062.24,3054.4,True,True,True,True,0,0.0,
3667,Rev9,9,W127,AE-3200,CH-B,EDG-06,Edge,0.84,163.6,2215.71,2098.42,2173.5,3610.3,True,True,False,False,0,0.0,
3668,Rev9,9,W127,AE-3200,CH-B,EDG-07,Edge,0.84,196.4,2211.19,2116.3,2073.47,3411.4,True,True,True,True,0,0.0,
3669,Rev9,9,W127,AE-3200,CH-B,EDG-08,Edge,0.84,229.1,2187.17,2131.32,2167.8,3626.2,True,True,True,False,0,0.0,
3670,Rev9,9,W127,AE-3200,CH-B,EDG-09,Edge,0.84,261.8,2160.7,2138.04,2117.01,3419.7,True,True,True,True,0,0.0,
3671,Rev9,9,W127,AE-3200,CH-B,EDG-10,Edge,0.84,294.5,2196.1,2126.03,2127.05,3338.2,True,True,True,True,0,0.0,
3672,Rev9,9,W127,AE-3200,CH-B,EDG-11,Edge,0.84,327.3,2201.65,2120.62,2133.03,3344.7,True,True,True,True,0,0.0,
3673,Rev9,9,W127,AE-3200,CH-B,EXT-01,Extreme Edge,0.96,16.4,2185.07,2153.61,2134.13,3305.7,True,True,True,True,0,0.0,
3674,Rev9,9,W127,AE-3200,CH-B,EXT-02,Extreme Edge,0.96,49.1,2217.86,2160.82,2146.98,3279.8,True,True,True,True,1,3.89,
3675,Rev9,9,W127,AE-3200,CH-B,EXT-03,Extreme Edge,0.96,81.8,2225.48,2168.11,1992.38,3401.4,False,True,True,True,0,0.0,
3676,Rev9,9,W127,AE-3200,CH-B,EXT-04,Extreme Edge,0.96,114.5,2228.97,2154.05,1993.18,3337.7,False,True,True,True,0,0.0,
3677,Rev9,9,W127,AE-3200,CH-B,EXT-05,Extreme Edge,0.96,147.3,2243.94,2167.37,2159.66,3361.7,False,True,True,True,3,7.58,arc_event
3678,Rev9,9,W127,AE-3200,CH-B,EXT-06,Extreme Edge,0.96,180.0,2221.24,2156.84,2132.13,3141.3,True,True,True,True,0,0.0,
3679,Rev9,9,W127,AE-3200,CH-B,EXT-07,Extreme Edge,0.96,212.7,2253.58,2228.53,2092.41,3422.3,False,False,True,True,2,8.76,polymer_residue
3680,Rev9,9,W127,AE-3200,CH-B,EXT-08,Extreme Edge,0.96,245.5,2186.86,2206.74,2101.47,3309.1,True,False,True,True,0,0.0,
3681,Rev9,9,W127,AE-3200,CH-B,EXT-09,Extreme Edge,0.96,278.2,2237.11,2199.95,2146.94,3541.7,False,False,True,False,2,8.69,polymer_residue
3682,Rev9,9,W127,AE-3200,CH-B,EXT-10,Extreme Edge,0.96,310.9,2230.85,2216.9,2150.42,3389.7,False,False,True,True,1,2.69,polymer_residue
3683,Rev9,9,W127,AE-3200,CH-B,EXT-11,Extreme Edge,0.96,343.6,2183.87,2229.6,2131.22,3309.4,True,False,True,True,1,3.27,
3684,Base,0,W128,AE-3200,CH-A,C1,Center,0.0,0.0,2143.54,2118.3,2011.53,3345.9,True,True,True,True,1,5.67,
3685,Base,0,W128,AE-3200,CH-A,MID-01,Mid,0.52,30.0,2156.14,2054.91,1848.8,3416.7,True,True,False,True,0,0.0,
3686,Base,0,W128,AE-3200,CH-A,MID-02,Mid,0.52,90.0,2125.2,2201.72,1974.08,3412.5,True,False,True,True,0,0.0,
3687,Base,0,W128,AE-3200,CH-A,MID-03,Mid,0.52,150.0,2153.19,2117.71,2053.95,3469.7,True,True,True,True,1,5.57,polymer_residue
3688,Base,0,W128,AE-3200,CH-A,MID-04,Mid,0.52,210.0,2246.54,2113.49,1958.6,3267.9,False,True,True,True,1,2.75,
3689,Base,0,W128,AE-3200,CH-A,MID-05,Mid,0.52,270.0,2211.7,2143.86,2096.39,3326.0,True,True,True,True,0,0.0,
3690,Base,0,W128,AE-3200,CH-A,MID-06,Mid,0.52,330.0,2154.68,2133.21,1975.94,3436.4,True,True,True,True,0,0.0,
3691,Base,0,W128,AE-3200,CH-A,EDG-01,Edge,0.84,0.0,2190.41,2135.39,2041.19,3358.8,True,True,True,True,0,0.0,
3692,Base,0,W128,AE-3200,CH-A,EDG-02,Edge,0.84,32.7,2190.27,2214.73,1969.19,3779.5,True,False,True,False,0,0.0,
3693,Base,0,W128,AE-3200,CH-A,EDG-03,Edge,0.84,65.5,2229.78,2144.23,2080.73,3613.1,False,True,True,False,1,3.8,polymer_residue
3694,Base,0,W128,AE-3200,CH-A,EDG-04,Edge,0.84,98.2,2172.08,2164.43,1997.26,3455.9,True,True,True,True,1,5.61,endpoint_late
3695,Base,0,W128,AE-3200,CH-A,EDG-05,Edge,0.84,130.9,2162.69,2159.72,2005.14,3528.6,True,True,True,False,1,6.47,
3696,Base,0,W128,AE-3200,CH-A,EDG-06,Edge,0.84,163.6,2245.44,2172.05,1997.47,3345.1,False,True,True,True,0,0.0,
3697,Base,0,W128,AE-3200,CH-A,EDG-07,Edge,0.84,196.4,2186.6,2076.53,1962.51,3443.3,True,True,True,True,0,0.0,
3698,Base,0,W128,AE-3200,CH-A,EDG-08,Edge,0.84,229.1,2221.57,2152.1,1969.86,3590.4,True,True,True,False,0,0.0,
3699,Base,0,W128,AE-3200,CH-A,EDG-09,Edge,0.84,261.8,2224.2,2076.61,2092.27,3531.4,True,True,True,False,0,0.0,
3700,Base,0,W128,AE-3200,CH-A,EDG-10,Edge,0.84,294.5,2182.02,2114.7,1976.76,3509.0,True,True,True,False,2,8.87,
3701,Base,0,W128,AE-3200,CH-A,EDG-11,Edge,0.84,327.3,2204.47,2189.52,2073.93,3559.3,True,True,True,False,0,0.0,
3702,Base,0,W128,AE-3200,CH-A,EXT-01,Extreme Edge,0.96,16.4,2208.71,2205.13,2030.93,3459.9,True,False,True,True,0,0.0,
3703,Base,0,W128,AE-3200,CH-A,EXT-02,Extreme Edge,0.96,49.1,2223.55,2117.82,2138.55,3349.2,True,True,True,True,0,0.0,
3704,Base,0,W128,AE-3200,CH-A,EXT-03,Extreme Edge,0.96,81.8,2235.17,2168.75,2073.72,3340.7,False,True,True,True,0,0.0,
3705,Base,0,W128,AE-3200,CH-A,EXT-04,Extreme Edge,0.96,114.5,2170.55,2170.31,1968.0,3433.8,True,True,True,True,3,9.2,esc_temp_drift
3706,Base,0,W128,AE-3200,CH-A,EXT-05,Extreme Edge,0.96,147.3,2222.47,2195.86,1970.02,3299.2,True,False,True,True,0,0.0,
3707,Base,0,W128,AE-3200,CH-A,EXT-06,Extreme Edge,0.96,180.0,2169.44,2129.96,2057.98,3599.4,True,True,True,False,1,4.34,polymer_residue
3708,Base,0,W128,AE-3200,CH-A,EXT-07,Extreme Edge,0.96,212.7,2222.18,2152.52,2165.37,3277.7,True,True,True,True,0,0.0,
3709,Base,0,W128,AE-3200,CH-A,EXT-08,Extreme Edge,0.96,245.5,2217.06,2169.89,2122.4,3482.8,True,True,True,True,0,0.0,
3710,Base,0,W128,AE-3200,CH-A,EXT-09,Extreme Edge,0.96,278.2,2199.32,2108.03,2056.66,3545.3,True,True,True,False,1,4.3,
3711,Base,0,W128,AE-3200,CH-A,EXT-10,Extreme Edge,0.96,310.9,2205.18,2145.57,2077.17,3448.7,True,True,True,True,0,0.0,
3712,Base,0,W128,AE-3200,CH-A,EXT-11,Extreme Edge,0.96,343.6,2219.32,2110.39,1989.15,3585.8,True,True,True,False,0,0.0,
3713,Rev11,11,W129,PX-7500,CH-D,C1,Center,0.0,0.0,2233.94,2213.7,1926.43,3281.8,False,False,True,True,0,0.0,
3714,Rev11,11,W129,PX-7500,CH-D,MID-01,Mid,0.52,30.0,2239.32,2240.22,2066.3,3208.0,False,False,True,True,0,0.0,
3715,Rev11,11,W129,PX-7500,CH-D,MID-02,Mid,0.52,90.0,2268.29,2168.62,1953.86,3285.7,False,True,True,True,0,0.0,
3716,Rev11,11,W129,PX-7500,CH-D,MID-03,Mid,0.52,150.0,2273.75,2196.51,1985.83,3115.3,False,False,True,True,0,0.0,
3717,Rev11,11,W129,PX-7500,CH-D,MID-04,Mid,0.52,210.0,2248.33,2252.91,1959.24,3315.3,False,False,True,True,1,5.41,polymer_residue
3718,Rev11,11,W129,PX-7500,CH-D,MID-05,Mid,0.52,270.0,2230.48,2140.69,2079.15,3159.7,False,True,True,True,0,0.0,
3719,Rev11,11,W129,PX-7500,CH-D,MID-06,Mid,0.52,330.0,2191.52,2187.24,1945.13,3163.8,True,True,True,True,0,0.0,
3720,Rev11,11,W129,PX-7500,CH-D,EDG-01,Edge,0.84,0.0,2242.96,2165.42,1958.35,3170.9,False,True,True,True,0,0.0,
3721,Rev11,11,W129,PX-7500,CH-D,EDG-02,Edge,0.84,32.7,2253.6,2229.5,2058.73,3081.0,False,False,True,True,1,3.74,polymer_residue
3722,Rev11,11,W129,PX-7500,CH-D,EDG-03,Edge,0.84,65.5,2316.46,2199.51,2094.62,3204.6,False,False,True,True,0,0.0,
3723,Rev11,11,W129,PX-7500,CH-D,EDG-04,Edge,0.84,98.2,2251.39,2210.95,2079.05,3233.3,False,False,True,True,1,4.19,arc_event
3724,Rev11,11,W129,PX-7500,CH-D,EDG-05,Edge,0.84,130.9,2246.17,2166.65,2093.11,3292.5,False,True,True,True,0,0.0,
3725,Rev11,11,W129,PX-7500,CH-D,EDG-06,Edge,0.84,163.6,2242.96,2176.84,2107.5,3128.0,False,True,True,True,3,11.58,
3726,Rev11,11,W129,PX-7500,CH-D,EDG-07,Edge,0.84,196.4,2261.19,2192.12,2063.03,3143.7,False,True,True,True,0,0.0,
3727,Rev11,11,W129,PX-7500,CH-D,EDG-08,Edge,0.84,229.1,2289.21,2203.3,1910.27,3151.7,False,False,True,True,0,0.0,
3728,Rev11,11,W129,PX-7500,CH-D,EDG-09,Edge,0.84,261.8,2313.41,2272.67,2041.17,3026.1,False,False,True,True,3,8.44,
3729,Rev11,11,W129,PX-7500,CH-D,EDG-10,Edge,0.84,294.5,2267.02,2229.98,2124.93,3211.6,False,False,True,True,1,4.8,
3730,Rev11,11,W129,PX-7500,CH-D,EDG-11,Edge,0.84,327.3,2217.82,2228.58,2051.98,3088.0,True,False,True,True,0,0.0,
3731,Rev11,11,W129,PX-7500,CH-D,EXT-01,Extreme Edge,0.96,16.4,2225.08,2239.66,2003.8,3105.6,False,False,True,True,0,0.0,
3732,Rev11,11,W129,PX-7500,CH-D,EXT-02,Extreme Edge,0.96,49.1,2288.54,2217.32,2112.78,3401.0,False,False,True,True,0,0.0,
3733,Rev11,11,W129,PX-7500,CH-D,EXT-03,Extreme Edge,0.96,81.8,2269.27,2235.67,2024.21,3074.8,False,False,True,True,0,0.0,
3734,Rev11,11,W129,PX-7500,CH-D,EXT-04,Extreme Edge,0.96,114.5,2272.93,2271.68,2079.67,3276.0,False,False,True,True,1,2.25,endpoint_late
3735,Rev11,11,W129,PX-7500,CH-D,EXT-05,Extreme Edge,0.96,147.3,2286.21,2213.63,2051.06,3006.2,False,False,True,True,1,2.83,
3736,Rev11,11,W129,PX-7500,CH-D,EXT-06,Extreme Edge,0.96,180.0,2310.42,2196.96,2107.64,3239.4,False,False,True,True,0,0.0,
3737,Rev11,11,W129,PX-7500,CH-D,EXT-07,Extreme Edge,0.96,212.7,2254.0,2236.5,2087.53,3242.5,False,False,True,True,0,0.0,
3738,Rev11,11,W129,PX-7500,CH-D,EXT-08,Extreme Edge,0.96,245.5,2284.58,2242.84,2126.83,3226.0,False,False,True,True,1,6.4,polymer_residue
3739,Rev11,11,W129,PX-7500,CH-D,EXT-09,Extreme Edge,0.96,278.2,2238.77,2230.42,2076.95,3358.5,False,False,True,True,0,0.0,
3740,Rev11,11,W129,PX-7500,CH-D,EXT-10,Extreme Edge,0.96,310.9,2271.37,2167.59,2039.51,3093.2,False,True,True,True,0,0.0,
3741,Rev11,11,W129,PX-7500,CH-D,EXT-11,Extreme Edge,0.96,343.6,2252.81,2215.64,2090.6,2910.4,False,False,True,False,0,0.0,
3742,Rev1,1,W130,AE-3200,CH-B,C1,Center,0.0,0.0,2200.73,2126.31,1991.85,3023.1,True,True,True,True,0,0.0,
3743,Rev1,1,W130,AE-3200,CH-B,MID-01,Mid,0.52,30.0,2186.09,2148.42,2023.35,3233.9,True,True,True,True,0,0.0,
3744,Rev1,1,W130,AE-3200,CH-B,MID-02,Mid,0.52,90.0,2172.11,2134.7,2049.07,3261.0,True,True,True,True,0,0.0,
3745,Rev1,1,W130,AE-3200,CH-B,MID-03,Mid,0.52,150.0,2179.57,2128.35,2066.15,3110.8,True,True,True,True,0,0.0,
3746,Rev1,1,W130,AE-3200,CH-B,MID-04,Mid,0.52,210.0,2191.27,2153.57,2020.84,3272.6,True,True,True,True,1,3.54,
3747,Rev1,1,W130,AE-3200,CH-B,MID-05,Mid,0.52,270.0,2132.75,2181.36,2101.37,3215.2,True,True,True,True,0,0.0,
3748,Rev1,1,W130,AE-3200,CH-B,MID-06,Mid,0.52,330.0,2191.57,2170.04,2117.74,3401.0,True,True,True,True,0,0.0,
3749,Rev1,1,W130,AE-3200,CH-B,EDG-01,Edge,0.84,0.0,2177.95,2142.86,2113.64,3349.8,True,True,True,True,0,0.0,
3750,Rev1,1,W130,AE-3200,CH-B,EDG-02,Edge,0.84,32.7,2249.29,2101.65,2076.91,3279.7,False,True,True,True,1,2.16,esc_temp_drift
3751,Rev1,1,W130,AE-3200,CH-B,EDG-03,Edge,0.84,65.5,2214.29,2180.18,2068.93,3418.1,True,True,True,True,0,0.0,
3752,Rev1,1,W130,AE-3200,CH-B,EDG-04,Edge,0.84,98.2,2190.03,2116.67,2082.33,3347.0,True,True,True,True,1,4.89,pressure_spike
3753,Rev1,1,W130,AE-3200,CH-B,EDG-05,Edge,0.84,130.9,2203.26,2166.19,2097.82,3266.0,True,True,True,True,0,0.0,
3754,Rev1,1,W130,AE-3200,CH-B,EDG-06,Edge,0.84,163.6,2203.1,2199.32,2026.42,3278.3,True,False,True,True,0,0.0,
3755,Rev1,1,W130,AE-3200,CH-B,EDG-07,Edge,0.84,196.4,2230.65,2174.37,2028.28,3211.2,False,True,True,True,0,0.0,
3756,Rev1,1,W130,AE-3200,CH-B,EDG-08,Edge,0.84,229.1,2192.06,2141.17,2094.38,3271.5,True,True,True,True,0,0.0,
3757,Rev1,1,W130,AE-3200,CH-B,EDG-09,Edge,0.84,261.8,2235.06,2210.03,2067.2,3261.8,False,False,True,True,1,2.22,
3758,Rev1,1,W130,AE-3200,CH-B,EDG-10,Edge,0.84,294.5,2187.86,2178.98,2018.7,3094.1,True,True,True,True,0,0.0,
3759,Rev1,1,W130,AE-3200,CH-B,EDG-11,Edge,0.84,327.3,2220.46,2143.13,2070.39,3243.5,True,True,True,True,0,0.0,
3760,Rev1,1,W130,AE-3200,CH-B,EXT-01,Extreme Edge,0.96,16.4,2214.27,2186.51,2050.67,3312.5,True,True,True,True,0,0.0,
3761,Rev1,1,W130,AE-3200,CH-B,EXT-02,Extreme Edge,0.96,49.1,2218.35,2217.88,2121.41,3159.6,True,False,True,True,1,4.11,
3762,Rev1,1,W130,AE-3200,CH-B,EXT-03,Extreme Edge,0.96,81.8,2210.46,2182.21,2007.17,3441.3,True,True,True,True,0,0.0,
3763,Rev1,1,W130,AE-3200,CH-B,EXT-04,Extreme Edge,0.96,114.5,2149.71,2195.35,2054.84,3312.0,True,False,True,True,1,6.46,
3764,Rev1,1,W130,AE-3200,CH-B,EXT-05,Extreme Edge,0.96,147.3,2227.32,2116.77,2000.87,3437.6,False,True,True,True,1,5.9,polymer_residue
3765,Rev1,1,W130,AE-3200,CH-B,EXT-06,Extreme Edge,0.96,180.0,2233.54,2157.7,2144.39,3397.8,False,True,True,True,1,5.21,polymer_residue
3766,Rev1,1,W130,AE-3200,CH-B,EXT-07,Extreme Edge,0.96,212.7,2201.93,2197.75,2066.41,3133.3,True,False,True,True,0,0.0,
3767,Rev1,1,W130,AE-3200,CH-B,EXT-08,Extreme Edge,0.96,245.5,2260.8,2153.81,2065.83,3327.1,False,True,True,True,0,0.0,
3768,Rev1,1,W130,AE-3200,CH-B,EXT-09,Extreme Edge,0.96,278.2,2244.28,2191.44,2165.88,3305.9,False,True,True,True,1,5.95,polymer_residue
3769,Rev1,1,W130,AE-3200,CH-B,EXT-10,Extreme Edge,0.96,310.9,2213.64,2146.76,2113.54,3225.8,True,True,True,True,2,11.59,polymer_residue
3770,Rev1,1,W130,AE-3200,CH-B,EXT-11,Extreme Edge,0.96,343.6,2247.32,2135.46,1954.13,3168.6,False,True,True,True,0,0.0,
3771,Rev9,9,W131,AE-3200,CH-B,C1,Center,0.0,0.0,2171.78,2187.99,2054.58,3405.1,True,True,True,True,0,0.0,
3772,Rev9,9,W131,AE-3200,CH-B,MID-01,Mid,0.52,30.0,2165.95,2146.53,2141.68,3323.9,True,True,True,True,1,5.05,polymer_residue
3773,Rev9,9,W131,AE-3200,CH-B,MID-02,Mid,0.52,90.0,2192.95,2139.5,2141.91,3238.7,True,True,True,True,0,0.0,
3774,Rev9,9,W131,AE-3200,CH-B,MID-03,Mid,0.52,150.0,2170.05,2223.88,2071.81,3226.6,True,False,True,True,0,0.0,
3775,Rev9,9,W131,AE-3200,CH-B,MID-04,Mid,0.52,210.0,2201.66,2132.39,2144.78,3273.8,True,True,True,True,0,0.0,
3776,Rev9,9,W131,AE-3200,CH-B,MID-05,Mid,0.52,270.0,2216.88,2158.12,2085.75,3280.2,True,True,True,True,0,0.0,
3777,Rev9,9,W131,AE-3200,CH-B,MID-06,Mid,0.52,330.0,2198.1,2141.79,2027.37,3336.0,True,True,True,True,0,0.0,
3778,Rev9,9,W131,AE-3200,CH-B,EDG-01,Edge,0.84,0.0,2211.59,2123.9,2141.67,3496.9,True,True,True,True,3,7.83,
3779,Rev9,9,W131,AE-3200,CH-B,EDG-02,Edge,0.84,32.7,2186.35,2181.18,2131.73,3357.8,True,True,True,True,0,0.0,
3780,Rev9,9,W131,AE-3200,CH-B,EDG-03,Edge,0.84,65.5,2221.74,2147.91,2228.2,3524.9,True,True,False,False,1,5.58,pressure_spike
3781,Rev9,9,W131,AE-3200,CH-B,EDG-04,Edge,0.84,98.2,2237.96,2139.15,2123.79,3205.2,False,True,True,True,2,10.77,arc_event
3782,Rev9,9,W131,AE-3200,CH-B,EDG-05,Edge,0.84,130.9,2228.39,2136.23,2087.86,3441.4,False,True,True,True,0,0.0,
3783,Rev9,9,W131,AE-3200,CH-B,EDG-06,Edge,0.84,163.6,2270.27,2158.84,2116.71,3228.1,False,True,True,True,0,0.0,
3784,Rev9,9,W131,AE-3200,CH-B,EDG-07,Edge,0.84,196.4,2233.72,2141.88,2179.46,3324.0,False,True,False,True,2,7.17,pressure_spike
3785,Rev9,9,W131,AE-3200,CH-B,EDG-08,Edge,0.84,229.1,2232.74,2228.33,2128.66,3427.9,False,False,True,True,1,4.36,polymer_residue
3786,Rev9,9,W131,AE-3200,CH-B,EDG-09,Edge,0.84,261.8,2248.75,2137.45,2157.63,3500.5,False,True,True,False,1,3.24,
3787,Rev9,9,W131,AE-3200,CH-B,EDG-10,Edge,0.84,294.5,2284.61,2164.79,2139.76,3452.4,False,True,True,True,0,0.0,
3788,Rev9,9,W131,AE-3200,CH-B,EDG-11,Edge,0.84,327.3,2212.9,2160.94,2130.11,3394.1,True,True,True,True,2,8.72,polymer_residue
3789,Rev9,9,W131,AE-3200,CH-B,EXT-01,Extreme Edge,0.96,16.4,2220.71,2161.6,2127.83,3554.4,True,True,True,False,1,4.19,esc_temp_drift
3790,Rev9,9,W131,AE-3200,CH-B,EXT-02,Extreme Edge,0.96,49.1,2252.63,2177.07,2105.49,3438.0,False,True,True,True,0,0.0,
3791,Rev9,9,W131,AE-3200,CH-B,EXT-03,Extreme Edge,0.96,81.8,2265.24,2167.01,2053.14,3442.6,False,True,True,True,0,0.0,
3792,Rev9,9,W131,AE-3200,CH-B,EXT-04,Extreme Edge,0.96,114.5,2252.66,2210.07,2146.49,3553.6,False,False,True,False,0,0.0,
3793,Rev9,9,W131,AE-3200,CH-B,EXT-05,Extreme Edge,0.96,147.3,2248.06,2245.13,2144.41,3247.5,False,False,True,True,1,5.92,
3794,Rev9,9,W131,AE-3200,CH-B,EXT-06,Extreme Edge,0.96,180.0,2262.98,2227.64,2045.84,3556.1,False,False,True,False,3,17.15,
3795,Rev9,9,W131,AE-3200,CH-B,EXT-07,Extreme Edge,0.96,212.7,2197.16,2167.79,2128.71,3423.6,True,True,True,True,0,0.0,
3796,Rev9,9,W131,AE-3200,CH-B,EXT-08,Extreme Edge,0.96,245.5,2251.22,2189.43,2149.51,3646.8,False,True,True,False,2,11.29,polymer_residue
3797,Rev9,9,W131,AE-3200,CH-B,EXT-09,Extreme Edge,0.96,278.2,2245.33,2207.15,2112.1,3422.5,False,False,True,True,1,2.19,
3798,Rev9,9,W131,AE-3200,CH-B,EXT-10,Extreme Edge,0.96,310.9,2232.66,2137.47,2122.03,3210.0,False,True,True,True,2,10.84,
3799,Rev9,9,W131,AE-3200,CH-B,EXT-11,Extreme Edge,0.96,343.6,2247.36,2191.07,2191.7,3262.3,False,True,False,True,2,7.27,
3800,Base,0,W132,AE-3200,CH-A,C1,Center,0.0,0.0,2087.42,2106.23,2031.86,3307.2,True,True,True,True,0,0.0,
3801,Base,0,W132,AE-3200,CH-A,MID-01,Mid,0.52,30.0,2144.55,2091.8,2112.53,3334.2,True,True,True,True,0,0.0,
3802,Base,0,W132,AE-3200,CH-A,MID-02,Mid,0.52,90.0,2146.91,2147.61,2035.11,3302.6,True,True,True,True,0,0.0,
3803,Base,0,W132,AE-3200,CH-A,MID-03,Mid,0.52,150.0,2201.61,2136.08,2090.27,3282.3,True,True,True,True,1,5.88,
3804,Base,0,W132,AE-3200,CH-A,MID-04,Mid,0.52,210.0,2168.29,2187.91,2112.4,3553.8,True,True,True,False,0,0.0,
3805,Base,0,W132,AE-3200,CH-A,MID-05,Mid,0.52,270.0,2175.51,2102.26,1967.05,3477.2,True,True,True,True,0,0.0,
3806,Base,0,W132,AE-3200,CH-A,MID-06,Mid,0.52,330.0,2096.95,2127.79,2098.92,3260.2,True,True,True,True,0,0.0,
3807,Base,0,W132,AE-3200,CH-A,EDG-01,Edge,0.84,0.0,2200.11,2160.74,2203.56,3082.0,True,True,False,True,0,0.0,
3808,Base,0,W132,AE-3200,CH-A,EDG-02,Edge,0.84,32.7,2171.16,2138.51,1967.35,3424.5,True,True,True,True,0,0.0,
3809,Base,0,W132,AE-3200,CH-A,EDG-03,Edge,0.84,65.5,2184.72,2164.05,2109.68,3417.2,True,True,True,True,0,0.0,
3810,Base,0,W132,AE-3200,CH-A,EDG-04,Edge,0.84,98.2,2201.36,2160.6,2133.21,3357.3,True,True,True,True,0,0.0,
3811,Base,0,W132,AE-3200,CH-A,EDG-05,Edge,0.84,130.9,2205.08,2169.79,2109.04,3392.6,True,True,True,True,0,0.0,
3812,Base,0,W132,AE-3200,CH-A,EDG-06,Edge,0.84,163.6,2154.73,2180.35,2143.83,3411.6,True,True,True,True,0,0.0,
3813,Base,0,W132,AE-3200,CH-A,EDG-07,Edge,0.84,196.4,2160.78,2117.62,2065.78,3437.0,True,True,True,True,2,6.45,
3814,Base,0,W132,AE-3200,CH-A,EDG-08,Edge,0.84,229.1,2197.67,2108.96,2143.42,3410.4,True,True,True,True,1,6.23,polymer_residue
3815,Base,0,W132,AE-3200,CH-A,EDG-09,Edge,0.84,261.8,2195.48,2166.5,2061.14,3225.2,True,True,True,True,0,0.0,
3816,Base,0,W132,AE-3200,CH-A,EDG-10,Edge,0.84,294.5,2191.97,2143.91,2039.91,3265.3,True,True,True,True,2,5.94,
3817,Base,0,W132,AE-3200,CH-A,EDG-11,Edge,0.84,327.3,2181.67,2154.63,2134.98,3333.4,True,True,True,True,1,3.98,arc_event
3818,Base,0,W132,AE-3200,CH-A,EXT-01,Extreme Edge,0.96,16.4,2183.14,2143.27,2175.91,3173.1,True,True,False,True,0,0.0,
3819,Base,0,W132,AE-3200,CH-A,EXT-02,Extreme Edge,0.96,49.1,2208.57,2143.86,2069.85,3466.1,True,True,True,True,0,0.0,
3820,Base,0,W132,AE-3200,CH-A,EXT-03,Extreme Edge,0.96,81.8,2205.73,2190.27,2126.38,3410.5,True,True,True,True,0,0.0,
3821,Base,0,W132,AE-3200,CH-A,EXT-04,Extreme Edge,0.96,114.5,2204.13,2206.33,2239.14,3378.2,True,False,False,True,1,3.86,polymer_residue
3822,Base,0,W132,AE-3200,CH-A,EXT-05,Extreme Edge,0.96,147.3,2216.34,2174.85,2203.67,3471.9,True,True,False,True,0,0.0,
3823,Base,0,W132,AE-3200,CH-A,EXT-06,Extreme Edge,0.96,180.0,2180.08,2228.42,2035.14,3149.4,True,False,True,True,2,11.29,
3824,Base,0,W132,AE-3200,CH-A,EXT-07,Extreme Edge,0.96,212.7,2199.44,2175.22,2074.04,3336.0,True,True,True,True,0,0.0,
3825,Base,0,W132,AE-3200,CH-A,EXT-08,Extreme Edge,0.96,245.5,2201.81,2183.31,2139.63,3349.3,True,True,True,True,1,5.7,
3826,Base,0,W132,AE-3200,CH-A,EXT-09,Extreme Edge,0.96,278.2,2233.08,2162.3,2075.4,3136.8,False,True,True,True,1,3.94,pressure_spike
3827,Base,0,W132,AE-3200,CH-A,EXT-10,Extreme Edge,0.96,310.9,2247.88,2123.3,2111.23,3232.0,False,True,True,True,0,0.0,
3828,Base,0,W132,AE-3200,CH-A,EXT-11,Extreme Edge,0.96,343.6,2176.23,2123.92,2148.85,3310.2,True,True,True,True,0,0.0,
3829,Rev3,3,W133,PX-7500,CH-D,C1,Center,0.0,0.0,2155.95,2097.39,2022.7,3525.0,True,True,True,False,0,0.0,
3830,Rev3,3,W133,PX-7500,CH-D,MID-01,Mid,0.52,30.0,2232.55,2105.69,2054.71,3231.2,False,True,True,True,0,0.0,
3831,Rev3,3,W133,PX-7500,CH-D,MID-02,Mid,0.52,90.0,2126.87,2162.73,2118.77,3445.6,True,True,True,True,0,0.0,
3832,Rev3,3,W133,PX-7500,CH-D,MID-03,Mid,0.52,150.0,2177.47,2145.0,1980.86,3344.5,True,True,True,True,0,0.0,
3833,Rev3,3,W133,PX-7500,CH-D,MID-04,Mid,0.52,210.0,2144.34,2141.69,2020.5,3036.2,True,True,True,True,0,0.0,
3834,Rev3,3,W133,PX-7500,CH-D,MID-05,Mid,0.52,270.0,2183.22,2164.18,2082.54,3584.7,True,True,True,False,0,0.0,
3835,Rev3,3,W133,PX-7500,CH-D,MID-06,Mid,0.52,330.0,2187.33,2143.28,2012.01,3414.7,True,True,True,True,2,9.73,polymer_residue
3836,Rev3,3,W133,PX-7500,CH-D,EDG-01,Edge,0.84,0.0,2193.49,2170.73,2141.61,3446.4,True,True,True,True,0,0.0,
3837,Rev3,3,W133,PX-7500,CH-D,EDG-02,Edge,0.84,32.7,2215.01,2178.18,1984.55,3270.3,True,True,True,True,0,0.0,
3838,Rev3,3,W133,PX-7500,CH-D,EDG-03,Edge,0.84,65.5,2227.77,2217.73,2102.57,3433.0,False,False,True,True,0,0.0,
3839,Rev3,3,W133,PX-7500,CH-D,EDG-04,Edge,0.84,98.2,2150.4,2181.02,1937.82,3253.3,True,True,True,True,0,0.0,
3840,Rev3,3,W133,PX-7500,CH-D,EDG-05,Edge,0.84,130.9,2230.78,2156.62,2089.89,3479.5,False,True,True,True,1,1.93,arc_event
3841,Rev3,3,W133,PX-7500,CH-D,EDG-06,Edge,0.84,163.6,2191.85,2169.61,2058.31,3417.2,True,True,True,True,0,0.0,
3842,Rev3,3,W133,PX-7500,CH-D,EDG-07,Edge,0.84,196.4,2179.94,2151.52,2039.84,3471.7,True,True,True,True,0,0.0,
3843,Rev3,3,W133,PX-7500,CH-D,EDG-08,Edge,0.84,229.1,2225.19,2183.34,2104.36,3512.2,False,True,True,False,0,0.0,
3844,Rev3,3,W133,PX-7500,CH-D,EDG-09,Edge,0.84,261.8,2225.17,2124.07,2030.82,3231.6,False,True,True,True,0,0.0,
3845,Rev3,3,W133,PX-7500,CH-D,EDG-10,Edge,0.84,294.5,2233.07,2151.38,2017.41,3330.8,False,True,True,True,0,0.0,
3846,Rev3,3,W133,PX-7500,CH-D,EDG-11,Edge,0.84,327.3,2198.52,2163.85,2122.14,3587.2,True,True,True,False,0,0.0,
3847,Rev3,3,W133,PX-7500,CH-D,EXT-01,Extreme Edge,0.96,16.4,2183.99,2222.19,2172.25,3355.3,True,False,False,True,1,2.42,
3848,Rev3,3,W133,PX-7500,CH-D,EXT-02,Extreme Edge,0.96,49.1,2201.33,2154.26,2135.22,3446.6,True,True,True,True,0,0.0,
3849,Rev3,3,W133,PX-7500,CH-D,EXT-03,Extreme Edge,0.96,81.8,2170.27,2188.46,2137.73,3352.1,True,True,True,True,1,5.72,
3850,Rev3,3,W133,PX-7500,CH-D,EXT-04,Extreme Edge,0.96,114.5,2256.36,2104.15,2140.45,3305.8,False,True,True,True,0,0.0,
3851,Rev3,3,W133,PX-7500,CH-D,EXT-05,Extreme Edge,0.96,147.3,2165.32,2173.32,2078.59,3383.6,True,True,True,True,2,10.43,
3852,Rev3,3,W133,PX-7500,CH-D,EXT-06,Extreme Edge,0.96,180.0,2216.16,2162.02,2051.06,3229.6,True,True,True,True,0,0.0,
3853,Rev3,3,W133,PX-7500,CH-D,EXT-07,Extreme Edge,0.96,212.7,2210.3,2163.07,2142.48,3330.1,True,True,True,True,1,5.44,
3854,Rev3,3,W133,PX-7500,CH-D,EXT-08,Extreme Edge,0.96,245.5,2201.58,2141.77,2108.43,3538.6,True,True,True,False,1,5.61,polymer_residue
3855,Rev3,3,W133,PX-7500,CH-D,EXT-09,Extreme Edge,0.96,278.2,2167.77,2198.44,2117.66,3241.7,True,False,True,True,0,0.0,
3856,Rev3,3,W133,PX-7500,CH-D,EXT-10,Extreme Edge,0.96,310.9,2225.73,2132.59,2068.64,3143.2,False,True,True,True,3,16.12,polymer_residue
3857,Rev3,3,W133,PX-7500,CH-D,EXT-11,Extreme Edge,0.96,343.6,2234.67,2187.92,2071.01,3166.8,False,True,True,True,1,2.15,polymer_residue
3858,Base,0,W134,AE-3200,CH-A,C1,Center,0.0,0.0,2126.38,2084.42,1980.07,3337.6,True,True,True,True,0,0.0,
3859,Base,0,W134,AE-3200,CH-A,MID-01,Mid,0.52,30.0,2113.78,2061.86,1978.64,3408.6,True,True,True,True,0,0.0,
3860,Base,0,W134,AE-3200,CH-A,MID-02,Mid,0.52,90.0,2124.62,2060.15,1944.53,3344.0,True,True,True,True,0,0.0,
3861,Base,0,W134,AE-3200,CH-A,MID-03,Mid,0.52,150.0,2182.67,2072.85,2076.03,3499.2,True,True,True,True,0,0.0,
3862,Base,0,W134,AE-3200,CH-A,MID-04,Mid,0.52,210.0,2151.47,2089.29,1963.21,3499.3,True,True,True,True,0,0.0,
3863,Base,0,W134,AE-3200,CH-A,MID-05,Mid,0.52,270.0,2166.93,2103.9,1886.55,3292.6,True,True,False,True,0,0.0,
3864,Base,0,W134,AE-3200,CH-A,MID-06,Mid,0.52,330.0,2194.6,2126.24,2072.88,3510.1,True,True,True,False,2,3.99,polymer_residue
3865,Base,0,W134,AE-3200,CH-A,EDG-01,Edge,0.84,0.0,2160.79,2044.34,2036.63,3452.3,True,True,True,True,0,0.0,
3866,Base,0,W134,AE-3200,CH-A,EDG-02,Edge,0.84,32.7,2163.21,2074.75,2071.97,3785.8,True,True,True,False,2,10.59,esc_temp_drift
3867,Base,0,W134,AE-3200,CH-A,EDG-03,Edge,0.84,65.5,2146.12,2116.22,2117.03,3502.0,True,True,True,False,1,3.42,
3868,Base,0,W134,AE-3200,CH-A,EDG-04,Edge,0.84,98.2,2166.95,2111.54,2078.79,3581.5,True,True,True,False,0,0.0,
3869,Base,0,W134,AE-3200,CH-A,EDG-05,Edge,0.84,130.9,2160.38,2109.73,2163.93,3543.1,True,True,True,False,2,7.58,polymer_residue
3870,Base,0,W134,AE-3200,CH-A,EDG-06,Edge,0.84,163.6,2170.44,2120.71,2003.14,3484.6,True,True,True,True,0,0.0,
3871,Base,0,W134,AE-3200,CH-A,EDG-07,Edge,0.84,196.4,2186.38,2132.32,2027.73,3477.0,True,True,True,True,0,0.0,
3872,Base,0,W134,AE-3200,CH-A,EDG-08,Edge,0.84,229.1,2161.84,2112.3,2011.38,3509.7,True,True,True,False,0,0.0,
3873,Base,0,W134,AE-3200,CH-A,EDG-09,Edge,0.84,261.8,2146.24,2088.79,2016.1,3623.8,True,True,True,False,0,0.0,
3874,Base,0,W134,AE-3200,CH-A,EDG-10,Edge,0.84,294.5,2142.51,2132.46,2001.83,3798.4,True,True,True,False,2,6.33,
3875,Base,0,W134,AE-3200,CH-A,EDG-11,Edge,0.84,327.3,2158.73,2059.52,2062.94,3607.7,True,True,True,False,2,11.44,
3876,Base,0,W134,AE-3200,CH-A,EXT-01,Extreme Edge,0.96,16.4,2150.51,2100.43,2073.77,3694.5,True,True,True,False,0,0.0,
3877,Base,0,W134,AE-3200,CH-A,EXT-02,Extreme Edge,0.96,49.1,2187.27,2113.15,2052.28,3510.4,True,True,True,False,1,4.28,arc_event
3878,Base,0,W134,AE-3200,CH-A,EXT-03,Extreme Edge,0.96,81.8,2119.92,2127.22,2036.62,3685.7,True,True,True,False,0,0.0,
3879,Base,0,W134,AE-3200,CH-A,EXT-04,Extreme Edge,0.96,114.5,2133.17,2130.74,1997.81,3658.9,True,True,True,False,1,5.83,polymer_residue
3880,Base,0,W134,AE-3200,CH-A,EXT-05,Extreme Edge,0.96,147.3,2210.08,2164.49,1983.72,3696.9,True,True,True,False,0,0.0,
3881,Base,0,W134,AE-3200,CH-A,EXT-06,Extreme Edge,0.96,180.0,2189.22,2099.15,2034.96,3274.7,True,True,True,True,0,0.0,
3882,Base,0,W134,AE-3200,CH-A,EXT-07,Extreme Edge,0.96,212.7,2217.96,2068.99,2021.96,3634.3,True,True,True,False,0,0.0,
3883,Base,0,W134,AE-3200,CH-A,EXT-08,Extreme Edge,0.96,245.5,2194.54,2096.55,2063.8,3592.4,True,True,True,False,0,0.0,
3884,Base,0,W134,AE-3200,CH-A,EXT-09,Extreme Edge,0.96,278.2,2184.61,2145.31,2021.01,3671.1,True,True,True,False,0,0.0,
3885,Base,0,W134,AE-3200,CH-A,EXT-10,Extreme Edge,0.96,310.9,2237.73,2117.94,2041.33,3850.7,False,True,True,False,1,6.43,esc_temp_drift
3886,Base,0,W134,AE-3200,CH-A,EXT-11,Extreme Edge,0.96,343.6,2127.33,2056.05,1999.45,3396.6,True,True,True,True,0,0.0,
3887,Rev7,7,W135,PX-7500,CH-D,C1,Center,0.0,0.0,2123.75,2103.17,2057.64,3287.4,True,True,True,True,0,0.0,
3888,Rev7,7,W135,PX-7500,CH-D,MID-01,Mid,0.52,30.0,2172.25,2117.19,2010.52,3432.0,True,True,True,True,0,0.0,
3889,Rev7,7,W135,PX-7500,CH-D,MID-02,Mid,0.52,90.0,2168.86,2103.27,2087.54,3436.1,True,True,True,True,0,0.0,
3890,Rev7,7,W135,PX-7500,CH-D,MID-03,Mid,0.52,150.0,2161.42,2067.47,2068.91,3636.6,True,True,True,False,1,2.3,
3891,Rev7,7,W135,PX-7500,CH-D,MID-04,Mid,0.52,210.0,2153.22,2090.59,2023.05,3508.5,True,True,True,False,0,0.0,
3892,Rev7,7,W135,PX-7500,CH-D,MID-05,Mid,0.52,270.0,2168.56,2139.64,1944.65,3578.3,True,True,True,False,0,0.0,
3893,Rev7,7,W135,PX-7500,CH-D,MID-06,Mid,0.52,330.0,2175.11,2109.64,1969.34,3452.6,True,True,True,True,0,0.0,
3894,Rev7,7,W135,PX-7500,CH-D,EDG-01,Edge,0.84,0.0,2208.16,2104.98,2059.34,3558.2,True,True,True,False,2,11.68,polymer_residue
3895,Rev7,7,W135,PX-7500,CH-D,EDG-02,Edge,0.84,32.7,2158.04,2130.14,2018.78,3628.8,True,True,True,False,0,0.0,
3896,Rev7,7,W135,PX-7500,CH-D,EDG-03,Edge,0.84,65.5,2201.39,2111.11,2098.83,3420.3,True,True,True,True,0,0.0,
3897,Rev7,7,W135,PX-7500,CH-D,EDG-04,Edge,0.84,98.2,2138.52,2121.26,2071.73,3461.7,True,True,True,True,0,0.0,
3898,Rev7,7,W135,PX-7500,CH-D,EDG-05,Edge,0.84,130.9,2196.58,2110.62,2042.51,3259.2,True,True,True,True,2,9.56,polymer_residue
3899,Rev7,7,W135,PX-7500,CH-D,EDG-06,Edge,0.84,163.6,2210.22,2156.39,1984.41,3410.3,True,True,True,True,1,3.06,
3900,Rev7,7,W135,PX-7500,CH-D,EDG-07,Edge,0.84,196.4,2162.54,2178.52,2047.74,3641.3,True,True,True,False,0,0.0,
3901,Rev7,7,W135,PX-7500,CH-D,EDG-08,Edge,0.84,229.1,2210.06,2097.01,2080.16,3337.4,True,True,True,True,0,0.0,
3902,Rev7,7,W135,PX-7500,CH-D,EDG-09,Edge,0.84,261.8,2170.86,2055.67,1988.36,3436.0,True,True,True,True,1,4.46,esc_temp_drift
3903,Rev7,7,W135,PX-7500,CH-D,EDG-10,Edge,0.84,294.5,2189.41,2083.17,2085.78,3457.3,True,True,True,True,1,2.11,
3904,Rev7,7,W135,PX-7500,CH-D,EDG-11,Edge,0.84,327.3,2148.13,2126.34,2107.69,3498.0,True,True,True,True,0,0.0,
3905,Rev7,7,W135,PX-7500,CH-D,EXT-01,Extreme Edge,0.96,16.4,2209.69,2121.02,1973.39,3402.5,True,True,True,True,0,0.0,
3906,Rev7,7,W135,PX-7500,CH-D,EXT-02,Extreme Edge,0.96,49.1,2214.6,2107.86,2060.29,3523.3,True,True,True,False,0,0.0,
3907,Rev7,7,W135,PX-7500,CH-D,EXT-03,Extreme Edge,0.96,81.8,2243.81,2133.49,2043.93,3405.6,False,True,True,True,0,0.0,
3908,Rev7,7,W135,PX-7500,CH-D,EXT-04,Extreme Edge,0.96,114.5,2167.27,2126.92,2091.75,3618.2,True,True,True,False,0,0.0,
3909,Rev7,7,W135,PX-7500,CH-D,EXT-05,Extreme Edge,0.96,147.3,2178.31,2124.04,1970.69,3379.5,True,True,True,True,0,0.0,
3910,Rev7,7,W135,PX-7500,CH-D,EXT-06,Extreme Edge,0.96,180.0,2159.61,2112.21,2167.73,3679.8,True,True,True,False,0,0.0,
3911,Rev7,7,W135,PX-7500,CH-D,EXT-07,Extreme Edge,0.96,212.7,2159.46,2143.28,2001.98,3335.8,True,True,True,True,1,5.32,endpoint_late
3912,Rev7,7,W135,PX-7500,CH-D,EXT-08,Extreme Edge,0.96,245.5,2219.53,2172.95,2131.06,3574.2,True,True,True,False,1,2.1,
3913,Rev7,7,W135,PX-7500,CH-D,EXT-09,Extreme Edge,0.96,278.2,2206.29,2092.12,2040.88,3439.0,True,True,True,True,0,0.0,
3914,Rev7,7,W135,PX-7500,CH-D,EXT-10,Extreme Edge,0.96,310.9,2186.85,2072.65,2135.43,3408.1,True,True,True,True,0,0.0,
3915,Rev7,7,W135,PX-7500,CH-D,EXT-11,Extreme Edge,0.96,343.6,2228.4,2138.54,2110.47,3382.4,False,True,True,True,0,0.0,
3916,Rev2,2,W136,PX-7500,CH-C,C1,Center,0.0,0.0,2136.77,2039.8,2102.16,3277.0,True,True,True,True,0,0.0,
3917,Rev2,2,W136,PX-7500,CH-C,MID-01,Mid,0.52,30.0,2160.77,2188.49,2077.53,3261.1,True,True,True,True,0,0.0,
3918,Rev2,2,W136,PX-7500,CH-C,MID-02,Mid,0.52,90.0,2153.41,2078.85,2130.66,3370.5,True,True,True,True,0,0.0,
3919,Rev2,2,W136,PX-7500,CH-C,MID-03,Mid,0.52,150.0,2146.59,2137.25,1995.74,3356.5,True,True,True,True,0,0.0,
3920,Rev2,2,W136,PX-7500,CH-C,MID-04,Mid,0.52,210.0,2115.34,2066.04,1923.13,3205.1,True,True,True,True,0,0.0,
3921,Rev2,2,W136,PX-7500,CH-C,MID-05,Mid,0.52,270.0,2148.54,2137.47,2102.36,3385.1,True,True,True,True,0,0.0,
3922,Rev2,2,W136,PX-7500,CH-C,MID-06,Mid,0.52,330.0,2167.01,2097.97,1986.67,3417.8,True,True,True,True,0,0.0,
3923,Rev2,2,W136,PX-7500,CH-C,EDG-01,Edge,0.84,0.0,2223.42,2133.38,1990.92,3216.2,True,True,True,True,0,0.0,
3924,Rev2,2,W136,PX-7500,CH-C,EDG-02,Edge,0.84,32.7,2167.64,2105.11,2048.94,3438.9,True,True,True,True,0,0.0,
3925,Rev2,2,W136,PX-7500,CH-C,EDG-03,Edge,0.84,65.5,2175.63,2131.98,2073.35,3224.9,True,True,True,True,0,0.0,
3926,Rev2,2,W136,PX-7500,CH-C,EDG-04,Edge,0.84,98.2,2154.68,2167.71,2072.2,3288.7,True,True,True,True,0,0.0,
3927,Rev2,2,W136,PX-7500,CH-C,EDG-05,Edge,0.84,130.9,2179.31,2101.43,2155.58,3071.0,True,True,True,True,0,0.0,
3928,Rev2,2,W136,PX-7500,CH-C,EDG-06,Edge,0.84,163.6,2196.1,2139.48,2176.36,3246.2,True,True,False,True,0,0.0,
3929,Rev2,2,W136,PX-7500,CH-C,EDG-07,Edge,0.84,196.4,2180.23,2158.68,2060.6,3564.2,True,True,True,False,0,0.0,
3930,Rev2,2,W136,PX-7500,CH-C,EDG-08,Edge,0.84,229.1,2141.89,2153.2,2095.64,3667.0,True,True,True,False,0,0.0,
3931,Rev2,2,W136,PX-7500,CH-C,EDG-09,Edge,0.84,261.8,2217.95,2096.74,2142.33,3352.1,True,True,True,True,2,8.85,
3932,Rev2,2,W136,PX-7500,CH-C,EDG-10,Edge,0.84,294.5,2232.53,2071.25,2123.6,3526.7,False,True,True,False,0,0.0,
3933,Rev2,2,W136,PX-7500,CH-C,EDG-11,Edge,0.84,327.3,2203.86,2103.17,2089.53,3432.9,True,True,True,True,1,5.44,polymer_residue
3934,Rev2,2,W136,PX-7500,CH-C,EXT-01,Extreme Edge,0.96,16.4,2167.9,2131.36,2089.76,3296.7,True,True,True,True,1,6.42,
3935,Rev2,2,W136,PX-7500,CH-C,EXT-02,Extreme Edge,0.96,49.1,2222.78,2114.26,2149.89,3453.1,True,True,True,True,0,0.0,
3936,Rev2,2,W136,PX-7500,CH-C,EXT-03,Extreme Edge,0.96,81.8,2256.32,2141.15,2047.47,3477.4,False,True,True,True,0,0.0,
3937,Rev2,2,W136,PX-7500,CH-C,EXT-04,Extreme Edge,0.96,114.5,2208.01,2169.71,2103.34,3716.8,True,True,True,False,0,0.0,
3938,Rev2,2,W136,PX-7500,CH-C,EXT-05,Extreme Edge,0.96,147.3,2205.22,2150.13,2136.47,3530.7,True,True,True,False,0,0.0,
3939,Rev2,2,W136,PX-7500,CH-C,EXT-06,Extreme Edge,0.96,180.0,2230.23,2124.83,2121.74,3463.0,False,True,True,True,3,6.72,
3940,Rev2,2,W136,PX-7500,CH-C,EXT-07,Extreme Edge,0.96,212.7,2232.3,2149.84,2094.82,3414.7,False,True,True,True,0,0.0,
3941,Rev2,2,W136,PX-7500,CH-C,EXT-08,Extreme Edge,0.96,245.5,2220.18,2115.78,2076.21,3432.8,True,True,True,True,1,4.37,
3942,Rev2,2,W136,PX-7500,CH-C,EXT-09,Extreme Edge,0.96,278.2,2246.85,2136.04,2154.79,3356.4,False,True,True,True,1,3.09,arc_event
3943,Rev2,2,W136,PX-7500,CH-C,EXT-10,Extreme Edge,0.96,310.9,2187.32,2143.59,1995.89,3284.4,True,True,True,True,0,0.0,
3944,Rev2,2,W136,PX-7500,CH-C,EXT-11,Extreme Edge,0.96,343.6,2179.46,2108.34,2117.76,3566.4,True,True,True,False,0,0.0,
3945,Rev4,4,W137,AE-3200,CH-A,C1,Center,0.0,0.0,2093.74,2052.71,2028.09,3156.4,True,True,True,True,0,0.0,
3946,Rev4,4,W137,AE-3200,CH-A,MID-01,Mid,0.52,30.0,2146.74,2132.04,2160.63,3098.7,True,True,True,True,0,0.0,
3947,Rev4,4,W137,AE-3200,CH-A,MID-02,Mid,0.52,90.0,2166.38,2090.61,2037.72,3118.6,True,True,True,True,0,0.0,
3948,Rev4,4,W137,AE-3200,CH-A,MID-03,Mid,0.52,150.0,2173.71,2084.78,2074.06,3260.9,True,True,True,True,0,0.0,
3949,Rev4,4,W137,AE-3200,CH-A,MID-04,Mid,0.52,210.0,2146.43,2160.81,2126.88,3261.1,True,True,True,True,0,0.0,
3950,Rev4,4,W137,AE-3200,CH-A,MID-05,Mid,0.52,270.0,2141.23,2119.72,2064.24,3145.8,True,True,True,True,0,0.0,
3951,Rev4,4,W137,AE-3200,CH-A,MID-06,Mid,0.52,330.0,2161.97,2089.88,2109.5,3033.2,True,True,True,True,0,0.0,
3952,Rev4,4,W137,AE-3200,CH-A,EDG-01,Edge,0.84,0.0,2164.54,2147.86,2058.5,3423.2,True,True,True,True,0,0.0,
3953,Rev4,4,W137,AE-3200,CH-A,EDG-02,Edge,0.84,32.7,2159.82,2121.76,2024.69,3509.5,True,True,True,False,2,7.67,
3954,Rev4,4,W137,AE-3200,CH-A,EDG-03,Edge,0.84,65.5,2122.25,2153.32,2074.82,3127.6,True,True,True,True,1,4.29,esc_temp_drift
3955,Rev4,4,W137,AE-3200,CH-A,EDG-04,Edge,0.84,98.2,2139.04,2145.97,2151.84,3336.7,True,True,True,True,0,0.0,
3956,Rev4,4,W137,AE-3200,CH-A,EDG-05,Edge,0.84,130.9,2140.66,2101.92,2040.41,3365.9,True,True,True,True,0,0.0,
3957,Rev4,4,W137,AE-3200,CH-A,EDG-06,Edge,0.84,163.6,2150.71,2139.24,1985.4,3358.4,True,True,True,True,0,0.0,
3958,Rev4,4,W137,AE-3200,CH-A,EDG-07,Edge,0.84,196.4,2197.78,2115.38,2075.6,3182.7,True,True,True,True,1,4.41,polymer_residue
3959,Rev4,4,W137,AE-3200,CH-A,EDG-08,Edge,0.84,229.1,2147.53,2111.83,2085.16,3436.1,True,True,True,True,0,0.0,
3960,Rev4,4,W137,AE-3200,CH-A,EDG-09,Edge,0.84,261.8,2167.48,2084.21,2122.69,3260.8,True,True,True,True,0,0.0,
3961,Rev4,4,W137,AE-3200,CH-A,EDG-10,Edge,0.84,294.5,2159.17,2134.03,2144.96,3247.7,True,True,True,True,1,4.72,polymer_residue
3962,Rev4,4,W137,AE-3200,CH-A,EDG-11,Edge,0.84,327.3,2138.63,2112.21,1967.62,3101.4,True,True,True,True,1,3.15,polymer_residue
3963,Rev4,4,W137,AE-3200,CH-A,EXT-01,Extreme Edge,0.96,16.4,2163.45,2175.59,2058.53,3143.0,True,True,True,True,2,9.8,
3964,Rev4,4,W137,AE-3200,CH-A,EXT-02,Extreme Edge,0.96,49.1,2191.59,2127.98,2003.49,3505.2,True,True,True,False,0,0.0,
3965,Rev4,4,W137,AE-3200,CH-A,EXT-03,Extreme Edge,0.96,81.8,2179.55,2165.22,2052.35,3202.3,True,True,True,True,1,2.55,polymer_residue
3966,Rev4,4,W137,AE-3200,CH-A,EXT-04,Extreme Edge,0.96,114.5,2135.36,2202.12,2089.91,3186.0,True,False,True,True,0,0.0,
3967,Rev4,4,W137,AE-3200,CH-A,EXT-05,Extreme Edge,0.96,147.3,2175.54,2198.44,2128.7,3437.4,True,False,True,True,0,0.0,
3968,Rev4,4,W137,AE-3200,CH-A,EXT-06,Extreme Edge,0.96,180.0,2145.88,2124.17,2013.28,3558.3,True,True,True,False,0,0.0,
3969,Rev4,4,W137,AE-3200,CH-A,EXT-07,Extreme Edge,0.96,212.7,2152.54,2169.41,1985.26,3172.2,True,True,True,True,0,0.0,
3970,Rev4,4,W137,AE-3200,CH-A,EXT-08,Extreme Edge,0.96,245.5,2179.53,2145.77,2012.08,3211.5,True,True,True,True,1,3.88,endpoint_late
3971,Rev4,4,W137,AE-3200,CH-A,EXT-09,Extreme Edge,0.96,278.2,2187.21,2147.28,2043.64,3340.4,True,True,True,True,0,0.0,
3972,Rev4,4,W137,AE-3200,CH-A,EXT-10,Extreme Edge,0.96,310.9,2188.87,2144.8,2147.63,3197.8,True,True,True,True,0,0.0,
3973,Rev4,4,W137,AE-3200,CH-A,EXT-11,Extreme Edge,0.96,343.6,2163.02,2130.76,1976.49,3527.3,True,True,True,False,1,5.35,polymer_residue
3974,Rev8,8,W138,AE-3200,CH-A,C1,Center,0.0,0.0,2163.12,2086.84,2011.39,3108.2,True,True,True,True,1,5.84,polymer_residue
3975,Rev8,8,W138,AE-3200,CH-A,MID-01,Mid,0.52,30.0,2205.64,2118.6,2110.88,3497.0,True,True,True,True,0,0.0,
3976,Rev8,8,W138,AE-3200,CH-A,MID-02,Mid,0.52,90.0,2186.18,2088.33,1976.36,3327.2,True,True,True,True,0,0.0,
3977,Rev8,8,W138,AE-3200,CH-A,MID-03,Mid,0.52,150.0,2161.08,2125.17,2096.05,3206.8,True,True,True,True,0,0.0,
3978,Rev8,8,W138,AE-3200,CH-A,MID-04,Mid,0.52,210.0,2233.27,2150.78,2020.91,3432.0,False,True,True,True,1,2.42,
3979,Rev8,8,W138,AE-3200,CH-A,MID-05,Mid,0.52,270.0,2172.54,2143.55,1992.43,3295.1,True,True,True,True,0,0.0,
3980,Rev8,8,W138,AE-3200,CH-A,MID-06,Mid,0.52,330.0,2198.37,2101.05,2062.67,3186.7,True,True,True,True,0,0.0,
3981,Rev8,8,W138,AE-3200,CH-A,EDG-01,Edge,0.84,0.0,2191.54,2070.53,2063.77,3376.4,True,True,True,True,0,0.0,
3982,Rev8,8,W138,AE-3200,CH-A,EDG-02,Edge,0.84,32.7,2182.81,2106.45,2120.76,3231.1,True,True,True,True,0,0.0,
3983,Rev8,8,W138,AE-3200,CH-A,EDG-03,Edge,0.84,65.5,2212.22,2132.18,2073.81,3275.8,True,True,True,True,1,6.04,
3984,Rev8,8,W138,AE-3200,CH-A,EDG-04,Edge,0.84,98.2,2250.98,2095.2,2087.49,3130.4,False,True,True,True,0,0.0,
3985,Rev8,8,W138,AE-3200,CH-A,EDG-05,Edge,0.84,130.9,2237.08,2115.3,2007.29,3492.9,False,True,True,True,0,0.0,
3986,Rev8,8,W138,AE-3200,CH-A,EDG-06,Edge,0.84,163.6,2206.16,2148.98,2074.25,3144.7,True,True,True,True,1,3.23,esc_temp_drift
3987,Rev8,8,W138,AE-3200,CH-A,EDG-07,Edge,0.84,196.4,2210.7,2089.08,2048.98,3109.3,True,True,True,True,0,0.0,
3988,Rev8,8,W138,AE-3200,CH-A,EDG-08,Edge,0.84,229.1,2175.26,2097.12,2076.2,3200.6,True,True,True,True,0,0.0,
3989,Rev8,8,W138,AE-3200,CH-A,EDG-09,Edge,0.84,261.8,2188.11,2111.35,2106.43,3242.9,True,True,True,True,1,3.25,polymer_residue
3990,Rev8,8,W138,AE-3200,CH-A,EDG-10,Edge,0.84,294.5,2206.92,2086.25,2038.5,3430.4,True,True,True,True,0,0.0,
3991,Rev8,8,W138,AE-3200,CH-A,EDG-11,Edge,0.84,327.3,2200.61,2079.67,2013.77,3295.9,True,True,True,True,1,2.66,
3992,Rev8,8,W138,AE-3200,CH-A,EXT-01,Extreme Edge,0.96,16.4,2179.73,2174.5,2124.36,3400.2,True,True,True,True,0,0.0,
3993,Rev8,8,W138,AE-3200,CH-A,EXT-02,Extreme Edge,0.96,49.1,2209.33,2175.09,2071.02,3618.1,True,True,True,False,0,0.0,
3994,Rev8,8,W138,AE-3200,CH-A,EXT-03,Extreme Edge,0.96,81.8,2276.08,2168.52,2109.15,3142.8,False,True,True,True,2,8.04,pressure_spike
3995,Rev8,8,W138,AE-3200,CH-A,EXT-04,Extreme Edge,0.96,114.5,2237.53,2117.97,2078.41,3320.7,False,True,True,True,0,0.0,
3996,Rev8,8,W138,AE-3200,CH-A,EXT-05,Extreme Edge,0.96,147.3,2235.47,2086.87,2064.69,3581.6,False,True,True,False,1,3.62,
3997,Rev8,8,W138,AE-3200,CH-A,EXT-06,Extreme Edge,0.96,180.0,2206.11,2201.04,2079.68,3477.5,True,False,True,True,0,0.0,
3998,Rev8,8,W138,AE-3200,CH-A,EXT-07,Extreme Edge,0.96,212.7,2237.88,2130.22,2024.3,3450.1,False,True,True,True,2,9.12,
3999,Rev8,8,W138,AE-3200,CH-A,EXT-08,Extreme Edge,0.96,245.5,2220.84,2132.2,2051.52,3109.1,True,True,True,True,0,0.0,
4000,Rev8,8,W138,AE-3200,CH-A,EXT-09,Extreme Edge,0.96,278.2,2245.04,2111.59,2040.42,3387.3,False,True,True,True,1,6.45,polymer_residue
4001,Rev8,8,W138,AE-3200,CH-A,EXT-10,Extreme Edge,0.96,310.9,2200.69,2128.99,1962.76,3355.8,True,True,True,True,0,0.0,
4002,Rev8,8,W138,AE-3200,CH-A,EXT-11,Extreme Edge,0.96,343.6,2209.43,2132.62,2155.41,3461.2,True,True,True,True,1,3.64,pressure_spike
4003,Rev4,4,W139,AE-3200,CH-A,C1,Center,0.0,0.0,2091.67,2019.66,2016.21,3041.6,True,True,True,True,0,0.0,
4004,Rev4,4,W139,AE-3200,CH-A,MID-01,Mid,0.52,30.0,2070.96,2048.02,1946.28,3001.7,False,True,True,True,0,0.0,
4005,Rev4,4,W139,AE-3200,CH-A,MID-02,Mid,0.52,90.0,2082.6,2053.93,1995.74,3292.2,True,True,True,True,0,0.0,
4006,Rev4,4,W139,AE-3200,CH-A,MID-03,Mid,0.52,150.0,2107.05,2063.29,2072.77,3227.7,True,True,True,True,0,0.0,
4007,Rev4,4,W139,AE-3200,CH-A,MID-04,Mid,0.52,210.0,2096.0,2113.76,1906.54,3213.5,True,True,True,True,0,0.0,
4008,Rev4,4,W139,AE-3200,CH-A,MID-05,Mid,0.52,270.0,2080.94,2044.33,2094.06,3196.4,True,True,True,True,0,0.0,
4009,Rev4,4,W139,AE-3200,CH-A,MID-06,Mid,0.52,330.0,2106.14,2079.12,2100.58,3280.5,True,True,True,True,1,2.14,esc_temp_drift
4010,Rev4,4,W139,AE-3200,CH-A,EDG-01,Edge,0.84,0.0,2140.54,2098.92,2154.56,3384.4,True,True,True,True,0,0.0,
4011,Rev4,4,W139,AE-3200,CH-A,EDG-02,Edge,0.84,32.7,2146.99,2040.9,2050.46,3080.0,True,True,True,True,0,0.0,
4012,Rev4,4,W139,AE-3200,CH-A,EDG-03,Edge,0.84,65.5,2090.89,2121.52,2039.66,3212.9,True,True,True,True,0,0.0,
4013,Rev4,4,W139,AE-3200,CH-A,EDG-04,Edge,0.84,98.2,2144.1,2081.89,2098.94,3181.9,True,True,True,True,0,0.0,
4014,Rev4,4,W139,AE-3200,CH-A,EDG-05,Edge,0.84,130.9,2153.97,2099.12,2157.83,3223.7,True,True,True,True,1,1.98,endpoint_late
4015,Rev4,4,W139,AE-3200,CH-A,EDG-06,Edge,0.84,163.6,2108.25,2142.15,2111.33,3219.2,True,True,True,True,1,2.15,arc_event
4016,Rev4,4,W139,AE-3200,CH-A,EDG-07,Edge,0.84,196.4,2077.64,2118.54,2053.74,3250.3,True,True,True,True,0,0.0,
4017,Rev4,4,W139,AE-3200,CH-A,EDG-08,Edge,0.84,229.1,2170.65,2052.82,2099.85,3249.6,True,True,True,True,0,0.0,
4018,Rev4,4,W139,AE-3200,CH-A,EDG-09,Edge,0.84,261.8,2108.99,2086.45,2130.61,3242.8,True,True,True,True,0,0.0,
4019,Rev4,4,W139,AE-3200,CH-A,EDG-10,Edge,0.84,294.5,2165.39,2052.34,2116.07,3138.4,True,True,True,True,0,0.0,
4020,Rev4,4,W139,AE-3200,CH-A,EDG-11,Edge,0.84,327.3,2110.48,2063.73,2147.09,3379.0,True,True,True,True,0,0.0,
4021,Rev4,4,W139,AE-3200,CH-A,EXT-01,Extreme Edge,0.96,16.4,2111.67,2131.5,2153.09,3275.3,True,True,True,True,1,5.51,polymer_residue
4022,Rev4,4,W139,AE-3200,CH-A,EXT-02,Extreme Edge,0.96,49.1,2128.83,2076.27,2119.61,3330.3,True,True,True,True,1,3.22,arc_event
4023,Rev4,4,W139,AE-3200,CH-A,EXT-03,Extreme Edge,0.96,81.8,2165.2,2135.94,2045.47,3436.9,True,True,True,True,1,2.21,
4024,Rev4,4,W139,AE-3200,CH-A,EXT-04,Extreme Edge,0.96,114.5,2180.28,2095.21,2085.05,3266.4,True,True,True,True,1,5.72,endpoint_late
4025,Rev4,4,W139,AE-3200,CH-A,EXT-05,Extreme Edge,0.96,147.3,2131.0,2094.23,2097.73,3492.0,True,True,True,True,1,4.24,esc_temp_drift
4026,Rev4,4,W139,AE-3200,CH-A,EXT-06,Extreme Edge,0.96,180.0,2178.76,2096.53,2154.46,3087.9,True,True,True,True,2,7.19,arc_event
4027,Rev4,4,W139,AE-3200,CH-A,EXT-07,Extreme Edge,0.96,212.7,2151.7,2067.2,2170.5,3273.0,True,True,False,True,1,2.92,pressure_spike
4028,Rev4,4,W139,AE-3200,CH-A,EXT-08,Extreme Edge,0.96,245.5,2131.88,2069.48,2115.72,3281.8,True,True,True,True,0,0.0,
4029,Rev4,4,W139,AE-3200,CH-A,EXT-09,Extreme Edge,0.96,278.2,2173.06,2142.72,2104.28,3271.2,True,True,True,True,1,3.67,
4030,Rev4,4,W139,AE-3200,CH-A,EXT-10,Extreme Edge,0.96,310.9,2115.63,2089.64,2025.89,3212.9,True,True,True,True,0,0.0,
4031,Rev4,4,W139,AE-3200,CH-A,EXT-11,Extreme Edge,0.96,343.6,2129.53,2117.58,2082.46,3532.2,True,True,True,False,0,0.0,
4032,Rev9,9,W140,AE-3200,CH-B,C1,Center,0.0,0.0,2147.96,2147.6,2091.01,3064.1,True,True,True,True,0,0.0,
4033,Rev9,9,W140,AE-3200,CH-B,MID-01,Mid,0.52,30.0,2176.09,2156.35,2028.24,3286.7,True,True,True,True,1,4.49,pressure_spike
4034,Rev9,9,W140,AE-3200,CH-B,MID-02,Mid,0.52,90.0,2132.44,2145.18,2203.84,3516.0,True,True,False,False,2,6.08,arc_event
4035,Rev9,9,W140,AE-3200,CH-B,MID-03,Mid,0.52,150.0,2159.1,2138.97,2151.07,3472.8,True,True,True,True,1,2.07,esc_temp_drift
4036,Rev9,9,W140,AE-3200,CH-B,MID-04,Mid,0.52,210.0,2163.63,2181.1,2171.22,3471.4,True,True,False,True,0,0.0,
4037,Rev9,9,W140,AE-3200,CH-B,MID-05,Mid,0.52,270.0,2237.85,2122.69,2145.25,3309.9,False,True,True,True,0,0.0,
4038,Rev9,9,W140,AE-3200,CH-B,MID-06,Mid,0.52,330.0,2210.89,2142.36,2138.84,3328.0,True,True,True,True,0,0.0,
4039,Rev9,9,W140,AE-3200,CH-B,EDG-01,Edge,0.84,0.0,2197.68,2180.13,2116.12,3446.2,True,True,True,True,0,0.0,
4040,Rev9,9,W140,AE-3200,CH-B,EDG-02,Edge,0.84,32.7,2189.65,2157.16,2166.62,3406.5,True,True,True,True,0,0.0,
4041,Rev9,9,W140,AE-3200,CH-B,EDG-03,Edge,0.84,65.5,2240.7,2145.92,2048.08,3161.8,False,True,True,True,0,0.0,
4042,Rev9,9,W140,AE-3200,CH-B,EDG-04,Edge,0.84,98.2,2180.27,2158.76,2213.2,3399.5,True,True,False,True,2,6.75,
4043,Rev9,9,W140,AE-3200,CH-B,EDG-05,Edge,0.84,130.9,2176.28,2094.16,2125.31,3283.2,True,True,True,True,1,4.42,polymer_residue
4044,Rev9,9,W140,AE-3200,CH-B,EDG-06,Edge,0.84,163.6,2222.21,2124.85,2113.4,3189.9,True,True,True,True,0,0.0,
4045,Rev9,9,W140,AE-3200,CH-B,EDG-07,Edge,0.84,196.4,2218.83,2187.95,2074.9,3253.0,True,True,True,True,0,0.0,
4046,Rev9,9,W140,AE-3200,CH-B,EDG-08,Edge,0.84,229.1,2227.68,2154.0,2160.41,3371.1,False,True,True,True,1,5.37,endpoint_late
4047,Rev9,9,W140,AE-3200,CH-B,EDG-09,Edge,0.84,261.8,2192.35,2059.42,2089.4,3263.8,True,True,True,True,0,0.0,
4048,Rev9,9,W140,AE-3200,CH-B,EDG-10,Edge,0.84,294.5,2231.53,2146.12,2119.11,3310.9,False,True,True,True,3,18.41,
4049,Rev9,9,W140,AE-3200,CH-B,EDG-11,Edge,0.84,327.3,2208.24,2190.7,2185.83,3434.2,True,True,False,True,1,5.85,pressure_spike
4050,Rev9,9,W140,AE-3200,CH-B,EXT-01,Extreme Edge,0.96,16.4,2197.78,2187.78,2124.52,3389.8,True,True,True,True,0,0.0,
4051,Rev9,9,W140,AE-3200,CH-B,EXT-02,Extreme Edge,0.96,49.1,2203.43,2131.45,2110.12,3432.7,True,True,True,True,0,0.0,
4052,Rev9,9,W140,AE-3200,CH-B,EXT-03,Extreme Edge,0.96,81.8,2177.28,2190.48,2056.62,3240.5,True,True,True,True,0,0.0,
4053,Rev9,9,W140,AE-3200,CH-B,EXT-04,Extreme Edge,0.96,114.5,2234.99,2181.64,2163.15,3494.4,False,True,True,True,0,0.0,
4054,Rev9,9,W140,AE-3200,CH-B,EXT-05,Extreme Edge,0.96,147.3,2191.25,2159.73,2160.19,3449.7,True,True,True,True,0,0.0,
4055,Rev9,9,W140,AE-3200,CH-B,EXT-06,Extreme Edge,0.96,180.0,2193.05,2142.01,2150.87,3238.1,True,True,True,True,0,0.0,
4056,Rev9,9,W140,AE-3200,CH-B,EXT-07,Extreme Edge,0.96,212.7,2203.5,2186.16,2159.56,3317.0,True,True,True,True,0,0.0,
4057,Rev9,9,W140,AE-3200,CH-B,EXT-08,Extreme Edge,0.96,245.5,2202.69,2142.99,2163.09,3531.7,True,True,True,False,0,0.0,
4058,Rev9,9,W140,AE-3200,CH-B,EXT-09,Extreme Edge,0.96,278.2,2221.44,2197.15,2247.36,3413.9,True,False,False,True,3,12.27,arc_event
4059,Rev9,9,W140,AE-3200,CH-B,EXT-10,Extreme Edge,0.96,310.9,2209.55,2207.61,2026.15,3311.5,True,False,True,True,0,0.0,
4060,Rev9,9,W140,AE-3200,CH-B,EXT-11,Extreme Edge,0.96,343.6,2210.87,2173.67,2162.18,3188.7,True,True,True,True,1,2.42,
4061,Rev6,6,W141,PX-7500,CH-C,C1,Center,0.0,0.0,2155.33,2121.37,2141.46,3089.4,True,True,True,True,0,0.0,
4062,Rev6,6,W141,PX-7500,CH-C,MID-01,Mid,0.52,30.0,2145.88,2077.59,2148.89,3210.9,True,True,True,True,0,0.0,
4063,Rev6,6,W141,PX-7500,CH-C,MID-02,Mid,0.52,90.0,2168.34,2056.25,2131.83,3144.2,True,True,True,True,0,0.0,
4064,Rev6,6,W141,PX-7500,CH-C,MID-03,Mid,0.52,150.0,2167.08,2110.54,2201.07,3425.4,True,True,False,True,0,0.0,
4065,Rev6,6,W141,PX-7500,CH-C,MID-04,Mid,0.52,210.0,2171.61,2213.39,2173.56,3457.8,True,False,False,True,0,0.0,
4066,Rev6,6,W141,PX-7500,CH-C,MID-05,Mid,0.52,270.0,2158.13,2151.55,2181.56,3087.1,True,True,False,True,0,0.0,
4067,Rev6,6,W141,PX-7500,CH-C,MID-06,Mid,0.52,330.0,2190.21,2113.81,2133.94,3375.4,True,True,True,True,1,3.35,
4068,Rev6,6,W141,PX-7500,CH-C,EDG-01,Edge,0.84,0.0,2194.68,2154.07,2173.54,3256.5,True,True,False,True,1,4.44,endpoint_late
4069,Rev6,6,W141,PX-7500,CH-C,EDG-02,Edge,0.84,32.7,2163.06,2149.51,2213.99,3455.1,True,True,False,True,0,0.0,
4070,Rev6,6,W141,PX-7500,CH-C,EDG-03,Edge,0.84,65.5,2192.96,2160.8,2178.25,3442.2,True,True,False,True,1,2.47,polymer_residue
4071,Rev6,6,W141,PX-7500,CH-C,EDG-04,Edge,0.84,98.2,2166.62,2192.04,2270.07,3253.6,True,True,False,True,0,0.0,
4072,Rev6,6,W141,PX-7500,CH-C,EDG-05,Edge,0.84,130.9,2195.58,2159.71,2255.25,3378.4,True,True,False,True,0,0.0,
4073,Rev6,6,W141,PX-7500,CH-C,EDG-06,Edge,0.84,163.6,2201.4,2149.32,2212.39,3272.5,True,True,False,True,2,11.87,polymer_residue
4074,Rev6,6,W141,PX-7500,CH-C,EDG-07,Edge,0.84,196.4,2195.04,2172.73,2155.57,3372.0,True,True,True,True,0,0.0,
4075,Rev6,6,W141,PX-7500,CH-C,EDG-08,Edge,0.84,229.1,2171.02,2121.49,2131.02,3191.1,True,True,True,True,0,0.0,
4076,Rev6,6,W141,PX-7500,CH-C,EDG-09,Edge,0.84,261.8,2215.49,2215.43,2183.21,3435.1,True,False,False,True,0,0.0,
4077,Rev6,6,W141,PX-7500,CH-C,EDG-10,Edge,0.84,294.5,2233.47,2170.84,2260.69,3442.2,False,True,False,True,1,3.15,
4078,Rev6,6,W141,PX-7500,CH-C,EDG-11,Edge,0.84,327.3,2177.6,2167.76,2183.7,3389.1,True,True,False,True,1,3.21,
4079,Rev6,6,W141,PX-7500,CH-C,EXT-01,Extreme Edge,0.96,16.4,2206.12,2112.28,2236.68,3438.0,True,True,False,True,0,0.0,
4080,Rev6,6,W141,PX-7500,CH-C,EXT-02,Extreme Edge,0.96,49.1,2205.21,2117.0,2224.85,3547.7,True,True,False,False,1,2.25,arc_event
4081,Rev6,6,W141,PX-7500,CH-C,EXT-03,Extreme Edge,0.96,81.8,2218.89,2184.0,2299.88,3331.3,True,True,False,True,1,6.46,esc_temp_drift
4082,Rev6,6,W141,PX-7500,CH-C,EXT-04,Extreme Edge,0.96,114.5,2228.66,2177.14,2120.76,3425.5,False,True,True,True,1,4.63,arc_event
4083,Rev6,6,W141,PX-7500,CH-C,EXT-05,Extreme Edge,0.96,147.3,2231.11,2144.83,2170.82,3517.5,False,True,False,False,0,0.0,
4084,Rev6,6,W141,PX-7500,CH-C,EXT-06,Extreme Edge,0.96,180.0,2242.87,2155.1,2178.96,3516.9,False,True,False,False,0,0.0,
4085,Rev6,6,W141,PX-7500,CH-C,EXT-07,Extreme Edge,0.96,212.7,2214.99,2250.1,2289.54,3476.0,True,False,False,True,0,0.0,
4086,Rev6,6,W141,PX-7500,CH-C,EXT-08,Extreme Edge,0.96,245.5,2183.19,2162.03,2177.24,3223.2,True,True,False,True,0,0.0,
4087,Rev6,6,W141,PX-7500,CH-C,EXT-09,Extreme Edge,0.96,278.2,2199.6,2200.58,2201.95,3284.5,True,False,False,True,1,4.57,polymer_residue
4088,Rev6,6,W141,PX-7500,CH-C,EXT-10,Extreme Edge,0.96,310.9,2212.86,2150.28,2207.23,3302.8,True,True,False,True,1,5.34,polymer_residue
4089,Rev6,6,W141,PX-7500,CH-C,EXT-11,Extreme Edge,0.96,343.6,2212.29,2103.66,2126.73,3299.9,True,True,True,True,0,0.0,
4090,Base,0,W142,AE-3200,CH-A,C1,Center,0.0,0.0,2170.51,2091.82,2015.26,3281.4,True,True,True,True,0,0.0,
4091,Base,0,W142,AE-3200,CH-A,MID-01,Mid,0.52,30.0,2137.12,2157.82,2084.55,3617.5,True,True,True,False,0,0.0,
4092,Base,0,W142,AE-3200,CH-A,MID-02,Mid,0.52,90.0,2124.35,2161.19,2021.8,3264.7,True,True,True,True,0,0.0,
4093,Base,0,W142,AE-3200,CH-A,MID-03,Mid,0.52,150.0,2125.31,2128.03,1938.86,3408.4,True,True,True,True,0,0.0,
4094,Base,0,W142,AE-3200,CH-A,MID-04,Mid,0.52,210.0,2162.99,2071.58,1930.18,3251.9,True,True,True,True,0,0.0,
4095,Base,0,W142,AE-3200,CH-A,MID-05,Mid,0.52,270.0,2130.2,2134.05,1857.97,3328.3,True,True,False,True,0,0.0,
4096,Base,0,W142,AE-3200,CH-A,MID-06,Mid,0.52,330.0,2142.11,2071.63,1958.31,3440.8,True,True,True,True,1,5.51,polymer_residue
4097,Base,0,W142,AE-3200,CH-A,EDG-01,Edge,0.84,0.0,2190.09,2155.79,2020.66,3626.4,True,True,True,False,1,4.75,polymer_residue
4098,Base,0,W142,AE-3200,CH-A,EDG-02,Edge,0.84,32.7,2178.26,2143.66,2093.26,3532.6,True,True,True,False,2,5.09,polymer_residue
4099,Base,0,W142,AE-3200,CH-A,EDG-03,Edge,0.84,65.5,2198.29,2121.39,2123.84,3612.5,True,True,True,False,0,0.0,
4100,Base,0,W142,AE-3200,CH-A,EDG-04,Edge,0.84,98.2,2175.46,2186.71,1998.29,3602.5,True,True,True,False,0,0.0,
4101,Base,0,W142,AE-3200,CH-A,EDG-05,Edge,0.84,130.9,2184.38,2138.93,1886.99,3330.7,True,True,False,True,1,2.55,pressure_spike
4102,Base,0,W142,AE-3200,CH-A,EDG-06,Edge,0.84,163.6,2148.68,2176.16,2051.16,3216.4,True,True,True,True,0,0.0,
4103,Base,0,W142,AE-3200,CH-A,EDG-07,Edge,0.84,196.4,2200.4,2138.1,2083.88,3340.3,True,True,True,True,0,0.0,
4104,Base,0,W142,AE-3200,CH-A,EDG-08,Edge,0.84,229.1,2151.96,2161.38,2041.52,3428.0,True,True,True,True,0,0.0,
4105,Base,0,W142,AE-3200,CH-A,EDG-09,Edge,0.84,261.8,2168.61,2154.09,2049.61,3520.6,True,True,True,False,0,0.0,
4106,Base,0,W142,AE-3200,CH-A,EDG-10,Edge,0.84,294.5,2200.15,2163.64,2029.26,3355.4,True,True,True,True,0,0.0,
4107,Base,0,W142,AE-3200,CH-A,EDG-11,Edge,0.84,327.3,2176.9,2190.57,1991.18,3249.8,True,True,True,True,0,0.0,
4108,Base,0,W142,AE-3200,CH-A,EXT-01,Extreme Edge,0.96,16.4,2169.52,2165.32,1979.68,3501.1,True,True,True,False,0,0.0,
4109,Base,0,W142,AE-3200,CH-A,EXT-02,Extreme Edge,0.96,49.1,2189.44,2204.3,2048.65,3470.4,True,False,True,True,0,0.0,
4110,Base,0,W142,AE-3200,CH-A,EXT-03,Extreme Edge,0.96,81.8,2158.1,2154.71,2018.77,3567.6,True,True,True,False,0,0.0,
4111,Base,0,W142,AE-3200,CH-A,EXT-04,Extreme Edge,0.96,114.5,2159.81,2135.98,2026.28,3335.9,True,True,True,True,0,0.0,
4112,Base,0,W142,AE-3200,CH-A,EXT-05,Extreme Edge,0.96,147.3,2169.05,2169.62,2186.23,3538.5,True,True,False,False,0,0.0,
4113,Base,0,W142,AE-3200,CH-A,EXT-06,Extreme Edge,0.96,180.0,2171.65,2119.99,1875.14,3428.5,True,True,False,True,1,5.7,polymer_residue
4114,Base,0,W142,AE-3200,CH-A,EXT-07,Extreme Edge,0.96,212.7,2201.06,2123.98,1978.36,3517.3,True,True,True,False,2,12.32,polymer_residue
4115,Base,0,W142,AE-3200,CH-A,EXT-08,Extreme Edge,0.96,245.5,2169.71,2128.63,1988.51,3422.3,True,True,True,True,2,6.25,
4116,Base,0,W142,AE-3200,CH-A,EXT-09,Extreme Edge,0.96,278.2,2168.31,2164.37,2047.53,3213.9,True,True,True,True,0,0.0,
4117,Base,0,W142,AE-3200,CH-A,EXT-10,Extreme Edge,0.96,310.9,2225.2,2169.26,2079.87,3482.0,False,True,True,True,1,4.76,
4118,Base,0,W142,AE-3200,CH-A,EXT-11,Extreme Edge,0.96,343.6,2206.3,2189.85,1975.0,3445.7,True,True,True,True,2,8.82,
4119,Rev8,8,W143,AE-3200,CH-A,C1,Center,0.0,0.0,2121.07,2032.11,2091.27,3117.8,True,True,True,True,0,0.0,
4120,Rev8,8,W143,AE-3200,CH-A,MID-01,Mid,0.52,30.0,2148.47,2119.01,2072.7,3381.0,True,True,True,True,0,0.0,
4121,Rev8,8,W143,AE-3200,CH-A,MID-02,Mid,0.52,90.0,2163.43,2100.87,1979.72,3168.3,True,True,True,True,0,0.0,
4122,Rev8,8,W143,AE-3200,CH-A,MID-03,Mid,0.52,150.0,2149.75,2092.81,2065.67,3173.4,True,True,True,True,0,0.0,
4123,Rev8,8,W143,AE-3200,CH-A,MID-04,Mid,0.52,210.0,2178.59,2104.06,2123.33,3288.9,True,True,True,True,0,0.0,
4124,Rev8,8,W143,AE-3200,CH-A,MID-05,Mid,0.52,270.0,2160.3,2106.07,2170.15,3259.2,True,True,False,True,0,0.0,
4125,Rev8,8,W143,AE-3200,CH-A,MID-06,Mid,0.52,330.0,2193.45,2106.52,2076.99,2971.6,True,True,True,False,0,0.0,
4126,Rev8,8,W143,AE-3200,CH-A,EDG-01,Edge,0.84,0.0,2194.47,2181.16,2034.75,3565.7,True,True,True,False,2,8.35,
4127,Rev8,8,W143,AE-3200,CH-A,EDG-02,Edge,0.84,32.7,2208.33,2139.28,1990.78,3278.3,True,True,True,True,1,2.44,polymer_residue
4128,Rev8,8,W143,AE-3200,CH-A,EDG-03,Edge,0.84,65.5,2195.9,2168.76,2168.62,3211.2,True,True,True,True,0,0.0,
4129,Rev8,8,W143,AE-3200,CH-A,EDG-04,Edge,0.84,98.2,2215.98,2157.49,2117.57,3251.8,True,True,True,True,0,0.0,
4130,Rev8,8,W143,AE-3200,CH-A,EDG-05,Edge,0.84,130.9,2166.19,2128.41,2136.21,3103.5,True,True,True,True,0,0.0,
4131,Rev8,8,W143,AE-3200,CH-A,EDG-06,Edge,0.84,163.6,2188.7,2152.8,2060.9,3332.3,True,True,True,True,0,0.0,
4132,Rev8,8,W143,AE-3200,CH-A,EDG-07,Edge,0.84,196.4,2221.59,2117.29,2105.13,3116.6,True,True,True,True,0,0.0,
4133,Rev8,8,W143,AE-3200,CH-A,EDG-08,Edge,0.84,229.1,2199.62,2104.19,2107.08,3536.2,True,True,True,False,1,4.25,
4134,Rev8,8,W143,AE-3200,CH-A,EDG-09,Edge,0.84,261.8,2201.3,2196.0,1982.44,3306.9,True,False,True,True,1,5.11,arc_event
4135,Rev8,8,W143,AE-3200,CH-A,EDG-10,Edge,0.84,294.5,2221.23,2088.77,2092.06,3213.3,True,True,True,True,0,0.0,
4136,Rev8,8,W143,AE-3200,CH-A,EDG-11,Edge,0.84,327.3,2194.61,2114.55,2029.37,3425.0,True,True,True,True,1,6.03,
4137,Rev8,8,W143,AE-3200,CH-A,EXT-01,Extreme Edge,0.96,16.4,2202.95,2143.15,2217.55,3392.7,True,True,False,True,1,3.01,
4138,Rev8,8,W143,AE-3200,CH-A,EXT-02,Extreme Edge,0.96,49.1,2246.03,2132.97,2233.37,3263.3,False,True,False,True,0,0.0,
4139,Rev8,8,W143,AE-3200,CH-A,EXT-03,Extreme Edge,0.96,81.8,2215.9,2126.06,2135.98,3231.6,True,True,True,True,0,0.0,
4140,Rev8,8,W143,AE-3200,CH-A,EXT-04,Extreme Edge,0.96,114.5,2237.49,2111.27,2114.26,2988.0,False,True,True,False,1,2.13,polymer_residue
4141,Rev8,8,W143,AE-3200,CH-A,EXT-05,Extreme Edge,0.96,147.3,2233.68,2163.54,2192.55,3361.2,False,True,False,True,1,5.13,polymer_residue
4142,Rev8,8,W143,AE-3200,CH-A,EXT-06,Extreme Edge,0.96,180.0,2215.82,2104.32,2155.27,3244.3,True,True,True,True,0,0.0,
4143,Rev8,8,W143,AE-3200,CH-A,EXT-07,Extreme Edge,0.96,212.7,2286.1,2173.2,2105.99,3274.4,False,True,True,True,1,5.67,
4144,Rev8,8,W143,AE-3200,CH-A,EXT-08,Extreme Edge,0.96,245.5,2207.63,2141.82,2228.96,3174.1,True,True,False,True,1,3.31,
4145,Rev8,8,W143,AE-3200,CH-A,EXT-09,Extreme Edge,0.96,278.2,2203.95,2118.14,2035.52,3381.8,True,True,True,True,0,0.0,
4146,Rev8,8,W143,AE-3200,CH-A,EXT-10,Extreme Edge,0.96,310.9,2204.85,2184.51,2054.94,3119.0,True,True,True,True,0,0.0,
4147,Rev8,8,W143,AE-3200,CH-A,EXT-11,Extreme Edge,0.96,343.6,2225.67,2115.48,2100.43,3353.6,False,True,True,True,0,0.0,
4148,Base,0,W144,AE-3200,CH-A,C1,Center,0.0,0.0,2168.48,2103.47,2099.63,3260.2,True,True,True,True,1,5.52,pressure_spike
4149,Base,0,W144,AE-3200,CH-A,MID-01,Mid,0.52,30.0,2138.85,2083.18,2075.17,3387.5,True,True,True,True,0,0.0,
4150,Base,0,W144,AE-3200,CH-A,MID-02,Mid,0.52,90.0,2185.29,2092.93,2047.6,3396.9,True,True,True,True,0,0.0,
4151,Base,0,W144,AE-3200,CH-A,MID-03,Mid,0.52,150.0,2199.73,2118.12,2117.98,3298.4,True,True,True,True,0,0.0,
4152,Base,0,W144,AE-3200,CH-A,MID-04,Mid,0.52,210.0,2185.45,2106.96,2091.93,3309.3,True,True,True,True,0,0.0,
4153,Base,0,W144,AE-3200,CH-A,MID-05,Mid,0.52,270.0,2217.51,2108.4,2182.51,3322.5,True,True,False,True,0,0.0,
4154,Base,0,W144,AE-3200,CH-A,MID-06,Mid,0.52,330.0,2147.2,2148.44,2069.6,3349.1,True,True,True,True,0,0.0,
4155,Base,0,W144,AE-3200,CH-A,EDG-01,Edge,0.84,0.0,2182.27,2151.45,2167.72,3336.1,True,True,True,True,0,0.0,
4156,Base,0,W144,AE-3200,CH-A,EDG-02,Edge,0.84,32.7,2195.13,2145.72,2025.47,3456.5,True,True,True,True,0,0.0,
4157,Base,0,W144,AE-3200,CH-A,EDG-03,Edge,0.84,65.5,2202.88,2160.37,2257.83,3086.0,True,True,False,True,0,0.0,
4158,Base,0,W144,AE-3200,CH-A,EDG-04,Edge,0.84,98.2,2210.56,2129.89,1960.8,3218.1,True,True,True,True,0,0.0,
4159,Base,0,W144,AE-3200,CH-A,EDG-05,Edge,0.84,130.9,2166.91,2089.58,2122.5,3089.9,True,True,True,True,1,2.7,endpoint_late
4160,Base,0,W144,AE-3200,CH-A,EDG-06,Edge,0.84,163.6,2194.57,2081.57,2041.75,3047.5,True,True,True,True,1,3.38,polymer_residue
4161,Base,0,W144,AE-3200,CH-A,EDG-07,Edge,0.84,196.4,2149.44,2129.74,2175.72,3534.4,True,True,False,False,0,0.0,
4162,Base,0,W144,AE-3200,CH-A,EDG-08,Edge,0.84,229.1,2185.98,2103.58,2067.93,3575.6,True,True,True,False,1,5.24,
4163,Base,0,W144,AE-3200,CH-A,EDG-09,Edge,0.84,261.8,2197.59,2055.38,2032.29,3384.3,True,True,True,True,0,0.0,
4164,Base,0,W144,AE-3200,CH-A,EDG-10,Edge,0.84,294.5,2224.77,2148.18,2065.2,3108.1,True,True,True,True,0,0.0,
4165,Base,0,W144,AE-3200,CH-A,EDG-11,Edge,0.84,327.3,2208.19,2084.76,2103.3,3509.3,True,True,True,False,0,0.0,
4166,Base,0,W144,AE-3200,CH-A,EXT-01,Extreme Edge,0.96,16.4,2171.55,2154.05,2169.83,3577.1,True,True,True,False,0,0.0,
4167,Base,0,W144,AE-3200,CH-A,EXT-02,Extreme Edge,0.96,49.1,2195.95,2132.01,2068.62,3376.2,True,True,True,True,2,6.13,polymer_residue
4168,Base,0,W144,AE-3200,CH-A,EXT-03,Extreme Edge,0.96,81.8,2188.53,2105.54,2187.78,3370.5,True,True,False,True,0,0.0,
4169,Base,0,W144,AE-3200,CH-A,EXT-04,Extreme Edge,0.96,114.5,2163.06,2102.48,2125.98,3580.6,True,True,True,False,0,0.0,
4170,Base,0,W144,AE-3200,CH-A,EXT-05,Extreme Edge,0.96,147.3,2211.01,2113.71,2089.75,3237.7,True,True,True,True,2,4.81,
4171,Base,0,W144,AE-3200,CH-A,EXT-06,Extreme Edge,0.96,180.0,2217.5,2093.34,2115.37,3337.4,True,True,True,True,2,12.21,polymer_residue
4172,Base,0,W144,AE-3200,CH-A,EXT-07,Extreme Edge,0.96,212.7,2212.76,2115.57,2043.66,3419.3,True,True,True,True,0,0.0,
4173,Base,0,W144,AE-3200,CH-A,EXT-08,Extreme Edge,0.96,245.5,2193.86,2129.83,2102.07,3341.1,True,True,True,True,1,6.06,
4174,Base,0,W144,AE-3200,CH-A,EXT-09,Extreme Edge,0.96,278.2,2161.51,2175.4,2119.17,3374.8,True,True,True,True,2,5.19,
4175,Base,0,W144,AE-3200,CH-A,EXT-10,Extreme Edge,0.96,310.9,2171.81,2122.92,2038.07,3192.1,True,True,True,True,1,6.32,
4176,Base,0,W144,AE-3200,CH-A,EXT-11,Extreme Edge,0.96,343.6,2203.7,2113.6,2187.26,3203.0,True,True,False,True,0,0.0,
4177,Rev1,1,W145,AE-3200,CH-B,C1,Center,0.0,0.0,2119.04,2115.12,1949.45,3182.5,True,True,True,True,0,0.0,
4178,Rev1,1,W145,AE-3200,CH-B,MID-01,Mid,0.52,30.0,2195.97,2059.25,2059.87,3208.6,True,True,True,True,0,0.0,
4179,Rev1,1,W145,AE-3200,CH-B,MID-02,Mid,0.52,90.0,2168.93,1994.19,2028.76,3239.8,True,False,True,True,2,4.41,esc_temp_drift
4180,Rev1,1,W145,AE-3200,CH-B,MID-03,Mid,0.52,150.0,2227.55,2092.84,1941.56,3118.0,False,True,True,True,1,3.43,
4181,Rev1,1,W145,AE-3200,CH-B,MID-04,Mid,0.52,210.0,2242.62,2025.66,2027.01,3644.2,False,True,True,False,0,0.0,
4182,Rev1,1,W145,AE-3200,CH-B,MID-05,Mid,0.52,270.0,2253.1,2055.14,2074.51,3284.6,False,True,True,True,0,0.0,
4183,Rev1,1,W145,AE-3200,CH-B,MID-06,Mid,0.52,330.0,2192.25,2061.09,2049.17,3305.0,True,True,True,True,0,0.0,
4184,Rev1,1,W145,AE-3200,CH-B,EDG-01,Edge,0.84,0.0,2260.78,2062.35,2102.52,3188.8,False,True,True,True,0,0.0,
4185,Rev1,1,W145,AE-3200,CH-B,EDG-02,Edge,0.84,32.7,2217.03,2110.16,2088.47,3294.0,True,True,True,True,1,5.62,polymer_residue
4186,Rev1,1,W145,AE-3200,CH-B,EDG-03,Edge,0.84,65.5,2201.3,2037.36,2012.37,3358.2,True,True,True,True,0,0.0,
4187,Rev1,1,W145,AE-3200,CH-B,EDG-04,Edge,0.84,98.2,2187.04,2080.32,1967.16,3162.4,True,True,True,True,0,0.0,
4188,Rev1,1,W145,AE-3200,CH-B,EDG-05,Edge,0.84,130.9,2258.2,2104.67,1973.74,3124.4,False,True,True,True,2,8.32,
4189,Rev1,1,W145,AE-3200,CH-B,EDG-06,Edge,0.84,163.6,2203.25,2085.64,1975.93,3019.6,True,True,True,True,1,5.56,
4190,Rev1,1,W145,AE-3200,CH-B,EDG-07,Edge,0.84,196.4,2215.12,2055.67,2043.85,3282.3,True,True,True,True,1,4.47,endpoint_late
4191,Rev1,1,W145,AE-3200,CH-B,EDG-08,Edge,0.84,229.1,2241.79,2107.97,2170.66,3317.4,False,True,False,True,1,5.81,esc_temp_drift
4192,Rev1,1,W145,AE-3200,CH-B,EDG-09,Edge,0.84,261.8,2199.41,2049.82,2089.29,3393.7,True,True,True,True,0,0.0,
4193,Rev1,1,W145,AE-3200,CH-B,EDG-10,Edge,0.84,294.5,2198.01,2075.3,1965.63,3301.8,True,True,True,True,0,0.0,
4194,Rev1,1,W145,AE-3200,CH-B,EDG-11,Edge,0.84,327.3,2233.16,2056.78,2086.0,3172.1,False,True,True,True,1,2.39,polymer_residue
4195,Rev1,1,W145,AE-3200,CH-B,EXT-01,Extreme Edge,0.96,16.4,2202.81,2089.39,2111.44,3415.3,True,True,True,True,0,0.0,
4196,Rev1,1,W145,AE-3200,CH-B,EXT-02,Extreme Edge,0.96,49.1,2225.87,2058.09,2061.8,3469.5,False,True,True,True,0,0.0,
4197,Rev1,1,W145,AE-3200,CH-B,EXT-03,Extreme Edge,0.96,81.8,2229.86,2067.34,2093.79,3210.5,False,True,True,True,0,0.0,
4198,Rev1,1,W145,AE-3200,CH-B,EXT-04,Extreme Edge,0.96,114.5,2246.43,2075.41,2137.12,3372.7,False,True,True,True,1,4.67,arc_event
4199,Rev1,1,W145,AE-3200,CH-B,EXT-05,Extreme Edge,0.96,147.3,2236.7,2051.15,2138.12,3442.8,False,True,True,True,0,0.0,
4200,Rev1,1,W145,AE-3200,CH-B,EXT-06,Extreme Edge,0.96,180.0,2236.55,2120.88,2077.61,3321.3,False,True,True,True,0,0.0,
4201,Rev1,1,W145,AE-3200,CH-B,EXT-07,Extreme Edge,0.96,212.7,2216.13,2066.28,2101.98,2956.2,True,True,True,False,1,3.66,
4202,Rev1,1,W145,AE-3200,CH-B,EXT-08,Extreme Edge,0.96,245.5,2260.35,2104.71,2089.74,3384.1,False,True,True,True,0,0.0,
4203,Rev1,1,W145,AE-3200,CH-B,EXT-09,Extreme Edge,0.96,278.2,2231.44,2113.99,2021.27,3187.6,False,True,True,True,1,5.68,
4204,Rev1,1,W145,AE-3200,CH-B,EXT-10,Extreme Edge,0.96,310.9,2212.75,2121.94,2062.9,3401.4,True,True,True,True,1,5.23,endpoint_late
4205,Rev1,1,W145,AE-3200,CH-B,EXT-11,Extreme Edge,0.96,343.6,2261.53,2019.94,2159.54,3318.2,False,True,True,True,1,2.56,polymer_residue
4206,Rev1,1,W146,AE-3200,CH-B,C1,Center,0.0,0.0,2161.61,2089.05,1924.59,3342.2,True,True,True,True,0,0.0,
4207,Rev1,1,W146,AE-3200,CH-B,MID-01,Mid,0.52,30.0,2140.34,2073.24,2053.02,3138.3,True,True,True,True,0,0.0,
4208,Rev1,1,W146,AE-3200,CH-B,MID-02,Mid,0.52,90.0,2159.61,2018.35,2033.07,3344.1,True,True,True,True,0,0.0,
4209,Rev1,1,W146,AE-3200,CH-B,MID-03,Mid,0.52,150.0,2147.71,2056.4,1983.63,3206.4,True,True,True,True,0,0.0,
4210,Rev1,1,W146,AE-3200,CH-B,MID-04,Mid,0.52,210.0,2182.73,2095.16,2137.14,3375.7,True,True,True,True,0,0.0,
4211,Rev1,1,W146,AE-3200,CH-B,MID-05,Mid,0.52,270.0,2206.24,2084.21,2031.01,3449.2,True,True,True,True,0,0.0,
4212,Rev1,1,W146,AE-3200,CH-B,MID-06,Mid,0.52,330.0,2177.64,2105.38,2064.06,3188.5,True,True,True,True,0,0.0,
4213,Rev1,1,W146,AE-3200,CH-B,EDG-01,Edge,0.84,0.0,2216.61,2079.13,2138.51,3282.9,True,True,True,True,3,8.07,polymer_residue
4214,Rev1,1,W146,AE-3200,CH-B,EDG-02,Edge,0.84,32.7,2243.38,2091.84,2093.67,3349.5,False,True,True,True,0,0.0,
4215,Rev1,1,W146,AE-3200,CH-B,EDG-03,Edge,0.84,65.5,2184.35,2145.86,2081.34,3137.9,True,True,True,True,1,2.89,polymer_residue
4216,Rev1,1,W146,AE-3200,CH-B,EDG-04,Edge,0.84,98.2,2215.98,2148.11,2072.02,3278.0,True,True,True,True,1,4.56,polymer_residue
4217,Rev1,1,W146,AE-3200,CH-B,EDG-05,Edge,0.84,130.9,2199.13,2089.46,2126.18,3259.8,True,True,True,True,0,0.0,
4218,Rev1,1,W146,AE-3200,CH-B,EDG-06,Edge,0.84,163.6,2181.4,2097.62,2088.08,3081.7,True,True,True,True,0,0.0,
4219,Rev1,1,W146,AE-3200,CH-B,EDG-07,Edge,0.84,196.4,2168.09,2137.55,2130.93,3292.9,True,True,True,True,0,0.0,
4220,Rev1,1,W146,AE-3200,CH-B,EDG-08,Edge,0.84,229.1,2189.34,2144.64,2066.0,3343.4,True,True,True,True,0,0.0,
4221,Rev1,1,W146,AE-3200,CH-B,EDG-09,Edge,0.84,261.8,2155.9,2113.25,2114.38,3236.4,True,True,True,True,1,2.37,polymer_residue
4222,Rev1,1,W146,AE-3200,CH-B,EDG-10,Edge,0.84,294.5,2173.47,2144.78,2069.26,3420.0,True,True,True,True,0,0.0,
4223,Rev1,1,W146,AE-3200,CH-B,EDG-11,Edge,0.84,327.3,2240.41,2096.79,2119.74,3059.4,False,True,True,True,1,2.71,polymer_residue
4224,Rev1,1,W146,AE-3200,CH-B,EXT-01,Extreme Edge,0.96,16.4,2210.66,2180.05,2052.75,3482.2,True,True,True,True,1,2.14,arc_event
4225,Rev1,1,W146,AE-3200,CH-B,EXT-02,Extreme Edge,0.96,49.1,2160.35,2143.62,2159.2,3236.0,True,True,True,True,0,0.0,
4226,Rev1,1,W146,AE-3200,CH-B,EXT-03,Extreme Edge,0.96,81.8,2174.53,2138.27,2009.03,3333.7,True,True,True,True,0,0.0,
4227,Rev1,1,W146,AE-3200,CH-B,EXT-04,Extreme Edge,0.96,114.5,2211.44,2126.78,2125.94,3132.5,True,True,True,True,2,10.7,
4228,Rev1,1,W146,AE-3200,CH-B,EXT-05,Extreme Edge,0.96,147.3,2209.45,2125.93,2028.03,3352.8,True,True,True,True,0,0.0,
4229,Rev1,1,W146,AE-3200,CH-B,EXT-06,Extreme Edge,0.96,180.0,2198.39,2123.23,2050.53,3553.3,True,True,True,False,2,3.98,polymer_residue
4230,Rev1,1,W146,AE-3200,CH-B,EXT-07,Extreme Edge,0.96,212.7,2253.9,2147.49,2011.27,3288.2,False,True,True,True,1,2.97,
4231,Rev1,1,W146,AE-3200,CH-B,EXT-08,Extreme Edge,0.96,245.5,2186.91,2094.25,2073.68,3442.3,True,True,True,True,0,0.0,
4232,Rev1,1,W146,AE-3200,CH-B,EXT-09,Extreme Edge,0.96,278.2,2204.92,2159.74,2070.64,3635.2,True,True,True,False,0,0.0,
4233,Rev1,1,W146,AE-3200,CH-B,EXT-10,Extreme Edge,0.96,310.9,2220.93,2121.29,1990.64,3283.2,True,True,True,True,0,0.0,
4234,Rev1,1,W146,AE-3200,CH-B,EXT-11,Extreme Edge,0.96,343.6,2240.04,2147.7,2072.3,3249.4,False,True,True,True,0,0.0,
4235,Rev11,11,W147,PX-7500,CH-D,C1,Center,0.0,0.0,2195.58,2167.18,1994.02,2951.7,True,True,True,False,1,4.21,
4236,Rev11,11,W147,PX-7500,CH-D,MID-01,Mid,0.52,30.0,2182.13,2143.4,1934.72,3105.1,True,True,True,True,0,0.0,
4237,Rev11,11,W147,PX-7500,CH-D,MID-02,Mid,0.52,90.0,2192.97,2220.59,1999.46,3023.5,True,False,True,True,0,0.0,
4238,Rev11,11,W147,PX-7500,CH-D,MID-03,Mid,0.52,150.0,2181.04,2181.51,1919.67,3130.5,True,True,True,True,0,0.0,
4239,Rev11,11,W147,PX-7500,CH-D,MID-04,Mid,0.52,210.0,2231.05,2214.45,1998.98,3050.1,False,False,True,True,2,10.76,polymer_residue
4240,Rev11,11,W147,PX-7500,CH-D,MID-05,Mid,0.52,270.0,2206.75,2187.11,1954.93,3182.1,True,True,True,True,0,0.0,
4241,Rev11,11,W147,PX-7500,CH-D,MID-06,Mid,0.52,330.0,2168.99,2198.67,2066.01,3151.1,True,False,True,True,1,1.95,
4242,Rev11,11,W147,PX-7500,CH-D,EDG-01,Edge,0.84,0.0,2211.68,2185.22,2086.02,3103.3,True,True,True,True,0,0.0,
4243,Rev11,11,W147,PX-7500,CH-D,EDG-02,Edge,0.84,32.7,2258.48,2243.1,1996.24,3222.3,False,False,True,True,0,0.0,
4244,Rev11,11,W147,PX-7500,CH-D,EDG-03,Edge,0.84,65.5,2258.59,2216.77,1912.27,3287.1,False,False,True,True,0,0.0,
4245,Rev11,11,W147,PX-7500,CH-D,EDG-04,Edge,0.84,98.2,2254.06,2200.58,1965.0,3293.3,False,False,True,True,1,1.85,
4246,Rev11,11,W147,PX-7500,CH-D,EDG-05,Edge,0.84,130.9,2247.97,2272.17,2016.31,3051.7,False,False,True,True,0,0.0,
4247,Rev11,11,W147,PX-7500,CH-D,EDG-06,Edge,0.84,163.6,2230.1,2214.39,1962.53,3040.9,False,False,True,True,0,0.0,
4248,Rev11,11,W147,PX-7500,CH-D,EDG-07,Edge,0.84,196.4,2285.16,2117.08,2091.21,3306.8,False,True,True,True,0,0.0,
4249,Rev11,11,W147,PX-7500,CH-D,EDG-08,Edge,0.84,229.1,2209.42,2203.05,2059.28,3273.4,True,False,True,True,0,0.0,
4250,Rev11,11,W147,PX-7500,CH-D,EDG-09,Edge,0.84,261.8,2252.74,2201.41,2012.35,3342.7,False,False,True,True,1,3.71,endpoint_late
4251,Rev11,11,W147,PX-7500,CH-D,EDG-10,Edge,0.84,294.5,2213.97,2170.44,1988.08,3179.2,True,True,True,True,0,0.0,
4252,Rev11,11,W147,PX-7500,CH-D,EDG-11,Edge,0.84,327.3,2244.84,2179.79,2013.23,3382.6,False,True,True,True,0,0.0,
4253,Rev11,11,W147,PX-7500,CH-D,EXT-01,Extreme Edge,0.96,16.4,2234.74,2206.83,2036.56,3154.7,False,False,True,True,1,4.85,
4254,Rev11,11,W147,PX-7500,CH-D,EXT-02,Extreme Edge,0.96,49.1,2297.67,2247.06,1890.62,3163.8,False,False,False,True,2,6.91,
4255,Rev11,11,W147,PX-7500,CH-D,EXT-03,Extreme Edge,0.96,81.8,2286.85,2197.17,1971.06,3267.8,False,False,True,True,1,2.03,
4256,Rev11,11,W147,PX-7500,CH-D,EXT-04,Extreme Edge,0.96,114.5,2233.78,2204.24,1981.59,2968.4,False,False,True,False,0,0.0,
4257,Rev11,11,W147,PX-7500,CH-D,EXT-05,Extreme Edge,0.96,147.3,2228.96,2235.63,2048.1,3158.0,False,False,True,True,0,0.0,
4258,Rev11,11,W147,PX-7500,CH-D,EXT-06,Extreme Edge,0.96,180.0,2239.27,2197.6,1958.4,3232.3,False,False,True,True,2,6.97,arc_event
4259,Rev11,11,W147,PX-7500,CH-D,EXT-07,Extreme Edge,0.96,212.7,2259.56,2281.59,1923.55,3299.6,False,False,True,True,0,0.0,
4260,Rev11,11,W147,PX-7500,CH-D,EXT-08,Extreme Edge,0.96,245.5,2263.49,2227.13,1998.33,3375.8,False,False,True,True,1,4.44,arc_event
4261,Rev11,11,W147,PX-7500,CH-D,EXT-09,Extreme Edge,0.96,278.2,2231.07,2141.46,2068.13,3128.6,False,True,True,True,1,3.8,
4262,Rev11,11,W147,PX-7500,CH-D,EXT-10,Extreme Edge,0.96,310.9,2273.48,2249.5,2007.38,3158.4,False,False,True,True,0,0.0,
4263,Rev11,11,W147,PX-7500,CH-D,EXT-11,Extreme Edge,0.96,343.6,2251.5,2237.99,1997.77,3189.7,False,False,True,True,1,2.78,endpoint_late
4264,Rev7,7,W148,PX-7500,CH-D,C1,Center,0.0,0.0,2171.32,2123.46,2120.54,3196.8,True,True,True,True,1,3.86,
4265,Rev7,7,W148,PX-7500,CH-D,MID-01,Mid,0.52,30.0,2141.29,2067.26,2046.32,3440.1,True,True,True,True,1,5.27,
4266,Rev7,7,W148,PX-7500,CH-D,MID-02,Mid,0.52,90.0,2188.72,2083.56,2122.02,3215.6,True,True,True,True,0,0.0,
4267,Rev7,7,W148,PX-7500,CH-D,MID-03,Mid,0.52,150.0,2136.72,2116.03,2172.52,3093.1,True,True,False,True,1,3.82,
4268,Rev7,7,W148,PX-7500,CH-D,MID-04,Mid,0.52,210.0,2100.37,2122.97,2155.28,3330.1,True,True,True,True,0,0.0,
4269,Rev7,7,W148,PX-7500,CH-D,MID-05,Mid,0.52,270.0,2156.03,2107.79,2159.68,3368.4,True,True,True,True,1,3.02,polymer_residue
4270,Rev7,7,W148,PX-7500,CH-D,MID-06,Mid,0.52,330.0,2159.32,2106.05,2136.54,3090.7,True,True,True,True,0,0.0,
4271,Rev7,7,W148,PX-7500,CH-D,EDG-01,Edge,0.84,0.0,2151.88,2072.87,2216.4,3408.4,True,True,False,True,0,0.0,
4272,Rev7,7,W148,PX-7500,CH-D,EDG-02,Edge,0.84,32.7,2150.26,2102.57,2212.04,3494.5,True,True,False,True,0,0.0,
4273,Rev7,7,W148,PX-7500,CH-D,EDG-03,Edge,0.84,65.5,2184.93,2158.9,2201.14,3397.7,True,True,False,True,0,0.0,
4274,Rev7,7,W148,PX-7500,CH-D,EDG-04,Edge,0.84,98.2,2180.93,2167.36,2202.37,3381.3,True,True,False,True,0,0.0,
4275,Rev7,7,W148,PX-7500,CH-D,EDG-05,Edge,0.84,130.9,2154.07,2113.92,2102.67,3126.1,True,True,True,True,0,0.0,
4276,Rev7,7,W148,PX-7500,CH-D,EDG-06,Edge,0.84,163.6,2151.18,2155.36,2155.62,3355.2,True,True,True,True,0,0.0,
4277,Rev7,7,W148,PX-7500,CH-D,EDG-07,Edge,0.84,196.4,2162.25,2147.25,2183.24,3399.8,True,True,False,True,0,0.0,
4278,Rev7,7,W148,PX-7500,CH-D,EDG-08,Edge,0.84,229.1,2211.22,2066.31,2251.3,3317.3,True,True,False,True,0,0.0,
4279,Rev7,7,W148,PX-7500,CH-D,EDG-09,Edge,0.84,261.8,2177.91,2173.9,2151.39,3407.7,True,True,True,True,0,0.0,
4280,Rev7,7,W148,PX-7500,CH-D,EDG-10,Edge,0.84,294.5,2188.15,2131.25,2263.79,3360.1,True,True,False,True,0,0.0,
4281,Rev7,7,W148,PX-7500,CH-D,EDG-11,Edge,0.84,327.3,2196.01,2104.62,2095.3,3438.0,True,True,True,True,0,0.0,
4282,Rev7,7,W148,PX-7500,CH-D,EXT-01,Extreme Edge,0.96,16.4,2215.31,2140.65,2319.16,3436.3,True,True,False,True,0,0.0,
4283,Rev7,7,W148,PX-7500,CH-D,EXT-02,Extreme Edge,0.96,49.1,2197.65,2190.6,2209.41,3274.2,True,True,False,True,1,4.16,endpoint_late
4284,Rev7,7,W148,PX-7500,CH-D,EXT-03,Extreme Edge,0.96,81.8,2122.65,2143.54,2198.29,3263.2,True,True,False,True,1,3.61,polymer_residue
4285,Rev7,7,W148,PX-7500,CH-D,EXT-04,Extreme Edge,0.96,114.5,2202.06,2148.55,2197.58,3537.6,True,True,False,False,0,0.0,
4286,Rev7,7,W148,PX-7500,CH-D,EXT-05,Extreme Edge,0.96,147.3,2201.78,2116.6,2211.24,3413.2,True,True,False,True,0,0.0,
4287,Rev7,7,W148,PX-7500,CH-D,EXT-06,Extreme Edge,0.96,180.0,2184.37,2160.4,2155.53,3389.5,True,True,True,True,2,12.44,
4288,Rev7,7,W148,PX-7500,CH-D,EXT-07,Extreme Edge,0.96,212.7,2153.75,2158.44,2218.86,3334.4,True,True,False,True,0,0.0,
4289,Rev7,7,W148,PX-7500,CH-D,EXT-08,Extreme Edge,0.96,245.5,2168.58,2138.22,2107.54,3479.8,True,True,True,True,1,2.94,polymer_residue
4290,Rev7,7,W148,PX-7500,CH-D,EXT-09,Extreme Edge,0.96,278.2,2187.51,2145.08,2299.29,3496.4,True,True,False,True,1,2.47,
4291,Rev7,7,W148,PX-7500,CH-D,EXT-10,Extreme Edge,0.96,310.9,2177.1,2174.62,2247.53,3221.0,True,True,False,True,0,0.0,
4292,Rev7,7,W148,PX-7500,CH-D,EXT-11,Extreme Edge,0.96,343.6,2218.01,2090.36,2121.47,3350.6,True,True,True,True,0,0.0,
4293,Rev4,4,W149,AE-3200,CH-A,C1,Center,0.0,0.0,2151.38,2120.99,2098.29,3068.4,True,True,True,True,0,0.0,
4294,Rev4,4,W149,AE-3200,CH-A,MID-01,Mid,0.52,30.0,2171.72,2078.55,2084.38,3256.8,True,True,True,True,0,0.0,
4295,Rev4,4,W149,AE-3200,CH-A,MID-02,Mid,0.52,90.0,2152.1,2099.25,2093.79,3319.6,True,True,True,True,1,5.82,polymer_residue
4296,Rev4,4,W149,AE-3200,CH-A,MID-03,Mid,0.52,150.0,2138.48,2106.17,1985.44,3366.8,True,True,True,True,0,0.0,
4297,Rev4,4,W149,AE-3200,CH-A,MID-04,Mid,0.52,210.0,2121.0,2097.53,2050.74,3224.5,True,True,True,True,0,0.0,
4298,Rev4,4,W149,AE-3200,CH-A,MID-05,Mid,0.52,270.0,2136.3,2154.32,2112.36,3348.0,True,True,True,True,0,0.0,
4299,Rev4,4,W149,AE-3200,CH-A,MID-06,Mid,0.52,330.0,2191.81,2099.64,2128.24,3341.9,True,True,True,True,0,0.0,
4300,Rev4,4,W149,AE-3200,CH-A,EDG-01,Edge,0.84,0.0,2164.24,2132.7,2067.98,3196.3,True,True,True,True,1,2.25,pressure_spike
4301,Rev4,4,W149,AE-3200,CH-A,EDG-02,Edge,0.84,32.7,2153.37,2150.56,2024.86,3238.6,True,True,True,True,1,4.76,
4302,Rev4,4,W149,AE-3200,CH-A,EDG-03,Edge,0.84,65.5,2192.51,2066.08,2128.46,3306.1,True,True,True,True,1,5.36,polymer_residue
4303,Rev4,4,W149,AE-3200,CH-A,EDG-04,Edge,0.84,98.2,2178.7,2159.68,2033.48,3354.5,True,True,True,True,1,2.01,esc_temp_drift
4304,Rev4,4,W149,AE-3200,CH-A,EDG-05,Edge,0.84,130.9,2229.63,2120.33,2158.67,3426.3,False,True,True,True,1,5.09,
4305,Rev4,4,W149,AE-3200,CH-A,EDG-06,Edge,0.84,163.6,2173.5,2079.73,2112.0,3074.9,True,True,True,True,1,5.81,
4306,Rev4,4,W149,AE-3200,CH-A,EDG-07,Edge,0.84,196.4,2132.42,2139.64,2065.33,3406.1,True,True,True,True,1,2.06,polymer_residue
4307,Rev4,4,W149,AE-3200,CH-A,EDG-08,Edge,0.84,229.1,2173.83,2166.56,2106.18,3304.0,True,True,True,True,1,5.64,arc_event
4308,Rev4,4,W149,AE-3200,CH-A,EDG-09,Edge,0.84,261.8,2168.63,2153.13,2160.41,3305.1,True,True,True,True,0,0.0,
4309,Rev4,4,W149,AE-3200,CH-A,EDG-10,Edge,0.84,294.5,2169.05,2119.42,2048.76,3263.9,True,True,True,True,0,0.0,
4310,Rev4,4,W149,AE-3200,CH-A,EDG-11,Edge,0.84,327.3,2190.48,2050.03,2104.08,3283.8,True,True,True,True,1,1.9,
4311,Rev4,4,W149,AE-3200,CH-A,EXT-01,Extreme Edge,0.96,16.4,2220.64,2099.51,1994.79,3472.0,True,True,True,True,0,0.0,
4312,Rev4,4,W149,AE-3200,CH-A,EXT-02,Extreme Edge,0.96,49.1,2207.87,2196.64,2054.43,3292.6,True,False,True,True,1,2.94,polymer_residue
4313,Rev4,4,W149,AE-3200,CH-A,EXT-03,Extreme Edge,0.96,81.8,2197.76,2123.71,2211.41,3689.3,True,True,False,False,2,4.13,polymer_residue
4314,Rev4,4,W149,AE-3200,CH-A,EXT-04,Extreme Edge,0.96,114.5,2215.2,2131.82,2027.42,3403.3,True,True,True,True,2,9.19,
4315,Rev4,4,W149,AE-3200,CH-A,EXT-05,Extreme Edge,0.96,147.3,2197.17,2191.6,2154.86,3376.8,True,True,True,True,1,3.51,polymer_residue
4316,Rev4,4,W149,AE-3200,CH-A,EXT-06,Extreme Edge,0.96,180.0,2207.6,2096.2,2128.07,3444.0,True,True,True,True,2,7.88,
4317,Rev4,4,W149,AE-3200,CH-A,EXT-07,Extreme Edge,0.96,212.7,2218.14,2117.75,2106.78,3453.3,True,True,True,True,1,2.16,endpoint_late
4318,Rev4,4,W149,AE-3200,CH-A,EXT-08,Extreme Edge,0.96,245.5,2234.7,2144.73,2117.09,3191.4,False,True,True,True,1,5.58,
4319,Rev4,4,W149,AE-3200,CH-A,EXT-09,Extreme Edge,0.96,278.2,2228.98,2126.12,1997.84,3546.0,False,True,True,False,1,2.22,
4320,Rev4,4,W149,AE-3200,CH-A,EXT-10,Extreme Edge,0.96,310.9,2183.29,2174.28,2144.24,3478.6,True,True,True,True,0,0.0,
4321,Rev4,4,W149,AE-3200,CH-A,EXT-11,Extreme Edge,0.96,343.6,2190.72,2122.12,2046.41,3385.3,True,True,True,True,0,0.0,
4322,Rev3,3,W150,PX-7500,CH-D,C1,Center,0.0,0.0,2126.1,2082.98,2141.89,3053.9,True,True,True,True,0,0.0,
4323,Rev3,3,W150,PX-7500,CH-D,MID-01,Mid,0.52,30.0,2212.37,2113.7,2005.26,3273.0,True,True,True,True,0,0.0,
4324,Rev3,3,W150,PX-7500,CH-D,MID-02,Mid,0.52,90.0,2189.98,2161.18,1989.08,3198.9,True,True,True,True,0,0.0,
4325,Rev3,3,W150,PX-7500,CH-D,MID-03,Mid,0.52,150.0,2169.29,2118.95,2022.76,3144.3,True,True,True,True,0,0.0,
4326,Rev3,3,W150,PX-7500,CH-D,MID-04,Mid,0.52,210.0,2183.56,2097.58,2042.77,3201.3,True,True,True,True,1,4.02,
4327,Rev3,3,W150,PX-7500,CH-D,MID-05,Mid,0.52,270.0,2149.16,2074.75,2028.72,2945.3,True,True,True,False,1,6.45,polymer_residue
4328,Rev3,3,W150,PX-7500,CH-D,MID-06,Mid,0.52,330.0,2207.42,2069.95,1993.33,3165.2,True,True,True,True,0,0.0,
4329,Rev3,3,W150,PX-7500,CH-D,EDG-01,Edge,0.84,0.0,2169.79,2149.7,2067.1,3112.3,True,True,True,True,0,0.0,
4330,Rev3,3,W150,PX-7500,CH-D,EDG-02,Edge,0.84,32.7,2174.06,2123.48,2121.53,3418.0,True,True,True,True,0,0.0,
4331,Rev3,3,W150,PX-7500,CH-D,EDG-03,Edge,0.84,65.5,2233.09,2148.16,2081.23,3194.1,False,True,True,True,0,0.0,
4332,Rev3,3,W150,PX-7500,CH-D,EDG-04,Edge,0.84,98.2,2226.31,2092.06,2141.43,3121.8,False,True,True,True,0,0.0,
4333,Rev3,3,W150,PX-7500,CH-D,EDG-05,Edge,0.84,130.9,2229.82,2177.12,2223.39,3327.0,False,True,False,True,0,0.0,
4334,Rev3,3,W150,PX-7500,CH-D,EDG-06,Edge,0.84,163.6,2252.53,2121.61,2138.95,3067.3,False,True,True,True,1,4.4,
4335,Rev3,3,W150,PX-7500,CH-D,EDG-07,Edge,0.84,196.4,2219.87,2158.98,2052.01,3085.6,True,True,True,True,1,4.43,
4336,Rev3,3,W150,PX-7500,CH-D,EDG-08,Edge,0.84,229.1,2183.07,2097.65,2043.71,3136.4,True,True,True,True,0,0.0,
4337,Rev3,3,W150,PX-7500,CH-D,EDG-09,Edge,0.84,261.8,2197.57,2134.41,1993.83,3308.5,True,True,True,True,0,0.0,
4338,Rev3,3,W150,PX-7500,CH-D,EDG-10,Edge,0.84,294.5,2176.1,2156.36,2105.22,3607.6,True,True,True,False,3,13.91,polymer_residue
4339,Rev3,3,W150,PX-7500,CH-D,EDG-11,Edge,0.84,327.3,2216.12,2154.99,2129.17,3129.8,True,True,True,True,1,2.24,
4340,Rev3,3,W150,PX-7500,CH-D,EXT-01,Extreme Edge,0.96,16.4,2219.65,2193.9,2228.77,3304.0,True,True,False,True,1,4.34,
4341,Rev3,3,W150,PX-7500,CH-D,EXT-02,Extreme Edge,0.96,49.1,2242.1,2135.22,2049.11,3366.1,False,True,True,True,2,12.68,
4342,Rev3,3,W150,PX-7500,CH-D,EXT-03,Extreme Edge,0.96,81.8,2215.53,2102.35,2060.85,3293.8,True,True,True,True,0,0.0,
4343,Rev3,3,W150,PX-7500,CH-D,EXT-04,Extreme Edge,0.96,114.5,2248.91,2198.72,2175.28,2950.5,False,False,False,False,0,0.0,
4344,Rev3,3,W150,PX-7500,CH-D,EXT-05,Extreme Edge,0.96,147.3,2172.16,2117.48,2071.2,3249.6,True,True,True,True,0,0.0,
4345,Rev3,3,W150,PX-7500,CH-D,EXT-06,Extreme Edge,0.96,180.0,2255.24,2153.27,2089.97,3250.2,False,True,True,True,0,0.0,
4346,Rev3,3,W150,PX-7500,CH-D,EXT-07,Extreme Edge,0.96,212.7,2264.36,2132.4,2211.25,3191.8,False,True,False,True,0,0.0,
4347,Rev3,3,W150,PX-7500,CH-D,EXT-08,Extreme Edge,0.96,245.5,2203.17,2149.38,2057.23,3394.0,True,True,True,True,1,3.68,
4348,Rev3,3,W150,PX-7500,CH-D,EXT-09,Extreme Edge,0.96,278.2,2178.41,2115.0,2106.28,3115.4,True,True,True,True,0,0.0,
4349,Rev3,3,W150,PX-7500,CH-D,EXT-10,Extreme Edge,0.96,310.9,2217.45,2142.81,2085.98,3470.8,True,True,True,True,0,0.0,
4350,Rev3,3,W150,PX-7500,CH-D,EXT-11,Extreme Edge,0.96,343.6,2213.05,2144.63,2145.63,3239.7,True,True,True,True,0,0.0,
4351,Rev11,11,W151,PX-7500,CH-D,C1,Center,0.0,0.0,2199.19,2193.92,1946.79,2936.8,True,True,True,False,1,6.15,
4352,Rev11,11,W151,PX-7500,CH-D,MID-01,Mid,0.52,30.0,2203.95,2156.53,1929.14,3014.2,True,True,True,True,0,0.0,
4353,Rev11,11,W151,PX-7500,CH-D,MID-02,Mid,0.52,90.0,2207.35,2148.73,1886.15,3063.6,True,True,False,True,0,0.0,
4354,Rev11,11,W151,PX-7500,CH-D,MID-03,Mid,0.52,150.0,2207.25,2202.27,1984.55,3385.2,True,False,True,True,0,0.0,
4355,Rev11,11,W151,PX-7500,CH-D,MID-04,Mid,0.52,210.0,2227.2,2156.29,2018.56,3290.8,False,True,True,True,0,0.0,
4356,Rev11,11,W151,PX-7500,CH-D,MID-05,Mid,0.52,270.0,2216.49,2149.18,1920.02,3437.3,True,True,True,True,0,0.0,
4357,Rev11,11,W151,PX-7500,CH-D,MID-06,Mid,0.52,330.0,2260.22,2168.38,2007.99,2972.1,False,True,True,False,1,2.46,
4358,Rev11,11,W151,PX-7500,CH-D,EDG-01,Edge,0.84,0.0,2268.51,2201.56,1892.55,2982.9,False,False,False,False,1,4.47,
4359,Rev11,11,W151,PX-7500,CH-D,EDG-02,Edge,0.84,32.7,2280.56,2204.69,2122.54,3277.6,False,False,True,True,0,0.0,
4360,Rev11,11,W151,PX-7500,CH-D,EDG-03,Edge,0.84,65.5,2232.12,2243.72,1995.49,3209.7,False,False,True,True,0,0.0,
4361,Rev11,11,W151,PX-7500,CH-D,EDG-04,Edge,0.84,98.2,2215.1,2217.94,1904.55,3266.3,True,False,True,True,3,17.44,polymer_residue
4362,Rev11,11,W151,PX-7500,CH-D,EDG-05,Edge,0.84,130.9,2242.46,2183.1,1865.16,3167.7,False,True,False,True,3,7.9,arc_event
4363,Rev11,11,W151,PX-7500,CH-D,EDG-06,Edge,0.84,163.6,2294.15,2236.22,2060.44,3217.2,False,False,True,True,0,0.0,
4364,Rev11,11,W151,PX-7500,CH-D,EDG-07,Edge,0.84,196.4,2249.78,2180.5,1943.2,3111.5,False,True,True,True,0,0.0,
4365,Rev11,11,W151,PX-7500,CH-D,EDG-08,Edge,0.84,229.1,2262.19,2203.75,2033.68,3174.2,False,False,True,True,0,0.0,
4366,Rev11,11,W151,PX-7500,CH-D,EDG-09,Edge,0.84,261.8,2285.79,2164.84,1861.41,3254.7,False,True,False,True,1,6.08,esc_temp_drift
4367,Rev11,11,W151,PX-7500,CH-D,EDG-10,Edge,0.84,294.5,2311.89,2226.07,2056.11,3143.0,False,False,True,True,0,0.0,
4368,Rev11,11,W151,PX-7500,CH-D,EDG-11,Edge,0.84,327.3,2260.61,2209.72,1918.21,3221.7,False,False,True,True,1,5.1,
4369,Rev11,11,W151,PX-7500,CH-D,EXT-01,Extreme Edge,0.96,16.4,2289.51,2233.68,2061.4,3352.4,False,False,True,True,0,0.0,
4370,Rev11,11,W151,PX-7500,CH-D,EXT-02,Extreme Edge,0.96,49.1,2297.03,2224.21,1965.77,3284.2,False,False,True,True,0,0.0,
4371,Rev11,11,W151,PX-7500,CH-D,EXT-03,Extreme Edge,0.96,81.8,2270.82,2178.49,2031.68,3010.7,False,True,True,True,1,2.47,
4372,Rev11,11,W151,PX-7500,CH-D,EXT-04,Extreme Edge,0.96,114.5,2245.74,2200.37,2101.02,3255.1,False,False,True,True,1,4.7,
4373,Rev11,11,W151,PX-7500,CH-D,EXT-05,Extreme Edge,0.96,147.3,2255.98,2250.51,2037.84,3296.3,False,False,True,True,1,4.24,
4374,Rev11,11,W151,PX-7500,CH-D,EXT-06,Extreme Edge,0.96,180.0,2284.36,2229.46,2047.42,3088.0,False,False,True,True,1,3.37,esc_temp_drift
4375,Rev11,11,W151,PX-7500,CH-D,EXT-07,Extreme Edge,0.96,212.7,2292.49,2222.3,2083.93,3220.2,False,False,True,True,0,0.0,
4376,Rev11,11,W151,PX-7500,CH-D,EXT-08,Extreme Edge,0.96,245.5,2264.21,2181.58,2030.54,3187.1,False,True,True,True,1,2.07,endpoint_late
4377,Rev11,11,W151,PX-7500,CH-D,EXT-09,Extreme Edge,0.96,278.2,2273.71,2184.08,2024.83,3069.7,False,True,True,True,1,3.32,polymer_residue
4378,Rev11,11,W151,PX-7500,CH-D,EXT-10,Extreme Edge,0.96,310.9,2283.84,2252.31,1952.38,3342.3,False,False,True,True,1,4.22,esc_temp_drift
4379,Rev11,11,W151,PX-7500,CH-D,EXT-11,Extreme Edge,0.96,343.6,2290.52,2187.4,2085.99,3283.3,False,True,True,True,0,0.0,
4380,Rev8,8,W152,AE-3200,CH-A,C1,Center,0.0,0.0,2139.47,2134.25,2095.22,3247.7,True,True,True,True,0,0.0,
4381,Rev8,8,W152,AE-3200,CH-A,MID-01,Mid,0.52,30.0,2179.14,2139.65,2137.06,3318.7,True,True,True,True,0,0.0,
4382,Rev8,8,W152,AE-3200,CH-A,MID-02,Mid,0.52,90.0,2152.46,2103.89,2051.92,3328.2,True,True,True,True,0,0.0,
4383,Rev8,8,W152,AE-3200,CH-A,MID-03,Mid,0.52,150.0,2156.01,2193.37,1991.62,3335.5,True,True,True,True,0,0.0,
4384,Rev8,8,W152,AE-3200,CH-A,MID-04,Mid,0.52,210.0,2137.03,2096.65,2157.98,3321.8,True,True,True,True,0,0.0,
4385,Rev8,8,W152,AE-3200,CH-A,MID-05,Mid,0.52,270.0,2169.75,2145.76,2030.15,3327.3,True,True,True,True,0,0.0,
4386,Rev8,8,W152,AE-3200,CH-A,MID-06,Mid,0.52,330.0,2128.8,2180.31,2044.45,3481.6,True,True,True,True,1,1.97,
4387,Rev8,8,W152,AE-3200,CH-A,EDG-01,Edge,0.84,0.0,2170.79,2176.98,2026.05,3463.2,True,True,True,True,0,0.0,
4388,Rev8,8,W152,AE-3200,CH-A,EDG-02,Edge,0.84,32.7,2192.31,2083.57,1987.39,3137.5,True,True,True,True,0,0.0,
4389,Rev8,8,W152,AE-3200,CH-A,EDG-03,Edge,0.84,65.5,2146.11,2199.38,1995.16,3412.0,True,False,True,True,0,0.0,
4390,Rev8,8,W152,AE-3200,CH-A,EDG-04,Edge,0.84,98.2,2210.64,2083.58,2040.61,3432.8,True,True,True,True,0,0.0,
4391,Rev8,8,W152,AE-3200,CH-A,EDG-05,Edge,0.84,130.9,2182.18,2132.74,2083.25,3299.7,True,True,True,True,0,0.0,
4392,Rev8,8,W152,AE-3200,CH-A,EDG-06,Edge,0.84,163.6,2183.54,2168.77,2158.93,3384.4,True,True,True,True,0,0.0,
4393,Rev8,8,W152,AE-3200,CH-A,EDG-07,Edge,0.84,196.4,2196.92,2151.19,2103.78,3387.1,True,True,True,True,1,2.49,polymer_residue
4394,Rev8,8,W152,AE-3200,CH-A,EDG-08,Edge,0.84,229.1,2218.51,2130.59,1971.31,3414.6,True,True,True,True,0,0.0,
4395,Rev8,8,W152,AE-3200,CH-A,EDG-09,Edge,0.84,261.8,2136.07,2114.05,2075.69,3282.3,True,True,True,True,0,0.0,
4396,Rev8,8,W152,AE-3200,CH-A,EDG-10,Edge,0.84,294.5,2200.52,2098.97,2045.68,3164.4,True,True,True,True,0,0.0,
4397,Rev8,8,W152,AE-3200,CH-A,EDG-11,Edge,0.84,327.3,2162.94,2113.45,2032.03,3344.0,True,True,True,True,0,0.0,
4398,Rev8,8,W152,AE-3200,CH-A,EXT-01,Extreme Edge,0.96,16.4,2154.99,2126.25,2039.09,3314.9,True,True,True,True,1,6.39,endpoint_late
4399,Rev8,8,W152,AE-3200,CH-A,EXT-02,Extreme Edge,0.96,49.1,2213.91,2172.05,2141.87,3408.5,True,True,True,True,0,0.0,
4400,Rev8,8,W152,AE-3200,CH-A,EXT-03,Extreme Edge,0.96,81.8,2211.71,2168.88,2020.38,3408.8,True,True,True,True,1,2.62,polymer_residue
4401,Rev8,8,W152,AE-3200,CH-A,EXT-04,Extreme Edge,0.96,114.5,2183.66,2185.51,2135.62,3129.4,True,True,True,True,1,2.6,polymer_residue
4402,Rev8,8,W152,AE-3200,CH-A,EXT-05,Extreme Edge,0.96,147.3,2207.27,2177.48,2054.15,3420.3,True,True,True,True,1,4.46,
4403,Rev8,8,W152,AE-3200,CH-A,EXT-06,Extreme Edge,0.96,180.0,2198.63,2166.87,2078.68,3568.9,True,True,True,False,0,0.0,
4404,Rev8,8,W152,AE-3200,CH-A,EXT-07,Extreme Edge,0.96,212.7,2204.41,2174.39,2014.96,3242.5,True,True,True,True,0,0.0,
4405,Rev8,8,W152,AE-3200,CH-A,EXT-08,Extreme Edge,0.96,245.5,2171.86,2183.22,1967.2,3301.4,True,True,True,True,0,0.0,
4406,Rev8,8,W152,AE-3200,CH-A,EXT-09,Extreme Edge,0.96,278.2,2181.83,2176.46,2032.48,3418.5,True,True,True,True,0,0.0,
4407,Rev8,8,W152,AE-3200,CH-A,EXT-10,Extreme Edge,0.96,310.9,2221.81,2114.23,2182.53,3304.1,True,True,False,True,0,0.0,
4408,Rev8,8,W152,AE-3200,CH-A,EXT-11,Extreme Edge,0.96,343.6,2184.06,2191.99,2016.25,3306.2,True,True,True,True,1,3.85,
4409,Rev1,1,W153,AE-3200,CH-B,C1,Center,0.0,0.0,2155.34,2100.21,1981.25,3259.9,True,True,True,True,1,4.49,
4410,Rev1,1,W153,AE-3200,CH-B,MID-01,Mid,0.52,30.0,2172.03,2123.11,2091.75,3167.0,True,True,True,True,0,0.0,
4411,Rev1,1,W153,AE-3200,CH-B,MID-02,Mid,0.52,90.0,2186.3,2083.93,2001.87,3337.3,True,True,True,True,0,0.0,
4412,Rev1,1,W153,AE-3200,CH-B,MID-03,Mid,0.52,150.0,2123.31,2128.74,2094.9,3140.6,True,True,True,True,0,0.0,
4413,Rev1,1,W153,AE-3200,CH-B,MID-04,Mid,0.52,210.0,2146.98,2106.93,1931.83,3005.3,True,True,True,True,0,0.0,
4414,Rev1,1,W153,AE-3200,CH-B,MID-05,Mid,0.52,270.0,2140.99,2049.64,2002.99,3250.0,True,True,True,True,0,0.0,
4415,Rev1,1,W153,AE-3200,CH-B,MID-06,Mid,0.52,330.0,2159.77,2100.42,1976.52,3561.0,True,True,True,False,0,0.0,
4416,Rev1,1,W153,AE-3200,CH-B,EDG-01,Edge,0.84,0.0,2183.86,2133.59,2206.79,3443.5,True,True,False,True,0,0.0,
4417,Rev1,1,W153,AE-3200,CH-B,EDG-02,Edge,0.84,32.7,2165.54,2057.23,2019.23,3327.7,True,True,True,True,0,0.0,
4418,Rev1,1,W153,AE-3200,CH-B,EDG-03,Edge,0.84,65.5,2146.97,2103.53,2084.91,3132.9,True,True,True,True,1,5.02,
4419,Rev1,1,W153,AE-3200,CH-B,EDG-04,Edge,0.84,98.2,2173.16,2109.9,2102.64,3627.0,True,True,True,False,1,5.19,polymer_residue
4420,Rev1,1,W153,AE-3200,CH-B,EDG-05,Edge,0.84,130.9,2189.49,2142.03,2128.66,3201.0,True,True,True,True,0,0.0,
4421,Rev1,1,W153,AE-3200,CH-B,EDG-06,Edge,0.84,163.6,2181.79,2055.49,2082.74,3468.2,True,True,True,True,0,0.0,
4422,Rev1,1,W153,AE-3200,CH-B,EDG-07,Edge,0.84,196.4,2175.71,2130.14,2077.95,3220.5,True,True,True,True,0,0.0,
4423,Rev1,1,W153,AE-3200,CH-B,EDG-08,Edge,0.84,229.1,2184.4,2112.73,1984.71,3157.0,True,True,True,True,0,0.0,
4424,Rev1,1,W153,AE-3200,CH-B,EDG-09,Edge,0.84,261.8,2186.36,2104.96,2159.28,3207.3,True,True,True,True,0,0.0,
4425,Rev1,1,W153,AE-3200,CH-B,EDG-10,Edge,0.84,294.5,2196.28,2086.37,2121.21,3420.3,True,True,True,True,1,1.93,
4426,Rev1,1,W153,AE-3200,CH-B,EDG-11,Edge,0.84,327.3,2174.03,2117.52,2129.57,3257.6,True,True,True,True,1,3.96,
4427,Rev1,1,W153,AE-3200,CH-B,EXT-01,Extreme Edge,0.96,16.4,2203.51,2079.54,1995.71,3393.9,True,True,True,True,0,0.0,
4428,Rev1,1,W153,AE-3200,CH-B,EXT-02,Extreme Edge,0.96,49.1,2208.98,2117.87,2100.31,3369.3,True,True,True,True,1,2.4,
4429,Rev1,1,W153,AE-3200,CH-B,EXT-03,Extreme Edge,0.96,81.8,2218.82,2152.81,2087.35,3178.3,True,True,True,True,0,0.0,
4430,Rev1,1,W153,AE-3200,CH-B,EXT-04,Extreme Edge,0.96,114.5,2189.7,2155.66,2066.55,3358.2,True,True,True,True,0,0.0,
4431,Rev1,1,W153,AE-3200,CH-B,EXT-05,Extreme Edge,0.96,147.3,2246.69,2125.65,2073.72,3420.9,False,True,True,True,1,5.32,pressure_spike
4432,Rev1,1,W153,AE-3200,CH-B,EXT-06,Extreme Edge,0.96,180.0,2199.26,2163.1,2147.58,3371.3,True,True,True,True,2,7.81,polymer_residue
4433,Rev1,1,W153,AE-3200,CH-B,EXT-07,Extreme Edge,0.96,212.7,2198.52,2102.46,2151.1,3296.6,True,True,True,True,0,0.0,
4434,Rev1,1,W153,AE-3200,CH-B,EXT-08,Extreme Edge,0.96,245.5,2176.2,2109.96,2020.83,3255.5,True,True,True,True,3,7.58,pressure_spike
4435,Rev1,1,W153,AE-3200,CH-B,EXT-09,Extreme Edge,0.96,278.2,2169.82,2104.27,2159.55,3329.7,True,True,True,True,1,2.5,polymer_residue
4436,Rev1,1,W153,AE-3200,CH-B,EXT-10,Extreme Edge,0.96,310.9,2179.63,2056.26,2061.82,3264.4,True,True,True,True,0,0.0,
4437,Rev1,1,W153,AE-3200,CH-B,EXT-11,Extreme Edge,0.96,343.6,2228.61,2160.18,2124.42,3122.9,False,True,True,True,0,0.0,
4438,Rev9,9,W154,AE-3200,CH-B,C1,Center,0.0,0.0,2144.65,2067.75,2094.92,3036.2,True,True,True,True,0,0.0,
4439,Rev9,9,W154,AE-3200,CH-B,MID-01,Mid,0.52,30.0,2152.52,2156.03,2015.01,3551.0,True,True,True,False,0,0.0,
4440,Rev9,9,W154,AE-3200,CH-B,MID-02,Mid,0.52,90.0,2136.07,2115.32,2145.75,3282.5,True,True,True,True,0,0.0,
4441,Rev9,9,W154,AE-3200,CH-B,MID-03,Mid,0.52,150.0,2172.3,2107.74,2077.06,3255.3,True,True,True,True,0,0.0,
4442,Rev9,9,W154,AE-3200,CH-B,MID-04,Mid,0.52,210.0,2154.26,2160.44,2068.63,3372.9,True,True,True,True,0,0.0,
4443,Rev9,9,W154,AE-3200,CH-B,MID-05,Mid,0.52,270.0,2147.05,2133.88,1965.36,3221.1,True,True,True,True,0,0.0,
4444,Rev9,9,W154,AE-3200,CH-B,MID-06,Mid,0.52,330.0,2186.96,2160.61,2150.18,3158.5,True,True,True,True,0,0.0,
4445,Rev9,9,W154,AE-3200,CH-B,EDG-01,Edge,0.84,0.0,2202.53,2180.26,2194.28,3385.5,True,True,False,True,1,5.37,polymer_residue
4446,Rev9,9,W154,AE-3200,CH-B,EDG-02,Edge,0.84,32.7,2176.84,2164.55,2209.05,3400.1,True,True,False,True,0,0.0,
4447,Rev9,9,W154,AE-3200,CH-B,EDG-03,Edge,0.84,65.5,2202.46,2177.17,2116.58,3377.1,True,True,True,True,0,0.0,
4448,Rev9,9,W154,AE-3200,CH-B,EDG-04,Edge,0.84,98.2,2204.73,2180.62,2001.01,3095.4,True,True,True,True,1,6.07,endpoint_late
4449,Rev9,9,W154,AE-3200,CH-B,EDG-05,Edge,0.84,130.9,2217.31,2204.7,2057.33,3465.5,True,False,True,True,1,2.31,polymer_residue
4450,Rev9,9,W154,AE-3200,CH-B,EDG-06,Edge,0.84,163.6,2215.7,2144.36,2058.98,3394.6,True,True,True,True,3,13.66,
4451,Rev9,9,W154,AE-3200,CH-B,EDG-07,Edge,0.84,196.4,2206.96,2211.35,2065.73,3254.6,True,False,True,True,0,0.0,
4452,Rev9,9,W154,AE-3200,CH-B,EDG-08,Edge,0.84,229.1,2182.61,2196.62,2046.15,3174.9,True,False,True,True,0,0.0,
4453,Rev9,9,W154,AE-3200,CH-B,EDG-09,Edge,0.84,261.8,2189.22,2165.63,2100.35,3225.0,True,True,True,True,0,0.0,
4454,Rev9,9,W154,AE-3200,CH-B,EDG-10,Edge,0.84,294.5,2185.04,2162.54,2090.09,3295.9,True,True,True,True,0,0.0,
4455,Rev9,9,W154,AE-3200,CH-B,EDG-11,Edge,0.84,327.3,2190.15,2172.54,2158.31,2991.8,True,True,True,False,0,0.0,
4456,Rev9,9,W154,AE-3200,CH-B,EXT-01,Extreme Edge,0.96,16.4,2232.72,2171.06,2066.94,3402.3,False,True,True,True,2,7.39,
4457,Rev9,9,W154,AE-3200,CH-B,EXT-02,Extreme Edge,0.96,49.1,2185.01,2219.37,2122.65,3323.2,True,False,True,True,0,0.0,
4458,Rev9,9,W154,AE-3200,CH-B,EXT-03,Extreme Edge,0.96,81.8,2166.8,2233.16,2149.19,3198.9,True,False,True,True,0,0.0,
4459,Rev9,9,W154,AE-3200,CH-B,EXT-04,Extreme Edge,0.96,114.5,2199.54,2161.37,2025.34,3090.5,True,True,True,True,0,0.0,
4460,Rev9,9,W154,AE-3200,CH-B,EXT-05,Extreme Edge,0.96,147.3,2229.27,2203.7,2077.23,3185.7,False,False,True,True,0,0.0,
4461,Rev9,9,W154,AE-3200,CH-B,EXT-06,Extreme Edge,0.96,180.0,2194.66,2144.68,2065.71,3476.6,True,True,True,True,0,0.0,
4462,Rev9,9,W154,AE-3200,CH-B,EXT-07,Extreme Edge,0.96,212.7,2233.89,2207.34,2054.05,3494.1,False,False,True,True,0,0.0,
4463,Rev9,9,W154,AE-3200,CH-B,EXT-08,Extreme Edge,0.96,245.5,2164.21,2203.05,2111.53,3142.2,True,False,True,True,0,0.0,
4464,Rev9,9,W154,AE-3200,CH-B,EXT-09,Extreme Edge,0.96,278.2,2278.78,2178.54,2155.55,3337.0,False,True,True,True,1,2.13,polymer_residue
4465,Rev9,9,W154,AE-3200,CH-B,EXT-10,Extreme Edge,0.96,310.9,2205.08,2166.69,2035.17,3480.6,True,True,True,True,0,0.0,
4466,Rev9,9,W154,AE-3200,CH-B,EXT-11,Extreme Edge,0.96,343.6,2160.49,2103.03,2123.21,3517.6,True,True,True,False,0,0.0,
4467,Rev6,6,W155,PX-7500,CH-C,C1,Center,0.0,0.0,2140.15,2105.9,2020.55,3378.2,True,True,True,True,0,0.0,
4468,Rev6,6,W155,PX-7500,CH-C,MID-01,Mid,0.52,30.0,2160.06,2098.14,2098.18,3594.8,True,True,True,False,1,3.98,pressure_spike
4469,Rev6,6,W155,PX-7500,CH-C,MID-02,Mid,0.52,90.0,2161.97,2155.85,2086.49,3433.2,True,True,True,True,0,0.0,
4470,Rev6,6,W155,PX-7500,CH-C,MID-03,Mid,0.52,150.0,2122.36,2145.87,2067.44,3781.4,True,True,True,False,0,0.0,
4471,Rev6,6,W155,PX-7500,CH-C,MID-04,Mid,0.52,210.0,2144.97,2142.04,2117.55,3429.1,True,True,True,True,0,0.0,
4472,Rev6,6,W155,PX-7500,CH-C,MID-05,Mid,0.52,270.0,2142.49,2118.29,1926.06,3545.9,True,True,True,False,0,0.0,
4473,Rev6,6,W155,PX-7500,CH-C,MID-06,Mid,0.52,330.0,2149.23,2154.38,2074.3,3504.8,True,True,True,False,0,0.0,
4474,Rev6,6,W155,PX-7500,CH-C,EDG-01,Edge,0.84,0.0,2161.68,2192.39,2027.03,3554.3,True,True,True,False,1,2.5,
4475,Rev6,6,W155,PX-7500,CH-C,EDG-02,Edge,0.84,32.7,2190.28,2159.87,2000.27,3447.1,True,True,True,True,0,0.0,
4476,Rev6,6,W155,PX-7500,CH-C,EDG-03,Edge,0.84,65.5,2192.75,2183.29,2054.02,3587.4,True,True,True,False,0,0.0,
4477,Rev6,6,W155,PX-7500,CH-C,EDG-04,Edge,0.84,98.2,2183.0,2189.53,2078.58,3555.8,True,True,True,False,1,2.67,
4478,Rev6,6,W155,PX-7500,CH-C,EDG-05,Edge,0.84,130.9,2144.76,2138.08,2035.67,3314.5,True,True,True,True,0,0.0,
4479,Rev6,6,W155,PX-7500,CH-C,EDG-06,Edge,0.84,163.6,2136.1,2189.36,2105.31,3653.7,True,True,True,False,0,0.0,
4480,Rev6,6,W155,PX-7500,CH-C,EDG-07,Edge,0.84,196.4,2195.03,2130.41,2086.81,3378.2,True,True,True,True,1,5.32,polymer_residue
4481,Rev6,6,W155,PX-7500,CH-C,EDG-08,Edge,0.84,229.1,2140.09,2166.88,2181.29,3283.3,True,True,False,True,1,3.87,
4482,Rev6,6,W155,PX-7500,CH-C,EDG-09,Edge,0.84,261.8,2188.42,2104.69,2060.59,3243.7,True,True,True,True,2,5.08,arc_event
4483,Rev6,6,W155,PX-7500,CH-C,EDG-10,Edge,0.84,294.5,2176.72,2136.65,2067.61,3433.6,True,True,True,True,1,5.34,polymer_residue
4484,Rev6,6,W155,PX-7500,CH-C,EDG-11,Edge,0.84,327.3,2193.84,2169.69,2079.68,3550.9,True,True,True,False,1,6.19,polymer_residue
4485,Rev6,6,W155,PX-7500,CH-C,EXT-01,Extreme Edge,0.96,16.4,2200.13,2151.75,2132.39,3416.5,True,True,True,True,2,5.32,endpoint_late
4486,Rev6,6,W155,PX-7500,CH-C,EXT-02,Extreme Edge,0.96,49.1,2150.35,2215.98,2104.04,3521.9,True,False,True,False,1,5.17,
4487,Rev6,6,W155,PX-7500,CH-C,EXT-03,Extreme Edge,0.96,81.8,2221.38,2169.26,2125.98,3590.3,True,True,True,False,2,11.82,
4488,Rev6,6,W155,PX-7500,CH-C,EXT-04,Extreme Edge,0.96,114.5,2173.45,2162.71,2222.82,3380.0,True,True,False,True,1,2.53,
4489,Rev6,6,W155,PX-7500,CH-C,EXT-05,Extreme Edge,0.96,147.3,2189.72,2048.13,2012.62,3577.2,True,True,True,False,0,0.0,
4490,Rev6,6,W155,PX-7500,CH-C,EXT-06,Extreme Edge,0.96,180.0,2174.06,2210.25,2221.77,3510.4,True,False,False,False,0,0.0,
4491,Rev6,6,W155,PX-7500,CH-C,EXT-07,Extreme Edge,0.96,212.7,2163.72,2141.63,2123.96,3440.2,True,True,True,True,0,0.0,
4492,Rev6,6,W155,PX-7500,CH-C,EXT-08,Extreme Edge,0.96,245.5,2178.43,2147.15,2109.34,3503.2,True,True,True,False,1,3.71,
4493,Rev6,6,W155,PX-7500,CH-C,EXT-09,Extreme Edge,0.96,278.2,2177.65,2143.62,2088.67,3424.9,True,True,True,True,1,2.36,
4494,Rev6,6,W155,PX-7500,CH-C,EXT-10,Extreme Edge,0.96,310.9,2123.25,2180.25,2122.12,3464.8,True,True,True,True,0,0.0,
4495,Rev6,6,W155,PX-7500,CH-C,EXT-11,Extreme Edge,0.96,343.6,2153.99,2162.13,2078.69,3280.1,True,True,True,True,0,0.0,
4496,Rev7,7,W156,PX-7500,CH-D,C1,Center,0.0,0.0,2137.76,2095.91,2060.84,3235.0,True,True,True,True,0,0.0,
4497,Rev7,7,W156,PX-7500,CH-D,MID-01,Mid,0.52,30.0,2197.99,2107.8,1918.95,3111.9,True,True,True,True,0,0.0,
4498,Rev7,7,W156,PX-7500,CH-D,MID-02,Mid,0.52,90.0,2197.7,2068.05,2063.48,2798.2,True,True,True,False,0,0.0,
4499,Rev7,7,W156,PX-7500,CH-D,MID-03,Mid,0.52,150.0,2179.71,2090.01,2064.93,3218.3,True,True,True,True,1,3.12,
4500,Rev7,7,W156,PX-7500,CH-D,MID-04,Mid,0.52,210.0,2161.43,2026.04,2038.41,3308.1,True,True,True,True,0,0.0,
4501,Rev7,7,W156,PX-7500,CH-D,MID-05,Mid,0.52,270.0,2229.77,2088.75,1990.15,2901.0,False,True,True,False,0,0.0,
4502,Rev7,7,W156,PX-7500,CH-D,MID-06,Mid,0.52,330.0,2170.7,2079.6,2076.21,3245.9,True,True,True,True,0,0.0,
4503,Rev7,7,W156,PX-7500,CH-D,EDG-01,Edge,0.84,0.0,2235.51,2135.36,2177.62,3221.6,False,True,False,True,2,12.58,
4504,Rev7,7,W156,PX-7500,CH-D,EDG-02,Edge,0.84,32.7,2246.41,2122.2,2148.76,3337.9,False,True,True,True,1,6.37,polymer_residue
4505,Rev7,7,W156,PX-7500,CH-D,EDG-03,Edge,0.84,65.5,2217.64,2042.86,1997.1,3427.8,True,True,True,True,0,0.0,
4506,Rev7,7,W156,PX-7500,CH-D,EDG-04,Edge,0.84,98.2,2245.69,2122.31,2059.78,3269.3,False,True,True,True,2,5.24,endpoint_late
4507,Rev7,7,W156,PX-7500,CH-D,EDG-05,Edge,0.84,130.9,2228.25,2072.85,2174.58,3329.0,False,True,False,True,2,9.45,
4508,Rev7,7,W156,PX-7500,CH-D,EDG-06,Edge,0.84,163.6,2240.85,2108.85,2059.91,3229.5,False,True,True,True,0,0.0,
4509,Rev7,7,W156,PX-7500,CH-D,EDG-07,Edge,0.84,196.4,2187.71,2103.28,2080.67,3202.7,True,True,True,True,0,0.0,
4510,Rev7,7,W156,PX-7500,CH-D,EDG-08,Edge,0.84,229.1,2191.33,2157.06,2001.88,3294.6,True,True,True,True,0,0.0,
4511,Rev7,7,W156,PX-7500,CH-D,EDG-09,Edge,0.84,261.8,2237.66,2094.54,2135.18,3356.3,False,True,True,True,0,0.0,
4512,Rev7,7,W156,PX-7500,CH-D,EDG-10,Edge,0.84,294.5,2156.97,2116.78,2008.78,3371.5,True,True,True,True,0,0.0,
4513,Rev7,7,W156,PX-7500,CH-D,EDG-11,Edge,0.84,327.3,2224.69,2089.22,2123.18,3224.3,True,True,True,True,1,2.65,
4514,Rev7,7,W156,PX-7500,CH-D,EXT-01,Extreme Edge,0.96,16.4,2206.8,2140.02,2104.96,3350.0,True,True,True,True,1,2.06,polymer_residue
4515,Rev7,7,W156,PX-7500,CH-D,EXT-02,Extreme Edge,0.96,49.1,2203.89,2134.16,1994.65,3372.9,True,True,True,True,1,6.22,
4516,Rev7,7,W156,PX-7500,CH-D,EXT-03,Extreme Edge,0.96,81.8,2195.32,2118.56,2185.61,3289.6,True,True,False,True,1,3.03,
4517,Rev7,7,W156,PX-7500,CH-D,EXT-04,Extreme Edge,0.96,114.5,2205.02,2193.73,2036.48,3301.0,True,True,True,True,1,4.11,
4518,Rev7,7,W156,PX-7500,CH-D,EXT-05,Extreme Edge,0.96,147.3,2191.51,2150.0,2144.71,3297.4,True,True,True,True,0,0.0,
4519,Rev7,7,W156,PX-7500,CH-D,EXT-06,Extreme Edge,0.96,180.0,2154.02,2152.81,2157.09,3388.1,True,True,True,True,1,2.47,polymer_residue
4520,Rev7,7,W156,PX-7500,CH-D,EXT-07,Extreme Edge,0.96,212.7,2181.99,2137.42,2123.37,3257.6,True,True,True,True,0,0.0,
4521,Rev7,7,W156,PX-7500,CH-D,EXT-08,Extreme Edge,0.96,245.5,2229.8,2127.1,2092.93,3415.0,False,True,True,True,0,0.0,
4522,Rev7,7,W156,PX-7500,CH-D,EXT-09,Extreme Edge,0.96,278.2,2233.32,2114.83,2240.12,3297.8,False,True,False,True,1,3.45,polymer_residue
4523,Rev7,7,W156,PX-7500,CH-D,EXT-10,Extreme Edge,0.96,310.9,2199.1,2050.92,2139.95,3340.6,True,True,True,True,0,0.0,
4524,Rev7,7,W156,PX-7500,CH-D,EXT-11,Extreme Edge,0.96,343.6,2169.75,2148.62,2038.67,3220.8,True,True,True,True,2,8.39,polymer_residue
4525,Rev10,10,W157,PX-7500,CH-C,C1,Center,0.0,0.0,2125.06,2201.96,2096.99,3302.2,True,False,True,True,0,0.0,
4526,Rev10,10,W157,PX-7500,CH-C,MID-01,Mid,0.52,30.0,2197.2,2159.0,2125.55,3164.1,True,True,True,True,0,0.0,
4527,Rev10,10,W157,PX-7500,CH-C,MID-02,Mid,0.52,90.0,2135.82,2174.38,2106.78,3370.2,True,True,True,True,0,0.0,
4528,Rev10,10,W157,PX-7500,CH-C,MID-03,Mid,0.52,150.0,2171.85,2166.24,2011.2,3547.3,True,True,True,False,0,0.0,
4529,Rev10,10,W157,PX-7500,CH-C,MID-04,Mid,0.52,210.0,2148.9,2161.75,1977.54,3515.6,True,True,True,False,0,0.0,
4530,Rev10,10,W157,PX-7500,CH-C,MID-05,Mid,0.52,270.0,2107.64,2149.36,2015.85,3256.5,True,True,True,True,0,0.0,
4531,Rev10,10,W157,PX-7500,CH-C,MID-06,Mid,0.52,330.0,2194.26,2144.94,2079.68,3518.3,True,True,True,False,3,15.83,
4532,Rev10,10,W157,PX-7500,CH-C,EDG-01,Edge,0.84,0.0,2162.28,2196.74,2064.34,3743.9,True,False,True,False,1,5.41,arc_event
4533,Rev10,10,W157,PX-7500,CH-C,EDG-02,Edge,0.84,32.7,2161.87,2245.62,2102.05,3507.7,True,False,True,False,0,0.0,
4534,Rev10,10,W157,PX-7500,CH-C,EDG-03,Edge,0.84,65.5,2163.12,2181.98,2047.31,3520.9,True,True,True,False,1,3.47,
4535,Rev10,10,W157,PX-7500,CH-C,EDG-04,Edge,0.84,98.2,2202.29,2212.32,2106.02,3423.2,True,False,True,True,0,0.0,
4536,Rev10,10,W157,PX-7500,CH-C,EDG-05,Edge,0.84,130.9,2155.04,2135.28,1978.34,3389.7,True,True,True,True,0,0.0,
4537,Rev10,10,W157,PX-7500,CH-C,EDG-06,Edge,0.84,163.6,2230.1,2194.28,2078.71,3350.9,False,True,True,True,1,5.97,polymer_residue
4538,Rev10,10,W157,PX-7500,CH-C,EDG-07,Edge,0.84,196.4,2209.32,2241.75,1994.64,3523.5,True,False,True,False,2,5.41,
4539,Rev10,10,W157,PX-7500,CH-C,EDG-08,Edge,0.84,229.1,2170.93,2193.53,2061.43,3564.1,True,True,True,False,0,0.0,
4540,Rev10,10,W157,PX-7500,CH-C,EDG-09,Edge,0.84,261.8,2188.24,2200.61,2132.03,3323.7,True,False,True,True,2,6.6,polymer_residue
4541,Rev10,10,W157,PX-7500,CH-C,EDG-10,Edge,0.84,294.5,2242.11,2205.53,2150.82,3441.0,False,False,True,True,0,0.0,
4542,Rev10,10,W157,PX-7500,CH-C,EDG-11,Edge,0.84,327.3,2201.8,2211.76,2133.13,3458.3,True,False,True,True,0,0.0,
4543,Rev10,10,W157,PX-7500,CH-C,EXT-01,Extreme Edge,0.96,16.4,2224.59,2178.21,2097.37,3598.5,True,True,True,False,0,0.0,
4544,Rev10,10,W157,PX-7500,CH-C,EXT-02,Extreme Edge,0.96,49.1,2251.16,2222.18,2145.76,3192.8,False,False,True,True,1,2.97,
4545,Rev10,10,W157,PX-7500,CH-C,EXT-03,Extreme Edge,0.96,81.8,2235.89,2200.05,2173.36,3440.0,False,False,False,True,1,4.68,polymer_residue
4546,Rev10,10,W157,PX-7500,CH-C,EXT-04,Extreme Edge,0.96,114.5,2252.57,2245.39,1991.1,3370.9,False,False,True,True,2,7.83,pressure_spike
4547,Rev10,10,W157,PX-7500,CH-C,EXT-05,Extreme Edge,0.96,147.3,2198.09,2246.04,2180.21,3513.4,True,False,False,False,0,0.0,
4548,Rev10,10,W157,PX-7500,CH-C,EXT-06,Extreme Edge,0.96,180.0,2195.94,2260.3,1963.41,3544.4,True,False,True,False,1,5.14,
4549,Rev10,10,W157,PX-7500,CH-C,EXT-07,Extreme Edge,0.96,212.7,2218.43,2220.58,2048.2,3505.4,True,False,True,False,0,0.0,
4550,Rev10,10,W157,PX-7500,CH-C,EXT-08,Extreme Edge,0.96,245.5,2204.45,2180.98,1977.03,3610.1,True,True,True,False,0,0.0,
4551,Rev10,10,W157,PX-7500,CH-C,EXT-09,Extreme Edge,0.96,278.2,2189.65,2167.94,2105.23,3572.6,True,True,True,False,1,5.36,
4552,Rev10,10,W157,PX-7500,CH-C,EXT-10,Extreme Edge,0.96,310.9,2180.65,2221.98,2015.19,3590.4,True,False,True,False,3,10.82,
4553,Rev10,10,W157,PX-7500,CH-C,EXT-11,Extreme Edge,0.96,343.6,2216.41,2200.2,2040.04,3359.1,True,False,True,True,0,0.0,
4554,Base,0,W158,AE-3200,CH-A,C1,Center,0.0,0.0,2188.56,2163.97,1994.5,3181.2,True,True,True,True,0,0.0,
4555,Base,0,W158,AE-3200,CH-A,MID-01,Mid,0.52,30.0,2211.61,2134.53,1976.29,3245.8,True,True,True,True,0,0.0,
4556,Base,0,W158,AE-3200,CH-A,MID-02,Mid,0.52,90.0,2140.82,2078.43,2005.49,3571.7,True,True,True,False,0,0.0,
4557,Base,0,W158,AE-3200,CH-A,MID-03,Mid,0.52,150.0,2173.33,2113.08,2038.68,3262.7,True,True,True,True,0,0.0,
4558,Base,0,W158,AE-3200,CH-A,MID-04,Mid,0.52,210.0,2138.89,2046.09,2092.94,3049.5,True,True,True,True,0,0.0,
4559,Base,0,W158,AE-3200,CH-A,MID-05,Mid,0.52,270.0,2186.47,2077.24,2091.01,3298.8,True,True,True,True,0,0.0,
4560,Base,0,W158,AE-3200,CH-A,MID-06,Mid,0.52,330.0,2112.6,2089.23,1938.56,2997.3,True,True,True,False,0,0.0,
4561,Base,0,W158,AE-3200,CH-A,EDG-01,Edge,0.84,0.0,2194.89,2139.92,2026.46,3308.1,True,True,True,True,0,0.0,
4562,Base,0,W158,AE-3200,CH-A,EDG-02,Edge,0.84,32.7,2217.06,2100.99,2060.5,3135.6,True,True,True,True,1,5.74,esc_temp_drift
4563,Base,0,W158,AE-3200,CH-A,EDG-03,Edge,0.84,65.5,2164.36,2097.8,1973.65,3400.7,True,True,True,True,0,0.0,
4564,Base,0,W158,AE-3200,CH-A,EDG-04,Edge,0.84,98.2,2238.11,2141.92,2029.28,3410.9,False,True,True,True,1,3.21,pressure_spike
4565,Base,0,W158,AE-3200,CH-A,EDG-05,Edge,0.84,130.9,2189.16,2220.9,2188.0,3186.7,True,False,False,True,0,0.0,
4566,Base,0,W158,AE-3200,CH-A,EDG-06,Edge,0.84,163.6,2208.16,2119.31,2178.67,3276.7,True,True,False,True,0,0.0,
4567,Base,0,W158,AE-3200,CH-A,EDG-07,Edge,0.84,196.4,2195.25,2148.91,2069.32,3211.4,True,True,True,True,0,0.0,
4568,Base,0,W158,AE-3200,CH-A,EDG-08,Edge,0.84,229.1,2222.68,2110.91,1963.74,3311.4,True,True,True,True,1,1.8,
4569,Base,0,W158,AE-3200,CH-A,EDG-09,Edge,0.84,261.8,2146.88,2133.76,2014.57,3204.9,True,True,True,True,0,0.0,
4570,Base,0,W158,AE-3200,CH-A,EDG-10,Edge,0.84,294.5,2202.58,2125.86,2006.38,3175.9,True,True,True,True,0,0.0,
4571,Base,0,W158,AE-3200,CH-A,EDG-11,Edge,0.84,327.3,2183.6,2124.82,2019.48,2962.4,True,True,True,False,0,0.0,
4572,Base,0,W158,AE-3200,CH-A,EXT-01,Extreme Edge,0.96,16.4,2194.14,2158.97,2175.63,3378.4,True,True,False,True,0,0.0,
4573,Base,0,W158,AE-3200,CH-A,EXT-02,Extreme Edge,0.96,49.1,2185.84,2097.05,1975.93,3161.3,True,True,True,True,2,6.75,arc_event
4574,Base,0,W158,AE-3200,CH-A,EXT-03,Extreme Edge,0.96,81.8,2229.95,2136.95,2138.03,3371.5,False,True,True,True,0,0.0,
4575,Base,0,W158,AE-3200,CH-A,EXT-04,Extreme Edge,0.96,114.5,2233.55,2182.16,2149.38,3411.9,False,True,True,True,2,9.59,polymer_residue
4576,Base,0,W158,AE-3200,CH-A,EXT-05,Extreme Edge,0.96,147.3,2177.81,2139.91,2080.89,3389.9,True,True,True,True,0,0.0,
4577,Base,0,W158,AE-3200,CH-A,EXT-06,Extreme Edge,0.96,180.0,2188.32,2099.75,2142.79,3190.7,True,True,True,True,0,0.0,
4578,Base,0,W158,AE-3200,CH-A,EXT-07,Extreme Edge,0.96,212.7,2206.24,2055.94,2001.54,3372.8,True,True,True,True,0,0.0,
4579,Base,0,W158,AE-3200,CH-A,EXT-08,Extreme Edge,0.96,245.5,2174.84,2118.13,2047.99,3458.6,True,True,True,True,0,0.0,
4580,Base,0,W158,AE-3200,CH-A,EXT-09,Extreme Edge,0.96,278.2,2228.64,2133.36,2155.2,3485.7,False,True,True,True,2,7.32,polymer_residue
4581,Base,0,W158,AE-3200,CH-A,EXT-10,Extreme Edge,0.96,310.9,2177.95,2139.46,2065.37,3243.4,True,True,True,True,0,0.0,
4582,Base,0,W158,AE-3200,CH-A,EXT-11,Extreme Edge,0.96,343.6,2172.96,2199.1,2038.27,3408.3,True,False,True,True,1,2.31,polymer_residue
4583,Rev10,10,W159,PX-7500,CH-C,C1,Center,0.0,0.0,2182.6,2135.45,2000.61,3089.0,True,True,True,True,0,0.0,
4584,Rev10,10,W159,PX-7500,CH-C,MID-01,Mid,0.52,30.0,2180.61,2188.51,2008.88,3439.5,True,True,True,True,0,0.0,
4585,Rev10,10,W159,PX-7500,CH-C,MID-02,Mid,0.52,90.0,2141.99,2183.71,2081.02,3479.6,True,True,True,True,0,0.0,
4586,Rev10,10,W159,PX-7500,CH-C,MID-03,Mid,0.52,150.0,2203.65,2189.17,1991.21,3537.0,True,True,True,False,0,0.0,
4587,Rev10,10,W159,PX-7500,CH-C,MID-04,Mid,0.52,210.0,2177.76,2156.8,2041.25,3418.4,True,True,True,True,0,0.0,
4588,Rev10,10,W159,PX-7500,CH-C,MID-05,Mid,0.52,270.0,2170.29,2193.72,1991.6,3378.4,True,True,True,True,0,0.0,
4589,Rev10,10,W159,PX-7500,CH-C,MID-06,Mid,0.52,330.0,2154.79,2096.24,2027.67,3520.5,True,True,True,False,1,4.37,polymer_residue
4590,Rev10,10,W159,PX-7500,CH-C,EDG-01,Edge,0.84,0.0,2151.89,2187.12,2078.68,3492.6,True,True,True,True,0,0.0,
4591,Rev10,10,W159,PX-7500,CH-C,EDG-02,Edge,0.84,32.7,2186.06,2219.48,2115.84,3596.7,True,False,True,False,2,9.81,pressure_spike
4592,Rev10,10,W159,PX-7500,CH-C,EDG-03,Edge,0.84,65.5,2124.97,2260.64,2011.24,3551.9,True,False,True,False,0,0.0,
4593,Rev10,10,W159,PX-7500,CH-C,EDG-04,Edge,0.84,98.2,2179.11,2218.61,2084.55,3612.9,True,False,True,False,0,0.0,
4594,Rev10,10,W159,PX-7500,CH-C,EDG-05,Edge,0.84,130.9,2149.32,2224.67,2046.78,3431.7,True,False,True,True,0,0.0,
4595,Rev10,10,W159,PX-7500,CH-C,EDG-06,Edge,0.84,163.6,2191.24,2233.89,2098.78,3541.5,True,False,True,False,2,10.68,endpoint_late
4596,Rev10,10,W159,PX-7500,CH-C,EDG-07,Edge,0.84,196.4,2230.43,2222.18,1952.41,3355.5,False,False,True,True,2,10.49,arc_event
4597,Rev10,10,W159,PX-7500,CH-C,EDG-08,Edge,0.84,229.1,2208.36,2145.6,2065.67,3528.3,True,True,True,False,2,12.8,
4598,Rev10,10,W159,PX-7500,CH-C,EDG-09,Edge,0.84,261.8,2168.45,2172.27,2131.37,3717.4,True,True,True,False,1,2.65,
4599,Rev10,10,W159,PX-7500,CH-C,EDG-10,Edge,0.84,294.5,2180.64,2248.78,1967.92,3307.5,True,False,True,True,0,0.0,
4600,Rev10,10,W159,PX-7500,CH-C,EDG-11,Edge,0.84,327.3,2215.35,2187.28,2161.42,3331.8,True,True,True,True,0,0.0,
4601,Rev10,10,W159,PX-7500,CH-C,EXT-01,Extreme Edge,0.96,16.4,2162.57,2223.7,2065.42,3475.1,True,False,True,True,0,0.0,
4602,Rev10,10,W159,PX-7500,CH-C,EXT-02,Extreme Edge,0.96,49.1,2207.9,2256.69,2178.53,3482.3,True,False,False,True,0,0.0,
4603,Rev10,10,W159,PX-7500,CH-C,EXT-03,Extreme Edge,0.96,81.8,2161.84,2192.71,2084.12,3444.0,True,True,True,True,0,0.0,
4604,Rev10,10,W159,PX-7500,CH-C,EXT-04,Extreme Edge,0.96,114.5,2168.51,2205.28,2053.8,3651.2,True,False,True,False,1,4.48,
4605,Rev10,10,W159,PX-7500,CH-C,EXT-05,Extreme Edge,0.96,147.3,2211.52,2204.02,2005.86,3323.9,True,False,True,True,1,4.21,
4606,Rev10,10,W159,PX-7500,CH-C,EXT-06,Extreme Edge,0.96,180.0,2205.7,2193.23,2086.4,3427.6,True,True,True,True,0,0.0,
4607,Rev10,10,W159,PX-7500,CH-C,EXT-07,Extreme Edge,0.96,212.7,2136.45,2193.44,2152.36,3638.3,True,True,True,False,1,3.67,esc_temp_drift
4608,Rev10,10,W159,PX-7500,CH-C,EXT-08,Extreme Edge,0.96,245.5,2240.09,2261.96,2090.19,3658.3,False,False,True,False,1,3.58,polymer_residue
4609,Rev10,10,W159,PX-7500,CH-C,EXT-09,Extreme Edge,0.96,278.2,2214.72,2201.19,2110.1,3400.6,True,False,True,True,1,5.92,arc_event
4610,Rev10,10,W159,PX-7500,CH-C,EXT-10,Extreme Edge,0.96,310.9,2181.16,2204.28,2039.76,3367.9,True,False,True,True,0,0.0,
4611,Rev10,10,W159,PX-7500,CH-C,EXT-11,Extreme Edge,0.96,343.6,2212.93,2220.18,2143.33,3477.5,True,False,True,True,1,5.61,arc_event
4612,Rev4,4,W160,AE-3200,CH-A,C1,Center,0.0,0.0,2170.96,2132.11,2067.05,3342.1,True,True,True,True,0,0.0,
4613,Rev4,4,W160,AE-3200,CH-A,MID-01,Mid,0.52,30.0,2158.16,2141.25,2028.04,3276.3,True,True,True,True,0,0.0,
4614,Rev4,4,W160,AE-3200,CH-A,MID-02,Mid,0.52,90.0,2200.39,2055.35,2077.95,3159.3,True,True,True,True,0,0.0,
4615,Rev4,4,W160,AE-3200,CH-A,MID-03,Mid,0.52,150.0,2140.49,2119.72,2038.69,3226.7,True,True,True,True,0,0.0,
4616,Rev4,4,W160,AE-3200,CH-A,MID-04,Mid,0.52,210.0,2144.19,2116.99,2155.73,3116.0,True,True,True,True,2,4.25,
4617,Rev4,4,W160,AE-3200,CH-A,MID-05,Mid,0.52,270.0,2150.56,2126.14,1971.62,3152.6,True,True,True,True,1,3.88,polymer_residue
4618,Rev4,4,W160,AE-3200,CH-A,MID-06,Mid,0.52,330.0,2139.46,2032.09,2177.52,3413.2,True,True,False,True,0,0.0,
4619,Rev4,4,W160,AE-3200,CH-A,EDG-01,Edge,0.84,0.0,2206.27,2028.16,2036.02,3491.5,True,True,True,True,0,0.0,
4620,Rev4,4,W160,AE-3200,CH-A,EDG-02,Edge,0.84,32.7,2201.57,2148.06,2085.73,3291.1,True,True,True,True,0,0.0,
4621,Rev4,4,W160,AE-3200,CH-A,EDG-03,Edge,0.84,65.5,2157.15,2097.84,2096.63,3411.4,True,True,True,True,0,0.0,
4622,Rev4,4,W160,AE-3200,CH-A,EDG-04,Edge,0.84,98.2,2200.68,2119.8,2132.69,3321.8,True,True,True,True,2,11.75,
4623,Rev4,4,W160,AE-3200,CH-A,EDG-05,Edge,0.84,130.9,2163.14,2114.58,2223.65,3127.4,True,True,False,True,0,0.0,
4624,Rev4,4,W160,AE-3200,CH-A,EDG-06,Edge,0.84,163.6,2191.01,2117.69,2161.83,3223.3,True,True,True,True,0,0.0,
4625,Rev4,4,W160,AE-3200,CH-A,EDG-07,Edge,0.84,196.4,2200.46,2116.5,2092.54,3111.1,True,True,True,True,0,0.0,
4626,Rev4,4,W160,AE-3200,CH-A,EDG-08,Edge,0.84,229.1,2150.15,2112.98,2106.63,3313.1,True,True,True,True,0,0.0,
4627,Rev4,4,W160,AE-3200,CH-A,EDG-09,Edge,0.84,261.8,2176.57,2159.68,2072.07,3443.2,True,True,True,True,0,0.0,
4628,Rev4,4,W160,AE-3200,CH-A,EDG-10,Edge,0.84,294.5,2162.61,2089.33,2184.23,3226.4,True,True,False,True,1,2.64,endpoint_late
4629,Rev4,4,W160,AE-3200,CH-A,EDG-11,Edge,0.84,327.3,2136.45,2106.9,2096.6,3194.7,True,True,True,True,0,0.0,
4630,Rev4,4,W160,AE-3200,CH-A,EXT-01,Extreme Edge,0.96,16.4,2185.23,2085.82,2160.38,3118.4,True,True,True,True,0,0.0,
4631,Rev4,4,W160,AE-3200,CH-A,EXT-02,Extreme Edge,0.96,49.1,2244.37,2136.65,2119.95,3295.9,False,True,True,True,2,6.82,
4632,Rev4,4,W160,AE-3200,CH-A,EXT-03,Extreme Edge,0.96,81.8,2183.8,2084.19,2132.85,3454.0,True,True,True,True,0,0.0,
4633,Rev4,4,W160,AE-3200,CH-A,EXT-04,Extreme Edge,0.96,114.5,2168.67,2096.55,2300.87,2990.4,True,True,False,False,1,4.35,
4634,Rev4,4,W160,AE-3200,CH-A,EXT-05,Extreme Edge,0.96,147.3,2199.42,2104.34,2125.23,3556.0,True,True,True,False,0,0.0,
4635,Rev4,4,W160,AE-3200,CH-A,EXT-06,Extreme Edge,0.96,180.0,2165.91,2144.78,2214.15,3261.9,True,True,False,True,0,0.0,
4636,Rev4,4,W160,AE-3200,CH-A,EXT-07,Extreme Edge,0.96,212.7,2165.17,2152.19,2093.04,3424.1,True,True,True,True,1,2.92,esc_temp_drift
4637,Rev4,4,W160,AE-3200,CH-A,EXT-08,Extreme Edge,0.96,245.5,2181.71,2130.72,2111.08,3248.3,True,True,True,True,0,0.0,
4638,Rev4,4,W160,AE-3200,CH-A,EXT-09,Extreme Edge,0.96,278.2,2198.38,2170.61,2160.74,3414.7,True,True,True,True,0,0.0,
4639,Rev4,4,W160,AE-3200,CH-A,EXT-10,Extreme Edge,0.96,310.9,2153.35,2127.67,2106.47,3239.9,True,True,True,True,0,0.0,
4640,Rev4,4,W160,AE-3200,CH-A,EXT-11,Extreme Edge,0.96,343.6,2186.3,2115.9,2152.98,3047.3,True,True,True,True,0,0.0,
4641,Rev9,9,W161,AE-3200,CH-B,C1,Center,0.0,0.0,2145.25,2110.77,2147.87,3116.3,True,True,True,True,0,0.0,
4642,Rev9,9,W161,AE-3200,CH-B,MID-01,Mid,0.52,30.0,2154.72,2137.75,2216.07,3000.8,True,True,False,True,0,0.0,
4643,Rev9,9,W161,AE-3200,CH-B,MID-02,Mid,0.52,90.0,2151.66,2110.23,2123.58,3009.9,True,True,True,True,0,0.0,
4644,Rev9,9,W161,AE-3200,CH-B,MID-03,Mid,0.52,150.0,2180.42,2135.56,2154.71,3010.3,True,True,True,True,0,0.0,
4645,Rev9,9,W161,AE-3200,CH-B,MID-04,Mid,0.52,210.0,2156.07,2226.12,2169.19,3159.7,True,False,True,True,0,0.0,
4646,Rev9,9,W161,AE-3200,CH-B,MID-05,Mid,0.52,270.0,2180.02,2172.29,2070.86,3091.4,True,True,True,True,0,0.0,
4647,Rev9,9,W161,AE-3200,CH-B,MID-06,Mid,0.52,330.0,2143.25,2157.41,2087.53,3149.4,True,True,True,True,1,3.25,
4648,Rev9,9,W161,AE-3200,CH-B,EDG-01,Edge,0.84,0.0,2203.22,2152.14,2148.71,3214.3,True,True,True,True,0,0.0,
4649,Rev9,9,W161,AE-3200,CH-B,EDG-02,Edge,0.84,32.7,2194.35,2198.73,2219.03,3108.0,True,False,False,True,3,12.15,
4650,Rev9,9,W161,AE-3200,CH-B,EDG-03,Edge,0.84,65.5,2218.97,2204.34,2253.32,3194.5,True,False,False,True,0,0.0,
4651,Rev9,9,W161,AE-3200,CH-B,EDG-04,Edge,0.84,98.2,2197.09,2118.02,2146.3,3242.2,True,True,True,True,0,0.0,
4652,Rev9,9,W161,AE-3200,CH-B,EDG-05,Edge,0.84,130.9,2182.98,2171.66,2144.23,3086.1,True,True,True,True,0,0.0,
4653,Rev9,9,W161,AE-3200,CH-B,EDG-06,Edge,0.84,163.6,2183.44,2219.51,2179.38,3153.6,True,False,False,True,1,4.99,polymer_residue
4654,Rev9,9,W161,AE-3200,CH-B,EDG-07,Edge,0.84,196.4,2216.4,2136.02,2242.67,3204.0,True,True,False,True,0,0.0,
4655,Rev9,9,W161,AE-3200,CH-B,EDG-08,Edge,0.84,229.1,2189.27,2188.4,2088.32,3081.7,True,True,True,True,0,0.0,
4656,Rev9,9,W161,AE-3200,CH-B,EDG-09,Edge,0.84,261.8,2130.4,2182.73,2089.65,3434.4,True,True,True,True,0,0.0,
4657,Rev9,9,W161,AE-3200,CH-B,EDG-10,Edge,0.84,294.5,2161.93,2150.97,2070.02,2988.5,True,True,True,False,0,0.0,
4658,Rev9,9,W161,AE-3200,CH-B,EDG-11,Edge,0.84,327.3,2207.38,2213.84,2158.18,2947.8,True,False,True,False,2,11.27,polymer_residue
4659,Rev9,9,W161,AE-3200,CH-B,EXT-01,Extreme Edge,0.96,16.4,2247.32,2207.58,2155.38,3098.1,False,False,True,True,0,0.0,
4660,Rev9,9,W161,AE-3200,CH-B,EXT-02,Extreme Edge,0.96,49.1,2196.3,2133.45,2229.01,3281.7,True,True,False,True,2,5.04,
4661,Rev9,9,W161,AE-3200,CH-B,EXT-03,Extreme Edge,0.96,81.8,2187.39,2142.04,2249.16,3175.4,True,True,False,True,1,4.0,pressure_spike
4662,Rev9,9,W161,AE-3200,CH-B,EXT-04,Extreme Edge,0.96,114.5,2165.95,2183.15,2163.76,3090.8,True,True,True,True,2,4.14,
4663,Rev9,9,W161,AE-3200,CH-B,EXT-05,Extreme Edge,0.96,147.3,2223.4,2160.01,2214.98,3151.5,True,True,False,True,1,3.05,
4664,Rev9,9,W161,AE-3200,CH-B,EXT-06,Extreme Edge,0.96,180.0,2201.04,2167.75,2176.3,3097.8,True,True,False,True,0,0.0,
4665,Rev9,9,W161,AE-3200,CH-B,EXT-07,Extreme Edge,0.96,212.7,2214.67,2176.07,2205.54,2909.9,True,True,False,False,1,5.44,
4666,Rev9,9,W161,AE-3200,CH-B,EXT-08,Extreme Edge,0.96,245.5,2121.0,2235.35,2235.49,3120.7,True,False,False,True,0,0.0,
4667,Rev9,9,W161,AE-3200,CH-B,EXT-09,Extreme Edge,0.96,278.2,2218.86,2164.95,2137.24,3381.9,True,True,True,True,0,0.0,
4668,Rev9,9,W161,AE-3200,CH-B,EXT-10,Extreme Edge,0.96,310.9,2217.63,2161.2,2206.68,3067.1,True,True,False,True,0,0.0,
4669,Rev9,9,W161,AE-3200,CH-B,EXT-11,Extreme Edge,0.96,343.6,2219.23,2196.77,2183.09,2922.2,True,False,False,False,2,9.68,
4670,Rev2,2,W162,PX-7500,CH-C,C1,Center,0.0,0.0,2175.19,2079.41,2115.38,3271.8,True,True,True,True,0,0.0,
4671,Rev2,2,W162,PX-7500,CH-C,MID-01,Mid,0.52,30.0,2169.5,2075.97,2115.64,3102.3,True,True,True,True,0,0.0,
4672,Rev2,2,W162,PX-7500,CH-C,MID-02,Mid,0.52,90.0,2192.48,2136.78,2202.89,3361.4,True,True,False,True,0,0.0,
4673,Rev2,2,W162,PX-7500,CH-C,MID-03,Mid,0.52,150.0,2153.81,2172.79,2118.86,3323.2,True,True,True,True,0,0.0,
4674,Rev2,2,W162,PX-7500,CH-C,MID-04,Mid,0.52,210.0,2182.8,2163.43,2065.16,3198.1,True,True,True,True,0,0.0,
4675,Rev2,2,W162,PX-7500,CH-C,MID-05,Mid,0.52,270.0,2227.43,2121.06,2058.71,3492.6,False,True,True,True,0,0.0,
4676,Rev2,2,W162,PX-7500,CH-C,MID-06,Mid,0.52,330.0,2131.09,2118.39,2134.66,3424.2,True,True,True,True,0,0.0,
4677,Rev2,2,W162,PX-7500,CH-C,EDG-01,Edge,0.84,0.0,2261.02,2109.09,2062.0,3315.4,False,True,True,True,1,3.13,
4678,Rev2,2,W162,PX-7500,CH-C,EDG-02,Edge,0.84,32.7,2197.58,2185.89,2090.64,3417.9,True,True,True,True,0,0.0,
4679,Rev2,2,W162,PX-7500,CH-C,EDG-03,Edge,0.84,65.5,2185.85,2118.39,2166.84,3276.8,True,True,True,True,0,0.0,
4680,Rev2,2,W162,PX-7500,CH-C,EDG-04,Edge,0.84,98.2,2200.7,2147.93,2196.07,3614.1,True,True,False,False,1,4.05,polymer_residue
4681,Rev2,2,W162,PX-7500,CH-C,EDG-05,Edge,0.84,130.9,2221.82,2168.53,2085.99,3424.1,True,True,True,True,0,0.0,
4682,Rev2,2,W162,PX-7500,CH-C,EDG-06,Edge,0.84,163.6,2246.59,2183.33,2088.94,3421.4,False,True,True,True,0,0.0,
4683,Rev2,2,W162,PX-7500,CH-C,EDG-07,Edge,0.84,196.4,2234.45,2123.24,2187.03,3242.1,False,True,False,True,0,0.0,
4684,Rev2,2,W162,PX-7500,CH-C,EDG-08,Edge,0.84,229.1,2182.88,2088.95,2039.04,3175.7,True,True,True,True,1,5.11,
4685,Rev2,2,W162,PX-7500,CH-C,EDG-09,Edge,0.84,261.8,2203.47,2104.42,2095.13,3239.4,True,True,True,True,1,6.17,esc_temp_drift
4686,Rev2,2,W162,PX-7500,CH-C,EDG-10,Edge,0.84,294.5,2201.42,2153.49,2070.47,3405.6,True,True,True,True,1,4.32,esc_temp_drift
4687,Rev2,2,W162,PX-7500,CH-C,EDG-11,Edge,0.84,327.3,2214.18,2112.29,1993.41,3348.3,True,True,True,True,0,0.0,
4688,Rev2,2,W162,PX-7500,CH-C,EXT-01,Extreme Edge,0.96,16.4,2207.0,2174.9,2057.04,3319.1,True,True,True,True,2,11.6,pressure_spike
4689,Rev2,2,W162,PX-7500,CH-C,EXT-02,Extreme Edge,0.96,49.1,2164.09,2189.83,2218.02,3352.3,True,True,False,True,0,0.0,
4690,Rev2,2,W162,PX-7500,CH-C,EXT-03,Extreme Edge,0.96,81.8,2219.12,2122.45,2120.0,3489.6,True,True,True,True,2,5.72,
4691,Rev2,2,W162,PX-7500,CH-C,EXT-04,Extreme Edge,0.96,114.5,2174.7,2130.35,2164.17,3589.0,True,True,True,False,1,3.19,
4692,Rev2,2,W162,PX-7500,CH-C,EXT-05,Extreme Edge,0.96,147.3,2250.48,2150.53,2130.88,3268.9,False,True,True,True,0,0.0,
4693,Rev2,2,W162,PX-7500,CH-C,EXT-06,Extreme Edge,0.96,180.0,2230.51,2093.61,2139.7,3109.0,False,True,True,True,1,5.0,
4694,Rev2,2,W162,PX-7500,CH-C,EXT-07,Extreme Edge,0.96,212.7,2232.55,2164.61,2224.45,3404.1,False,True,False,True,1,4.13,polymer_residue
4695,Rev2,2,W162,PX-7500,CH-C,EXT-08,Extreme Edge,0.96,245.5,2158.6,2118.13,2181.35,3465.6,True,True,False,True,0,0.0,
4696,Rev2,2,W162,PX-7500,CH-C,EXT-09,Extreme Edge,0.96,278.2,2215.04,2159.27,2157.82,3464.1,True,True,True,True,0,0.0,
4697,Rev2,2,W162,PX-7500,CH-C,EXT-10,Extreme Edge,0.96,310.9,2198.61,2134.14,2176.91,3149.6,True,True,False,True,1,3.33,polymer_residue
4698,Rev2,2,W162,PX-7500,CH-C,EXT-11,Extreme Edge,0.96,343.6,2216.2,2148.49,2283.58,3318.7,True,True,False,True,0,0.0,
4699,Rev10,10,W163,PX-7500,CH-C,C1,Center,0.0,0.0,2134.89,2115.64,2085.37,3473.7,True,True,True,True,0,0.0,
4700,Rev10,10,W163,PX-7500,CH-C,MID-01,Mid,0.52,30.0,2129.3,2155.17,2025.91,3317.6,True,True,True,True,0,0.0,
4701,Rev10,10,W163,PX-7500,CH-C,MID-02,Mid,0.52,90.0,2133.66,2160.08,2065.88,3451.3,True,True,True,True,1,4.19,
4702,Rev10,10,W163,PX-7500,CH-C,MID-03,Mid,0.52,150.0,2169.01,2167.35,2073.66,3151.4,True,True,True,True,0,0.0,
4703,Rev10,10,W163,PX-7500,CH-C,MID-04,Mid,0.52,210.0,2145.69,2208.01,2006.64,3450.2,True,False,True,True,0,0.0,
4704,Rev10,10,W163,PX-7500,CH-C,MID-05,Mid,0.52,270.0,2136.87,2150.25,2031.79,3237.3,True,True,True,True,0,0.0,
4705,Rev10,10,W163,PX-7500,CH-C,MID-06,Mid,0.52,330.0,2180.34,2120.24,2078.05,3245.4,True,True,True,True,0,0.0,
4706,Rev10,10,W163,PX-7500,CH-C,EDG-01,Edge,0.84,0.0,2167.17,2153.19,1978.2,3618.6,True,True,True,False,0,0.0,
4707,Rev10,10,W163,PX-7500,CH-C,EDG-02,Edge,0.84,32.7,2200.42,2229.72,2148.02,3449.1,True,False,True,True,1,4.54,
4708,Rev10,10,W163,PX-7500,CH-C,EDG-03,Edge,0.84,65.5,2184.47,2191.58,2119.56,3530.0,True,True,True,False,0,0.0,
4709,Rev10,10,W163,PX-7500,CH-C,EDG-04,Edge,0.84,98.2,2213.75,2126.8,2099.73,3479.0,True,True,True,True,0,0.0,
4710,Rev10,10,W163,PX-7500,CH-C,EDG-05,Edge,0.84,130.9,2177.96,2167.91,2027.78,3263.8,True,True,True,True,0,0.0,
4711,Rev10,10,W163,PX-7500,CH-C,EDG-06,Edge,0.84,163.6,2141.84,2179.78,2040.37,3640.3,True,True,True,False,1,2.39,pressure_spike
4712,Rev10,10,W163,PX-7500,CH-C,EDG-07,Edge,0.84,196.4,2179.21,2184.76,2142.0,3497.1,True,True,True,True,0,0.0,
4713,Rev10,10,W163,PX-7500,CH-C,EDG-08,Edge,0.84,229.1,2152.66,2161.47,2083.35,3610.8,True,True,True,False,0,0.0,
4714,Rev10,10,W163,PX-7500,CH-C,EDG-09,Edge,0.84,261.8,2192.75,2204.87,2102.2,3304.3,True,False,True,True,1,5.64,pressure_spike
4715,Rev10,10,W163,PX-7500,CH-C,EDG-10,Edge,0.84,294.5,2180.57,2178.9,2045.35,3415.8,True,True,True,True,0,0.0,
4716,Rev10,10,W163,PX-7500,CH-C,EDG-11,Edge,0.84,327.3,2198.88,2237.51,2168.38,3467.3,True,False,True,True,1,2.32,
4717,Rev10,10,W163,PX-7500,CH-C,EXT-01,Extreme Edge,0.96,16.4,2158.84,2153.4,2218.29,3447.5,True,True,False,True,2,4.5,polymer_residue
4718,Rev10,10,W163,PX-7500,CH-C,EXT-02,Extreme Edge,0.96,49.1,2168.86,2201.92,2119.88,3371.7,True,False,True,True,1,5.97,arc_event
4719,Rev10,10,W163,PX-7500,CH-C,EXT-03,Extreme Edge,0.96,81.8,2173.72,2225.13,2083.61,3535.3,True,False,True,False,1,3.98,polymer_residue
4720,Rev10,10,W163,PX-7500,CH-C,EXT-04,Extreme Edge,0.96,114.5,2195.93,2114.47,2038.61,3443.2,True,True,True,True,1,2.34,
4721,Rev10,10,W163,PX-7500,CH-C,EXT-05,Extreme Edge,0.96,147.3,2188.8,2118.76,2056.04,3436.6,True,True,True,True,0,0.0,
4722,Rev10,10,W163,PX-7500,CH-C,EXT-06,Extreme Edge,0.96,180.0,2189.29,2187.37,2077.47,3672.7,True,True,True,False,0,0.0,
4723,Rev10,10,W163,PX-7500,CH-C,EXT-07,Extreme Edge,0.96,212.7,2205.17,2227.32,2060.78,3200.3,True,False,True,True,0,0.0,
4724,Rev10,10,W163,PX-7500,CH-C,EXT-08,Extreme Edge,0.96,245.5,2195.15,2169.42,2098.56,3250.4,True,True,True,True,1,5.96,
4725,Rev10,10,W163,PX-7500,CH-C,EXT-09,Extreme Edge,0.96,278.2,2186.28,2213.13,2048.51,3325.3,True,False,True,True,0,0.0,
4726,Rev10,10,W163,PX-7500,CH-C,EXT-10,Extreme Edge,0.96,310.9,2183.04,2237.34,2084.38,3356.3,True,False,True,True,1,5.42,polymer_residue
4727,Rev10,10,W163,PX-7500,CH-C,EXT-11,Extreme Edge,0.96,343.6,2221.68,2118.51,2078.23,3435.2,True,True,True,True,0,0.0,
4728,Rev5,5,W164,AE-3200,CH-B,C1,Center,0.0,0.0,2151.09,2094.27,2060.73,3130.0,True,True,True,True,0,0.0,
4729,Rev5,5,W164,AE-3200,CH-B,MID-01,Mid,0.52,30.0,2140.32,2152.03,2049.32,3376.1,True,True,True,True,0,0.0,
4730,Rev5,5,W164,AE-3200,CH-B,MID-02,Mid,0.52,90.0,2114.45,2143.45,2143.04,3412.3,True,True,True,True,0,0.0,
4731,Rev5,5,W164,AE-3200,CH-B,MID-03,Mid,0.52,150.0,2111.1,2130.41,2064.07,3107.5,True,True,True,True,0,0.0,
4732,Rev5,5,W164,AE-3200,CH-B,MID-04,Mid,0.52,210.0,2161.38,2051.43,2181.72,3190.9,True,True,False,True,0,0.0,
4733,Rev5,5,W164,AE-3200,CH-B,MID-05,Mid,0.52,270.0,2124.65,2163.52,1987.4,3387.9,True,True,True,True,0,0.0,
4734,Rev5,5,W164,AE-3200,CH-B,MID-06,Mid,0.52,330.0,2114.18,2112.96,2196.81,3123.9,True,True,False,True,0,0.0,
4735,Rev5,5,W164,AE-3200,CH-B,EDG-01,Edge,0.84,0.0,2164.41,2158.94,2061.95,3197.3,True,True,True,True,1,5.75,
4736,Rev5,5,W164,AE-3200,CH-B,EDG-02,Edge,0.84,32.7,2165.13,2119.26,2150.24,3187.9,True,True,True,True,1,6.37,esc_temp_drift
4737,Rev5,5,W164,AE-3200,CH-B,EDG-03,Edge,0.84,65.5,2186.73,2158.98,2170.74,3186.9,True,True,False,True,0,0.0,
4738,Rev5,5,W164,AE-3200,CH-B,EDG-04,Edge,0.84,98.2,2191.45,2149.27,1988.28,3382.0,True,True,True,True,0,0.0,
4739,Rev5,5,W164,AE-3200,CH-B,EDG-05,Edge,0.84,130.9,2188.7,2108.07,2082.94,3468.4,True,True,True,True,0,0.0,
4740,Rev5,5,W164,AE-3200,CH-B,EDG-06,Edge,0.84,163.6,2188.65,2160.95,2075.89,3169.9,True,True,True,True,0,0.0,
4741,Rev5,5,W164,AE-3200,CH-B,EDG-07,Edge,0.84,196.4,2152.38,2085.66,2017.1,3400.2,True,True,True,True,1,2.99,polymer_residue
4742,Rev5,5,W164,AE-3200,CH-B,EDG-08,Edge,0.84,229.1,2182.22,2144.86,2148.67,3472.7,True,True,True,True,1,3.47,
4743,Rev5,5,W164,AE-3200,CH-B,EDG-09,Edge,0.84,261.8,2221.84,2160.67,2111.13,3578.9,True,True,True,False,1,5.24,
4744,Rev5,5,W164,AE-3200,CH-B,EDG-10,Edge,0.84,294.5,2146.88,2106.39,1980.6,3221.0,True,True,True,True,1,4.6,arc_event
4745,Rev5,5,W164,AE-3200,CH-B,EDG-11,Edge,0.84,327.3,2174.09,2140.85,2123.99,3056.7,True,True,True,True,0,0.0,
4746,Rev5,5,W164,AE-3200,CH-B,EXT-01,Extreme Edge,0.96,16.4,2188.49,2091.72,2084.43,3245.7,True,True,True,True,1,3.54,endpoint_late
4747,Rev5,5,W164,AE-3200,CH-B,EXT-02,Extreme Edge,0.96,49.1,2170.47,2157.27,2024.44,3466.5,True,True,True,True,0,0.0,
4748,Rev5,5,W164,AE-3200,CH-B,EXT-03,Extreme Edge,0.96,81.8,2119.92,2199.14,2180.72,3400.7,True,False,False,True,0,0.0,
4749,Rev5,5,W164,AE-3200,CH-B,EXT-04,Extreme Edge,0.96,114.5,2132.88,2157.51,2190.52,3317.1,True,True,False,True,2,4.6,
4750,Rev5,5,W164,AE-3200,CH-B,EXT-05,Extreme Edge,0.96,147.3,2202.56,2229.77,2019.62,3341.7,True,False,True,True,1,4.68,
4751,Rev5,5,W164,AE-3200,CH-B,EXT-06,Extreme Edge,0.96,180.0,2214.46,2150.03,2174.78,3523.3,True,True,False,False,0,0.0,
4752,Rev5,5,W164,AE-3200,CH-B,EXT-07,Extreme Edge,0.96,212.7,2223.2,2127.44,2170.07,3527.6,True,True,False,False,1,5.53,
4753,Rev5,5,W164,AE-3200,CH-B,EXT-08,Extreme Edge,0.96,245.5,2127.23,2125.36,2049.04,3270.8,True,True,True,True,1,4.95,
4754,Rev5,5,W164,AE-3200,CH-B,EXT-09,Extreme Edge,0.96,278.2,2158.62,2151.54,2183.01,3233.5,True,True,False,True,2,6.64,
4755,Rev5,5,W164,AE-3200,CH-B,EXT-10,Extreme Edge,0.96,310.9,2142.17,2148.66,2158.37,3360.0,True,True,True,True,0,0.0,
4756,Rev5,5,W164,AE-3200,CH-B,EXT-11,Extreme Edge,0.96,343.6,2146.57,2101.85,2074.89,3246.7,True,True,True,True,2,3.85,
4757,Rev4,4,W165,AE-3200,CH-A,C1,Center,0.0,0.0,2092.45,2094.19,2059.0,3373.6,True,True,True,True,0,0.0,
4758,Rev4,4,W165,AE-3200,CH-A,MID-01,Mid,0.52,30.0,2133.23,2124.6,1980.12,3321.6,True,True,True,True,0,0.0,
4759,Rev4,4,W165,AE-3200,CH-A,MID-02,Mid,0.52,90.0,2136.72,2078.14,2038.74,3270.2,True,True,True,True,0,0.0,
4760,Rev4,4,W165,AE-3200,CH-A,MID-03,Mid,0.52,150.0,2183.97,2115.49,1999.13,3369.1,True,True,True,True,0,0.0,
4761,Rev4,4,W165,AE-3200,CH-A,MID-04,Mid,0.52,210.0,2151.05,2146.03,2150.87,3403.5,True,True,True,True,0,0.0,
4762,Rev4,4,W165,AE-3200,CH-A,MID-05,Mid,0.52,270.0,2140.06,2036.98,2086.13,3330.8,True,True,True,True,0,0.0,
4763,Rev4,4,W165,AE-3200,CH-A,MID-06,Mid,0.52,330.0,2151.71,2126.46,2083.21,3026.6,True,True,True,True,0,0.0,
4764,Rev4,4,W165,AE-3200,CH-A,EDG-01,Edge,0.84,0.0,2207.76,2119.06,2154.08,3452.0,True,True,True,True,0,0.0,
4765,Rev4,4,W165,AE-3200,CH-A,EDG-02,Edge,0.84,32.7,2172.25,2105.13,2120.96,3119.1,True,True,True,True,0,0.0,
4766,Rev4,4,W165,AE-3200,CH-A,EDG-03,Edge,0.84,65.5,2157.03,2058.78,2127.82,3335.0,True,True,True,True,1,3.56,pressure_spike
4767,Rev4,4,W165,AE-3200,CH-A,EDG-04,Edge,0.84,98.2,2124.27,2166.6,2096.74,3434.5,True,True,True,True,0,0.0,
4768,Rev4,4,W165,AE-3200,CH-A,EDG-05,Edge,0.84,130.9,2188.33,2115.66,2195.5,3235.1,True,True,False,True,1,4.42,endpoint_late
4769,Rev4,4,W165,AE-3200,CH-A,EDG-06,Edge,0.84,163.6,2170.74,2146.38,2187.96,3386.2,True,True,False,True,1,4.26,polymer_residue
4770,Rev4,4,W165,AE-3200,CH-A,EDG-07,Edge,0.84,196.4,2173.69,2120.31,2130.69,3454.8,True,True,True,True,0,0.0,
4771,Rev4,4,W165,AE-3200,CH-A,EDG-08,Edge,0.84,229.1,2152.26,2087.91,2160.49,3232.0,True,True,True,True,0,0.0,
4772,Rev4,4,W165,AE-3200,CH-A,EDG-09,Edge,0.84,261.8,2186.68,2141.12,2084.44,3206.3,True,True,True,True,1,4.64,
4773,Rev4,4,W165,AE-3200,CH-A,EDG-10,Edge,0.84,294.5,2207.51,2073.68,2046.43,3336.8,True,True,True,True,1,4.15,polymer_residue
4774,Rev4,4,W165,AE-3200,CH-A,EDG-11,Edge,0.84,327.3,2162.63,2163.21,2205.44,3479.0,True,True,False,True,0,0.0,
4775,Rev4,4,W165,AE-3200,CH-A,EXT-01,Extreme Edge,0.96,16.4,2205.51,2177.82,2093.6,3321.3,True,True,True,True,1,5.76,pressure_spike
4776,Rev4,4,W165,AE-3200,CH-A,EXT-02,Extreme Edge,0.96,49.1,2166.25,2190.98,2072.16,3154.2,True,True,True,True,0,0.0,
4777,Rev4,4,W165,AE-3200,CH-A,EXT-03,Extreme Edge,0.96,81.8,2180.95,2126.52,2178.41,3120.9,True,True,False,True,2,8.04,pressure_spike
4778,Rev4,4,W165,AE-3200,CH-A,EXT-04,Extreme Edge,0.96,114.5,2202.84,2147.6,2054.17,3634.1,True,True,True,False,0,0.0,
4779,Rev4,4,W165,AE-3200,CH-A,EXT-05,Extreme Edge,0.96,147.3,2218.93,2121.84,2154.67,3435.8,True,True,True,True,0,0.0,
4780,Rev4,4,W165,AE-3200,CH-A,EXT-06,Extreme Edge,0.96,180.0,2195.02,2196.95,2163.33,3541.7,True,False,True,False,1,6.41,polymer_residue
4781,Rev4,4,W165,AE-3200,CH-A,EXT-07,Extreme Edge,0.96,212.7,2187.3,2157.12,2083.79,3358.5,True,True,True,True,3,8.79,
4782,Rev4,4,W165,AE-3200,CH-A,EXT-08,Extreme Edge,0.96,245.5,2233.63,2167.28,2194.09,3196.3,False,True,False,True,0,0.0,
4783,Rev4,4,W165,AE-3200,CH-A,EXT-09,Extreme Edge,0.96,278.2,2223.96,2114.87,2033.45,3454.5,True,True,True,True,0,0.0,
4784,Rev4,4,W165,AE-3200,CH-A,EXT-10,Extreme Edge,0.96,310.9,2166.47,2096.18,2221.92,3566.8,True,True,False,False,0,0.0,
4785,Rev4,4,W165,AE-3200,CH-A,EXT-11,Extreme Edge,0.96,343.6,2193.8,2193.4,2132.99,3366.2,True,True,True,True,0,0.0,
4786,Rev9,9,W166,AE-3200,CH-B,C1,Center,0.0,0.0,2175.03,2059.63,2085.24,3018.8,True,True,True,True,0,0.0,
4787,Rev9,9,W166,AE-3200,CH-B,MID-01,Mid,0.52,30.0,2180.33,2089.17,2113.06,3397.9,True,True,True,True,0,0.0,
4788,Rev9,9,W166,AE-3200,CH-B,MID-02,Mid,0.52,90.0,2187.78,2160.24,2033.37,2845.1,True,True,True,False,0,0.0,
4789,Rev9,9,W166,AE-3200,CH-B,MID-03,Mid,0.52,150.0,2186.07,2135.53,1970.02,3354.7,True,True,True,True,0,0.0,
4790,Rev9,9,W166,AE-3200,CH-B,MID-04,Mid,0.52,210.0,2151.68,2041.45,2078.95,3125.5,True,True,True,True,0,0.0,
4791,Rev9,9,W166,AE-3200,CH-B,MID-05,Mid,0.52,270.0,2201.25,2137.6,2003.41,3090.8,True,True,True,True,0,0.0,
4792,Rev9,9,W166,AE-3200,CH-B,MID-06,Mid,0.52,330.0,2200.32,2130.95,1955.95,3125.5,True,True,True,True,0,0.0,
4793,Rev9,9,W166,AE-3200,CH-B,EDG-01,Edge,0.84,0.0,2239.47,2170.92,2047.32,3244.5,False,True,True,True,0,0.0,
4794,Rev9,9,W166,AE-3200,CH-B,EDG-02,Edge,0.84,32.7,2223.32,2132.84,2151.74,3216.3,True,True,True,True,1,3.1,
4795,Rev9,9,W166,AE-3200,CH-B,EDG-03,Edge,0.84,65.5,2185.47,2178.73,2115.95,3383.0,True,True,True,True,1,1.92,pressure_spike
4796,Rev9,9,W166,AE-3200,CH-B,EDG-04,Edge,0.84,98.2,2242.7,2137.76,2064.52,3326.3,False,True,True,True,2,10.89,
4797,Rev9,9,W166,AE-3200,CH-B,EDG-05,Edge,0.84,130.9,2259.39,2130.97,2143.69,3436.7,False,True,True,True,1,5.74,polymer_residue
4798,Rev9,9,W166,AE-3200,CH-B,EDG-06,Edge,0.84,163.6,2203.68,2127.56,2078.1,3465.7,True,True,True,True,1,6.06,
4799,Rev9,9,W166,AE-3200,CH-B,EDG-07,Edge,0.84,196.4,2240.49,2153.85,2081.03,3215.6,False,True,True,True,0,0.0,
4800,Rev9,9,W166,AE-3200,CH-B,EDG-08,Edge,0.84,229.1,2213.54,2117.63,2140.89,3375.7,True,True,True,True,0,0.0,
4801,Rev9,9,W166,AE-3200,CH-B,EDG-09,Edge,0.84,261.8,2231.91,2162.11,2048.62,3336.6,False,True,True,True,0,0.0,
4802,Rev9,9,W166,AE-3200,CH-B,EDG-10,Edge,0.84,294.5,2211.99,2105.25,2065.88,3180.9,True,True,True,True,1,4.64,polymer_residue
4803,Rev9,9,W166,AE-3200,CH-B,EDG-11,Edge,0.84,327.3,2197.0,2181.75,2191.08,3347.0,True,True,False,True,1,1.99,
4804,Rev9,9,W166,AE-3200,CH-B,EXT-01,Extreme Edge,0.96,16.4,2193.36,2150.16,2083.59,3443.9,True,True,True,True,0,0.0,
4805,Rev9,9,W166,AE-3200,CH-B,EXT-02,Extreme Edge,0.96,49.1,2204.31,2123.15,2091.58,3201.5,True,True,True,True,2,6.3,
4806,Rev9,9,W166,AE-3200,CH-B,EXT-03,Extreme Edge,0.96,81.8,2225.47,2181.09,2130.97,3271.6,False,True,True,True,0,0.0,
4807,Rev9,9,W166,AE-3200,CH-B,EXT-04,Extreme Edge,0.96,114.5,2228.54,2149.61,2013.03,3444.4,False,True,True,True,1,6.1,
4808,Rev9,9,W166,AE-3200,CH-B,EXT-05,Extreme Edge,0.96,147.3,2241.93,2158.77,2173.24,3269.1,False,True,False,True,2,6.18,
4809,Rev9,9,W166,AE-3200,CH-B,EXT-06,Extreme Edge,0.96,180.0,2197.7,2148.74,2107.19,3266.9,True,True,True,True,2,3.72,polymer_residue
4810,Rev9,9,W166,AE-3200,CH-B,EXT-07,Extreme Edge,0.96,212.7,2247.93,2126.3,2045.79,3481.5,False,True,True,True,0,0.0,
4811,Rev9,9,W166,AE-3200,CH-B,EXT-08,Extreme Edge,0.96,245.5,2183.95,2136.53,2087.7,3126.2,True,True,True,True,0,0.0,
4812,Rev9,9,W166,AE-3200,CH-B,EXT-09,Extreme Edge,0.96,278.2,2227.82,2137.61,2103.48,3355.1,False,True,True,True,0,0.0,
4813,Rev9,9,W166,AE-3200,CH-B,EXT-10,Extreme Edge,0.96,310.9,2251.59,2118.29,2092.87,3075.2,False,True,True,True,0,0.0,
4814,Rev9,9,W166,AE-3200,CH-B,EXT-11,Extreme Edge,0.96,343.6,2203.52,2233.18,2101.36,3467.3,True,False,True,True,2,12.83,
4815,Rev1,1,W167,AE-3200,CH-B,C1,Center,0.0,0.0,2138.04,2093.21,1987.45,3128.1,True,True,True,True,0,0.0,
4816,Rev1,1,W167,AE-3200,CH-B,MID-01,Mid,0.52,30.0,2181.77,2096.8,1965.74,3573.2,True,True,True,False,0,0.0,
4817,Rev1,1,W167,AE-3200,CH-B,MID-02,Mid,0.52,90.0,2146.59,2109.8,1975.76,3281.6,True,True,True,True,0,0.0,
4818,Rev1,1,W167,AE-3200,CH-B,MID-03,Mid,0.52,150.0,2149.33,2140.49,2014.85,3478.8,True,True,True,True,0,0.0,
4819,Rev1,1,W167,AE-3200,CH-B,MID-04,Mid,0.52,210.0,2150.12,2109.52,2049.11,3151.0,True,True,True,True,0,0.0,
4820,Rev1,1,W167,AE-3200,CH-B,MID-05,Mid,0.52,270.0,2189.52,2100.78,2018.56,3325.4,True,True,True,True,0,0.0,
4821,Rev1,1,W167,AE-3200,CH-B,MID-06,Mid,0.52,330.0,2236.29,2082.81,2026.34,3426.9,False,True,True,True,0,0.0,
4822,Rev1,1,W167,AE-3200,CH-B,EDG-01,Edge,0.84,0.0,2229.36,2083.97,2028.18,3330.4,False,True,True,True,0,0.0,
4823,Rev1,1,W167,AE-3200,CH-B,EDG-02,Edge,0.84,32.7,2229.36,2104.26,1940.02,3219.7,False,True,True,True,0,0.0,
4824,Rev1,1,W167,AE-3200,CH-B,EDG-03,Edge,0.84,65.5,2202.32,2136.2,1940.44,3313.8,True,True,True,True,0,0.0,
4825,Rev1,1,W167,AE-3200,CH-B,EDG-04,Edge,0.84,98.2,2218.56,2058.59,1997.67,3164.7,True,True,True,True,0,0.0,
4826,Rev1,1,W167,AE-3200,CH-B,EDG-05,Edge,0.84,130.9,2217.88,2181.48,2022.02,3388.2,True,True,True,True,0,0.0,
4827,Rev1,1,W167,AE-3200,CH-B,EDG-06,Edge,0.84,163.6,2176.21,2059.44,1928.23,3379.6,True,True,True,True,2,9.11,esc_temp_drift
4828,Rev1,1,W167,AE-3200,CH-B,EDG-07,Edge,0.84,196.4,2187.66,2129.83,2017.24,3487.6,True,True,True,True,0,0.0,
4829,Rev1,1,W167,AE-3200,CH-B,EDG-08,Edge,0.84,229.1,2181.88,2067.23,2035.64,3572.5,True,True,True,False,1,2.75,polymer_residue
4830,Rev1,1,W167,AE-3200,CH-B,EDG-09,Edge,0.84,261.8,2225.03,2065.12,1986.68,3317.0,False,True,True,True,0,0.0,
4831,Rev1,1,W167,AE-3200,CH-B,EDG-10,Edge,0.84,294.5,2216.47,2076.43,1986.13,3410.5,True,True,True,True,0,0.0,
4832,Rev1,1,W167,AE-3200,CH-B,EDG-11,Edge,0.84,327.3,2195.34,2123.98,2045.98,3494.0,True,True,True,True,0,0.0,
4833,Rev1,1,W167,AE-3200,CH-B,EXT-01,Extreme Edge,0.96,16.4,2224.9,2121.88,2071.06,3474.0,True,True,True,True,0,0.0,
4834,Rev1,1,W167,AE-3200,CH-B,EXT-02,Extreme Edge,0.96,49.1,2224.7,2106.77,1989.23,3311.5,True,True,True,True,1,3.09,
4835,Rev1,1,W167,AE-3200,CH-B,EXT-03,Extreme Edge,0.96,81.8,2257.47,2125.9,1938.41,3463.7,False,True,True,True,1,3.47,arc_event
4836,Rev1,1,W167,AE-3200,CH-B,EXT-04,Extreme Edge,0.96,114.5,2208.64,2120.04,2015.21,3437.4,True,True,True,True,0,0.0,
4837,Rev1,1,W167,AE-3200,CH-B,EXT-05,Extreme Edge,0.96,147.3,2234.13,2104.36,1990.61,3418.1,False,True,True,True,4,13.67,
4838,Rev1,1,W167,AE-3200,CH-B,EXT-06,Extreme Edge,0.96,180.0,2231.28,2142.41,2049.7,3465.4,False,True,True,True,0,0.0,
4839,Rev1,1,W167,AE-3200,CH-B,EXT-07,Extreme Edge,0.96,212.7,2246.37,2076.88,2031.15,3470.3,False,True,True,True,1,4.18,
4840,Rev1,1,W167,AE-3200,CH-B,EXT-08,Extreme Edge,0.96,245.5,2230.74,2166.36,1954.39,3738.5,False,True,True,False,0,0.0,
4841,Rev1,1,W167,AE-3200,CH-B,EXT-09,Extreme Edge,0.96,278.2,2206.39,2099.04,2087.34,3264.4,True,True,True,True,0,0.0,
4842,Rev1,1,W167,AE-3200,CH-B,EXT-10,Extreme Edge,0.96,310.9,2210.54,2179.87,2072.96,3445.4,True,True,True,True,0,0.0,
4843,Rev1,1,W167,AE-3200,CH-B,EXT-11,Extreme Edge,0.96,343.6,2216.95,2151.63,2090.63,3622.4,True,True,True,False,2,4.71,polymer_residue
4844,Rev4,4,W168,AE-3200,CH-A,C1,Center,0.0,0.0,2113.36,2101.37,2056.57,3239.9,True,True,True,True,0,0.0,
4845,Rev4,4,W168,AE-3200,CH-A,MID-01,Mid,0.52,30.0,2154.73,2091.83,2110.69,3430.9,True,True,True,True,0,0.0,
4846,Rev4,4,W168,AE-3200,CH-A,MID-02,Mid,0.52,90.0,2112.26,2110.39,2089.91,3102.6,True,True,True,True,0,0.0,
4847,Rev4,4,W168,AE-3200,CH-A,MID-03,Mid,0.52,150.0,2133.24,2053.17,2057.28,3147.1,True,True,True,True,1,5.59,pressure_spike
4848,Rev4,4,W168,AE-3200,CH-A,MID-04,Mid,0.52,210.0,2140.53,2085.74,2098.63,3321.2,True,True,True,True,0,0.0,
4849,Rev4,4,W168,AE-3200,CH-A,MID-05,Mid,0.52,270.0,2121.55,2157.88,2102.2,3052.5,True,True,True,True,0,0.0,
4850,Rev4,4,W168,AE-3200,CH-A,MID-06,Mid,0.52,330.0,2160.37,2086.63,2026.7,3468.6,True,True,True,True,0,0.0,
4851,Rev4,4,W168,AE-3200,CH-A,EDG-01,Edge,0.84,0.0,2162.49,2129.53,2080.83,3418.0,True,True,True,True,0,0.0,
4852,Rev4,4,W168,AE-3200,CH-A,EDG-02,Edge,0.84,32.7,2166.44,2144.63,2115.05,3343.0,True,True,True,True,0,0.0,
4853,Rev4,4,W168,AE-3200,CH-A,EDG-03,Edge,0.84,65.5,2171.21,2132.45,2137.6,3416.7,True,True,True,True,0,0.0,
4854,Rev4,4,W168,AE-3200,CH-A,EDG-04,Edge,0.84,98.2,2186.34,2145.5,2082.97,3416.9,True,True,True,True,0,0.0,
4855,Rev4,4,W168,AE-3200,CH-A,EDG-05,Edge,0.84,130.9,2198.32,2173.93,2061.77,3510.7,True,True,True,False,0,0.0,
4856,Rev4,4,W168,AE-3200,CH-A,EDG-06,Edge,0.84,163.6,2141.18,2151.93,2113.24,3115.8,True,True,True,True,1,5.51,
4857,Rev4,4,W168,AE-3200,CH-A,EDG-07,Edge,0.84,196.4,2144.63,2123.26,2208.08,3267.9,True,True,False,True,0,0.0,
4858,Rev4,4,W168,AE-3200,CH-A,EDG-08,Edge,0.84,229.1,2141.99,2161.55,2119.08,3346.7,True,True,True,True,0,0.0,
4859,Rev4,4,W168,AE-3200,CH-A,EDG-09,Edge,0.84,261.8,2179.7,2143.54,1980.14,3203.8,True,True,True,True,0,0.0,
4860,Rev4,4,W168,AE-3200,CH-A,EDG-10,Edge,0.84,294.5,2146.19,2148.06,2025.41,3277.4,True,True,True,True,1,5.74,esc_temp_drift
4861,Rev4,4,W168,AE-3200,CH-A,EDG-11,Edge,0.84,327.3,2120.76,2107.71,2198.84,3296.8,True,True,False,True,1,6.47,
4862,Rev4,4,W168,AE-3200,CH-A,EXT-01,Extreme Edge,0.96,16.4,2199.67,2210.35,2137.12,3214.0,True,False,True,True,1,2.49,polymer_residue
4863,Rev4,4,W168,AE-3200,CH-A,EXT-02,Extreme Edge,0.96,49.1,2153.19,2156.37,2191.32,3504.2,True,True,False,False,0,0.0,
4864,Rev4,4,W168,AE-3200,CH-A,EXT-03,Extreme Edge,0.96,81.8,2156.53,2111.11,2131.49,3402.4,True,True,True,True,0,0.0,
4865,Rev4,4,W168,AE-3200,CH-A,EXT-04,Extreme Edge,0.96,114.5,2190.12,2127.88,2241.5,3048.8,True,True,False,True,1,4.76,polymer_residue
4866,Rev4,4,W168,AE-3200,CH-A,EXT-05,Extreme Edge,0.96,147.3,2146.4,2129.88,2234.21,3363.6,True,True,False,True,1,2.35,
4867,Rev4,4,W168,AE-3200,CH-A,EXT-06,Extreme Edge,0.96,180.0,2167.91,2181.23,2147.42,3420.2,True,True,True,True,1,4.79,pressure_spike
4868,Rev4,4,W168,AE-3200,CH-A,EXT-07,Extreme Edge,0.96,212.7,2179.92,2122.07,2134.55,3459.9,True,True,True,True,1,4.79,polymer_residue
4869,Rev4,4,W168,AE-3200,CH-A,EXT-08,Extreme Edge,0.96,245.5,2171.75,2135.64,2140.03,3302.6,True,True,True,True,2,7.44,
4870,Rev4,4,W168,AE-3200,CH-A,EXT-09,Extreme Edge,0.96,278.2,2191.63,2131.91,2158.89,3465.6,True,True,True,True,0,0.0,
4871,Rev4,4,W168,AE-3200,CH-A,EXT-10,Extreme Edge,0.96,310.9,2193.25,2162.83,2140.6,3139.7,True,True,True,True,1,2.44,
4872,Rev4,4,W168,AE-3200,CH-A,EXT-11,Extreme Edge,0.96,343.6,2180.46,2130.36,2196.01,3403.6,True,True,False,True,1,5.2,polymer_residue
4873,Base,0,W169,AE-3200,CH-A,C1,Center,0.0,0.0,2177.32,2129.32,1997.84,3437.2,True,True,True,True,0,0.0,
4874,Base,0,W169,AE-3200,CH-A,MID-01,Mid,0.52,30.0,2168.89,2165.08,2042.39,3426.1,True,True,True,True,0,0.0,
4875,Base,0,W169,AE-3200,CH-A,MID-02,Mid,0.52,90.0,2183.49,2088.39,2075.53,3343.5,True,True,True,True,0,0.0,
4876,Base,0,W169,AE-3200,CH-A,MID-03,Mid,0.52,150.0,2212.38,2127.51,1996.09,3232.7,True,True,True,True,0,0.0,
4877,Base,0,W169,AE-3200,CH-A,MID-04,Mid,0.52,210.0,2179.97,2118.53,2057.66,3290.4,True,True,True,True,1,3.0,polymer_residue
4878,Base,0,W169,AE-3200,CH-A,MID-05,Mid,0.52,270.0,2168.58,2129.3,2034.24,3364.0,True,True,True,True,0,0.0,
4879,Base,0,W169,AE-3200,CH-A,MID-06,Mid,0.52,330.0,2170.46,2122.4,2135.14,3488.8,True,True,True,True,0,0.0,
4880,Base,0,W169,AE-3200,CH-A,EDG-01,Edge,0.84,0.0,2175.96,2127.2,2070.0,3464.9,True,True,True,True,1,5.34,pressure_spike
4881,Base,0,W169,AE-3200,CH-A,EDG-02,Edge,0.84,32.7,2209.23,2174.94,2062.52,3427.0,True,True,True,True,0,0.0,
4882,Base,0,W169,AE-3200,CH-A,EDG-03,Edge,0.84,65.5,2206.79,2154.18,2012.05,3562.1,True,True,True,False,1,2.82,polymer_residue
4883,Base,0,W169,AE-3200,CH-A,EDG-04,Edge,0.84,98.2,2251.14,2091.95,2125.09,3506.3,False,True,True,False,0,0.0,
4884,Base,0,W169,AE-3200,CH-A,EDG-05,Edge,0.84,130.9,2164.63,2183.09,2021.55,3279.3,True,True,True,True,1,3.95,polymer_residue
4885,Base,0,W169,AE-3200,CH-A,EDG-06,Edge,0.84,163.6,2198.44,2177.74,2044.17,3508.7,True,True,True,False,2,9.84,
4886,Base,0,W169,AE-3200,CH-A,EDG-07,Edge,0.84,196.4,2228.4,2077.28,2056.86,3559.7,False,True,True,False,0,0.0,
4887,Base,0,W169,AE-3200,CH-A,EDG-08,Edge,0.84,229.1,2204.86,2121.01,2135.51,3372.8,True,True,True,True,0,0.0,
4888,Base,0,W169,AE-3200,CH-A,EDG-09,Edge,0.84,261.8,2231.1,2141.63,2064.56,3324.6,False,True,True,True,0,0.0,
4889,Base,0,W169,AE-3200,CH-A,EDG-10,Edge,0.84,294.5,2204.45,2165.22,2069.87,3583.0,True,True,True,False,0,0.0,
4890,Base,0,W169,AE-3200,CH-A,EDG-11,Edge,0.84,327.3,2244.56,2129.06,2088.46,3204.6,False,True,True,True,0,0.0,
4891,Base,0,W169,AE-3200,CH-A,EXT-01,Extreme Edge,0.96,16.4,2248.08,2113.72,1945.18,3320.3,False,True,True,True,0,0.0,
4892,Base,0,W169,AE-3200,CH-A,EXT-02,Extreme Edge,0.96,49.1,2243.88,2085.02,2019.62,3476.7,False,True,True,True,0,0.0,
4893,Base,0,W169,AE-3200,CH-A,EXT-03,Extreme Edge,0.96,81.8,2225.6,2137.8,2129.29,3598.3,False,True,True,False,0,0.0,
4894,Base,0,W169,AE-3200,CH-A,EXT-04,Extreme Edge,0.96,114.5,2194.85,2212.71,2159.1,3439.1,True,False,True,True,0,0.0,
4895,Base,0,W169,AE-3200,CH-A,EXT-05,Extreme Edge,0.96,147.3,2210.85,2184.28,2123.16,3510.5,True,True,True,False,0,0.0,
4896,Base,0,W169,AE-3200,CH-A,EXT-06,Extreme Edge,0.96,180.0,2172.68,2124.59,2064.0,3650.4,True,True,True,False,2,7.81,
4897,Base,0,W169,AE-3200,CH-A,EXT-07,Extreme Edge,0.96,212.7,2197.49,2143.51,2128.29,3352.9,True,True,True,True,0,0.0,
4898,Base,0,W169,AE-3200,CH-A,EXT-08,Extreme Edge,0.96,245.5,2206.95,2182.7,2008.46,3348.8,True,True,True,True,0,0.0,
4899,Base,0,W169,AE-3200,CH-A,EXT-09,Extreme Edge,0.96,278.2,2261.36,2183.26,2081.58,3301.3,False,True,True,True,0,0.0,
4900,Base,0,W169,AE-3200,CH-A,EXT-10,Extreme Edge,0.96,310.9,2240.49,2181.47,2075.82,3742.3,False,True,True,False,1,2.01,polymer_residue
4901,Base,0,W169,AE-3200,CH-A,EXT-11,Extreme Edge,0.96,343.6,2220.19,2156.62,2147.71,3435.8,True,True,True,True,1,3.53,
4902,Rev2,2,W170,PX-7500,CH-C,C1,Center,0.0,0.0,2160.97,2069.73,2007.55,3400.2,True,True,True,True,0,0.0,
4903,Rev2,2,W170,PX-7500,CH-C,MID-01,Mid,0.52,30.0,2173.89,2054.97,2120.67,3445.8,True,True,True,True,2,4.7,polymer_residue
4904,Rev2,2,W170,PX-7500,CH-C,MID-02,Mid,0.52,90.0,2194.22,2068.22,2054.16,3105.4,True,True,True,True,0,0.0,
4905,Rev2,2,W170,PX-7500,CH-C,MID-03,Mid,0.52,150.0,2149.52,2100.99,2065.88,3396.3,True,True,True,True,0,0.0,
4906,Rev2,2,W170,PX-7500,CH-C,MID-04,Mid,0.52,210.0,2211.64,2144.85,2049.92,3359.5,True,True,True,True,0,0.0,
4907,Rev2,2,W170,PX-7500,CH-C,MID-05,Mid,0.52,270.0,2238.47,2062.21,2150.47,3517.9,False,True,True,False,1,3.03,
4908,Rev2,2,W170,PX-7500,CH-C,MID-06,Mid,0.52,330.0,2227.26,2077.03,2068.98,3261.5,False,True,True,True,0,0.0,
4909,Rev2,2,W170,PX-7500,CH-C,EDG-01,Edge,0.84,0.0,2203.35,2106.78,2214.12,3381.3,True,True,False,True,2,4.77,esc_temp_drift
4910,Rev2,2,W170,PX-7500,CH-C,EDG-02,Edge,0.84,32.7,2188.23,2053.49,2060.53,3367.4,True,True,True,True,1,4.9,pressure_spike
4911,Rev2,2,W170,PX-7500,CH-C,EDG-03,Edge,0.84,65.5,2265.12,2095.26,1989.96,3531.0,False,True,True,False,0,0.0,
4912,Rev2,2,W170,PX-7500,CH-C,EDG-04,Edge,0.84,98.2,2185.19,2115.13,2107.27,3316.1,True,True,True,True,0,0.0,
4913,Rev2,2,W170,PX-7500,CH-C,EDG-05,Edge,0.84,130.9,2219.64,2112.08,2159.34,3289.8,True,True,True,True,0,0.0,
4914,Rev2,2,W170,PX-7500,CH-C,EDG-06,Edge,0.84,163.6,2177.72,2065.37,2177.54,3279.7,True,True,False,True,3,13.13,arc_event
4915,Rev2,2,W170,PX-7500,CH-C,EDG-07,Edge,0.84,196.4,2181.15,2077.39,2126.49,3534.9,True,True,True,False,0,0.0,
4916,Rev2,2,W170,PX-7500,CH-C,EDG-08,Edge,0.84,229.1,2250.42,2032.3,2140.58,3481.6,False,True,True,True,3,11.11,polymer_residue
4917,Rev2,2,W170,PX-7500,CH-C,EDG-09,Edge,0.84,261.8,2243.08,2112.83,2128.17,3415.5,False,True,True,True,0,0.0,
4918,Rev2,2,W170,PX-7500,CH-C,EDG-10,Edge,0.84,294.5,2184.4,2068.42,2135.88,3472.6,True,True,True,True,0,0.0,
4919,Rev2,2,W170,PX-7500,CH-C,EDG-11,Edge,0.84,327.3,2216.6,2120.74,2082.55,3344.7,True,True,True,True,0,0.0,
4920,Rev2,2,W170,PX-7500,CH-C,EXT-01,Extreme Edge,0.96,16.4,2223.96,2129.47,2078.98,3553.0,True,True,True,False,2,5.02,arc_event
4921,Rev2,2,W170,PX-7500,CH-C,EXT-02,Extreme Edge,0.96,49.1,2213.72,2148.17,2179.73,3497.0,True,True,False,True,0,0.0,
4922,Rev2,2,W170,PX-7500,CH-C,EXT-03,Extreme Edge,0.96,81.8,2268.77,2134.49,2077.37,3627.1,False,True,True,False,0,0.0,
4923,Rev2,2,W170,PX-7500,CH-C,EXT-04,Extreme Edge,0.96,114.5,2250.98,2121.48,2174.08,3637.4,False,True,False,False,0,0.0,
4924,Rev2,2,W170,PX-7500,CH-C,EXT-05,Extreme Edge,0.96,147.3,2277.23,2126.32,2152.51,3385.1,False,True,True,True,0,0.0,
4925,Rev2,2,W170,PX-7500,CH-C,EXT-06,Extreme Edge,0.96,180.0,2214.92,2087.68,2154.53,3538.2,True,True,True,False,1,4.2,
4926,Rev2,2,W170,PX-7500,CH-C,EXT-07,Extreme Edge,0.96,212.7,2218.79,2085.8,2072.95,3563.2,True,True,True,False,0,0.0,
4927,Rev2,2,W170,PX-7500,CH-C,EXT-08,Extreme Edge,0.96,245.5,2234.36,2158.0,2126.7,3417.3,False,True,True,True,1,1.83,
4928,Rev2,2,W170,PX-7500,CH-C,EXT-09,Extreme Edge,0.96,278.2,2254.65,2128.58,2178.8,3421.4,False,True,False,True,2,12.27,polymer_residue
4929,Rev2,2,W170,PX-7500,CH-C,EXT-10,Extreme Edge,0.96,310.9,2189.65,2153.77,2033.72,3560.5,True,True,True,False,1,4.03,esc_temp_drift
4930,Rev2,2,W170,PX-7500,CH-C,EXT-11,Extreme Edge,0.96,343.6,2240.79,2125.93,2035.15,3501.5,False,True,True,False,1,5.8,
4931,Rev11,11,W171,PX-7500,CH-D,C1,Center,0.0,0.0,2263.56,2205.08,1972.38,2999.0,False,False,True,False,0,0.0,
4932,Rev11,11,W171,PX-7500,CH-D,MID-01,Mid,0.52,30.0,2206.6,2150.55,2017.65,3264.2,True,True,True,True,0,0.0,
4933,Rev11,11,W171,PX-7500,CH-D,MID-02,Mid,0.52,90.0,2237.7,2189.12,1978.57,3102.0,False,True,True,True,0,0.0,
4934,Rev11,11,W171,PX-7500,CH-D,MID-03,Mid,0.52,150.0,2226.4,2150.27,2010.91,2815.9,False,True,True,False,0,0.0,
4935,Rev11,11,W171,PX-7500,CH-D,MID-04,Mid,0.52,210.0,2249.16,2140.19,2044.19,3095.4,False,True,True,True,0,0.0,
4936,Rev11,11,W171,PX-7500,CH-D,MID-05,Mid,0.52,270.0,2244.67,2177.67,1959.73,3130.4,False,True,True,True,0,0.0,
4937,Rev11,11,W171,PX-7500,CH-D,MID-06,Mid,0.52,330.0,2298.27,2142.65,1912.87,3295.4,False,True,True,True,1,6.26,endpoint_late
4938,Rev11,11,W171,PX-7500,CH-D,EDG-01,Edge,0.84,0.0,2272.72,2173.15,2016.99,3185.1,False,True,True,True,0,0.0,
4939,Rev11,11,W171,PX-7500,CH-D,EDG-02,Edge,0.84,32.7,2270.08,2159.48,1962.94,3136.5,False,True,True,True,1,4.3,
4940,Rev11,11,W171,PX-7500,CH-D,EDG-03,Edge,0.84,65.5,2341.32,2164.48,2053.99,3274.6,False,True,True,True,0,0.0,
4941,Rev11,11,W171,PX-7500,CH-D,EDG-04,Edge,0.84,98.2,2274.66,2164.38,2042.66,3076.1,False,True,True,True,0,0.0,
4942,Rev11,11,W171,PX-7500,CH-D,EDG-05,Edge,0.84,130.9,2253.67,2211.08,2010.02,3356.1,False,False,True,True,1,4.04,
4943,Rev11,11,W171,PX-7500,CH-D,EDG-06,Edge,0.84,163.6,2313.16,2184.04,1956.18,2903.3,False,True,True,False,1,4.59,esc_temp_drift
4944,Rev11,11,W171,PX-7500,CH-D,EDG-07,Edge,0.84,196.4,2283.77,2167.01,2025.33,3345.8,False,True,True,True,0,0.0,
4945,Rev11,11,W171,PX-7500,CH-D,EDG-08,Edge,0.84,229.1,2259.75,2181.76,2008.01,3244.6,False,True,True,True,0,0.0,
4946,Rev11,11,W171,PX-7500,CH-D,EDG-09,Edge,0.84,261.8,2257.1,2267.63,1915.0,3167.5,False,False,True,True,0,0.0,
4947,Rev11,11,W171,PX-7500,CH-D,EDG-10,Edge,0.84,294.5,2291.92,2158.22,2101.68,2914.4,False,True,True,False,0,0.0,
4948,Rev11,11,W171,PX-7500,CH-D,EDG-11,Edge,0.84,327.3,2267.43,2210.33,2026.36,3151.4,False,False,True,True,1,3.15,polymer_residue
4949,Rev11,11,W171,PX-7500,CH-D,EXT-01,Extreme Edge,0.96,16.4,2283.47,2163.45,2131.23,3210.8,False,True,True,True,1,4.0,
4950,Rev11,11,W171,PX-7500,CH-D,EXT-02,Extreme Edge,0.96,49.1,2272.29,2167.98,2033.06,3042.3,False,True,True,True,2,12.75,polymer_residue
4951,Rev11,11,W171,PX-7500,CH-D,EXT-03,Extreme Edge,0.96,81.8,2267.61,2186.17,1886.54,3153.8,False,True,False,True,1,2.71,
4952,Rev11,11,W171,PX-7500,CH-D,EXT-04,Extreme Edge,0.96,114.5,2299.9,2153.74,2008.12,3135.4,False,True,True,True,2,11.99,pressure_spike
4953,Rev11,11,W171,PX-7500,CH-D,EXT-05,Extreme Edge,0.96,147.3,2285.34,2208.8,2073.91,3267.7,False,False,True,True,1,5.16,polymer_residue
4954,Rev11,11,W171,PX-7500,CH-D,EXT-06,Extreme Edge,0.96,180.0,2277.72,2213.55,2059.31,3134.4,False,False,True,True,0,0.0,
4955,Rev11,11,W171,PX-7500,CH-D,EXT-07,Extreme Edge,0.96,212.7,2226.37,2156.44,2026.82,3311.2,False,True,True,True,0,0.0,
4956,Rev11,11,W171,PX-7500,CH-D,EXT-08,Extreme Edge,0.96,245.5,2280.2,2205.18,2025.62,3170.9,False,False,True,True,0,0.0,
4957,Rev11,11,W171,PX-7500,CH-D,EXT-09,Extreme Edge,0.96,278.2,2301.02,2195.07,2020.18,3344.0,False,False,True,True,0,0.0,
4958,Rev11,11,W171,PX-7500,CH-D,EXT-10,Extreme Edge,0.96,310.9,2256.43,2218.7,2065.55,3232.4,False,False,True,True,0,0.0,
4959,Rev11,11,W171,PX-7500,CH-D,EXT-11,Extreme Edge,0.96,343.6,2296.83,2160.96,2099.99,3341.0,False,True,True,True,0,0.0,
4960,Rev10,10,W172,PX-7500,CH-C,C1,Center,0.0,0.0,2155.97,2137.66,2148.55,3194.6,True,True,True,True,0,0.0,
4961,Rev10,10,W172,PX-7500,CH-C,MID-01,Mid,0.52,30.0,2159.06,2139.25,2051.36,3424.8,True,True,True,True,0,0.0,
4962,Rev10,10,W172,PX-7500,CH-C,MID-02,Mid,0.52,90.0,2185.99,2198.89,2117.09,3461.7,True,False,True,True,0,0.0,
4963,Rev10,10,W172,PX-7500,CH-C,MID-03,Mid,0.52,150.0,2138.04,2141.26,2178.93,3423.1,True,True,False,True,0,0.0,
4964,Rev10,10,W172,PX-7500,CH-C,MID-04,Mid,0.52,210.0,2184.42,2107.93,2077.08,3277.3,True,True,True,True,0,0.0,
4965,Rev10,10,W172,PX-7500,CH-C,MID-05,Mid,0.52,270.0,2207.84,2195.7,2109.77,3375.1,True,False,True,True,0,0.0,
4966,Rev10,10,W172,PX-7500,CH-C,MID-06,Mid,0.52,330.0,2145.54,2113.87,2080.34,3381.1,True,True,True,True,0,0.0,
4967,Rev10,10,W172,PX-7500,CH-C,EDG-01,Edge,0.84,0.0,2199.24,2181.41,2141.73,3625.2,True,True,True,False,0,0.0,
4968,Rev10,10,W172,PX-7500,CH-C,EDG-02,Edge,0.84,32.7,2217.61,2144.82,2055.68,3285.6,True,True,True,True,0,0.0,
4969,Rev10,10,W172,PX-7500,CH-C,EDG-03,Edge,0.84,65.5,2197.58,2176.87,2085.43,3514.2,True,True,True,False,0,0.0,
4970,Rev10,10,W172,PX-7500,CH-C,EDG-04,Edge,0.84,98.2,2166.48,2181.09,2150.77,3396.8,True,True,True,True,0,0.0,
4971,Rev10,10,W172,PX-7500,CH-C,EDG-05,Edge,0.84,130.9,2132.81,2164.89,2241.74,3320.6,True,True,False,True,0,0.0,
4972,Rev10,10,W172,PX-7500,CH-C,EDG-06,Edge,0.84,163.6,2199.16,2152.43,2078.81,3428.6,True,True,True,True,0,0.0,
4973,Rev10,10,W172,PX-7500,CH-C,EDG-07,Edge,0.84,196.4,2212.08,2142.65,2064.45,3573.6,True,True,True,False,0,0.0,
4974,Rev10,10,W172,PX-7500,CH-C,EDG-08,Edge,0.84,229.1,2179.47,2188.61,2121.33,3489.4,True,True,True,True,0,0.0,
4975,Rev10,10,W172,PX-7500,CH-C,EDG-09,Edge,0.84,261.8,2224.21,2194.15,2192.78,3360.6,True,True,False,True,0,0.0,
4976,Rev10,10,W172,PX-7500,CH-C,EDG-10,Edge,0.84,294.5,2180.77,2200.67,2104.31,3356.9,True,False,True,True,0,0.0,
4977,Rev10,10,W172,PX-7500,CH-C,EDG-11,Edge,0.84,327.3,2216.66,2176.77,2172.07,3655.8,True,True,False,False,0,0.0,
4978,Rev10,10,W172,PX-7500,CH-C,EXT-01,Extreme Edge,0.96,16.4,2189.45,2169.51,2144.24,3399.4,True,True,True,True,0,0.0,
4979,Rev10,10,W172,PX-7500,CH-C,EXT-02,Extreme Edge,0.96,49.1,2204.06,2209.22,2228.48,3312.1,True,False,False,True,0,0.0,
4980,Rev10,10,W172,PX-7500,CH-C,EXT-03,Extreme Edge,0.96,81.8,2214.32,2212.85,2085.6,3693.8,True,False,True,False,0,0.0,
4981,Rev10,10,W172,PX-7500,CH-C,EXT-04,Extreme Edge,0.96,114.5,2211.63,2166.58,2180.64,3470.6,True,True,False,True,0,0.0,
4982,Rev10,10,W172,PX-7500,CH-C,EXT-05,Extreme Edge,0.96,147.3,2193.92,2126.89,1990.37,3410.4,True,True,True,True,0,0.0,
4983,Rev10,10,W172,PX-7500,CH-C,EXT-06,Extreme Edge,0.96,180.0,2174.65,2188.64,2152.18,3552.3,True,True,True,False,0,0.0,
4984,Rev10,10,W172,PX-7500,CH-C,EXT-07,Extreme Edge,0.96,212.7,2230.14,2102.94,2075.88,3543.1,False,True,True,False,0,0.0,
4985,Rev10,10,W172,PX-7500,CH-C,EXT-08,Extreme Edge,0.96,245.5,2179.12,2194.24,2124.56,3560.5,True,True,True,False,0,0.0,
4986,Rev10,10,W172,PX-7500,CH-C,EXT-09,Extreme Edge,0.96,278.2,2190.45,2166.75,2062.68,3390.1,True,True,True,True,0,0.0,
4987,Rev10,10,W172,PX-7500,CH-C,EXT-10,Extreme Edge,0.96,310.9,2211.34,2199.81,2216.88,3225.1,True,False,False,True,1,5.54,pressure_spike
4988,Rev10,10,W172,PX-7500,CH-C,EXT-11,Extreme Edge,0.96,343.6,2201.95,2172.65,2132.8,3454.6,True,True,True,True,2,11.93,polymer_residue
4989,Rev11,11,W173,PX-7500,CH-D,C1,Center,0.0,0.0,2228.66,2167.51,1976.73,3022.8,False,True,True,True,0,0.0,
4990,Rev11,11,W173,PX-7500,CH-D,MID-01,Mid,0.52,30.0,2252.17,2166.0,1926.54,3375.2,False,True,True,True,1,2.62,
4991,Rev11,11,W173,PX-7500,CH-D,MID-02,Mid,0.52,90.0,2234.56,2165.98,1839.82,3222.4,False,True,False,True,0,0.0,
4992,Rev11,11,W173,PX-7500,CH-D,MID-03,Mid,0.52,150.0,2219.87,2165.09,1917.91,3299.7,True,True,True,True,0,0.0,
4993,Rev11,11,W173,PX-7500,CH-D,MID-04,Mid,0.52,210.0,2221.43,2154.1,1898.16,3215.6,True,True,False,True,0,0.0,
4994,Rev11,11,W173,PX-7500,CH-D,MID-05,Mid,0.52,270.0,2252.79,2117.24,1964.16,3256.9,False,True,True,True,0,0.0,
4995,Rev11,11,W173,PX-7500,CH-D,MID-06,Mid,0.52,330.0,2218.66,2143.23,1910.02,3484.4,True,True,True,True,0,0.0,
4996,Rev11,11,W173,PX-7500,CH-D,EDG-01,Edge,0.84,0.0,2277.2,2129.93,1962.54,3386.2,False,True,True,True,1,3.23,polymer_residue
4997,Rev11,11,W173,PX-7500,CH-D,EDG-02,Edge,0.84,32.7,2252.08,2165.99,1906.8,3687.8,False,True,True,False,1,6.43,
4998,Rev11,11,W173,PX-7500,CH-D,EDG-03,Edge,0.84,65.5,2285.13,2201.07,1828.68,3353.9,False,False,False,True,1,5.06,polymer_residue
4999,Rev11,11,W173,PX-7500,CH-D,EDG-04,Edge,0.84,98.2,2299.63,2134.32,1928.96,3390.5,False,True,True,True,3,19.12,polymer_residue
5000,Rev11,11,W173,PX-7500,CH-D,EDG-05,Edge,0.84,130.9,2284.21,2201.39,1921.16,3425.0,False,False,True,True,1,3.03,polymer_residue
5001,Rev11,11,W173,PX-7500,CH-D,EDG-06,Edge,0.84,163.6,2234.2,2152.26,1921.14,3280.4,False,True,True,True,2,7.76,
5002,Rev11,11,W173,PX-7500,CH-D,EDG-07,Edge,0.84,196.4,2254.38,2178.86,1953.18,3491.8,False,True,True,True,2,8.95,
5003,Rev11,11,W173,PX-7500,CH-D,EDG-08,Edge,0.84,229.1,2263.22,2150.38,1996.23,3267.8,False,True,True,True,0,0.0,
5004,Rev11,11,W173,PX-7500,CH-D,EDG-09,Edge,0.84,261.8,2277.22,2154.86,2050.76,3234.0,False,True,True,True,1,4.88,endpoint_late
5005,Rev11,11,W173,PX-7500,CH-D,EDG-10,Edge,0.84,294.5,2254.89,2083.71,1887.5,3419.1,False,True,False,True,0,0.0,
5006,Rev11,11,W173,PX-7500,CH-D,EDG-11,Edge,0.84,327.3,2242.02,2172.92,1992.15,3359.3,False,True,True,True,3,17.7,endpoint_late
5007,Rev11,11,W173,PX-7500,CH-D,EXT-01,Extreme Edge,0.96,16.4,2235.0,2142.71,2009.03,3358.3,False,True,True,True,0,0.0,
5008,Rev11,11,W173,PX-7500,CH-D,EXT-02,Extreme Edge,0.96,49.1,2253.07,2161.93,1961.63,3427.6,False,True,True,True,0,0.0,
5009,Rev11,11,W173,PX-7500,CH-D,EXT-03,Extreme Edge,0.96,81.8,2248.76,2168.31,2004.04,3455.6,False,True,True,True,0,0.0,
5010,Rev11,11,W173,PX-7500,CH-D,EXT-04,Extreme Edge,0.96,114.5,2320.87,2194.5,1905.42,3145.2,False,True,True,True,0,0.0,
5011,Rev11,11,W173,PX-7500,CH-D,EXT-05,Extreme Edge,0.96,147.3,2313.94,2179.04,1981.47,3437.4,False,True,True,True,0,0.0,
5012,Rev11,11,W173,PX-7500,CH-D,EXT-06,Extreme Edge,0.96,180.0,2292.96,2152.04,1932.7,3423.3,False,True,True,True,0,0.0,
5013,Rev11,11,W173,PX-7500,CH-D,EXT-07,Extreme Edge,0.96,212.7,2320.83,2221.81,1878.11,3567.2,False,False,False,False,4,11.27,arc_event
5014,Rev11,11,W173,PX-7500,CH-D,EXT-08,Extreme Edge,0.96,245.5,2317.94,2213.93,2046.55,3212.5,False,False,True,True,1,2.3,
5015,Rev11,11,W173,PX-7500,CH-D,EXT-09,Extreme Edge,0.96,278.2,2325.26,2165.78,1898.18,3660.4,False,True,False,False,0,0.0,
5016,Rev11,11,W173,PX-7500,CH-D,EXT-10,Extreme Edge,0.96,310.9,2284.26,2168.52,2021.5,3322.2,False,True,True,True,2,8.94,
5017,Rev11,11,W173,PX-7500,CH-D,EXT-11,Extreme Edge,0.96,343.6,2294.73,2150.53,2048.73,3394.7,False,True,True,True,0,0.0,
5018,Rev9,9,W174,AE-3200,CH-B,C1,Center,0.0,0.0,2135.09,2125.82,1999.47,3038.8,True,True,True,True,0,0.0,
5019,Rev9,9,W174,AE-3200,CH-B,MID-01,Mid,0.52,30.0,2171.72,2126.5,1980.0,3198.3,True,True,True,True,0,0.0,
5020,Rev9,9,W174,AE-3200,CH-B,MID-02,Mid,0.52,90.0,2152.64,2153.8,2116.33,3182.9,True,True,True,True,0,0.0,
5021,Rev9,9,W174,AE-3200,CH-B,MID-03,Mid,0.52,150.0,2200.37,2111.52,2075.5,3155.1,True,True,True,True,0,0.0,
5022,Rev9,9,W174,AE-3200,CH-B,MID-04,Mid,0.52,210.0,2226.67,2125.83,2018.12,3056.6,False,True,True,True,0,0.0,
5023,Rev9,9,W174,AE-3200,CH-B,MID-05,Mid,0.52,270.0,2110.97,2131.48,2205.45,3288.5,True,True,False,True,2,6.08,
5024,Rev9,9,W174,AE-3200,CH-B,MID-06,Mid,0.52,330.0,2173.4,2219.74,2111.06,3011.8,True,False,True,True,0,0.0,
5025,Rev9,9,W174,AE-3200,CH-B,EDG-01,Edge,0.84,0.0,2196.69,2156.53,1995.43,2850.6,True,True,True,False,1,2.79,polymer_residue
5026,Rev9,9,W174,AE-3200,CH-B,EDG-02,Edge,0.84,32.7,2164.3,2117.97,2115.86,3260.9,True,True,True,True,0,0.0,
5027,Rev9,9,W174,AE-3200,CH-B,EDG-03,Edge,0.84,65.5,2194.1,2113.59,2143.6,3167.8,True,True,True,True,0,0.0,
5028,Rev9,9,W174,AE-3200,CH-B,EDG-04,Edge,0.84,98.2,2206.52,2211.02,2107.41,3256.0,True,False,True,True,0,0.0,
5029,Rev9,9,W174,AE-3200,CH-B,EDG-05,Edge,0.84,130.9,2218.48,2172.01,1915.86,3275.9,True,True,True,True,1,6.06,polymer_residue
5030,Rev9,9,W174,AE-3200,CH-B,EDG-06,Edge,0.84,163.6,2183.52,2129.0,2156.24,3313.5,True,True,True,True,0,0.0,
5031,Rev9,9,W174,AE-3200,CH-B,EDG-07,Edge,0.84,196.4,2173.79,2194.04,2153.19,3146.2,True,True,True,True,1,6.3,
5032,Rev9,9,W174,AE-3200,CH-B,EDG-08,Edge,0.84,229.1,2180.23,2154.09,2242.26,3344.4,True,True,False,True,0,0.0,
5033,Rev9,9,W174,AE-3200,CH-B,EDG-09,Edge,0.84,261.8,2248.61,2162.67,2165.6,3255.6,False,True,True,True,1,4.04,endpoint_late
5034,Rev9,9,W174,AE-3200,CH-B,EDG-10,Edge,0.84,294.5,2189.83,2172.05,2156.96,2790.3,True,True,True,False,2,7.88,esc_temp_drift
5035,Rev9,9,W174,AE-3200,CH-B,EDG-11,Edge,0.84,327.3,2198.77,2178.63,2138.11,3072.2,True,True,True,True,0,0.0,
5036,Rev9,9,W174,AE-3200,CH-B,EXT-01,Extreme Edge,0.96,16.4,2173.43,2142.44,2121.37,3499.8,True,True,True,True,1,3.04,
5037,Rev9,9,W174,AE-3200,CH-B,EXT-02,Extreme Edge,0.96,49.1,2200.34,2208.19,2109.99,3119.6,True,False,True,True,0,0.0,
5038,Rev9,9,W174,AE-3200,CH-B,EXT-03,Extreme Edge,0.96,81.8,2238.67,2199.24,2154.13,3337.3,False,False,True,True,1,4.36,
5039,Rev9,9,W174,AE-3200,CH-B,EXT-04,Extreme Edge,0.96,114.5,2210.65,2173.95,2100.34,3114.9,True,True,True,True,1,6.14,polymer_residue
5040,Rev9,9,W174,AE-3200,CH-B,EXT-05,Extreme Edge,0.96,147.3,2233.35,2164.97,2170.26,3349.8,False,True,False,True,1,4.04,
5041,Rev9,9,W174,AE-3200,CH-B,EXT-06,Extreme Edge,0.96,180.0,2227.96,2138.67,2075.78,3295.2,False,True,True,True,2,9.52,
5042,Rev9,9,W174,AE-3200,CH-B,EXT-07,Extreme Edge,0.96,212.7,2200.2,2038.47,2252.59,3199.2,True,True,False,True,1,2.85,
5043,Rev9,9,W174,AE-3200,CH-B,EXT-08,Extreme Edge,0.96,245.5,2177.3,2183.58,2084.3,3003.6,True,True,True,True,0,0.0,
5044,Rev9,9,W174,AE-3200,CH-B,EXT-09,Extreme Edge,0.96,278.2,2196.92,2163.17,2198.63,3318.8,True,True,False,True,2,5.6,pressure_spike
5045,Rev9,9,W174,AE-3200,CH-B,EXT-10,Extreme Edge,0.96,310.9,2197.17,2213.58,2086.61,3152.6,True,False,True,True,0,0.0,
5046,Rev9,9,W174,AE-3200,CH-B,EXT-11,Extreme Edge,0.96,343.6,2214.84,2173.57,2093.39,3192.2,True,True,True,True,1,2.23,polymer_residue
5047,Rev9,9,W175,AE-3200,CH-B,C1,Center,0.0,0.0,2183.45,2060.49,2134.98,3380.8,True,True,True,True,0,0.0,
5048,Rev9,9,W175,AE-3200,CH-B,MID-01,Mid,0.52,30.0,2167.04,2151.22,2179.52,3093.8,True,True,False,True,0,0.0,
5049,Rev9,9,W175,AE-3200,CH-B,MID-02,Mid,0.52,90.0,2182.16,2119.76,2177.9,3208.4,True,True,False,True,0,0.0,
5050,Rev9,9,W175,AE-3200,CH-B,MID-03,Mid,0.52,150.0,2185.26,2107.71,2159.09,3237.4,True,True,True,True,0,0.0,
5051,Rev9,9,W175,AE-3200,CH-B,MID-04,Mid,0.52,210.0,2208.96,2067.07,2088.94,3357.0,True,True,True,True,0,0.0,
5052,Rev9,9,W175,AE-3200,CH-B,MID-05,Mid,0.52,270.0,2186.9,2117.3,2110.68,3195.1,True,True,True,True,0,0.0,
5053,Rev9,9,W175,AE-3200,CH-B,MID-06,Mid,0.52,330.0,2141.65,2135.85,2070.24,3187.8,True,True,True,True,0,0.0,
5054,Rev9,9,W175,AE-3200,CH-B,EDG-01,Edge,0.84,0.0,2219.7,2077.34,2084.34,3132.9,True,True,True,True,2,3.65,polymer_residue
5055,Rev9,9,W175,AE-3200,CH-B,EDG-02,Edge,0.84,32.7,2206.26,2139.38,2212.9,3166.5,True,True,False,True,0,0.0,
5056,Rev9,9,W175,AE-3200,CH-B,EDG-03,Edge,0.84,65.5,2275.15,2149.38,2192.22,3226.1,False,True,False,True,2,4.95,pressure_spike
5057,Rev9,9,W175,AE-3200,CH-B,EDG-04,Edge,0.84,98.2,2215.33,2205.26,2161.68,3232.4,True,False,True,True,1,2.81,
5058,Rev9,9,W175,AE-3200,CH-B,EDG-05,Edge,0.84,130.9,2234.9,2141.79,2152.33,3233.4,False,True,True,True,1,5.79,
5059,Rev9,9,W175,AE-3200,CH-B,EDG-06,Edge,0.84,163.6,2229.11,2132.23,2176.29,3262.4,False,True,False,True,0,0.0,
5060,Rev9,9,W175,AE-3200,CH-B,EDG-07,Edge,0.84,196.4,2210.26,2143.06,2113.34,3060.8,True,True,True,True,0,0.0,
5061,Rev9,9,W175,AE-3200,CH-B,EDG-08,Edge,0.84,229.1,2174.61,2153.86,2089.01,3207.1,True,True,True,True,1,4.53,pressure_spike
5062,Rev9,9,W175,AE-3200,CH-B,EDG-09,Edge,0.84,261.8,2181.44,2134.86,2160.55,3073.1,True,True,True,True,1,4.23,
5063,Rev9,9,W175,AE-3200,CH-B,EDG-10,Edge,0.84,294.5,2183.58,2139.04,2244.57,3067.2,True,True,False,True,1,3.75,polymer_residue
5064,Rev9,9,W175,AE-3200,CH-B,EDG-11,Edge,0.84,327.3,2195.26,2135.2,2084.76,3071.3,True,True,True,True,0,0.0,
5065,Rev9,9,W175,AE-3200,CH-B,EXT-01,Extreme Edge,0.96,16.4,2224.42,2169.96,2208.34,3115.3,True,True,False,True,2,9.32,esc_temp_drift
5066,Rev9,9,W175,AE-3200,CH-B,EXT-02,Extreme Edge,0.96,49.1,2247.73,2130.48,2158.36,3179.0,False,True,True,True,0,0.0,
5067,Rev9,9,W175,AE-3200,CH-B,EXT-03,Extreme Edge,0.96,81.8,2190.62,2142.09,2259.81,3345.5,True,True,False,True,1,4.37,polymer_residue
5068,Rev9,9,W175,AE-3200,CH-B,EXT-04,Extreme Edge,0.96,114.5,2238.88,2166.55,2152.19,3346.9,False,True,True,True,0,0.0,
5069,Rev9,9,W175,AE-3200,CH-B,EXT-05,Extreme Edge,0.96,147.3,2233.09,2183.08,2173.34,3308.1,False,True,False,True,2,10.44,
5070,Rev9,9,W175,AE-3200,CH-B,EXT-06,Extreme Edge,0.96,180.0,2197.8,2114.77,2143.57,3098.1,True,True,True,True,0,0.0,
5071,Rev9,9,W175,AE-3200,CH-B,EXT-07,Extreme Edge,0.96,212.7,2170.6,2108.9,2297.18,3331.0,True,True,False,True,0,0.0,
5072,Rev9,9,W175,AE-3200,CH-B,EXT-08,Extreme Edge,0.96,245.5,2208.34,2180.62,2097.3,3131.6,True,True,True,True,1,2.57,polymer_residue
5073,Rev9,9,W175,AE-3200,CH-B,EXT-09,Extreme Edge,0.96,278.2,2248.5,2201.39,2143.12,3402.2,False,False,True,True,2,5.36,polymer_residue
5074,Rev9,9,W175,AE-3200,CH-B,EXT-10,Extreme Edge,0.96,310.9,2224.82,2147.69,2124.43,3206.6,True,True,True,True,0,0.0,
5075,Rev9,9,W175,AE-3200,CH-B,EXT-11,Extreme Edge,0.96,343.6,2215.72,2157.78,2236.31,3264.1,True,True,False,True,0,0.0,
5076,Rev5,5,W176,AE-3200,CH-B,C1,Center,0.0,0.0,2119.71,2035.83,1940.84,3216.8,True,True,True,True,0,0.0,
5077,Rev5,5,W176,AE-3200,CH-B,MID-01,Mid,0.52,30.0,2193.18,2024.15,2076.98,3145.9,True,True,True,True,0,0.0,
5078,Rev5,5,W176,AE-3200,CH-B,MID-02,Mid,0.52,90.0,2149.82,2135.23,2029.94,3244.8,True,True,True,True,0,0.0,
5079,Rev5,5,W176,AE-3200,CH-B,MID-03,Mid,0.52,150.0,2117.47,2027.75,2169.18,3071.2,True,True,True,True,0,0.0,
5080,Rev5,5,W176,AE-3200,CH-B,MID-04,Mid,0.52,210.0,2170.18,2086.95,2091.31,3315.0,True,True,True,True,1,3.07,pressure_spike
5081,Rev5,5,W176,AE-3200,CH-B,MID-05,Mid,0.52,270.0,2135.86,2100.98,2125.15,3046.0,True,True,True,True,0,0.0,
5082,Rev5,5,W176,AE-3200,CH-B,MID-06,Mid,0.52,330.0,2177.05,2086.06,2020.14,3288.0,True,True,True,True,0,0.0,
5083,Rev5,5,W176,AE-3200,CH-B,EDG-01,Edge,0.84,0.0,2207.59,2068.65,2095.39,3382.9,True,True,True,True,0,0.0,
5084,Rev5,5,W176,AE-3200,CH-B,EDG-02,Edge,0.84,32.7,2162.53,2136.71,2117.58,3228.7,True,True,True,True,0,0.0,
5085,Rev5,5,W176,AE-3200,CH-B,EDG-03,Edge,0.84,65.5,2145.23,2081.64,2084.44,3413.0,True,True,True,True,0,0.0,
5086,Rev5,5,W176,AE-3200,CH-B,EDG-04,Edge,0.84,98.2,2182.63,2100.96,2044.36,2922.7,True,True,True,False,1,5.98,
5087,Rev5,5,W176,AE-3200,CH-B,EDG-05,Edge,0.84,130.9,2192.2,2127.46,2113.68,3082.5,True,True,True,True,0,0.0,
5088,Rev5,5,W176,AE-3200,CH-B,EDG-06,Edge,0.84,163.6,2168.27,2090.59,2131.87,3236.5,True,True,True,True,0,0.0,
5089,Rev5,5,W176,AE-3200,CH-B,EDG-07,Edge,0.84,196.4,2182.21,2164.35,2041.61,3461.0,True,True,True,True,0,0.0,
5090,Rev5,5,W176,AE-3200,CH-B,EDG-08,Edge,0.84,229.1,2210.2,2097.53,2087.76,3194.2,True,True,True,True,0,0.0,
5091,Rev5,5,W176,AE-3200,CH-B,EDG-09,Edge,0.84,261.8,2197.98,2128.28,2093.83,3167.7,True,True,True,True,0,0.0,
5092,Rev5,5,W176,AE-3200,CH-B,EDG-10,Edge,0.84,294.5,2190.13,2126.79,2049.6,3472.8,True,True,True,True,0,0.0,
5093,Rev5,5,W176,AE-3200,CH-B,EDG-11,Edge,0.84,327.3,2171.47,2082.11,2081.53,3377.2,True,True,True,True,0,0.0,
5094,Rev5,5,W176,AE-3200,CH-B,EXT-01,Extreme Edge,0.96,16.4,2212.05,2123.41,2243.85,3654.9,True,True,False,False,0,0.0,
5095,Rev5,5,W176,AE-3200,CH-B,EXT-02,Extreme Edge,0.96,49.1,2177.09,2083.37,2189.21,3324.8,True,True,False,True,2,6.0,
5096,Rev5,5,W176,AE-3200,CH-B,EXT-03,Extreme Edge,0.96,81.8,2183.59,2161.86,2164.69,3187.5,True,True,True,True,1,3.34,polymer_residue
5097,Rev5,5,W176,AE-3200,CH-B,EXT-04,Extreme Edge,0.96,114.5,2175.94,2153.45,2136.41,3242.7,True,True,True,True,2,9.49,polymer_residue
5098,Rev5,5,W176,AE-3200,CH-B,EXT-05,Extreme Edge,0.96,147.3,2207.74,2166.04,1988.77,3384.9,True,True,True,True,0,0.0,
5099,Rev5,5,W176,AE-3200,CH-B,EXT-06,Extreme Edge,0.96,180.0,2176.95,2153.69,2176.92,3435.2,True,True,False,True,2,8.04,
5100,Rev5,5,W176,AE-3200,CH-B,EXT-07,Extreme Edge,0.96,212.7,2190.13,2111.52,2133.01,3469.5,True,True,True,True,0,0.0,
5101,Rev5,5,W176,AE-3200,CH-B,EXT-08,Extreme Edge,0.96,245.5,2166.18,2113.33,2167.4,3264.9,True,True,True,True,0,0.0,
5102,Rev5,5,W176,AE-3200,CH-B,EXT-09,Extreme Edge,0.96,278.2,2215.96,2113.46,2076.96,3368.2,True,True,True,True,0,0.0,
5103,Rev5,5,W176,AE-3200,CH-B,EXT-10,Extreme Edge,0.96,310.9,2188.19,2152.2,2052.95,3286.8,True,True,True,True,0,0.0,
5104,Rev5,5,W176,AE-3200,CH-B,EXT-11,Extreme Edge,0.96,343.6,2174.94,2056.02,2046.23,3119.3,True,True,True,True,1,3.5,
5105,Rev7,7,W177,PX-7500,CH-D,C1,Center,0.0,0.0,2206.47,2138.24,2201.04,3604.6,True,True,False,False,0,0.0,
5106,Rev7,7,W177,PX-7500,CH-D,MID-01,Mid,0.52,30.0,2179.51,2127.72,2046.57,3395.1,True,True,True,True,0,0.0,
5107,Rev7,7,W177,PX-7500,CH-D,MID-02,Mid,0.52,90.0,2168.31,2080.64,2065.08,3490.6,True,True,True,True,0,0.0,
5108,Rev7,7,W177,PX-7500,CH-D,MID-03,Mid,0.52,150.0,2169.87,2166.38,2106.22,3183.6,True,True,True,True,0,0.0,
5109,Rev7,7,W177,PX-7500,CH-D,MID-04,Mid,0.52,210.0,2176.3,2039.19,2110.64,3241.1,True,True,True,True,0,0.0,
5110,Rev7,7,W177,PX-7500,CH-D,MID-05,Mid,0.52,270.0,2127.24,2078.0,2166.19,3177.8,True,True,True,True,0,0.0,
5111,Rev7,7,W177,PX-7500,CH-D,MID-06,Mid,0.52,330.0,2161.93,2104.71,2074.22,3314.6,True,True,True,True,0,0.0,
5112,Rev7,7,W177,PX-7500,CH-D,EDG-01,Edge,0.84,0.0,2142.22,2106.39,2116.57,3384.2,True,True,True,True,2,10.31,polymer_residue
5113,Rev7,7,W177,PX-7500,CH-D,EDG-02,Edge,0.84,32.7,2194.03,2112.11,2144.46,3339.1,True,True,True,True,0,0.0,
5114,Rev7,7,W177,PX-7500,CH-D,EDG-03,Edge,0.84,65.5,2204.52,2066.44,2075.02,3368.8,True,True,True,True,1,3.66,
5115,Rev7,7,W177,PX-7500,CH-D,EDG-04,Edge,0.84,98.2,2201.98,2117.28,2133.19,3301.3,True,True,True,True,0,0.0,
5116,Rev7,7,W177,PX-7500,CH-D,EDG-05,Edge,0.84,130.9,2202.27,2072.18,2187.87,3469.3,True,True,False,True,0,0.0,
5117,Rev7,7,W177,PX-7500,CH-D,EDG-06,Edge,0.84,163.6,2176.38,2106.22,2103.92,3460.9,True,True,True,True,0,0.0,
5118,Rev7,7,W177,PX-7500,CH-D,EDG-07,Edge,0.84,196.4,2156.79,2073.74,2276.53,3221.8,True,True,False,True,0,0.0,
5119,Rev7,7,W177,PX-7500,CH-D,EDG-08,Edge,0.84,229.1,2215.33,2117.28,2057.19,3076.8,True,True,True,True,3,17.88,polymer_residue
5120,Rev7,7,W177,PX-7500,CH-D,EDG-09,Edge,0.84,261.8,2185.41,2148.58,2065.32,3251.1,True,True,True,True,0,0.0,
5121,Rev7,7,W177,PX-7500,CH-D,EDG-10,Edge,0.84,294.5,2178.45,2119.7,2145.12,3472.8,True,True,True,True,0,0.0,
5122,Rev7,7,W177,PX-7500,CH-D,EDG-11,Edge,0.84,327.3,2152.52,2076.09,2150.83,2964.2,True,True,True,False,1,3.88,
5123,Rev7,7,W177,PX-7500,CH-D,EXT-01,Extreme Edge,0.96,16.4,2212.14,2143.34,2106.15,3333.7,True,True,True,True,0,0.0,
5124,Rev7,7,W177,PX-7500,CH-D,EXT-02,Extreme Edge,0.96,49.1,2200.78,2073.9,2249.79,3378.6,True,True,False,True,0,0.0,
5125,Rev7,7,W177,PX-7500,CH-D,EXT-03,Extreme Edge,0.96,81.8,2183.42,2134.89,2258.28,3374.6,True,True,False,True,1,5.57,polymer_residue
5126,Rev7,7,W177,PX-7500,CH-D,EXT-04,Extreme Edge,0.96,114.5,2255.93,2129.43,2163.18,3633.7,False,True,True,False,1,5.0,polymer_residue
5127,Rev7,7,W177,PX-7500,CH-D,EXT-05,Extreme Edge,0.96,147.3,2212.75,2108.02,2139.01,3229.6,True,True,True,True,0,0.0,
5128,Rev7,7,W177,PX-7500,CH-D,EXT-06,Extreme Edge,0.96,180.0,2150.77,2085.73,2258.46,3420.1,True,True,False,True,3,11.34,polymer_residue
5129,Rev7,7,W177,PX-7500,CH-D,EXT-07,Extreme Edge,0.96,212.7,2204.71,2060.45,2200.48,3330.8,True,True,False,True,0,0.0,
5130,Rev7,7,W177,PX-7500,CH-D,EXT-08,Extreme Edge,0.96,245.5,2245.85,2117.99,2202.07,3215.6,False,True,False,True,0,0.0,
5131,Rev7,7,W177,PX-7500,CH-D,EXT-09,Extreme Edge,0.96,278.2,2164.68,2158.38,2221.29,3536.4,True,True,False,False,0,0.0,
5132,Rev7,7,W177,PX-7500,CH-D,EXT-10,Extreme Edge,0.96,310.9,2225.0,2101.03,2173.34,3636.7,True,True,False,False,2,7.58,
5133,Rev7,7,W177,PX-7500,CH-D,EXT-11,Extreme Edge,0.96,343.6,2256.94,2100.42,2151.13,3505.6,False,True,True,False,0,0.0,
5134,Rev2,2,W178,PX-7500,CH-C,C1,Center,0.0,0.0,2143.27,2064.96,1890.32,3606.5,True,True,False,False,1,6.32,polymer_residue
5135,Rev2,2,W178,PX-7500,CH-C,MID-01,Mid,0.52,30.0,2124.76,2089.94,2076.55,3342.5,True,True,True,True,0,0.0,
5136,Rev2,2,W178,PX-7500,CH-C,MID-02,Mid,0.52,90.0,2128.67,2095.6,1955.61,3351.9,True,True,True,True,0,0.0,
5137,Rev2,2,W178,PX-7500,CH-C,MID-03,Mid,0.52,150.0,2170.64,2070.29,1994.14,3397.7,True,True,True,True,0,0.0,
5138,Rev2,2,W178,PX-7500,CH-C,MID-04,Mid,0.52,210.0,2162.47,2054.56,2072.42,3301.8,True,True,True,True,0,0.0,
5139,Rev2,2,W178,PX-7500,CH-C,MID-05,Mid,0.52,270.0,2176.48,2056.06,2152.76,3433.8,True,True,True,True,1,3.72,arc_event
5140,Rev2,2,W178,PX-7500,CH-C,MID-06,Mid,0.52,330.0,2167.78,2110.23,2071.8,3377.1,True,True,True,True,0,0.0,
5141,Rev2,2,W178,PX-7500,CH-C,EDG-01,Edge,0.84,0.0,2154.68,2153.4,2024.66,3359.5,True,True,True,True,0,0.0,
5142,Rev2,2,W178,PX-7500,CH-C,EDG-02,Edge,0.84,32.7,2194.92,2083.94,2026.5,3147.3,True,True,True,True,0,0.0,
5143,Rev2,2,W178,PX-7500,CH-C,EDG-03,Edge,0.84,65.5,2187.94,2139.35,2091.87,3443.4,True,True,True,True,0,0.0,
5144,Rev2,2,W178,PX-7500,CH-C,EDG-04,Edge,0.84,98.2,2168.31,2082.34,2141.71,3440.1,True,True,True,True,0,0.0,
5145,Rev2,2,W178,PX-7500,CH-C,EDG-05,Edge,0.84,130.9,2222.25,2097.44,2001.48,3337.0,True,True,True,True,0,0.0,
5146,Rev2,2,W178,PX-7500,CH-C,EDG-06,Edge,0.84,163.6,2167.17,2112.87,2089.16,3260.3,True,True,True,True,0,0.0,
5147,Rev2,2,W178,PX-7500,CH-C,EDG-07,Edge,0.84,196.4,2165.69,2129.24,2072.69,3572.0,True,True,True,False,0,0.0,
5148,Rev2,2,W178,PX-7500,CH-C,EDG-08,Edge,0.84,229.1,2193.29,2078.8,2037.4,3274.3,True,True,True,True,0,0.0,
5149,Rev2,2,W178,PX-7500,CH-C,EDG-09,Edge,0.84,261.8,2187.17,2197.11,2122.49,3457.8,True,False,True,True,2,4.13,
5150,Rev2,2,W178,PX-7500,CH-C,EDG-10,Edge,0.84,294.5,2206.21,2111.72,2048.66,3506.0,True,True,True,False,1,3.59,
5151,Rev2,2,W178,PX-7500,CH-C,EDG-11,Edge,0.84,327.3,2151.94,2057.23,2096.29,3252.0,True,True,True,True,0,0.0,
5152,Rev2,2,W178,PX-7500,CH-C,EXT-01,Extreme Edge,0.96,16.4,2206.34,2167.62,2050.7,3542.2,True,True,True,False,0,0.0,
5153,Rev2,2,W178,PX-7500,CH-C,EXT-02,Extreme Edge,0.96,49.1,2168.61,2137.78,2035.71,3392.6,True,True,True,True,1,5.83,
5154,Rev2,2,W178,PX-7500,CH-C,EXT-03,Extreme Edge,0.96,81.8,2182.19,2170.47,2082.85,3419.0,True,True,True,True,3,15.0,arc_event
5155,Rev2,2,W178,PX-7500,CH-C,EXT-04,Extreme Edge,0.96,114.5,2205.03,2087.43,2025.35,3462.0,True,True,True,True,1,3.31,polymer_residue
5156,Rev2,2,W178,PX-7500,CH-C,EXT-05,Extreme Edge,0.96,147.3,2207.16,2175.12,2070.6,3430.4,True,True,True,True,1,3.76,
5157,Rev2,2,W178,PX-7500,CH-C,EXT-06,Extreme Edge,0.96,180.0,2178.51,2092.6,2097.73,3593.6,True,True,True,False,0,0.0,
5158,Rev2,2,W178,PX-7500,CH-C,EXT-07,Extreme Edge,0.96,212.7,2169.45,2138.2,2024.5,3332.7,True,True,True,True,0,0.0,
5159,Rev2,2,W178,PX-7500,CH-C,EXT-08,Extreme Edge,0.96,245.5,2184.39,2087.85,2153.01,3585.1,True,True,True,False,0,0.0,
5160,Rev2,2,W178,PX-7500,CH-C,EXT-09,Extreme Edge,0.96,278.2,2221.56,2078.94,2177.25,3192.3,True,True,False,True,0,0.0,
5161,Rev2,2,W178,PX-7500,CH-C,EXT-10,Extreme Edge,0.96,310.9,2205.14,2138.29,2089.41,3384.7,True,True,True,True,1,5.01,polymer_residue
5162,Rev2,2,W178,PX-7500,CH-C,EXT-11,Extreme Edge,0.96,343.6,2217.44,2120.18,2038.77,3615.6,True,True,True,False,0,0.0,
5163,Rev2,2,W179,PX-7500,CH-C,C1,Center,0.0,0.0,2182.18,2035.88,2232.79,2916.3,True,True,False,False,0,0.0,
5164,Rev2,2,W179,PX-7500,CH-C,MID-01,Mid,0.52,30.0,2162.47,2076.49,2264.41,3079.7,True,True,False,True,0,0.0,
5165,Rev2,2,W179,PX-7500,CH-C,MID-02,Mid,0.52,90.0,2200.86,2158.91,2121.52,3270.8,True,True,True,True,0,0.0,
5166,Rev2,2,W179,PX-7500,CH-C,MID-03,Mid,0.52,150.0,2178.22,2122.9,2092.8,3387.1,True,True,True,True,0,0.0,
5167,Rev2,2,W179,PX-7500,CH-C,MID-04,Mid,0.52,210.0,2136.79,2149.01,2197.72,3255.4,True,True,False,True,0,0.0,
5168,Rev2,2,W179,PX-7500,CH-C,MID-05,Mid,0.52,270.0,2122.92,2116.04,2177.54,3129.0,True,True,False,True,2,6.03,
5169,Rev2,2,W179,PX-7500,CH-C,MID-06,Mid,0.52,330.0,2214.66,2082.4,2182.81,3420.5,True,True,False,True,0,0.0,
5170,Rev2,2,W179,PX-7500,CH-C,EDG-01,Edge,0.84,0.0,2179.31,2103.37,2280.4,3464.1,True,True,False,True,0,0.0,
5171,Rev2,2,W179,PX-7500,CH-C,EDG-02,Edge,0.84,32.7,2198.21,2100.52,2176.77,3593.8,True,True,False,False,0,0.0,
5172,Rev2,2,W179,PX-7500,CH-C,EDG-03,Edge,0.84,65.5,2179.15,2192.1,2185.01,3185.8,True,True,False,True,0,0.0,
5173,Rev2,2,W179,PX-7500,CH-C,EDG-04,Edge,0.84,98.2,2196.71,2136.79,2230.36,3420.7,True,True,False,True,0,0.0,
5174,Rev2,2,W179,PX-7500,CH-C,EDG-05,Edge,0.84,130.9,2215.39,2080.9,2177.01,3639.3,True,True,False,False,2,7.06,
5175,Rev2,2,W179,PX-7500,CH-C,EDG-06,Edge,0.84,163.6,2207.53,2113.0,2109.74,3174.1,True,True,True,True,0,0.0,
5176,Rev2,2,W179,PX-7500,CH-C,EDG-07,Edge,0.84,196.4,2180.2,2105.45,2139.07,3552.6,True,True,True,False,0,0.0,
5177,Rev2,2,W179,PX-7500,CH-C,EDG-08,Edge,0.84,229.1,2158.32,2108.59,2087.62,3459.2,True,True,True,True,0,0.0,
5178,Rev2,2,W179,PX-7500,CH-C,EDG-09,Edge,0.84,261.8,2223.58,2095.59,2209.73,3467.4,True,True,False,True,0,0.0,
5179,Rev2,2,W179,PX-7500,CH-C,EDG-10,Edge,0.84,294.5,2208.32,2090.13,2186.16,3380.1,True,True,False,True,0,0.0,
5180,Rev2,2,W179,PX-7500,CH-C,EDG-11,Edge,0.84,327.3,2175.63,2117.18,2089.23,3391.2,True,True,True,True,1,3.07,endpoint_late
5181,Rev2,2,W179,PX-7500,CH-C,EXT-01,Extreme Edge,0.96,16.4,2200.0,2116.88,2079.09,3530.4,True,True,True,False,3,17.19,endpoint_late
5182,Rev2,2,W179,PX-7500,CH-C,EXT-02,Extreme Edge,0.96,49.1,2188.25,2148.0,2178.61,3523.5,True,True,False,False,0,0.0,
5183,Rev2,2,W179,PX-7500,CH-C,EXT-03,Extreme Edge,0.96,81.8,2242.86,2092.25,2130.1,3400.5,False,True,True,True,4,8.37,esc_temp_drift
5184,Rev2,2,W179,PX-7500,CH-C,EXT-04,Extreme Edge,0.96,114.5,2240.54,2143.11,2132.98,3260.9,False,True,True,True,0,0.0,
5185,Rev2,2,W179,PX-7500,CH-C,EXT-05,Extreme Edge,0.96,147.3,2168.64,2112.54,2196.34,3226.5,True,True,False,True,2,11.11,polymer_residue
5186,Rev2,2,W179,PX-7500,CH-C,EXT-06,Extreme Edge,0.96,180.0,2163.63,2105.13,2128.19,3456.1,True,True,True,True,0,0.0,
5187,Rev2,2,W179,PX-7500,CH-C,EXT-07,Extreme Edge,0.96,212.7,2215.7,2083.49,2142.9,3445.5,True,True,True,True,1,1.83,
5188,Rev2,2,W179,PX-7500,CH-C,EXT-08,Extreme Edge,0.96,245.5,2218.82,2157.45,2224.54,3334.2,True,True,False,True,0,0.0,
5189,Rev2,2,W179,PX-7500,CH-C,EXT-09,Extreme Edge,0.96,278.2,2243.15,2144.32,2096.95,3455.5,False,True,True,True,0,0.0,
5190,Rev2,2,W179,PX-7500,CH-C,EXT-10,Extreme Edge,0.96,310.9,2215.35,2103.8,2148.39,3309.8,True,True,True,True,0,0.0,
5191,Rev2,2,W179,PX-7500,CH-C,EXT-11,Extreme Edge,0.96,343.6,2200.05,2176.94,2234.7,3242.5,True,True,False,True,0,0.0,
5192,Rev3,3,W180,PX-7500,CH-D,C1,Center,0.0,0.0,2178.26,2137.95,2093.54,3316.1,True,True,True,True,0,0.0,
5193,Rev3,3,W180,PX-7500,CH-D,MID-01,Mid,0.52,30.0,2160.26,2126.71,2099.85,3117.0,True,True,True,True,0,0.0,
5194,Rev3,3,W180,PX-7500,CH-D,MID-02,Mid,0.52,90.0,2166.63,2130.15,2033.83,3259.1,True,True,True,True,0,0.0,
5195,Rev3,3,W180,PX-7500,CH-D,MID-03,Mid,0.52,150.0,2181.7,2207.69,1933.76,3191.7,True,False,True,True,0,0.0,
5196,Rev3,3,W180,PX-7500,CH-D,MID-04,Mid,0.52,210.0,2183.34,2065.73,2073.35,3104.5,True,True,True,True,0,0.0,
5197,Rev3,3,W180,PX-7500,CH-D,MID-05,Mid,0.52,270.0,2184.74,2113.56,2027.0,3342.6,True,True,True,True,0,0.0,
5198,Rev3,3,W180,PX-7500,CH-D,MID-06,Mid,0.52,330.0,2221.41,2149.73,1943.59,3294.3,True,True,True,True,0,0.0,
5199,Rev3,3,W180,PX-7500,CH-D,EDG-01,Edge,0.84,0.0,2213.92,2144.05,2120.2,3289.3,True,True,True,True,0,0.0,
5200,Rev3,3,W180,PX-7500,CH-D,EDG-02,Edge,0.84,32.7,2205.14,2128.69,2084.82,3147.4,True,True,True,True,1,3.47,polymer_residue
5201,Rev3,3,W180,PX-7500,CH-D,EDG-03,Edge,0.84,65.5,2219.79,2213.5,2099.99,3309.0,True,False,True,True,0,0.0,
5202,Rev3,3,W180,PX-7500,CH-D,EDG-04,Edge,0.84,98.2,2178.8,2238.85,2004.09,3274.7,True,False,True,True,1,6.21,pressure_spike
5203,Rev3,3,W180,PX-7500,CH-D,EDG-05,Edge,0.84,130.9,2181.52,2098.0,2153.06,3085.2,True,True,True,True,0,0.0,
5204,Rev3,3,W180,PX-7500,CH-D,EDG-06,Edge,0.84,163.6,2204.17,2156.24,2071.6,3173.9,True,True,True,True,0,0.0,
5205,Rev3,3,W180,PX-7500,CH-D,EDG-07,Edge,0.84,196.4,2212.56,2151.41,2052.77,3411.5,True,True,True,True,0,0.0,
5206,Rev3,3,W180,PX-7500,CH-D,EDG-08,Edge,0.84,229.1,2183.34,2103.46,2047.45,3306.1,True,True,True,True,0,0.0,
5207,Rev3,3,W180,PX-7500,CH-D,EDG-09,Edge,0.84,261.8,2233.86,2176.63,2004.11,3481.8,False,True,True,True,0,0.0,
5208,Rev3,3,W180,PX-7500,CH-D,EDG-10,Edge,0.84,294.5,2190.0,2202.72,2034.03,3007.1,True,False,True,True,1,5.98,
5209,Rev3,3,W180,PX-7500,CH-D,EDG-11,Edge,0.84,327.3,2176.94,2120.25,2046.84,3342.1,True,True,True,True,0,0.0,
5210,Rev3,3,W180,PX-7500,CH-D,EXT-01,Extreme Edge,0.96,16.4,2157.0,2137.85,2118.7,3359.3,True,True,True,True,0,0.0,
5211,Rev3,3,W180,PX-7500,CH-D,EXT-02,Extreme Edge,0.96,49.1,2209.1,2148.93,2047.7,3242.2,True,True,True,True,1,2.66,pressure_spike
5212,Rev3,3,W180,PX-7500,CH-D,EXT-03,Extreme Edge,0.96,81.8,2177.37,2111.07,2123.45,3396.0,True,True,True,True,1,4.12,polymer_residue
5213,Rev3,3,W180,PX-7500,CH-D,EXT-04,Extreme Edge,0.96,114.5,2232.59,2231.24,2116.86,3513.0,False,False,True,False,1,5.73,
5214,Rev3,3,W180,PX-7500,CH-D,EXT-05,Extreme Edge,0.96,147.3,2203.85,2182.44,1998.14,3083.0,True,True,True,True,1,3.16,esc_temp_drift
5215,Rev3,3,W180,PX-7500,CH-D,EXT-06,Extreme Edge,0.96,180.0,2211.45,2191.53,2146.62,3204.3,True,True,True,True,0,0.0,
5216,Rev3,3,W180,PX-7500,CH-D,EXT-07,Extreme Edge,0.96,212.7,2193.49,2210.92,2120.12,3233.1,True,False,True,True,2,6.75,
5217,Rev3,3,W180,PX-7500,CH-D,EXT-08,Extreme Edge,0.96,245.5,2212.52,2164.6,2173.57,3298.0,True,True,False,True,2,8.08,pressure_spike
5218,Rev3,3,W180,PX-7500,CH-D,EXT-09,Extreme Edge,0.96,278.2,2199.04,2129.65,2056.64,3400.1,True,True,True,True,1,5.78,arc_event
5219,Rev3,3,W180,PX-7500,CH-D,EXT-10,Extreme Edge,0.96,310.9,2213.65,2134.17,2014.45,3392.2,True,True,True,True,0,0.0,
5220,Rev3,3,W180,PX-7500,CH-D,EXT-11,Extreme Edge,0.96,343.6,2204.68,2105.42,2125.29,3380.7,True,True,True,True,1,5.91,
5221,Rev8,8,W181,AE-3200,CH-A,C1,Center,0.0,0.0,2150.97,2137.11,2047.23,3082.8,True,True,True,True,0,0.0,
5222,Rev8,8,W181,AE-3200,CH-A,MID-01,Mid,0.52,30.0,2145.31,2082.97,2057.16,3146.6,True,True,True,True,0,0.0,
5223,Rev8,8,W181,AE-3200,CH-A,MID-02,Mid,0.52,90.0,2150.97,2129.42,1991.64,3177.7,True,True,True,True,1,4.04,arc_event
5224,Rev8,8,W181,AE-3200,CH-A,MID-03,Mid,0.52,150.0,2154.96,2162.56,2074.22,3113.1,True,True,True,True,0,0.0,
5225,Rev8,8,W181,AE-3200,CH-A,MID-04,Mid,0.52,210.0,2196.05,2089.4,2079.82,3071.7,True,True,True,True,0,0.0,
5226,Rev8,8,W181,AE-3200,CH-A,MID-05,Mid,0.52,270.0,2177.45,2123.31,1976.73,3164.6,True,True,True,True,0,0.0,
5227,Rev8,8,W181,AE-3200,CH-A,MID-06,Mid,0.52,330.0,2132.43,2148.62,1978.99,3133.1,True,True,True,True,0,0.0,
5228,Rev8,8,W181,AE-3200,CH-A,EDG-01,Edge,0.84,0.0,2192.79,2164.99,1954.87,3381.4,True,True,True,True,0,0.0,
5229,Rev8,8,W181,AE-3200,CH-A,EDG-02,Edge,0.84,32.7,2192.09,2147.01,2105.6,3140.1,True,True,True,True,0,0.0,
5230,Rev8,8,W181,AE-3200,CH-A,EDG-03,Edge,0.84,65.5,2196.83,2161.42,2087.09,3431.2,True,True,True,True,0,0.0,
5231,Rev8,8,W181,AE-3200,CH-A,EDG-04,Edge,0.84,98.2,2223.76,2183.76,2138.38,3444.9,True,True,True,True,0,0.0,
5232,Rev8,8,W181,AE-3200,CH-A,EDG-05,Edge,0.84,130.9,2184.38,2129.49,2055.8,3390.7,True,True,True,True,1,2.56,polymer_residue
5233,Rev8,8,W181,AE-3200,CH-A,EDG-06,Edge,0.84,163.6,2207.38,2113.56,2091.41,3336.2,True,True,True,True,1,2.36,endpoint_late
5234,Rev8,8,W181,AE-3200,CH-A,EDG-07,Edge,0.84,196.4,2220.81,2101.23,1961.92,3213.0,True,True,True,True,0,0.0,
5235,Rev8,8,W181,AE-3200,CH-A,EDG-08,Edge,0.84,229.1,2187.11,2161.37,2114.23,3318.1,True,True,True,True,1,2.04,polymer_residue
5236,Rev8,8,W181,AE-3200,CH-A,EDG-09,Edge,0.84,261.8,2206.77,2183.19,1981.7,3013.5,True,True,True,True,0,0.0,
5237,Rev8,8,W181,AE-3200,CH-A,EDG-10,Edge,0.84,294.5,2234.16,2092.21,1989.09,3107.8,False,True,True,True,1,3.74,polymer_residue
5238,Rev8,8,W181,AE-3200,CH-A,EDG-11,Edge,0.84,327.3,2169.34,2110.07,2134.9,3399.3,True,True,True,True,0,0.0,
5239,Rev8,8,W181,AE-3200,CH-A,EXT-01,Extreme Edge,0.96,16.4,2209.21,2152.81,2080.0,3255.8,True,True,True,True,1,5.93,
5240,Rev8,8,W181,AE-3200,CH-A,EXT-02,Extreme Edge,0.96,49.1,2180.33,2134.82,2024.67,3038.7,True,True,True,True,0,0.0,
5241,Rev8,8,W181,AE-3200,CH-A,EXT-03,Extreme Edge,0.96,81.8,2237.53,2197.18,2094.48,3069.0,False,False,True,True,0,0.0,
5242,Rev8,8,W181,AE-3200,CH-A,EXT-04,Extreme Edge,0.96,114.5,2247.61,2160.64,2086.41,3377.3,False,True,True,True,2,8.04,
5243,Rev8,8,W181,AE-3200,CH-A,EXT-05,Extreme Edge,0.96,147.3,2217.08,2100.32,2075.23,2942.9,True,True,True,False,2,3.69,polymer_residue
5244,Rev8,8,W181,AE-3200,CH-A,EXT-06,Extreme Edge,0.96,180.0,2225.89,2157.95,2001.24,3000.8,False,True,True,True,1,1.99,endpoint_late
5245,Rev8,8,W181,AE-3200,CH-A,EXT-07,Extreme Edge,0.96,212.7,2206.73,2231.07,2213.81,3298.5,True,False,False,True,0,0.0,
5246,Rev8,8,W181,AE-3200,CH-A,EXT-08,Extreme Edge,0.96,245.5,2193.99,2122.31,2058.83,3159.6,True,True,True,True,1,2.15,arc_event
5247,Rev8,8,W181,AE-3200,CH-A,EXT-09,Extreme Edge,0.96,278.2,2234.37,2144.54,2129.23,3301.2,False,True,True,True,0,0.0,
5248,Rev8,8,W181,AE-3200,CH-A,EXT-10,Extreme Edge,0.96,310.9,2206.01,2174.94,2206.35,3156.8,True,True,False,True,1,2.8,
5249,Rev8,8,W181,AE-3200,CH-A,EXT-11,Extreme Edge,0.96,343.6,2190.5,2124.64,2115.13,3197.2,True,True,True,True,0,0.0,
5250,Rev5,5,W182,AE-3200,CH-B,C1,Center,0.0,0.0,2104.33,2094.06,1990.92,3659.7,True,True,True,False,0,0.0,
5251,Rev5,5,W182,AE-3200,CH-B,MID-01,Mid,0.52,30.0,2081.88,2105.52,2138.02,3419.0,True,True,True,True,0,0.0,
5252,Rev5,5,W182,AE-3200,CH-B,MID-02,Mid,0.52,90.0,2127.47,2056.91,2126.62,3476.2,True,True,True,True,0,0.0,
5253,Rev5,5,W182,AE-3200,CH-B,MID-03,Mid,0.52,150.0,2187.17,2064.52,2154.83,3454.0,True,True,True,True,0,0.0,
5254,Rev5,5,W182,AE-3200,CH-B,MID-04,Mid,0.52,210.0,2099.12,2085.34,2120.1,3482.3,True,True,True,True,0,0.0,
5255,Rev5,5,W182,AE-3200,CH-B,MID-05,Mid,0.52,270.0,2132.63,2080.82,2179.4,3525.7,True,True,False,False,0,0.0,
5256,Rev5,5,W182,AE-3200,CH-B,MID-06,Mid,0.52,330.0,2098.41,2095.01,2199.48,3460.8,True,True,False,True,0,0.0,
5257,Rev5,5,W182,AE-3200,CH-B,EDG-01,Edge,0.84,0.0,2182.47,2094.11,2183.01,3603.3,True,True,False,False,2,6.16,
5258,Rev5,5,W182,AE-3200,CH-B,EDG-02,Edge,0.84,32.7,2182.45,2027.93,2141.13,3493.7,True,True,True,True,1,2.5,polymer_residue
5259,Rev5,5,W182,AE-3200,CH-B,EDG-03,Edge,0.84,65.5,2190.9,2167.51,2219.46,3225.2,True,True,False,True,0,0.0,
5260,Rev5,5,W182,AE-3200,CH-B,EDG-04,Edge,0.84,98.2,2153.59,2112.01,2142.43,3506.9,True,True,True,False,3,11.59,polymer_residue
5261,Rev5,5,W182,AE-3200,CH-B,EDG-05,Edge,0.84,130.9,2139.21,2114.77,2133.3,3402.4,True,True,True,True,0,0.0,
5262,Rev5,5,W182,AE-3200,CH-B,EDG-06,Edge,0.84,163.6,2157.59,2153.82,2087.9,3438.9,True,True,True,True,1,5.13,
5263,Rev5,5,W182,AE-3200,CH-B,EDG-07,Edge,0.84,196.4,2166.73,2072.8,2264.01,3691.2,True,True,False,False,0,0.0,
5264,Rev5,5,W182,AE-3200,CH-B,EDG-08,Edge,0.84,229.1,2108.44,2118.65,2032.88,3620.0,True,True,True,False,0,0.0,
5265,Rev5,5,W182,AE-3200,CH-B,EDG-09,Edge,0.84,261.8,2201.94,2127.89,2253.06,3613.2,True,True,False,False,1,3.48,polymer_residue
5266,Rev5,5,W182,AE-3200,CH-B,EDG-10,Edge,0.84,294.5,2150.55,2108.3,2193.56,3391.4,True,True,False,True,1,2.69,
5267,Rev5,5,W182,AE-3200,CH-B,EDG-11,Edge,0.84,327.3,2181.46,2152.77,2213.95,3667.1,True,True,False,False,0,0.0,
5268,Rev5,5,W182,AE-3200,CH-B,EXT-01,Extreme Edge,0.96,16.4,2194.63,2148.85,2075.52,3661.4,True,True,True,False,0,0.0,
5269,Rev5,5,W182,AE-3200,CH-B,EXT-02,Extreme Edge,0.96,49.1,2141.27,2130.55,2063.02,3607.7,True,True,True,False,1,1.96,
5270,Rev5,5,W182,AE-3200,CH-B,EXT-03,Extreme Edge,0.96,81.8,2162.49,2169.47,2217.15,3382.9,True,True,False,True,0,0.0,
5271,Rev5,5,W182,AE-3200,CH-B,EXT-04,Extreme Edge,0.96,114.5,2215.4,2118.39,2141.21,3646.4,True,True,True,False,0,0.0,
5272,Rev5,5,W182,AE-3200,CH-B,EXT-05,Extreme Edge,0.96,147.3,2161.65,2199.53,2226.8,3684.6,True,False,False,False,1,2.33,polymer_residue
5273,Rev5,5,W182,AE-3200,CH-B,EXT-06,Extreme Edge,0.96,180.0,2217.94,2135.42,2130.43,3511.7,True,True,True,False,0,0.0,
5274,Rev5,5,W182,AE-3200,CH-B,EXT-07,Extreme Edge,0.96,212.7,2132.41,2118.42,2143.94,3408.9,True,True,True,True,1,4.44,arc_event
5275,Rev5,5,W182,AE-3200,CH-B,EXT-08,Extreme Edge,0.96,245.5,2179.03,2133.09,2135.58,3448.8,True,True,True,True,0,0.0,
5276,Rev5,5,W182,AE-3200,CH-B,EXT-09,Extreme Edge,0.96,278.2,2137.96,2131.98,2117.37,3418.3,True,True,True,True,1,2.52,polymer_residue
5277,Rev5,5,W182,AE-3200,CH-B,EXT-10,Extreme Edge,0.96,310.9,2220.05,2164.27,2086.28,3516.4,True,True,True,False,0,0.0,
5278,Rev5,5,W182,AE-3200,CH-B,EXT-11,Extreme Edge,0.96,343.6,2184.33,2155.13,2203.7,3284.4,True,True,False,True,1,6.26,pressure_spike
5279,Rev3,3,W183,PX-7500,CH-D,C1,Center,0.0,0.0,2138.3,2100.78,2041.7,3073.3,True,True,True,True,0,0.0,
5280,Rev3,3,W183,PX-7500,CH-D,MID-01,Mid,0.52,30.0,2154.59,2048.66,2111.63,3194.4,True,True,True,True,0,0.0,
5281,Rev3,3,W183,PX-7500,CH-D,MID-02,Mid,0.52,90.0,2184.18,2073.78,2038.94,3369.2,True,True,True,True,0,0.0,
5282,Rev3,3,W183,PX-7500,CH-D,MID-03,Mid,0.52,150.0,2116.06,2172.26,2151.91,3257.9,True,True,True,True,0,0.0,
5283,Rev3,3,W183,PX-7500,CH-D,MID-04,Mid,0.52,210.0,2152.46,2077.04,2090.51,3224.4,True,True,True,True,0,0.0,
5284,Rev3,3,W183,PX-7500,CH-D,MID-05,Mid,0.52,270.0,2150.3,2055.07,2173.71,3307.9,True,True,False,True,0,0.0,
5285,Rev3,3,W183,PX-7500,CH-D,MID-06,Mid,0.52,330.0,2202.32,2144.16,2040.9,3300.6,True,True,True,True,0,0.0,
5286,Rev3,3,W183,PX-7500,CH-D,EDG-01,Edge,0.84,0.0,2181.51,2118.82,2253.77,3300.6,True,True,False,True,0,0.0,
5287,Rev3,3,W183,PX-7500,CH-D,EDG-02,Edge,0.84,32.7,2186.98,2209.46,2169.25,3291.7,True,False,True,True,0,0.0,
5288,Rev3,3,W183,PX-7500,CH-D,EDG-03,Edge,0.84,65.5,2149.26,2088.88,2140.86,3147.0,True,True,True,True,1,2.98,polymer_residue
5289,Rev3,3,W183,PX-7500,CH-D,EDG-04,Edge,0.84,98.2,2180.3,2134.25,2224.13,3327.3,True,True,False,True,0,0.0,
5290,Rev3,3,W183,PX-7500,CH-D,EDG-05,Edge,0.84,130.9,2156.19,2129.16,2169.7,3398.9,True,True,True,True,0,0.0,
5291,Rev3,3,W183,PX-7500,CH-D,EDG-06,Edge,0.84,163.6,2144.46,2094.8,2169.35,3414.7,True,True,True,True,0,0.0,
5292,Rev3,3,W183,PX-7500,CH-D,EDG-07,Edge,0.84,196.4,2160.77,2076.83,2067.38,3370.6,True,True,True,True,0,0.0,
5293,Rev3,3,W183,PX-7500,CH-D,EDG-08,Edge,0.84,229.1,2182.76,2120.67,2108.56,3012.8,True,True,True,True,0,0.0,
5294,Rev3,3,W183,PX-7500,CH-D,EDG-09,Edge,0.84,261.8,2175.53,2113.25,2173.93,3333.2,True,True,False,True,0,0.0,
5295,Rev3,3,W183,PX-7500,CH-D,EDG-10,Edge,0.84,294.5,2212.15,2083.71,2147.85,2939.3,True,True,True,False,0,0.0,
5296,Rev3,3,W183,PX-7500,CH-D,EDG-11,Edge,0.84,327.3,2165.26,2086.38,2194.72,3226.6,True,True,False,True,0,0.0,
5297,Rev3,3,W183,PX-7500,CH-D,EXT-01,Extreme Edge,0.96,16.4,2194.75,2147.7,2038.14,3393.1,True,True,True,True,1,4.29,arc_event
5298,Rev3,3,W183,PX-7500,CH-D,EXT-02,Extreme Edge,0.96,49.1,2226.98,2165.76,2147.3,3023.7,False,True,True,True,0,0.0,
5299,Rev3,3,W183,PX-7500,CH-D,EXT-03,Extreme Edge,0.96,81.8,2184.57,2120.93,2170.39,3286.0,True,True,False,True,1,6.45,
5300,Rev3,3,W183,PX-7500,CH-D,EXT-04,Extreme Edge,0.96,114.5,2155.45,2171.81,2062.37,3280.1,True,True,True,True,0,0.0,
5301,Rev3,3,W183,PX-7500,CH-D,EXT-05,Extreme Edge,0.96,147.3,2202.71,2130.55,2200.58,3515.9,True,True,False,False,2,10.19,arc_event
5302,Rev3,3,W183,PX-7500,CH-D,EXT-06,Extreme Edge,0.96,180.0,2185.12,2183.82,2201.64,3245.4,True,True,False,True,3,13.88,
5303,Rev3,3,W183,PX-7500,CH-D,EXT-07,Extreme Edge,0.96,212.7,2225.44,2109.85,2187.29,3291.9,False,True,False,True,1,4.48,
5304,Rev3,3,W183,PX-7500,CH-D,EXT-08,Extreme Edge,0.96,245.5,2218.95,2097.27,2201.39,3394.9,True,True,False,True,2,6.4,endpoint_late
5305,Rev3,3,W183,PX-7500,CH-D,EXT-09,Extreme Edge,0.96,278.2,2184.55,2120.46,2173.97,3178.7,True,True,False,True,0,0.0,
5306,Rev3,3,W183,PX-7500,CH-D,EXT-10,Extreme Edge,0.96,310.9,2223.4,2176.39,2124.75,3311.3,True,True,True,True,1,2.05,
5307,Rev3,3,W183,PX-7500,CH-D,EXT-11,Extreme Edge,0.96,343.6,2144.36,2062.17,2261.19,3490.3,True,True,False,True,2,10.85,polymer_residue
5308,Rev8,8,W184,AE-3200,CH-A,C1,Center,0.0,0.0,2134.92,2129.44,1935.31,3186.8,True,True,True,True,0,0.0,
5309,Rev8,8,W184,AE-3200,CH-A,MID-01,Mid,0.52,30.0,2181.85,2098.08,1931.73,3180.8,True,True,True,True,0,0.0,
5310,Rev8,8,W184,AE-3200,CH-A,MID-02,Mid,0.52,90.0,2193.77,2180.08,2117.43,3160.0,True,True,True,True,1,3.5,endpoint_late
5311,Rev8,8,W184,AE-3200,CH-A,MID-03,Mid,0.52,150.0,2169.31,2062.41,2046.96,3188.7,True,True,True,True,1,6.29,
5312,Rev8,8,W184,AE-3200,CH-A,MID-04,Mid,0.52,210.0,2175.92,2172.86,1990.2,3177.5,True,True,True,True,2,11.96,
5313,Rev8,8,W184,AE-3200,CH-A,MID-05,Mid,0.52,270.0,2165.61,2188.15,1999.09,3201.2,True,True,True,True,0,0.0,
5314,Rev8,8,W184,AE-3200,CH-A,MID-06,Mid,0.52,330.0,2144.38,2139.74,2049.75,3196.2,True,True,True,True,0,0.0,
5315,Rev8,8,W184,AE-3200,CH-A,EDG-01,Edge,0.84,0.0,2193.72,2167.18,2076.55,3135.2,True,True,True,True,1,2.07,
5316,Rev8,8,W184,AE-3200,CH-A,EDG-02,Edge,0.84,32.7,2205.07,2179.2,1969.78,3353.7,True,True,True,True,0,0.0,
5317,Rev8,8,W184,AE-3200,CH-A,EDG-03,Edge,0.84,65.5,2195.51,2137.5,2047.56,3429.2,True,True,True,True,0,0.0,
5318,Rev8,8,W184,AE-3200,CH-A,EDG-04,Edge,0.84,98.2,2189.85,2139.33,2011.74,3142.5,True,True,True,True,0,0.0,
5319,Rev8,8,W184,AE-3200,CH-A,EDG-05,Edge,0.84,130.9,2174.43,2176.01,2080.15,3418.4,True,True,True,True,1,3.02,
5320,Rev8,8,W184,AE-3200,CH-A,EDG-06,Edge,0.84,163.6,2186.72,2111.77,2034.53,3330.7,True,True,True,True,0,0.0,
5321,Rev8,8,W184,AE-3200,CH-A,EDG-07,Edge,0.84,196.4,2191.19,2107.49,2061.98,3206.5,True,True,True,True,0,0.0,
5322,Rev8,8,W184,AE-3200,CH-A,EDG-08,Edge,0.84,229.1,2204.76,2174.42,2048.44,3502.8,True,True,True,False,1,3.12,polymer_residue
5323,Rev8,8,W184,AE-3200,CH-A,EDG-09,Edge,0.84,261.8,2217.7,2151.28,2033.26,3460.0,True,True,True,True,0,0.0,
5324,Rev8,8,W184,AE-3200,CH-A,EDG-10,Edge,0.84,294.5,2188.24,2168.36,1958.19,3246.4,True,True,True,True,0,0.0,
5325,Rev8,8,W184,AE-3200,CH-A,EDG-11,Edge,0.84,327.3,2240.19,2118.0,1940.96,3254.3,False,True,True,True,0,0.0,
5326,Rev8,8,W184,AE-3200,CH-A,EXT-01,Extreme Edge,0.96,16.4,2238.39,2151.16,1985.98,3161.3,False,True,True,True,0,0.0,
5327,Rev8,8,W184,AE-3200,CH-A,EXT-02,Extreme Edge,0.96,49.1,2248.64,2149.98,2132.64,3154.8,False,True,True,True,1,3.16,polymer_residue
5328,Rev8,8,W184,AE-3200,CH-A,EXT-03,Extreme Edge,0.96,81.8,2275.86,2123.21,2014.17,3349.7,False,True,True,True,0,0.0,
5329,Rev8,8,W184,AE-3200,CH-A,EXT-04,Extreme Edge,0.96,114.5,2191.06,2126.9,2034.87,3548.6,True,True,True,False,1,6.17,
5330,Rev8,8,W184,AE-3200,CH-A,EXT-05,Extreme Edge,0.96,147.3,2198.83,2166.33,2108.19,3218.5,True,True,True,True,0,0.0,
5331,Rev8,8,W184,AE-3200,CH-A,EXT-06,Extreme Edge,0.96,180.0,2212.03,2142.7,2008.25,3353.4,True,True,True,True,0,0.0,
5332,Rev8,8,W184,AE-3200,CH-A,EXT-07,Extreme Edge,0.96,212.7,2213.23,2162.82,2081.17,3191.4,True,True,True,True,0,0.0,
5333,Rev8,8,W184,AE-3200,CH-A,EXT-08,Extreme Edge,0.96,245.5,2243.21,2140.93,1996.0,3281.5,False,True,True,True,0,0.0,
5334,Rev8,8,W184,AE-3200,CH-A,EXT-09,Extreme Edge,0.96,278.2,2196.69,2101.26,2076.14,2997.6,True,True,True,False,0,0.0,
5335,Rev8,8,W184,AE-3200,CH-A,EXT-10,Extreme Edge,0.96,310.9,2237.51,2178.96,1918.62,3407.5,False,True,True,True,0,0.0,
5336,Rev8,8,W184,AE-3200,CH-A,EXT-11,Extreme Edge,0.96,343.6,2234.3,2182.01,2043.02,3445.7,False,True,True,True,1,3.71,
5337,Rev6,6,W185,PX-7500,CH-C,C1,Center,0.0,0.0,2153.06,2180.09,2029.09,3471.0,True,True,True,True,0,0.0,
5338,Rev6,6,W185,PX-7500,CH-C,MID-01,Mid,0.52,30.0,2127.53,2126.46,2090.35,3535.1,True,True,True,False,1,4.54,polymer_residue
5339,Rev6,6,W185,PX-7500,CH-C,MID-02,Mid,0.52,90.0,2091.02,2132.67,2224.36,3605.5,True,True,False,False,0,0.0,
5340,Rev6,6,W185,PX-7500,CH-C,MID-03,Mid,0.52,150.0,2120.57,2154.05,2026.71,3626.6,True,True,True,False,0,0.0,
5341,Rev6,6,W185,PX-7500,CH-C,MID-04,Mid,0.52,210.0,2111.87,2153.6,2106.49,3549.2,True,True,True,False,1,2.13,
5342,Rev6,6,W185,PX-7500,CH-C,MID-05,Mid,0.52,270.0,2144.4,2147.8,2079.02,3555.0,True,True,True,False,0,0.0,
5343,Rev6,6,W185,PX-7500,CH-C,MID-06,Mid,0.52,330.0,2098.81,2144.63,2067.45,3347.0,True,True,True,True,1,5.2,
5344,Rev6,6,W185,PX-7500,CH-C,EDG-01,Edge,0.84,0.0,2149.29,2143.87,2128.38,3484.5,True,True,True,True,0,0.0,
5345,Rev6,6,W185,PX-7500,CH-C,EDG-02,Edge,0.84,32.7,2156.66,2105.0,2090.15,3582.9,True,True,True,False,0,0.0,
5346,Rev6,6,W185,PX-7500,CH-C,EDG-03,Edge,0.84,65.5,2155.41,2197.93,2108.97,3623.1,True,False,True,False,0,0.0,
5347,Rev6,6,W185,PX-7500,CH-C,EDG-04,Edge,0.84,98.2,2148.96,2152.77,2124.39,3479.1,True,True,True,True,0,0.0,
5348,Rev6,6,W185,PX-7500,CH-C,EDG-05,Edge,0.84,130.9,2183.9,2145.4,2190.3,3374.1,True,True,False,True,0,0.0,
5349,Rev6,6,W185,PX-7500,CH-C,EDG-06,Edge,0.84,163.6,2189.47,2191.91,2216.73,3719.7,True,True,False,False,1,2.22,
5350,Rev6,6,W185,PX-7500,CH-C,EDG-07,Edge,0.84,196.4,2142.9,2156.8,2053.31,3426.2,True,True,True,True,0,0.0,
5351,Rev6,6,W185,PX-7500,CH-C,EDG-08,Edge,0.84,229.1,2142.43,2137.82,2065.03,3479.9,True,True,True,True,0,0.0,
5352,Rev6,6,W185,PX-7500,CH-C,EDG-09,Edge,0.84,261.8,2124.01,2145.91,2098.9,3472.2,True,True,True,True,0,0.0,
5353,Rev6,6,W185,PX-7500,CH-C,EDG-10,Edge,0.84,294.5,2143.87,2139.5,2148.23,3691.6,True,True,True,False,1,2.72,
5354,Rev6,6,W185,PX-7500,CH-C,EDG-11,Edge,0.84,327.3,2165.83,2142.67,2055.71,3341.2,True,True,True,True,0,0.0,
5355,Rev6,6,W185,PX-7500,CH-C,EXT-01,Extreme Edge,0.96,16.4,2186.2,2191.04,2128.61,3462.7,True,True,True,True,0,0.0,
5356,Rev6,6,W185,PX-7500,CH-C,EXT-02,Extreme Edge,0.96,49.1,2154.33,2178.65,2181.81,3693.2,True,True,False,False,4,17.45,
5357,Rev6,6,W185,PX-7500,CH-C,EXT-03,Extreme Edge,0.96,81.8,2143.9,2158.97,2066.22,3385.0,True,True,True,True,0,0.0,
5358,Rev6,6,W185,PX-7500,CH-C,EXT-04,Extreme Edge,0.96,114.5,2178.77,2201.14,2058.38,3421.3,True,False,True,True,1,4.55,
5359,Rev6,6,W185,PX-7500,CH-C,EXT-05,Extreme Edge,0.96,147.3,2146.41,2155.06,2118.38,3472.0,True,True,True,True,0,0.0,
5360,Rev6,6,W185,PX-7500,CH-C,EXT-06,Extreme Edge,0.96,180.0,2137.8,2214.15,2215.76,3209.6,True,False,False,True,1,4.52,polymer_residue
5361,Rev6,6,W185,PX-7500,CH-C,EXT-07,Extreme Edge,0.96,212.7,2185.11,2151.23,2191.4,3652.7,True,True,False,False,2,6.06,
5362,Rev6,6,W185,PX-7500,CH-C,EXT-08,Extreme Edge,0.96,245.5,2176.52,2166.75,2067.44,3551.7,True,True,True,False,0,0.0,
5363,Rev6,6,W185,PX-7500,CH-C,EXT-09,Extreme Edge,0.96,278.2,2165.38,2184.6,2079.29,3384.7,True,True,True,True,0,0.0,
5364,Rev6,6,W185,PX-7500,CH-C,EXT-10,Extreme Edge,0.96,310.9,2148.75,2188.67,1994.01,3583.5,True,True,True,False,0,0.0,
5365,Rev6,6,W185,PX-7500,CH-C,EXT-11,Extreme Edge,0.96,343.6,2164.11,2162.35,2119.12,3634.6,True,True,True,False,0,0.0,
5366,Rev8,8,W186,AE-3200,CH-A,C1,Center,0.0,0.0,2164.55,2044.29,2099.96,3281.8,True,True,True,True,0,0.0,
5367,Rev8,8,W186,AE-3200,CH-A,MID-01,Mid,0.52,30.0,2196.38,2109.0,1967.96,3212.5,True,True,True,True,0,0.0,
5368,Rev8,8,W186,AE-3200,CH-A,MID-02,Mid,0.52,90.0,2155.1,2066.01,2084.26,3249.6,True,True,True,True,1,2.59,pressure_spike
5369,Rev8,8,W186,AE-3200,CH-A,MID-03,Mid,0.52,150.0,2149.95,2100.91,2030.58,3307.4,True,True,True,True,0,0.0,
5370,Rev8,8,W186,AE-3200,CH-A,MID-04,Mid,0.52,210.0,2166.23,2128.02,1935.75,3213.7,True,True,True,True,0,0.0,
5371,Rev8,8,W186,AE-3200,CH-A,MID-05,Mid,0.52,270.0,2144.49,2085.78,2159.01,3343.8,True,True,True,True,0,0.0,
5372,Rev8,8,W186,AE-3200,CH-A,MID-06,Mid,0.52,330.0,2179.14,2095.4,2028.46,3169.8,True,True,True,True,1,3.49,esc_temp_drift
5373,Rev8,8,W186,AE-3200,CH-A,EDG-01,Edge,0.84,0.0,2152.89,2070.85,2066.1,3677.0,True,True,True,False,0,0.0,
5374,Rev8,8,W186,AE-3200,CH-A,EDG-02,Edge,0.84,32.7,2133.07,2092.51,1937.73,3513.6,True,True,True,False,2,6.82,pressure_spike
5375,Rev8,8,W186,AE-3200,CH-A,EDG-03,Edge,0.84,65.5,2180.35,2144.64,2080.47,3444.2,True,True,True,True,0,0.0,
5376,Rev8,8,W186,AE-3200,CH-A,EDG-04,Edge,0.84,98.2,2207.85,2112.55,2006.77,3222.7,True,True,True,True,0,0.0,
5377,Rev8,8,W186,AE-3200,CH-A,EDG-05,Edge,0.84,130.9,2203.96,2084.87,2092.2,3411.7,True,True,True,True,1,4.56,
5378,Rev8,8,W186,AE-3200,CH-A,EDG-06,Edge,0.84,163.6,2175.22,2090.97,2176.29,3220.8,True,True,False,True,0,0.0,
5379,Rev8,8,W186,AE-3200,CH-A,EDG-07,Edge,0.84,196.4,2195.01,2176.34,2034.16,3231.6,True,True,True,True,0,0.0,
5380,Rev8,8,W186,AE-3200,CH-A,EDG-08,Edge,0.84,229.1,2134.67,2094.15,2174.48,3114.7,True,True,False,True,2,6.83,pressure_spike
5381,Rev8,8,W186,AE-3200,CH-A,EDG-09,Edge,0.84,261.8,2175.18,2182.6,1972.27,3479.2,True,True,True,True,0,0.0,
5382,Rev8,8,W186,AE-3200,CH-A,EDG-10,Edge,0.84,294.5,2153.34,2064.29,2108.1,3246.3,True,True,True,True,0,0.0,
5383,Rev8,8,W186,AE-3200,CH-A,EDG-11,Edge,0.84,327.3,2175.82,2140.4,2186.86,3193.3,True,True,False,True,0,0.0,
5384,Rev8,8,W186,AE-3200,CH-A,EXT-01,Extreme Edge,0.96,16.4,2172.0,2137.06,2184.59,3193.4,True,True,False,True,1,5.23,pressure_spike
5385,Rev8,8,W186,AE-3200,CH-A,EXT-02,Extreme Edge,0.96,49.1,2223.9,2111.45,2035.92,3347.5,True,True,True,True,1,1.87,polymer_residue
5386,Rev8,8,W186,AE-3200,CH-A,EXT-03,Extreme Edge,0.96,81.8,2215.38,2150.81,2128.87,3367.1,True,True,True,True,1,3.9,
5387,Rev8,8,W186,AE-3200,CH-A,EXT-04,Extreme Edge,0.96,114.5,2181.61,2078.71,2129.72,3614.7,True,True,True,False,3,16.83,pressure_spike
5388,Rev8,8,W186,AE-3200,CH-A,EXT-05,Extreme Edge,0.96,147.3,2204.26,2137.53,2002.91,3239.6,True,True,True,True,2,4.7,esc_temp_drift
5389,Rev8,8,W186,AE-3200,CH-A,EXT-06,Extreme Edge,0.96,180.0,2195.73,2158.28,2130.59,3326.1,True,True,True,True,0,0.0,
5390,Rev8,8,W186,AE-3200,CH-A,EXT-07,Extreme Edge,0.96,212.7,2246.12,2128.08,2011.97,3210.4,False,True,True,True,0,0.0,
5391,Rev8,8,W186,AE-3200,CH-A,EXT-08,Extreme Edge,0.96,245.5,2202.64,2141.87,2039.87,3256.0,True,True,True,True,0,0.0,
5392,Rev8,8,W186,AE-3200,CH-A,EXT-09,Extreme Edge,0.96,278.2,2171.96,2133.37,2075.16,3249.6,True,True,True,True,0,0.0,
5393,Rev8,8,W186,AE-3200,CH-A,EXT-10,Extreme Edge,0.96,310.9,2237.38,2160.45,2129.05,3108.0,False,True,True,True,0,0.0,
5394,Rev8,8,W186,AE-3200,CH-A,EXT-11,Extreme Edge,0.96,343.6,2192.19,2122.96,2120.99,3341.8,True,True,True,True,0,0.0,
5395,Rev1,1,W187,AE-3200,CH-B,C1,Center,0.0,0.0,2200.04,2057.44,1967.78,3350.7,True,True,True,True,0,0.0,
5396,Rev1,1,W187,AE-3200,CH-B,MID-01,Mid,0.52,30.0,2220.5,2096.91,2087.72,3362.7,True,True,True,True,0,0.0,
5397,Rev1,1,W187,AE-3200,CH-B,MID-02,Mid,0.52,90.0,2241.83,2039.27,2064.81,3235.3,False,True,True,True,0,0.0,
5398,Rev1,1,W187,AE-3200,CH-B,MID-03,Mid,0.52,150.0,2199.71,2100.62,2086.37,3366.9,True,True,True,True,1,3.76,polymer_residue
5399,Rev1,1,W187,AE-3200,CH-B,MID-04,Mid,0.52,210.0,2161.2,2134.84,2091.57,3562.2,True,True,True,False,0,0.0,
5400,Rev1,1,W187,AE-3200,CH-B,MID-05,Mid,0.52,270.0,2219.21,2124.82,2140.89,3544.6,True,True,True,False,0,0.0,
5401,Rev1,1,W187,AE-3200,CH-B,MID-06,Mid,0.52,330.0,2163.01,2127.28,2024.86,3432.2,True,True,True,True,0,0.0,
5402,Rev1,1,W187,AE-3200,CH-B,EDG-01,Edge,0.84,0.0,2216.12,2137.64,2099.26,3453.9,True,True,True,True,0,0.0,
5403,Rev1,1,W187,AE-3200,CH-B,EDG-02,Edge,0.84,32.7,2308.6,2113.46,2122.86,3478.9,False,True,True,True,2,12.52,endpoint_late
5404,Rev1,1,W187,AE-3200,CH-B,EDG-03,Edge,0.84,65.5,2258.31,2093.72,2049.2,3364.9,False,True,True,True,0,0.0,
5405,Rev1,1,W187,AE-3200,CH-B,EDG-04,Edge,0.84,98.2,2202.53,2055.11,2021.51,3364.0,True,True,True,True,0,0.0,
5406,Rev1,1,W187,AE-3200,CH-B,EDG-05,Edge,0.84,130.9,2201.89,2166.35,2073.5,3466.1,True,True,True,True,0,0.0,
5407,Rev1,1,W187,AE-3200,CH-B,EDG-06,Edge,0.84,163.6,2259.35,2068.63,2113.6,3313.9,False,True,True,True,0,0.0,
5408,Rev1,1,W187,AE-3200,CH-B,EDG-07,Edge,0.84,196.4,2300.72,2103.83,2103.65,3417.7,False,True,True,True,0,0.0,
5409,Rev1,1,W187,AE-3200,CH-B,EDG-08,Edge,0.84,229.1,2222.96,2125.19,2052.04,3302.3,True,True,True,True,0,0.0,
5410,Rev1,1,W187,AE-3200,CH-B,EDG-09,Edge,0.84,261.8,2200.97,2072.75,2176.59,3400.3,True,True,False,True,1,5.09,pressure_spike
5411,Rev1,1,W187,AE-3200,CH-B,EDG-10,Edge,0.84,294.5,2239.02,2163.73,2094.16,3252.7,False,True,True,True,0,0.0,
5412,Rev1,1,W187,AE-3200,CH-B,EDG-11,Edge,0.84,327.3,2265.65,2156.62,2129.07,3487.9,False,True,True,True,2,6.87,
5413,Rev1,1,W187,AE-3200,CH-B,EXT-01,Extreme Edge,0.96,16.4,2251.69,2128.03,2092.83,3220.8,False,True,True,True,0,0.0,
5414,Rev1,1,W187,AE-3200,CH-B,EXT-02,Extreme Edge,0.96,49.1,2227.08,2129.43,2122.49,3299.0,False,True,True,True,1,2.06,
5415,Rev1,1,W187,AE-3200,CH-B,EXT-03,Extreme Edge,0.96,81.8,2197.2,2158.0,2186.66,3343.0,True,True,False,True,0,0.0,
5416,Rev1,1,W187,AE-3200,CH-B,EXT-04,Extreme Edge,0.96,114.5,2252.26,2131.66,2071.12,3210.6,False,True,True,True,0,0.0,
5417,Rev1,1,W187,AE-3200,CH-B,EXT-05,Extreme Edge,0.96,147.3,2224.79,2092.28,1964.63,3227.2,True,True,True,True,0,0.0,
5418,Rev1,1,W187,AE-3200,CH-B,EXT-06,Extreme Edge,0.96,180.0,2244.28,2164.06,2078.63,3337.4,False,True,True,True,0,0.0,
5419,Rev1,1,W187,AE-3200,CH-B,EXT-07,Extreme Edge,0.96,212.7,2263.1,2125.64,1965.9,3181.5,False,True,True,True,2,11.03,
5420,Rev1,1,W187,AE-3200,CH-B,EXT-08,Extreme Edge,0.96,245.5,2212.2,2168.37,2140.25,3521.3,True,True,True,False,2,12.78,
5421,Rev1,1,W187,AE-3200,CH-B,EXT-09,Extreme Edge,0.96,278.2,2275.52,2118.78,2081.69,3251.0,False,True,True,True,0,0.0,
5422,Rev1,1,W187,AE-3200,CH-B,EXT-10,Extreme Edge,0.96,310.9,2301.25,2174.01,2211.06,3546.5,False,True,False,False,0,0.0,
5423,Rev1,1,W187,AE-3200,CH-B,EXT-11,Extreme Edge,0.96,343.6,2248.68,2138.49,2027.66,3353.8,False,True,True,True,0,0.0,
5424,Rev8,8,W188,AE-3200,CH-A,C1,Center,0.0,0.0,2161.76,2092.97,1980.21,3264.6,True,True,True,True,0,0.0,
5425,Rev8,8,W188,AE-3200,CH-A,MID-01,Mid,0.52,30.0,2152.41,2168.46,2085.61,3203.1,True,True,True,True,0,0.0,
5426,Rev8,8,W188,AE-3200,CH-A,MID-02,Mid,0.52,90.0,2154.88,2103.62,2068.01,3189.4,True,True,True,True,0,0.0,
5427,Rev8,8,W188,AE-3200,CH-A,MID-03,Mid,0.52,150.0,2143.48,2163.32,2061.56,3363.7,True,True,True,True,0,0.0,
5428,Rev8,8,W188,AE-3200,CH-A,MID-04,Mid,0.52,210.0,2149.93,2131.11,2096.73,3311.9,True,True,True,True,0,0.0,
5429,Rev8,8,W188,AE-3200,CH-A,MID-05,Mid,0.52,270.0,2181.97,2124.84,1971.74,2955.4,True,True,True,False,0,0.0,
5430,Rev8,8,W188,AE-3200,CH-A,MID-06,Mid,0.52,330.0,2170.87,2122.71,2080.14,3181.8,True,True,True,True,0,0.0,
5431,Rev8,8,W188,AE-3200,CH-A,EDG-01,Edge,0.84,0.0,2182.17,2113.65,2131.0,3119.7,True,True,True,True,0,0.0,
5432,Rev8,8,W188,AE-3200,CH-A,EDG-02,Edge,0.84,32.7,2192.43,2121.45,2085.34,3139.0,True,True,True,True,0,0.0,
5433,Rev8,8,W188,AE-3200,CH-A,EDG-03,Edge,0.84,65.5,2128.52,2184.41,2196.33,3283.7,True,True,False,True,1,2.07,pressure_spike
5434,Rev8,8,W188,AE-3200,CH-A,EDG-04,Edge,0.84,98.2,2163.49,2169.46,2068.71,3392.0,True,True,True,True,0,0.0,
5435,Rev8,8,W188,AE-3200,CH-A,EDG-05,Edge,0.84,130.9,2209.7,2187.74,2128.57,3216.8,True,True,True,True,0,0.0,
5436,Rev8,8,W188,AE-3200,CH-A,EDG-06,Edge,0.84,163.6,2204.08,2158.02,2067.35,3145.0,True,True,True,True,0,0.0,
5437,Rev8,8,W188,AE-3200,CH-A,EDG-07,Edge,0.84,196.4,2206.36,2136.95,2240.57,3325.0,True,True,False,True,1,2.04,polymer_residue
5438,Rev8,8,W188,AE-3200,CH-A,EDG-08,Edge,0.84,229.1,2152.65,2105.5,2122.89,3282.2,True,True,True,True,0,0.0,
5439,Rev8,8,W188,AE-3200,CH-A,EDG-09,Edge,0.84,261.8,2168.33,2152.17,2101.9,3243.2,True,True,True,True,1,1.94,
5440,Rev8,8,W188,AE-3200,CH-A,EDG-10,Edge,0.84,294.5,2143.98,2084.86,2100.52,3246.3,True,True,True,True,0,0.0,
5441,Rev8,8,W188,AE-3200,CH-A,EDG-11,Edge,0.84,327.3,2135.11,2159.33,2070.24,3195.3,True,True,True,True,1,4.02,
5442,Rev8,8,W188,AE-3200,CH-A,EXT-01,Extreme Edge,0.96,16.4,2171.26,2087.25,2082.69,3080.0,True,True,True,True,1,2.62,
5443,Rev8,8,W188,AE-3200,CH-A,EXT-02,Extreme Edge,0.96,49.1,2227.39,2145.68,2111.16,3472.0,False,True,True,True,0,0.0,
5444,Rev8,8,W188,AE-3200,CH-A,EXT-03,Extreme Edge,0.96,81.8,2186.5,2166.08,2027.49,3545.4,True,True,True,False,1,2.91,
5445,Rev8,8,W188,AE-3200,CH-A,EXT-04,Extreme Edge,0.96,114.5,2157.2,2163.41,2025.97,3437.6,True,True,True,True,0,0.0,
5446,Rev8,8,W188,AE-3200,CH-A,EXT-05,Extreme Edge,0.96,147.3,2163.54,2109.03,2096.66,3103.0,True,True,True,True,0,0.0,
5447,Rev8,8,W188,AE-3200,CH-A,EXT-06,Extreme Edge,0.96,180.0,2181.36,2152.72,2101.27,3418.4,True,True,True,True,0,0.0,
5448,Rev8,8,W188,AE-3200,CH-A,EXT-07,Extreme Edge,0.96,212.7,2197.49,2145.48,2060.53,3169.9,True,True,True,True,2,6.53,esc_temp_drift
5449,Rev8,8,W188,AE-3200,CH-A,EXT-08,Extreme Edge,0.96,245.5,2220.15,2138.21,2077.24,3407.1,True,True,True,True,0,0.0,
5450,Rev8,8,W188,AE-3200,CH-A,EXT-09,Extreme Edge,0.96,278.2,2197.91,2147.79,2179.79,3189.9,True,True,False,True,0,0.0,
5451,Rev8,8,W188,AE-3200,CH-A,EXT-10,Extreme Edge,0.96,310.9,2194.09,2148.12,2105.66,3310.6,True,True,True,True,1,2.54,polymer_residue
5452,Rev8,8,W188,AE-3200,CH-A,EXT-11,Extreme Edge,0.96,343.6,2159.67,2128.77,2120.05,3358.2,True,True,True,True,2,4.71,
5453,Rev3,3,W189,PX-7500,CH-D,C1,Center,0.0,0.0,2150.33,2099.88,1987.75,3273.2,True,True,True,True,0,0.0,
5454,Rev3,3,W189,PX-7500,CH-D,MID-01,Mid,0.52,30.0,2151.76,2098.24,2098.74,3088.2,True,True,True,True,0,0.0,
5455,Rev3,3,W189,PX-7500,CH-D,MID-02,Mid,0.52,90.0,2151.25,2100.54,2144.23,3178.0,True,True,True,True,0,0.0,
5456,Rev3,3,W189,PX-7500,CH-D,MID-03,Mid,0.52,150.0,2121.24,2064.19,2045.23,3241.0,True,True,True,True,0,0.0,
5457,Rev3,3,W189,PX-7500,CH-D,MID-04,Mid,0.52,210.0,2159.89,2110.17,2107.74,3091.8,True,True,True,True,0,0.0,
5458,Rev3,3,W189,PX-7500,CH-D,MID-05,Mid,0.52,270.0,2186.4,2133.99,2053.14,3344.1,True,True,True,True,0,0.0,
5459,Rev3,3,W189,PX-7500,CH-D,MID-06,Mid,0.52,330.0,2188.78,2151.5,2109.07,3215.4,True,True,True,True,0,0.0,
5460,Rev3,3,W189,PX-7500,CH-D,EDG-01,Edge,0.84,0.0,2174.27,2122.52,2056.19,3327.9,True,True,True,True,0,0.0,
5461,Rev3,3,W189,PX-7500,CH-D,EDG-02,Edge,0.84,32.7,2165.62,2155.42,2007.04,3305.5,True,True,True,True,0,0.0,
5462,Rev3,3,W189,PX-7500,CH-D,EDG-03,Edge,0.84,65.5,2143.85,2119.57,2126.51,3059.0,True,True,True,True,1,3.65,
5463,Rev3,3,W189,PX-7500,CH-D,EDG-04,Edge,0.84,98.2,2188.32,2210.29,2061.8,3280.1,True,False,True,True,0,0.0,
5464,Rev3,3,W189,PX-7500,CH-D,EDG-05,Edge,0.84,130.9,2187.66,2151.65,2068.27,3348.5,True,True,True,True,0,0.0,
5465,Rev3,3,W189,PX-7500,CH-D,EDG-06,Edge,0.84,163.6,2171.43,2158.75,2099.66,3220.7,True,True,True,True,0,0.0,
5466,Rev3,3,W189,PX-7500,CH-D,EDG-07,Edge,0.84,196.4,2179.05,2140.86,2007.34,3294.6,True,True,True,True,0,0.0,
5467,Rev3,3,W189,PX-7500,CH-D,EDG-08,Edge,0.84,229.1,2167.57,2226.57,2115.01,3228.6,True,False,True,True,0,0.0,
5468,Rev3,3,W189,PX-7500,CH-D,EDG-09,Edge,0.84,261.8,2173.75,2115.58,2135.9,3262.9,True,True,True,True,0,0.0,
5469,Rev3,3,W189,PX-7500,CH-D,EDG-10,Edge,0.84,294.5,2185.31,2136.59,2004.78,3192.4,True,True,True,True,0,0.0,
5470,Rev3,3,W189,PX-7500,CH-D,EDG-11,Edge,0.84,327.3,2155.9,2176.84,2119.74,2960.2,True,True,True,False,3,9.3,
5471,Rev3,3,W189,PX-7500,CH-D,EXT-01,Extreme Edge,0.96,16.4,2157.52,2144.78,2175.78,3120.8,True,True,False,True,0,0.0,
5472,Rev3,3,W189,PX-7500,CH-D,EXT-02,Extreme Edge,0.96,49.1,2156.82,2162.59,2050.74,3230.4,True,True,True,True,1,1.98,
5473,Rev3,3,W189,PX-7500,CH-D,EXT-03,Extreme Edge,0.96,81.8,2147.69,2191.47,2174.73,2988.8,True,True,False,False,0,0.0,
5474,Rev3,3,W189,PX-7500,CH-D,EXT-04,Extreme Edge,0.96,114.5,2210.33,2159.77,2085.37,3044.8,True,True,True,True,0,0.0,
5475,Rev3,3,W189,PX-7500,CH-D,EXT-05,Extreme Edge,0.96,147.3,2208.92,2145.94,2100.65,3101.6,True,True,True,True,1,3.84,
5476,Rev3,3,W189,PX-7500,CH-D,EXT-06,Extreme Edge,0.96,180.0,2228.33,2154.41,2061.84,3522.7,False,True,True,False,1,6.4,
5477,Rev3,3,W189,PX-7500,CH-D,EXT-07,Extreme Edge,0.96,212.7,2220.3,2165.96,2165.49,3423.6,True,True,True,True,1,3.82,
5478,Rev3,3,W189,PX-7500,CH-D,EXT-08,Extreme Edge,0.96,245.5,2199.43,2172.66,2130.94,3399.8,True,True,True,True,1,3.57,
5479,Rev3,3,W189,PX-7500,CH-D,EXT-09,Extreme Edge,0.96,278.2,2230.14,2228.05,2005.35,3294.6,False,False,True,True,1,4.76,esc_temp_drift
5480,Rev3,3,W189,PX-7500,CH-D,EXT-10,Extreme Edge,0.96,310.9,2190.98,2118.04,2138.62,3276.6,True,True,True,True,1,5.23,
5481,Rev3,3,W189,PX-7500,CH-D,EXT-11,Extreme Edge,0.96,343.6,2198.62,2168.5,2087.77,3078.9,True,True,True,True,0,0.0,
5482,Rev10,10,W190,PX-7500,CH-C,C1,Center,0.0,0.0,2120.08,2149.66,2104.81,3449.5,True,True,True,True,0,0.0,
5483,Rev10,10,W190,PX-7500,CH-C,MID-01,Mid,0.52,30.0,2180.12,2111.69,2112.69,3499.1,True,True,True,True,0,0.0,
5484,Rev10,10,W190,PX-7500,CH-C,MID-02,Mid,0.52,90.0,2106.83,2145.81,2030.16,3393.6,True,True,True,True,0,0.0,
5485,Rev10,10,W190,PX-7500,CH-C,MID-03,Mid,0.52,150.0,2118.0,2134.23,2012.28,3520.6,True,True,True,False,0,0.0,
5486,Rev10,10,W190,PX-7500,CH-C,MID-04,Mid,0.52,210.0,2111.34,2192.12,2133.58,3330.2,True,True,True,True,0,0.0,
5487,Rev10,10,W190,PX-7500,CH-C,MID-05,Mid,0.52,270.0,2114.06,2148.9,1966.95,3073.7,True,True,True,True,1,5.86,
5488,Rev10,10,W190,PX-7500,CH-C,MID-06,Mid,0.52,330.0,2163.36,2146.34,2102.45,3404.0,True,True,True,True,0,0.0,
5489,Rev10,10,W190,PX-7500,CH-C,EDG-01,Edge,0.84,0.0,2117.06,2201.44,2022.86,3426.3,True,False,True,True,0,0.0,
5490,Rev10,10,W190,PX-7500,CH-C,EDG-02,Edge,0.84,32.7,2168.09,2201.48,2040.8,3284.1,True,False,True,True,2,9.4,pressure_spike
5491,Rev10,10,W190,PX-7500,CH-C,EDG-03,Edge,0.84,65.5,2209.43,2178.79,2037.55,3766.3,True,True,True,False,0,0.0,
5492,Rev10,10,W190,PX-7500,CH-C,EDG-04,Edge,0.84,98.2,2149.87,2173.51,1959.67,3377.6,True,True,True,True,0,0.0,
5493,Rev10,10,W190,PX-7500,CH-C,EDG-05,Edge,0.84,130.9,2131.31,2143.08,2048.51,3403.8,True,True,True,True,0,0.0,
5494,Rev10,10,W190,PX-7500,CH-C,EDG-06,Edge,0.84,163.6,2167.31,2178.89,2017.21,3417.0,True,True,True,True,1,4.16,polymer_residue
5495,Rev10,10,W190,PX-7500,CH-C,EDG-07,Edge,0.84,196.4,2201.19,2190.73,2062.96,3358.1,True,True,True,True,0,0.0,
5496,Rev10,10,W190,PX-7500,CH-C,EDG-08,Edge,0.84,229.1,2225.71,2123.31,2055.46,3455.2,False,True,True,True,0,0.0,
5497,Rev10,10,W190,PX-7500,CH-C,EDG-09,Edge,0.84,261.8,2197.66,2216.04,2080.61,3358.5,True,False,True,True,0,0.0,
5498,Rev10,10,W190,PX-7500,CH-C,EDG-10,Edge,0.84,294.5,2173.56,2186.93,1967.22,3369.9,True,True,True,True,0,0.0,
5499,Rev10,10,W190,PX-7500,CH-C,EDG-11,Edge,0.84,327.3,2143.11,2184.83,2061.61,3624.5,True,True,True,False,0,0.0,
5500,Rev10,10,W190,PX-7500,CH-C,EXT-01,Extreme Edge,0.96,16.4,2195.67,2213.74,2059.1,3632.7,True,False,True,False,2,11.65,
5501,Rev10,10,W190,PX-7500,CH-C,EXT-02,Extreme Edge,0.96,49.1,2227.74,2230.31,2015.62,3628.1,False,False,True,False,0,0.0,
5502,Rev10,10,W190,PX-7500,CH-C,EXT-03,Extreme Edge,0.96,81.8,2177.94,2204.58,2043.19,3651.2,True,False,True,False,0,0.0,
5503,Rev10,10,W190,PX-7500,CH-C,EXT-04,Extreme Edge,0.96,114.5,2216.87,2156.31,2159.27,3782.9,True,True,True,False,0,0.0,
5504,Rev10,10,W190,PX-7500,CH-C,EXT-05,Extreme Edge,0.96,147.3,2233.38,2201.68,2172.68,3392.9,False,False,False,True,1,3.63,endpoint_late
5505,Rev10,10,W190,PX-7500,CH-C,EXT-06,Extreme Edge,0.96,180.0,2174.81,2213.34,2030.09,3355.5,True,False,True,True,0,0.0,
5506,Rev10,10,W190,PX-7500,CH-C,EXT-07,Extreme Edge,0.96,212.7,2164.43,2131.01,2141.93,3394.6,True,True,True,True,0,0.0,
5507,Rev10,10,W190,PX-7500,CH-C,EXT-08,Extreme Edge,0.96,245.5,2175.4,2176.58,2007.75,3506.2,True,True,True,False,0,0.0,
5508,Rev10,10,W190,PX-7500,CH-C,EXT-09,Extreme Edge,0.96,278.2,2187.85,2199.93,2086.37,3570.5,True,False,True,False,1,4.98,
5509,Rev10,10,W190,PX-7500,CH-C,EXT-10,Extreme Edge,0.96,310.9,2223.95,2195.96,2047.15,3662.8,True,False,True,False,0,0.0,
5510,Rev10,10,W190,PX-7500,CH-C,EXT-11,Extreme Edge,0.96,343.6,2190.84,2160.24,2045.7,3783.0,True,True,True,False,1,4.97,
5511,Rev8,8,W191,AE-3200,CH-A,C1,Center,0.0,0.0,2167.91,2127.35,2002.52,3507.6,True,True,True,False,0,0.0,
5512,Rev8,8,W191,AE-3200,CH-A,MID-01,Mid,0.52,30.0,2137.82,2069.89,2019.89,3410.0,True,True,True,True,0,0.0,
5513,Rev8,8,W191,AE-3200,CH-A,MID-02,Mid,0.52,90.0,2161.0,2115.95,1961.54,3351.3,True,True,True,True,0,0.0,
5514,Rev8,8,W191,AE-3200,CH-A,MID-03,Mid,0.52,150.0,2163.88,2125.7,2099.73,3234.7,True,True,True,True,0,0.0,
5515,Rev8,8,W191,AE-3200,CH-A,MID-04,Mid,0.52,210.0,2180.61,2056.6,2107.06,3302.6,True,True,True,True,0,0.0,
5516,Rev8,8,W191,AE-3200,CH-A,MID-05,Mid,0.52,270.0,2168.63,2123.41,2063.71,3332.3,True,True,True,True,0,0.0,
5517,Rev8,8,W191,AE-3200,CH-A,MID-06,Mid,0.52,330.0,2188.35,2087.24,2047.24,3407.6,True,True,True,True,0,0.0,
5518,Rev8,8,W191,AE-3200,CH-A,EDG-01,Edge,0.84,0.0,2210.39,2110.38,2000.88,3351.7,True,True,True,True,0,0.0,
5519,Rev8,8,W191,AE-3200,CH-A,EDG-02,Edge,0.84,32.7,2160.67,2138.96,2148.92,3375.7,True,True,True,True,0,0.0,
5520,Rev8,8,W191,AE-3200,CH-A,EDG-03,Edge,0.84,65.5,2179.09,2159.86,2038.83,3284.4,True,True,True,True,0,0.0,
5521,Rev8,8,W191,AE-3200,CH-A,EDG-04,Edge,0.84,98.2,2218.06,2159.64,2198.87,3338.6,True,True,False,True,0,0.0,
5522,Rev8,8,W191,AE-3200,CH-A,EDG-05,Edge,0.84,130.9,2187.4,2156.43,2161.04,3469.7,True,True,True,True,0,0.0,
5523,Rev8,8,W191,AE-3200,CH-A,EDG-06,Edge,0.84,163.6,2155.82,2146.05,2011.22,3398.9,True,True,True,True,1,5.9,arc_event
5524,Rev8,8,W191,AE-3200,CH-A,EDG-07,Edge,0.84,196.4,2225.04,2117.93,2077.48,3506.4,False,True,True,False,1,3.36,polymer_residue
5525,Rev8,8,W191,AE-3200,CH-A,EDG-08,Edge,0.84,229.1,2159.63,2179.76,2162.3,3317.7,True,True,True,True,0,0.0,
5526,Rev8,8,W191,AE-3200,CH-A,EDG-09,Edge,0.84,261.8,2209.78,2162.34,2155.65,3455.9,True,True,True,True,0,0.0,
5527,Rev8,8,W191,AE-3200,CH-A,EDG-10,Edge,0.84,294.5,2197.37,2082.03,2182.82,3539.2,True,True,False,False,0,0.0,
5528,Rev8,8,W191,AE-3200,CH-A,EDG-11,Edge,0.84,327.3,2215.66,2163.65,2016.32,3362.0,True,True,True,True,2,10.02,
5529,Rev8,8,W191,AE-3200,CH-A,EXT-01,Extreme Edge,0.96,16.4,2208.82,2146.05,2100.9,3582.2,True,True,True,False,1,2.62,polymer_residue
5530,Rev8,8,W191,AE-3200,CH-A,EXT-02,Extreme Edge,0.96,49.1,2247.42,2157.26,2033.3,3248.1,False,True,True,True,1,5.76,pressure_spike
5531,Rev8,8,W191,AE-3200,CH-A,EXT-03,Extreme Edge,0.96,81.8,2186.49,2119.09,2020.27,3504.2,True,True,True,False,1,2.4,polymer_residue
5532,Rev8,8,W191,AE-3200,CH-A,EXT-04,Extreme Edge,0.96,114.5,2181.91,2172.47,2174.35,3493.0,True,True,False,True,0,0.0,
5533,Rev8,8,W191,AE-3200,CH-A,EXT-05,Extreme Edge,0.96,147.3,2180.71,2154.89,2073.02,3561.9,True,True,True,False,0,0.0,
5534,Rev8,8,W191,AE-3200,CH-A,EXT-06,Extreme Edge,0.96,180.0,2195.03,2149.12,2088.65,3364.5,True,True,True,True,0,0.0,
5535,Rev8,8,W191,AE-3200,CH-A,EXT-07,Extreme Edge,0.96,212.7,2214.84,2148.86,2161.73,3562.2,True,True,True,False,1,5.89,endpoint_late
5536,Rev8,8,W191,AE-3200,CH-A,EXT-08,Extreme Edge,0.96,245.5,2199.63,2112.73,2062.92,3402.1,True,True,True,True,0,0.0,
5537,Rev8,8,W191,AE-3200,CH-A,EXT-09,Extreme Edge,0.96,278.2,2235.67,2142.98,2165.22,3630.6,False,True,True,False,2,12.7,polymer_residue
5538,Rev8,8,W191,AE-3200,CH-A,EXT-10,Extreme Edge,0.96,310.9,2214.82,2128.71,2097.41,3336.1,True,True,True,True,1,4.01,
5539,Rev8,8,W191,AE-3200,CH-A,EXT-11,Extreme Edge,0.96,343.6,2188.78,2151.72,2105.67,3610.3,True,True,True,False,0,0.0,
5540,Rev7,7,W192,PX-7500,CH-D,C1,Center,0.0,0.0,2156.2,2081.72,2031.24,3163.9,True,True,True,True,0,0.0,
5541,Rev7,7,W192,PX-7500,CH-D,MID-01,Mid,0.52,30.0,2182.68,2030.72,2002.05,3234.9,True,True,True,True,0,0.0,
5542,Rev7,7,W192,PX-7500,CH-D,MID-02,Mid,0.52,90.0,2198.58,2016.54,2085.6,3228.6,True,True,True,True,0,0.0,
5543,Rev7,7,W192,PX-7500,CH-D,MID-03,Mid,0.52,150.0,2146.73,2076.56,2022.6,3198.1,True,True,True,True,0,0.0,
5544,Rev7,7,W192,PX-7500,CH-D,MID-04,Mid,0.52,210.0,2154.28,2082.75,1954.27,3367.0,True,True,True,True,0,0.0,
5545,Rev7,7,W192,PX-7500,CH-D,MID-05,Mid,0.52,270.0,2182.48,2041.51,1973.14,3213.3,True,True,True,True,0,0.0,
5546,Rev7,7,W192,PX-7500,CH-D,MID-06,Mid,0.52,330.0,2163.69,2048.14,1993.99,3206.8,True,True,True,True,0,0.0,
5547,Rev7,7,W192,PX-7500,CH-D,EDG-01,Edge,0.84,0.0,2256.12,2080.44,2093.47,3211.2,False,True,True,True,1,1.91,
5548,Rev7,7,W192,PX-7500,CH-D,EDG-02,Edge,0.84,32.7,2158.32,2040.65,2076.46,3432.3,True,True,True,True,2,9.43,
5549,Rev7,7,W192,PX-7500,CH-D,EDG-03,Edge,0.84,65.5,2186.82,2049.76,2064.37,3177.0,True,True,True,True,0,0.0,
5550,Rev7,7,W192,PX-7500,CH-D,EDG-04,Edge,0.84,98.2,2165.36,2100.93,2045.82,3376.9,True,True,True,True,0,0.0,
5551,Rev7,7,W192,PX-7500,CH-D,EDG-05,Edge,0.84,130.9,2188.73,2057.3,2057.74,3214.4,True,True,True,True,0,0.0,
5552,Rev7,7,W192,PX-7500,CH-D,EDG-06,Edge,0.84,163.6,2185.73,2117.27,2026.71,3215.4,True,True,True,True,0,0.0,
5553,Rev7,7,W192,PX-7500,CH-D,EDG-07,Edge,0.84,196.4,2181.84,2099.12,2058.0,3344.0,True,True,True,True,0,0.0,
5554,Rev7,7,W192,PX-7500,CH-D,EDG-08,Edge,0.84,229.1,2222.91,2138.27,2054.94,3357.9,True,True,True,True,2,8.13,polymer_residue
5555,Rev7,7,W192,PX-7500,CH-D,EDG-09,Edge,0.84,261.8,2224.3,2074.45,2131.21,3432.4,True,True,True,True,0,0.0,
5556,Rev7,7,W192,PX-7500,CH-D,EDG-10,Edge,0.84,294.5,2228.96,2094.97,2121.0,3318.6,False,True,True,True,0,0.0,
5557,Rev7,7,W192,PX-7500,CH-D,EDG-11,Edge,0.84,327.3,2203.82,2154.12,2068.44,3464.6,True,True,True,True,1,3.29,polymer_residue
5558,Rev7,7,W192,PX-7500,CH-D,EXT-01,Extreme Edge,0.96,16.4,2238.25,2107.23,1991.31,3424.7,False,True,True,True,0,0.0,
5559,Rev7,7,W192,PX-7500,CH-D,EXT-02,Extreme Edge,0.96,49.1,2175.77,2076.56,2028.62,3428.1,True,True,True,True,0,0.0,
5560,Rev7,7,W192,PX-7500,CH-D,EXT-03,Extreme Edge,0.96,81.8,2173.78,2086.84,2203.31,3413.0,True,True,False,True,0,0.0,
5561,Rev7,7,W192,PX-7500,CH-D,EXT-04,Extreme Edge,0.96,114.5,2229.02,2068.93,2037.99,3256.1,False,True,True,True,1,5.62,
5562,Rev7,7,W192,PX-7500,CH-D,EXT-05,Extreme Edge,0.96,147.3,2203.25,2103.62,2007.36,3176.6,True,True,True,True,0,0.0,
5563,Rev7,7,W192,PX-7500,CH-D,EXT-06,Extreme Edge,0.96,180.0,2214.66,2150.35,2152.91,3318.0,True,True,True,True,0,0.0,
5564,Rev7,7,W192,PX-7500,CH-D,EXT-07,Extreme Edge,0.96,212.7,2261.09,2127.99,2063.89,3293.7,False,True,True,True,0,0.0,
5565,Rev7,7,W192,PX-7500,CH-D,EXT-08,Extreme Edge,0.96,245.5,2172.93,2159.44,2070.2,3319.4,True,True,True,True,0,0.0,
5566,Rev7,7,W192,PX-7500,CH-D,EXT-09,Extreme Edge,0.96,278.2,2172.1,2082.93,2065.79,3484.2,True,True,True,True,0,0.0,
5567,Rev7,7,W192,PX-7500,CH-D,EXT-10,Extreme Edge,0.96,310.9,2148.36,2108.68,2119.59,3344.3,True,True,True,True,0,0.0,
5568,Rev7,7,W192,PX-7500,CH-D,EXT-11,Extreme Edge,0.96,343.6,2184.2,2095.17,2073.82,3735.9,True,True,True,False,0,0.0,
