Sample_No,Recipe_Version,Rev_No,Wafer_ID,Tool_ID,Chamber_ID,Site_ID,Zone,Radius_frac,Angle_deg,Top_CD_nm,Mid_CD_nm,Bottom_CD_nm,Depth_A,Top_CD_Pass,Mid_CD_Pass,Bottom_CD_Pass,Depth_Pass,Defect_Count,Defect_Severity,Anomaly_Event
1,Rev1,1,W001,AE-3200,CH-B,C1,Center,0.0,0.0,38.84,41.15,36.78,1630.3,True,True,True,True,0,0.0,
2,Rev1,1,W001,AE-3200,CH-B,MID-01,Mid,0.52,30.0,38.91,39.85,37.62,1631.9,True,True,True,True,0,0.0,
3,Rev1,1,W001,AE-3200,CH-B,MID-02,Mid,0.52,90.0,39.8,41.5,38.37,1704.9,True,True,True,True,0,0.0,
4,Rev1,1,W001,AE-3200,CH-B,MID-03,Mid,0.52,150.0,39.78,39.7,38.96,1687.8,True,True,True,True,0,0.0,
5,Rev1,1,W001,AE-3200,CH-B,MID-04,Mid,0.52,210.0,40.28,39.8,38.18,1707.0,True,True,True,True,0,0.0,
6,Rev1,1,W001,AE-3200,CH-B,MID-05,Mid,0.52,270.0,39.27,40.25,40.32,1620.2,True,True,True,True,0,0.0,
7,Rev1,1,W001,AE-3200,CH-B,MID-06,Mid,0.52,330.0,39.43,40.42,38.96,1612.7,True,True,True,True,1,4.85,
8,Rev1,1,W001,AE-3200,CH-B,EDG-01,Edge,0.84,0.0,40.7,41.03,36.74,1603.4,False,True,True,True,0,0.0,
9,Rev1,1,W001,AE-3200,CH-B,EDG-02,Edge,0.84,32.7,39.12,42.07,39.64,1615.3,True,False,True,True,1,4.85,
10,Rev1,1,W001,AE-3200,CH-B,EDG-03,Edge,0.84,65.5,41.39,40.58,38.77,1706.2,False,True,True,True,0,0.0,
11,Rev1,1,W001,AE-3200,CH-B,EDG-04,Edge,0.84,98.2,41.76,40.54,37.59,1732.1,False,True,True,True,1,3.72,esc_temp_drift
12,Rev1,1,W001,AE-3200,CH-B,EDG-05,Edge,0.84,130.9,40.67,40.63,38.45,1687.8,False,True,True,True,0,0.0,
13,Rev1,1,W001,AE-3200,CH-B,EDG-06,Edge,0.84,163.6,40.85,41.48,39.57,1664.2,False,True,True,True,0,0.0,
14,Rev1,1,W001,AE-3200,CH-B,EDG-07,Edge,0.84,196.4,40.07,42.13,38.65,1716.3,True,False,True,True,1,2.82,
15,Rev1,1,W001,AE-3200,CH-B,EDG-08,Edge,0.84,229.1,41.48,41.5,38.85,1745.5,False,True,True,True,0,0.0,
16,Rev1,1,W001,AE-3200,CH-B,EDG-09,Edge,0.84,261.8,41.17,42.35,38.46,1656.6,False,False,True,True,0,0.0,
17,Rev1,1,W001,AE-3200,CH-B,EDG-10,Edge,0.84,294.5,41.5,41.86,39.18,1732.3,False,True,True,True,0,0.0,
18,Rev1,1,W001,AE-3200,CH-B,EDG-11,Edge,0.84,327.3,41.1,41.77,38.48,1700.6,False,True,True,True,0,0.0,
19,Rev1,1,W001,AE-3200,CH-B,EXT-01,Extreme Edge,0.96,16.4,42.48,41.26,38.48,1663.8,False,True,True,True,1,2.53,
20,Rev1,1,W001,AE-3200,CH-B,EXT-02,Extreme Edge,0.96,49.1,41.93,41.49,35.69,1781.7,False,True,True,False,0,0.0,
21,Rev1,1,W001,AE-3200,CH-B,EXT-03,Extreme Edge,0.96,81.8,41.64,41.65,40.28,1718.6,False,True,True,True,2,5.81,esc_temp_drift
22,Rev1,1,W001,AE-3200,CH-B,EXT-04,Extreme Edge,0.96,114.5,41.47,41.15,36.52,1747.6,False,True,True,True,1,1.94,arc_event
23,Rev1,1,W001,AE-3200,CH-B,EXT-05,Extreme Edge,0.96,147.3,41.96,41.82,39.48,1723.5,False,True,True,True,2,9.24,
24,Rev1,1,W001,AE-3200,CH-B,EXT-06,Extreme Edge,0.96,180.0,41.25,41.49,38.85,1671.3,False,True,True,True,1,3.64,
25,Rev1,1,W001,AE-3200,CH-B,EXT-07,Extreme Edge,0.96,212.7,41.56,41.34,39.17,1722.6,False,True,True,True,0,0.0,
26,Rev1,1,W001,AE-3200,CH-B,EXT-08,Extreme Edge,0.96,245.5,41.83,41.04,38.6,1724.6,False,True,True,True,0,0.0,
27,Rev1,1,W001,AE-3200,CH-B,EXT-09,Extreme Edge,0.96,278.2,41.49,41.6,37.28,1723.2,False,True,True,True,0,0.0,
28,Rev1,1,W001,AE-3200,CH-B,EXT-10,Extreme Edge,0.96,310.9,41.15,42.5,39.44,1691.1,False,False,True,True,0,0.0,
29,Rev1,1,W001,AE-3200,CH-B,EXT-11,Extreme Edge,0.96,343.6,41.31,40.72,37.88,1661.6,False,True,True,True,0,0.0,
30,Rev5,5,W002,AE-3200,CH-B,C1,Center,0.0,0.0,38.24,39.4,36.64,1672.9,True,True,True,True,0,0.0,
31,Rev5,5,W002,AE-3200,CH-B,MID-01,Mid,0.52,30.0,39.07,40.46,37.25,1712.5,True,True,True,True,0,0.0,
32,Rev5,5,W002,AE-3200,CH-B,MID-02,Mid,0.52,90.0,40.07,39.0,34.8,1669.0,True,True,True,True,0,0.0,
33,Rev5,5,W002,AE-3200,CH-B,MID-03,Mid,0.52,150.0,39.24,39.93,36.97,1678.1,True,True,True,True,0,0.0,
34,Rev5,5,W002,AE-3200,CH-B,MID-04,Mid,0.52,210.0,39.7,41.09,39.95,1751.1,True,True,True,True,0,0.0,
35,Rev5,5,W002,AE-3200,CH-B,MID-05,Mid,0.52,270.0,38.72,40.89,35.79,1666.4,True,True,True,True,0,0.0,
36,Rev5,5,W002,AE-3200,CH-B,MID-06,Mid,0.52,330.0,39.53,41.45,36.0,1715.4,True,True,True,True,0,0.0,
37,Rev5,5,W002,AE-3200,CH-B,EDG-01,Edge,0.84,0.0,40.67,40.29,36.93,1663.1,False,True,True,True,0,0.0,
38,Rev5,5,W002,AE-3200,CH-B,EDG-02,Edge,0.84,32.7,40.56,41.18,39.53,1679.0,False,True,True,True,3,13.9,esc_temp_drift
39,Rev5,5,W002,AE-3200,CH-B,EDG-03,Edge,0.84,65.5,40.08,41.3,36.39,1729.5,True,True,True,True,0,0.0,
40,Rev5,5,W002,AE-3200,CH-B,EDG-04,Edge,0.84,98.2,39.89,41.42,38.51,1562.8,True,True,True,False,1,3.66,polymer_residue
41,Rev5,5,W002,AE-3200,CH-B,EDG-05,Edge,0.84,130.9,39.98,40.55,35.96,1667.4,True,True,True,True,0,0.0,
42,Rev5,5,W002,AE-3200,CH-B,EDG-06,Edge,0.84,163.6,39.15,42.08,36.32,1646.8,True,False,True,True,3,8.47,pressure_spike
43,Rev5,5,W002,AE-3200,CH-B,EDG-07,Edge,0.84,196.4,39.54,41.94,35.61,1675.9,True,True,True,True,1,6.06,pressure_spike
44,Rev5,5,W002,AE-3200,CH-B,EDG-08,Edge,0.84,229.1,40.16,41.3,35.57,1697.0,True,True,True,True,0,0.0,
45,Rev5,5,W002,AE-3200,CH-B,EDG-09,Edge,0.84,261.8,40.3,40.51,35.23,1664.6,True,True,True,True,0,0.0,
46,Rev5,5,W002,AE-3200,CH-B,EDG-10,Edge,0.84,294.5,40.27,42.08,38.55,1690.4,True,False,True,True,0,0.0,
47,Rev5,5,W002,AE-3200,CH-B,EDG-11,Edge,0.84,327.3,39.7,41.18,38.6,1629.3,True,True,True,True,0,0.0,
48,Rev5,5,W002,AE-3200,CH-B,EXT-01,Extreme Edge,0.96,16.4,40.6,40.09,38.11,1720.2,False,True,True,True,1,4.89,
49,Rev5,5,W002,AE-3200,CH-B,EXT-02,Extreme Edge,0.96,49.1,39.1,42.05,36.32,1671.5,True,False,True,True,1,2.25,polymer_residue
50,Rev5,5,W002,AE-3200,CH-B,EXT-03,Extreme Edge,0.96,81.8,40.75,42.27,39.03,1653.5,False,False,True,True,1,5.75,polymer_residue
51,Rev5,5,W002,AE-3200,CH-B,EXT-04,Extreme Edge,0.96,114.5,40.64,42.35,37.89,1749.4,False,False,True,True,0,0.0,
52,Rev5,5,W002,AE-3200,CH-B,EXT-05,Extreme Edge,0.96,147.3,40.01,43.01,41.0,1675.5,True,False,False,True,1,3.01,polymer_residue
53,Rev5,5,W002,AE-3200,CH-B,EXT-06,Extreme Edge,0.96,180.0,40.86,41.91,37.42,1767.3,False,True,True,False,0,0.0,
54,Rev5,5,W002,AE-3200,CH-B,EXT-07,Extreme Edge,0.96,212.7,40.06,40.32,39.93,1754.9,True,True,True,True,2,12.89,esc_temp_drift
55,Rev5,5,W002,AE-3200,CH-B,EXT-08,Extreme Edge,0.96,245.5,41.07,42.34,39.16,1703.4,False,False,True,True,1,1.83,pressure_spike
56,Rev5,5,W002,AE-3200,CH-B,EXT-09,Extreme Edge,0.96,278.2,40.84,41.68,37.31,1636.5,False,True,True,True,0,0.0,
57,Rev5,5,W002,AE-3200,CH-B,EXT-10,Extreme Edge,0.96,310.9,40.13,41.18,37.48,1781.9,True,True,True,False,0,0.0,
58,Rev5,5,W002,AE-3200,CH-B,EXT-11,Extreme Edge,0.96,343.6,39.77,41.21,36.56,1760.6,True,True,True,False,0,0.0,
59,Rev11,11,W003,PX-7500,CH-D,C1,Center,0.0,0.0,39.11,38.78,37.35,1695.6,True,True,True,True,1,5.23,pressure_spike
60,Rev11,11,W003,PX-7500,CH-D,MID-01,Mid,0.52,30.0,38.81,40.9,37.92,1714.6,True,True,True,True,0,0.0,
61,Rev11,11,W003,PX-7500,CH-D,MID-02,Mid,0.52,90.0,39.91,41.35,36.94,1678.4,True,True,True,True,1,2.29,endpoint_late
62,Rev11,11,W003,PX-7500,CH-D,MID-03,Mid,0.52,150.0,39.45,39.99,36.88,1679.2,True,True,True,True,0,0.0,
63,Rev11,11,W003,PX-7500,CH-D,MID-04,Mid,0.52,210.0,39.43,41.13,36.1,1777.1,True,True,True,False,1,2.45,
64,Rev11,11,W003,PX-7500,CH-D,MID-05,Mid,0.52,270.0,39.54,39.9,39.21,1782.0,True,True,True,False,0,0.0,
65,Rev11,11,W003,PX-7500,CH-D,MID-06,Mid,0.52,330.0,38.5,39.73,38.37,1743.6,True,True,True,True,0,0.0,
66,Rev11,11,W003,PX-7500,CH-D,EDG-01,Edge,0.84,0.0,41.87,40.61,36.06,1704.9,False,True,True,True,1,3.68,
67,Rev11,11,W003,PX-7500,CH-D,EDG-02,Edge,0.84,32.7,40.54,41.17,39.18,1826.3,False,True,True,False,1,1.87,
68,Rev11,11,W003,PX-7500,CH-D,EDG-03,Edge,0.84,65.5,40.73,40.55,36.74,1766.9,False,True,True,False,0,0.0,
69,Rev11,11,W003,PX-7500,CH-D,EDG-04,Edge,0.84,98.2,40.73,40.57,39.16,1702.7,False,True,True,True,0,0.0,
70,Rev11,11,W003,PX-7500,CH-D,EDG-05,Edge,0.84,130.9,41.37,41.23,38.17,1727.1,False,True,True,True,0,0.0,
71,Rev11,11,W003,PX-7500,CH-D,EDG-06,Edge,0.84,163.6,40.64,41.44,38.76,1766.7,False,True,True,False,1,3.41,
72,Rev11,11,W003,PX-7500,CH-D,EDG-07,Edge,0.84,196.4,39.02,40.55,37.76,1870.5,True,True,True,False,0,0.0,
73,Rev11,11,W003,PX-7500,CH-D,EDG-08,Edge,0.84,229.1,40.09,41.59,38.47,1804.5,True,True,True,False,0,0.0,
74,Rev11,11,W003,PX-7500,CH-D,EDG-09,Edge,0.84,261.8,40.61,40.81,37.07,1720.7,False,True,True,True,0,0.0,
75,Rev11,11,W003,PX-7500,CH-D,EDG-10,Edge,0.84,294.5,39.33,40.14,39.61,1801.8,True,True,True,False,1,3.24,
76,Rev11,11,W003,PX-7500,CH-D,EDG-11,Edge,0.84,327.3,40.75,40.67,36.64,1747.6,False,True,True,True,0,0.0,
77,Rev11,11,W003,PX-7500,CH-D,EXT-01,Extreme Edge,0.96,16.4,41.56,41.65,35.82,1831.3,False,True,True,False,0,0.0,
78,Rev11,11,W003,PX-7500,CH-D,EXT-02,Extreme Edge,0.96,49.1,40.51,41.27,39.13,1790.7,False,True,True,False,2,3.97,
79,Rev11,11,W003,PX-7500,CH-D,EXT-03,Extreme Edge,0.96,81.8,39.77,40.88,38.61,1715.4,True,True,True,True,1,5.93,
80,Rev11,11,W003,PX-7500,CH-D,EXT-04,Extreme Edge,0.96,114.5,41.55,41.41,40.2,1746.2,False,True,True,True,0,0.0,
81,Rev11,11,W003,PX-7500,CH-D,EXT-05,Extreme Edge,0.96,147.3,40.88,41.61,39.82,1821.8,False,True,True,False,2,10.08,
82,Rev11,11,W003,PX-7500,CH-D,EXT-06,Extreme Edge,0.96,180.0,40.38,38.93,38.86,1798.7,True,True,True,False,1,1.83,polymer_residue
83,Rev11,11,W003,PX-7500,CH-D,EXT-07,Extreme Edge,0.96,212.7,40.21,41.9,37.59,1799.6,True,True,True,False,0,0.0,
84,Rev11,11,W003,PX-7500,CH-D,EXT-08,Extreme Edge,0.96,245.5,40.95,41.25,39.36,1836.2,False,True,True,False,0,0.0,
85,Rev11,11,W003,PX-7500,CH-D,EXT-09,Extreme Edge,0.96,278.2,40.03,41.3,36.99,1731.4,True,True,True,True,0,0.0,
86,Rev11,11,W003,PX-7500,CH-D,EXT-10,Extreme Edge,0.96,310.9,40.2,40.26,36.89,1820.9,True,True,True,False,1,2.37,
87,Rev11,11,W003,PX-7500,CH-D,EXT-11,Extreme Edge,0.96,343.6,42.6,41.16,37.35,1784.4,False,True,True,False,1,2.46,polymer_residue
88,Rev6,6,W004,PX-7500,CH-C,C1,Center,0.0,0.0,35.89,38.96,35.91,1574.9,False,True,True,False,0,0.0,
89,Rev6,6,W004,PX-7500,CH-C,MID-01,Mid,0.52,30.0,38.62,39.22,36.75,1675.3,True,True,True,True,0,0.0,
90,Rev6,6,W004,PX-7500,CH-C,MID-02,Mid,0.52,90.0,37.05,40.18,33.53,1637.0,True,True,False,True,0,0.0,
91,Rev6,6,W004,PX-7500,CH-C,MID-03,Mid,0.52,150.0,37.0,40.23,31.66,1665.5,True,True,False,True,0,0.0,
92,Rev6,6,W004,PX-7500,CH-C,MID-04,Mid,0.52,210.0,37.37,39.11,34.78,1636.8,True,True,True,True,0,0.0,
93,Rev6,6,W004,PX-7500,CH-C,MID-05,Mid,0.52,270.0,37.38,39.2,32.48,1604.8,True,True,False,True,0,0.0,
94,Rev6,6,W004,PX-7500,CH-C,MID-06,Mid,0.52,330.0,37.11,40.22,36.89,1624.5,True,True,True,True,0,0.0,
95,Rev6,6,W004,PX-7500,CH-C,EDG-01,Edge,0.84,0.0,37.76,40.05,38.63,1707.0,True,True,True,True,0,0.0,
96,Rev6,6,W004,PX-7500,CH-C,EDG-02,Edge,0.84,32.7,39.37,41.19,36.53,1715.5,True,True,True,True,0,0.0,
97,Rev6,6,W004,PX-7500,CH-C,EDG-03,Edge,0.84,65.5,39.36,41.01,35.29,1724.8,True,True,True,True,1,5.42,polymer_residue
98,Rev6,6,W004,PX-7500,CH-C,EDG-04,Edge,0.84,98.2,37.7,39.8,35.43,1704.9,True,True,True,True,0,0.0,
99,Rev6,6,W004,PX-7500,CH-C,EDG-05,Edge,0.84,130.9,37.82,40.01,34.74,1666.3,True,True,True,True,0,0.0,
100,Rev6,6,W004,PX-7500,CH-C,EDG-06,Edge,0.84,163.6,38.39,39.31,36.51,1648.1,True,True,True,True,1,2.74,
101,Rev6,6,W004,PX-7500,CH-C,EDG-07,Edge,0.84,196.4,38.03,39.3,37.18,1583.4,True,True,True,True,1,5.74,
102,Rev6,6,W004,PX-7500,CH-C,EDG-08,Edge,0.84,229.1,38.93,40.01,37.53,1705.7,True,True,True,True,0,0.0,
103,Rev6,6,W004,PX-7500,CH-C,EDG-09,Edge,0.84,261.8,39.15,39.76,36.31,1727.0,True,True,True,True,1,4.55,
104,Rev6,6,W004,PX-7500,CH-C,EDG-10,Edge,0.84,294.5,38.93,38.67,32.76,1714.8,True,True,False,True,0,0.0,
105,Rev6,6,W004,PX-7500,CH-C,EDG-11,Edge,0.84,327.3,38.23,40.46,33.54,1696.6,True,True,False,True,1,2.3,polymer_residue
106,Rev6,6,W004,PX-7500,CH-C,EXT-01,Extreme Edge,0.96,16.4,38.57,40.54,33.78,1676.4,True,True,False,True,0,0.0,
107,Rev6,6,W004,PX-7500,CH-C,EXT-02,Extreme Edge,0.96,49.1,40.08,40.8,35.49,1726.8,True,True,True,True,0,0.0,
108,Rev6,6,W004,PX-7500,CH-C,EXT-03,Extreme Edge,0.96,81.8,38.04,42.64,37.45,1621.2,True,False,True,True,1,4.48,
109,Rev6,6,W004,PX-7500,CH-C,EXT-04,Extreme Edge,0.96,114.5,38.77,40.01,33.71,1737.6,True,True,False,True,0,0.0,
110,Rev6,6,W004,PX-7500,CH-C,EXT-05,Extreme Edge,0.96,147.3,39.22,40.14,35.66,1717.9,True,True,True,True,0,0.0,
111,Rev6,6,W004,PX-7500,CH-C,EXT-06,Extreme Edge,0.96,180.0,39.97,41.59,37.95,1787.2,True,True,True,False,0,0.0,
112,Rev6,6,W004,PX-7500,CH-C,EXT-07,Extreme Edge,0.96,212.7,38.83,39.27,37.6,1693.6,True,True,True,True,0,0.0,
113,Rev6,6,W004,PX-7500,CH-C,EXT-08,Extreme Edge,0.96,245.5,39.08,40.38,37.02,1650.4,True,True,True,True,1,4.46,endpoint_late
114,Rev6,6,W004,PX-7500,CH-C,EXT-09,Extreme Edge,0.96,278.2,38.96,40.48,36.26,1715.6,True,True,True,True,0,0.0,
115,Rev6,6,W004,PX-7500,CH-C,EXT-10,Extreme Edge,0.96,310.9,39.28,40.68,37.34,1742.8,True,True,True,True,2,8.18,
116,Rev6,6,W004,PX-7500,CH-C,EXT-11,Extreme Edge,0.96,343.6,40.14,40.96,35.21,1683.8,True,True,True,True,1,6.22,
117,Rev4,4,W005,AE-3200,CH-A,C1,Center,0.0,0.0,38.28,39.58,36.45,1636.7,True,True,True,True,0,0.0,
118,Rev4,4,W005,AE-3200,CH-A,MID-01,Mid,0.52,30.0,40.45,41.26,37.32,1653.2,False,True,True,True,1,4.08,pressure_spike
119,Rev4,4,W005,AE-3200,CH-A,MID-02,Mid,0.52,90.0,39.44,39.13,36.42,1750.2,True,True,True,True,0,0.0,
120,Rev4,4,W005,AE-3200,CH-A,MID-03,Mid,0.52,150.0,39.01,40.58,37.16,1669.0,True,True,True,True,0,0.0,
121,Rev4,4,W005,AE-3200,CH-A,MID-04,Mid,0.52,210.0,40.2,41.12,37.82,1720.3,True,True,True,True,1,4.33,
122,Rev4,4,W005,AE-3200,CH-A,MID-05,Mid,0.52,270.0,39.42,39.7,36.25,1607.5,True,True,True,True,0,0.0,
123,Rev4,4,W005,AE-3200,CH-A,MID-06,Mid,0.52,330.0,39.55,40.82,38.94,1623.6,True,True,True,True,0,0.0,
124,Rev4,4,W005,AE-3200,CH-A,EDG-01,Edge,0.84,0.0,41.51,40.09,38.58,1613.1,False,True,True,True,0,0.0,
125,Rev4,4,W005,AE-3200,CH-A,EDG-02,Edge,0.84,32.7,40.09,39.51,36.63,1651.3,True,True,True,True,1,6.46,polymer_residue
126,Rev4,4,W005,AE-3200,CH-A,EDG-03,Edge,0.84,65.5,39.73,41.57,40.42,1661.9,True,True,False,True,0,0.0,
127,Rev4,4,W005,AE-3200,CH-A,EDG-04,Edge,0.84,98.2,41.05,41.66,36.44,1652.8,False,True,True,True,0,0.0,
128,Rev4,4,W005,AE-3200,CH-A,EDG-05,Edge,0.84,130.9,40.81,40.79,40.89,1679.9,False,True,False,True,0,0.0,
129,Rev4,4,W005,AE-3200,CH-A,EDG-06,Edge,0.84,163.6,41.46,40.47,39.77,1634.7,False,True,True,True,1,2.1,pressure_spike
130,Rev4,4,W005,AE-3200,CH-A,EDG-07,Edge,0.84,196.4,40.45,41.48,37.3,1672.9,False,True,True,True,0,0.0,
131,Rev4,4,W005,AE-3200,CH-A,EDG-08,Edge,0.84,229.1,41.7,43.18,40.33,1731.2,False,False,True,True,0,0.0,
132,Rev4,4,W005,AE-3200,CH-A,EDG-09,Edge,0.84,261.8,40.27,41.92,36.73,1578.8,True,True,True,False,0,0.0,
133,Rev4,4,W005,AE-3200,CH-A,EDG-10,Edge,0.84,294.5,40.14,42.19,37.46,1666.8,True,False,True,True,3,9.42,polymer_residue
134,Rev4,4,W005,AE-3200,CH-A,EDG-11,Edge,0.84,327.3,39.67,41.01,39.28,1736.8,True,True,True,True,0,0.0,
135,Rev4,4,W005,AE-3200,CH-A,EXT-01,Extreme Edge,0.96,16.4,41.35,42.5,37.73,1758.4,False,False,True,True,1,3.93,endpoint_late
136,Rev4,4,W005,AE-3200,CH-A,EXT-02,Extreme Edge,0.96,49.1,41.09,40.51,35.55,1697.1,False,True,True,True,1,1.92,
137,Rev4,4,W005,AE-3200,CH-A,EXT-03,Extreme Edge,0.96,81.8,42.48,41.49,39.04,1686.9,False,True,True,True,1,3.82,polymer_residue
138,Rev4,4,W005,AE-3200,CH-A,EXT-04,Extreme Edge,0.96,114.5,40.42,42.32,37.06,1735.0,False,False,True,True,1,4.72,esc_temp_drift
139,Rev4,4,W005,AE-3200,CH-A,EXT-05,Extreme Edge,0.96,147.3,40.68,41.79,37.7,1733.4,False,True,True,True,0,0.0,
140,Rev4,4,W005,AE-3200,CH-A,EXT-06,Extreme Edge,0.96,180.0,41.34,41.89,37.11,1701.4,False,True,True,True,3,9.51,polymer_residue
141,Rev4,4,W005,AE-3200,CH-A,EXT-07,Extreme Edge,0.96,212.7,42.18,42.15,37.62,1614.1,False,False,True,True,0,0.0,
142,Rev4,4,W005,AE-3200,CH-A,EXT-08,Extreme Edge,0.96,245.5,41.74,42.08,40.78,1732.4,False,False,False,True,1,3.9,
143,Rev4,4,W005,AE-3200,CH-A,EXT-09,Extreme Edge,0.96,278.2,41.0,41.25,40.87,1787.5,False,True,False,False,0,0.0,
144,Rev4,4,W005,AE-3200,CH-A,EXT-10,Extreme Edge,0.96,310.9,41.82,42.31,38.93,1705.6,False,False,True,True,1,3.81,polymer_residue
145,Rev4,4,W005,AE-3200,CH-A,EXT-11,Extreme Edge,0.96,343.6,41.03,42.49,35.79,1768.6,False,False,True,False,1,4.53,polymer_residue
146,Rev3,3,W006,PX-7500,CH-D,C1,Center,0.0,0.0,38.6,40.78,39.32,1595.1,True,True,True,True,0,0.0,
147,Rev3,3,W006,PX-7500,CH-D,MID-01,Mid,0.52,30.0,40.18,39.29,37.57,1597.6,True,True,True,True,0,0.0,
148,Rev3,3,W006,PX-7500,CH-D,MID-02,Mid,0.52,90.0,39.19,41.23,38.48,1680.3,True,True,True,True,0,0.0,
149,Rev3,3,W006,PX-7500,CH-D,MID-03,Mid,0.52,150.0,37.82,41.12,34.95,1628.2,True,True,True,True,0,0.0,
150,Rev3,3,W006,PX-7500,CH-D,MID-04,Mid,0.52,210.0,39.78,42.09,37.89,1594.0,True,False,True,True,0,0.0,
151,Rev3,3,W006,PX-7500,CH-D,MID-05,Mid,0.52,270.0,39.32,42.26,33.94,1600.7,True,False,False,True,1,2.92,
152,Rev3,3,W006,PX-7500,CH-D,MID-06,Mid,0.52,330.0,40.29,41.37,34.46,1615.2,True,True,True,True,0,0.0,
153,Rev3,3,W006,PX-7500,CH-D,EDG-01,Edge,0.84,0.0,40.08,42.28,36.11,1609.9,True,False,True,True,1,5.03,
154,Rev3,3,W006,PX-7500,CH-D,EDG-02,Edge,0.84,32.7,40.56,42.95,37.75,1673.3,False,False,True,True,0,0.0,
155,Rev3,3,W006,PX-7500,CH-D,EDG-03,Edge,0.84,65.5,40.61,43.98,35.09,1507.9,False,False,True,False,0,0.0,
156,Rev3,3,W006,PX-7500,CH-D,EDG-04,Edge,0.84,98.2,40.46,41.89,36.88,1585.6,False,True,True,True,1,4.67,polymer_residue
157,Rev3,3,W006,PX-7500,CH-D,EDG-05,Edge,0.84,130.9,40.06,42.15,36.8,1728.0,True,False,True,True,2,6.68,polymer_residue
158,Rev3,3,W006,PX-7500,CH-D,EDG-06,Edge,0.84,163.6,40.75,42.25,35.65,1594.3,False,False,True,True,0,0.0,
159,Rev3,3,W006,PX-7500,CH-D,EDG-07,Edge,0.84,196.4,40.16,42.6,39.75,1612.4,True,False,True,True,0,0.0,
160,Rev3,3,W006,PX-7500,CH-D,EDG-08,Edge,0.84,229.1,40.93,41.9,38.32,1652.3,False,True,True,True,0,0.0,
161,Rev3,3,W006,PX-7500,CH-D,EDG-09,Edge,0.84,261.8,41.55,42.31,35.18,1541.2,False,False,True,False,0,0.0,
162,Rev3,3,W006,PX-7500,CH-D,EDG-10,Edge,0.84,294.5,39.89,41.27,37.27,1592.5,True,True,True,True,0,0.0,
163,Rev3,3,W006,PX-7500,CH-D,EDG-11,Edge,0.84,327.3,41.3,41.33,37.67,1626.4,False,True,True,True,0,0.0,
164,Rev3,3,W006,PX-7500,CH-D,EXT-01,Extreme Edge,0.96,16.4,41.26,42.63,37.93,1649.9,False,False,True,True,0,0.0,
165,Rev3,3,W006,PX-7500,CH-D,EXT-02,Extreme Edge,0.96,49.1,40.86,42.77,38.93,1590.2,False,False,True,True,0,0.0,
166,Rev3,3,W006,PX-7500,CH-D,EXT-03,Extreme Edge,0.96,81.8,39.31,41.48,40.59,1714.8,True,True,False,True,0,0.0,
167,Rev3,3,W006,PX-7500,CH-D,EXT-04,Extreme Edge,0.96,114.5,41.39,42.56,37.53,1681.8,False,False,True,True,1,5.93,
168,Rev3,3,W006,PX-7500,CH-D,EXT-05,Extreme Edge,0.96,147.3,41.2,42.99,34.87,1638.1,False,False,True,True,1,3.51,
169,Rev3,3,W006,PX-7500,CH-D,EXT-06,Extreme Edge,0.96,180.0,39.65,43.57,37.38,1678.3,True,False,True,True,0,0.0,
170,Rev3,3,W006,PX-7500,CH-D,EXT-07,Extreme Edge,0.96,212.7,41.7,43.72,38.89,1671.7,False,False,True,True,0,0.0,
171,Rev3,3,W006,PX-7500,CH-D,EXT-08,Extreme Edge,0.96,245.5,41.08,43.25,36.0,1656.5,False,False,True,True,1,4.88,
172,Rev3,3,W006,PX-7500,CH-D,EXT-09,Extreme Edge,0.96,278.2,40.85,41.92,35.73,1673.1,False,True,True,True,1,6.17,polymer_residue
173,Rev3,3,W006,PX-7500,CH-D,EXT-10,Extreme Edge,0.96,310.9,41.14,42.79,35.15,1695.6,False,False,True,True,1,2.17,arc_event
174,Rev3,3,W006,PX-7500,CH-D,EXT-11,Extreme Edge,0.96,343.6,40.78,41.77,36.39,1606.2,False,True,True,True,2,8.86,
175,Rev10,10,W007,PX-7500,CH-C,C1,Center,0.0,0.0,37.9,37.67,37.03,1666.8,True,False,True,True,0,0.0,
176,Rev10,10,W007,PX-7500,CH-C,MID-01,Mid,0.52,30.0,36.94,40.26,36.1,1633.9,True,True,True,True,0,0.0,
177,Rev10,10,W007,PX-7500,CH-C,MID-02,Mid,0.52,90.0,38.43,38.76,37.13,1730.8,True,True,True,True,0,0.0,
178,Rev10,10,W007,PX-7500,CH-C,MID-03,Mid,0.52,150.0,39.0,40.43,37.1,1783.1,True,True,True,False,0,0.0,
179,Rev10,10,W007,PX-7500,CH-C,MID-04,Mid,0.52,210.0,38.83,39.14,36.46,1802.4,True,True,True,False,1,4.31,esc_temp_drift
180,Rev10,10,W007,PX-7500,CH-C,MID-05,Mid,0.52,270.0,38.56,39.11,36.86,1735.0,True,True,True,True,0,0.0,
181,Rev10,10,W007,PX-7500,CH-C,MID-06,Mid,0.52,330.0,38.74,38.95,37.7,1740.5,True,True,True,True,1,3.17,pressure_spike
182,Rev10,10,W007,PX-7500,CH-C,EDG-01,Edge,0.84,0.0,40.11,41.12,35.93,1818.7,True,True,True,False,1,3.2,esc_temp_drift
183,Rev10,10,W007,PX-7500,CH-C,EDG-02,Edge,0.84,32.7,39.86,40.05,36.66,1793.3,True,True,True,False,0,0.0,
184,Rev10,10,W007,PX-7500,CH-C,EDG-03,Edge,0.84,65.5,40.6,41.56,37.02,1774.4,False,True,True,False,0,0.0,
185,Rev10,10,W007,PX-7500,CH-C,EDG-04,Edge,0.84,98.2,39.96,41.45,37.65,1731.7,True,True,True,True,1,3.43,
186,Rev10,10,W007,PX-7500,CH-C,EDG-05,Edge,0.84,130.9,40.07,40.57,37.06,1699.5,True,True,True,True,0,0.0,
187,Rev10,10,W007,PX-7500,CH-C,EDG-06,Edge,0.84,163.6,38.79,41.21,37.79,1753.0,True,True,True,True,0,0.0,
188,Rev10,10,W007,PX-7500,CH-C,EDG-07,Edge,0.84,196.4,40.78,41.41,38.52,1703.3,False,True,True,True,0,0.0,
189,Rev10,10,W007,PX-7500,CH-C,EDG-08,Edge,0.84,229.1,39.78,40.24,36.73,1757.2,True,True,True,True,1,1.9,
190,Rev10,10,W007,PX-7500,CH-C,EDG-09,Edge,0.84,261.8,39.79,39.69,35.21,1829.1,True,True,True,False,0,0.0,
191,Rev10,10,W007,PX-7500,CH-C,EDG-10,Edge,0.84,294.5,40.78,39.54,38.89,1757.9,False,True,True,True,2,7.17,
192,Rev10,10,W007,PX-7500,CH-C,EDG-11,Edge,0.84,327.3,39.46,40.58,38.31,1801.3,True,True,True,False,0,0.0,
193,Rev10,10,W007,PX-7500,CH-C,EXT-01,Extreme Edge,0.96,16.4,40.77,39.39,36.08,1814.5,False,True,True,False,0,0.0,
194,Rev10,10,W007,PX-7500,CH-C,EXT-02,Extreme Edge,0.96,49.1,39.62,40.86,37.02,1791.6,True,True,True,False,1,2.45,esc_temp_drift
195,Rev10,10,W007,PX-7500,CH-C,EXT-03,Extreme Edge,0.96,81.8,40.55,40.43,38.42,1705.8,False,True,True,True,0,0.0,
196,Rev10,10,W007,PX-7500,CH-C,EXT-04,Extreme Edge,0.96,114.5,39.98,42.21,36.33,1721.8,True,False,True,True,1,4.9,
197,Rev10,10,W007,PX-7500,CH-C,EXT-05,Extreme Edge,0.96,147.3,39.88,40.75,37.19,1778.6,True,True,True,False,1,4.32,
198,Rev10,10,W007,PX-7500,CH-C,EXT-06,Extreme Edge,0.96,180.0,39.27,41.64,36.01,1759.8,True,True,True,True,0,0.0,
199,Rev10,10,W007,PX-7500,CH-C,EXT-07,Extreme Edge,0.96,212.7,39.29,40.55,35.94,1795.9,True,True,True,False,1,5.05,pressure_spike
200,Rev10,10,W007,PX-7500,CH-C,EXT-08,Extreme Edge,0.96,245.5,39.77,39.91,37.01,1749.1,True,True,True,True,0,0.0,
201,Rev10,10,W007,PX-7500,CH-C,EXT-09,Extreme Edge,0.96,278.2,39.41,41.01,34.94,1797.1,True,True,True,False,0,0.0,
202,Rev10,10,W007,PX-7500,CH-C,EXT-10,Extreme Edge,0.96,310.9,39.35,40.73,36.55,1848.4,True,True,True,False,2,8.7,polymer_residue
203,Rev10,10,W007,PX-7500,CH-C,EXT-11,Extreme Edge,0.96,343.6,40.21,41.33,35.38,1747.5,True,True,True,True,3,14.46,
204,Rev4,4,W008,AE-3200,CH-A,C1,Center,0.0,0.0,39.63,40.25,37.1,1620.6,True,True,True,True,0,0.0,
205,Rev4,4,W008,AE-3200,CH-A,MID-01,Mid,0.52,30.0,40.27,39.6,37.14,1551.7,True,True,True,False,0,0.0,
206,Rev4,4,W008,AE-3200,CH-A,MID-02,Mid,0.52,90.0,39.98,41.52,34.71,1619.3,True,True,True,True,0,0.0,
207,Rev4,4,W008,AE-3200,CH-A,MID-03,Mid,0.52,150.0,40.15,41.1,36.96,1612.9,True,True,True,True,0,0.0,
208,Rev4,4,W008,AE-3200,CH-A,MID-04,Mid,0.52,210.0,38.99,40.38,35.37,1666.8,True,True,True,True,1,5.02,
209,Rev4,4,W008,AE-3200,CH-A,MID-05,Mid,0.52,270.0,39.84,40.8,36.02,1681.2,True,True,True,True,1,2.76,
210,Rev4,4,W008,AE-3200,CH-A,MID-06,Mid,0.52,330.0,40.58,39.04,37.4,1690.8,False,True,True,True,0,0.0,
211,Rev4,4,W008,AE-3200,CH-A,EDG-01,Edge,0.84,0.0,40.86,42.05,38.72,1605.1,False,False,True,True,2,7.24,
212,Rev4,4,W008,AE-3200,CH-A,EDG-02,Edge,0.84,32.7,40.4,41.22,39.38,1654.9,True,True,True,True,0,0.0,
213,Rev4,4,W008,AE-3200,CH-A,EDG-03,Edge,0.84,65.5,41.33,40.76,38.72,1651.8,False,True,True,True,0,0.0,
214,Rev4,4,W008,AE-3200,CH-A,EDG-04,Edge,0.84,98.2,42.56,41.0,39.78,1676.0,False,True,True,True,0,0.0,
215,Rev4,4,W008,AE-3200,CH-A,EDG-05,Edge,0.84,130.9,40.17,40.74,37.99,1643.3,True,True,True,True,0,0.0,
216,Rev4,4,W008,AE-3200,CH-A,EDG-06,Edge,0.84,163.6,41.36,41.58,37.33,1656.2,False,True,True,True,1,5.18,polymer_residue
217,Rev4,4,W008,AE-3200,CH-A,EDG-07,Edge,0.84,196.4,41.87,40.63,36.32,1658.6,False,True,True,True,2,5.54,
218,Rev4,4,W008,AE-3200,CH-A,EDG-08,Edge,0.84,229.1,41.08,41.72,39.43,1641.9,False,True,True,True,0,0.0,
219,Rev4,4,W008,AE-3200,CH-A,EDG-09,Edge,0.84,261.8,42.49,40.81,37.68,1603.0,False,True,True,True,1,3.96,polymer_residue
220,Rev4,4,W008,AE-3200,CH-A,EDG-10,Edge,0.84,294.5,40.93,40.77,37.1,1628.6,False,True,True,True,0,0.0,
221,Rev4,4,W008,AE-3200,CH-A,EDG-11,Edge,0.84,327.3,39.63,41.15,37.79,1693.1,True,True,True,True,0,0.0,
222,Rev4,4,W008,AE-3200,CH-A,EXT-01,Extreme Edge,0.96,16.4,42.35,43.0,37.93,1702.9,False,False,True,True,2,11.4,
223,Rev4,4,W008,AE-3200,CH-A,EXT-02,Extreme Edge,0.96,49.1,40.73,41.05,35.94,1708.6,False,True,True,True,0,0.0,
224,Rev4,4,W008,AE-3200,CH-A,EXT-03,Extreme Edge,0.96,81.8,42.24,41.12,37.61,1692.2,False,True,True,True,0,0.0,
225,Rev4,4,W008,AE-3200,CH-A,EXT-04,Extreme Edge,0.96,114.5,41.14,42.09,35.93,1677.3,False,False,True,True,1,5.63,
226,Rev4,4,W008,AE-3200,CH-A,EXT-05,Extreme Edge,0.96,147.3,41.44,41.89,37.35,1683.3,False,True,True,True,0,0.0,
227,Rev4,4,W008,AE-3200,CH-A,EXT-06,Extreme Edge,0.96,180.0,41.84,40.44,38.0,1695.0,False,True,True,True,0,0.0,
228,Rev4,4,W008,AE-3200,CH-A,EXT-07,Extreme Edge,0.96,212.7,41.72,41.34,40.1,1716.1,False,True,True,True,1,2.73,
229,Rev4,4,W008,AE-3200,CH-A,EXT-08,Extreme Edge,0.96,245.5,41.76,42.65,40.11,1805.5,False,False,True,False,0,0.0,
230,Rev4,4,W008,AE-3200,CH-A,EXT-09,Extreme Edge,0.96,278.2,41.84,42.85,39.44,1647.8,False,False,True,True,0,0.0,
231,Rev4,4,W008,AE-3200,CH-A,EXT-10,Extreme Edge,0.96,310.9,41.62,41.09,38.4,1618.1,False,True,True,True,1,2.37,polymer_residue
232,Rev4,4,W008,AE-3200,CH-A,EXT-11,Extreme Edge,0.96,343.6,41.22,40.46,37.32,1674.5,False,True,True,True,1,5.03,polymer_residue
233,Rev11,11,W009,PX-7500,CH-D,C1,Center,0.0,0.0,37.83,39.31,38.3,1679.1,True,True,True,True,0,0.0,
234,Rev11,11,W009,PX-7500,CH-D,MID-01,Mid,0.52,30.0,37.98,38.71,36.14,1632.2,True,True,True,True,0,0.0,
235,Rev11,11,W009,PX-7500,CH-D,MID-02,Mid,0.52,90.0,37.81,40.23,37.35,1672.4,True,True,True,True,0,0.0,
236,Rev11,11,W009,PX-7500,CH-D,MID-03,Mid,0.52,150.0,38.07,39.2,39.13,1736.0,True,True,True,True,0,0.0,
237,Rev11,11,W009,PX-7500,CH-D,MID-04,Mid,0.52,210.0,38.3,40.26,38.5,1741.4,True,True,True,True,0,0.0,
238,Rev11,11,W009,PX-7500,CH-D,MID-05,Mid,0.52,270.0,38.49,40.57,39.32,1644.5,True,True,True,True,0,0.0,
239,Rev11,11,W009,PX-7500,CH-D,MID-06,Mid,0.52,330.0,39.08,39.56,36.73,1688.5,True,True,True,True,0,0.0,
240,Rev11,11,W009,PX-7500,CH-D,EDG-01,Edge,0.84,0.0,39.65,39.68,38.34,1698.7,True,True,True,True,0,0.0,
241,Rev11,11,W009,PX-7500,CH-D,EDG-02,Edge,0.84,32.7,39.36,40.0,40.37,1720.5,True,True,True,True,0,0.0,
242,Rev11,11,W009,PX-7500,CH-D,EDG-03,Edge,0.84,65.5,40.16,39.99,37.95,1727.5,True,True,True,True,1,6.38,polymer_residue
243,Rev11,11,W009,PX-7500,CH-D,EDG-04,Edge,0.84,98.2,40.45,40.0,38.92,1747.8,False,True,True,True,0,0.0,
244,Rev11,11,W009,PX-7500,CH-D,EDG-05,Edge,0.84,130.9,39.69,39.91,37.91,1759.9,True,True,True,True,0,0.0,
245,Rev11,11,W009,PX-7500,CH-D,EDG-06,Edge,0.84,163.6,38.77,41.6,39.53,1730.9,True,True,True,True,1,3.05,
246,Rev11,11,W009,PX-7500,CH-D,EDG-07,Edge,0.84,196.4,39.88,39.68,39.84,1631.8,True,True,True,True,0,0.0,
247,Rev11,11,W009,PX-7500,CH-D,EDG-08,Edge,0.84,229.1,40.23,40.8,38.23,1702.4,True,True,True,True,1,2.63,
248,Rev11,11,W009,PX-7500,CH-D,EDG-09,Edge,0.84,261.8,39.9,39.73,37.46,1689.3,True,True,True,True,1,4.57,esc_temp_drift
249,Rev11,11,W009,PX-7500,CH-D,EDG-10,Edge,0.84,294.5,40.65,40.54,38.2,1727.1,False,True,True,True,1,2.19,pressure_spike
250,Rev11,11,W009,PX-7500,CH-D,EDG-11,Edge,0.84,327.3,40.05,39.79,40.91,1780.2,True,True,False,False,1,4.26,polymer_residue
251,Rev11,11,W009,PX-7500,CH-D,EXT-01,Extreme Edge,0.96,16.4,40.58,40.68,38.75,1748.7,False,True,True,True,1,5.96,polymer_residue
252,Rev11,11,W009,PX-7500,CH-D,EXT-02,Extreme Edge,0.96,49.1,40.47,40.9,40.33,1620.2,False,True,True,True,0,0.0,
253,Rev11,11,W009,PX-7500,CH-D,EXT-03,Extreme Edge,0.96,81.8,40.19,40.57,38.31,1719.0,True,True,True,True,0,0.0,
254,Rev11,11,W009,PX-7500,CH-D,EXT-04,Extreme Edge,0.96,114.5,40.4,41.01,38.32,1748.6,True,True,True,True,0,0.0,
255,Rev11,11,W009,PX-7500,CH-D,EXT-05,Extreme Edge,0.96,147.3,39.79,40.53,41.13,1719.9,True,True,False,True,0,0.0,
256,Rev11,11,W009,PX-7500,CH-D,EXT-06,Extreme Edge,0.96,180.0,40.51,39.66,40.11,1790.6,False,True,True,False,0,0.0,
257,Rev11,11,W009,PX-7500,CH-D,EXT-07,Extreme Edge,0.96,212.7,40.88,40.87,39.71,1739.0,False,True,True,True,0,0.0,
258,Rev11,11,W009,PX-7500,CH-D,EXT-08,Extreme Edge,0.96,245.5,40.95,40.34,38.07,1697.6,False,True,True,True,0,0.0,
259,Rev11,11,W009,PX-7500,CH-D,EXT-09,Extreme Edge,0.96,278.2,41.03,39.89,40.03,1691.8,False,True,True,True,0,0.0,
260,Rev11,11,W009,PX-7500,CH-D,EXT-10,Extreme Edge,0.96,310.9,40.79,39.07,40.29,1757.8,False,True,True,True,0,0.0,
261,Rev11,11,W009,PX-7500,CH-D,EXT-11,Extreme Edge,0.96,343.6,39.65,40.72,38.17,1685.1,True,True,True,True,2,5.61,
262,Rev10,10,W010,PX-7500,CH-C,C1,Center,0.0,0.0,37.07,39.14,34.45,1745.3,True,True,True,True,0,0.0,
263,Rev10,10,W010,PX-7500,CH-C,MID-01,Mid,0.52,30.0,37.4,40.17,33.33,1911.0,True,True,False,False,0,0.0,
264,Rev10,10,W010,PX-7500,CH-C,MID-02,Mid,0.52,90.0,37.4,38.75,35.65,1791.2,True,True,True,False,0,0.0,
265,Rev10,10,W010,PX-7500,CH-C,MID-03,Mid,0.52,150.0,37.93,38.14,36.25,1855.0,True,True,True,False,1,3.06,pressure_spike
266,Rev10,10,W010,PX-7500,CH-C,MID-04,Mid,0.52,210.0,36.56,39.27,35.12,1764.4,False,True,True,False,0,0.0,
267,Rev10,10,W010,PX-7500,CH-C,MID-05,Mid,0.52,270.0,37.33,38.24,36.79,1789.8,True,True,True,False,1,3.53,pressure_spike
268,Rev10,10,W010,PX-7500,CH-C,MID-06,Mid,0.52,330.0,38.06,39.41,34.81,1755.7,True,True,True,True,0,0.0,
269,Rev10,10,W010,PX-7500,CH-C,EDG-01,Edge,0.84,0.0,39.46,39.31,36.11,1892.8,True,True,True,False,2,12.49,
270,Rev10,10,W010,PX-7500,CH-C,EDG-02,Edge,0.84,32.7,38.46,40.04,35.14,1782.6,True,True,True,False,3,13.65,
271,Rev10,10,W010,PX-7500,CH-C,EDG-03,Edge,0.84,65.5,39.2,39.95,35.51,1799.0,True,True,True,False,1,4.29,polymer_residue
272,Rev10,10,W010,PX-7500,CH-C,EDG-04,Edge,0.84,98.2,38.5,39.48,37.57,1804.8,True,True,True,False,0,0.0,
273,Rev10,10,W010,PX-7500,CH-C,EDG-05,Edge,0.84,130.9,38.16,39.97,37.82,1856.7,True,True,True,False,1,2.66,polymer_residue
274,Rev10,10,W010,PX-7500,CH-C,EDG-06,Edge,0.84,163.6,38.62,38.22,37.73,1856.5,True,True,True,False,1,4.46,
275,Rev10,10,W010,PX-7500,CH-C,EDG-07,Edge,0.84,196.4,37.3,38.97,36.27,1851.5,True,True,True,False,1,2.92,
276,Rev10,10,W010,PX-7500,CH-C,EDG-08,Edge,0.84,229.1,38.51,40.33,36.7,1762.4,True,True,True,False,1,5.13,
277,Rev10,10,W010,PX-7500,CH-C,EDG-09,Edge,0.84,261.8,37.37,39.98,37.31,1768.3,True,True,True,False,0,0.0,
278,Rev10,10,W010,PX-7500,CH-C,EDG-10,Edge,0.84,294.5,38.85,40.36,35.64,1817.8,True,True,True,False,1,4.23,
279,Rev10,10,W010,PX-7500,CH-C,EDG-11,Edge,0.84,327.3,39.12,40.01,36.36,1822.4,True,True,True,False,1,1.93,polymer_residue
280,Rev10,10,W010,PX-7500,CH-C,EXT-01,Extreme Edge,0.96,16.4,38.48,39.47,37.94,1823.5,True,True,True,False,2,8.39,
281,Rev10,10,W010,PX-7500,CH-C,EXT-02,Extreme Edge,0.96,49.1,38.5,40.62,38.77,1844.7,True,True,True,False,0,0.0,
282,Rev10,10,W010,PX-7500,CH-C,EXT-03,Extreme Edge,0.96,81.8,38.89,40.68,37.99,1909.5,True,True,True,False,0,0.0,
283,Rev10,10,W010,PX-7500,CH-C,EXT-04,Extreme Edge,0.96,114.5,38.24,39.97,36.23,1844.5,True,True,True,False,0,0.0,
284,Rev10,10,W010,PX-7500,CH-C,EXT-05,Extreme Edge,0.96,147.3,39.28,40.95,38.36,1809.9,True,True,True,False,0,0.0,
285,Rev10,10,W010,PX-7500,CH-C,EXT-06,Extreme Edge,0.96,180.0,38.18,39.28,37.26,1846.1,True,True,True,False,1,3.01,
286,Rev10,10,W010,PX-7500,CH-C,EXT-07,Extreme Edge,0.96,212.7,38.08,39.69,38.31,1847.9,True,True,True,False,1,2.36,polymer_residue
287,Rev10,10,W010,PX-7500,CH-C,EXT-08,Extreme Edge,0.96,245.5,39.03,39.04,35.05,1837.4,True,True,True,False,1,4.25,
288,Rev10,10,W010,PX-7500,CH-C,EXT-09,Extreme Edge,0.96,278.2,38.14,40.71,35.97,1832.8,True,True,True,False,1,3.99,
289,Rev10,10,W010,PX-7500,CH-C,EXT-10,Extreme Edge,0.96,310.9,40.36,41.25,38.46,1850.0,True,True,True,False,1,5.14,pressure_spike
290,Rev10,10,W010,PX-7500,CH-C,EXT-11,Extreme Edge,0.96,343.6,39.42,40.65,37.26,1875.9,True,True,True,False,0,0.0,
291,Rev1,1,W011,AE-3200,CH-B,C1,Center,0.0,0.0,39.81,39.61,36.0,1619.8,True,True,True,True,0,0.0,
292,Rev1,1,W011,AE-3200,CH-B,MID-01,Mid,0.52,30.0,40.66,41.31,38.66,1593.1,False,True,True,True,1,2.64,esc_temp_drift
293,Rev1,1,W011,AE-3200,CH-B,MID-02,Mid,0.52,90.0,40.84,40.68,36.96,1563.5,False,True,True,False,0,0.0,
294,Rev1,1,W011,AE-3200,CH-B,MID-03,Mid,0.52,150.0,40.58,41.42,38.31,1645.6,False,True,True,True,1,5.65,
295,Rev1,1,W011,AE-3200,CH-B,MID-04,Mid,0.52,210.0,38.9,40.69,36.72,1611.1,True,True,True,True,0,0.0,
296,Rev1,1,W011,AE-3200,CH-B,MID-05,Mid,0.52,270.0,41.18,41.42,40.96,1656.5,False,True,False,True,0,0.0,
297,Rev1,1,W011,AE-3200,CH-B,MID-06,Mid,0.52,330.0,40.88,39.72,38.43,1648.7,False,True,True,True,0,0.0,
298,Rev1,1,W011,AE-3200,CH-B,EDG-01,Edge,0.84,0.0,41.83,40.42,40.24,1645.2,False,True,True,True,0,0.0,
299,Rev1,1,W011,AE-3200,CH-B,EDG-02,Edge,0.84,32.7,41.67,40.22,38.28,1592.5,False,True,True,True,0,0.0,
300,Rev1,1,W011,AE-3200,CH-B,EDG-03,Edge,0.84,65.5,41.41,39.71,37.13,1597.1,False,True,True,True,1,6.08,arc_event
301,Rev1,1,W011,AE-3200,CH-B,EDG-04,Edge,0.84,98.2,40.88,42.43,38.24,1788.7,False,False,True,False,3,13.18,
302,Rev1,1,W011,AE-3200,CH-B,EDG-05,Edge,0.84,130.9,41.68,40.35,39.77,1580.5,False,True,True,True,0,0.0,
303,Rev1,1,W011,AE-3200,CH-B,EDG-06,Edge,0.84,163.6,41.71,40.54,38.75,1691.1,False,True,True,True,2,12.3,polymer_residue
304,Rev1,1,W011,AE-3200,CH-B,EDG-07,Edge,0.84,196.4,41.56,40.95,36.61,1694.0,False,True,True,True,0,0.0,
305,Rev1,1,W011,AE-3200,CH-B,EDG-08,Edge,0.84,229.1,39.67,40.85,38.74,1712.2,True,True,True,True,0,0.0,
306,Rev1,1,W011,AE-3200,CH-B,EDG-09,Edge,0.84,261.8,41.07,38.62,39.69,1615.8,False,True,True,True,2,4.28,pressure_spike
307,Rev1,1,W011,AE-3200,CH-B,EDG-10,Edge,0.84,294.5,40.11,40.87,38.33,1709.8,True,True,True,True,0,0.0,
308,Rev1,1,W011,AE-3200,CH-B,EDG-11,Edge,0.84,327.3,42.75,41.67,38.84,1726.4,False,True,True,True,0,0.0,
309,Rev1,1,W011,AE-3200,CH-B,EXT-01,Extreme Edge,0.96,16.4,41.14,42.03,40.98,1622.9,False,False,False,True,0,0.0,
310,Rev1,1,W011,AE-3200,CH-B,EXT-02,Extreme Edge,0.96,49.1,42.85,40.62,40.67,1707.0,False,True,False,True,4,11.48,pressure_spike
311,Rev1,1,W011,AE-3200,CH-B,EXT-03,Extreme Edge,0.96,81.8,41.55,41.45,38.28,1673.7,False,True,True,True,1,2.1,polymer_residue
312,Rev1,1,W011,AE-3200,CH-B,EXT-04,Extreme Edge,0.96,114.5,43.21,41.83,36.26,1627.5,False,True,True,True,0,0.0,
313,Rev1,1,W011,AE-3200,CH-B,EXT-05,Extreme Edge,0.96,147.3,40.9,40.9,37.08,1616.2,False,True,True,True,1,5.01,
314,Rev1,1,W011,AE-3200,CH-B,EXT-06,Extreme Edge,0.96,180.0,41.93,40.64,39.6,1576.2,False,True,True,False,0,0.0,
315,Rev1,1,W011,AE-3200,CH-B,EXT-07,Extreme Edge,0.96,212.7,41.59,42.06,38.73,1670.8,False,False,True,True,0,0.0,
316,Rev1,1,W011,AE-3200,CH-B,EXT-08,Extreme Edge,0.96,245.5,42.2,42.65,38.17,1672.0,False,False,True,True,1,3.4,
317,Rev1,1,W011,AE-3200,CH-B,EXT-09,Extreme Edge,0.96,278.2,42.61,40.11,40.26,1564.5,False,True,True,False,0,0.0,
318,Rev1,1,W011,AE-3200,CH-B,EXT-10,Extreme Edge,0.96,310.9,42.85,41.67,36.9,1699.7,False,True,True,True,1,6.32,
319,Rev1,1,W011,AE-3200,CH-B,EXT-11,Extreme Edge,0.96,343.6,42.51,41.81,40.56,1681.1,False,True,False,True,0,0.0,
320,Rev8,8,W012,AE-3200,CH-A,C1,Center,0.0,0.0,36.02,38.28,37.96,1792.1,False,True,True,False,1,3.85,
321,Rev8,8,W012,AE-3200,CH-A,MID-01,Mid,0.52,30.0,37.13,39.14,40.12,1819.5,True,True,True,False,0,0.0,
322,Rev8,8,W012,AE-3200,CH-A,MID-02,Mid,0.52,90.0,38.19,39.21,40.21,1747.0,True,True,True,True,0,0.0,
323,Rev8,8,W012,AE-3200,CH-A,MID-03,Mid,0.52,150.0,38.33,38.28,37.85,1756.2,True,True,True,True,0,0.0,
324,Rev8,8,W012,AE-3200,CH-A,MID-04,Mid,0.52,210.0,37.85,39.54,37.77,1761.1,True,True,True,False,0,0.0,
325,Rev8,8,W012,AE-3200,CH-A,MID-05,Mid,0.52,270.0,37.08,39.61,39.49,1760.4,True,True,True,False,1,5.12,
326,Rev8,8,W012,AE-3200,CH-A,MID-06,Mid,0.52,330.0,37.98,40.29,37.84,1748.6,True,True,True,True,0,0.0,
327,Rev8,8,W012,AE-3200,CH-A,EDG-01,Edge,0.84,0.0,38.03,41.0,36.69,1787.1,True,True,True,False,0,0.0,
328,Rev8,8,W012,AE-3200,CH-A,EDG-02,Edge,0.84,32.7,39.39,40.79,38.34,1715.2,True,True,True,True,0,0.0,
329,Rev8,8,W012,AE-3200,CH-A,EDG-03,Edge,0.84,65.5,39.07,40.27,38.69,1842.0,True,True,True,False,2,6.0,
330,Rev8,8,W012,AE-3200,CH-A,EDG-04,Edge,0.84,98.2,39.3,40.77,39.44,1781.6,True,True,True,False,0,0.0,
331,Rev8,8,W012,AE-3200,CH-A,EDG-05,Edge,0.84,130.9,38.33,40.13,38.48,1751.4,True,True,True,True,1,3.72,esc_temp_drift
332,Rev8,8,W012,AE-3200,CH-A,EDG-06,Edge,0.84,163.6,38.57,39.61,39.62,1740.0,True,True,True,True,0,0.0,
333,Rev8,8,W012,AE-3200,CH-A,EDG-07,Edge,0.84,196.4,39.1,40.72,35.6,1806.7,True,True,True,False,0,0.0,
334,Rev8,8,W012,AE-3200,CH-A,EDG-08,Edge,0.84,229.1,37.63,39.11,39.48,1765.0,True,True,True,False,1,6.12,esc_temp_drift
335,Rev8,8,W012,AE-3200,CH-A,EDG-09,Edge,0.84,261.8,38.84,39.73,37.74,1795.4,True,True,True,False,1,3.15,
336,Rev8,8,W012,AE-3200,CH-A,EDG-10,Edge,0.84,294.5,38.56,40.6,38.07,1742.6,True,True,True,True,0,0.0,
337,Rev8,8,W012,AE-3200,CH-A,EDG-11,Edge,0.84,327.3,39.19,41.61,36.55,1815.1,True,True,True,False,1,3.01,polymer_residue
338,Rev8,8,W012,AE-3200,CH-A,EXT-01,Extreme Edge,0.96,16.4,40.65,41.9,38.46,1793.0,False,True,True,False,1,4.73,
339,Rev8,8,W012,AE-3200,CH-A,EXT-02,Extreme Edge,0.96,49.1,39.46,40.7,37.22,1892.9,True,True,True,False,0,0.0,
340,Rev8,8,W012,AE-3200,CH-A,EXT-03,Extreme Edge,0.96,81.8,39.41,39.09,38.53,1773.8,True,True,True,False,0,0.0,
341,Rev8,8,W012,AE-3200,CH-A,EXT-04,Extreme Edge,0.96,114.5,38.87,39.75,40.24,1894.0,True,True,True,False,2,9.93,polymer_residue
342,Rev8,8,W012,AE-3200,CH-A,EXT-05,Extreme Edge,0.96,147.3,39.62,41.23,39.33,1777.8,True,True,True,False,0,0.0,
343,Rev8,8,W012,AE-3200,CH-A,EXT-06,Extreme Edge,0.96,180.0,39.68,40.85,38.82,1840.5,True,True,True,False,0,0.0,
344,Rev8,8,W012,AE-3200,CH-A,EXT-07,Extreme Edge,0.96,212.7,38.48,40.14,37.52,1819.1,True,True,True,False,0,0.0,
345,Rev8,8,W012,AE-3200,CH-A,EXT-08,Extreme Edge,0.96,245.5,39.07,39.23,39.35,1767.4,True,True,True,False,1,3.7,
346,Rev8,8,W012,AE-3200,CH-A,EXT-09,Extreme Edge,0.96,278.2,39.67,40.38,36.5,1890.6,True,True,True,False,1,2.32,polymer_residue
347,Rev8,8,W012,AE-3200,CH-A,EXT-10,Extreme Edge,0.96,310.9,38.96,40.46,39.79,1759.3,True,True,True,True,0,0.0,
348,Rev8,8,W012,AE-3200,CH-A,EXT-11,Extreme Edge,0.96,343.6,38.22,40.29,37.85,1757.5,True,True,True,True,0,0.0,
349,Rev5,5,W013,AE-3200,CH-B,C1,Center,0.0,0.0,38.89,40.12,35.63,1586.7,True,True,True,True,0,0.0,
350,Rev5,5,W013,AE-3200,CH-B,MID-01,Mid,0.52,30.0,39.12,39.81,37.09,1632.4,True,True,True,True,0,0.0,
351,Rev5,5,W013,AE-3200,CH-B,MID-02,Mid,0.52,90.0,39.06,40.2,39.12,1470.3,True,True,True,False,0,0.0,
352,Rev5,5,W013,AE-3200,CH-B,MID-03,Mid,0.52,150.0,39.5,39.28,35.9,1679.9,True,True,True,True,0,0.0,
353,Rev5,5,W013,AE-3200,CH-B,MID-04,Mid,0.52,210.0,38.66,39.92,38.47,1602.3,True,True,True,True,0,0.0,
354,Rev5,5,W013,AE-3200,CH-B,MID-05,Mid,0.52,270.0,38.28,38.36,38.02,1576.0,True,True,True,False,0,0.0,
355,Rev5,5,W013,AE-3200,CH-B,MID-06,Mid,0.52,330.0,39.33,39.31,37.81,1586.8,True,True,True,True,1,5.92,endpoint_late
356,Rev5,5,W013,AE-3200,CH-B,EDG-01,Edge,0.84,0.0,39.64,40.56,37.64,1621.3,True,True,True,True,0,0.0,
357,Rev5,5,W013,AE-3200,CH-B,EDG-02,Edge,0.84,32.7,40.05,40.35,38.0,1677.2,True,True,True,True,1,5.89,
358,Rev5,5,W013,AE-3200,CH-B,EDG-03,Edge,0.84,65.5,39.18,40.17,36.76,1623.6,True,True,True,True,1,2.93,
359,Rev5,5,W013,AE-3200,CH-B,EDG-04,Edge,0.84,98.2,38.91,40.72,37.01,1606.6,True,True,True,True,1,5.23,polymer_residue
360,Rev5,5,W013,AE-3200,CH-B,EDG-05,Edge,0.84,130.9,39.31,40.57,38.3,1604.7,True,True,True,True,0,0.0,
361,Rev5,5,W013,AE-3200,CH-B,EDG-06,Edge,0.84,163.6,39.89,40.32,35.79,1719.3,True,True,True,True,0,0.0,
362,Rev5,5,W013,AE-3200,CH-B,EDG-07,Edge,0.84,196.4,40.34,40.03,37.54,1643.5,True,True,True,True,0,0.0,
363,Rev5,5,W013,AE-3200,CH-B,EDG-08,Edge,0.84,229.1,38.98,40.13,36.85,1646.9,True,True,True,True,1,4.31,endpoint_late
364,Rev5,5,W013,AE-3200,CH-B,EDG-09,Edge,0.84,261.8,39.79,40.95,35.63,1639.4,True,True,True,True,1,6.0,
365,Rev5,5,W013,AE-3200,CH-B,EDG-10,Edge,0.84,294.5,39.35,40.65,37.5,1585.0,True,True,True,True,0,0.0,
366,Rev5,5,W013,AE-3200,CH-B,EDG-11,Edge,0.84,327.3,39.03,39.97,35.57,1552.7,True,True,True,False,0,0.0,
367,Rev5,5,W013,AE-3200,CH-B,EXT-01,Extreme Edge,0.96,16.4,40.1,38.6,38.81,1632.9,True,True,True,True,2,10.49,pressure_spike
368,Rev5,5,W013,AE-3200,CH-B,EXT-02,Extreme Edge,0.96,49.1,40.68,39.7,37.67,1597.3,False,True,True,True,0,0.0,
369,Rev5,5,W013,AE-3200,CH-B,EXT-03,Extreme Edge,0.96,81.8,41.88,40.45,38.91,1623.8,False,True,True,True,1,2.6,
370,Rev5,5,W013,AE-3200,CH-B,EXT-04,Extreme Edge,0.96,114.5,40.87,41.75,35.28,1716.8,False,True,True,True,1,5.77,
371,Rev5,5,W013,AE-3200,CH-B,EXT-05,Extreme Edge,0.96,147.3,40.81,39.55,37.8,1743.0,False,True,True,True,0,0.0,
372,Rev5,5,W013,AE-3200,CH-B,EXT-06,Extreme Edge,0.96,180.0,41.32,40.73,34.95,1604.5,False,True,True,True,0,0.0,
373,Rev5,5,W013,AE-3200,CH-B,EXT-07,Extreme Edge,0.96,212.7,40.39,40.87,38.06,1638.9,True,True,True,True,0,0.0,
374,Rev5,5,W013,AE-3200,CH-B,EXT-08,Extreme Edge,0.96,245.5,40.37,40.96,38.06,1664.0,True,True,True,True,1,3.4,polymer_residue
375,Rev5,5,W013,AE-3200,CH-B,EXT-09,Extreme Edge,0.96,278.2,40.31,39.1,37.89,1644.3,True,True,True,True,0,0.0,
376,Rev5,5,W013,AE-3200,CH-B,EXT-10,Extreme Edge,0.96,310.9,40.59,39.83,35.85,1670.1,False,True,True,True,1,6.31,
377,Rev5,5,W013,AE-3200,CH-B,EXT-11,Extreme Edge,0.96,343.6,41.05,40.43,38.87,1683.0,False,True,True,True,0,0.0,
378,Rev9,9,W014,AE-3200,CH-B,C1,Center,0.0,0.0,37.37,39.55,35.88,1701.1,True,True,True,True,0,0.0,
379,Rev9,9,W014,AE-3200,CH-B,MID-01,Mid,0.52,30.0,38.24,41.18,38.61,1726.7,True,True,True,True,0,0.0,
380,Rev9,9,W014,AE-3200,CH-B,MID-02,Mid,0.52,90.0,37.52,40.22,37.04,1802.2,True,True,True,False,0,0.0,
381,Rev9,9,W014,AE-3200,CH-B,MID-03,Mid,0.52,150.0,38.15,39.24,37.56,1726.5,True,True,True,True,0,0.0,
382,Rev9,9,W014,AE-3200,CH-B,MID-04,Mid,0.52,210.0,37.24,41.46,38.21,1775.9,True,True,True,False,0,0.0,
383,Rev9,9,W014,AE-3200,CH-B,MID-05,Mid,0.52,270.0,37.71,40.61,35.36,1740.2,True,True,True,True,0,0.0,
384,Rev9,9,W014,AE-3200,CH-B,MID-06,Mid,0.52,330.0,38.14,41.5,36.85,1701.6,True,True,True,True,0,0.0,
385,Rev9,9,W014,AE-3200,CH-B,EDG-01,Edge,0.84,0.0,39.82,41.83,37.43,1870.9,True,True,True,False,0,0.0,
386,Rev9,9,W014,AE-3200,CH-B,EDG-02,Edge,0.84,32.7,39.58,41.63,37.63,1820.4,True,True,True,False,0,0.0,
387,Rev9,9,W014,AE-3200,CH-B,EDG-03,Edge,0.84,65.5,38.51,41.12,37.0,1888.3,True,True,True,False,1,3.77,polymer_residue
388,Rev9,9,W014,AE-3200,CH-B,EDG-04,Edge,0.84,98.2,40.24,41.83,40.41,1707.6,True,True,False,True,2,5.21,
389,Rev9,9,W014,AE-3200,CH-B,EDG-05,Edge,0.84,130.9,39.7,41.29,38.74,1841.6,True,True,True,False,0,0.0,
390,Rev9,9,W014,AE-3200,CH-B,EDG-06,Edge,0.84,163.6,39.07,42.63,38.05,1905.2,True,False,True,False,0,0.0,
391,Rev9,9,W014,AE-3200,CH-B,EDG-07,Edge,0.84,196.4,39.26,42.78,39.53,1815.6,True,False,True,False,0,0.0,
392,Rev9,9,W014,AE-3200,CH-B,EDG-08,Edge,0.84,229.1,38.84,41.89,39.7,1746.0,True,True,True,True,0,0.0,
393,Rev9,9,W014,AE-3200,CH-B,EDG-09,Edge,0.84,261.8,39.09,41.36,36.22,1772.0,True,True,True,False,0,0.0,
394,Rev9,9,W014,AE-3200,CH-B,EDG-10,Edge,0.84,294.5,38.94,41.39,37.34,1890.6,True,True,True,False,0,0.0,
395,Rev9,9,W014,AE-3200,CH-B,EDG-11,Edge,0.84,327.3,38.81,41.86,38.75,1753.2,True,True,True,True,0,0.0,
396,Rev9,9,W014,AE-3200,CH-B,EXT-01,Extreme Edge,0.96,16.4,39.76,42.0,39.96,1854.7,True,True,True,False,0,0.0,
397,Rev9,9,W014,AE-3200,CH-B,EXT-02,Extreme Edge,0.96,49.1,39.82,42.43,37.95,1805.0,True,False,True,False,1,4.52,
398,Rev9,9,W014,AE-3200,CH-B,EXT-03,Extreme Edge,0.96,81.8,39.43,41.09,39.17,1846.9,True,True,True,False,2,9.5,polymer_residue
399,Rev9,9,W014,AE-3200,CH-B,EXT-04,Extreme Edge,0.96,114.5,38.79,41.27,38.09,1898.5,True,True,True,False,1,4.27,polymer_residue
400,Rev9,9,W014,AE-3200,CH-B,EXT-05,Extreme Edge,0.96,147.3,39.41,42.54,36.54,1807.2,True,False,True,False,1,2.48,polymer_residue
401,Rev9,9,W014,AE-3200,CH-B,EXT-06,Extreme Edge,0.96,180.0,39.19,40.01,39.36,1784.4,True,True,True,False,1,3.1,polymer_residue
402,Rev9,9,W014,AE-3200,CH-B,EXT-07,Extreme Edge,0.96,212.7,40.8,41.3,37.93,1847.2,False,True,True,False,0,0.0,
403,Rev9,9,W014,AE-3200,CH-B,EXT-08,Extreme Edge,0.96,245.5,38.68,41.59,37.78,1773.7,True,True,True,False,0,0.0,
404,Rev9,9,W014,AE-3200,CH-B,EXT-09,Extreme Edge,0.96,278.2,40.55,40.48,38.53,1835.9,False,True,True,False,2,10.75,
405,Rev9,9,W014,AE-3200,CH-B,EXT-10,Extreme Edge,0.96,310.9,40.15,40.34,38.38,1804.3,True,True,True,False,0,0.0,
406,Rev9,9,W014,AE-3200,CH-B,EXT-11,Extreme Edge,0.96,343.6,40.06,41.45,38.82,1852.5,True,True,True,False,0,0.0,
407,Rev9,9,W015,AE-3200,CH-B,C1,Center,0.0,0.0,38.1,40.67,38.71,1731.5,True,True,True,True,0,0.0,
408,Rev9,9,W015,AE-3200,CH-B,MID-01,Mid,0.52,30.0,37.76,41.76,35.55,1777.2,True,True,True,False,0,0.0,
409,Rev9,9,W015,AE-3200,CH-B,MID-02,Mid,0.52,90.0,38.71,41.69,35.15,1734.5,True,True,True,True,0,0.0,
410,Rev9,9,W015,AE-3200,CH-B,MID-03,Mid,0.52,150.0,38.11,41.36,36.68,1748.6,True,True,True,True,0,0.0,
411,Rev9,9,W015,AE-3200,CH-B,MID-04,Mid,0.52,210.0,37.66,41.39,38.17,1752.8,True,True,True,True,1,2.64,pressure_spike
412,Rev9,9,W015,AE-3200,CH-B,MID-05,Mid,0.52,270.0,38.83,39.95,37.65,1689.6,True,True,True,True,0,0.0,
413,Rev9,9,W015,AE-3200,CH-B,MID-06,Mid,0.52,330.0,36.77,41.86,38.64,1768.3,True,True,True,False,1,2.69,
414,Rev9,9,W015,AE-3200,CH-B,EDG-01,Edge,0.84,0.0,38.95,42.66,37.74,1872.9,True,False,True,False,2,10.19,
415,Rev9,9,W015,AE-3200,CH-B,EDG-02,Edge,0.84,32.7,38.44,41.68,38.88,1742.1,True,True,True,True,0,0.0,
416,Rev9,9,W015,AE-3200,CH-B,EDG-03,Edge,0.84,65.5,39.93,41.09,37.16,1850.3,True,True,True,False,0,0.0,
417,Rev9,9,W015,AE-3200,CH-B,EDG-04,Edge,0.84,98.2,38.68,42.04,38.09,1759.6,True,False,True,True,0,0.0,
418,Rev9,9,W015,AE-3200,CH-B,EDG-05,Edge,0.84,130.9,39.74,42.99,37.84,1718.8,True,False,True,True,2,9.16,pressure_spike
419,Rev9,9,W015,AE-3200,CH-B,EDG-06,Edge,0.84,163.6,40.26,41.56,39.13,1845.9,True,True,True,False,0,0.0,
420,Rev9,9,W015,AE-3200,CH-B,EDG-07,Edge,0.84,196.4,38.95,42.13,36.71,1746.7,True,False,True,True,0,0.0,
421,Rev9,9,W015,AE-3200,CH-B,EDG-08,Edge,0.84,229.1,39.22,41.83,38.26,1755.1,True,True,True,True,0,0.0,
422,Rev9,9,W015,AE-3200,CH-B,EDG-09,Edge,0.84,261.8,39.57,42.42,35.47,1807.8,True,False,True,False,1,2.36,
423,Rev9,9,W015,AE-3200,CH-B,EDG-10,Edge,0.84,294.5,40.13,43.17,36.38,1692.0,True,False,True,True,0,0.0,
424,Rev9,9,W015,AE-3200,CH-B,EDG-11,Edge,0.84,327.3,40.49,41.82,38.37,1884.3,False,True,True,False,0,0.0,
425,Rev9,9,W015,AE-3200,CH-B,EXT-01,Extreme Edge,0.96,16.4,39.89,43.44,38.95,1804.4,True,False,True,False,1,4.37,polymer_residue
426,Rev9,9,W015,AE-3200,CH-B,EXT-02,Extreme Edge,0.96,49.1,38.64,42.98,39.46,1795.0,True,False,True,False,1,6.26,
427,Rev9,9,W015,AE-3200,CH-B,EXT-03,Extreme Edge,0.96,81.8,40.15,41.24,36.03,1720.5,True,True,True,True,0,0.0,
428,Rev9,9,W015,AE-3200,CH-B,EXT-04,Extreme Edge,0.96,114.5,40.0,41.31,39.67,1837.6,True,True,True,False,1,2.61,polymer_residue
429,Rev9,9,W015,AE-3200,CH-B,EXT-05,Extreme Edge,0.96,147.3,39.4,41.33,35.98,1816.0,True,True,True,False,1,5.49,
430,Rev9,9,W015,AE-3200,CH-B,EXT-06,Extreme Edge,0.96,180.0,39.62,41.65,37.77,1756.9,True,True,True,True,0,0.0,
431,Rev9,9,W015,AE-3200,CH-B,EXT-07,Extreme Edge,0.96,212.7,40.17,43.24,37.0,1876.8,True,False,True,False,0,0.0,
432,Rev9,9,W015,AE-3200,CH-B,EXT-08,Extreme Edge,0.96,245.5,40.56,42.27,38.66,1782.5,False,False,True,False,1,4.92,
433,Rev9,9,W015,AE-3200,CH-B,EXT-09,Extreme Edge,0.96,278.2,40.12,42.4,38.23,1876.2,True,False,True,False,2,3.85,
434,Rev9,9,W015,AE-3200,CH-B,EXT-10,Extreme Edge,0.96,310.9,39.4,40.42,40.04,1796.9,True,True,True,False,0,0.0,
435,Rev9,9,W015,AE-3200,CH-B,EXT-11,Extreme Edge,0.96,343.6,39.62,42.2,35.08,1777.6,True,False,True,False,1,4.02,polymer_residue
436,Rev8,8,W016,AE-3200,CH-A,C1,Center,0.0,0.0,37.16,39.43,35.62,1720.9,True,True,True,True,0,0.0,
437,Rev8,8,W016,AE-3200,CH-A,MID-01,Mid,0.52,30.0,37.41,41.97,35.82,1712.2,True,True,True,True,0,0.0,
438,Rev8,8,W016,AE-3200,CH-A,MID-02,Mid,0.52,90.0,39.53,41.18,40.48,1729.8,True,True,False,True,2,8.24,arc_event
439,Rev8,8,W016,AE-3200,CH-A,MID-03,Mid,0.52,150.0,38.76,38.67,35.17,1776.7,True,True,True,False,0,0.0,
440,Rev8,8,W016,AE-3200,CH-A,MID-04,Mid,0.52,210.0,38.97,40.6,38.07,1736.2,True,True,True,True,0,0.0,
441,Rev8,8,W016,AE-3200,CH-A,MID-05,Mid,0.52,270.0,38.93,40.18,37.36,1767.7,True,True,True,False,0,0.0,
442,Rev8,8,W016,AE-3200,CH-A,MID-06,Mid,0.52,330.0,38.17,41.08,38.44,1735.8,True,True,True,True,1,2.73,polymer_residue
443,Rev8,8,W016,AE-3200,CH-A,EDG-01,Edge,0.84,0.0,38.8,39.52,40.66,1760.8,True,True,False,False,1,2.28,
444,Rev8,8,W016,AE-3200,CH-A,EDG-02,Edge,0.84,32.7,39.21,40.08,40.31,1734.9,True,True,True,True,0,0.0,
445,Rev8,8,W016,AE-3200,CH-A,EDG-03,Edge,0.84,65.5,38.59,40.18,37.56,1755.5,True,True,True,True,1,4.27,arc_event
446,Rev8,8,W016,AE-3200,CH-A,EDG-04,Edge,0.84,98.2,39.73,41.62,38.14,1834.1,True,True,True,False,0,0.0,
447,Rev8,8,W016,AE-3200,CH-A,EDG-05,Edge,0.84,130.9,39.56,40.8,39.13,1795.9,True,True,True,False,1,5.35,polymer_residue
448,Rev8,8,W016,AE-3200,CH-A,EDG-06,Edge,0.84,163.6,39.27,39.68,37.52,1737.2,True,True,True,True,0,0.0,
449,Rev8,8,W016,AE-3200,CH-A,EDG-07,Edge,0.84,196.4,38.88,40.45,39.22,1753.3,True,True,True,True,0,0.0,
450,Rev8,8,W016,AE-3200,CH-A,EDG-08,Edge,0.84,229.1,39.96,39.91,38.45,1625.1,True,True,True,True,2,6.74,
451,Rev8,8,W016,AE-3200,CH-A,EDG-09,Edge,0.84,261.8,39.19,40.31,39.77,1817.4,True,True,True,False,0,0.0,
452,Rev8,8,W016,AE-3200,CH-A,EDG-10,Edge,0.84,294.5,40.15,41.79,39.24,1820.4,True,True,True,False,0,0.0,
453,Rev8,8,W016,AE-3200,CH-A,EDG-11,Edge,0.84,327.3,39.72,41.12,38.65,1753.5,True,True,True,True,1,4.82,arc_event
454,Rev8,8,W016,AE-3200,CH-A,EXT-01,Extreme Edge,0.96,16.4,39.8,40.78,38.6,1782.7,True,True,True,False,0,0.0,
455,Rev8,8,W016,AE-3200,CH-A,EXT-02,Extreme Edge,0.96,49.1,37.88,40.66,37.27,1699.7,True,True,True,True,2,8.28,pressure_spike
456,Rev8,8,W016,AE-3200,CH-A,EXT-03,Extreme Edge,0.96,81.8,40.4,40.13,38.78,1720.9,True,True,True,True,0,0.0,
457,Rev8,8,W016,AE-3200,CH-A,EXT-04,Extreme Edge,0.96,114.5,38.86,42.13,38.73,1721.9,True,False,True,True,2,6.56,
458,Rev8,8,W016,AE-3200,CH-A,EXT-05,Extreme Edge,0.96,147.3,38.59,41.54,41.78,1756.1,True,True,False,True,1,2.71,polymer_residue
459,Rev8,8,W016,AE-3200,CH-A,EXT-06,Extreme Edge,0.96,180.0,40.05,40.51,39.37,1737.8,True,True,True,True,0,0.0,
460,Rev8,8,W016,AE-3200,CH-A,EXT-07,Extreme Edge,0.96,212.7,40.52,41.38,37.5,1812.3,False,True,True,False,1,3.83,polymer_residue
461,Rev8,8,W016,AE-3200,CH-A,EXT-08,Extreme Edge,0.96,245.5,39.51,41.36,37.27,1777.0,True,True,True,False,1,3.96,
462,Rev8,8,W016,AE-3200,CH-A,EXT-09,Extreme Edge,0.96,278.2,39.53,41.22,40.64,1710.5,True,True,False,True,0,0.0,
463,Rev8,8,W016,AE-3200,CH-A,EXT-10,Extreme Edge,0.96,310.9,39.54,41.14,37.44,1794.7,True,True,True,False,0,0.0,
464,Rev8,8,W016,AE-3200,CH-A,EXT-11,Extreme Edge,0.96,343.6,39.43,40.9,38.05,1781.7,True,True,True,False,1,3.45,
465,Rev11,11,W017,PX-7500,CH-D,C1,Center,0.0,0.0,37.83,40.84,35.02,1663.8,True,True,True,True,0,0.0,
466,Rev11,11,W017,PX-7500,CH-D,MID-01,Mid,0.52,30.0,38.38,40.33,37.78,1785.4,True,True,True,False,0,0.0,
467,Rev11,11,W017,PX-7500,CH-D,MID-02,Mid,0.52,90.0,38.77,41.46,37.85,1742.3,True,True,True,True,0,0.0,
468,Rev11,11,W017,PX-7500,CH-D,MID-03,Mid,0.52,150.0,39.59,40.57,38.29,1669.7,True,True,True,True,0,0.0,
469,Rev11,11,W017,PX-7500,CH-D,MID-04,Mid,0.52,210.0,38.29,39.76,37.61,1767.5,True,True,True,False,0,0.0,
470,Rev11,11,W017,PX-7500,CH-D,MID-05,Mid,0.52,270.0,38.94,41.75,35.6,1753.8,True,True,True,True,0,0.0,
471,Rev11,11,W017,PX-7500,CH-D,MID-06,Mid,0.52,330.0,38.81,41.21,39.54,1723.3,True,True,True,True,0,0.0,
472,Rev11,11,W017,PX-7500,CH-D,EDG-01,Edge,0.84,0.0,39.69,42.28,38.84,1665.8,True,False,True,True,3,8.65,polymer_residue
473,Rev11,11,W017,PX-7500,CH-D,EDG-02,Edge,0.84,32.7,40.25,42.54,40.64,1777.3,True,False,False,False,0,0.0,
474,Rev11,11,W017,PX-7500,CH-D,EDG-03,Edge,0.84,65.5,39.42,42.12,37.65,1747.8,True,False,True,True,0,0.0,
475,Rev11,11,W017,PX-7500,CH-D,EDG-04,Edge,0.84,98.2,38.87,39.83,39.79,1717.8,True,True,True,True,0,0.0,
476,Rev11,11,W017,PX-7500,CH-D,EDG-05,Edge,0.84,130.9,41.15,43.22,36.96,1766.0,False,False,True,False,1,4.93,
477,Rev11,11,W017,PX-7500,CH-D,EDG-06,Edge,0.84,163.6,39.3,41.2,37.96,1757.6,True,True,True,True,0,0.0,
478,Rev11,11,W017,PX-7500,CH-D,EDG-07,Edge,0.84,196.4,38.48,41.09,39.62,1689.8,True,True,True,True,2,8.56,
479,Rev11,11,W017,PX-7500,CH-D,EDG-08,Edge,0.84,229.1,40.54,40.77,37.14,1812.0,False,True,True,False,1,6.12,endpoint_late
480,Rev11,11,W017,PX-7500,CH-D,EDG-09,Edge,0.84,261.8,40.59,40.93,37.29,1776.5,False,True,True,False,1,6.48,
481,Rev11,11,W017,PX-7500,CH-D,EDG-10,Edge,0.84,294.5,39.84,42.37,36.04,1690.1,True,False,True,True,0,0.0,
482,Rev11,11,W017,PX-7500,CH-D,EDG-11,Edge,0.84,327.3,40.21,42.21,37.4,1765.7,True,False,True,False,2,6.56,polymer_residue
483,Rev11,11,W017,PX-7500,CH-D,EXT-01,Extreme Edge,0.96,16.4,38.71,41.6,39.76,1749.0,True,True,True,True,0,0.0,
484,Rev11,11,W017,PX-7500,CH-D,EXT-02,Extreme Edge,0.96,49.1,39.56,40.4,40.99,1842.2,True,True,False,False,0,0.0,
485,Rev11,11,W017,PX-7500,CH-D,EXT-03,Extreme Edge,0.96,81.8,40.05,41.91,39.46,1790.3,True,True,True,False,2,11.07,
486,Rev11,11,W017,PX-7500,CH-D,EXT-04,Extreme Edge,0.96,114.5,41.76,42.11,39.81,1709.4,False,False,True,True,1,3.52,
487,Rev11,11,W017,PX-7500,CH-D,EXT-05,Extreme Edge,0.96,147.3,41.34,41.29,35.77,1696.7,False,True,True,True,0,0.0,
488,Rev11,11,W017,PX-7500,CH-D,EXT-06,Extreme Edge,0.96,180.0,41.27,40.99,37.54,1809.9,False,True,True,False,2,8.81,endpoint_late
489,Rev11,11,W017,PX-7500,CH-D,EXT-07,Extreme Edge,0.96,212.7,40.0,41.29,37.57,1771.6,True,True,True,False,1,2.99,
490,Rev11,11,W017,PX-7500,CH-D,EXT-08,Extreme Edge,0.96,245.5,40.48,42.25,37.57,1770.4,False,False,True,False,0,0.0,
491,Rev11,11,W017,PX-7500,CH-D,EXT-09,Extreme Edge,0.96,278.2,40.76,41.16,40.34,1730.5,False,True,True,True,0,0.0,
492,Rev11,11,W017,PX-7500,CH-D,EXT-10,Extreme Edge,0.96,310.9,40.53,41.69,37.55,1728.2,False,True,True,True,1,5.16,
493,Rev11,11,W017,PX-7500,CH-D,EXT-11,Extreme Edge,0.96,343.6,40.23,41.21,36.88,1701.9,True,True,True,True,0,0.0,
494,Rev10,10,W018,PX-7500,CH-C,C1,Center,0.0,0.0,36.64,40.33,34.75,1640.3,True,True,True,True,0,0.0,
495,Rev10,10,W018,PX-7500,CH-C,MID-01,Mid,0.52,30.0,38.12,39.57,37.83,1685.8,True,True,True,True,0,0.0,
496,Rev10,10,W018,PX-7500,CH-C,MID-02,Mid,0.52,90.0,37.59,39.22,35.4,1717.7,True,True,True,True,0,0.0,
497,Rev10,10,W018,PX-7500,CH-C,MID-03,Mid,0.52,150.0,36.92,40.02,37.41,1668.0,True,True,True,True,0,0.0,
498,Rev10,10,W018,PX-7500,CH-C,MID-04,Mid,0.52,210.0,37.54,41.01,37.41,1659.6,True,True,True,True,0,0.0,
499,Rev10,10,W018,PX-7500,CH-C,MID-05,Mid,0.52,270.0,37.5,39.32,35.78,1699.8,True,True,True,True,0,0.0,
500,Rev10,10,W018,PX-7500,CH-C,MID-06,Mid,0.52,330.0,36.92,39.34,35.4,1668.8,True,True,True,True,0,0.0,
501,Rev10,10,W018,PX-7500,CH-C,EDG-01,Edge,0.84,0.0,38.86,40.67,35.43,1754.6,True,True,True,True,0,0.0,
502,Rev10,10,W018,PX-7500,CH-C,EDG-02,Edge,0.84,32.7,38.02,41.43,36.76,1753.5,True,True,True,True,2,11.44,
503,Rev10,10,W018,PX-7500,CH-C,EDG-03,Edge,0.84,65.5,37.79,41.09,37.45,1699.3,True,True,True,True,1,3.88,
504,Rev10,10,W018,PX-7500,CH-C,EDG-04,Edge,0.84,98.2,38.65,40.06,38.16,1646.8,True,True,True,True,0,0.0,
505,Rev10,10,W018,PX-7500,CH-C,EDG-05,Edge,0.84,130.9,37.71,40.69,37.14,1742.0,True,True,True,True,0,0.0,
506,Rev10,10,W018,PX-7500,CH-C,EDG-06,Edge,0.84,163.6,38.36,42.1,36.14,1741.4,True,False,True,True,1,2.32,polymer_residue
507,Rev10,10,W018,PX-7500,CH-C,EDG-07,Edge,0.84,196.4,38.77,40.1,35.21,1760.3,True,True,True,False,0,0.0,
508,Rev10,10,W018,PX-7500,CH-C,EDG-08,Edge,0.84,229.1,38.5,41.2,33.83,1692.0,True,True,False,True,3,11.23,
509,Rev10,10,W018,PX-7500,CH-C,EDG-09,Edge,0.84,261.8,37.11,39.9,35.96,1727.2,True,True,True,True,0,0.0,
510,Rev10,10,W018,PX-7500,CH-C,EDG-10,Edge,0.84,294.5,38.35,41.45,35.21,1713.1,True,True,True,True,1,4.24,
511,Rev10,10,W018,PX-7500,CH-C,EDG-11,Edge,0.84,327.3,38.27,41.1,35.4,1729.8,True,True,True,True,0,0.0,
512,Rev10,10,W018,PX-7500,CH-C,EXT-01,Extreme Edge,0.96,16.4,38.18,40.38,35.94,1780.7,True,True,True,False,0,0.0,
513,Rev10,10,W018,PX-7500,CH-C,EXT-02,Extreme Edge,0.96,49.1,39.58,41.31,37.96,1785.2,True,True,True,False,0,0.0,
514,Rev10,10,W018,PX-7500,CH-C,EXT-03,Extreme Edge,0.96,81.8,39.17,40.61,37.65,1661.6,True,True,True,True,0,0.0,
515,Rev10,10,W018,PX-7500,CH-C,EXT-04,Extreme Edge,0.96,114.5,40.71,40.73,36.24,1719.6,False,True,True,True,0,0.0,
516,Rev10,10,W018,PX-7500,CH-C,EXT-05,Extreme Edge,0.96,147.3,39.48,41.89,32.32,1688.8,True,True,False,True,0,0.0,
517,Rev10,10,W018,PX-7500,CH-C,EXT-06,Extreme Edge,0.96,180.0,39.63,42.2,37.53,1778.3,True,False,True,False,0,0.0,
518,Rev10,10,W018,PX-7500,CH-C,EXT-07,Extreme Edge,0.96,212.7,38.73,40.37,37.69,1677.1,True,True,True,True,0,0.0,
519,Rev10,10,W018,PX-7500,CH-C,EXT-08,Extreme Edge,0.96,245.5,39.5,40.71,36.84,1764.3,True,True,True,False,0,0.0,
520,Rev10,10,W018,PX-7500,CH-C,EXT-09,Extreme Edge,0.96,278.2,39.65,41.36,34.55,1735.5,True,True,True,True,0,0.0,
521,Rev10,10,W018,PX-7500,CH-C,EXT-10,Extreme Edge,0.96,310.9,38.66,40.99,36.15,1777.5,True,True,True,False,0,0.0,
522,Rev10,10,W018,PX-7500,CH-C,EXT-11,Extreme Edge,0.96,343.6,39.31,40.48,35.46,1726.8,True,True,True,True,0,0.0,
523,Rev10,10,W019,PX-7500,CH-C,C1,Center,0.0,0.0,37.5,38.96,34.95,1719.9,True,True,True,True,0,0.0,
524,Rev10,10,W019,PX-7500,CH-C,MID-01,Mid,0.52,30.0,36.88,39.14,34.51,1759.1,True,True,True,True,0,0.0,
525,Rev10,10,W019,PX-7500,CH-C,MID-02,Mid,0.52,90.0,37.23,38.98,38.23,1761.9,True,True,True,False,0,0.0,
526,Rev10,10,W019,PX-7500,CH-C,MID-03,Mid,0.52,150.0,36.47,39.07,35.54,1746.2,False,True,True,True,0,0.0,
527,Rev10,10,W019,PX-7500,CH-C,MID-04,Mid,0.52,210.0,36.6,38.96,36.81,1781.4,False,True,True,False,0,0.0,
528,Rev10,10,W019,PX-7500,CH-C,MID-05,Mid,0.52,270.0,37.67,39.84,32.95,1793.2,True,True,False,False,0,0.0,
529,Rev10,10,W019,PX-7500,CH-C,MID-06,Mid,0.52,330.0,36.89,40.38,37.61,1754.6,True,True,True,True,1,2.63,
530,Rev10,10,W019,PX-7500,CH-C,EDG-01,Edge,0.84,0.0,37.75,40.03,36.34,1773.2,True,True,True,False,2,6.79,
531,Rev10,10,W019,PX-7500,CH-C,EDG-02,Edge,0.84,32.7,38.16,40.53,34.2,1800.5,True,True,False,False,2,4.41,esc_temp_drift
532,Rev10,10,W019,PX-7500,CH-C,EDG-03,Edge,0.84,65.5,38.1,39.74,35.45,1624.4,True,True,True,True,0,0.0,
533,Rev10,10,W019,PX-7500,CH-C,EDG-04,Edge,0.84,98.2,36.93,39.45,37.18,1749.3,True,True,True,True,1,2.76,
534,Rev10,10,W019,PX-7500,CH-C,EDG-05,Edge,0.84,130.9,39.78,39.52,36.1,1716.0,True,True,True,True,0,0.0,
535,Rev10,10,W019,PX-7500,CH-C,EDG-06,Edge,0.84,163.6,37.87,40.47,36.57,1705.3,True,True,True,True,0,0.0,
536,Rev10,10,W019,PX-7500,CH-C,EDG-07,Edge,0.84,196.4,37.62,40.74,38.01,1752.2,True,True,True,True,0,0.0,
537,Rev10,10,W019,PX-7500,CH-C,EDG-08,Edge,0.84,229.1,37.59,39.39,38.12,1840.8,True,True,True,False,1,5.24,esc_temp_drift
538,Rev10,10,W019,PX-7500,CH-C,EDG-09,Edge,0.84,261.8,37.74,38.1,35.84,1712.6,True,True,True,True,2,9.98,
539,Rev10,10,W019,PX-7500,CH-C,EDG-10,Edge,0.84,294.5,38.71,40.5,34.59,1910.5,True,True,True,False,1,4.28,endpoint_late
540,Rev10,10,W019,PX-7500,CH-C,EDG-11,Edge,0.84,327.3,38.4,39.74,37.19,1728.9,True,True,True,True,0,0.0,
541,Rev10,10,W019,PX-7500,CH-C,EXT-01,Extreme Edge,0.96,16.4,38.59,40.03,38.72,1708.2,True,True,True,True,1,2.94,polymer_residue
542,Rev10,10,W019,PX-7500,CH-C,EXT-02,Extreme Edge,0.96,49.1,40.51,40.96,35.02,1666.9,False,True,True,True,2,7.57,
543,Rev10,10,W019,PX-7500,CH-C,EXT-03,Extreme Edge,0.96,81.8,39.28,39.78,37.63,1770.1,True,True,True,False,1,5.91,polymer_residue
544,Rev10,10,W019,PX-7500,CH-C,EXT-04,Extreme Edge,0.96,114.5,39.46,41.21,35.63,1718.3,True,True,True,True,0,0.0,
545,Rev10,10,W019,PX-7500,CH-C,EXT-05,Extreme Edge,0.96,147.3,38.83,40.25,38.02,1830.7,True,True,True,False,0,0.0,
546,Rev10,10,W019,PX-7500,CH-C,EXT-06,Extreme Edge,0.96,180.0,39.78,39.01,36.66,1770.2,True,True,True,False,2,7.93,pressure_spike
547,Rev10,10,W019,PX-7500,CH-C,EXT-07,Extreme Edge,0.96,212.7,38.4,40.06,35.82,1777.4,True,True,True,False,2,5.38,
548,Rev10,10,W019,PX-7500,CH-C,EXT-08,Extreme Edge,0.96,245.5,38.63,39.51,36.47,1841.0,True,True,True,False,0,0.0,
549,Rev10,10,W019,PX-7500,CH-C,EXT-09,Extreme Edge,0.96,278.2,38.54,41.31,32.89,1792.9,True,True,False,False,0,0.0,
550,Rev10,10,W019,PX-7500,CH-C,EXT-10,Extreme Edge,0.96,310.9,38.9,40.42,35.94,1788.6,True,True,True,False,0,0.0,
551,Rev10,10,W019,PX-7500,CH-C,EXT-11,Extreme Edge,0.96,343.6,39.65,40.78,34.41,1776.6,True,True,True,False,0,0.0,
552,Rev2,2,W020,PX-7500,CH-C,C1,Center,0.0,0.0,38.97,40.86,38.08,1639.5,True,True,True,True,1,6.05,polymer_residue
553,Rev2,2,W020,PX-7500,CH-C,MID-01,Mid,0.52,30.0,39.09,40.39,41.17,1642.7,True,True,False,True,0,0.0,
554,Rev2,2,W020,PX-7500,CH-C,MID-02,Mid,0.52,90.0,38.96,40.53,38.66,1604.3,True,True,True,True,0,0.0,
555,Rev2,2,W020,PX-7500,CH-C,MID-03,Mid,0.52,150.0,39.45,40.31,38.56,1649.1,True,True,True,True,0,0.0,
556,Rev2,2,W020,PX-7500,CH-C,MID-04,Mid,0.52,210.0,40.06,40.11,36.39,1615.8,True,True,True,True,0,0.0,
557,Rev2,2,W020,PX-7500,CH-C,MID-05,Mid,0.52,270.0,39.98,40.02,35.87,1558.9,True,True,True,False,0,0.0,
558,Rev2,2,W020,PX-7500,CH-C,MID-06,Mid,0.52,330.0,39.55,40.32,38.71,1623.6,True,True,True,True,0,0.0,
559,Rev2,2,W020,PX-7500,CH-C,EDG-01,Edge,0.84,0.0,40.77,41.45,38.42,1714.3,False,True,True,True,0,0.0,
560,Rev2,2,W020,PX-7500,CH-C,EDG-02,Edge,0.84,32.7,40.3,41.25,38.88,1670.4,True,True,True,True,2,8.2,
561,Rev2,2,W020,PX-7500,CH-C,EDG-03,Edge,0.84,65.5,41.26,40.99,36.84,1693.9,False,True,True,True,0,0.0,
562,Rev2,2,W020,PX-7500,CH-C,EDG-04,Edge,0.84,98.2,41.39,41.22,39.21,1600.8,False,True,True,True,0,0.0,
563,Rev2,2,W020,PX-7500,CH-C,EDG-05,Edge,0.84,130.9,41.95,42.54,39.44,1600.6,False,False,True,True,1,4.76,
564,Rev2,2,W020,PX-7500,CH-C,EDG-06,Edge,0.84,163.6,41.24,42.12,37.3,1793.2,False,False,True,False,0,0.0,
565,Rev2,2,W020,PX-7500,CH-C,EDG-07,Edge,0.84,196.4,40.58,41.24,39.78,1679.7,False,True,True,True,0,0.0,
566,Rev2,2,W020,PX-7500,CH-C,EDG-08,Edge,0.84,229.1,41.1,41.02,37.68,1695.8,False,True,True,True,1,2.08,arc_event
567,Rev2,2,W020,PX-7500,CH-C,EDG-09,Edge,0.84,261.8,40.71,41.27,39.12,1673.0,False,True,True,True,1,3.07,polymer_residue
568,Rev2,2,W020,PX-7500,CH-C,EDG-10,Edge,0.84,294.5,40.16,39.54,39.34,1687.7,True,True,True,True,0,0.0,
569,Rev2,2,W020,PX-7500,CH-C,EDG-11,Edge,0.84,327.3,40.29,43.48,40.14,1666.8,True,False,True,True,0,0.0,
570,Rev2,2,W020,PX-7500,CH-C,EXT-01,Extreme Edge,0.96,16.4,40.07,42.08,42.47,1719.0,True,False,False,True,0,0.0,
571,Rev2,2,W020,PX-7500,CH-C,EXT-02,Extreme Edge,0.96,49.1,41.85,42.22,37.0,1608.0,False,False,True,True,1,3.73,
572,Rev2,2,W020,PX-7500,CH-C,EXT-03,Extreme Edge,0.96,81.8,40.5,41.17,41.94,1697.1,False,True,False,True,1,5.76,pressure_spike
573,Rev2,2,W020,PX-7500,CH-C,EXT-04,Extreme Edge,0.96,114.5,41.72,41.45,37.53,1624.1,False,True,True,True,0,0.0,
574,Rev2,2,W020,PX-7500,CH-C,EXT-05,Extreme Edge,0.96,147.3,42.1,41.71,40.88,1725.4,False,True,False,True,1,2.31,polymer_residue
575,Rev2,2,W020,PX-7500,CH-C,EXT-06,Extreme Edge,0.96,180.0,41.72,41.07,40.05,1642.1,False,True,True,True,2,8.74,
576,Rev2,2,W020,PX-7500,CH-C,EXT-07,Extreme Edge,0.96,212.7,41.97,42.7,40.29,1743.0,False,False,True,True,0,0.0,
577,Rev2,2,W020,PX-7500,CH-C,EXT-08,Extreme Edge,0.96,245.5,40.62,40.51,39.41,1640.4,False,True,True,True,1,3.26,
578,Rev2,2,W020,PX-7500,CH-C,EXT-09,Extreme Edge,0.96,278.2,41.17,42.34,40.72,1662.0,False,False,False,True,0,0.0,
579,Rev2,2,W020,PX-7500,CH-C,EXT-10,Extreme Edge,0.96,310.9,41.26,40.56,42.02,1714.8,False,True,False,True,0,0.0,
580,Rev2,2,W020,PX-7500,CH-C,EXT-11,Extreme Edge,0.96,343.6,41.9,41.58,39.8,1744.4,False,True,True,True,1,3.37,endpoint_late
581,Rev3,3,W021,PX-7500,CH-D,C1,Center,0.0,0.0,39.88,39.1,35.64,1547.2,True,True,True,False,1,2.73,pressure_spike
582,Rev3,3,W021,PX-7500,CH-D,MID-01,Mid,0.52,30.0,40.01,39.85,37.52,1617.0,True,True,True,True,1,5.67,arc_event
583,Rev3,3,W021,PX-7500,CH-D,MID-02,Mid,0.52,90.0,40.01,41.01,33.87,1652.0,True,True,False,True,0,0.0,
584,Rev3,3,W021,PX-7500,CH-D,MID-03,Mid,0.52,150.0,39.94,40.69,37.02,1659.5,True,True,True,True,0,0.0,
585,Rev3,3,W021,PX-7500,CH-D,MID-04,Mid,0.52,210.0,40.38,41.28,38.5,1562.2,True,True,True,False,0,0.0,
586,Rev3,3,W021,PX-7500,CH-D,MID-05,Mid,0.52,270.0,40.23,40.66,39.57,1697.4,True,True,True,True,1,5.23,
587,Rev3,3,W021,PX-7500,CH-D,MID-06,Mid,0.52,330.0,39.97,41.88,37.78,1561.9,True,True,True,False,0,0.0,
588,Rev3,3,W021,PX-7500,CH-D,EDG-01,Edge,0.84,0.0,41.33,40.57,36.84,1672.4,False,True,True,True,1,4.82,polymer_residue
589,Rev3,3,W021,PX-7500,CH-D,EDG-02,Edge,0.84,32.7,42.01,41.33,38.77,1717.1,False,True,True,True,0,0.0,
590,Rev3,3,W021,PX-7500,CH-D,EDG-03,Edge,0.84,65.5,41.9,41.22,36.73,1573.4,False,True,True,False,1,3.69,
591,Rev3,3,W021,PX-7500,CH-D,EDG-04,Edge,0.84,98.2,41.35,42.56,37.3,1715.6,False,False,True,True,1,5.83,polymer_residue
592,Rev3,3,W021,PX-7500,CH-D,EDG-05,Edge,0.84,130.9,41.67,41.86,39.5,1587.1,False,True,True,True,0,0.0,
593,Rev3,3,W021,PX-7500,CH-D,EDG-06,Edge,0.84,163.6,41.39,40.62,39.91,1746.0,False,True,True,True,1,3.88,
594,Rev3,3,W021,PX-7500,CH-D,EDG-07,Edge,0.84,196.4,42.06,40.27,36.27,1612.4,False,True,True,True,1,4.4,
595,Rev3,3,W021,PX-7500,CH-D,EDG-08,Edge,0.84,229.1,41.02,40.33,35.4,1686.8,False,True,True,True,2,9.78,
596,Rev3,3,W021,PX-7500,CH-D,EDG-09,Edge,0.84,261.8,41.71,40.74,38.83,1720.5,False,True,True,True,0,0.0,
597,Rev3,3,W021,PX-7500,CH-D,EDG-10,Edge,0.84,294.5,40.93,41.13,38.0,1608.8,False,True,True,True,1,2.8,arc_event
598,Rev3,3,W021,PX-7500,CH-D,EDG-11,Edge,0.84,327.3,40.95,40.18,36.75,1657.7,False,True,True,True,0,0.0,
599,Rev3,3,W021,PX-7500,CH-D,EXT-01,Extreme Edge,0.96,16.4,41.55,40.91,39.07,1619.7,False,True,True,True,0,0.0,
600,Rev3,3,W021,PX-7500,CH-D,EXT-02,Extreme Edge,0.96,49.1,43.85,42.31,38.41,1689.4,False,False,True,True,0,0.0,
601,Rev3,3,W021,PX-7500,CH-D,EXT-03,Extreme Edge,0.96,81.8,42.29,41.79,37.71,1659.2,False,True,True,True,0,0.0,
602,Rev3,3,W021,PX-7500,CH-D,EXT-04,Extreme Edge,0.96,114.5,41.98,41.27,37.53,1691.2,False,True,True,True,0,0.0,
603,Rev3,3,W021,PX-7500,CH-D,EXT-05,Extreme Edge,0.96,147.3,41.97,41.91,39.2,1720.7,False,True,True,True,0,0.0,
604,Rev3,3,W021,PX-7500,CH-D,EXT-06,Extreme Edge,0.96,180.0,42.26,41.32,40.37,1689.3,False,True,True,True,0,0.0,
605,Rev3,3,W021,PX-7500,CH-D,EXT-07,Extreme Edge,0.96,212.7,42.51,42.26,38.41,1702.5,False,False,True,True,1,4.85,endpoint_late
606,Rev3,3,W021,PX-7500,CH-D,EXT-08,Extreme Edge,0.96,245.5,41.09,40.78,38.35,1667.7,False,True,True,True,1,5.62,pressure_spike
607,Rev3,3,W021,PX-7500,CH-D,EXT-09,Extreme Edge,0.96,278.2,41.26,40.64,40.09,1672.9,False,True,True,True,1,4.16,polymer_residue
608,Rev3,3,W021,PX-7500,CH-D,EXT-10,Extreme Edge,0.96,310.9,41.18,41.74,37.35,1638.1,False,True,True,True,1,2.34,
609,Rev3,3,W021,PX-7500,CH-D,EXT-11,Extreme Edge,0.96,343.6,42.23,42.92,39.19,1707.7,False,False,True,True,2,9.7,polymer_residue
610,Rev8,8,W022,AE-3200,CH-A,C1,Center,0.0,0.0,37.42,39.58,38.25,1764.8,True,True,True,False,1,3.62,
611,Rev8,8,W022,AE-3200,CH-A,MID-01,Mid,0.52,30.0,37.38,39.09,37.59,1796.1,True,True,True,False,0,0.0,
612,Rev8,8,W022,AE-3200,CH-A,MID-02,Mid,0.52,90.0,38.29,40.07,36.34,1829.0,True,True,True,False,1,6.36,
613,Rev8,8,W022,AE-3200,CH-A,MID-03,Mid,0.52,150.0,37.93,39.25,37.31,1809.1,True,True,True,False,0,0.0,
614,Rev8,8,W022,AE-3200,CH-A,MID-04,Mid,0.52,210.0,37.72,39.3,36.91,1752.9,True,True,True,True,0,0.0,
615,Rev8,8,W022,AE-3200,CH-A,MID-05,Mid,0.52,270.0,37.41,39.17,38.0,1800.6,True,True,True,False,1,3.04,arc_event
616,Rev8,8,W022,AE-3200,CH-A,MID-06,Mid,0.52,330.0,37.91,39.43,34.79,1851.9,True,True,True,False,0,0.0,
617,Rev8,8,W022,AE-3200,CH-A,EDG-01,Edge,0.84,0.0,38.59,40.01,37.35,1921.7,True,True,True,False,0,0.0,
618,Rev8,8,W022,AE-3200,CH-A,EDG-02,Edge,0.84,32.7,38.79,40.21,37.64,1847.1,True,True,True,False,1,5.94,pressure_spike
619,Rev8,8,W022,AE-3200,CH-A,EDG-03,Edge,0.84,65.5,39.39,39.89,39.69,1780.8,True,True,True,False,0,0.0,
620,Rev8,8,W022,AE-3200,CH-A,EDG-04,Edge,0.84,98.2,39.12,40.6,37.93,1905.2,True,True,True,False,0,0.0,
621,Rev8,8,W022,AE-3200,CH-A,EDG-05,Edge,0.84,130.9,39.51,39.07,38.51,1793.6,True,True,True,False,0,0.0,
622,Rev8,8,W022,AE-3200,CH-A,EDG-06,Edge,0.84,163.6,39.15,39.1,39.35,1796.2,True,True,True,False,0,0.0,
623,Rev8,8,W022,AE-3200,CH-A,EDG-07,Edge,0.84,196.4,38.93,39.74,40.68,1729.5,True,True,False,True,1,4.8,arc_event
624,Rev8,8,W022,AE-3200,CH-A,EDG-08,Edge,0.84,229.1,39.54,39.18,37.11,1820.4,True,True,True,False,0,0.0,
625,Rev8,8,W022,AE-3200,CH-A,EDG-09,Edge,0.84,261.8,39.96,39.27,36.41,1890.6,True,True,True,False,0,0.0,
626,Rev8,8,W022,AE-3200,CH-A,EDG-10,Edge,0.84,294.5,38.09,41.23,37.21,1729.1,True,True,True,True,0,0.0,
627,Rev8,8,W022,AE-3200,CH-A,EDG-11,Edge,0.84,327.3,38.67,40.35,35.84,1888.2,True,True,True,False,0,0.0,
628,Rev8,8,W022,AE-3200,CH-A,EXT-01,Extreme Edge,0.96,16.4,40.7,40.49,38.29,1816.7,False,True,True,False,1,5.76,polymer_residue
629,Rev8,8,W022,AE-3200,CH-A,EXT-02,Extreme Edge,0.96,49.1,39.45,40.07,40.14,1867.5,True,True,True,False,0,0.0,
630,Rev8,8,W022,AE-3200,CH-A,EXT-03,Extreme Edge,0.96,81.8,39.25,40.98,40.06,1864.1,True,True,True,False,0,0.0,
631,Rev8,8,W022,AE-3200,CH-A,EXT-04,Extreme Edge,0.96,114.5,39.28,40.16,39.35,1841.9,True,True,True,False,0,0.0,
632,Rev8,8,W022,AE-3200,CH-A,EXT-05,Extreme Edge,0.96,147.3,40.14,41.97,39.57,1808.6,True,True,True,False,0,0.0,
633,Rev8,8,W022,AE-3200,CH-A,EXT-06,Extreme Edge,0.96,180.0,39.32,40.35,38.59,1699.0,True,True,True,True,3,10.26,polymer_residue
634,Rev8,8,W022,AE-3200,CH-A,EXT-07,Extreme Edge,0.96,212.7,39.51,40.56,40.73,1798.4,True,True,False,False,1,5.6,polymer_residue
635,Rev8,8,W022,AE-3200,CH-A,EXT-08,Extreme Edge,0.96,245.5,40.32,40.93,37.99,1768.6,True,True,True,False,0,0.0,
636,Rev8,8,W022,AE-3200,CH-A,EXT-09,Extreme Edge,0.96,278.2,39.19,40.3,38.45,1861.8,True,True,True,False,2,7.76,endpoint_late
637,Rev8,8,W022,AE-3200,CH-A,EXT-10,Extreme Edge,0.96,310.9,40.06,42.49,41.76,1778.9,True,False,False,False,0,0.0,
638,Rev8,8,W022,AE-3200,CH-A,EXT-11,Extreme Edge,0.96,343.6,40.06,41.51,35.6,1913.6,True,True,True,False,1,5.63,
639,Rev2,2,W023,PX-7500,CH-C,C1,Center,0.0,0.0,39.72,39.76,38.74,1586.0,True,True,True,True,0,0.0,
640,Rev2,2,W023,PX-7500,CH-C,MID-01,Mid,0.52,30.0,39.65,41.46,38.69,1538.5,True,True,True,False,1,5.22,
641,Rev2,2,W023,PX-7500,CH-C,MID-02,Mid,0.52,90.0,39.28,41.29,36.89,1622.7,True,True,True,True,0,0.0,
642,Rev2,2,W023,PX-7500,CH-C,MID-03,Mid,0.52,150.0,39.41,43.32,41.45,1665.0,True,False,False,True,0,0.0,
643,Rev2,2,W023,PX-7500,CH-C,MID-04,Mid,0.52,210.0,39.38,41.36,38.24,1529.9,True,True,True,False,0,0.0,
644,Rev2,2,W023,PX-7500,CH-C,MID-05,Mid,0.52,270.0,39.45,41.12,39.98,1628.7,True,True,True,True,1,3.57,polymer_residue
645,Rev2,2,W023,PX-7500,CH-C,MID-06,Mid,0.52,330.0,39.89,40.99,36.98,1523.7,True,True,True,False,1,2.26,
646,Rev2,2,W023,PX-7500,CH-C,EDG-01,Edge,0.84,0.0,40.84,41.49,39.45,1631.8,False,True,True,True,1,4.39,polymer_residue
647,Rev2,2,W023,PX-7500,CH-C,EDG-02,Edge,0.84,32.7,40.18,40.44,41.47,1625.3,True,True,False,True,0,0.0,
648,Rev2,2,W023,PX-7500,CH-C,EDG-03,Edge,0.84,65.5,40.6,41.53,36.84,1645.1,False,True,True,True,0,0.0,
649,Rev2,2,W023,PX-7500,CH-C,EDG-04,Edge,0.84,98.2,40.31,41.42,38.54,1661.8,True,True,True,True,1,4.38,polymer_residue
650,Rev2,2,W023,PX-7500,CH-C,EDG-05,Edge,0.84,130.9,41.65,40.5,37.29,1579.8,False,True,True,False,2,10.26,
651,Rev2,2,W023,PX-7500,CH-C,EDG-06,Edge,0.84,163.6,41.18,41.96,38.45,1632.2,False,True,True,True,1,2.25,polymer_residue
652,Rev2,2,W023,PX-7500,CH-C,EDG-07,Edge,0.84,196.4,41.27,42.26,38.66,1692.2,False,False,True,True,1,4.29,arc_event
653,Rev2,2,W023,PX-7500,CH-C,EDG-08,Edge,0.84,229.1,41.12,42.63,39.12,1658.8,False,False,True,True,2,10.08,
654,Rev2,2,W023,PX-7500,CH-C,EDG-09,Edge,0.84,261.8,40.95,40.37,37.69,1705.3,False,True,True,True,2,6.75,
655,Rev2,2,W023,PX-7500,CH-C,EDG-10,Edge,0.84,294.5,41.59,40.37,41.44,1645.4,False,True,False,True,0,0.0,
656,Rev2,2,W023,PX-7500,CH-C,EDG-11,Edge,0.84,327.3,40.39,42.15,36.31,1617.9,True,False,True,True,1,4.31,
657,Rev2,2,W023,PX-7500,CH-C,EXT-01,Extreme Edge,0.96,16.4,41.85,43.68,38.9,1684.8,False,False,True,True,0,0.0,
658,Rev2,2,W023,PX-7500,CH-C,EXT-02,Extreme Edge,0.96,49.1,42.21,43.21,36.64,1638.1,False,False,True,True,1,3.88,
659,Rev2,2,W023,PX-7500,CH-C,EXT-03,Extreme Edge,0.96,81.8,41.42,42.09,39.34,1703.6,False,False,True,True,1,1.91,polymer_residue
660,Rev2,2,W023,PX-7500,CH-C,EXT-04,Extreme Edge,0.96,114.5,40.71,41.92,38.23,1663.3,False,True,True,True,1,2.08,polymer_residue
661,Rev2,2,W023,PX-7500,CH-C,EXT-05,Extreme Edge,0.96,147.3,41.43,42.48,40.46,1661.2,False,False,False,True,1,5.19,
662,Rev2,2,W023,PX-7500,CH-C,EXT-06,Extreme Edge,0.96,180.0,41.62,41.38,40.89,1643.8,False,True,False,True,1,2.52,polymer_residue
663,Rev2,2,W023,PX-7500,CH-C,EXT-07,Extreme Edge,0.96,212.7,42.08,42.59,40.49,1652.5,False,False,False,True,2,10.7,arc_event
664,Rev2,2,W023,PX-7500,CH-C,EXT-08,Extreme Edge,0.96,245.5,41.44,41.99,38.75,1668.3,False,True,True,True,0,0.0,
665,Rev2,2,W023,PX-7500,CH-C,EXT-09,Extreme Edge,0.96,278.2,40.58,43.06,37.97,1645.4,False,False,True,True,1,4.1,
666,Rev2,2,W023,PX-7500,CH-C,EXT-10,Extreme Edge,0.96,310.9,41.3,42.67,40.98,1658.5,False,False,False,True,0,0.0,
667,Rev2,2,W023,PX-7500,CH-C,EXT-11,Extreme Edge,0.96,343.6,41.37,42.28,37.07,1695.7,False,False,True,True,1,5.8,endpoint_late
668,Rev7,7,W024,PX-7500,CH-D,C1,Center,0.0,0.0,38.06,38.14,36.48,1728.5,True,True,True,True,0,0.0,
669,Rev7,7,W024,PX-7500,CH-D,MID-01,Mid,0.52,30.0,38.28,38.56,38.57,1742.1,True,True,True,True,1,4.86,esc_temp_drift
670,Rev7,7,W024,PX-7500,CH-D,MID-02,Mid,0.52,90.0,38.84,39.65,36.49,1751.0,True,True,True,True,0,0.0,
671,Rev7,7,W024,PX-7500,CH-D,MID-03,Mid,0.52,150.0,38.82,39.5,37.73,1709.5,True,True,True,True,0,0.0,
672,Rev7,7,W024,PX-7500,CH-D,MID-04,Mid,0.52,210.0,38.64,39.09,35.91,1690.2,True,True,True,True,1,2.64,arc_event
673,Rev7,7,W024,PX-7500,CH-D,MID-05,Mid,0.52,270.0,38.26,39.14,37.48,1638.1,True,True,True,True,0,0.0,
674,Rev7,7,W024,PX-7500,CH-D,MID-06,Mid,0.52,330.0,38.62,38.81,34.79,1702.1,True,True,True,True,0,0.0,
675,Rev7,7,W024,PX-7500,CH-D,EDG-01,Edge,0.84,0.0,39.94,39.7,36.44,1775.8,True,True,True,False,1,6.43,
676,Rev7,7,W024,PX-7500,CH-D,EDG-02,Edge,0.84,32.7,39.41,39.54,38.52,1808.0,True,True,True,False,0,0.0,
677,Rev7,7,W024,PX-7500,CH-D,EDG-03,Edge,0.84,65.5,38.94,39.63,35.78,1820.8,True,True,True,False,0,0.0,
678,Rev7,7,W024,PX-7500,CH-D,EDG-04,Edge,0.84,98.2,39.75,41.48,36.73,1716.2,True,True,True,True,0,0.0,
679,Rev7,7,W024,PX-7500,CH-D,EDG-05,Edge,0.84,130.9,39.99,40.73,39.0,1707.7,True,True,True,True,2,12.9,
680,Rev7,7,W024,PX-7500,CH-D,EDG-06,Edge,0.84,163.6,39.68,40.1,38.16,1766.8,True,True,True,False,1,4.37,
681,Rev7,7,W024,PX-7500,CH-D,EDG-07,Edge,0.84,196.4,39.42,39.89,38.09,1744.7,True,True,True,True,0,0.0,
682,Rev7,7,W024,PX-7500,CH-D,EDG-08,Edge,0.84,229.1,39.09,39.2,37.07,1693.0,True,True,True,True,1,2.91,polymer_residue
683,Rev7,7,W024,PX-7500,CH-D,EDG-09,Edge,0.84,261.8,38.56,41.07,35.24,1793.4,True,True,True,False,1,4.67,endpoint_late
684,Rev7,7,W024,PX-7500,CH-D,EDG-10,Edge,0.84,294.5,39.19,39.94,35.81,1704.0,True,True,True,True,0,0.0,
685,Rev7,7,W024,PX-7500,CH-D,EDG-11,Edge,0.84,327.3,39.49,40.17,36.02,1742.8,True,True,True,True,0,0.0,
686,Rev7,7,W024,PX-7500,CH-D,EXT-01,Extreme Edge,0.96,16.4,39.81,39.97,36.75,1686.1,True,True,True,True,0,0.0,
687,Rev7,7,W024,PX-7500,CH-D,EXT-02,Extreme Edge,0.96,49.1,41.21,39.55,36.99,1739.2,False,True,True,True,1,4.51,polymer_residue
688,Rev7,7,W024,PX-7500,CH-D,EXT-03,Extreme Edge,0.96,81.8,40.07,41.63,36.63,1726.6,True,True,True,True,0,0.0,
689,Rev7,7,W024,PX-7500,CH-D,EXT-04,Extreme Edge,0.96,114.5,40.23,40.61,37.8,1668.0,True,True,True,True,0,0.0,
690,Rev7,7,W024,PX-7500,CH-D,EXT-05,Extreme Edge,0.96,147.3,40.53,40.29,36.9,1762.6,False,True,True,False,0,0.0,
691,Rev7,7,W024,PX-7500,CH-D,EXT-06,Extreme Edge,0.96,180.0,39.05,39.57,38.2,1800.1,True,True,True,False,0,0.0,
692,Rev7,7,W024,PX-7500,CH-D,EXT-07,Extreme Edge,0.96,212.7,40.55,40.82,37.36,1754.1,False,True,True,True,1,5.3,
693,Rev7,7,W024,PX-7500,CH-D,EXT-08,Extreme Edge,0.96,245.5,40.72,39.46,37.91,1798.0,False,True,True,False,2,10.45,polymer_residue
694,Rev7,7,W024,PX-7500,CH-D,EXT-09,Extreme Edge,0.96,278.2,41.24,39.5,36.76,1778.7,False,True,True,False,1,4.92,
695,Rev7,7,W024,PX-7500,CH-D,EXT-10,Extreme Edge,0.96,310.9,39.97,40.43,36.37,1692.8,True,True,True,True,1,2.05,
696,Rev7,7,W024,PX-7500,CH-D,EXT-11,Extreme Edge,0.96,343.6,39.76,40.05,35.49,1761.9,True,True,True,False,0,0.0,
697,Rev5,5,W025,AE-3200,CH-B,C1,Center,0.0,0.0,38.41,39.0,39.03,1608.5,True,True,True,True,0,0.0,
698,Rev5,5,W025,AE-3200,CH-B,MID-01,Mid,0.52,30.0,39.48,38.01,35.6,1691.4,True,True,True,True,1,4.72,
699,Rev5,5,W025,AE-3200,CH-B,MID-02,Mid,0.52,90.0,39.56,41.23,38.3,1670.0,True,True,True,True,1,3.09,
700,Rev5,5,W025,AE-3200,CH-B,MID-03,Mid,0.52,150.0,39.47,38.88,38.54,1662.0,True,True,True,True,2,12.66,
701,Rev5,5,W025,AE-3200,CH-B,MID-04,Mid,0.52,210.0,39.0,40.89,38.05,1648.0,True,True,True,True,0,0.0,
702,Rev5,5,W025,AE-3200,CH-B,MID-05,Mid,0.52,270.0,39.66,40.4,38.53,1605.7,True,True,True,True,1,2.16,
703,Rev5,5,W025,AE-3200,CH-B,MID-06,Mid,0.52,330.0,38.4,40.16,39.04,1575.8,True,True,True,False,0,0.0,
704,Rev5,5,W025,AE-3200,CH-B,EDG-01,Edge,0.84,0.0,40.42,40.47,39.87,1585.2,False,True,True,True,0,0.0,
705,Rev5,5,W025,AE-3200,CH-B,EDG-02,Edge,0.84,32.7,39.98,42.91,39.9,1561.8,True,False,True,False,3,6.69,
706,Rev5,5,W025,AE-3200,CH-B,EDG-03,Edge,0.84,65.5,40.49,39.78,39.56,1573.2,False,True,True,False,0,0.0,
707,Rev5,5,W025,AE-3200,CH-B,EDG-04,Edge,0.84,98.2,40.64,40.72,41.74,1657.4,False,True,False,True,0,0.0,
708,Rev5,5,W025,AE-3200,CH-B,EDG-05,Edge,0.84,130.9,40.91,40.85,41.8,1688.9,False,True,False,True,2,11.9,
709,Rev5,5,W025,AE-3200,CH-B,EDG-06,Edge,0.84,163.6,39.49,41.21,39.73,1594.4,True,True,True,True,0,0.0,
710,Rev5,5,W025,AE-3200,CH-B,EDG-07,Edge,0.84,196.4,39.83,39.48,39.67,1594.2,True,True,True,True,0,0.0,
711,Rev5,5,W025,AE-3200,CH-B,EDG-08,Edge,0.84,229.1,39.91,42.38,36.84,1634.5,True,False,True,True,1,4.19,
712,Rev5,5,W025,AE-3200,CH-B,EDG-09,Edge,0.84,261.8,40.29,40.59,39.26,1580.2,True,True,True,True,0,0.0,
713,Rev5,5,W025,AE-3200,CH-B,EDG-10,Edge,0.84,294.5,40.58,41.18,38.67,1709.8,False,True,True,True,0,0.0,
714,Rev5,5,W025,AE-3200,CH-B,EDG-11,Edge,0.84,327.3,39.57,40.96,37.99,1619.8,True,True,True,True,0,0.0,
715,Rev5,5,W025,AE-3200,CH-B,EXT-01,Extreme Edge,0.96,16.4,40.32,41.1,38.6,1625.1,True,True,True,True,0,0.0,
716,Rev5,5,W025,AE-3200,CH-B,EXT-02,Extreme Edge,0.96,49.1,41.39,41.49,36.92,1681.7,False,True,True,True,0,0.0,
717,Rev5,5,W025,AE-3200,CH-B,EXT-03,Extreme Edge,0.96,81.8,40.76,41.79,39.57,1680.7,False,True,True,True,2,8.15,pressure_spike
718,Rev5,5,W025,AE-3200,CH-B,EXT-04,Extreme Edge,0.96,114.5,40.98,41.32,36.92,1675.7,False,True,True,True,1,4.59,
719,Rev5,5,W025,AE-3200,CH-B,EXT-05,Extreme Edge,0.96,147.3,40.71,40.76,39.63,1629.7,False,True,True,True,0,0.0,
720,Rev5,5,W025,AE-3200,CH-B,EXT-06,Extreme Edge,0.96,180.0,41.13,40.81,39.73,1655.3,False,True,True,True,0,0.0,
721,Rev5,5,W025,AE-3200,CH-B,EXT-07,Extreme Edge,0.96,212.7,38.94,41.23,36.75,1632.9,True,True,True,True,0,0.0,
722,Rev5,5,W025,AE-3200,CH-B,EXT-08,Extreme Edge,0.96,245.5,40.05,40.98,39.44,1681.4,True,True,True,True,1,1.96,pressure_spike
723,Rev5,5,W025,AE-3200,CH-B,EXT-09,Extreme Edge,0.96,278.2,41.35,41.12,39.65,1600.4,False,True,True,True,1,2.58,
724,Rev5,5,W025,AE-3200,CH-B,EXT-10,Extreme Edge,0.96,310.9,41.38,40.16,38.59,1715.9,False,True,True,True,0,0.0,
725,Rev5,5,W025,AE-3200,CH-B,EXT-11,Extreme Edge,0.96,343.6,39.63,41.45,37.79,1629.4,True,True,True,True,0,0.0,
726,Rev3,3,W026,PX-7500,CH-D,C1,Center,0.0,0.0,40.34,41.0,34.43,1689.0,True,True,True,True,0,0.0,
727,Rev3,3,W026,PX-7500,CH-D,MID-01,Mid,0.52,30.0,40.83,40.22,34.89,1655.1,False,True,True,True,0,0.0,
728,Rev3,3,W026,PX-7500,CH-D,MID-02,Mid,0.52,90.0,41.58,40.84,33.0,1718.6,False,True,False,True,0,0.0,
729,Rev3,3,W026,PX-7500,CH-D,MID-03,Mid,0.52,150.0,40.83,42.08,34.17,1751.5,False,False,False,True,0,0.0,
730,Rev3,3,W026,PX-7500,CH-D,MID-04,Mid,0.52,210.0,40.66,40.24,33.7,1636.2,False,True,False,True,1,4.76,esc_temp_drift
731,Rev3,3,W026,PX-7500,CH-D,MID-05,Mid,0.52,270.0,41.79,40.38,36.73,1658.5,False,True,True,True,1,2.49,polymer_residue
732,Rev3,3,W026,PX-7500,CH-D,MID-06,Mid,0.52,330.0,40.82,42.16,34.55,1635.8,False,False,True,True,0,0.0,
733,Rev3,3,W026,PX-7500,CH-D,EDG-01,Edge,0.84,0.0,42.73,40.73,37.4,1694.5,False,True,True,True,0,0.0,
734,Rev3,3,W026,PX-7500,CH-D,EDG-02,Edge,0.84,32.7,42.72,41.21,36.75,1714.5,False,True,True,True,1,3.46,esc_temp_drift
735,Rev3,3,W026,PX-7500,CH-D,EDG-03,Edge,0.84,65.5,43.0,41.31,40.65,1741.3,False,True,False,True,0,0.0,
736,Rev3,3,W026,PX-7500,CH-D,EDG-04,Edge,0.84,98.2,42.25,41.3,35.02,1746.4,False,True,True,True,0,0.0,
737,Rev3,3,W026,PX-7500,CH-D,EDG-05,Edge,0.84,130.9,42.77,40.55,36.17,1666.6,False,True,True,True,0,0.0,
738,Rev3,3,W026,PX-7500,CH-D,EDG-06,Edge,0.84,163.6,42.46,40.95,39.29,1653.7,False,True,True,True,0,0.0,
739,Rev3,3,W026,PX-7500,CH-D,EDG-07,Edge,0.84,196.4,43.1,39.38,37.57,1712.1,False,True,True,True,1,6.24,endpoint_late
740,Rev3,3,W026,PX-7500,CH-D,EDG-08,Edge,0.84,229.1,42.69,42.08,36.83,1720.3,False,False,True,True,0,0.0,
741,Rev3,3,W026,PX-7500,CH-D,EDG-09,Edge,0.84,261.8,42.06,41.22,36.01,1649.9,False,True,True,True,1,6.34,polymer_residue
742,Rev3,3,W026,PX-7500,CH-D,EDG-10,Edge,0.84,294.5,41.91,40.88,36.02,1787.2,False,True,True,False,1,4.87,polymer_residue
743,Rev3,3,W026,PX-7500,CH-D,EDG-11,Edge,0.84,327.3,42.47,41.17,37.04,1667.7,False,True,True,True,1,5.49,polymer_residue
744,Rev3,3,W026,PX-7500,CH-D,EXT-01,Extreme Edge,0.96,16.4,43.31,40.99,36.85,1694.5,False,True,True,True,1,4.09,
745,Rev3,3,W026,PX-7500,CH-D,EXT-02,Extreme Edge,0.96,49.1,43.25,41.5,36.95,1712.4,False,True,True,True,2,12.6,pressure_spike
746,Rev3,3,W026,PX-7500,CH-D,EXT-03,Extreme Edge,0.96,81.8,42.5,40.89,37.92,1670.3,False,True,True,True,1,2.0,
747,Rev3,3,W026,PX-7500,CH-D,EXT-04,Extreme Edge,0.96,114.5,42.18,42.79,37.46,1641.7,False,False,True,True,1,4.63,arc_event
748,Rev3,3,W026,PX-7500,CH-D,EXT-05,Extreme Edge,0.96,147.3,42.68,40.03,37.52,1729.9,False,True,True,True,0,0.0,
749,Rev3,3,W026,PX-7500,CH-D,EXT-06,Extreme Edge,0.96,180.0,42.66,39.51,38.47,1774.5,False,True,True,False,0,0.0,
750,Rev3,3,W026,PX-7500,CH-D,EXT-07,Extreme Edge,0.96,212.7,42.13,41.48,36.34,1778.6,False,True,True,False,2,4.83,polymer_residue
751,Rev3,3,W026,PX-7500,CH-D,EXT-08,Extreme Edge,0.96,245.5,43.33,40.32,37.61,1708.5,False,True,True,True,1,6.37,polymer_residue
752,Rev3,3,W026,PX-7500,CH-D,EXT-09,Extreme Edge,0.96,278.2,43.16,43.05,37.28,1714.6,False,False,True,True,1,3.46,
753,Rev3,3,W026,PX-7500,CH-D,EXT-10,Extreme Edge,0.96,310.9,42.58,39.85,38.3,1690.5,False,True,True,True,1,3.1,
754,Rev3,3,W026,PX-7500,CH-D,EXT-11,Extreme Edge,0.96,343.6,41.45,41.01,37.43,1641.9,False,True,True,True,0,0.0,
755,Base,0,W027,AE-3200,CH-A,C1,Center,0.0,0.0,39.99,38.91,34.35,1453.3,True,True,True,False,2,4.31,polymer_residue
756,Base,0,W027,AE-3200,CH-A,MID-01,Mid,0.52,30.0,40.66,40.32,35.75,1530.8,False,True,True,False,1,2.62,polymer_residue
757,Base,0,W027,AE-3200,CH-A,MID-02,Mid,0.52,90.0,39.96,41.36,34.67,1538.3,True,True,True,False,0,0.0,
758,Base,0,W027,AE-3200,CH-A,MID-03,Mid,0.52,150.0,39.8,41.42,35.27,1551.3,True,True,True,False,0,0.0,
759,Base,0,W027,AE-3200,CH-A,MID-04,Mid,0.52,210.0,40.42,40.14,36.42,1577.9,False,True,True,False,0,0.0,
760,Base,0,W027,AE-3200,CH-A,MID-05,Mid,0.52,270.0,39.68,40.55,34.13,1580.2,True,True,False,True,0,0.0,
761,Base,0,W027,AE-3200,CH-A,MID-06,Mid,0.52,330.0,40.36,41.0,35.85,1525.6,True,True,True,False,0,0.0,
762,Base,0,W027,AE-3200,CH-A,EDG-01,Edge,0.84,0.0,41.06,41.35,37.8,1558.9,False,True,True,False,0,0.0,
763,Base,0,W027,AE-3200,CH-A,EDG-02,Edge,0.84,32.7,41.24,40.21,34.96,1580.0,False,True,True,False,2,5.37,polymer_residue
764,Base,0,W027,AE-3200,CH-A,EDG-03,Edge,0.84,65.5,42.04,40.44,35.49,1580.6,False,True,True,True,0,0.0,
765,Base,0,W027,AE-3200,CH-A,EDG-04,Edge,0.84,98.2,41.69,40.03,36.91,1545.2,False,True,True,False,2,12.1,endpoint_late
766,Base,0,W027,AE-3200,CH-A,EDG-05,Edge,0.84,130.9,41.99,40.66,35.55,1574.0,False,True,True,False,0,0.0,
767,Base,0,W027,AE-3200,CH-A,EDG-06,Edge,0.84,163.6,41.36,41.32,37.27,1599.0,False,True,True,True,0,0.0,
768,Base,0,W027,AE-3200,CH-A,EDG-07,Edge,0.84,196.4,40.65,41.44,36.26,1546.6,False,True,True,False,0,0.0,
769,Base,0,W027,AE-3200,CH-A,EDG-08,Edge,0.84,229.1,41.51,41.78,35.9,1575.6,False,True,True,False,0,0.0,
770,Base,0,W027,AE-3200,CH-A,EDG-09,Edge,0.84,261.8,41.59,41.55,35.96,1586.9,False,True,True,True,0,0.0,
771,Base,0,W027,AE-3200,CH-A,EDG-10,Edge,0.84,294.5,41.79,40.97,32.28,1554.7,False,True,False,False,0,0.0,
772,Base,0,W027,AE-3200,CH-A,EDG-11,Edge,0.84,327.3,41.39,41.77,35.2,1578.6,False,True,True,False,1,2.94,
773,Base,0,W027,AE-3200,CH-A,EXT-01,Extreme Edge,0.96,16.4,41.2,42.49,37.1,1627.2,False,False,True,True,1,1.84,polymer_residue
774,Base,0,W027,AE-3200,CH-A,EXT-02,Extreme Edge,0.96,49.1,42.98,41.88,34.62,1606.1,False,True,True,True,0,0.0,
775,Base,0,W027,AE-3200,CH-A,EXT-03,Extreme Edge,0.96,81.8,43.01,42.77,36.09,1489.1,False,False,True,False,1,3.92,
776,Base,0,W027,AE-3200,CH-A,EXT-04,Extreme Edge,0.96,114.5,42.03,42.8,36.17,1598.4,False,False,True,True,3,9.95,
777,Base,0,W027,AE-3200,CH-A,EXT-05,Extreme Edge,0.96,147.3,41.58,41.25,34.35,1553.5,False,True,True,False,1,4.6,polymer_residue
778,Base,0,W027,AE-3200,CH-A,EXT-06,Extreme Edge,0.96,180.0,41.88,42.63,38.01,1487.0,False,False,True,False,2,10.8,
779,Base,0,W027,AE-3200,CH-A,EXT-07,Extreme Edge,0.96,212.7,42.82,40.32,34.15,1621.9,False,True,False,True,0,0.0,
780,Base,0,W027,AE-3200,CH-A,EXT-08,Extreme Edge,0.96,245.5,42.19,42.44,34.85,1628.1,False,False,True,True,1,4.84,esc_temp_drift
781,Base,0,W027,AE-3200,CH-A,EXT-09,Extreme Edge,0.96,278.2,42.14,42.8,36.77,1564.6,False,False,True,False,4,19.59,endpoint_late
782,Base,0,W027,AE-3200,CH-A,EXT-10,Extreme Edge,0.96,310.9,41.25,41.32,33.67,1624.4,False,True,False,True,1,4.46,polymer_residue
783,Base,0,W027,AE-3200,CH-A,EXT-11,Extreme Edge,0.96,343.6,41.84,41.64,35.89,1552.4,False,True,True,False,1,6.28,
784,Rev10,10,W028,PX-7500,CH-C,C1,Center,0.0,0.0,38.02,38.23,34.85,1706.8,True,True,True,True,0,0.0,
785,Rev10,10,W028,PX-7500,CH-C,MID-01,Mid,0.52,30.0,38.14,38.19,35.08,1733.7,True,True,True,True,1,4.65,
786,Rev10,10,W028,PX-7500,CH-C,MID-02,Mid,0.52,90.0,38.5,38.63,36.0,1679.9,True,True,True,True,0,0.0,
787,Rev10,10,W028,PX-7500,CH-C,MID-03,Mid,0.52,150.0,38.61,39.0,34.65,1676.6,True,True,True,True,0,0.0,
788,Rev10,10,W028,PX-7500,CH-C,MID-04,Mid,0.52,210.0,38.55,38.72,39.42,1585.0,True,True,True,True,0,0.0,
789,Rev10,10,W028,PX-7500,CH-C,MID-05,Mid,0.52,270.0,38.48,38.93,37.92,1735.6,True,True,True,True,0,0.0,
790,Rev10,10,W028,PX-7500,CH-C,MID-06,Mid,0.52,330.0,38.01,38.65,37.62,1778.2,True,True,True,False,1,3.68,esc_temp_drift
791,Rev10,10,W028,PX-7500,CH-C,EDG-01,Edge,0.84,0.0,39.18,39.47,36.86,1735.1,True,True,True,True,0,0.0,
792,Rev10,10,W028,PX-7500,CH-C,EDG-02,Edge,0.84,32.7,38.35,38.97,36.37,1750.1,True,True,True,True,0,0.0,
793,Rev10,10,W028,PX-7500,CH-C,EDG-03,Edge,0.84,65.5,39.49,39.11,38.6,1844.8,True,True,True,False,2,11.35,endpoint_late
794,Rev10,10,W028,PX-7500,CH-C,EDG-04,Edge,0.84,98.2,38.48,39.94,36.46,1776.8,True,True,True,False,0,0.0,
795,Rev10,10,W028,PX-7500,CH-C,EDG-05,Edge,0.84,130.9,38.66,39.2,37.52,1747.6,True,True,True,True,0,0.0,
796,Rev10,10,W028,PX-7500,CH-C,EDG-06,Edge,0.84,163.6,39.67,39.62,38.81,1726.1,True,True,True,True,1,5.72,polymer_residue
797,Rev10,10,W028,PX-7500,CH-C,EDG-07,Edge,0.84,196.4,38.88,39.49,38.66,1818.6,True,True,True,False,0,0.0,
798,Rev10,10,W028,PX-7500,CH-C,EDG-08,Edge,0.84,229.1,39.33,38.81,37.31,1697.5,True,True,True,True,1,2.31,
799,Rev10,10,W028,PX-7500,CH-C,EDG-09,Edge,0.84,261.8,39.11,38.97,40.87,1768.6,True,True,False,False,0,0.0,
800,Rev10,10,W028,PX-7500,CH-C,EDG-10,Edge,0.84,294.5,38.85,38.98,38.66,1729.3,True,True,True,True,1,3.65,polymer_residue
801,Rev10,10,W028,PX-7500,CH-C,EDG-11,Edge,0.84,327.3,39.73,38.74,39.19,1794.1,True,True,True,False,0,0.0,
802,Rev10,10,W028,PX-7500,CH-C,EXT-01,Extreme Edge,0.96,16.4,39.55,39.85,38.15,1762.6,True,True,True,False,0,0.0,
803,Rev10,10,W028,PX-7500,CH-C,EXT-02,Extreme Edge,0.96,49.1,39.69,39.43,38.2,1832.9,True,True,True,False,1,2.34,
804,Rev10,10,W028,PX-7500,CH-C,EXT-03,Extreme Edge,0.96,81.8,39.81,39.58,38.72,1706.9,True,True,True,True,0,0.0,
805,Rev10,10,W028,PX-7500,CH-C,EXT-04,Extreme Edge,0.96,114.5,39.95,40.65,40.35,1798.5,True,True,True,False,0,0.0,
806,Rev10,10,W028,PX-7500,CH-C,EXT-05,Extreme Edge,0.96,147.3,38.78,39.9,37.41,1785.2,True,True,True,False,1,5.63,
807,Rev10,10,W028,PX-7500,CH-C,EXT-06,Extreme Edge,0.96,180.0,38.85,40.76,38.25,1843.7,True,True,True,False,0,0.0,
808,Rev10,10,W028,PX-7500,CH-C,EXT-07,Extreme Edge,0.96,212.7,40.32,40.8,38.75,1743.2,True,True,True,True,0,0.0,
809,Rev10,10,W028,PX-7500,CH-C,EXT-08,Extreme Edge,0.96,245.5,39.85,40.95,36.27,1750.3,True,True,True,True,0,0.0,
810,Rev10,10,W028,PX-7500,CH-C,EXT-09,Extreme Edge,0.96,278.2,39.56,39.27,36.47,1714.6,True,True,True,True,0,0.0,
811,Rev10,10,W028,PX-7500,CH-C,EXT-10,Extreme Edge,0.96,310.9,40.68,39.69,38.9,1792.8,False,True,True,False,1,4.34,
812,Rev10,10,W028,PX-7500,CH-C,EXT-11,Extreme Edge,0.96,343.6,38.53,40.28,38.51,1723.1,True,True,True,True,0,0.0,
813,Rev1,1,W029,AE-3200,CH-B,C1,Center,0.0,0.0,39.3,40.51,37.26,1691.1,True,True,True,True,0,0.0,
814,Rev1,1,W029,AE-3200,CH-B,MID-01,Mid,0.52,30.0,40.74,41.2,38.23,1653.8,False,True,True,True,0,0.0,
815,Rev1,1,W029,AE-3200,CH-B,MID-02,Mid,0.52,90.0,40.55,40.47,38.49,1719.9,False,True,True,True,1,5.59,
816,Rev1,1,W029,AE-3200,CH-B,MID-03,Mid,0.52,150.0,39.94,40.75,40.15,1734.9,True,True,True,True,0,0.0,
817,Rev1,1,W029,AE-3200,CH-B,MID-04,Mid,0.52,210.0,40.5,41.63,39.8,1702.0,False,True,True,True,0,0.0,
818,Rev1,1,W029,AE-3200,CH-B,MID-05,Mid,0.52,270.0,41.23,40.75,39.52,1631.8,False,True,True,True,1,5.05,pressure_spike
819,Rev1,1,W029,AE-3200,CH-B,MID-06,Mid,0.52,330.0,39.96,40.59,40.18,1698.2,True,True,True,True,1,2.86,
820,Rev1,1,W029,AE-3200,CH-B,EDG-01,Edge,0.84,0.0,42.03,42.54,34.97,1789.8,False,False,True,False,1,4.02,polymer_residue
821,Rev1,1,W029,AE-3200,CH-B,EDG-02,Edge,0.84,32.7,41.38,41.52,38.42,1723.5,False,True,True,True,0,0.0,
822,Rev1,1,W029,AE-3200,CH-B,EDG-03,Edge,0.84,65.5,40.69,40.57,41.63,1735.5,False,True,False,True,0,0.0,
823,Rev1,1,W029,AE-3200,CH-B,EDG-04,Edge,0.84,98.2,40.14,39.94,40.52,1767.2,True,True,False,False,0,0.0,
824,Rev1,1,W029,AE-3200,CH-B,EDG-05,Edge,0.84,130.9,40.43,42.0,39.72,1732.1,False,True,True,True,1,6.08,esc_temp_drift
825,Rev1,1,W029,AE-3200,CH-B,EDG-06,Edge,0.84,163.6,42.2,40.41,36.26,1744.2,False,True,True,True,0,0.0,
826,Rev1,1,W029,AE-3200,CH-B,EDG-07,Edge,0.84,196.4,40.78,40.1,38.4,1721.4,False,True,True,True,1,2.58,
827,Rev1,1,W029,AE-3200,CH-B,EDG-08,Edge,0.84,229.1,41.66,41.27,36.33,1642.5,False,True,True,True,0,0.0,
828,Rev1,1,W029,AE-3200,CH-B,EDG-09,Edge,0.84,261.8,40.79,40.69,38.56,1703.8,False,True,True,True,0,0.0,
829,Rev1,1,W029,AE-3200,CH-B,EDG-10,Edge,0.84,294.5,40.76,40.46,39.26,1669.7,False,True,True,True,2,4.12,
830,Rev1,1,W029,AE-3200,CH-B,EDG-11,Edge,0.84,327.3,42.19,40.54,37.53,1726.8,False,True,True,True,0,0.0,
831,Rev1,1,W029,AE-3200,CH-B,EXT-01,Extreme Edge,0.96,16.4,42.04,42.2,38.97,1769.8,False,False,True,False,1,3.99,polymer_residue
832,Rev1,1,W029,AE-3200,CH-B,EXT-02,Extreme Edge,0.96,49.1,42.39,43.34,40.6,1737.1,False,False,False,True,1,6.15,
833,Rev1,1,W029,AE-3200,CH-B,EXT-03,Extreme Edge,0.96,81.8,42.1,42.81,37.67,1735.5,False,False,True,True,1,2.34,
834,Rev1,1,W029,AE-3200,CH-B,EXT-04,Extreme Edge,0.96,114.5,41.57,40.79,40.86,1609.4,False,True,False,True,1,3.27,
835,Rev1,1,W029,AE-3200,CH-B,EXT-05,Extreme Edge,0.96,147.3,41.37,41.99,38.28,1758.6,False,True,True,True,0,0.0,
836,Rev1,1,W029,AE-3200,CH-B,EXT-06,Extreme Edge,0.96,180.0,41.56,42.58,38.79,1746.6,False,False,True,True,4,11.58,
837,Rev1,1,W029,AE-3200,CH-B,EXT-07,Extreme Edge,0.96,212.7,41.83,40.71,38.69,1776.2,False,True,True,False,2,12.99,pressure_spike
838,Rev1,1,W029,AE-3200,CH-B,EXT-08,Extreme Edge,0.96,245.5,41.02,41.23,38.93,1735.2,False,True,True,True,0,0.0,
839,Rev1,1,W029,AE-3200,CH-B,EXT-09,Extreme Edge,0.96,278.2,41.84,41.45,39.21,1778.6,False,True,True,False,5,22.76,esc_temp_drift
840,Rev1,1,W029,AE-3200,CH-B,EXT-10,Extreme Edge,0.96,310.9,41.66,41.36,36.41,1790.7,False,True,True,False,0,0.0,
841,Rev1,1,W029,AE-3200,CH-B,EXT-11,Extreme Edge,0.96,343.6,42.51,42.01,40.2,1687.5,False,False,True,True,3,8.45,polymer_residue
842,Rev7,7,W030,PX-7500,CH-D,C1,Center,0.0,0.0,37.34,39.34,38.24,1634.5,True,True,True,True,0,0.0,
843,Rev7,7,W030,PX-7500,CH-D,MID-01,Mid,0.52,30.0,37.99,39.69,39.41,1729.8,True,True,True,True,0,0.0,
844,Rev7,7,W030,PX-7500,CH-D,MID-02,Mid,0.52,90.0,39.6,39.84,37.72,1707.1,True,True,True,True,0,0.0,
845,Rev7,7,W030,PX-7500,CH-D,MID-03,Mid,0.52,150.0,37.99,39.76,38.62,1763.8,True,True,True,False,0,0.0,
846,Rev7,7,W030,PX-7500,CH-D,MID-04,Mid,0.52,210.0,37.46,40.19,37.44,1651.8,True,True,True,True,0,0.0,
847,Rev7,7,W030,PX-7500,CH-D,MID-05,Mid,0.52,270.0,38.08,39.95,36.18,1820.7,True,True,True,False,0,0.0,
848,Rev7,7,W030,PX-7500,CH-D,MID-06,Mid,0.52,330.0,38.38,38.58,37.85,1713.3,True,True,True,True,0,0.0,
849,Rev7,7,W030,PX-7500,CH-D,EDG-01,Edge,0.84,0.0,39.37,39.43,36.88,1800.9,True,True,True,False,0,0.0,
850,Rev7,7,W030,PX-7500,CH-D,EDG-02,Edge,0.84,32.7,38.9,39.99,40.75,1771.1,True,True,False,False,1,4.76,
851,Rev7,7,W030,PX-7500,CH-D,EDG-03,Edge,0.84,65.5,38.85,40.05,37.34,1774.5,True,True,True,False,1,2.77,endpoint_late
852,Rev7,7,W030,PX-7500,CH-D,EDG-04,Edge,0.84,98.2,37.84,38.8,40.72,1795.1,True,True,False,False,0,0.0,
853,Rev7,7,W030,PX-7500,CH-D,EDG-05,Edge,0.84,130.9,39.31,39.97,39.99,1747.2,True,True,True,True,1,4.5,
854,Rev7,7,W030,PX-7500,CH-D,EDG-06,Edge,0.84,163.6,39.25,39.0,38.38,1738.2,True,True,True,True,0,0.0,
855,Rev7,7,W030,PX-7500,CH-D,EDG-07,Edge,0.84,196.4,39.07,40.9,39.88,1741.8,True,True,True,True,0,0.0,
856,Rev7,7,W030,PX-7500,CH-D,EDG-08,Edge,0.84,229.1,39.77,37.36,37.89,1753.5,True,False,True,True,1,2.32,
857,Rev7,7,W030,PX-7500,CH-D,EDG-09,Edge,0.84,261.8,39.39,39.71,38.84,1853.9,True,True,True,False,0,0.0,
858,Rev7,7,W030,PX-7500,CH-D,EDG-10,Edge,0.84,294.5,38.98,40.49,38.88,1739.1,True,True,True,True,2,7.0,polymer_residue
859,Rev7,7,W030,PX-7500,CH-D,EDG-11,Edge,0.84,327.3,39.64,38.94,40.44,1730.1,True,True,False,True,1,4.15,
860,Rev7,7,W030,PX-7500,CH-D,EXT-01,Extreme Edge,0.96,16.4,40.35,40.7,37.27,1754.0,True,True,True,True,0,0.0,
861,Rev7,7,W030,PX-7500,CH-D,EXT-02,Extreme Edge,0.96,49.1,39.11,41.38,37.6,1727.7,True,True,True,True,1,5.64,
862,Rev7,7,W030,PX-7500,CH-D,EXT-03,Extreme Edge,0.96,81.8,39.77,40.88,37.57,1780.4,True,True,True,False,0,0.0,
863,Rev7,7,W030,PX-7500,CH-D,EXT-04,Extreme Edge,0.96,114.5,39.69,40.68,36.33,1780.3,True,True,True,False,0,0.0,
864,Rev7,7,W030,PX-7500,CH-D,EXT-05,Extreme Edge,0.96,147.3,39.98,40.1,37.04,1736.9,True,True,True,True,2,8.84,polymer_residue
865,Rev7,7,W030,PX-7500,CH-D,EXT-06,Extreme Edge,0.96,180.0,40.15,40.06,37.5,1738.2,True,True,True,True,0,0.0,
866,Rev7,7,W030,PX-7500,CH-D,EXT-07,Extreme Edge,0.96,212.7,39.55,40.24,37.62,1704.9,True,True,True,True,0,0.0,
867,Rev7,7,W030,PX-7500,CH-D,EXT-08,Extreme Edge,0.96,245.5,38.98,40.44,38.37,1816.8,True,True,True,False,0,0.0,
868,Rev7,7,W030,PX-7500,CH-D,EXT-09,Extreme Edge,0.96,278.2,39.68,39.53,39.93,1747.1,True,True,True,True,4,24.99,
869,Rev7,7,W030,PX-7500,CH-D,EXT-10,Extreme Edge,0.96,310.9,39.63,40.7,41.02,1774.8,True,True,False,False,2,9.64,endpoint_late
870,Rev7,7,W030,PX-7500,CH-D,EXT-11,Extreme Edge,0.96,343.6,39.14,40.36,39.27,1783.4,True,True,True,False,2,6.47,arc_event
871,Rev4,4,W031,AE-3200,CH-A,C1,Center,0.0,0.0,39.65,40.29,36.51,1735.3,True,True,True,True,0,0.0,
872,Rev4,4,W031,AE-3200,CH-A,MID-01,Mid,0.52,30.0,39.3,42.53,36.28,1704.7,True,False,True,True,0,0.0,
873,Rev4,4,W031,AE-3200,CH-A,MID-02,Mid,0.52,90.0,40.78,40.48,35.04,1614.8,False,True,True,True,0,0.0,
874,Rev4,4,W031,AE-3200,CH-A,MID-03,Mid,0.52,150.0,39.56,41.48,35.01,1796.4,True,True,True,False,0,0.0,
875,Rev4,4,W031,AE-3200,CH-A,MID-04,Mid,0.52,210.0,39.95,40.76,37.4,1652.1,True,True,True,True,0,0.0,
876,Rev4,4,W031,AE-3200,CH-A,MID-05,Mid,0.52,270.0,41.02,40.6,37.68,1656.5,False,True,True,True,0,0.0,
877,Rev4,4,W031,AE-3200,CH-A,MID-06,Mid,0.52,330.0,40.21,40.38,38.39,1632.1,True,True,True,True,0,0.0,
878,Rev4,4,W031,AE-3200,CH-A,EDG-01,Edge,0.84,0.0,41.7,42.69,37.61,1756.5,False,False,True,True,2,7.11,polymer_residue
879,Rev4,4,W031,AE-3200,CH-A,EDG-02,Edge,0.84,32.7,40.09,41.88,36.5,1703.9,True,True,True,True,0,0.0,
880,Rev4,4,W031,AE-3200,CH-A,EDG-03,Edge,0.84,65.5,41.67,43.07,39.86,1673.8,False,False,True,True,4,23.69,polymer_residue
881,Rev4,4,W031,AE-3200,CH-A,EDG-04,Edge,0.84,98.2,41.64,42.12,37.14,1748.1,False,False,True,True,0,0.0,
882,Rev4,4,W031,AE-3200,CH-A,EDG-05,Edge,0.84,130.9,41.09,41.13,35.49,1694.1,False,True,True,True,0,0.0,
883,Rev4,4,W031,AE-3200,CH-A,EDG-06,Edge,0.84,163.6,41.14,40.7,36.62,1712.2,False,True,True,True,1,6.16,
884,Rev4,4,W031,AE-3200,CH-A,EDG-07,Edge,0.84,196.4,40.74,41.97,36.31,1663.7,False,True,True,True,3,18.7,
885,Rev4,4,W031,AE-3200,CH-A,EDG-08,Edge,0.84,229.1,41.43,40.88,38.86,1765.9,False,True,True,False,0,0.0,
886,Rev4,4,W031,AE-3200,CH-A,EDG-09,Edge,0.84,261.8,39.86,41.64,38.13,1652.1,True,True,True,True,0,0.0,
887,Rev4,4,W031,AE-3200,CH-A,EDG-10,Edge,0.84,294.5,40.57,41.18,39.7,1703.7,False,True,True,True,1,4.13,
888,Rev4,4,W031,AE-3200,CH-A,EDG-11,Edge,0.84,327.3,41.88,41.17,37.54,1726.2,False,True,True,True,0,0.0,
889,Rev4,4,W031,AE-3200,CH-A,EXT-01,Extreme Edge,0.96,16.4,41.23,41.38,37.77,1701.2,False,True,True,True,3,7.0,polymer_residue
890,Rev4,4,W031,AE-3200,CH-A,EXT-02,Extreme Edge,0.96,49.1,42.15,42.68,36.9,1698.0,False,False,True,True,3,16.35,polymer_residue
891,Rev4,4,W031,AE-3200,CH-A,EXT-03,Extreme Edge,0.96,81.8,41.14,42.88,38.85,1680.0,False,False,True,True,1,2.14,
892,Rev4,4,W031,AE-3200,CH-A,EXT-04,Extreme Edge,0.96,114.5,41.83,41.91,37.6,1635.1,False,True,True,True,1,3.58,
893,Rev4,4,W031,AE-3200,CH-A,EXT-05,Extreme Edge,0.96,147.3,40.17,41.31,36.67,1721.5,True,True,True,True,0,0.0,
894,Rev4,4,W031,AE-3200,CH-A,EXT-06,Extreme Edge,0.96,180.0,41.7,42.03,39.22,1750.7,False,False,True,True,1,4.68,
895,Rev4,4,W031,AE-3200,CH-A,EXT-07,Extreme Edge,0.96,212.7,40.04,41.26,37.54,1762.9,True,True,True,False,0,0.0,
896,Rev4,4,W031,AE-3200,CH-A,EXT-08,Extreme Edge,0.96,245.5,41.62,41.44,37.22,1662.8,False,True,True,True,1,2.84,
897,Rev4,4,W031,AE-3200,CH-A,EXT-09,Extreme Edge,0.96,278.2,42.05,42.19,37.45,1664.8,False,False,True,True,1,6.36,arc_event
898,Rev4,4,W031,AE-3200,CH-A,EXT-10,Extreme Edge,0.96,310.9,40.98,41.76,39.04,1682.5,False,True,True,True,0,0.0,
899,Rev4,4,W031,AE-3200,CH-A,EXT-11,Extreme Edge,0.96,343.6,41.62,42.19,35.18,1759.7,False,False,True,True,4,14.08,polymer_residue
900,Rev8,8,W032,AE-3200,CH-A,C1,Center,0.0,0.0,37.23,40.08,37.78,1658.3,True,True,True,True,0,0.0,
901,Rev8,8,W032,AE-3200,CH-A,MID-01,Mid,0.52,30.0,37.9,41.44,40.35,1662.7,True,True,True,True,0,0.0,
902,Rev8,8,W032,AE-3200,CH-A,MID-02,Mid,0.52,90.0,39.39,38.46,40.07,1752.8,True,True,True,True,0,0.0,
903,Rev8,8,W032,AE-3200,CH-A,MID-03,Mid,0.52,150.0,38.03,39.45,39.67,1759.0,True,True,True,True,2,12.58,
904,Rev8,8,W032,AE-3200,CH-A,MID-04,Mid,0.52,210.0,37.1,39.49,38.07,1767.0,True,True,True,False,0,0.0,
905,Rev8,8,W032,AE-3200,CH-A,MID-05,Mid,0.52,270.0,37.62,40.0,39.86,1698.8,True,True,True,True,0,0.0,
906,Rev8,8,W032,AE-3200,CH-A,MID-06,Mid,0.52,330.0,38.32,40.79,38.05,1771.1,True,True,True,False,1,2.11,
907,Rev8,8,W032,AE-3200,CH-A,EDG-01,Edge,0.84,0.0,38.77,41.25,42.68,1809.1,True,True,False,False,2,5.85,arc_event
908,Rev8,8,W032,AE-3200,CH-A,EDG-02,Edge,0.84,32.7,39.38,42.47,40.71,1843.1,True,False,False,False,1,4.36,
909,Rev8,8,W032,AE-3200,CH-A,EDG-03,Edge,0.84,65.5,38.85,39.16,40.8,1812.9,True,True,False,False,0,0.0,
910,Rev8,8,W032,AE-3200,CH-A,EDG-04,Edge,0.84,98.2,39.13,40.68,38.87,1746.8,True,True,True,True,0,0.0,
911,Rev8,8,W032,AE-3200,CH-A,EDG-05,Edge,0.84,130.9,39.29,40.26,41.08,1828.1,True,True,False,False,0,0.0,
912,Rev8,8,W032,AE-3200,CH-A,EDG-06,Edge,0.84,163.6,39.77,40.74,37.63,1783.1,True,True,True,False,1,2.7,
913,Rev8,8,W032,AE-3200,CH-A,EDG-07,Edge,0.84,196.4,38.9,40.73,42.49,1777.2,True,True,False,False,1,2.71,polymer_residue
914,Rev8,8,W032,AE-3200,CH-A,EDG-08,Edge,0.84,229.1,39.17,40.21,39.18,1717.1,True,True,True,True,0,0.0,
915,Rev8,8,W032,AE-3200,CH-A,EDG-09,Edge,0.84,261.8,38.53,39.72,40.37,1809.2,True,True,True,False,0,0.0,
916,Rev8,8,W032,AE-3200,CH-A,EDG-10,Edge,0.84,294.5,38.28,41.9,42.73,1742.1,True,True,False,True,0,0.0,
917,Rev8,8,W032,AE-3200,CH-A,EDG-11,Edge,0.84,327.3,38.24,40.34,39.64,1845.5,True,True,True,False,2,6.59,
918,Rev8,8,W032,AE-3200,CH-A,EXT-01,Extreme Edge,0.96,16.4,39.58,42.25,41.03,1829.8,True,False,False,False,2,4.98,endpoint_late
919,Rev8,8,W032,AE-3200,CH-A,EXT-02,Extreme Edge,0.96,49.1,39.46,39.81,41.2,1760.0,True,True,False,False,0,0.0,
920,Rev8,8,W032,AE-3200,CH-A,EXT-03,Extreme Edge,0.96,81.8,40.33,41.43,42.2,1795.7,True,True,False,False,0,0.0,
921,Rev8,8,W032,AE-3200,CH-A,EXT-04,Extreme Edge,0.96,114.5,38.85,40.51,43.07,1809.1,True,True,False,False,1,5.32,polymer_residue
922,Rev8,8,W032,AE-3200,CH-A,EXT-05,Extreme Edge,0.96,147.3,39.84,41.02,40.46,1763.7,True,True,False,False,0,0.0,
923,Rev8,8,W032,AE-3200,CH-A,EXT-06,Extreme Edge,0.96,180.0,39.4,41.99,39.69,1735.7,True,True,True,True,1,2.87,polymer_residue
924,Rev8,8,W032,AE-3200,CH-A,EXT-07,Extreme Edge,0.96,212.7,39.58,40.24,39.0,1730.0,True,True,True,True,0,0.0,
925,Rev8,8,W032,AE-3200,CH-A,EXT-08,Extreme Edge,0.96,245.5,40.08,41.61,40.78,1802.9,True,True,False,False,0,0.0,
926,Rev8,8,W032,AE-3200,CH-A,EXT-09,Extreme Edge,0.96,278.2,39.51,40.69,41.52,1731.3,True,True,False,True,0,0.0,
927,Rev8,8,W032,AE-3200,CH-A,EXT-10,Extreme Edge,0.96,310.9,39.04,41.49,39.14,1850.8,True,True,True,False,1,5.37,
928,Rev8,8,W032,AE-3200,CH-A,EXT-11,Extreme Edge,0.96,343.6,39.19,41.99,41.55,1787.0,True,True,False,False,0,0.0,
929,Rev8,8,W033,AE-3200,CH-A,C1,Center,0.0,0.0,37.44,38.77,36.03,1752.1,True,True,True,True,0,0.0,
930,Rev8,8,W033,AE-3200,CH-A,MID-01,Mid,0.52,30.0,37.06,37.51,36.56,1737.0,True,False,True,True,1,2.43,pressure_spike
931,Rev8,8,W033,AE-3200,CH-A,MID-02,Mid,0.52,90.0,37.36,39.57,35.9,1698.4,True,True,True,True,0,0.0,
932,Rev8,8,W033,AE-3200,CH-A,MID-03,Mid,0.52,150.0,37.98,39.07,36.3,1721.2,True,True,True,True,0,0.0,
933,Rev8,8,W033,AE-3200,CH-A,MID-04,Mid,0.52,210.0,36.94,39.32,37.34,1658.2,True,True,True,True,0,0.0,
934,Rev8,8,W033,AE-3200,CH-A,MID-05,Mid,0.52,270.0,37.55,38.27,36.2,1755.9,True,True,True,True,0,0.0,
935,Rev8,8,W033,AE-3200,CH-A,MID-06,Mid,0.52,330.0,37.48,39.08,36.86,1689.2,True,True,True,True,0,0.0,
936,Rev8,8,W033,AE-3200,CH-A,EDG-01,Edge,0.84,0.0,37.48,39.85,39.32,1788.9,True,True,True,False,1,4.95,polymer_residue
937,Rev8,8,W033,AE-3200,CH-A,EDG-02,Edge,0.84,32.7,37.33,40.0,40.55,1732.6,True,True,False,True,0,0.0,
938,Rev8,8,W033,AE-3200,CH-A,EDG-03,Edge,0.84,65.5,38.31,40.53,38.84,1779.2,True,True,True,False,1,2.3,polymer_residue
939,Rev8,8,W033,AE-3200,CH-A,EDG-04,Edge,0.84,98.2,37.89,39.72,37.21,1750.2,True,True,True,True,0,0.0,
940,Rev8,8,W033,AE-3200,CH-A,EDG-05,Edge,0.84,130.9,37.77,40.14,38.76,1792.2,True,True,True,False,1,3.13,
941,Rev8,8,W033,AE-3200,CH-A,EDG-06,Edge,0.84,163.6,37.46,39.46,37.02,1719.1,True,True,True,True,1,3.9,polymer_residue
942,Rev8,8,W033,AE-3200,CH-A,EDG-07,Edge,0.84,196.4,38.2,40.15,37.37,1759.1,True,True,True,True,0,0.0,
943,Rev8,8,W033,AE-3200,CH-A,EDG-08,Edge,0.84,229.1,37.79,41.11,36.5,1760.8,True,True,True,False,0,0.0,
944,Rev8,8,W033,AE-3200,CH-A,EDG-09,Edge,0.84,261.8,39.71,40.62,35.17,1721.8,True,True,True,True,0,0.0,
945,Rev8,8,W033,AE-3200,CH-A,EDG-10,Edge,0.84,294.5,37.83,41.2,36.61,1709.3,True,True,True,True,0,0.0,
946,Rev8,8,W033,AE-3200,CH-A,EDG-11,Edge,0.84,327.3,39.27,41.63,38.35,1736.8,True,True,True,True,1,6.12,
947,Rev8,8,W033,AE-3200,CH-A,EXT-01,Extreme Edge,0.96,16.4,39.08,40.52,37.54,1725.2,True,True,True,True,0,0.0,
948,Rev8,8,W033,AE-3200,CH-A,EXT-02,Extreme Edge,0.96,49.1,39.01,40.64,35.88,1840.3,True,True,True,False,0,0.0,
949,Rev8,8,W033,AE-3200,CH-A,EXT-03,Extreme Edge,0.96,81.8,38.7,41.08,38.98,1758.7,True,True,True,True,0,0.0,
950,Rev8,8,W033,AE-3200,CH-A,EXT-04,Extreme Edge,0.96,114.5,39.05,40.92,38.62,1784.5,True,True,True,False,1,4.89,
951,Rev8,8,W033,AE-3200,CH-A,EXT-05,Extreme Edge,0.96,147.3,38.99,39.75,38.25,1740.6,True,True,True,True,0,0.0,
952,Rev8,8,W033,AE-3200,CH-A,EXT-06,Extreme Edge,0.96,180.0,38.56,41.14,39.01,1799.7,True,True,True,False,0,0.0,
953,Rev8,8,W033,AE-3200,CH-A,EXT-07,Extreme Edge,0.96,212.7,38.44,40.54,39.06,1858.1,True,True,True,False,0,0.0,
954,Rev8,8,W033,AE-3200,CH-A,EXT-08,Extreme Edge,0.96,245.5,39.45,40.14,38.53,1805.5,True,True,True,False,0,0.0,
955,Rev8,8,W033,AE-3200,CH-A,EXT-09,Extreme Edge,0.96,278.2,39.37,39.89,39.29,1796.0,True,True,True,False,0,0.0,
956,Rev8,8,W033,AE-3200,CH-A,EXT-10,Extreme Edge,0.96,310.9,37.91,40.03,36.73,1758.8,True,True,True,True,2,6.97,polymer_residue
957,Rev8,8,W033,AE-3200,CH-A,EXT-11,Extreme Edge,0.96,343.6,37.85,39.64,37.43,1718.1,True,True,True,True,1,5.92,
958,Rev10,10,W034,PX-7500,CH-C,C1,Center,0.0,0.0,36.43,39.55,33.72,1685.3,False,True,False,True,0,0.0,
959,Rev10,10,W034,PX-7500,CH-C,MID-01,Mid,0.52,30.0,36.76,38.42,37.67,1756.8,True,True,True,True,0,0.0,
960,Rev10,10,W034,PX-7500,CH-C,MID-02,Mid,0.52,90.0,37.62,40.34,30.55,1690.9,True,True,False,True,1,4.98,endpoint_late
961,Rev10,10,W034,PX-7500,CH-C,MID-03,Mid,0.52,150.0,37.76,38.55,37.68,1708.9,True,True,True,True,0,0.0,
962,Rev10,10,W034,PX-7500,CH-C,MID-04,Mid,0.52,210.0,38.08,40.72,38.61,1682.4,True,True,True,True,0,0.0,
963,Rev10,10,W034,PX-7500,CH-C,MID-05,Mid,0.52,270.0,36.74,40.75,35.98,1701.9,True,True,True,True,0,0.0,
964,Rev10,10,W034,PX-7500,CH-C,MID-06,Mid,0.52,330.0,37.93,41.25,38.32,1745.2,True,True,True,True,0,0.0,
965,Rev10,10,W034,PX-7500,CH-C,EDG-01,Edge,0.84,0.0,40.3,40.17,35.38,1788.3,True,True,True,False,1,5.56,pressure_spike
966,Rev10,10,W034,PX-7500,CH-C,EDG-02,Edge,0.84,32.7,39.08,40.28,38.86,1754.3,True,True,True,True,1,4.88,
967,Rev10,10,W034,PX-7500,CH-C,EDG-03,Edge,0.84,65.5,39.57,40.55,34.93,1741.8,True,True,True,True,0,0.0,
968,Rev10,10,W034,PX-7500,CH-C,EDG-04,Edge,0.84,98.2,38.94,39.71,38.17,1742.8,True,True,True,True,0,0.0,
969,Rev10,10,W034,PX-7500,CH-C,EDG-05,Edge,0.84,130.9,37.24,41.6,34.82,1793.5,True,True,True,False,1,4.24,
970,Rev10,10,W034,PX-7500,CH-C,EDG-06,Edge,0.84,163.6,38.1,40.87,39.43,1734.1,True,True,True,True,0,0.0,
971,Rev10,10,W034,PX-7500,CH-C,EDG-07,Edge,0.84,196.4,37.31,41.61,38.25,1793.3,True,True,True,False,0,0.0,
972,Rev10,10,W034,PX-7500,CH-C,EDG-08,Edge,0.84,229.1,38.25,41.42,35.83,1638.1,True,True,True,True,0,0.0,
973,Rev10,10,W034,PX-7500,CH-C,EDG-09,Edge,0.84,261.8,38.75,39.6,38.01,1631.0,True,True,True,True,0,0.0,
974,Rev10,10,W034,PX-7500,CH-C,EDG-10,Edge,0.84,294.5,39.05,40.95,34.72,1864.2,True,True,True,False,1,4.8,polymer_residue
975,Rev10,10,W034,PX-7500,CH-C,EDG-11,Edge,0.84,327.3,39.19,39.22,36.14,1711.7,True,True,True,True,0,0.0,
976,Rev10,10,W034,PX-7500,CH-C,EXT-01,Extreme Edge,0.96,16.4,38.27,39.74,38.09,1719.4,True,True,True,True,3,17.01,arc_event
977,Rev10,10,W034,PX-7500,CH-C,EXT-02,Extreme Edge,0.96,49.1,38.62,40.18,39.08,1766.0,True,True,True,False,0,0.0,
978,Rev10,10,W034,PX-7500,CH-C,EXT-03,Extreme Edge,0.96,81.8,39.44,41.25,37.5,1745.7,True,True,True,True,0,0.0,
979,Rev10,10,W034,PX-7500,CH-C,EXT-04,Extreme Edge,0.96,114.5,38.61,39.37,36.31,1782.0,True,True,True,False,0,0.0,
980,Rev10,10,W034,PX-7500,CH-C,EXT-05,Extreme Edge,0.96,147.3,38.34,39.84,38.98,1712.7,True,True,True,True,0,0.0,
981,Rev10,10,W034,PX-7500,CH-C,EXT-06,Extreme Edge,0.96,180.0,37.8,38.63,37.95,1766.3,True,True,True,False,0,0.0,
982,Rev10,10,W034,PX-7500,CH-C,EXT-07,Extreme Edge,0.96,212.7,39.98,40.35,38.09,1742.2,True,True,True,True,0,0.0,
983,Rev10,10,W034,PX-7500,CH-C,EXT-08,Extreme Edge,0.96,245.5,39.94,41.07,36.55,1763.6,True,True,True,False,1,3.71,
984,Rev10,10,W034,PX-7500,CH-C,EXT-09,Extreme Edge,0.96,278.2,38.37,39.98,33.03,1760.6,True,True,False,False,0,0.0,
985,Rev10,10,W034,PX-7500,CH-C,EXT-10,Extreme Edge,0.96,310.9,39.2,41.16,35.27,1723.0,True,True,True,True,2,6.49,
986,Rev10,10,W034,PX-7500,CH-C,EXT-11,Extreme Edge,0.96,343.6,37.93,40.6,36.23,1817.0,True,True,True,False,0,0.0,
987,Rev1,1,W035,AE-3200,CH-B,C1,Center,0.0,0.0,38.75,41.35,34.99,1642.1,True,True,True,True,0,0.0,
988,Rev1,1,W035,AE-3200,CH-B,MID-01,Mid,0.52,30.0,40.71,39.67,38.46,1731.9,False,True,True,True,1,2.51,arc_event
989,Rev1,1,W035,AE-3200,CH-B,MID-02,Mid,0.52,90.0,40.15,39.3,38.24,1679.8,True,True,True,True,0,0.0,
990,Rev1,1,W035,AE-3200,CH-B,MID-03,Mid,0.52,150.0,39.79,41.11,36.73,1649.2,True,True,True,True,0,0.0,
991,Rev1,1,W035,AE-3200,CH-B,MID-04,Mid,0.52,210.0,39.92,41.1,36.48,1640.6,True,True,True,True,0,0.0,
992,Rev1,1,W035,AE-3200,CH-B,MID-05,Mid,0.52,270.0,40.25,39.7,37.38,1653.1,True,True,True,True,0,0.0,
993,Rev1,1,W035,AE-3200,CH-B,MID-06,Mid,0.52,330.0,39.61,39.94,37.66,1695.7,True,True,True,True,0,0.0,
994,Rev1,1,W035,AE-3200,CH-B,EDG-01,Edge,0.84,0.0,40.8,40.68,39.1,1750.4,False,True,True,True,1,1.84,polymer_residue
995,Rev1,1,W035,AE-3200,CH-B,EDG-02,Edge,0.84,32.7,40.6,40.59,38.79,1705.7,False,True,True,True,0,0.0,
996,Rev1,1,W035,AE-3200,CH-B,EDG-03,Edge,0.84,65.5,40.28,41.18,40.13,1687.6,True,True,True,True,0,0.0,
997,Rev1,1,W035,AE-3200,CH-B,EDG-04,Edge,0.84,98.2,41.38,40.57,37.7,1744.2,False,True,True,True,3,16.28,endpoint_late
998,Rev1,1,W035,AE-3200,CH-B,EDG-05,Edge,0.84,130.9,40.69,39.96,38.91,1653.1,False,True,True,True,0,0.0,
999,Rev1,1,W035,AE-3200,CH-B,EDG-06,Edge,0.84,163.6,41.28,39.78,36.77,1691.2,False,True,True,True,0,0.0,
1000,Rev1,1,W035,AE-3200,CH-B,EDG-07,Edge,0.84,196.4,39.9,41.75,37.18,1682.7,True,True,True,True,0,0.0,
1001,Rev1,1,W035,AE-3200,CH-B,EDG-08,Edge,0.84,229.1,41.37,41.02,39.68,1566.7,False,True,True,False,0,0.0,
1002,Rev1,1,W035,AE-3200,CH-B,EDG-09,Edge,0.84,261.8,40.83,41.51,36.15,1621.1,False,True,True,True,0,0.0,
1003,Rev1,1,W035,AE-3200,CH-B,EDG-10,Edge,0.84,294.5,41.68,42.17,36.78,1674.2,False,False,True,True,1,2.43,polymer_residue
1004,Rev1,1,W035,AE-3200,CH-B,EDG-11,Edge,0.84,327.3,41.35,40.47,34.48,1640.5,False,True,True,True,0,0.0,
1005,Rev1,1,W035,AE-3200,CH-B,EXT-01,Extreme Edge,0.96,16.4,40.6,40.67,38.5,1695.2,False,True,True,True,0,0.0,
1006,Rev1,1,W035,AE-3200,CH-B,EXT-02,Extreme Edge,0.96,49.1,41.8,40.68,37.39,1722.2,False,True,True,True,0,0.0,
1007,Rev1,1,W035,AE-3200,CH-B,EXT-03,Extreme Edge,0.96,81.8,41.91,41.94,35.72,1659.3,False,True,True,True,1,4.19,polymer_residue
1008,Rev1,1,W035,AE-3200,CH-B,EXT-04,Extreme Edge,0.96,114.5,41.33,41.17,39.33,1735.0,False,True,True,True,1,5.87,polymer_residue
1009,Rev1,1,W035,AE-3200,CH-B,EXT-05,Extreme Edge,0.96,147.3,41.8,42.33,37.1,1669.9,False,False,True,True,1,3.86,
1010,Rev1,1,W035,AE-3200,CH-B,EXT-06,Extreme Edge,0.96,180.0,42.18,42.38,38.39,1738.1,False,False,True,True,4,12.34,polymer_residue
1011,Rev1,1,W035,AE-3200,CH-B,EXT-07,Extreme Edge,0.96,212.7,42.23,41.69,40.26,1730.2,False,True,True,True,3,6.8,arc_event
1012,Rev1,1,W035,AE-3200,CH-B,EXT-08,Extreme Edge,0.96,245.5,42.2,42.83,39.51,1713.0,False,False,True,True,0,0.0,
1013,Rev1,1,W035,AE-3200,CH-B,EXT-09,Extreme Edge,0.96,278.2,41.33,41.07,39.02,1636.0,False,True,True,True,0,0.0,
1014,Rev1,1,W035,AE-3200,CH-B,EXT-10,Extreme Edge,0.96,310.9,42.67,40.71,37.57,1712.3,False,True,True,True,1,3.33,
1015,Rev1,1,W035,AE-3200,CH-B,EXT-11,Extreme Edge,0.96,343.6,41.12,42.01,36.72,1784.3,False,False,True,False,1,2.45,
1016,Rev11,11,W036,PX-7500,CH-D,C1,Center,0.0,0.0,38.39,39.98,37.76,1667.1,True,True,True,True,0,0.0,
1017,Rev11,11,W036,PX-7500,CH-D,MID-01,Mid,0.52,30.0,38.77,41.63,37.54,1679.7,True,True,True,True,0,0.0,
1018,Rev11,11,W036,PX-7500,CH-D,MID-02,Mid,0.52,90.0,38.58,39.78,38.22,1811.6,True,True,True,False,1,5.01,polymer_residue
1019,Rev11,11,W036,PX-7500,CH-D,MID-03,Mid,0.52,150.0,40.29,41.86,36.89,1786.0,True,True,True,False,0,0.0,
1020,Rev11,11,W036,PX-7500,CH-D,MID-04,Mid,0.52,210.0,40.58,41.09,37.84,1832.5,False,True,True,False,0,0.0,
1021,Rev11,11,W036,PX-7500,CH-D,MID-05,Mid,0.52,270.0,39.5,40.17,40.99,1724.3,True,True,False,True,0,0.0,
1022,Rev11,11,W036,PX-7500,CH-D,MID-06,Mid,0.52,330.0,39.18,39.91,38.69,1832.1,True,True,True,False,1,3.74,
1023,Rev11,11,W036,PX-7500,CH-D,EDG-01,Edge,0.84,0.0,40.97,39.6,40.87,1767.9,False,True,False,False,1,2.11,pressure_spike
1024,Rev11,11,W036,PX-7500,CH-D,EDG-02,Edge,0.84,32.7,40.94,40.87,37.22,1733.7,False,True,True,True,1,5.15,
1025,Rev11,11,W036,PX-7500,CH-D,EDG-03,Edge,0.84,65.5,40.43,41.31,39.62,1701.1,False,True,True,True,0,0.0,
1026,Rev11,11,W036,PX-7500,CH-D,EDG-04,Edge,0.84,98.2,41.39,40.96,36.86,1761.3,False,True,True,False,0,0.0,
1027,Rev11,11,W036,PX-7500,CH-D,EDG-05,Edge,0.84,130.9,40.19,41.64,39.29,1795.5,True,True,True,False,0,0.0,
1028,Rev11,11,W036,PX-7500,CH-D,EDG-06,Edge,0.84,163.6,40.32,40.47,38.38,1717.6,True,True,True,True,0,0.0,
1029,Rev11,11,W036,PX-7500,CH-D,EDG-07,Edge,0.84,196.4,41.28,41.26,39.75,1817.0,False,True,True,False,0,0.0,
1030,Rev11,11,W036,PX-7500,CH-D,EDG-08,Edge,0.84,229.1,39.8,39.66,39.39,1751.2,True,True,True,True,0,0.0,
1031,Rev11,11,W036,PX-7500,CH-D,EDG-09,Edge,0.84,261.8,40.22,41.61,40.54,1660.1,True,True,False,True,0,0.0,
1032,Rev11,11,W036,PX-7500,CH-D,EDG-10,Edge,0.84,294.5,40.79,39.58,40.18,1731.7,False,True,True,True,0,0.0,
1033,Rev11,11,W036,PX-7500,CH-D,EDG-11,Edge,0.84,327.3,41.43,41.58,38.62,1727.6,False,True,True,True,0,0.0,
1034,Rev11,11,W036,PX-7500,CH-D,EXT-01,Extreme Edge,0.96,16.4,39.63,41.17,38.12,1763.2,True,True,True,False,1,2.11,
1035,Rev11,11,W036,PX-7500,CH-D,EXT-02,Extreme Edge,0.96,49.1,41.85,40.89,39.88,1742.8,False,True,True,True,2,6.65,endpoint_late
1036,Rev11,11,W036,PX-7500,CH-D,EXT-03,Extreme Edge,0.96,81.8,40.36,41.84,39.66,1815.7,True,True,True,False,1,1.97,polymer_residue
1037,Rev11,11,W036,PX-7500,CH-D,EXT-04,Extreme Edge,0.96,114.5,40.72,41.3,40.58,1803.5,False,True,False,False,0,0.0,
1038,Rev11,11,W036,PX-7500,CH-D,EXT-05,Extreme Edge,0.96,147.3,41.3,41.53,39.1,1744.0,False,True,True,True,0,0.0,
1039,Rev11,11,W036,PX-7500,CH-D,EXT-06,Extreme Edge,0.96,180.0,40.69,42.11,38.69,1748.2,False,False,True,True,0,0.0,
1040,Rev11,11,W036,PX-7500,CH-D,EXT-07,Extreme Edge,0.96,212.7,41.12,40.73,38.88,1781.6,False,True,True,False,2,11.26,
1041,Rev11,11,W036,PX-7500,CH-D,EXT-08,Extreme Edge,0.96,245.5,42.58,41.7,38.67,1777.4,False,True,True,False,3,16.93,polymer_residue
1042,Rev11,11,W036,PX-7500,CH-D,EXT-09,Extreme Edge,0.96,278.2,41.45,41.51,40.02,1801.6,False,True,True,False,3,7.75,pressure_spike
1043,Rev11,11,W036,PX-7500,CH-D,EXT-10,Extreme Edge,0.96,310.9,41.68,41.51,36.76,1829.4,False,True,True,False,2,7.18,pressure_spike
1044,Rev11,11,W036,PX-7500,CH-D,EXT-11,Extreme Edge,0.96,343.6,40.76,41.45,39.31,1782.5,False,True,True,False,1,3.67,
1045,Rev11,11,W037,PX-7500,CH-D,C1,Center,0.0,0.0,37.79,39.3,35.61,1653.2,True,True,True,True,0,0.0,
1046,Rev11,11,W037,PX-7500,CH-D,MID-01,Mid,0.52,30.0,39.37,39.96,35.94,1724.3,True,True,True,True,1,4.84,
1047,Rev11,11,W037,PX-7500,CH-D,MID-02,Mid,0.52,90.0,38.21,41.26,33.97,1667.1,True,True,False,True,1,4.09,polymer_residue
1048,Rev11,11,W037,PX-7500,CH-D,MID-03,Mid,0.52,150.0,39.41,41.81,38.1,1779.9,True,True,True,False,0,0.0,
1049,Rev11,11,W037,PX-7500,CH-D,MID-04,Mid,0.52,210.0,39.98,39.51,34.38,1722.5,True,True,True,True,0,0.0,
1050,Rev11,11,W037,PX-7500,CH-D,MID-05,Mid,0.52,270.0,39.28,39.98,37.62,1675.9,True,True,True,True,0,0.0,
1051,Rev11,11,W037,PX-7500,CH-D,MID-06,Mid,0.52,330.0,39.64,38.91,37.3,1758.2,True,True,True,True,0,0.0,
1052,Rev11,11,W037,PX-7500,CH-D,EDG-01,Edge,0.84,0.0,41.45,40.38,36.85,1785.2,False,True,True,False,0,0.0,
1053,Rev11,11,W037,PX-7500,CH-D,EDG-02,Edge,0.84,32.7,40.81,40.8,36.09,1715.5,False,True,True,True,1,3.05,
1054,Rev11,11,W037,PX-7500,CH-D,EDG-03,Edge,0.84,65.5,39.95,39.59,38.06,1745.5,True,True,True,True,1,4.23,polymer_residue
1055,Rev11,11,W037,PX-7500,CH-D,EDG-04,Edge,0.84,98.2,40.02,40.36,38.07,1794.6,True,True,True,False,0,0.0,
1056,Rev11,11,W037,PX-7500,CH-D,EDG-05,Edge,0.84,130.9,40.13,39.7,33.6,1639.3,True,True,False,True,0,0.0,
1057,Rev11,11,W037,PX-7500,CH-D,EDG-06,Edge,0.84,163.6,41.26,42.0,37.22,1698.4,False,True,True,True,1,1.8,polymer_residue
1058,Rev11,11,W037,PX-7500,CH-D,EDG-07,Edge,0.84,196.4,41.11,40.29,38.7,1801.8,False,True,True,False,0,0.0,
1059,Rev11,11,W037,PX-7500,CH-D,EDG-08,Edge,0.84,229.1,39.49,41.66,37.25,1735.5,True,True,True,True,1,5.61,
1060,Rev11,11,W037,PX-7500,CH-D,EDG-09,Edge,0.84,261.8,39.86,41.39,39.07,1712.1,True,True,True,True,0,0.0,
1061,Rev11,11,W037,PX-7500,CH-D,EDG-10,Edge,0.84,294.5,39.56,40.7,37.81,1741.1,True,True,True,True,0,0.0,
1062,Rev11,11,W037,PX-7500,CH-D,EDG-11,Edge,0.84,327.3,39.28,39.62,37.23,1608.9,True,True,True,True,0,0.0,
1063,Rev11,11,W037,PX-7500,CH-D,EXT-01,Extreme Edge,0.96,16.4,40.81,40.52,36.43,1828.4,False,True,True,False,1,3.13,polymer_residue
1064,Rev11,11,W037,PX-7500,CH-D,EXT-02,Extreme Edge,0.96,49.1,40.15,40.6,39.18,1793.2,True,True,True,False,1,3.56,polymer_residue
1065,Rev11,11,W037,PX-7500,CH-D,EXT-03,Extreme Edge,0.96,81.8,40.85,40.7,39.28,1755.4,False,True,True,True,0,0.0,
1066,Rev11,11,W037,PX-7500,CH-D,EXT-04,Extreme Edge,0.96,114.5,41.82,41.82,40.49,1748.7,False,True,False,True,1,2.51,
1067,Rev11,11,W037,PX-7500,CH-D,EXT-05,Extreme Edge,0.96,147.3,40.37,41.0,36.0,1805.0,True,True,True,False,1,2.95,
1068,Rev11,11,W037,PX-7500,CH-D,EXT-06,Extreme Edge,0.96,180.0,40.2,39.98,36.54,1812.6,True,True,True,False,0,0.0,
1069,Rev11,11,W037,PX-7500,CH-D,EXT-07,Extreme Edge,0.96,212.7,40.67,41.62,39.52,1740.1,False,True,True,True,0,0.0,
1070,Rev11,11,W037,PX-7500,CH-D,EXT-08,Extreme Edge,0.96,245.5,40.68,40.71,38.11,1760.2,False,True,True,False,0,0.0,
1071,Rev11,11,W037,PX-7500,CH-D,EXT-09,Extreme Edge,0.96,278.2,40.08,40.37,39.41,1773.2,True,True,True,False,2,8.71,esc_temp_drift
1072,Rev11,11,W037,PX-7500,CH-D,EXT-10,Extreme Edge,0.96,310.9,39.9,40.92,37.02,1764.1,True,True,True,False,0,0.0,
1073,Rev11,11,W037,PX-7500,CH-D,EXT-11,Extreme Edge,0.96,343.6,40.47,41.94,36.57,1689.0,False,True,True,True,0,0.0,
1074,Rev1,1,W038,AE-3200,CH-B,C1,Center,0.0,0.0,38.88,41.01,35.58,1610.1,True,True,True,True,1,1.93,pressure_spike
1075,Rev1,1,W038,AE-3200,CH-B,MID-01,Mid,0.52,30.0,41.3,39.45,38.97,1612.4,False,True,True,True,0,0.0,
1076,Rev1,1,W038,AE-3200,CH-B,MID-02,Mid,0.52,90.0,39.9,40.39,35.83,1626.6,True,True,True,True,0,0.0,
1077,Rev1,1,W038,AE-3200,CH-B,MID-03,Mid,0.52,150.0,39.54,40.32,38.89,1625.9,True,True,True,True,0,0.0,
1078,Rev1,1,W038,AE-3200,CH-B,MID-04,Mid,0.52,210.0,39.32,40.26,38.69,1623.7,True,True,True,True,1,5.41,polymer_residue
1079,Rev1,1,W038,AE-3200,CH-B,MID-05,Mid,0.52,270.0,38.24,39.11,35.28,1551.9,True,True,True,False,0,0.0,
1080,Rev1,1,W038,AE-3200,CH-B,MID-06,Mid,0.52,330.0,39.44,40.63,33.53,1664.8,True,True,False,True,0,0.0,
1081,Rev1,1,W038,AE-3200,CH-B,EDG-01,Edge,0.84,0.0,40.65,41.84,36.75,1711.4,False,True,True,True,0,0.0,
1082,Rev1,1,W038,AE-3200,CH-B,EDG-02,Edge,0.84,32.7,40.65,41.51,36.34,1683.1,False,True,True,True,0,0.0,
1083,Rev1,1,W038,AE-3200,CH-B,EDG-03,Edge,0.84,65.5,40.43,40.96,34.07,1647.2,False,True,False,True,1,3.66,
1084,Rev1,1,W038,AE-3200,CH-B,EDG-04,Edge,0.84,98.2,40.31,41.55,38.13,1744.1,True,True,True,True,1,2.13,polymer_residue
1085,Rev1,1,W038,AE-3200,CH-B,EDG-05,Edge,0.84,130.9,40.58,41.21,34.41,1732.5,False,True,True,True,0,0.0,
1086,Rev1,1,W038,AE-3200,CH-B,EDG-06,Edge,0.84,163.6,41.8,41.96,37.08,1659.9,False,True,True,True,0,0.0,
1087,Rev1,1,W038,AE-3200,CH-B,EDG-07,Edge,0.84,196.4,41.71,40.37,36.4,1563.4,False,True,True,False,0,0.0,
1088,Rev1,1,W038,AE-3200,CH-B,EDG-08,Edge,0.84,229.1,41.5,42.1,35.86,1652.0,False,False,True,True,1,2.46,pressure_spike
1089,Rev1,1,W038,AE-3200,CH-B,EDG-09,Edge,0.84,261.8,40.62,41.15,38.51,1683.6,False,True,True,True,2,10.87,
1090,Rev1,1,W038,AE-3200,CH-B,EDG-10,Edge,0.84,294.5,40.86,40.38,39.08,1578.2,False,True,True,False,0,0.0,
1091,Rev1,1,W038,AE-3200,CH-B,EDG-11,Edge,0.84,327.3,41.23,40.53,39.13,1624.0,False,True,True,True,1,3.07,polymer_residue
1092,Rev1,1,W038,AE-3200,CH-B,EXT-01,Extreme Edge,0.96,16.4,41.72,41.85,40.01,1680.1,False,True,True,True,0,0.0,
1093,Rev1,1,W038,AE-3200,CH-B,EXT-02,Extreme Edge,0.96,49.1,40.68,42.1,36.85,1705.6,False,False,True,True,1,4.36,
1094,Rev1,1,W038,AE-3200,CH-B,EXT-03,Extreme Edge,0.96,81.8,41.9,42.48,36.51,1665.4,False,False,True,True,3,17.15,polymer_residue
1095,Rev1,1,W038,AE-3200,CH-B,EXT-04,Extreme Edge,0.96,114.5,41.56,42.94,36.03,1625.5,False,False,True,True,0,0.0,
1096,Rev1,1,W038,AE-3200,CH-B,EXT-05,Extreme Edge,0.96,147.3,40.59,41.54,37.44,1678.8,False,True,True,True,1,6.07,esc_temp_drift
1097,Rev1,1,W038,AE-3200,CH-B,EXT-06,Extreme Edge,0.96,180.0,40.9,40.94,40.8,1679.7,False,True,False,True,1,5.98,polymer_residue
1098,Rev1,1,W038,AE-3200,CH-B,EXT-07,Extreme Edge,0.96,212.7,41.49,41.2,37.34,1725.3,False,True,True,True,2,10.31,
1099,Rev1,1,W038,AE-3200,CH-B,EXT-08,Extreme Edge,0.96,245.5,41.26,42.89,39.18,1640.5,False,False,True,True,0,0.0,
1100,Rev1,1,W038,AE-3200,CH-B,EXT-09,Extreme Edge,0.96,278.2,41.76,41.64,38.81,1636.5,False,True,True,True,0,0.0,
1101,Rev1,1,W038,AE-3200,CH-B,EXT-10,Extreme Edge,0.96,310.9,40.65,41.45,36.73,1723.7,False,True,True,True,2,7.24,polymer_residue
1102,Rev1,1,W038,AE-3200,CH-B,EXT-11,Extreme Edge,0.96,343.6,41.51,41.64,36.47,1666.2,False,True,True,True,0,0.0,
1103,Rev5,5,W039,AE-3200,CH-B,C1,Center,0.0,0.0,38.41,38.92,40.25,1592.6,True,True,True,True,0,0.0,
1104,Rev5,5,W039,AE-3200,CH-B,MID-01,Mid,0.52,30.0,39.68,40.14,38.21,1633.8,True,True,True,True,0,0.0,
1105,Rev5,5,W039,AE-3200,CH-B,MID-02,Mid,0.52,90.0,38.94,39.74,38.37,1598.3,True,True,True,True,0,0.0,
1106,Rev5,5,W039,AE-3200,CH-B,MID-03,Mid,0.52,150.0,39.48,39.32,35.91,1650.4,True,True,True,True,0,0.0,
1107,Rev5,5,W039,AE-3200,CH-B,MID-04,Mid,0.52,210.0,38.91,40.38,36.43,1660.0,True,True,True,True,0,0.0,
1108,Rev5,5,W039,AE-3200,CH-B,MID-05,Mid,0.52,270.0,39.09,39.73,39.81,1596.3,True,True,True,True,0,0.0,
1109,Rev5,5,W039,AE-3200,CH-B,MID-06,Mid,0.52,330.0,37.55,40.25,34.89,1700.1,True,True,True,True,1,6.24,
1110,Rev5,5,W039,AE-3200,CH-B,EDG-01,Edge,0.84,0.0,38.78,40.73,37.66,1606.6,True,True,True,True,0,0.0,
1111,Rev5,5,W039,AE-3200,CH-B,EDG-02,Edge,0.84,32.7,40.64,40.3,40.28,1599.2,False,True,True,True,1,5.94,esc_temp_drift
1112,Rev5,5,W039,AE-3200,CH-B,EDG-03,Edge,0.84,65.5,39.96,40.11,37.17,1711.4,True,True,True,True,0,0.0,
1113,Rev5,5,W039,AE-3200,CH-B,EDG-04,Edge,0.84,98.2,39.86,41.2,39.21,1681.2,True,True,True,True,0,0.0,
1114,Rev5,5,W039,AE-3200,CH-B,EDG-05,Edge,0.84,130.9,40.42,39.95,38.86,1672.6,False,True,True,True,0,0.0,
1115,Rev5,5,W039,AE-3200,CH-B,EDG-06,Edge,0.84,163.6,38.84,41.87,37.59,1706.1,True,True,True,True,0,0.0,
1116,Rev5,5,W039,AE-3200,CH-B,EDG-07,Edge,0.84,196.4,40.4,41.69,38.9,1620.9,True,True,True,True,0,0.0,
1117,Rev5,5,W039,AE-3200,CH-B,EDG-08,Edge,0.84,229.1,39.41,39.71,39.13,1634.1,True,True,True,True,0,0.0,
1118,Rev5,5,W039,AE-3200,CH-B,EDG-09,Edge,0.84,261.8,38.77,41.59,37.2,1665.1,True,True,True,True,0,0.0,
1119,Rev5,5,W039,AE-3200,CH-B,EDG-10,Edge,0.84,294.5,39.95,39.48,40.09,1668.1,True,True,True,True,0,0.0,
1120,Rev5,5,W039,AE-3200,CH-B,EDG-11,Edge,0.84,327.3,40.45,40.45,39.4,1571.9,False,True,True,False,0,0.0,
1121,Rev5,5,W039,AE-3200,CH-B,EXT-01,Extreme Edge,0.96,16.4,40.84,41.69,39.43,1697.4,False,True,True,True,0,0.0,
1122,Rev5,5,W039,AE-3200,CH-B,EXT-02,Extreme Edge,0.96,49.1,39.15,41.34,37.06,1699.7,True,True,True,True,1,4.23,arc_event
1123,Rev5,5,W039,AE-3200,CH-B,EXT-03,Extreme Edge,0.96,81.8,41.01,41.45,40.61,1690.3,False,True,False,True,0,0.0,
1124,Rev5,5,W039,AE-3200,CH-B,EXT-04,Extreme Edge,0.96,114.5,39.76,40.34,37.16,1665.4,True,True,True,True,0,0.0,
1125,Rev5,5,W039,AE-3200,CH-B,EXT-05,Extreme Edge,0.96,147.3,40.52,41.92,39.27,1735.3,False,True,True,True,1,4.31,endpoint_late
1126,Rev5,5,W039,AE-3200,CH-B,EXT-06,Extreme Edge,0.96,180.0,40.23,40.11,38.53,1615.9,True,True,True,True,1,5.34,polymer_residue
1127,Rev5,5,W039,AE-3200,CH-B,EXT-07,Extreme Edge,0.96,212.7,40.05,40.59,39.22,1726.7,True,True,True,True,1,1.89,
1128,Rev5,5,W039,AE-3200,CH-B,EXT-08,Extreme Edge,0.96,245.5,39.19,40.57,40.89,1698.7,True,True,False,True,1,4.93,
1129,Rev5,5,W039,AE-3200,CH-B,EXT-09,Extreme Edge,0.96,278.2,40.19,40.55,38.0,1675.2,True,True,True,True,0,0.0,
1130,Rev5,5,W039,AE-3200,CH-B,EXT-10,Extreme Edge,0.96,310.9,40.69,40.35,37.72,1679.6,False,True,True,True,1,5.57,polymer_residue
1131,Rev5,5,W039,AE-3200,CH-B,EXT-11,Extreme Edge,0.96,343.6,39.43,40.87,38.96,1653.1,True,True,True,True,0,0.0,
1132,Rev11,11,W040,PX-7500,CH-D,C1,Center,0.0,0.0,37.9,39.62,36.33,1740.5,True,True,True,True,0,0.0,
1133,Rev11,11,W040,PX-7500,CH-D,MID-01,Mid,0.52,30.0,39.37,38.66,36.08,1626.1,True,True,True,True,0,0.0,
1134,Rev11,11,W040,PX-7500,CH-D,MID-02,Mid,0.52,90.0,39.33,40.79,37.78,1718.1,True,True,True,True,0,0.0,
1135,Rev11,11,W040,PX-7500,CH-D,MID-03,Mid,0.52,150.0,38.38,40.01,32.87,1700.1,True,True,False,True,0,0.0,
1136,Rev11,11,W040,PX-7500,CH-D,MID-04,Mid,0.52,210.0,38.85,40.88,34.88,1764.4,True,True,True,False,1,3.49,polymer_residue
1137,Rev11,11,W040,PX-7500,CH-D,MID-05,Mid,0.52,270.0,38.45,40.84,38.34,1644.6,True,True,True,True,0,0.0,
1138,Rev11,11,W040,PX-7500,CH-D,MID-06,Mid,0.52,330.0,38.64,38.1,36.31,1726.7,True,True,True,True,1,4.74,
1139,Rev11,11,W040,PX-7500,CH-D,EDG-01,Edge,0.84,0.0,39.5,41.07,37.21,1702.9,True,True,True,True,1,4.66,polymer_residue
1140,Rev11,11,W040,PX-7500,CH-D,EDG-02,Edge,0.84,32.7,39.84,40.32,35.5,1741.5,True,True,True,True,1,3.37,polymer_residue
1141,Rev11,11,W040,PX-7500,CH-D,EDG-03,Edge,0.84,65.5,38.03,39.44,38.33,1729.0,True,True,True,True,1,4.62,arc_event
1142,Rev11,11,W040,PX-7500,CH-D,EDG-04,Edge,0.84,98.2,38.66,40.22,39.28,1711.8,True,True,True,True,0,0.0,
1143,Rev11,11,W040,PX-7500,CH-D,EDG-05,Edge,0.84,130.9,39.99,41.54,36.66,1711.1,True,True,True,True,0,0.0,
1144,Rev11,11,W040,PX-7500,CH-D,EDG-06,Edge,0.84,163.6,39.84,39.72,35.71,1776.2,True,True,True,False,0,0.0,
1145,Rev11,11,W040,PX-7500,CH-D,EDG-07,Edge,0.84,196.4,38.44,39.97,36.98,1705.6,True,True,True,True,0,0.0,
1146,Rev11,11,W040,PX-7500,CH-D,EDG-08,Edge,0.84,229.1,38.95,39.23,37.45,1695.0,True,True,True,True,0,0.0,
1147,Rev11,11,W040,PX-7500,CH-D,EDG-09,Edge,0.84,261.8,39.52,39.09,36.65,1801.3,True,True,True,False,0,0.0,
1148,Rev11,11,W040,PX-7500,CH-D,EDG-10,Edge,0.84,294.5,38.95,39.29,35.54,1852.1,True,True,True,False,0,0.0,
1149,Rev11,11,W040,PX-7500,CH-D,EDG-11,Edge,0.84,327.3,39.25,40.43,35.1,1791.5,True,True,True,False,0,0.0,
1150,Rev11,11,W040,PX-7500,CH-D,EXT-01,Extreme Edge,0.96,16.4,39.99,41.11,36.75,1661.3,True,True,True,True,1,6.19,polymer_residue
1151,Rev11,11,W040,PX-7500,CH-D,EXT-02,Extreme Edge,0.96,49.1,39.52,41.91,36.24,1762.7,True,True,True,False,1,2.7,polymer_residue
1152,Rev11,11,W040,PX-7500,CH-D,EXT-03,Extreme Edge,0.96,81.8,40.81,40.6,34.94,1777.3,False,True,True,False,0,0.0,
1153,Rev11,11,W040,PX-7500,CH-D,EXT-04,Extreme Edge,0.96,114.5,40.22,40.57,34.59,1759.3,True,True,True,True,1,2.64,
1154,Rev11,11,W040,PX-7500,CH-D,EXT-05,Extreme Edge,0.96,147.3,39.76,40.51,36.81,1799.4,True,True,True,False,1,4.53,polymer_residue
1155,Rev11,11,W040,PX-7500,CH-D,EXT-06,Extreme Edge,0.96,180.0,39.92,39.67,35.5,1776.3,True,True,True,False,1,3.15,polymer_residue
1156,Rev11,11,W040,PX-7500,CH-D,EXT-07,Extreme Edge,0.96,212.7,40.31,40.83,35.59,1860.9,True,True,True,False,0,0.0,
1157,Rev11,11,W040,PX-7500,CH-D,EXT-08,Extreme Edge,0.96,245.5,39.82,41.57,38.11,1774.1,True,True,True,False,0,0.0,
1158,Rev11,11,W040,PX-7500,CH-D,EXT-09,Extreme Edge,0.96,278.2,39.41,40.2,34.45,1760.1,True,True,True,False,1,4.69,polymer_residue
1159,Rev11,11,W040,PX-7500,CH-D,EXT-10,Extreme Edge,0.96,310.9,39.89,42.1,37.34,1735.1,True,False,True,True,0,0.0,
1160,Rev11,11,W040,PX-7500,CH-D,EXT-11,Extreme Edge,0.96,343.6,40.58,39.45,36.64,1717.0,False,True,True,True,0,0.0,
1161,Rev3,3,W041,PX-7500,CH-D,C1,Center,0.0,0.0,39.64,38.7,36.12,1652.3,True,True,True,True,0,0.0,
1162,Rev3,3,W041,PX-7500,CH-D,MID-01,Mid,0.52,30.0,41.76,40.26,37.18,1795.1,False,True,True,False,0,0.0,
1163,Rev3,3,W041,PX-7500,CH-D,MID-02,Mid,0.52,90.0,41.87,38.44,38.47,1591.3,False,True,True,True,0,0.0,
1164,Rev3,3,W041,PX-7500,CH-D,MID-03,Mid,0.52,150.0,40.58,39.83,38.05,1651.5,False,True,True,True,0,0.0,
1165,Rev3,3,W041,PX-7500,CH-D,MID-04,Mid,0.52,210.0,40.99,40.36,38.49,1604.0,False,True,True,True,0,0.0,
1166,Rev3,3,W041,PX-7500,CH-D,MID-05,Mid,0.52,270.0,42.08,40.87,37.62,1641.3,False,True,True,True,0,0.0,
1167,Rev3,3,W041,PX-7500,CH-D,MID-06,Mid,0.52,330.0,40.86,40.89,36.69,1806.5,False,True,True,False,0,0.0,
1168,Rev3,3,W041,PX-7500,CH-D,EDG-01,Edge,0.84,0.0,41.77,41.29,38.06,1779.1,False,True,True,False,1,2.22,polymer_residue
1169,Rev3,3,W041,PX-7500,CH-D,EDG-02,Edge,0.84,32.7,40.93,42.2,38.26,1765.8,False,False,True,False,0,0.0,
1170,Rev3,3,W041,PX-7500,CH-D,EDG-03,Edge,0.84,65.5,42.23,40.5,38.45,1652.0,False,True,True,True,0,0.0,
1171,Rev3,3,W041,PX-7500,CH-D,EDG-04,Edge,0.84,98.2,41.95,41.29,39.54,1718.2,False,True,True,True,3,10.14,
1172,Rev3,3,W041,PX-7500,CH-D,EDG-05,Edge,0.84,130.9,41.67,40.1,37.68,1724.5,False,True,True,True,0,0.0,
1173,Rev3,3,W041,PX-7500,CH-D,EDG-06,Edge,0.84,163.6,41.45,41.53,40.03,1592.0,False,True,True,True,1,4.23,polymer_residue
1174,Rev3,3,W041,PX-7500,CH-D,EDG-07,Edge,0.84,196.4,42.52,40.81,39.4,1708.9,False,True,True,True,1,6.34,
1175,Rev3,3,W041,PX-7500,CH-D,EDG-08,Edge,0.84,229.1,42.17,41.22,37.65,1786.3,False,True,True,False,0,0.0,
1176,Rev3,3,W041,PX-7500,CH-D,EDG-09,Edge,0.84,261.8,41.94,40.89,36.77,1712.5,False,True,True,True,1,5.8,arc_event
1177,Rev3,3,W041,PX-7500,CH-D,EDG-10,Edge,0.84,294.5,42.17,41.9,35.72,1665.1,False,True,True,True,0,0.0,
1178,Rev3,3,W041,PX-7500,CH-D,EDG-11,Edge,0.84,327.3,42.13,41.69,41.05,1672.7,False,True,False,True,1,6.27,
1179,Rev3,3,W041,PX-7500,CH-D,EXT-01,Extreme Edge,0.96,16.4,42.83,40.58,39.73,1658.4,False,True,True,True,1,6.48,polymer_residue
1180,Rev3,3,W041,PX-7500,CH-D,EXT-02,Extreme Edge,0.96,49.1,43.06,41.54,38.32,1731.8,False,True,True,True,1,2.0,
1181,Rev3,3,W041,PX-7500,CH-D,EXT-03,Extreme Edge,0.96,81.8,43.68,40.95,36.75,1677.3,False,True,True,True,1,4.95,polymer_residue
1182,Rev3,3,W041,PX-7500,CH-D,EXT-04,Extreme Edge,0.96,114.5,43.41,42.17,38.82,1610.1,False,False,True,True,1,2.53,arc_event
1183,Rev3,3,W041,PX-7500,CH-D,EXT-05,Extreme Edge,0.96,147.3,42.94,41.03,39.43,1697.2,False,True,True,True,0,0.0,
1184,Rev3,3,W041,PX-7500,CH-D,EXT-06,Extreme Edge,0.96,180.0,43.16,40.33,40.08,1686.3,False,True,True,True,0,0.0,
1185,Rev3,3,W041,PX-7500,CH-D,EXT-07,Extreme Edge,0.96,212.7,43.16,42.27,37.55,1704.5,False,False,True,True,0,0.0,
1186,Rev3,3,W041,PX-7500,CH-D,EXT-08,Extreme Edge,0.96,245.5,43.29,42.21,40.25,1824.4,False,False,True,False,1,1.81,endpoint_late
1187,Rev3,3,W041,PX-7500,CH-D,EXT-09,Extreme Edge,0.96,278.2,43.59,40.48,41.0,1759.7,False,True,False,True,1,6.36,esc_temp_drift
1188,Rev3,3,W041,PX-7500,CH-D,EXT-10,Extreme Edge,0.96,310.9,42.47,40.86,39.47,1746.9,False,True,True,True,0,0.0,
1189,Rev3,3,W041,PX-7500,CH-D,EXT-11,Extreme Edge,0.96,343.6,42.07,41.22,38.31,1696.6,False,True,True,True,0,0.0,
1190,Rev6,6,W042,PX-7500,CH-C,C1,Center,0.0,0.0,36.93,39.33,31.77,1647.3,True,True,False,True,0,0.0,
1191,Rev6,6,W042,PX-7500,CH-C,MID-01,Mid,0.52,30.0,37.56,38.96,32.92,1699.1,True,True,False,True,0,0.0,
1192,Rev6,6,W042,PX-7500,CH-C,MID-02,Mid,0.52,90.0,37.26,40.26,34.07,1674.6,True,True,False,True,1,3.29,endpoint_late
1193,Rev6,6,W042,PX-7500,CH-C,MID-03,Mid,0.52,150.0,36.87,38.99,36.42,1646.0,True,True,True,True,0,0.0,
1194,Rev6,6,W042,PX-7500,CH-C,MID-04,Mid,0.52,210.0,37.51,41.5,35.54,1632.2,True,True,True,True,0,0.0,
1195,Rev6,6,W042,PX-7500,CH-C,MID-05,Mid,0.52,270.0,37.32,39.6,35.99,1683.2,True,True,True,True,0,0.0,
1196,Rev6,6,W042,PX-7500,CH-C,MID-06,Mid,0.52,330.0,37.16,40.5,33.88,1600.7,True,True,False,True,0,0.0,
1197,Rev6,6,W042,PX-7500,CH-C,EDG-01,Edge,0.84,0.0,39.24,40.74,34.31,1586.9,True,True,True,True,0,0.0,
1198,Rev6,6,W042,PX-7500,CH-C,EDG-02,Edge,0.84,32.7,38.21,40.43,33.55,1670.8,True,True,False,True,0,0.0,
1199,Rev6,6,W042,PX-7500,CH-C,EDG-03,Edge,0.84,65.5,38.24,40.27,37.93,1774.5,True,True,True,False,0,0.0,
1200,Rev6,6,W042,PX-7500,CH-C,EDG-04,Edge,0.84,98.2,39.36,41.86,34.14,1669.0,True,True,False,True,1,1.97,pressure_spike
1201,Rev6,6,W042,PX-7500,CH-C,EDG-05,Edge,0.84,130.9,38.57,40.28,34.37,1634.4,True,True,True,True,0,0.0,
1202,Rev6,6,W042,PX-7500,CH-C,EDG-06,Edge,0.84,163.6,37.84,41.89,33.53,1700.7,True,True,False,True,1,4.36,arc_event
1203,Rev6,6,W042,PX-7500,CH-C,EDG-07,Edge,0.84,196.4,36.71,40.27,35.21,1679.2,True,True,True,True,0,0.0,
1204,Rev6,6,W042,PX-7500,CH-C,EDG-08,Edge,0.84,229.1,38.31,39.25,34.35,1719.0,True,True,True,True,0,0.0,
1205,Rev6,6,W042,PX-7500,CH-C,EDG-09,Edge,0.84,261.8,39.3,39.66,34.15,1648.5,True,True,False,True,0,0.0,
1206,Rev6,6,W042,PX-7500,CH-C,EDG-10,Edge,0.84,294.5,37.97,40.4,34.72,1715.6,True,True,True,True,0,0.0,
1207,Rev6,6,W042,PX-7500,CH-C,EDG-11,Edge,0.84,327.3,37.59,40.95,30.78,1666.0,True,True,False,True,0,0.0,
1208,Rev6,6,W042,PX-7500,CH-C,EXT-01,Extreme Edge,0.96,16.4,39.4,40.8,34.39,1722.0,True,True,True,True,1,5.64,endpoint_late
1209,Rev6,6,W042,PX-7500,CH-C,EXT-02,Extreme Edge,0.96,49.1,39.21,40.46,35.91,1696.4,True,True,True,True,2,8.74,
1210,Rev6,6,W042,PX-7500,CH-C,EXT-03,Extreme Edge,0.96,81.8,38.49,42.29,33.89,1685.0,True,False,False,True,0,0.0,
1211,Rev6,6,W042,PX-7500,CH-C,EXT-04,Extreme Edge,0.96,114.5,38.74,40.57,33.61,1668.1,True,True,False,True,3,12.35,arc_event
1212,Rev6,6,W042,PX-7500,CH-C,EXT-05,Extreme Edge,0.96,147.3,38.38,41.69,36.69,1664.0,True,True,True,True,0,0.0,
1213,Rev6,6,W042,PX-7500,CH-C,EXT-06,Extreme Edge,0.96,180.0,37.46,41.47,34.9,1704.1,True,True,True,True,0,0.0,
1214,Rev6,6,W042,PX-7500,CH-C,EXT-07,Extreme Edge,0.96,212.7,37.95,40.74,36.89,1608.8,True,True,True,True,2,10.3,polymer_residue
1215,Rev6,6,W042,PX-7500,CH-C,EXT-08,Extreme Edge,0.96,245.5,40.18,41.82,33.72,1766.1,True,True,False,False,1,3.38,
1216,Rev6,6,W042,PX-7500,CH-C,EXT-09,Extreme Edge,0.96,278.2,39.36,39.83,36.47,1749.6,True,True,True,True,0,0.0,
1217,Rev6,6,W042,PX-7500,CH-C,EXT-10,Extreme Edge,0.96,310.9,38.81,41.7,33.84,1743.8,True,True,False,True,0,0.0,
1218,Rev6,6,W042,PX-7500,CH-C,EXT-11,Extreme Edge,0.96,343.6,39.78,42.3,33.7,1701.4,True,False,False,True,1,6.28,polymer_residue
1219,Rev9,9,W043,AE-3200,CH-B,C1,Center,0.0,0.0,36.39,40.28,36.66,1779.4,False,True,True,False,0,0.0,
1220,Rev9,9,W043,AE-3200,CH-B,MID-01,Mid,0.52,30.0,38.87,41.58,37.03,1756.9,True,True,True,True,1,5.9,
1221,Rev9,9,W043,AE-3200,CH-B,MID-02,Mid,0.52,90.0,38.06,40.25,37.71,1784.1,True,True,True,False,0,0.0,
1222,Rev9,9,W043,AE-3200,CH-B,MID-03,Mid,0.52,150.0,38.13,40.51,37.97,1704.2,True,True,True,True,0,0.0,
1223,Rev9,9,W043,AE-3200,CH-B,MID-04,Mid,0.52,210.0,37.15,40.73,38.69,1742.9,True,True,True,True,1,3.01,
1224,Rev9,9,W043,AE-3200,CH-B,MID-05,Mid,0.52,270.0,37.69,40.85,39.07,1782.8,True,True,True,False,0,0.0,
1225,Rev9,9,W043,AE-3200,CH-B,MID-06,Mid,0.52,330.0,38.49,40.22,38.18,1745.4,True,True,True,True,0,0.0,
1226,Rev9,9,W043,AE-3200,CH-B,EDG-01,Edge,0.84,0.0,38.57,40.82,37.86,1833.1,True,True,True,False,0,0.0,
1227,Rev9,9,W043,AE-3200,CH-B,EDG-02,Edge,0.84,32.7,38.32,41.35,39.06,1803.0,True,True,True,False,2,9.69,polymer_residue
1228,Rev9,9,W043,AE-3200,CH-B,EDG-03,Edge,0.84,65.5,38.54,42.85,38.06,1837.0,True,False,True,False,1,6.09,polymer_residue
1229,Rev9,9,W043,AE-3200,CH-B,EDG-04,Edge,0.84,98.2,39.48,39.63,39.45,1821.1,True,True,True,False,0,0.0,
1230,Rev9,9,W043,AE-3200,CH-B,EDG-05,Edge,0.84,130.9,39.55,39.7,38.07,1767.8,True,True,True,False,1,1.88,
1231,Rev9,9,W043,AE-3200,CH-B,EDG-06,Edge,0.84,163.6,38.88,41.47,40.11,1803.1,True,True,True,False,1,2.33,
1232,Rev9,9,W043,AE-3200,CH-B,EDG-07,Edge,0.84,196.4,38.37,41.91,36.79,1757.6,True,True,True,True,2,7.78,polymer_residue
1233,Rev9,9,W043,AE-3200,CH-B,EDG-08,Edge,0.84,229.1,39.12,40.68,37.23,1732.7,True,True,True,True,0,0.0,
1234,Rev9,9,W043,AE-3200,CH-B,EDG-09,Edge,0.84,261.8,38.91,41.41,37.44,1905.5,True,True,True,False,1,2.47,polymer_residue
1235,Rev9,9,W043,AE-3200,CH-B,EDG-10,Edge,0.84,294.5,39.38,42.25,40.41,1819.2,True,False,False,False,1,4.87,esc_temp_drift
1236,Rev9,9,W043,AE-3200,CH-B,EDG-11,Edge,0.84,327.3,38.73,42.15,38.83,1847.0,True,False,True,False,0,0.0,
1237,Rev9,9,W043,AE-3200,CH-B,EXT-01,Extreme Edge,0.96,16.4,39.46,43.88,36.58,1803.7,True,False,True,False,1,2.07,polymer_residue
1238,Rev9,9,W043,AE-3200,CH-B,EXT-02,Extreme Edge,0.96,49.1,39.45,42.44,39.44,1819.8,True,False,True,False,4,21.29,
1239,Rev9,9,W043,AE-3200,CH-B,EXT-03,Extreme Edge,0.96,81.8,39.62,39.0,37.16,1798.9,True,True,True,False,0,0.0,
1240,Rev9,9,W043,AE-3200,CH-B,EXT-04,Extreme Edge,0.96,114.5,38.31,40.16,40.16,1851.9,True,True,True,False,2,4.07,pressure_spike
1241,Rev9,9,W043,AE-3200,CH-B,EXT-05,Extreme Edge,0.96,147.3,38.71,43.2,37.74,1818.2,True,False,True,False,1,4.88,
1242,Rev9,9,W043,AE-3200,CH-B,EXT-06,Extreme Edge,0.96,180.0,38.9,40.08,39.88,1832.1,True,True,True,False,0,0.0,
1243,Rev9,9,W043,AE-3200,CH-B,EXT-07,Extreme Edge,0.96,212.7,40.19,42.19,36.37,1817.6,True,False,True,False,0,0.0,
1244,Rev9,9,W043,AE-3200,CH-B,EXT-08,Extreme Edge,0.96,245.5,40.0,41.15,37.59,1811.6,True,True,True,False,1,3.43,polymer_residue
1245,Rev9,9,W043,AE-3200,CH-B,EXT-09,Extreme Edge,0.96,278.2,38.95,42.3,37.44,1824.3,True,False,True,False,1,2.94,polymer_residue
1246,Rev9,9,W043,AE-3200,CH-B,EXT-10,Extreme Edge,0.96,310.9,38.39,43.0,39.1,1825.1,True,False,True,False,0,0.0,
1247,Rev9,9,W043,AE-3200,CH-B,EXT-11,Extreme Edge,0.96,343.6,39.06,41.03,39.54,1778.0,True,True,True,False,0,0.0,
1248,Rev2,2,W044,PX-7500,CH-C,C1,Center,0.0,0.0,39.07,39.1,36.19,1531.8,True,True,True,False,0,0.0,
1249,Rev2,2,W044,PX-7500,CH-C,MID-01,Mid,0.52,30.0,39.29,41.03,36.52,1674.9,True,True,True,True,0,0.0,
1250,Rev2,2,W044,PX-7500,CH-C,MID-02,Mid,0.52,90.0,39.17,40.44,35.12,1678.1,True,True,True,True,0,0.0,
1251,Rev2,2,W044,PX-7500,CH-C,MID-03,Mid,0.52,150.0,40.57,39.86,37.11,1645.8,False,True,True,True,0,0.0,
1252,Rev2,2,W044,PX-7500,CH-C,MID-04,Mid,0.52,210.0,38.83,40.41,38.38,1680.3,True,True,True,True,0,0.0,
1253,Rev2,2,W044,PX-7500,CH-C,MID-05,Mid,0.52,270.0,38.39,41.48,36.79,1639.2,True,True,True,True,0,0.0,
1254,Rev2,2,W044,PX-7500,CH-C,MID-06,Mid,0.52,330.0,39.11,41.5,38.41,1700.9,True,True,True,True,0,0.0,
1255,Rev2,2,W044,PX-7500,CH-C,EDG-01,Edge,0.84,0.0,41.49,41.49,37.06,1586.7,False,True,True,True,1,3.35,polymer_residue
1256,Rev2,2,W044,PX-7500,CH-C,EDG-02,Edge,0.84,32.7,39.85,41.09,38.44,1630.2,True,True,True,True,0,0.0,
1257,Rev2,2,W044,PX-7500,CH-C,EDG-03,Edge,0.84,65.5,40.73,40.3,36.93,1643.9,False,True,True,True,2,4.15,endpoint_late
1258,Rev2,2,W044,PX-7500,CH-C,EDG-04,Edge,0.84,98.2,40.32,40.96,39.7,1608.9,True,True,True,True,0,0.0,
1259,Rev2,2,W044,PX-7500,CH-C,EDG-05,Edge,0.84,130.9,40.51,41.34,38.35,1697.8,False,True,True,True,0,0.0,
1260,Rev2,2,W044,PX-7500,CH-C,EDG-06,Edge,0.84,163.6,40.33,40.89,39.0,1654.0,True,True,True,True,0,0.0,
1261,Rev2,2,W044,PX-7500,CH-C,EDG-07,Edge,0.84,196.4,40.46,40.9,39.15,1740.9,False,True,True,True,2,11.09,polymer_residue
1262,Rev2,2,W044,PX-7500,CH-C,EDG-08,Edge,0.84,229.1,41.36,41.61,39.65,1643.5,False,True,True,True,0,0.0,
1263,Rev2,2,W044,PX-7500,CH-C,EDG-09,Edge,0.84,261.8,41.1,41.4,37.16,1672.9,False,True,True,True,0,0.0,
1264,Rev2,2,W044,PX-7500,CH-C,EDG-10,Edge,0.84,294.5,41.37,40.16,37.47,1583.4,False,True,True,True,1,2.72,
1265,Rev2,2,W044,PX-7500,CH-C,EDG-11,Edge,0.84,327.3,41.34,42.17,38.33,1636.7,False,False,True,True,0,0.0,
1266,Rev2,2,W044,PX-7500,CH-C,EXT-01,Extreme Edge,0.96,16.4,40.55,41.14,36.05,1701.4,False,True,True,True,0,0.0,
1267,Rev2,2,W044,PX-7500,CH-C,EXT-02,Extreme Edge,0.96,49.1,40.83,40.65,38.4,1656.0,False,True,True,True,1,4.81,esc_temp_drift
1268,Rev2,2,W044,PX-7500,CH-C,EXT-03,Extreme Edge,0.96,81.8,40.42,41.3,35.96,1705.7,False,True,True,True,0,0.0,
1269,Rev2,2,W044,PX-7500,CH-C,EXT-04,Extreme Edge,0.96,114.5,40.06,41.53,38.09,1697.4,True,True,True,True,2,11.71,pressure_spike
1270,Rev2,2,W044,PX-7500,CH-C,EXT-05,Extreme Edge,0.96,147.3,41.56,42.21,38.11,1721.4,False,False,True,True,0,0.0,
1271,Rev2,2,W044,PX-7500,CH-C,EXT-06,Extreme Edge,0.96,180.0,42.35,41.36,40.75,1691.1,False,True,False,True,2,8.23,pressure_spike
1272,Rev2,2,W044,PX-7500,CH-C,EXT-07,Extreme Edge,0.96,212.7,40.72,43.47,37.44,1602.0,False,False,True,True,0,0.0,
1273,Rev2,2,W044,PX-7500,CH-C,EXT-08,Extreme Edge,0.96,245.5,42.04,41.47,40.95,1792.2,False,True,False,False,0,0.0,
1274,Rev2,2,W044,PX-7500,CH-C,EXT-09,Extreme Edge,0.96,278.2,41.33,42.2,39.49,1646.2,False,False,True,True,0,0.0,
1275,Rev2,2,W044,PX-7500,CH-C,EXT-10,Extreme Edge,0.96,310.9,40.94,41.98,38.68,1603.6,False,True,True,True,2,4.2,
1276,Rev2,2,W044,PX-7500,CH-C,EXT-11,Extreme Edge,0.96,343.6,41.46,41.72,40.15,1608.1,False,True,True,True,0,0.0,
1277,Rev4,4,W045,AE-3200,CH-A,C1,Center,0.0,0.0,38.68,41.17,36.61,1586.5,True,True,True,True,0,0.0,
1278,Rev4,4,W045,AE-3200,CH-A,MID-01,Mid,0.52,30.0,40.52,40.49,39.55,1620.5,False,True,True,True,1,5.71,
1279,Rev4,4,W045,AE-3200,CH-A,MID-02,Mid,0.52,90.0,40.24,40.05,35.79,1553.0,True,True,True,False,1,4.88,
1280,Rev4,4,W045,AE-3200,CH-A,MID-03,Mid,0.52,150.0,40.01,41.45,37.78,1643.7,True,True,True,True,0,0.0,
1281,Rev4,4,W045,AE-3200,CH-A,MID-04,Mid,0.52,210.0,39.57,42.32,36.91,1722.7,True,False,True,True,0,0.0,
1282,Rev4,4,W045,AE-3200,CH-A,MID-05,Mid,0.52,270.0,40.7,40.55,36.21,1684.9,False,True,True,True,0,0.0,
1283,Rev4,4,W045,AE-3200,CH-A,MID-06,Mid,0.52,330.0,40.18,41.42,37.97,1657.1,True,True,True,True,0,0.0,
1284,Rev4,4,W045,AE-3200,CH-A,EDG-01,Edge,0.84,0.0,41.23,43.33,38.97,1591.4,False,False,True,True,1,4.6,endpoint_late
1285,Rev4,4,W045,AE-3200,CH-A,EDG-02,Edge,0.84,32.7,40.82,41.08,40.08,1700.6,False,True,True,True,0,0.0,
1286,Rev4,4,W045,AE-3200,CH-A,EDG-03,Edge,0.84,65.5,41.19,40.39,39.69,1645.9,False,True,True,True,0,0.0,
1287,Rev4,4,W045,AE-3200,CH-A,EDG-04,Edge,0.84,98.2,41.89,42.46,38.43,1670.5,False,False,True,True,1,3.83,
1288,Rev4,4,W045,AE-3200,CH-A,EDG-05,Edge,0.84,130.9,40.39,41.34,36.11,1755.3,True,True,True,True,0,0.0,
1289,Rev4,4,W045,AE-3200,CH-A,EDG-06,Edge,0.84,163.6,41.06,40.71,38.18,1642.6,False,True,True,True,0,0.0,
1290,Rev4,4,W045,AE-3200,CH-A,EDG-07,Edge,0.84,196.4,41.29,40.97,37.27,1683.3,False,True,True,True,2,7.03,endpoint_late
1291,Rev4,4,W045,AE-3200,CH-A,EDG-08,Edge,0.84,229.1,41.43,41.14,38.33,1758.0,False,True,True,True,1,3.68,
1292,Rev4,4,W045,AE-3200,CH-A,EDG-09,Edge,0.84,261.8,41.46,40.36,39.07,1679.6,False,True,True,True,0,0.0,
1293,Rev4,4,W045,AE-3200,CH-A,EDG-10,Edge,0.84,294.5,41.12,41.5,38.04,1743.3,False,True,True,True,0,0.0,
1294,Rev4,4,W045,AE-3200,CH-A,EDG-11,Edge,0.84,327.3,41.04,41.01,38.05,1592.3,False,True,True,True,1,2.43,endpoint_late
1295,Rev4,4,W045,AE-3200,CH-A,EXT-01,Extreme Edge,0.96,16.4,41.29,41.76,38.01,1792.9,False,True,True,False,0,0.0,
1296,Rev4,4,W045,AE-3200,CH-A,EXT-02,Extreme Edge,0.96,49.1,41.26,41.6,41.75,1699.7,False,True,False,True,0,0.0,
1297,Rev4,4,W045,AE-3200,CH-A,EXT-03,Extreme Edge,0.96,81.8,41.25,41.13,38.86,1693.1,False,True,True,True,1,2.02,polymer_residue
1298,Rev4,4,W045,AE-3200,CH-A,EXT-04,Extreme Edge,0.96,114.5,41.18,41.18,39.89,1645.2,False,True,True,True,2,7.54,pressure_spike
1299,Rev4,4,W045,AE-3200,CH-A,EXT-05,Extreme Edge,0.96,147.3,41.19,41.73,40.04,1694.8,False,True,True,True,1,4.49,
1300,Rev4,4,W045,AE-3200,CH-A,EXT-06,Extreme Edge,0.96,180.0,41.13,40.82,38.28,1723.4,False,True,True,True,1,5.73,arc_event
1301,Rev4,4,W045,AE-3200,CH-A,EXT-07,Extreme Edge,0.96,212.7,42.3,42.18,37.05,1673.6,False,False,True,True,1,2.7,endpoint_late
1302,Rev4,4,W045,AE-3200,CH-A,EXT-08,Extreme Edge,0.96,245.5,42.48,40.66,37.65,1779.1,False,True,True,False,1,2.27,polymer_residue
1303,Rev4,4,W045,AE-3200,CH-A,EXT-09,Extreme Edge,0.96,278.2,42.04,40.61,37.64,1701.1,False,True,True,True,1,1.91,
1304,Rev4,4,W045,AE-3200,CH-A,EXT-10,Extreme Edge,0.96,310.9,41.57,42.0,37.58,1724.0,False,True,True,True,0,0.0,
1305,Rev4,4,W045,AE-3200,CH-A,EXT-11,Extreme Edge,0.96,343.6,41.39,41.14,38.84,1692.3,False,True,True,True,1,5.44,polymer_residue
1306,Rev3,3,W046,PX-7500,CH-D,C1,Center,0.0,0.0,39.03,41.19,37.27,1542.0,True,True,True,False,0,0.0,
1307,Rev3,3,W046,PX-7500,CH-D,MID-01,Mid,0.52,30.0,40.57,43.12,36.78,1557.7,False,False,True,False,1,3.41,endpoint_late
1308,Rev3,3,W046,PX-7500,CH-D,MID-02,Mid,0.52,90.0,40.15,40.11,35.69,1541.4,True,True,True,False,0,0.0,
1309,Rev3,3,W046,PX-7500,CH-D,MID-03,Mid,0.52,150.0,40.61,41.31,37.14,1585.6,False,True,True,True,0,0.0,
1310,Rev3,3,W046,PX-7500,CH-D,MID-04,Mid,0.52,210.0,41.16,40.61,37.56,1567.0,False,True,True,False,0,0.0,
1311,Rev3,3,W046,PX-7500,CH-D,MID-05,Mid,0.52,270.0,40.98,41.68,36.79,1635.7,False,True,True,True,1,2.27,
1312,Rev3,3,W046,PX-7500,CH-D,MID-06,Mid,0.52,330.0,40.03,41.93,36.6,1647.2,True,True,True,True,0,0.0,
1313,Rev3,3,W046,PX-7500,CH-D,EDG-01,Edge,0.84,0.0,42.48,41.13,37.08,1685.2,False,True,True,True,2,9.08,
1314,Rev3,3,W046,PX-7500,CH-D,EDG-02,Edge,0.84,32.7,41.38,41.4,39.17,1648.8,False,True,True,True,1,3.43,
1315,Rev3,3,W046,PX-7500,CH-D,EDG-03,Edge,0.84,65.5,41.59,41.23,38.62,1632.5,False,True,True,True,1,5.72,polymer_residue
1316,Rev3,3,W046,PX-7500,CH-D,EDG-04,Edge,0.84,98.2,42.06,41.44,36.42,1647.2,False,True,True,True,0,0.0,
1317,Rev3,3,W046,PX-7500,CH-D,EDG-05,Edge,0.84,130.9,40.22,42.44,37.35,1561.9,True,False,True,False,0,0.0,
1318,Rev3,3,W046,PX-7500,CH-D,EDG-06,Edge,0.84,163.6,41.21,42.53,38.55,1533.8,False,False,True,False,1,2.75,
1319,Rev3,3,W046,PX-7500,CH-D,EDG-07,Edge,0.84,196.4,42.04,41.42,38.36,1653.4,False,True,True,True,0,0.0,
1320,Rev3,3,W046,PX-7500,CH-D,EDG-08,Edge,0.84,229.1,42.08,42.84,37.61,1684.4,False,False,True,True,0,0.0,
1321,Rev3,3,W046,PX-7500,CH-D,EDG-09,Edge,0.84,261.8,40.98,41.97,37.9,1710.0,False,True,True,True,2,8.93,polymer_residue
1322,Rev3,3,W046,PX-7500,CH-D,EDG-10,Edge,0.84,294.5,42.09,42.31,38.44,1648.0,False,False,True,True,2,6.55,endpoint_late
1323,Rev3,3,W046,PX-7500,CH-D,EDG-11,Edge,0.84,327.3,41.3,43.96,36.19,1688.4,False,False,True,True,1,4.6,
1324,Rev3,3,W046,PX-7500,CH-D,EXT-01,Extreme Edge,0.96,16.4,41.25,43.45,39.35,1652.2,False,False,True,True,2,10.12,
1325,Rev3,3,W046,PX-7500,CH-D,EXT-02,Extreme Edge,0.96,49.1,41.26,44.06,40.75,1653.3,False,False,False,True,0,0.0,
1326,Rev3,3,W046,PX-7500,CH-D,EXT-03,Extreme Edge,0.96,81.8,42.06,41.92,36.63,1590.3,False,True,True,True,3,9.61,
1327,Rev3,3,W046,PX-7500,CH-D,EXT-04,Extreme Edge,0.96,114.5,41.98,42.54,38.0,1681.3,False,False,True,True,0,0.0,
1328,Rev3,3,W046,PX-7500,CH-D,EXT-05,Extreme Edge,0.96,147.3,41.89,41.57,38.06,1764.6,False,True,True,False,1,4.37,endpoint_late
1329,Rev3,3,W046,PX-7500,CH-D,EXT-06,Extreme Edge,0.96,180.0,41.75,42.87,36.39,1674.4,False,False,True,True,3,13.38,endpoint_late
1330,Rev3,3,W046,PX-7500,CH-D,EXT-07,Extreme Edge,0.96,212.7,42.49,42.1,37.53,1715.0,False,False,True,True,1,3.85,polymer_residue
1331,Rev3,3,W046,PX-7500,CH-D,EXT-08,Extreme Edge,0.96,245.5,41.63,43.1,38.74,1566.4,False,False,True,False,1,3.2,
1332,Rev3,3,W046,PX-7500,CH-D,EXT-09,Extreme Edge,0.96,278.2,42.98,42.37,36.8,1736.7,False,False,True,True,1,2.22,
1333,Rev3,3,W046,PX-7500,CH-D,EXT-10,Extreme Edge,0.96,310.9,40.85,43.47,39.25,1717.6,False,False,True,True,0,0.0,
1334,Rev3,3,W046,PX-7500,CH-D,EXT-11,Extreme Edge,0.96,343.6,41.28,42.75,37.89,1632.2,False,False,True,True,0,0.0,
1335,Rev9,9,W047,AE-3200,CH-B,C1,Center,0.0,0.0,37.06,38.54,36.6,1751.8,True,True,True,True,0,0.0,
1336,Rev9,9,W047,AE-3200,CH-B,MID-01,Mid,0.52,30.0,36.1,40.94,38.06,1805.2,False,True,True,False,0,0.0,
1337,Rev9,9,W047,AE-3200,CH-B,MID-02,Mid,0.52,90.0,38.06,40.66,40.56,1859.2,True,True,False,False,0,0.0,
1338,Rev9,9,W047,AE-3200,CH-B,MID-03,Mid,0.52,150.0,37.04,39.97,40.13,1668.4,True,True,True,True,0,0.0,
1339,Rev9,9,W047,AE-3200,CH-B,MID-04,Mid,0.52,210.0,37.23,38.7,33.51,1833.6,True,True,False,False,1,2.88,pressure_spike
1340,Rev9,9,W047,AE-3200,CH-B,MID-05,Mid,0.52,270.0,37.74,39.04,37.67,1773.6,True,True,True,False,0,0.0,
1341,Rev9,9,W047,AE-3200,CH-B,MID-06,Mid,0.52,330.0,37.86,39.82,34.65,1810.4,True,True,True,False,0,0.0,
1342,Rev9,9,W047,AE-3200,CH-B,EDG-01,Edge,0.84,0.0,38.85,39.86,36.95,1845.0,True,True,True,False,0,0.0,
1343,Rev9,9,W047,AE-3200,CH-B,EDG-02,Edge,0.84,32.7,38.27,40.44,38.24,1800.7,True,True,True,False,1,4.63,arc_event
1344,Rev9,9,W047,AE-3200,CH-B,EDG-03,Edge,0.84,65.5,38.52,40.05,38.56,1725.9,True,True,True,True,1,4.72,endpoint_late
1345,Rev9,9,W047,AE-3200,CH-B,EDG-04,Edge,0.84,98.2,37.77,40.31,36.26,1773.3,True,True,True,False,1,3.82,polymer_residue
1346,Rev9,9,W047,AE-3200,CH-B,EDG-05,Edge,0.84,130.9,39.31,40.75,39.91,1731.5,True,True,True,True,0,0.0,
1347,Rev9,9,W047,AE-3200,CH-B,EDG-06,Edge,0.84,163.6,38.41,41.39,38.09,1847.4,True,True,True,False,0,0.0,
1348,Rev9,9,W047,AE-3200,CH-B,EDG-07,Edge,0.84,196.4,38.18,41.04,38.55,1773.3,True,True,True,False,1,2.51,
1349,Rev9,9,W047,AE-3200,CH-B,EDG-08,Edge,0.84,229.1,38.95,41.32,36.82,1756.1,True,True,True,True,0,0.0,
1350,Rev9,9,W047,AE-3200,CH-B,EDG-09,Edge,0.84,261.8,37.84,40.98,38.0,1823.8,True,True,True,False,0,0.0,
1351,Rev9,9,W047,AE-3200,CH-B,EDG-10,Edge,0.84,294.5,36.94,40.65,35.45,1896.2,True,True,True,False,0,0.0,
1352,Rev9,9,W047,AE-3200,CH-B,EDG-11,Edge,0.84,327.3,37.29,41.13,34.54,1908.4,True,True,True,False,0,0.0,
1353,Rev9,9,W047,AE-3200,CH-B,EXT-01,Extreme Edge,0.96,16.4,38.54,41.05,39.39,1822.8,True,True,True,False,0,0.0,
1354,Rev9,9,W047,AE-3200,CH-B,EXT-02,Extreme Edge,0.96,49.1,37.64,39.32,36.62,1800.0,True,True,True,False,0,0.0,
1355,Rev9,9,W047,AE-3200,CH-B,EXT-03,Extreme Edge,0.96,81.8,38.9,41.63,39.91,1863.2,True,True,True,False,0,0.0,
1356,Rev9,9,W047,AE-3200,CH-B,EXT-04,Extreme Edge,0.96,114.5,38.23,40.84,38.84,1832.9,True,True,True,False,0,0.0,
1357,Rev9,9,W047,AE-3200,CH-B,EXT-05,Extreme Edge,0.96,147.3,39.17,42.67,37.46,1895.2,True,False,True,False,0,0.0,
1358,Rev9,9,W047,AE-3200,CH-B,EXT-06,Extreme Edge,0.96,180.0,39.09,40.15,39.23,1872.6,True,True,True,False,1,4.42,
1359,Rev9,9,W047,AE-3200,CH-B,EXT-07,Extreme Edge,0.96,212.7,39.23,40.72,39.24,1939.6,True,True,True,False,1,4.38,polymer_residue
1360,Rev9,9,W047,AE-3200,CH-B,EXT-08,Extreme Edge,0.96,245.5,39.07,41.05,37.7,1914.8,True,True,True,False,0,0.0,
1361,Rev9,9,W047,AE-3200,CH-B,EXT-09,Extreme Edge,0.96,278.2,39.7,40.64,35.39,1715.7,True,True,True,True,1,4.42,
1362,Rev9,9,W047,AE-3200,CH-B,EXT-10,Extreme Edge,0.96,310.9,38.58,40.8,40.15,1859.4,True,True,True,False,1,2.51,
1363,Rev9,9,W047,AE-3200,CH-B,EXT-11,Extreme Edge,0.96,343.6,39.43,42.93,38.5,1873.8,True,False,True,False,1,3.54,arc_event
1364,Rev7,7,W048,PX-7500,CH-D,C1,Center,0.0,0.0,37.13,38.3,36.38,1633.6,True,True,True,True,0,0.0,
1365,Rev7,7,W048,PX-7500,CH-D,MID-01,Mid,0.52,30.0,38.34,39.22,35.59,1789.5,True,True,True,False,0,0.0,
1366,Rev7,7,W048,PX-7500,CH-D,MID-02,Mid,0.52,90.0,38.09,40.03,34.97,1705.0,True,True,True,True,0,0.0,
1367,Rev7,7,W048,PX-7500,CH-D,MID-03,Mid,0.52,150.0,38.8,37.9,40.08,1684.0,True,True,True,True,0,0.0,
1368,Rev7,7,W048,PX-7500,CH-D,MID-04,Mid,0.52,210.0,37.49,40.71,37.19,1695.6,True,True,True,True,0,0.0,
1369,Rev7,7,W048,PX-7500,CH-D,MID-05,Mid,0.52,270.0,37.81,38.72,37.68,1770.9,True,True,True,False,0,0.0,
1370,Rev7,7,W048,PX-7500,CH-D,MID-06,Mid,0.52,330.0,38.93,39.49,36.41,1710.9,True,True,True,True,0,0.0,
1371,Rev7,7,W048,PX-7500,CH-D,EDG-01,Edge,0.84,0.0,38.07,40.31,35.29,1860.7,True,True,True,False,1,4.61,pressure_spike
1372,Rev7,7,W048,PX-7500,CH-D,EDG-02,Edge,0.84,32.7,40.5,40.81,35.99,1720.7,False,True,True,True,0,0.0,
1373,Rev7,7,W048,PX-7500,CH-D,EDG-03,Edge,0.84,65.5,38.5,41.03,35.9,1842.3,True,True,True,False,0,0.0,
1374,Rev7,7,W048,PX-7500,CH-D,EDG-04,Edge,0.84,98.2,38.74,40.24,36.12,1876.0,True,True,True,False,3,12.07,
1375,Rev7,7,W048,PX-7500,CH-D,EDG-05,Edge,0.84,130.9,39.44,40.24,36.24,1732.9,True,True,True,True,0,0.0,
1376,Rev7,7,W048,PX-7500,CH-D,EDG-06,Edge,0.84,163.6,38.99,42.2,36.2,1794.8,True,False,True,False,0,0.0,
1377,Rev7,7,W048,PX-7500,CH-D,EDG-07,Edge,0.84,196.4,39.34,41.49,35.78,1755.6,True,True,True,True,0,0.0,
1378,Rev7,7,W048,PX-7500,CH-D,EDG-08,Edge,0.84,229.1,39.76,39.29,34.3,1734.1,True,True,True,True,2,7.36,
1379,Rev7,7,W048,PX-7500,CH-D,EDG-09,Edge,0.84,261.8,39.56,40.37,37.27,1748.6,True,True,True,True,0,0.0,
1380,Rev7,7,W048,PX-7500,CH-D,EDG-10,Edge,0.84,294.5,40.22,38.24,35.49,1777.4,True,True,True,False,1,3.27,polymer_residue
1381,Rev7,7,W048,PX-7500,CH-D,EDG-11,Edge,0.84,327.3,39.0,40.67,38.94,1802.5,True,True,True,False,0,0.0,
1382,Rev7,7,W048,PX-7500,CH-D,EXT-01,Extreme Edge,0.96,16.4,40.33,41.67,37.39,1857.7,True,True,True,False,1,5.82,
1383,Rev7,7,W048,PX-7500,CH-D,EXT-02,Extreme Edge,0.96,49.1,39.9,40.21,38.61,1799.4,True,True,True,False,1,6.36,
1384,Rev7,7,W048,PX-7500,CH-D,EXT-03,Extreme Edge,0.96,81.8,39.94,41.35,36.58,1772.3,True,True,True,False,1,4.53,polymer_residue
1385,Rev7,7,W048,PX-7500,CH-D,EXT-04,Extreme Edge,0.96,114.5,40.3,40.53,33.99,1866.4,True,True,False,False,2,11.51,
1386,Rev7,7,W048,PX-7500,CH-D,EXT-05,Extreme Edge,0.96,147.3,38.87,42.53,37.38,1809.9,True,False,True,False,0,0.0,
1387,Rev7,7,W048,PX-7500,CH-D,EXT-06,Extreme Edge,0.96,180.0,38.89,41.83,34.94,1777.5,True,True,True,False,0,0.0,
1388,Rev7,7,W048,PX-7500,CH-D,EXT-07,Extreme Edge,0.96,212.7,40.03,40.49,39.26,1826.0,True,True,True,False,1,2.49,esc_temp_drift
1389,Rev7,7,W048,PX-7500,CH-D,EXT-08,Extreme Edge,0.96,245.5,40.21,41.41,38.29,1782.6,True,True,True,False,0,0.0,
1390,Rev7,7,W048,PX-7500,CH-D,EXT-09,Extreme Edge,0.96,278.2,40.66,41.48,38.14,1783.2,False,True,True,False,2,8.67,
1391,Rev7,7,W048,PX-7500,CH-D,EXT-10,Extreme Edge,0.96,310.9,39.74,40.29,37.07,1770.2,True,True,True,False,0,0.0,
1392,Rev7,7,W048,PX-7500,CH-D,EXT-11,Extreme Edge,0.96,343.6,39.41,41.92,37.61,1767.0,True,True,True,False,1,5.66,pressure_spike
1393,Rev11,11,W049,PX-7500,CH-D,C1,Center,0.0,0.0,39.06,40.38,37.39,1616.5,True,True,True,True,0,0.0,
1394,Rev11,11,W049,PX-7500,CH-D,MID-01,Mid,0.52,30.0,38.64,39.84,35.1,1690.3,True,True,True,True,0,0.0,
1395,Rev11,11,W049,PX-7500,CH-D,MID-02,Mid,0.52,90.0,39.12,39.93,36.32,1715.4,True,True,True,True,0,0.0,
1396,Rev11,11,W049,PX-7500,CH-D,MID-03,Mid,0.52,150.0,38.85,40.79,39.85,1661.4,True,True,True,True,1,5.93,
1397,Rev11,11,W049,PX-7500,CH-D,MID-04,Mid,0.52,210.0,38.89,39.35,38.78,1707.8,True,True,True,True,0,0.0,
1398,Rev11,11,W049,PX-7500,CH-D,MID-05,Mid,0.52,270.0,39.47,39.86,38.07,1697.4,True,True,True,True,0,0.0,
1399,Rev11,11,W049,PX-7500,CH-D,MID-06,Mid,0.52,330.0,39.39,40.11,38.91,1690.8,True,True,True,True,0,0.0,
1400,Rev11,11,W049,PX-7500,CH-D,EDG-01,Edge,0.84,0.0,39.6,40.46,33.89,1728.7,True,True,False,True,0,0.0,
1401,Rev11,11,W049,PX-7500,CH-D,EDG-02,Edge,0.84,32.7,40.36,40.35,39.49,1766.4,True,True,True,False,0,0.0,
1402,Rev11,11,W049,PX-7500,CH-D,EDG-03,Edge,0.84,65.5,39.08,41.63,37.88,1696.3,True,True,True,True,1,4.09,
1403,Rev11,11,W049,PX-7500,CH-D,EDG-04,Edge,0.84,98.2,38.98,39.86,36.39,1727.0,True,True,True,True,1,5.25,
1404,Rev11,11,W049,PX-7500,CH-D,EDG-05,Edge,0.84,130.9,41.04,41.47,37.66,1684.0,False,True,True,True,0,0.0,
1405,Rev11,11,W049,PX-7500,CH-D,EDG-06,Edge,0.84,163.6,40.15,41.2,37.59,1689.3,True,True,True,True,0,0.0,
1406,Rev11,11,W049,PX-7500,CH-D,EDG-07,Edge,0.84,196.4,38.68,41.23,37.66,1742.2,True,True,True,True,0,0.0,
1407,Rev11,11,W049,PX-7500,CH-D,EDG-08,Edge,0.84,229.1,39.73,39.71,35.91,1756.5,True,True,True,True,1,6.23,
1408,Rev11,11,W049,PX-7500,CH-D,EDG-09,Edge,0.84,261.8,39.64,40.11,35.23,1715.7,True,True,True,True,1,3.48,polymer_residue
1409,Rev11,11,W049,PX-7500,CH-D,EDG-10,Edge,0.84,294.5,39.7,42.06,37.19,1735.8,True,False,True,True,0,0.0,
1410,Rev11,11,W049,PX-7500,CH-D,EDG-11,Edge,0.84,327.3,42.21,42.33,36.89,1841.5,False,False,True,False,3,13.73,polymer_residue
1411,Rev11,11,W049,PX-7500,CH-D,EXT-01,Extreme Edge,0.96,16.4,40.63,40.72,36.92,1800.4,False,True,True,False,1,3.72,
1412,Rev11,11,W049,PX-7500,CH-D,EXT-02,Extreme Edge,0.96,49.1,40.03,40.93,37.94,1795.7,True,True,True,False,0,0.0,
1413,Rev11,11,W049,PX-7500,CH-D,EXT-03,Extreme Edge,0.96,81.8,39.65,40.33,36.62,1784.8,True,True,True,False,2,10.13,
1414,Rev11,11,W049,PX-7500,CH-D,EXT-04,Extreme Edge,0.96,114.5,39.89,39.86,39.7,1723.5,True,True,True,True,0,0.0,
1415,Rev11,11,W049,PX-7500,CH-D,EXT-05,Extreme Edge,0.96,147.3,39.82,41.63,43.36,1870.8,True,True,False,False,0,0.0,
1416,Rev11,11,W049,PX-7500,CH-D,EXT-06,Extreme Edge,0.96,180.0,42.3,41.39,36.51,1697.1,False,True,True,True,0,0.0,
1417,Rev11,11,W049,PX-7500,CH-D,EXT-07,Extreme Edge,0.96,212.7,41.48,40.92,37.96,1622.6,False,True,True,True,1,3.54,esc_temp_drift
1418,Rev11,11,W049,PX-7500,CH-D,EXT-08,Extreme Edge,0.96,245.5,40.06,41.58,36.78,1758.2,True,True,True,True,0,0.0,
1419,Rev11,11,W049,PX-7500,CH-D,EXT-09,Extreme Edge,0.96,278.2,41.41,40.21,39.63,1774.5,False,True,True,False,3,16.4,
1420,Rev11,11,W049,PX-7500,CH-D,EXT-10,Extreme Edge,0.96,310.9,40.96,41.0,37.6,1723.0,False,True,True,True,0,0.0,
1421,Rev11,11,W049,PX-7500,CH-D,EXT-11,Extreme Edge,0.96,343.6,39.53,40.73,37.51,1772.4,True,True,True,False,1,2.94,polymer_residue
1422,Rev5,5,W050,AE-3200,CH-B,C1,Center,0.0,0.0,38.56,39.95,37.57,1670.6,True,True,True,True,0,0.0,
1423,Rev5,5,W050,AE-3200,CH-B,MID-01,Mid,0.52,30.0,38.5,39.99,36.99,1613.4,True,True,True,True,0,0.0,
1424,Rev5,5,W050,AE-3200,CH-B,MID-02,Mid,0.52,90.0,39.19,39.89,36.75,1631.9,True,True,True,True,1,3.96,polymer_residue
1425,Rev5,5,W050,AE-3200,CH-B,MID-03,Mid,0.52,150.0,40.81,40.73,40.31,1669.7,False,True,True,True,1,6.01,
1426,Rev5,5,W050,AE-3200,CH-B,MID-04,Mid,0.52,210.0,38.75,39.51,38.47,1638.3,True,True,True,True,0,0.0,
1427,Rev5,5,W050,AE-3200,CH-B,MID-05,Mid,0.52,270.0,39.89,40.75,39.7,1663.9,True,True,True,True,0,0.0,
1428,Rev5,5,W050,AE-3200,CH-B,MID-06,Mid,0.52,330.0,39.22,39.56,37.47,1669.0,True,True,True,True,0,0.0,
1429,Rev5,5,W050,AE-3200,CH-B,EDG-01,Edge,0.84,0.0,40.65,41.29,37.55,1641.0,False,True,True,True,0,0.0,
1430,Rev5,5,W050,AE-3200,CH-B,EDG-02,Edge,0.84,32.7,39.06,40.97,38.07,1726.0,True,True,True,True,0,0.0,
1431,Rev5,5,W050,AE-3200,CH-B,EDG-03,Edge,0.84,65.5,40.34,40.85,34.99,1644.0,True,True,True,True,0,0.0,
1432,Rev5,5,W050,AE-3200,CH-B,EDG-04,Edge,0.84,98.2,40.3,40.22,40.62,1599.5,True,True,False,True,3,16.28,arc_event
1433,Rev5,5,W050,AE-3200,CH-B,EDG-05,Edge,0.84,130.9,39.42,41.86,38.03,1756.4,True,True,True,True,0,0.0,
1434,Rev5,5,W050,AE-3200,CH-B,EDG-06,Edge,0.84,163.6,39.58,40.2,41.1,1626.7,True,True,False,True,0,0.0,
1435,Rev5,5,W050,AE-3200,CH-B,EDG-07,Edge,0.84,196.4,40.52,39.95,40.01,1676.5,False,True,True,True,0,0.0,
1436,Rev5,5,W050,AE-3200,CH-B,EDG-08,Edge,0.84,229.1,40.02,40.58,39.63,1630.4,True,True,True,True,1,4.35,
1437,Rev5,5,W050,AE-3200,CH-B,EDG-09,Edge,0.84,261.8,40.6,42.22,37.98,1631.5,False,False,True,True,1,5.74,
1438,Rev5,5,W050,AE-3200,CH-B,EDG-10,Edge,0.84,294.5,39.55,41.0,37.47,1718.1,True,True,True,True,0,0.0,
1439,Rev5,5,W050,AE-3200,CH-B,EDG-11,Edge,0.84,327.3,41.08,40.09,39.26,1686.1,False,True,True,True,0,0.0,
1440,Rev5,5,W050,AE-3200,CH-B,EXT-01,Extreme Edge,0.96,16.4,40.82,40.85,39.53,1782.0,False,True,True,False,0,0.0,
1441,Rev5,5,W050,AE-3200,CH-B,EXT-02,Extreme Edge,0.96,49.1,39.79,42.13,41.17,1719.0,True,False,False,True,0,0.0,
1442,Rev5,5,W050,AE-3200,CH-B,EXT-03,Extreme Edge,0.96,81.8,40.77,40.17,38.71,1647.7,False,True,True,True,0,0.0,
1443,Rev5,5,W050,AE-3200,CH-B,EXT-04,Extreme Edge,0.96,114.5,40.18,40.11,40.13,1697.4,True,True,True,True,0,0.0,
1444,Rev5,5,W050,AE-3200,CH-B,EXT-05,Extreme Edge,0.96,147.3,40.34,41.11,41.05,1666.6,True,True,False,True,1,5.98,polymer_residue
1445,Rev5,5,W050,AE-3200,CH-B,EXT-06,Extreme Edge,0.96,180.0,41.17,42.15,39.31,1645.8,False,False,True,True,1,3.06,esc_temp_drift
1446,Rev5,5,W050,AE-3200,CH-B,EXT-07,Extreme Edge,0.96,212.7,40.36,41.01,38.41,1736.8,True,True,True,True,2,5.09,
1447,Rev5,5,W050,AE-3200,CH-B,EXT-08,Extreme Edge,0.96,245.5,41.3,39.45,39.58,1677.8,False,True,True,True,2,6.95,
1448,Rev5,5,W050,AE-3200,CH-B,EXT-09,Extreme Edge,0.96,278.2,40.34,40.83,39.36,1664.5,True,True,True,True,1,2.39,polymer_residue
1449,Rev5,5,W050,AE-3200,CH-B,EXT-10,Extreme Edge,0.96,310.9,41.19,40.59,38.67,1647.1,False,True,True,True,2,11.69,
1450,Rev5,5,W050,AE-3200,CH-B,EXT-11,Extreme Edge,0.96,343.6,40.37,39.71,35.47,1738.8,True,True,True,True,3,15.6,
1451,Rev3,3,W051,PX-7500,CH-D,C1,Center,0.0,0.0,40.1,41.39,37.07,1663.1,True,True,True,True,0,0.0,
1452,Rev3,3,W051,PX-7500,CH-D,MID-01,Mid,0.52,30.0,39.9,41.63,40.91,1649.8,True,True,False,True,0,0.0,
1453,Rev3,3,W051,PX-7500,CH-D,MID-02,Mid,0.52,90.0,40.96,41.6,37.79,1674.1,False,True,True,True,0,0.0,
1454,Rev3,3,W051,PX-7500,CH-D,MID-03,Mid,0.52,150.0,39.79,41.37,37.38,1691.0,True,True,True,True,0,0.0,
1455,Rev3,3,W051,PX-7500,CH-D,MID-04,Mid,0.52,210.0,39.75,40.61,38.28,1651.7,True,True,True,True,0,0.0,
1456,Rev3,3,W051,PX-7500,CH-D,MID-05,Mid,0.52,270.0,39.79,41.23,38.28,1697.7,True,True,True,True,0,0.0,
1457,Rev3,3,W051,PX-7500,CH-D,MID-06,Mid,0.52,330.0,40.86,41.4,37.7,1681.8,False,True,True,True,0,0.0,
1458,Rev3,3,W051,PX-7500,CH-D,EDG-01,Edge,0.84,0.0,41.32,43.0,39.24,1647.0,False,False,True,True,2,11.56,
1459,Rev3,3,W051,PX-7500,CH-D,EDG-02,Edge,0.84,32.7,41.93,41.4,37.78,1785.7,False,True,True,False,1,4.6,esc_temp_drift
1460,Rev3,3,W051,PX-7500,CH-D,EDG-03,Edge,0.84,65.5,42.11,42.99,40.51,1733.5,False,False,False,True,0,0.0,
1461,Rev3,3,W051,PX-7500,CH-D,EDG-04,Edge,0.84,98.2,42.36,40.56,36.56,1645.9,False,True,True,True,0,0.0,
1462,Rev3,3,W051,PX-7500,CH-D,EDG-05,Edge,0.84,130.9,41.64,41.28,37.55,1765.0,False,True,True,False,2,9.25,polymer_residue
1463,Rev3,3,W051,PX-7500,CH-D,EDG-06,Edge,0.84,163.6,42.11,42.45,40.07,1609.4,False,False,True,True,0,0.0,
1464,Rev3,3,W051,PX-7500,CH-D,EDG-07,Edge,0.84,196.4,41.56,41.14,40.18,1759.4,False,True,True,True,1,4.59,
1465,Rev3,3,W051,PX-7500,CH-D,EDG-08,Edge,0.84,229.1,41.79,40.75,39.99,1724.6,False,True,True,True,0,0.0,
1466,Rev3,3,W051,PX-7500,CH-D,EDG-09,Edge,0.84,261.8,42.68,40.09,36.92,1700.0,False,True,True,True,0,0.0,
1467,Rev3,3,W051,PX-7500,CH-D,EDG-10,Edge,0.84,294.5,41.67,40.53,38.38,1652.8,False,True,True,True,0,0.0,
1468,Rev3,3,W051,PX-7500,CH-D,EDG-11,Edge,0.84,327.3,42.32,40.58,39.16,1744.6,False,True,True,True,0,0.0,
1469,Rev3,3,W051,PX-7500,CH-D,EXT-01,Extreme Edge,0.96,16.4,41.57,40.94,38.11,1783.8,False,True,True,False,0,0.0,
1470,Rev3,3,W051,PX-7500,CH-D,EXT-02,Extreme Edge,0.96,49.1,42.16,42.79,37.95,1752.0,False,False,True,True,0,0.0,
1471,Rev3,3,W051,PX-7500,CH-D,EXT-03,Extreme Edge,0.96,81.8,41.71,40.84,38.02,1857.2,False,True,True,False,0,0.0,
1472,Rev3,3,W051,PX-7500,CH-D,EXT-04,Extreme Edge,0.96,114.5,41.81,41.86,40.56,1723.5,False,True,False,True,0,0.0,
1473,Rev3,3,W051,PX-7500,CH-D,EXT-05,Extreme Edge,0.96,147.3,40.43,42.75,39.96,1719.7,False,False,True,True,1,3.94,
1474,Rev3,3,W051,PX-7500,CH-D,EXT-06,Extreme Edge,0.96,180.0,41.6,41.32,37.7,1735.9,False,True,True,True,1,4.16,pressure_spike
1475,Rev3,3,W051,PX-7500,CH-D,EXT-07,Extreme Edge,0.96,212.7,42.94,43.67,37.31,1739.8,False,False,True,True,0,0.0,
1476,Rev3,3,W051,PX-7500,CH-D,EXT-08,Extreme Edge,0.96,245.5,42.01,42.0,38.68,1775.7,False,False,True,False,3,10.16,pressure_spike
1477,Rev3,3,W051,PX-7500,CH-D,EXT-09,Extreme Edge,0.96,278.2,41.49,42.74,39.52,1671.6,False,False,True,True,2,8.47,
1478,Rev3,3,W051,PX-7500,CH-D,EXT-10,Extreme Edge,0.96,310.9,42.58,41.25,39.06,1663.9,False,True,True,True,0,0.0,
1479,Rev3,3,W051,PX-7500,CH-D,EXT-11,Extreme Edge,0.96,343.6,40.62,42.2,38.34,1699.4,False,False,True,True,0,0.0,
1480,Rev8,8,W052,AE-3200,CH-A,C1,Center,0.0,0.0,36.97,38.11,34.11,1774.7,True,True,False,False,1,3.38,
1481,Rev8,8,W052,AE-3200,CH-A,MID-01,Mid,0.52,30.0,36.44,39.24,36.24,1693.8,False,True,True,True,0,0.0,
1482,Rev8,8,W052,AE-3200,CH-A,MID-02,Mid,0.52,90.0,37.37,40.6,37.26,1653.6,True,True,True,True,0,0.0,
1483,Rev8,8,W052,AE-3200,CH-A,MID-03,Mid,0.52,150.0,38.81,38.2,38.29,1665.6,True,True,True,True,0,0.0,
1484,Rev8,8,W052,AE-3200,CH-A,MID-04,Mid,0.52,210.0,38.02,40.63,37.07,1735.4,True,True,True,True,0,0.0,
1485,Rev8,8,W052,AE-3200,CH-A,MID-05,Mid,0.52,270.0,36.46,40.25,34.4,1731.5,False,True,True,True,2,7.9,
1486,Rev8,8,W052,AE-3200,CH-A,MID-06,Mid,0.52,330.0,37.53,38.31,35.83,1712.8,True,True,True,True,1,2.97,polymer_residue
1487,Rev8,8,W052,AE-3200,CH-A,EDG-01,Edge,0.84,0.0,38.75,39.32,38.95,1711.3,True,True,True,True,0,0.0,
1488,Rev8,8,W052,AE-3200,CH-A,EDG-02,Edge,0.84,32.7,38.94,38.87,34.79,1750.7,True,True,True,True,0,0.0,
1489,Rev8,8,W052,AE-3200,CH-A,EDG-03,Edge,0.84,65.5,38.91,41.3,36.43,1771.6,True,True,True,False,0,0.0,
1490,Rev8,8,W052,AE-3200,CH-A,EDG-04,Edge,0.84,98.2,39.36,39.6,36.25,1688.8,True,True,True,True,0,0.0,
1491,Rev8,8,W052,AE-3200,CH-A,EDG-05,Edge,0.84,130.9,37.93,40.54,36.81,1753.7,True,True,True,True,0,0.0,
1492,Rev8,8,W052,AE-3200,CH-A,EDG-06,Edge,0.84,163.6,37.53,41.22,39.95,1774.6,True,True,True,False,0,0.0,
1493,Rev8,8,W052,AE-3200,CH-A,EDG-07,Edge,0.84,196.4,38.33,38.94,38.62,1748.5,True,True,True,True,0,0.0,
1494,Rev8,8,W052,AE-3200,CH-A,EDG-08,Edge,0.84,229.1,38.58,41.33,39.78,1825.5,True,True,True,False,1,4.78,
1495,Rev8,8,W052,AE-3200,CH-A,EDG-09,Edge,0.84,261.8,37.86,41.16,36.9,1743.6,True,True,True,True,0,0.0,
1496,Rev8,8,W052,AE-3200,CH-A,EDG-10,Edge,0.84,294.5,39.56,40.2,39.13,1741.1,True,True,True,True,1,6.27,
1497,Rev8,8,W052,AE-3200,CH-A,EDG-11,Edge,0.84,327.3,39.55,39.41,38.74,1711.1,True,True,True,True,1,6.48,
1498,Rev8,8,W052,AE-3200,CH-A,EXT-01,Extreme Edge,0.96,16.4,38.76,40.35,36.49,1718.2,True,True,True,True,1,5.35,esc_temp_drift
1499,Rev8,8,W052,AE-3200,CH-A,EXT-02,Extreme Edge,0.96,49.1,37.97,40.83,37.25,1749.6,True,True,True,True,0,0.0,
1500,Rev8,8,W052,AE-3200,CH-A,EXT-03,Extreme Edge,0.96,81.8,38.59,40.61,38.17,1826.4,True,True,True,False,1,3.44,polymer_residue
1501,Rev8,8,W052,AE-3200,CH-A,EXT-04,Extreme Edge,0.96,114.5,39.42,40.09,37.02,1699.7,True,True,True,True,0,0.0,
1502,Rev8,8,W052,AE-3200,CH-A,EXT-05,Extreme Edge,0.96,147.3,39.27,40.92,38.26,1696.2,True,True,True,True,0,0.0,
1503,Rev8,8,W052,AE-3200,CH-A,EXT-06,Extreme Edge,0.96,180.0,39.1,40.57,36.56,1789.4,True,True,True,False,0,0.0,
1504,Rev8,8,W052,AE-3200,CH-A,EXT-07,Extreme Edge,0.96,212.7,39.48,39.44,39.81,1848.9,True,True,True,False,0,0.0,
1505,Rev8,8,W052,AE-3200,CH-A,EXT-08,Extreme Edge,0.96,245.5,38.86,40.24,36.93,1734.9,True,True,True,True,0,0.0,
1506,Rev8,8,W052,AE-3200,CH-A,EXT-09,Extreme Edge,0.96,278.2,39.68,40.93,37.99,1891.9,True,True,True,False,1,2.8,
1507,Rev8,8,W052,AE-3200,CH-A,EXT-10,Extreme Edge,0.96,310.9,39.11,40.35,38.93,1804.3,True,True,True,False,2,5.06,
1508,Rev8,8,W052,AE-3200,CH-A,EXT-11,Extreme Edge,0.96,343.6,38.88,41.09,36.46,1797.6,True,True,True,False,0,0.0,
1509,Rev1,1,W053,AE-3200,CH-B,C1,Center,0.0,0.0,39.9,40.33,38.51,1610.0,True,True,True,True,0,0.0,
1510,Rev1,1,W053,AE-3200,CH-B,MID-01,Mid,0.52,30.0,40.48,39.22,38.4,1582.3,False,True,True,True,1,5.77,endpoint_late
1511,Rev1,1,W053,AE-3200,CH-B,MID-02,Mid,0.52,90.0,40.27,40.4,38.06,1593.9,True,True,True,True,1,4.47,polymer_residue
1512,Rev1,1,W053,AE-3200,CH-B,MID-03,Mid,0.52,150.0,41.33,39.35,33.48,1599.5,False,True,False,True,0,0.0,
1513,Rev1,1,W053,AE-3200,CH-B,MID-04,Mid,0.52,210.0,40.16,39.03,36.81,1599.8,True,True,True,True,0,0.0,
1514,Rev1,1,W053,AE-3200,CH-B,MID-05,Mid,0.52,270.0,41.22,40.03,37.0,1505.6,False,True,True,False,0,0.0,
1515,Rev1,1,W053,AE-3200,CH-B,MID-06,Mid,0.52,330.0,39.34,40.28,38.96,1669.9,True,True,True,True,0,0.0,
1516,Rev1,1,W053,AE-3200,CH-B,EDG-01,Edge,0.84,0.0,41.5,40.38,38.26,1602.2,False,True,True,True,0,0.0,
1517,Rev1,1,W053,AE-3200,CH-B,EDG-02,Edge,0.84,32.7,41.23,39.74,39.26,1615.8,False,True,True,True,1,2.73,polymer_residue
1518,Rev1,1,W053,AE-3200,CH-B,EDG-03,Edge,0.84,65.5,41.16,40.71,35.6,1509.9,False,True,True,False,0,0.0,
1519,Rev1,1,W053,AE-3200,CH-B,EDG-04,Edge,0.84,98.2,40.83,39.79,40.07,1643.3,False,True,True,True,0,0.0,
1520,Rev1,1,W053,AE-3200,CH-B,EDG-05,Edge,0.84,130.9,42.53,40.59,36.8,1656.2,False,True,True,True,1,5.74,polymer_residue
1521,Rev1,1,W053,AE-3200,CH-B,EDG-06,Edge,0.84,163.6,41.66,41.76,39.79,1767.4,False,True,True,False,0,0.0,
1522,Rev1,1,W053,AE-3200,CH-B,EDG-07,Edge,0.84,196.4,41.57,39.82,38.05,1648.1,False,True,True,True,1,4.11,esc_temp_drift
1523,Rev1,1,W053,AE-3200,CH-B,EDG-08,Edge,0.84,229.1,40.93,40.25,36.38,1632.2,False,True,True,True,0,0.0,
1524,Rev1,1,W053,AE-3200,CH-B,EDG-09,Edge,0.84,261.8,41.29,41.7,38.85,1629.3,False,True,True,True,0,0.0,
1525,Rev1,1,W053,AE-3200,CH-B,EDG-10,Edge,0.84,294.5,40.97,40.77,37.16,1710.4,False,True,True,True,0,0.0,
1526,Rev1,1,W053,AE-3200,CH-B,EDG-11,Edge,0.84,327.3,41.67,41.45,37.55,1726.6,False,True,True,True,0,0.0,
1527,Rev1,1,W053,AE-3200,CH-B,EXT-01,Extreme Edge,0.96,16.4,41.6,40.81,37.91,1500.8,False,True,True,False,2,11.69,polymer_residue
1528,Rev1,1,W053,AE-3200,CH-B,EXT-02,Extreme Edge,0.96,49.1,41.92,42.25,39.91,1640.6,False,False,True,True,1,3.32,esc_temp_drift
1529,Rev1,1,W053,AE-3200,CH-B,EXT-03,Extreme Edge,0.96,81.8,42.09,42.69,38.73,1589.5,False,False,True,True,4,16.33,esc_temp_drift
1530,Rev1,1,W053,AE-3200,CH-B,EXT-04,Extreme Edge,0.96,114.5,41.99,41.15,40.76,1649.0,False,True,False,True,1,4.27,polymer_residue
1531,Rev1,1,W053,AE-3200,CH-B,EXT-05,Extreme Edge,0.96,147.3,40.98,40.38,37.09,1613.3,False,True,True,True,1,6.49,
1532,Rev1,1,W053,AE-3200,CH-B,EXT-06,Extreme Edge,0.96,180.0,42.96,41.76,37.39,1637.8,False,True,True,True,0,0.0,
1533,Rev1,1,W053,AE-3200,CH-B,EXT-07,Extreme Edge,0.96,212.7,42.44,42.1,37.7,1739.8,False,False,True,True,1,5.99,polymer_residue
1534,Rev1,1,W053,AE-3200,CH-B,EXT-08,Extreme Edge,0.96,245.5,42.35,41.7,38.11,1589.3,False,True,True,True,2,11.33,polymer_residue
1535,Rev1,1,W053,AE-3200,CH-B,EXT-09,Extreme Edge,0.96,278.2,41.67,43.02,35.37,1606.1,False,False,True,True,1,6.05,endpoint_late
1536,Rev1,1,W053,AE-3200,CH-B,EXT-10,Extreme Edge,0.96,310.9,42.0,41.25,39.51,1613.3,False,True,True,True,0,0.0,
1537,Rev1,1,W053,AE-3200,CH-B,EXT-11,Extreme Edge,0.96,343.6,41.95,41.18,39.2,1740.3,False,True,True,True,2,7.66,polymer_residue
1538,Rev6,6,W054,PX-7500,CH-C,C1,Center,0.0,0.0,36.69,38.09,35.51,1642.4,True,True,True,True,0,0.0,
1539,Rev6,6,W054,PX-7500,CH-C,MID-01,Mid,0.52,30.0,37.96,38.14,39.81,1659.6,True,True,True,True,0,0.0,
1540,Rev6,6,W054,PX-7500,CH-C,MID-02,Mid,0.52,90.0,36.87,37.62,34.19,1642.6,True,False,False,True,0,0.0,
1541,Rev6,6,W054,PX-7500,CH-C,MID-03,Mid,0.52,150.0,38.09,38.42,36.43,1716.4,True,True,True,True,0,0.0,
1542,Rev6,6,W054,PX-7500,CH-C,MID-04,Mid,0.52,210.0,36.85,38.53,33.91,1687.5,True,True,False,True,0,0.0,
1543,Rev6,6,W054,PX-7500,CH-C,MID-05,Mid,0.52,270.0,37.65,39.15,34.53,1646.5,True,True,True,True,0,0.0,
1544,Rev6,6,W054,PX-7500,CH-C,MID-06,Mid,0.52,330.0,37.95,38.9,37.59,1665.1,True,True,True,True,0,0.0,
1545,Rev6,6,W054,PX-7500,CH-C,EDG-01,Edge,0.84,0.0,38.62,38.46,36.26,1806.3,True,True,True,False,1,3.65,
1546,Rev6,6,W054,PX-7500,CH-C,EDG-02,Edge,0.84,32.7,39.86,39.29,32.59,1612.6,True,True,False,True,2,7.09,
1547,Rev6,6,W054,PX-7500,CH-C,EDG-03,Edge,0.84,65.5,39.58,39.27,39.12,1768.8,True,True,True,False,0,0.0,
1548,Rev6,6,W054,PX-7500,CH-C,EDG-04,Edge,0.84,98.2,39.43,38.0,36.48,1760.8,True,True,True,False,1,4.75,polymer_residue
1549,Rev6,6,W054,PX-7500,CH-C,EDG-05,Edge,0.84,130.9,39.28,40.1,35.22,1656.2,True,True,True,True,1,2.3,
1550,Rev6,6,W054,PX-7500,CH-C,EDG-06,Edge,0.84,163.6,38.51,38.26,36.2,1701.7,True,True,True,True,0,0.0,
1551,Rev6,6,W054,PX-7500,CH-C,EDG-07,Edge,0.84,196.4,39.04,39.76,38.24,1602.3,True,True,True,True,1,3.61,
1552,Rev6,6,W054,PX-7500,CH-C,EDG-08,Edge,0.84,229.1,39.22,38.17,33.33,1702.2,True,True,False,True,1,5.07,polymer_residue
1553,Rev6,6,W054,PX-7500,CH-C,EDG-09,Edge,0.84,261.8,39.76,38.34,38.7,1659.9,True,True,True,True,1,5.62,endpoint_late
1554,Rev6,6,W054,PX-7500,CH-C,EDG-10,Edge,0.84,294.5,37.62,41.21,35.73,1654.0,True,True,True,True,0,0.0,
1555,Rev6,6,W054,PX-7500,CH-C,EDG-11,Edge,0.84,327.3,37.99,40.41,37.67,1672.7,True,True,True,True,1,5.53,pressure_spike
1556,Rev6,6,W054,PX-7500,CH-C,EXT-01,Extreme Edge,0.96,16.4,39.7,39.91,37.38,1766.2,True,True,True,False,1,4.91,arc_event
1557,Rev6,6,W054,PX-7500,CH-C,EXT-02,Extreme Edge,0.96,49.1,38.77,38.69,37.49,1768.8,True,True,True,False,0,0.0,
1558,Rev6,6,W054,PX-7500,CH-C,EXT-03,Extreme Edge,0.96,81.8,39.38,40.42,37.08,1753.7,True,True,True,True,0,0.0,
1559,Rev6,6,W054,PX-7500,CH-C,EXT-04,Extreme Edge,0.96,114.5,39.04,39.57,39.31,1741.3,True,True,True,True,1,3.63,polymer_residue
1560,Rev6,6,W054,PX-7500,CH-C,EXT-05,Extreme Edge,0.96,147.3,40.12,40.61,36.3,1679.6,True,True,True,True,0,0.0,
1561,Rev6,6,W054,PX-7500,CH-C,EXT-06,Extreme Edge,0.96,180.0,39.25,40.54,37.86,1778.9,True,True,True,False,1,2.69,
1562,Rev6,6,W054,PX-7500,CH-C,EXT-07,Extreme Edge,0.96,212.7,39.38,38.95,36.83,1710.4,True,True,True,True,0,0.0,
1563,Rev6,6,W054,PX-7500,CH-C,EXT-08,Extreme Edge,0.96,245.5,40.0,40.71,37.66,1717.0,True,True,True,True,0,0.0,
1564,Rev6,6,W054,PX-7500,CH-C,EXT-09,Extreme Edge,0.96,278.2,37.67,38.32,36.72,1735.1,True,True,True,True,0,0.0,
1565,Rev6,6,W054,PX-7500,CH-C,EXT-10,Extreme Edge,0.96,310.9,38.67,38.59,36.86,1742.6,True,True,True,True,0,0.0,
1566,Rev6,6,W054,PX-7500,CH-C,EXT-11,Extreme Edge,0.96,343.6,39.23,40.36,38.67,1678.4,True,True,True,True,0,0.0,
1567,Base,0,W055,AE-3200,CH-A,C1,Center,0.0,0.0,40.39,38.2,36.35,1610.8,True,True,True,True,0,0.0,
1568,Base,0,W055,AE-3200,CH-A,MID-01,Mid,0.52,30.0,40.73,42.0,36.61,1634.2,False,False,True,True,1,3.65,arc_event
1569,Base,0,W055,AE-3200,CH-A,MID-02,Mid,0.52,90.0,41.11,40.5,37.02,1613.4,False,True,True,True,0,0.0,
1570,Base,0,W055,AE-3200,CH-A,MID-03,Mid,0.52,150.0,39.96,39.95,35.79,1661.7,True,True,True,True,1,4.47,
1571,Base,0,W055,AE-3200,CH-A,MID-04,Mid,0.52,210.0,39.2,41.41,35.87,1567.5,True,True,True,False,1,4.22,polymer_residue
1572,Base,0,W055,AE-3200,CH-A,MID-05,Mid,0.52,270.0,41.5,41.15,35.69,1606.7,False,True,True,True,0,0.0,
1573,Base,0,W055,AE-3200,CH-A,MID-06,Mid,0.52,330.0,40.77,40.69,37.06,1589.3,False,True,True,True,0,0.0,
1574,Base,0,W055,AE-3200,CH-A,EDG-01,Edge,0.84,0.0,39.94,40.53,34.08,1720.1,True,True,False,True,0,0.0,
1575,Base,0,W055,AE-3200,CH-A,EDG-02,Edge,0.84,32.7,41.6,40.75,36.82,1678.7,False,True,True,True,0,0.0,
1576,Base,0,W055,AE-3200,CH-A,EDG-03,Edge,0.84,65.5,41.31,41.57,37.24,1660.5,False,True,True,True,0,0.0,
1577,Base,0,W055,AE-3200,CH-A,EDG-04,Edge,0.84,98.2,42.49,42.09,36.3,1678.0,False,False,True,True,0,0.0,
1578,Base,0,W055,AE-3200,CH-A,EDG-05,Edge,0.84,130.9,41.58,41.97,36.16,1661.2,False,True,True,True,0,0.0,
1579,Base,0,W055,AE-3200,CH-A,EDG-06,Edge,0.84,163.6,42.25,41.16,35.38,1657.9,False,True,True,True,2,12.98,arc_event
1580,Base,0,W055,AE-3200,CH-A,EDG-07,Edge,0.84,196.4,41.17,40.68,38.12,1720.4,False,True,True,True,2,9.64,polymer_residue
1581,Base,0,W055,AE-3200,CH-A,EDG-08,Edge,0.84,229.1,41.46,40.87,36.36,1685.8,False,True,True,True,0,0.0,
1582,Base,0,W055,AE-3200,CH-A,EDG-09,Edge,0.84,261.8,41.34,39.38,35.73,1708.0,False,True,True,True,1,4.94,
1583,Base,0,W055,AE-3200,CH-A,EDG-10,Edge,0.84,294.5,40.25,40.58,35.86,1573.9,True,True,True,False,0,0.0,
1584,Base,0,W055,AE-3200,CH-A,EDG-11,Edge,0.84,327.3,42.71,41.14,35.08,1622.4,False,True,True,True,0,0.0,
1585,Base,0,W055,AE-3200,CH-A,EXT-01,Extreme Edge,0.96,16.4,41.72,40.64,37.62,1681.6,False,True,True,True,0,0.0,
1586,Base,0,W055,AE-3200,CH-A,EXT-02,Extreme Edge,0.96,49.1,41.63,41.16,37.05,1640.4,False,True,True,True,0,0.0,
1587,Base,0,W055,AE-3200,CH-A,EXT-03,Extreme Edge,0.96,81.8,42.21,42.24,35.51,1648.7,False,False,True,True,1,2.13,
1588,Base,0,W055,AE-3200,CH-A,EXT-04,Extreme Edge,0.96,114.5,40.97,41.52,37.72,1750.9,False,True,True,True,1,5.42,
1589,Base,0,W055,AE-3200,CH-A,EXT-05,Extreme Edge,0.96,147.3,40.4,40.36,38.07,1648.0,False,True,True,True,0,0.0,
1590,Base,0,W055,AE-3200,CH-A,EXT-06,Extreme Edge,0.96,180.0,40.31,41.97,37.43,1641.5,True,True,True,True,0,0.0,
1591,Base,0,W055,AE-3200,CH-A,EXT-07,Extreme Edge,0.96,212.7,41.92,41.78,39.29,1610.4,False,True,True,True,0,0.0,
1592,Base,0,W055,AE-3200,CH-A,EXT-08,Extreme Edge,0.96,245.5,42.03,41.52,35.67,1681.7,False,True,True,True,0,0.0,
1593,Base,0,W055,AE-3200,CH-A,EXT-09,Extreme Edge,0.96,278.2,41.14,40.31,35.93,1726.5,False,True,True,True,1,4.8,polymer_residue
1594,Base,0,W055,AE-3200,CH-A,EXT-10,Extreme Edge,0.96,310.9,41.55,42.35,38.51,1644.7,False,False,True,True,0,0.0,
1595,Base,0,W055,AE-3200,CH-A,EXT-11,Extreme Edge,0.96,343.6,42.06,41.23,37.77,1618.7,False,True,True,True,0,0.0,
1596,Rev5,5,W056,AE-3200,CH-B,C1,Center,0.0,0.0,38.27,39.37,37.53,1685.3,True,True,True,True,0,0.0,
1597,Rev5,5,W056,AE-3200,CH-B,MID-01,Mid,0.52,30.0,39.51,40.91,35.4,1738.5,True,True,True,True,0,0.0,
1598,Rev5,5,W056,AE-3200,CH-B,MID-02,Mid,0.52,90.0,39.09,39.99,39.19,1629.1,True,True,True,True,1,4.12,
1599,Rev5,5,W056,AE-3200,CH-B,MID-03,Mid,0.52,150.0,38.52,38.84,36.46,1670.7,True,True,True,True,0,0.0,
1600,Rev5,5,W056,AE-3200,CH-B,MID-04,Mid,0.52,210.0,38.9,39.31,37.0,1653.5,True,True,True,True,0,0.0,
1601,Rev5,5,W056,AE-3200,CH-B,MID-05,Mid,0.52,270.0,38.72,39.84,37.46,1714.5,True,True,True,True,0,0.0,
1602,Rev5,5,W056,AE-3200,CH-B,MID-06,Mid,0.52,330.0,37.85,39.61,36.55,1713.0,True,True,True,True,1,4.29,
1603,Rev5,5,W056,AE-3200,CH-B,EDG-01,Edge,0.84,0.0,40.41,39.99,37.03,1699.9,False,True,True,True,0,0.0,
1604,Rev5,5,W056,AE-3200,CH-B,EDG-02,Edge,0.84,32.7,40.68,41.42,38.82,1744.7,False,True,True,True,1,2.88,
1605,Rev5,5,W056,AE-3200,CH-B,EDG-03,Edge,0.84,65.5,39.27,40.12,37.75,1731.0,True,True,True,True,0,0.0,
1606,Rev5,5,W056,AE-3200,CH-B,EDG-04,Edge,0.84,98.2,39.83,40.19,37.6,1610.5,True,True,True,True,0,0.0,
1607,Rev5,5,W056,AE-3200,CH-B,EDG-05,Edge,0.84,130.9,39.93,38.25,39.76,1743.5,True,True,True,True,0,0.0,
1608,Rev5,5,W056,AE-3200,CH-B,EDG-06,Edge,0.84,163.6,39.6,39.88,36.75,1750.5,True,True,True,True,0,0.0,
1609,Rev5,5,W056,AE-3200,CH-B,EDG-07,Edge,0.84,196.4,40.05,39.9,36.36,1724.6,True,True,True,True,1,6.06,pressure_spike
1610,Rev5,5,W056,AE-3200,CH-B,EDG-08,Edge,0.84,229.1,39.94,41.32,36.01,1664.7,True,True,True,True,0,0.0,
1611,Rev5,5,W056,AE-3200,CH-B,EDG-09,Edge,0.84,261.8,41.14,39.74,39.87,1817.7,False,True,True,False,0,0.0,
1612,Rev5,5,W056,AE-3200,CH-B,EDG-10,Edge,0.84,294.5,40.39,39.89,38.33,1723.8,True,True,True,True,0,0.0,
1613,Rev5,5,W056,AE-3200,CH-B,EDG-11,Edge,0.84,327.3,40.84,39.8,37.81,1709.7,False,True,True,True,0,0.0,
1614,Rev5,5,W056,AE-3200,CH-B,EXT-01,Extreme Edge,0.96,16.4,39.88,40.1,37.44,1731.6,True,True,True,True,0,0.0,
1615,Rev5,5,W056,AE-3200,CH-B,EXT-02,Extreme Edge,0.96,49.1,38.97,39.62,41.05,1712.1,True,True,False,True,1,5.31,polymer_residue
1616,Rev5,5,W056,AE-3200,CH-B,EXT-03,Extreme Edge,0.96,81.8,38.9,40.62,40.21,1730.8,True,True,True,True,1,5.58,endpoint_late
1617,Rev5,5,W056,AE-3200,CH-B,EXT-04,Extreme Edge,0.96,114.5,40.31,40.35,37.49,1650.1,True,True,True,True,1,3.1,polymer_residue
1618,Rev5,5,W056,AE-3200,CH-B,EXT-05,Extreme Edge,0.96,147.3,41.91,40.65,38.36,1720.2,False,True,True,True,0,0.0,
1619,Rev5,5,W056,AE-3200,CH-B,EXT-06,Extreme Edge,0.96,180.0,41.4,40.47,35.75,1737.1,False,True,True,True,1,1.99,
1620,Rev5,5,W056,AE-3200,CH-B,EXT-07,Extreme Edge,0.96,212.7,40.64,40.12,38.8,1728.0,False,True,True,True,1,4.38,esc_temp_drift
1621,Rev5,5,W056,AE-3200,CH-B,EXT-08,Extreme Edge,0.96,245.5,40.38,39.96,37.54,1743.8,True,True,True,True,1,4.56,
1622,Rev5,5,W056,AE-3200,CH-B,EXT-09,Extreme Edge,0.96,278.2,41.12,40.71,39.36,1731.3,False,True,True,True,3,13.4,esc_temp_drift
1623,Rev5,5,W056,AE-3200,CH-B,EXT-10,Extreme Edge,0.96,310.9,40.96,40.77,37.45,1714.3,False,True,True,True,0,0.0,
1624,Rev5,5,W056,AE-3200,CH-B,EXT-11,Extreme Edge,0.96,343.6,40.7,40.36,38.26,1669.5,False,True,True,True,0,0.0,
1625,Rev9,9,W057,AE-3200,CH-B,C1,Center,0.0,0.0,37.58,38.73,34.77,1793.2,True,True,True,False,0,0.0,
1626,Rev9,9,W057,AE-3200,CH-B,MID-01,Mid,0.52,30.0,39.11,40.03,38.33,1737.4,True,True,True,True,0,0.0,
1627,Rev9,9,W057,AE-3200,CH-B,MID-02,Mid,0.52,90.0,38.8,38.51,40.82,1783.6,True,True,False,False,0,0.0,
1628,Rev9,9,W057,AE-3200,CH-B,MID-03,Mid,0.52,150.0,38.19,38.81,38.23,1800.5,True,True,True,False,0,0.0,
1629,Rev9,9,W057,AE-3200,CH-B,MID-04,Mid,0.52,210.0,38.9,41.62,37.27,1721.0,True,True,True,True,0,0.0,
1630,Rev9,9,W057,AE-3200,CH-B,MID-05,Mid,0.52,270.0,38.08,40.29,38.53,1793.2,True,True,True,False,0,0.0,
1631,Rev9,9,W057,AE-3200,CH-B,MID-06,Mid,0.52,330.0,37.99,39.91,37.7,1744.3,True,True,True,True,0,0.0,
1632,Rev9,9,W057,AE-3200,CH-B,EDG-01,Edge,0.84,0.0,37.86,40.19,36.7,1840.5,True,True,True,False,1,4.66,esc_temp_drift
1633,Rev9,9,W057,AE-3200,CH-B,EDG-02,Edge,0.84,32.7,39.62,41.82,38.38,1833.2,True,True,True,False,0,0.0,
1634,Rev9,9,W057,AE-3200,CH-B,EDG-03,Edge,0.84,65.5,38.51,41.11,36.78,1693.4,True,True,True,True,0,0.0,
1635,Rev9,9,W057,AE-3200,CH-B,EDG-04,Edge,0.84,98.2,40.76,41.52,37.82,1767.4,False,True,True,False,0,0.0,
1636,Rev9,9,W057,AE-3200,CH-B,EDG-05,Edge,0.84,130.9,39.46,42.14,40.05,1764.3,True,False,True,False,0,0.0,
1637,Rev9,9,W057,AE-3200,CH-B,EDG-06,Edge,0.84,163.6,40.16,39.37,39.36,1723.7,True,True,True,True,0,0.0,
1638,Rev9,9,W057,AE-3200,CH-B,EDG-07,Edge,0.84,196.4,39.74,39.71,41.14,1888.4,True,True,False,False,0,0.0,
1639,Rev9,9,W057,AE-3200,CH-B,EDG-08,Edge,0.84,229.1,39.26,41.26,37.23,1745.1,True,True,True,True,0,0.0,
1640,Rev9,9,W057,AE-3200,CH-B,EDG-09,Edge,0.84,261.8,40.0,39.88,37.88,1794.1,True,True,True,False,1,4.89,
1641,Rev9,9,W057,AE-3200,CH-B,EDG-10,Edge,0.84,294.5,39.94,39.89,37.08,1761.1,True,True,True,False,0,0.0,
1642,Rev9,9,W057,AE-3200,CH-B,EDG-11,Edge,0.84,327.3,40.04,40.61,39.76,1747.5,True,True,True,True,1,5.78,polymer_residue
1643,Rev9,9,W057,AE-3200,CH-B,EXT-01,Extreme Edge,0.96,16.4,39.17,40.9,38.74,1803.2,True,True,True,False,0,0.0,
1644,Rev9,9,W057,AE-3200,CH-B,EXT-02,Extreme Edge,0.96,49.1,40.24,40.38,38.46,1781.7,True,True,True,False,0,0.0,
1645,Rev9,9,W057,AE-3200,CH-B,EXT-03,Extreme Edge,0.96,81.8,40.02,40.08,40.02,1801.5,True,True,True,False,1,2.23,polymer_residue
1646,Rev9,9,W057,AE-3200,CH-B,EXT-04,Extreme Edge,0.96,114.5,39.15,40.34,39.16,1796.0,True,True,True,False,0,0.0,
1647,Rev9,9,W057,AE-3200,CH-B,EXT-05,Extreme Edge,0.96,147.3,40.22,41.22,37.89,1795.1,True,True,True,False,0,0.0,
1648,Rev9,9,W057,AE-3200,CH-B,EXT-06,Extreme Edge,0.96,180.0,40.13,41.03,40.64,1846.3,True,True,False,False,1,5.03,arc_event
1649,Rev9,9,W057,AE-3200,CH-B,EXT-07,Extreme Edge,0.96,212.7,39.65,40.66,38.42,1812.3,True,True,True,False,0,0.0,
1650,Rev9,9,W057,AE-3200,CH-B,EXT-08,Extreme Edge,0.96,245.5,39.84,41.34,37.64,1810.6,True,True,True,False,0,0.0,
1651,Rev9,9,W057,AE-3200,CH-B,EXT-09,Extreme Edge,0.96,278.2,41.76,41.01,38.36,1878.9,False,True,True,False,0,0.0,
1652,Rev9,9,W057,AE-3200,CH-B,EXT-10,Extreme Edge,0.96,310.9,37.97,39.04,38.11,1896.9,True,True,True,False,0,0.0,
1653,Rev9,9,W057,AE-3200,CH-B,EXT-11,Extreme Edge,0.96,343.6,40.46,40.15,36.34,1802.6,False,True,True,False,0,0.0,
1654,Rev2,2,W058,PX-7500,CH-C,C1,Center,0.0,0.0,38.66,40.25,38.53,1674.5,True,True,True,True,0,0.0,
1655,Rev2,2,W058,PX-7500,CH-C,MID-01,Mid,0.52,30.0,40.15,41.71,35.44,1648.3,True,True,True,True,0,0.0,
1656,Rev2,2,W058,PX-7500,CH-C,MID-02,Mid,0.52,90.0,40.01,40.23,39.5,1691.7,True,True,True,True,1,4.96,
1657,Rev2,2,W058,PX-7500,CH-C,MID-03,Mid,0.52,150.0,40.72,40.73,35.9,1657.5,False,True,True,True,0,0.0,
1658,Rev2,2,W058,PX-7500,CH-C,MID-04,Mid,0.52,210.0,40.38,40.81,39.51,1602.6,True,True,True,True,0,0.0,
1659,Rev2,2,W058,PX-7500,CH-C,MID-05,Mid,0.52,270.0,39.04,40.15,37.56,1601.2,True,True,True,True,1,6.43,pressure_spike
1660,Rev2,2,W058,PX-7500,CH-C,MID-06,Mid,0.52,330.0,39.52,39.72,38.32,1634.0,True,True,True,True,0,0.0,
1661,Rev2,2,W058,PX-7500,CH-C,EDG-01,Edge,0.84,0.0,40.52,39.92,39.36,1553.0,False,True,True,False,1,3.52,
1662,Rev2,2,W058,PX-7500,CH-C,EDG-02,Edge,0.84,32.7,41.17,40.29,38.1,1672.7,False,True,True,True,1,5.16,
1663,Rev2,2,W058,PX-7500,CH-C,EDG-03,Edge,0.84,65.5,41.55,40.8,39.75,1759.1,False,True,True,True,2,9.71,polymer_residue
1664,Rev2,2,W058,PX-7500,CH-C,EDG-04,Edge,0.84,98.2,40.69,42.53,40.34,1681.7,False,False,True,True,2,12.04,arc_event
1665,Rev2,2,W058,PX-7500,CH-C,EDG-05,Edge,0.84,130.9,40.99,41.13,36.74,1606.9,False,True,True,True,0,0.0,
1666,Rev2,2,W058,PX-7500,CH-C,EDG-06,Edge,0.84,163.6,41.22,42.97,36.75,1672.0,False,False,True,True,0,0.0,
1667,Rev2,2,W058,PX-7500,CH-C,EDG-07,Edge,0.84,196.4,40.39,41.14,38.11,1711.6,True,True,True,True,0,0.0,
1668,Rev2,2,W058,PX-7500,CH-C,EDG-08,Edge,0.84,229.1,40.3,41.52,37.34,1644.5,True,True,True,True,1,6.21,
1669,Rev2,2,W058,PX-7500,CH-C,EDG-09,Edge,0.84,261.8,41.57,40.57,38.41,1773.3,False,True,True,False,0,0.0,
1670,Rev2,2,W058,PX-7500,CH-C,EDG-10,Edge,0.84,294.5,40.29,41.77,35.94,1644.1,True,True,True,True,0,0.0,
1671,Rev2,2,W058,PX-7500,CH-C,EDG-11,Edge,0.84,327.3,40.0,40.9,38.32,1699.1,True,True,True,True,1,5.07,endpoint_late
1672,Rev2,2,W058,PX-7500,CH-C,EXT-01,Extreme Edge,0.96,16.4,41.74,40.3,39.17,1675.6,False,True,True,True,0,0.0,
1673,Rev2,2,W058,PX-7500,CH-C,EXT-02,Extreme Edge,0.96,49.1,40.68,41.23,39.99,1724.7,False,True,True,True,0,0.0,
1674,Rev2,2,W058,PX-7500,CH-C,EXT-03,Extreme Edge,0.96,81.8,41.28,42.52,36.1,1730.6,False,False,True,True,0,0.0,
1675,Rev2,2,W058,PX-7500,CH-C,EXT-04,Extreme Edge,0.96,114.5,41.66,40.36,36.02,1691.1,False,True,True,True,0,0.0,
1676,Rev2,2,W058,PX-7500,CH-C,EXT-05,Extreme Edge,0.96,147.3,41.24,39.91,39.05,1698.1,False,True,True,True,0,0.0,
1677,Rev2,2,W058,PX-7500,CH-C,EXT-06,Extreme Edge,0.96,180.0,41.92,41.73,39.0,1721.0,False,True,True,True,1,5.55,
1678,Rev2,2,W058,PX-7500,CH-C,EXT-07,Extreme Edge,0.96,212.7,41.62,42.88,37.05,1677.9,False,False,True,True,1,5.42,esc_temp_drift
1679,Rev2,2,W058,PX-7500,CH-C,EXT-08,Extreme Edge,0.96,245.5,41.23,40.44,38.64,1681.9,False,True,True,True,0,0.0,
1680,Rev2,2,W058,PX-7500,CH-C,EXT-09,Extreme Edge,0.96,278.2,40.4,40.72,36.31,1694.8,False,True,True,True,0,0.0,
1681,Rev2,2,W058,PX-7500,CH-C,EXT-10,Extreme Edge,0.96,310.9,40.91,41.15,39.52,1683.7,False,True,True,True,1,2.4,
1682,Rev2,2,W058,PX-7500,CH-C,EXT-11,Extreme Edge,0.96,343.6,41.39,41.85,37.17,1752.7,False,True,True,True,0,0.0,
1683,Rev8,8,W059,AE-3200,CH-A,C1,Center,0.0,0.0,36.54,39.83,36.81,1799.9,False,True,True,False,0,0.0,
1684,Rev8,8,W059,AE-3200,CH-A,MID-01,Mid,0.52,30.0,36.36,39.83,37.98,1783.0,False,True,True,False,1,2.78,pressure_spike
1685,Rev8,8,W059,AE-3200,CH-A,MID-02,Mid,0.52,90.0,36.6,40.98,39.62,1773.2,False,True,True,False,0,0.0,
1686,Rev8,8,W059,AE-3200,CH-A,MID-03,Mid,0.52,150.0,36.52,40.97,35.14,1710.6,False,True,True,True,0,0.0,
1687,Rev8,8,W059,AE-3200,CH-A,MID-04,Mid,0.52,210.0,37.94,39.94,35.74,1693.5,True,True,True,True,2,10.38,
1688,Rev8,8,W059,AE-3200,CH-A,MID-05,Mid,0.52,270.0,37.6,39.92,37.26,1818.6,True,True,True,False,0,0.0,
1689,Rev8,8,W059,AE-3200,CH-A,MID-06,Mid,0.52,330.0,36.59,40.05,34.98,1806.4,False,True,True,False,0,0.0,
1690,Rev8,8,W059,AE-3200,CH-A,EDG-01,Edge,0.84,0.0,38.9,40.16,37.49,1751.8,True,True,True,True,0,0.0,
1691,Rev8,8,W059,AE-3200,CH-A,EDG-02,Edge,0.84,32.7,38.82,40.87,36.72,1791.4,True,True,True,False,0,0.0,
1692,Rev8,8,W059,AE-3200,CH-A,EDG-03,Edge,0.84,65.5,37.97,41.79,38.1,1727.0,True,True,True,True,1,4.33,
1693,Rev8,8,W059,AE-3200,CH-A,EDG-04,Edge,0.84,98.2,37.77,40.63,38.02,1791.4,True,True,True,False,1,3.15,polymer_residue
1694,Rev8,8,W059,AE-3200,CH-A,EDG-05,Edge,0.84,130.9,38.19,40.23,35.74,1680.3,True,True,True,True,1,1.97,
1695,Rev8,8,W059,AE-3200,CH-A,EDG-06,Edge,0.84,163.6,38.46,39.87,35.98,1736.5,True,True,True,True,1,4.69,
1696,Rev8,8,W059,AE-3200,CH-A,EDG-07,Edge,0.84,196.4,37.47,40.78,35.59,1775.6,True,True,True,False,0,0.0,
1697,Rev8,8,W059,AE-3200,CH-A,EDG-08,Edge,0.84,229.1,38.26,40.25,34.04,1786.1,True,True,False,False,0,0.0,
1698,Rev8,8,W059,AE-3200,CH-A,EDG-09,Edge,0.84,261.8,39.62,41.06,35.65,1708.8,True,True,True,True,0,0.0,
1699,Rev8,8,W059,AE-3200,CH-A,EDG-10,Edge,0.84,294.5,38.24,41.1,37.77,1851.3,True,True,True,False,1,5.04,polymer_residue
1700,Rev8,8,W059,AE-3200,CH-A,EDG-11,Edge,0.84,327.3,38.61,40.24,37.81,1715.3,True,True,True,True,1,5.93,endpoint_late
1701,Rev8,8,W059,AE-3200,CH-A,EXT-01,Extreme Edge,0.96,16.4,38.35,41.47,37.92,1761.4,True,True,True,False,0,0.0,
1702,Rev8,8,W059,AE-3200,CH-A,EXT-02,Extreme Edge,0.96,49.1,38.37,43.57,35.58,1831.3,True,False,True,False,0,0.0,
1703,Rev8,8,W059,AE-3200,CH-A,EXT-03,Extreme Edge,0.96,81.8,38.91,41.28,36.54,1858.2,True,True,True,False,0,0.0,
1704,Rev8,8,W059,AE-3200,CH-A,EXT-04,Extreme Edge,0.96,114.5,39.31,40.16,37.84,1792.7,True,True,True,False,0,0.0,
1705,Rev8,8,W059,AE-3200,CH-A,EXT-05,Extreme Edge,0.96,147.3,39.73,40.14,37.93,1770.4,True,True,True,False,1,3.29,polymer_residue
1706,Rev8,8,W059,AE-3200,CH-A,EXT-06,Extreme Edge,0.96,180.0,39.37,41.82,37.69,1836.5,True,True,True,False,1,4.88,
1707,Rev8,8,W059,AE-3200,CH-A,EXT-07,Extreme Edge,0.96,212.7,38.31,41.4,39.34,1856.3,True,True,True,False,1,3.87,
1708,Rev8,8,W059,AE-3200,CH-A,EXT-08,Extreme Edge,0.96,245.5,39.7,41.89,37.3,1868.4,True,True,True,False,2,5.26,
1709,Rev8,8,W059,AE-3200,CH-A,EXT-09,Extreme Edge,0.96,278.2,39.24,40.93,40.4,1733.2,True,True,True,True,0,0.0,
1710,Rev8,8,W059,AE-3200,CH-A,EXT-10,Extreme Edge,0.96,310.9,38.12,41.06,38.54,1797.9,True,True,True,False,0,0.0,
1711,Rev8,8,W059,AE-3200,CH-A,EXT-11,Extreme Edge,0.96,343.6,38.98,41.64,38.76,1782.5,True,True,True,False,4,24.6,
1712,Rev1,1,W060,AE-3200,CH-B,C1,Center,0.0,0.0,38.01,39.12,38.16,1527.3,True,True,True,False,0,0.0,
1713,Rev1,1,W060,AE-3200,CH-B,MID-01,Mid,0.52,30.0,39.6,41.95,37.5,1632.1,True,True,True,True,0,0.0,
1714,Rev1,1,W060,AE-3200,CH-B,MID-02,Mid,0.52,90.0,39.83,40.16,36.53,1630.2,True,True,True,True,0,0.0,
1715,Rev1,1,W060,AE-3200,CH-B,MID-03,Mid,0.52,150.0,39.86,39.27,37.29,1613.6,True,True,True,True,0,0.0,
1716,Rev1,1,W060,AE-3200,CH-B,MID-04,Mid,0.52,210.0,40.02,38.82,36.38,1584.8,True,True,True,True,0,0.0,
1717,Rev1,1,W060,AE-3200,CH-B,MID-05,Mid,0.52,270.0,40.69,38.36,37.14,1604.4,False,True,True,True,0,0.0,
1718,Rev1,1,W060,AE-3200,CH-B,MID-06,Mid,0.52,330.0,39.47,40.21,38.18,1578.8,True,True,True,False,0,0.0,
1719,Rev1,1,W060,AE-3200,CH-B,EDG-01,Edge,0.84,0.0,40.95,39.93,37.62,1657.3,False,True,True,True,1,4.19,polymer_residue
1720,Rev1,1,W060,AE-3200,CH-B,EDG-02,Edge,0.84,32.7,41.14,40.26,35.54,1658.8,False,True,True,True,0,0.0,
1721,Rev1,1,W060,AE-3200,CH-B,EDG-03,Edge,0.84,65.5,40.9,40.2,38.68,1653.1,False,True,True,True,2,8.6,pressure_spike
1722,Rev1,1,W060,AE-3200,CH-B,EDG-04,Edge,0.84,98.2,40.07,41.8,36.41,1630.8,True,True,True,True,0,0.0,
1723,Rev1,1,W060,AE-3200,CH-B,EDG-05,Edge,0.84,130.9,42.22,40.8,37.74,1619.6,False,True,True,True,1,2.04,pressure_spike
1724,Rev1,1,W060,AE-3200,CH-B,EDG-06,Edge,0.84,163.6,41.78,40.48,39.07,1595.9,False,True,True,True,0,0.0,
1725,Rev1,1,W060,AE-3200,CH-B,EDG-07,Edge,0.84,196.4,40.52,41.39,38.76,1625.0,False,True,True,True,1,2.31,
1726,Rev1,1,W060,AE-3200,CH-B,EDG-08,Edge,0.84,229.1,40.71,40.27,40.18,1674.8,False,True,True,True,0,0.0,
1727,Rev1,1,W060,AE-3200,CH-B,EDG-09,Edge,0.84,261.8,40.91,40.76,39.47,1660.9,False,True,True,True,0,0.0,
1728,Rev1,1,W060,AE-3200,CH-B,EDG-10,Edge,0.84,294.5,41.83,39.64,37.09,1653.4,False,True,True,True,2,10.15,endpoint_late
1729,Rev1,1,W060,AE-3200,CH-B,EDG-11,Edge,0.84,327.3,40.3,41.19,38.68,1652.2,True,True,True,True,1,2.18,polymer_residue
1730,Rev1,1,W060,AE-3200,CH-B,EXT-01,Extreme Edge,0.96,16.4,41.49,41.36,34.52,1668.7,False,True,True,True,0,0.0,
1731,Rev1,1,W060,AE-3200,CH-B,EXT-02,Extreme Edge,0.96,49.1,41.7,41.09,37.92,1738.1,False,True,True,True,0,0.0,
1732,Rev1,1,W060,AE-3200,CH-B,EXT-03,Extreme Edge,0.96,81.8,41.37,40.59,39.72,1739.8,False,True,True,True,1,6.04,
1733,Rev1,1,W060,AE-3200,CH-B,EXT-04,Extreme Edge,0.96,114.5,41.34,41.02,39.16,1738.1,False,True,True,True,0,0.0,
1734,Rev1,1,W060,AE-3200,CH-B,EXT-05,Extreme Edge,0.96,147.3,41.22,40.37,40.12,1652.6,False,True,True,True,1,2.99,
1735,Rev1,1,W060,AE-3200,CH-B,EXT-06,Extreme Edge,0.96,180.0,42.14,41.64,37.74,1735.6,False,True,True,True,0,0.0,
1736,Rev1,1,W060,AE-3200,CH-B,EXT-07,Extreme Edge,0.96,212.7,41.62,40.72,36.47,1574.3,False,True,True,False,0,0.0,
1737,Rev1,1,W060,AE-3200,CH-B,EXT-08,Extreme Edge,0.96,245.5,42.29,41.58,37.65,1682.6,False,True,True,True,1,3.55,
1738,Rev1,1,W060,AE-3200,CH-B,EXT-09,Extreme Edge,0.96,278.2,42.41,40.79,38.86,1663.0,False,True,True,True,0,0.0,
1739,Rev1,1,W060,AE-3200,CH-B,EXT-10,Extreme Edge,0.96,310.9,42.02,42.1,37.93,1644.1,False,False,True,True,0,0.0,
1740,Rev1,1,W060,AE-3200,CH-B,EXT-11,Extreme Edge,0.96,343.6,42.42,41.07,36.8,1767.4,False,True,True,False,1,3.59,polymer_residue
1741,Rev9,9,W061,AE-3200,CH-B,C1,Center,0.0,0.0,37.43,39.93,38.76,1769.1,True,True,True,False,1,4.37,endpoint_late
1742,Rev9,9,W061,AE-3200,CH-B,MID-01,Mid,0.52,30.0,38.32,40.18,38.8,1859.3,True,True,True,False,0,0.0,
1743,Rev9,9,W061,AE-3200,CH-B,MID-02,Mid,0.52,90.0,37.14,39.99,38.0,1810.0,True,True,True,False,0,0.0,
1744,Rev9,9,W061,AE-3200,CH-B,MID-03,Mid,0.52,150.0,37.37,39.22,39.52,1860.2,True,True,True,False,0,0.0,
1745,Rev9,9,W061,AE-3200,CH-B,MID-04,Mid,0.52,210.0,37.93,40.53,37.16,1800.5,True,True,True,False,2,9.6,
1746,Rev9,9,W061,AE-3200,CH-B,MID-05,Mid,0.52,270.0,36.52,40.88,39.36,1806.2,False,True,True,False,0,0.0,
1747,Rev9,9,W061,AE-3200,CH-B,MID-06,Mid,0.52,330.0,37.21,39.85,38.56,1793.3,True,True,True,False,0,0.0,
1748,Rev9,9,W061,AE-3200,CH-B,EDG-01,Edge,0.84,0.0,38.13,40.65,39.87,1827.0,True,True,True,False,0,0.0,
1749,Rev9,9,W061,AE-3200,CH-B,EDG-02,Edge,0.84,32.7,38.37,41.13,40.26,1869.8,True,True,True,False,1,3.11,polymer_residue
1750,Rev9,9,W061,AE-3200,CH-B,EDG-03,Edge,0.84,65.5,38.37,40.06,38.7,1796.3,True,True,True,False,0,0.0,
1751,Rev9,9,W061,AE-3200,CH-B,EDG-04,Edge,0.84,98.2,38.94,41.7,39.0,1817.1,True,True,True,False,1,1.82,
1752,Rev9,9,W061,AE-3200,CH-B,EDG-05,Edge,0.84,130.9,39.28,41.41,37.04,1785.4,True,True,True,False,1,2.26,polymer_residue
1753,Rev9,9,W061,AE-3200,CH-B,EDG-06,Edge,0.84,163.6,39.16,42.33,40.74,1858.2,True,False,False,False,1,5.3,
1754,Rev9,9,W061,AE-3200,CH-B,EDG-07,Edge,0.84,196.4,38.83,41.95,38.0,1811.1,True,True,True,False,0,0.0,
1755,Rev9,9,W061,AE-3200,CH-B,EDG-08,Edge,0.84,229.1,38.35,41.83,38.03,1796.3,True,True,True,False,2,7.97,arc_event
1756,Rev9,9,W061,AE-3200,CH-B,EDG-09,Edge,0.84,261.8,39.03,40.68,42.56,1897.1,True,True,False,False,2,8.8,
1757,Rev9,9,W061,AE-3200,CH-B,EDG-10,Edge,0.84,294.5,38.74,41.37,40.34,1814.7,True,True,True,False,1,5.07,
1758,Rev9,9,W061,AE-3200,CH-B,EDG-11,Edge,0.84,327.3,38.58,41.77,38.94,1850.5,True,True,True,False,1,4.57,
1759,Rev9,9,W061,AE-3200,CH-B,EXT-01,Extreme Edge,0.96,16.4,39.07,41.57,40.06,1895.1,True,True,True,False,1,5.12,
1760,Rev9,9,W061,AE-3200,CH-B,EXT-02,Extreme Edge,0.96,49.1,38.49,41.68,38.07,1830.7,True,True,True,False,0,0.0,
1761,Rev9,9,W061,AE-3200,CH-B,EXT-03,Extreme Edge,0.96,81.8,39.81,40.9,40.89,1846.6,True,True,False,False,0,0.0,
1762,Rev9,9,W061,AE-3200,CH-B,EXT-04,Extreme Edge,0.96,114.5,38.43,40.6,41.27,1891.7,True,True,False,False,3,7.07,
1763,Rev9,9,W061,AE-3200,CH-B,EXT-05,Extreme Edge,0.96,147.3,38.75,41.03,40.41,1809.6,True,True,False,False,1,1.99,
1764,Rev9,9,W061,AE-3200,CH-B,EXT-06,Extreme Edge,0.96,180.0,38.21,42.33,38.27,1831.1,True,False,True,False,1,6.28,pressure_spike
1765,Rev9,9,W061,AE-3200,CH-B,EXT-07,Extreme Edge,0.96,212.7,39.0,40.66,40.7,1795.3,True,True,False,False,2,8.22,
1766,Rev9,9,W061,AE-3200,CH-B,EXT-08,Extreme Edge,0.96,245.5,39.34,41.59,39.97,1822.4,True,True,True,False,1,4.76,
1767,Rev9,9,W061,AE-3200,CH-B,EXT-09,Extreme Edge,0.96,278.2,40.11,40.34,41.61,1836.7,True,True,False,False,0,0.0,
1768,Rev9,9,W061,AE-3200,CH-B,EXT-10,Extreme Edge,0.96,310.9,39.59,42.53,41.97,1825.7,True,False,False,False,0,0.0,
1769,Rev9,9,W061,AE-3200,CH-B,EXT-11,Extreme Edge,0.96,343.6,38.84,42.2,41.03,1805.7,True,False,False,False,0,0.0,
1770,Rev10,10,W062,PX-7500,CH-C,C1,Center,0.0,0.0,36.74,37.7,36.24,1658.9,True,False,True,True,0,0.0,
1771,Rev10,10,W062,PX-7500,CH-C,MID-01,Mid,0.52,30.0,38.07,38.12,37.64,1744.6,True,True,True,True,0,0.0,
1772,Rev10,10,W062,PX-7500,CH-C,MID-02,Mid,0.52,90.0,37.98,38.83,38.47,1607.6,True,True,True,True,0,0.0,
1773,Rev10,10,W062,PX-7500,CH-C,MID-03,Mid,0.52,150.0,38.61,39.36,35.57,1792.9,True,True,True,False,0,0.0,
1774,Rev10,10,W062,PX-7500,CH-C,MID-04,Mid,0.52,210.0,37.17,38.47,35.84,1721.8,True,True,True,True,0,0.0,
1775,Rev10,10,W062,PX-7500,CH-C,MID-05,Mid,0.52,270.0,38.04,38.83,37.36,1800.7,True,True,True,False,0,0.0,
1776,Rev10,10,W062,PX-7500,CH-C,MID-06,Mid,0.52,330.0,38.52,38.42,36.33,1732.8,True,True,True,True,0,0.0,
1777,Rev10,10,W062,PX-7500,CH-C,EDG-01,Edge,0.84,0.0,38.15,40.71,36.4,1777.4,True,True,True,False,0,0.0,
1778,Rev10,10,W062,PX-7500,CH-C,EDG-02,Edge,0.84,32.7,39.07,41.24,37.03,1716.3,True,True,True,True,1,6.16,
1779,Rev10,10,W062,PX-7500,CH-C,EDG-03,Edge,0.84,65.5,38.04,40.15,37.39,1798.9,True,True,True,False,2,7.26,esc_temp_drift
1780,Rev10,10,W062,PX-7500,CH-C,EDG-04,Edge,0.84,98.2,38.22,40.83,38.05,1745.4,True,True,True,True,0,0.0,
1781,Rev10,10,W062,PX-7500,CH-C,EDG-05,Edge,0.84,130.9,38.71,41.22,36.86,1758.2,True,True,True,True,0,0.0,
1782,Rev10,10,W062,PX-7500,CH-C,EDG-06,Edge,0.84,163.6,38.55,39.97,36.87,1839.7,True,True,True,False,0,0.0,
1783,Rev10,10,W062,PX-7500,CH-C,EDG-07,Edge,0.84,196.4,39.59,42.08,36.47,1862.4,True,False,True,False,0,0.0,
1784,Rev10,10,W062,PX-7500,CH-C,EDG-08,Edge,0.84,229.1,39.15,40.49,36.15,1781.5,True,True,True,False,0,0.0,
1785,Rev10,10,W062,PX-7500,CH-C,EDG-09,Edge,0.84,261.8,38.68,39.71,35.03,1822.2,True,True,True,False,0,0.0,
1786,Rev10,10,W062,PX-7500,CH-C,EDG-10,Edge,0.84,294.5,38.35,39.61,38.52,1842.3,True,True,True,False,0,0.0,
1787,Rev10,10,W062,PX-7500,CH-C,EDG-11,Edge,0.84,327.3,39.26,41.18,35.47,1786.3,True,True,True,False,1,2.97,
1788,Rev10,10,W062,PX-7500,CH-C,EXT-01,Extreme Edge,0.96,16.4,40.05,40.42,39.65,1792.5,True,True,True,False,0,0.0,
1789,Rev10,10,W062,PX-7500,CH-C,EXT-02,Extreme Edge,0.96,49.1,39.5,38.92,35.82,1734.3,True,True,True,True,1,5.39,esc_temp_drift
1790,Rev10,10,W062,PX-7500,CH-C,EXT-03,Extreme Edge,0.96,81.8,39.28,40.34,35.96,1770.9,True,True,True,False,1,3.22,
1791,Rev10,10,W062,PX-7500,CH-C,EXT-04,Extreme Edge,0.96,114.5,40.38,39.81,35.93,1799.7,True,True,True,False,0,0.0,
1792,Rev10,10,W062,PX-7500,CH-C,EXT-05,Extreme Edge,0.96,147.3,38.97,39.94,37.2,1785.5,True,True,True,False,0,0.0,
1793,Rev10,10,W062,PX-7500,CH-C,EXT-06,Extreme Edge,0.96,180.0,39.0,40.28,36.75,1907.2,True,True,True,False,2,7.6,
1794,Rev10,10,W062,PX-7500,CH-C,EXT-07,Extreme Edge,0.96,212.7,39.31,38.77,38.34,1705.8,True,True,True,True,0,0.0,
1795,Rev10,10,W062,PX-7500,CH-C,EXT-08,Extreme Edge,0.96,245.5,39.09,40.0,36.99,1815.0,True,True,True,False,3,9.56,
1796,Rev10,10,W062,PX-7500,CH-C,EXT-09,Extreme Edge,0.96,278.2,40.52,40.13,36.7,1791.9,False,True,True,False,2,11.01,
1797,Rev10,10,W062,PX-7500,CH-C,EXT-10,Extreme Edge,0.96,310.9,37.94,40.93,37.45,1723.7,True,True,True,True,2,8.0,polymer_residue
1798,Rev10,10,W062,PX-7500,CH-C,EXT-11,Extreme Edge,0.96,343.6,38.12,39.32,37.95,1810.1,True,True,True,False,2,5.17,
1799,Rev3,3,W063,PX-7500,CH-D,C1,Center,0.0,0.0,40.4,41.45,37.37,1620.5,False,True,True,True,0,0.0,
1800,Rev3,3,W063,PX-7500,CH-D,MID-01,Mid,0.52,30.0,40.02,42.15,34.63,1675.1,True,False,True,True,0,0.0,
1801,Rev3,3,W063,PX-7500,CH-D,MID-02,Mid,0.52,90.0,41.05,40.59,41.51,1663.4,False,True,False,True,0,0.0,
1802,Rev3,3,W063,PX-7500,CH-D,MID-03,Mid,0.52,150.0,40.51,42.26,39.54,1506.5,False,False,True,False,2,6.7,polymer_residue
1803,Rev3,3,W063,PX-7500,CH-D,MID-04,Mid,0.52,210.0,41.42,40.76,38.97,1645.2,False,True,True,True,1,4.17,esc_temp_drift
1804,Rev3,3,W063,PX-7500,CH-D,MID-05,Mid,0.52,270.0,39.88,41.9,38.89,1620.1,True,True,True,True,1,5.18,pressure_spike
1805,Rev3,3,W063,PX-7500,CH-D,MID-06,Mid,0.52,330.0,41.08,40.89,36.8,1647.0,False,True,True,True,0,0.0,
1806,Rev3,3,W063,PX-7500,CH-D,EDG-01,Edge,0.84,0.0,41.67,41.95,40.25,1651.0,False,True,True,True,1,3.21,
1807,Rev3,3,W063,PX-7500,CH-D,EDG-02,Edge,0.84,32.7,41.69,41.78,39.8,1650.3,False,True,True,True,1,5.5,
1808,Rev3,3,W063,PX-7500,CH-D,EDG-03,Edge,0.84,65.5,41.73,42.98,36.13,1644.5,False,False,True,True,2,6.49,
1809,Rev3,3,W063,PX-7500,CH-D,EDG-04,Edge,0.84,98.2,41.39,42.51,38.21,1698.5,False,False,True,True,1,5.29,
1810,Rev3,3,W063,PX-7500,CH-D,EDG-05,Edge,0.84,130.9,40.76,44.18,39.51,1592.2,False,False,True,True,1,2.6,
1811,Rev3,3,W063,PX-7500,CH-D,EDG-06,Edge,0.84,163.6,41.54,42.47,38.76,1643.8,False,False,True,True,2,10.4,
1812,Rev3,3,W063,PX-7500,CH-D,EDG-07,Edge,0.84,196.4,41.32,42.01,40.36,1575.8,False,False,True,False,2,8.88,polymer_residue
1813,Rev3,3,W063,PX-7500,CH-D,EDG-08,Edge,0.84,229.1,40.42,41.85,39.87,1572.8,False,True,True,False,1,4.89,esc_temp_drift
1814,Rev3,3,W063,PX-7500,CH-D,EDG-09,Edge,0.84,261.8,42.11,42.34,40.92,1591.9,False,False,False,True,3,6.04,
1815,Rev3,3,W063,PX-7500,CH-D,EDG-10,Edge,0.84,294.5,40.58,41.59,39.0,1691.0,False,True,True,True,1,2.02,polymer_residue
1816,Rev3,3,W063,PX-7500,CH-D,EDG-11,Edge,0.84,327.3,41.82,41.86,35.01,1622.9,False,True,True,True,0,0.0,
1817,Rev3,3,W063,PX-7500,CH-D,EXT-01,Extreme Edge,0.96,16.4,40.71,42.79,38.84,1661.7,False,False,True,True,2,10.55,
1818,Rev3,3,W063,PX-7500,CH-D,EXT-02,Extreme Edge,0.96,49.1,43.16,42.84,38.05,1662.1,False,False,True,True,1,3.06,esc_temp_drift
1819,Rev3,3,W063,PX-7500,CH-D,EXT-03,Extreme Edge,0.96,81.8,41.95,42.01,38.41,1679.2,False,False,True,True,1,2.21,
1820,Rev3,3,W063,PX-7500,CH-D,EXT-04,Extreme Edge,0.96,114.5,42.4,40.96,39.33,1631.6,False,True,True,True,1,3.91,
1821,Rev3,3,W063,PX-7500,CH-D,EXT-05,Extreme Edge,0.96,147.3,41.12,41.03,36.84,1640.0,False,True,True,True,1,3.49,
1822,Rev3,3,W063,PX-7500,CH-D,EXT-06,Extreme Edge,0.96,180.0,41.61,43.02,37.93,1679.8,False,False,True,True,1,5.51,
1823,Rev3,3,W063,PX-7500,CH-D,EXT-07,Extreme Edge,0.96,212.7,42.42,42.41,36.17,1629.4,False,False,True,True,2,7.85,arc_event
1824,Rev3,3,W063,PX-7500,CH-D,EXT-08,Extreme Edge,0.96,245.5,42.46,42.74,38.68,1730.5,False,False,True,True,0,0.0,
1825,Rev3,3,W063,PX-7500,CH-D,EXT-09,Extreme Edge,0.96,278.2,41.99,42.14,39.27,1712.0,False,False,True,True,3,10.24,
1826,Rev3,3,W063,PX-7500,CH-D,EXT-10,Extreme Edge,0.96,310.9,42.19,41.95,36.01,1706.3,False,True,True,True,0,0.0,
1827,Rev3,3,W063,PX-7500,CH-D,EXT-11,Extreme Edge,0.96,343.6,41.52,41.6,40.17,1654.8,False,True,True,True,0,0.0,
1828,Rev9,9,W064,AE-3200,CH-B,C1,Center,0.0,0.0,36.8,39.87,38.8,1743.4,True,True,True,True,0,0.0,
1829,Rev9,9,W064,AE-3200,CH-B,MID-01,Mid,0.52,30.0,37.73,40.13,37.36,1829.5,True,True,True,False,0,0.0,
1830,Rev9,9,W064,AE-3200,CH-B,MID-02,Mid,0.52,90.0,37.82,40.99,37.63,1774.7,True,True,True,False,0,0.0,
1831,Rev9,9,W064,AE-3200,CH-B,MID-03,Mid,0.52,150.0,37.69,41.86,38.4,1812.5,True,True,True,False,0,0.0,
1832,Rev9,9,W064,AE-3200,CH-B,MID-04,Mid,0.52,210.0,38.48,40.7,38.55,1796.2,True,True,True,False,0,0.0,
1833,Rev9,9,W064,AE-3200,CH-B,MID-05,Mid,0.52,270.0,37.77,38.43,38.75,1745.5,True,True,True,True,0,0.0,
1834,Rev9,9,W064,AE-3200,CH-B,MID-06,Mid,0.52,330.0,37.33,39.7,41.04,1782.3,True,True,False,False,0,0.0,
1835,Rev9,9,W064,AE-3200,CH-B,EDG-01,Edge,0.84,0.0,38.82,41.8,41.37,1783.4,True,True,False,False,0,0.0,
1836,Rev9,9,W064,AE-3200,CH-B,EDG-02,Edge,0.84,32.7,38.22,42.27,36.61,1817.3,True,False,True,False,2,10.34,esc_temp_drift
1837,Rev9,9,W064,AE-3200,CH-B,EDG-03,Edge,0.84,65.5,38.48,42.36,39.4,1763.2,True,False,True,False,1,3.8,arc_event
1838,Rev9,9,W064,AE-3200,CH-B,EDG-04,Edge,0.84,98.2,38.66,40.02,40.71,1777.6,True,True,False,False,0,0.0,
1839,Rev9,9,W064,AE-3200,CH-B,EDG-05,Edge,0.84,130.9,38.95,41.86,37.07,1847.3,True,True,True,False,1,3.34,
1840,Rev9,9,W064,AE-3200,CH-B,EDG-06,Edge,0.84,163.6,39.16,42.03,40.52,1772.4,True,False,False,False,1,5.33,arc_event
1841,Rev9,9,W064,AE-3200,CH-B,EDG-07,Edge,0.84,196.4,39.04,40.29,41.62,1728.9,True,True,False,True,1,6.04,
1842,Rev9,9,W064,AE-3200,CH-B,EDG-08,Edge,0.84,229.1,39.08,39.95,39.53,1730.9,True,True,True,True,0,0.0,
1843,Rev9,9,W064,AE-3200,CH-B,EDG-09,Edge,0.84,261.8,39.52,41.83,40.65,1817.5,True,True,False,False,1,3.12,endpoint_late
1844,Rev9,9,W064,AE-3200,CH-B,EDG-10,Edge,0.84,294.5,38.06,40.47,39.83,1879.0,True,True,True,False,1,3.85,pressure_spike
1845,Rev9,9,W064,AE-3200,CH-B,EDG-11,Edge,0.84,327.3,38.17,40.34,39.34,1904.2,True,True,True,False,0,0.0,
1846,Rev9,9,W064,AE-3200,CH-B,EXT-01,Extreme Edge,0.96,16.4,39.51,41.25,39.59,1807.3,True,True,True,False,1,3.91,arc_event
1847,Rev9,9,W064,AE-3200,CH-B,EXT-02,Extreme Edge,0.96,49.1,39.62,40.32,40.85,1892.7,True,True,False,False,1,5.79,esc_temp_drift
1848,Rev9,9,W064,AE-3200,CH-B,EXT-03,Extreme Edge,0.96,81.8,39.22,43.27,40.5,1805.5,True,False,False,False,1,5.5,esc_temp_drift
1849,Rev9,9,W064,AE-3200,CH-B,EXT-04,Extreme Edge,0.96,114.5,40.86,41.54,42.04,1872.5,False,True,False,False,0,0.0,
1850,Rev9,9,W064,AE-3200,CH-B,EXT-05,Extreme Edge,0.96,147.3,39.6,41.73,39.82,1922.4,True,True,True,False,1,4.39,polymer_residue
1851,Rev9,9,W064,AE-3200,CH-B,EXT-06,Extreme Edge,0.96,180.0,40.5,40.6,40.83,1929.7,False,True,False,False,0,0.0,
1852,Rev9,9,W064,AE-3200,CH-B,EXT-07,Extreme Edge,0.96,212.7,40.03,42.23,39.98,1801.7,True,False,True,False,0,0.0,
1853,Rev9,9,W064,AE-3200,CH-B,EXT-08,Extreme Edge,0.96,245.5,39.1,42.18,40.03,1765.1,True,False,True,False,0,0.0,
1854,Rev9,9,W064,AE-3200,CH-B,EXT-09,Extreme Edge,0.96,278.2,39.32,40.76,40.41,1866.2,True,True,False,False,2,3.78,pressure_spike
1855,Rev9,9,W064,AE-3200,CH-B,EXT-10,Extreme Edge,0.96,310.9,39.37,41.48,41.27,1725.3,True,True,False,True,2,7.78,
1856,Rev9,9,W064,AE-3200,CH-B,EXT-11,Extreme Edge,0.96,343.6,40.19,41.77,40.21,1871.6,True,True,True,False,1,2.86,
1857,Rev4,4,W065,AE-3200,CH-A,C1,Center,0.0,0.0,39.61,40.81,38.65,1691.9,True,True,True,True,0,0.0,
1858,Rev4,4,W065,AE-3200,CH-A,MID-01,Mid,0.52,30.0,41.26,42.83,39.71,1728.1,False,False,True,True,0,0.0,
1859,Rev4,4,W065,AE-3200,CH-A,MID-02,Mid,0.52,90.0,40.66,42.74,36.98,1752.0,False,False,True,True,0,0.0,
1860,Rev4,4,W065,AE-3200,CH-A,MID-03,Mid,0.52,150.0,39.77,41.01,38.24,1692.9,True,True,True,True,0,0.0,
1861,Rev4,4,W065,AE-3200,CH-A,MID-04,Mid,0.52,210.0,40.69,41.01,37.42,1721.8,False,True,True,True,0,0.0,
1862,Rev4,4,W065,AE-3200,CH-A,MID-05,Mid,0.52,270.0,40.86,41.33,35.54,1641.9,False,True,True,True,1,2.29,
1863,Rev4,4,W065,AE-3200,CH-A,MID-06,Mid,0.52,330.0,39.5,40.08,39.31,1777.9,True,True,True,False,0,0.0,
1864,Rev4,4,W065,AE-3200,CH-A,EDG-01,Edge,0.84,0.0,40.9,40.81,38.31,1735.7,False,True,True,True,1,4.87,pressure_spike
1865,Rev4,4,W065,AE-3200,CH-A,EDG-02,Edge,0.84,32.7,41.37,42.53,36.34,1699.0,False,False,True,True,2,6.53,polymer_residue
1866,Rev4,4,W065,AE-3200,CH-A,EDG-03,Edge,0.84,65.5,40.98,41.48,38.88,1784.5,False,True,True,False,0,0.0,
1867,Rev4,4,W065,AE-3200,CH-A,EDG-04,Edge,0.84,98.2,41.73,39.91,41.18,1669.5,False,True,False,True,0,0.0,
1868,Rev4,4,W065,AE-3200,CH-A,EDG-05,Edge,0.84,130.9,40.18,41.46,41.12,1689.6,True,True,False,True,0,0.0,
1869,Rev4,4,W065,AE-3200,CH-A,EDG-06,Edge,0.84,163.6,40.37,42.06,41.13,1652.7,True,False,False,True,0,0.0,
1870,Rev4,4,W065,AE-3200,CH-A,EDG-07,Edge,0.84,196.4,40.91,41.96,38.59,1769.5,False,True,True,False,1,5.96,esc_temp_drift
1871,Rev4,4,W065,AE-3200,CH-A,EDG-08,Edge,0.84,229.1,39.91,42.06,40.9,1704.6,True,False,False,True,0,0.0,
1872,Rev4,4,W065,AE-3200,CH-A,EDG-09,Edge,0.84,261.8,40.99,41.67,39.33,1745.0,False,True,True,True,0,0.0,
1873,Rev4,4,W065,AE-3200,CH-A,EDG-10,Edge,0.84,294.5,41.34,41.98,35.75,1676.9,False,True,True,True,1,2.57,arc_event
1874,Rev4,4,W065,AE-3200,CH-A,EDG-11,Edge,0.84,327.3,41.99,41.33,38.15,1714.6,False,True,True,True,0,0.0,
1875,Rev4,4,W065,AE-3200,CH-A,EXT-01,Extreme Edge,0.96,16.4,41.68,42.09,38.46,1738.2,False,False,True,True,0,0.0,
1876,Rev4,4,W065,AE-3200,CH-A,EXT-02,Extreme Edge,0.96,49.1,42.64,42.79,38.71,1891.6,False,False,True,False,0,0.0,
1877,Rev4,4,W065,AE-3200,CH-A,EXT-03,Extreme Edge,0.96,81.8,40.8,42.66,39.71,1736.6,False,False,True,True,3,12.69,
1878,Rev4,4,W065,AE-3200,CH-A,EXT-04,Extreme Edge,0.96,114.5,41.4,43.04,41.71,1715.6,False,False,False,True,1,1.85,polymer_residue
1879,Rev4,4,W065,AE-3200,CH-A,EXT-05,Extreme Edge,0.96,147.3,42.78,40.73,40.27,1746.0,False,True,True,True,1,5.56,
1880,Rev4,4,W065,AE-3200,CH-A,EXT-06,Extreme Edge,0.96,180.0,42.24,41.65,38.65,1694.8,False,True,True,True,1,2.53,
1881,Rev4,4,W065,AE-3200,CH-A,EXT-07,Extreme Edge,0.96,212.7,40.98,45.07,40.71,1667.7,False,False,False,True,0,0.0,
1882,Rev4,4,W065,AE-3200,CH-A,EXT-08,Extreme Edge,0.96,245.5,41.76,42.75,38.88,1695.5,False,False,True,True,0,0.0,
1883,Rev4,4,W065,AE-3200,CH-A,EXT-09,Extreme Edge,0.96,278.2,42.67,43.09,40.27,1811.8,False,False,True,False,2,5.25,polymer_residue
1884,Rev4,4,W065,AE-3200,CH-A,EXT-10,Extreme Edge,0.96,310.9,42.16,41.95,37.68,1772.0,False,True,True,False,0,0.0,
1885,Rev4,4,W065,AE-3200,CH-A,EXT-11,Extreme Edge,0.96,343.6,41.04,42.34,40.53,1856.4,False,False,False,False,2,12.78,
1886,Rev2,2,W066,PX-7500,CH-C,C1,Center,0.0,0.0,40.15,40.21,38.43,1515.9,True,True,True,False,1,3.33,
1887,Rev2,2,W066,PX-7500,CH-C,MID-01,Mid,0.52,30.0,40.52,39.81,37.17,1544.5,False,True,True,False,0,0.0,
1888,Rev2,2,W066,PX-7500,CH-C,MID-02,Mid,0.52,90.0,40.13,39.13,34.52,1703.3,True,True,True,True,0,0.0,
1889,Rev2,2,W066,PX-7500,CH-C,MID-03,Mid,0.52,150.0,40.08,39.41,36.27,1650.3,True,True,True,True,0,0.0,
1890,Rev2,2,W066,PX-7500,CH-C,MID-04,Mid,0.52,210.0,40.7,40.42,37.2,1667.1,False,True,True,True,2,11.6,
1891,Rev2,2,W066,PX-7500,CH-C,MID-05,Mid,0.52,270.0,40.72,39.72,35.94,1569.1,False,True,True,False,1,4.11,
1892,Rev2,2,W066,PX-7500,CH-C,MID-06,Mid,0.52,330.0,40.66,40.32,34.88,1617.1,False,True,True,True,0,0.0,
1893,Rev2,2,W066,PX-7500,CH-C,EDG-01,Edge,0.84,0.0,41.83,40.92,36.91,1552.2,False,True,True,False,1,2.97,polymer_residue
1894,Rev2,2,W066,PX-7500,CH-C,EDG-02,Edge,0.84,32.7,41.31,40.43,34.83,1561.3,False,True,True,False,1,2.95,
1895,Rev2,2,W066,PX-7500,CH-C,EDG-03,Edge,0.84,65.5,42.16,40.3,36.22,1564.6,False,True,True,False,2,5.28,
1896,Rev2,2,W066,PX-7500,CH-C,EDG-04,Edge,0.84,98.2,40.74,40.47,37.09,1707.8,False,True,True,True,0,0.0,
1897,Rev2,2,W066,PX-7500,CH-C,EDG-05,Edge,0.84,130.9,41.88,41.44,39.53,1633.2,False,True,True,True,0,0.0,
1898,Rev2,2,W066,PX-7500,CH-C,EDG-06,Edge,0.84,163.6,42.57,40.06,36.02,1656.8,False,True,True,True,0,0.0,
1899,Rev2,2,W066,PX-7500,CH-C,EDG-07,Edge,0.84,196.4,42.58,41.63,38.06,1693.1,False,True,True,True,0,0.0,
1900,Rev2,2,W066,PX-7500,CH-C,EDG-08,Edge,0.84,229.1,41.32,39.99,38.25,1575.4,False,True,True,False,0,0.0,
1901,Rev2,2,W066,PX-7500,CH-C,EDG-09,Edge,0.84,261.8,40.35,41.7,38.06,1566.6,True,True,True,False,0,0.0,
1902,Rev2,2,W066,PX-7500,CH-C,EDG-10,Edge,0.84,294.5,41.63,39.77,36.57,1693.2,False,True,True,True,0,0.0,
1903,Rev2,2,W066,PX-7500,CH-C,EDG-11,Edge,0.84,327.3,41.47,40.4,37.87,1658.6,False,True,True,True,0,0.0,
1904,Rev2,2,W066,PX-7500,CH-C,EXT-01,Extreme Edge,0.96,16.4,42.02,40.9,37.05,1717.0,False,True,True,True,1,4.96,
1905,Rev2,2,W066,PX-7500,CH-C,EXT-02,Extreme Edge,0.96,49.1,42.21,40.23,39.75,1675.8,False,True,True,True,0,0.0,
1906,Rev2,2,W066,PX-7500,CH-C,EXT-03,Extreme Edge,0.96,81.8,42.63,43.63,38.53,1691.5,False,False,True,True,2,10.83,polymer_residue
1907,Rev2,2,W066,PX-7500,CH-C,EXT-04,Extreme Edge,0.96,114.5,42.77,41.4,37.12,1679.1,False,True,True,True,1,5.22,polymer_residue
1908,Rev2,2,W066,PX-7500,CH-C,EXT-05,Extreme Edge,0.96,147.3,41.71,41.13,38.34,1684.0,False,True,True,True,0,0.0,
1909,Rev2,2,W066,PX-7500,CH-C,EXT-06,Extreme Edge,0.96,180.0,42.67,40.74,39.71,1659.3,False,True,True,True,0,0.0,
1910,Rev2,2,W066,PX-7500,CH-C,EXT-07,Extreme Edge,0.96,212.7,41.23,40.92,36.77,1676.1,False,True,True,True,1,5.76,
1911,Rev2,2,W066,PX-7500,CH-C,EXT-08,Extreme Edge,0.96,245.5,42.36,40.19,35.81,1682.9,False,True,True,True,0,0.0,
1912,Rev2,2,W066,PX-7500,CH-C,EXT-09,Extreme Edge,0.96,278.2,41.36,42.11,33.86,1747.4,False,False,False,True,0,0.0,
1913,Rev2,2,W066,PX-7500,CH-C,EXT-10,Extreme Edge,0.96,310.9,42.31,40.64,38.32,1678.2,False,True,True,True,0,0.0,
1914,Rev2,2,W066,PX-7500,CH-C,EXT-11,Extreme Edge,0.96,343.6,41.51,42.91,36.69,1699.3,False,False,True,True,2,12.84,endpoint_late
1915,Rev6,6,W067,PX-7500,CH-C,C1,Center,0.0,0.0,37.2,38.67,35.5,1544.5,True,True,True,False,0,0.0,
1916,Rev6,6,W067,PX-7500,CH-C,MID-01,Mid,0.52,30.0,37.72,39.47,32.2,1588.9,True,True,False,True,1,3.81,polymer_residue
1917,Rev6,6,W067,PX-7500,CH-C,MID-02,Mid,0.52,90.0,38.86,39.83,34.35,1633.6,True,True,True,True,2,8.78,polymer_residue
1918,Rev6,6,W067,PX-7500,CH-C,MID-03,Mid,0.52,150.0,37.77,37.19,35.25,1532.0,True,False,True,False,0,0.0,
1919,Rev6,6,W067,PX-7500,CH-C,MID-04,Mid,0.52,210.0,38.76,39.75,33.96,1720.9,True,True,False,True,1,3.48,
1920,Rev6,6,W067,PX-7500,CH-C,MID-05,Mid,0.52,270.0,37.99,38.5,32.64,1632.7,True,True,False,True,0,0.0,
1921,Rev6,6,W067,PX-7500,CH-C,MID-06,Mid,0.52,330.0,38.58,40.19,34.6,1729.3,True,True,True,True,0,0.0,
1922,Rev6,6,W067,PX-7500,CH-C,EDG-01,Edge,0.84,0.0,38.37,39.97,37.21,1671.0,True,True,True,True,1,1.94,
1923,Rev6,6,W067,PX-7500,CH-C,EDG-02,Edge,0.84,32.7,40.48,40.93,35.26,1686.2,False,True,True,True,2,7.83,polymer_residue
1924,Rev6,6,W067,PX-7500,CH-C,EDG-03,Edge,0.84,65.5,38.95,39.2,35.5,1630.0,True,True,True,True,0,0.0,
1925,Rev6,6,W067,PX-7500,CH-C,EDG-04,Edge,0.84,98.2,38.14,39.3,36.47,1756.5,True,True,True,True,0,0.0,
1926,Rev6,6,W067,PX-7500,CH-C,EDG-05,Edge,0.84,130.9,39.5,40.03,38.27,1664.4,True,True,True,True,0,0.0,
1927,Rev6,6,W067,PX-7500,CH-C,EDG-06,Edge,0.84,163.6,39.1,38.01,34.54,1701.4,True,True,True,True,1,2.01,polymer_residue
1928,Rev6,6,W067,PX-7500,CH-C,EDG-07,Edge,0.84,196.4,38.14,40.34,35.56,1593.8,True,True,True,True,0,0.0,
1929,Rev6,6,W067,PX-7500,CH-C,EDG-08,Edge,0.84,229.1,39.06,39.8,35.54,1624.4,True,True,True,True,0,0.0,
1930,Rev6,6,W067,PX-7500,CH-C,EDG-09,Edge,0.84,261.8,38.1,41.05,36.21,1700.5,True,True,True,True,0,0.0,
1931,Rev6,6,W067,PX-7500,CH-C,EDG-10,Edge,0.84,294.5,39.08,40.64,34.44,1619.9,True,True,True,True,0,0.0,
1932,Rev6,6,W067,PX-7500,CH-C,EDG-11,Edge,0.84,327.3,39.31,39.31,32.32,1716.4,True,True,False,True,0,0.0,
1933,Rev6,6,W067,PX-7500,CH-C,EXT-01,Extreme Edge,0.96,16.4,39.27,40.93,38.24,1751.1,True,True,True,True,0,0.0,
1934,Rev6,6,W067,PX-7500,CH-C,EXT-02,Extreme Edge,0.96,49.1,39.28,41.41,37.65,1692.7,True,True,True,True,0,0.0,
1935,Rev6,6,W067,PX-7500,CH-C,EXT-03,Extreme Edge,0.96,81.8,39.45,40.38,34.64,1696.4,True,True,True,True,0,0.0,
1936,Rev6,6,W067,PX-7500,CH-C,EXT-04,Extreme Edge,0.96,114.5,39.92,41.32,35.58,1716.0,True,True,True,True,1,2.02,arc_event
1937,Rev6,6,W067,PX-7500,CH-C,EXT-05,Extreme Edge,0.96,147.3,38.71,39.51,34.26,1650.9,True,True,True,True,0,0.0,
1938,Rev6,6,W067,PX-7500,CH-C,EXT-06,Extreme Edge,0.96,180.0,39.35,39.86,33.56,1754.1,True,True,False,True,0,0.0,
1939,Rev6,6,W067,PX-7500,CH-C,EXT-07,Extreme Edge,0.96,212.7,38.95,39.57,35.31,1666.6,True,True,True,True,1,5.98,polymer_residue
1940,Rev6,6,W067,PX-7500,CH-C,EXT-08,Extreme Edge,0.96,245.5,39.14,39.24,34.56,1706.8,True,True,True,True,1,5.59,pressure_spike
1941,Rev6,6,W067,PX-7500,CH-C,EXT-09,Extreme Edge,0.96,278.2,39.24,39.52,37.04,1637.4,True,True,True,True,0,0.0,
1942,Rev6,6,W067,PX-7500,CH-C,EXT-10,Extreme Edge,0.96,310.9,39.25,40.38,35.65,1667.9,True,True,True,True,0,0.0,
1943,Rev6,6,W067,PX-7500,CH-C,EXT-11,Extreme Edge,0.96,343.6,39.59,38.94,35.69,1676.0,True,True,True,True,0,0.0,
1944,Rev3,3,W068,PX-7500,CH-D,C1,Center,0.0,0.0,38.3,39.65,37.76,1640.1,True,True,True,True,0,0.0,
1945,Rev3,3,W068,PX-7500,CH-D,MID-01,Mid,0.52,30.0,39.32,41.3,35.74,1634.6,True,True,True,True,0,0.0,
1946,Rev3,3,W068,PX-7500,CH-D,MID-02,Mid,0.52,90.0,39.73,39.93,39.86,1610.9,True,True,True,True,0,0.0,
1947,Rev3,3,W068,PX-7500,CH-D,MID-03,Mid,0.52,150.0,39.95,41.4,36.49,1605.4,True,True,True,True,0,0.0,
1948,Rev3,3,W068,PX-7500,CH-D,MID-04,Mid,0.52,210.0,39.82,40.83,37.22,1647.4,True,True,True,True,0,0.0,
1949,Rev3,3,W068,PX-7500,CH-D,MID-05,Mid,0.52,270.0,40.15,40.2,35.08,1593.3,True,True,True,True,0,0.0,
1950,Rev3,3,W068,PX-7500,CH-D,MID-06,Mid,0.52,330.0,41.02,39.83,38.24,1589.9,False,True,True,True,0,0.0,
1951,Rev3,3,W068,PX-7500,CH-D,EDG-01,Edge,0.84,0.0,41.45,40.93,36.17,1607.4,False,True,True,True,0,0.0,
1952,Rev3,3,W068,PX-7500,CH-D,EDG-02,Edge,0.84,32.7,40.73,41.74,39.85,1727.5,False,True,True,True,0,0.0,
1953,Rev3,3,W068,PX-7500,CH-D,EDG-03,Edge,0.84,65.5,41.43,41.64,40.17,1554.2,False,True,True,False,1,3.08,
1954,Rev3,3,W068,PX-7500,CH-D,EDG-04,Edge,0.84,98.2,41.31,40.88,42.8,1633.9,False,True,False,True,1,2.17,
1955,Rev3,3,W068,PX-7500,CH-D,EDG-05,Edge,0.84,130.9,42.78,40.66,39.92,1650.9,False,True,True,True,0,0.0,
1956,Rev3,3,W068,PX-7500,CH-D,EDG-06,Edge,0.84,163.6,42.06,39.95,39.81,1713.6,False,True,True,True,0,0.0,
1957,Rev3,3,W068,PX-7500,CH-D,EDG-07,Edge,0.84,196.4,41.34,41.96,40.34,1696.1,False,True,True,True,2,10.69,
1958,Rev3,3,W068,PX-7500,CH-D,EDG-08,Edge,0.84,229.1,41.09,41.15,41.11,1639.8,False,True,False,True,0,0.0,
1959,Rev3,3,W068,PX-7500,CH-D,EDG-09,Edge,0.84,261.8,40.46,40.53,40.7,1649.1,False,True,False,True,0,0.0,
1960,Rev3,3,W068,PX-7500,CH-D,EDG-10,Edge,0.84,294.5,41.34,42.14,39.15,1584.4,False,False,True,True,1,5.75,polymer_residue
1961,Rev3,3,W068,PX-7500,CH-D,EDG-11,Edge,0.84,327.3,41.57,40.13,37.38,1619.9,False,True,True,True,0,0.0,
1962,Rev3,3,W068,PX-7500,CH-D,EXT-01,Extreme Edge,0.96,16.4,42.44,40.8,38.6,1694.6,False,True,True,True,0,0.0,
1963,Rev3,3,W068,PX-7500,CH-D,EXT-02,Extreme Edge,0.96,49.1,42.2,41.78,38.61,1767.5,False,True,True,False,0,0.0,
1964,Rev3,3,W068,PX-7500,CH-D,EXT-03,Extreme Edge,0.96,81.8,42.25,39.82,38.44,1713.4,False,True,True,True,1,5.52,polymer_residue
1965,Rev3,3,W068,PX-7500,CH-D,EXT-04,Extreme Edge,0.96,114.5,42.04,41.27,41.13,1657.7,False,True,False,True,2,5.32,
1966,Rev3,3,W068,PX-7500,CH-D,EXT-05,Extreme Edge,0.96,147.3,42.39,41.95,37.92,1663.9,False,True,True,True,1,4.69,
1967,Rev3,3,W068,PX-7500,CH-D,EXT-06,Extreme Edge,0.96,180.0,41.71,41.74,37.89,1670.8,False,True,True,True,3,8.14,
1968,Rev3,3,W068,PX-7500,CH-D,EXT-07,Extreme Edge,0.96,212.7,41.59,41.17,40.69,1704.6,False,True,False,True,1,5.92,polymer_residue
1969,Rev3,3,W068,PX-7500,CH-D,EXT-08,Extreme Edge,0.96,245.5,42.34,42.37,38.19,1665.6,False,False,True,True,0,0.0,
1970,Rev3,3,W068,PX-7500,CH-D,EXT-09,Extreme Edge,0.96,278.2,43.08,41.24,38.11,1730.7,False,True,True,True,0,0.0,
1971,Rev3,3,W068,PX-7500,CH-D,EXT-10,Extreme Edge,0.96,310.9,41.94,41.63,41.56,1647.7,False,True,False,True,0,0.0,
1972,Rev3,3,W068,PX-7500,CH-D,EXT-11,Extreme Edge,0.96,343.6,41.0,40.14,38.0,1603.1,False,True,True,True,1,3.55,polymer_residue
1973,Rev4,4,W069,AE-3200,CH-A,C1,Center,0.0,0.0,39.67,39.73,34.63,1675.0,True,True,True,True,0,0.0,
1974,Rev4,4,W069,AE-3200,CH-A,MID-01,Mid,0.52,30.0,40.39,40.54,35.64,1595.8,True,True,True,True,0,0.0,
1975,Rev4,4,W069,AE-3200,CH-A,MID-02,Mid,0.52,90.0,40.42,41.34,36.35,1636.2,False,True,True,True,0,0.0,
1976,Rev4,4,W069,AE-3200,CH-A,MID-03,Mid,0.52,150.0,39.15,41.11,35.44,1604.2,True,True,True,True,0,0.0,
1977,Rev4,4,W069,AE-3200,CH-A,MID-04,Mid,0.52,210.0,41.15,41.46,37.6,1634.6,False,True,True,True,0,0.0,
1978,Rev4,4,W069,AE-3200,CH-A,MID-05,Mid,0.52,270.0,40.0,41.01,36.26,1649.4,True,True,True,True,0,0.0,
1979,Rev4,4,W069,AE-3200,CH-A,MID-06,Mid,0.52,330.0,40.49,41.18,37.0,1638.1,False,True,True,True,0,0.0,
1980,Rev4,4,W069,AE-3200,CH-A,EDG-01,Edge,0.84,0.0,41.16,41.99,37.22,1611.8,False,True,True,True,1,3.91,polymer_residue
1981,Rev4,4,W069,AE-3200,CH-A,EDG-02,Edge,0.84,32.7,40.97,41.8,36.61,1679.7,False,True,True,True,0,0.0,
1982,Rev4,4,W069,AE-3200,CH-A,EDG-03,Edge,0.84,65.5,41.23,42.66,37.93,1675.5,False,False,True,True,0,0.0,
1983,Rev4,4,W069,AE-3200,CH-A,EDG-04,Edge,0.84,98.2,40.4,42.81,39.09,1592.4,False,False,True,True,2,3.84,polymer_residue
1984,Rev4,4,W069,AE-3200,CH-A,EDG-05,Edge,0.84,130.9,40.42,43.49,35.41,1683.1,False,False,True,True,0,0.0,
1985,Rev4,4,W069,AE-3200,CH-A,EDG-06,Edge,0.84,163.6,40.93,42.5,35.6,1680.6,False,False,True,True,1,5.53,arc_event
1986,Rev4,4,W069,AE-3200,CH-A,EDG-07,Edge,0.84,196.4,41.72,41.96,37.69,1675.2,False,True,True,True,1,6.45,
1987,Rev4,4,W069,AE-3200,CH-A,EDG-08,Edge,0.84,229.1,41.32,42.67,37.59,1601.7,False,False,True,True,0,0.0,
1988,Rev4,4,W069,AE-3200,CH-A,EDG-09,Edge,0.84,261.8,40.93,41.09,38.2,1642.3,False,True,True,True,0,0.0,
1989,Rev4,4,W069,AE-3200,CH-A,EDG-10,Edge,0.84,294.5,40.38,42.22,36.8,1656.6,True,False,True,True,1,4.76,
1990,Rev4,4,W069,AE-3200,CH-A,EDG-11,Edge,0.84,327.3,39.99,41.33,38.42,1662.3,True,True,True,True,1,5.83,polymer_residue
1991,Rev4,4,W069,AE-3200,CH-A,EXT-01,Extreme Edge,0.96,16.4,41.76,42.08,35.71,1621.1,False,False,True,True,0,0.0,
1992,Rev4,4,W069,AE-3200,CH-A,EXT-02,Extreme Edge,0.96,49.1,40.82,42.1,38.21,1749.4,False,False,True,True,1,6.1,polymer_residue
1993,Rev4,4,W069,AE-3200,CH-A,EXT-03,Extreme Edge,0.96,81.8,41.45,42.54,38.68,1644.5,False,False,True,True,1,3.58,endpoint_late
1994,Rev4,4,W069,AE-3200,CH-A,EXT-04,Extreme Edge,0.96,114.5,40.85,42.81,38.02,1679.3,False,False,True,True,3,9.32,
1995,Rev4,4,W069,AE-3200,CH-A,EXT-05,Extreme Edge,0.96,147.3,41.57,42.39,38.46,1708.6,False,False,True,True,0,0.0,
1996,Rev4,4,W069,AE-3200,CH-A,EXT-06,Extreme Edge,0.96,180.0,41.31,42.87,36.39,1720.5,False,False,True,True,0,0.0,
1997,Rev4,4,W069,AE-3200,CH-A,EXT-07,Extreme Edge,0.96,212.7,41.03,42.72,36.08,1792.9,False,False,True,False,0,0.0,
1998,Rev4,4,W069,AE-3200,CH-A,EXT-08,Extreme Edge,0.96,245.5,40.6,41.09,36.87,1702.5,False,True,True,True,0,0.0,
1999,Rev4,4,W069,AE-3200,CH-A,EXT-09,Extreme Edge,0.96,278.2,41.38,42.27,37.68,1630.9,False,False,True,True,1,5.08,
2000,Rev4,4,W069,AE-3200,CH-A,EXT-10,Extreme Edge,0.96,310.9,41.79,43.49,37.69,1655.2,False,False,True,True,4,11.08,polymer_residue
2001,Rev4,4,W069,AE-3200,CH-A,EXT-11,Extreme Edge,0.96,343.6,42.16,42.61,37.86,1722.6,False,False,True,True,1,5.0,
2002,Rev6,6,W070,PX-7500,CH-C,C1,Center,0.0,0.0,36.62,38.68,35.31,1674.7,True,True,True,True,0,0.0,
2003,Rev6,6,W070,PX-7500,CH-C,MID-01,Mid,0.52,30.0,37.44,38.77,33.15,1725.2,True,True,False,True,0,0.0,
2004,Rev6,6,W070,PX-7500,CH-C,MID-02,Mid,0.52,90.0,37.32,39.27,35.01,1700.5,True,True,True,True,1,3.06,esc_temp_drift
2005,Rev6,6,W070,PX-7500,CH-C,MID-03,Mid,0.52,150.0,38.33,40.61,34.51,1728.5,True,True,True,True,0,0.0,
2006,Rev6,6,W070,PX-7500,CH-C,MID-04,Mid,0.52,210.0,36.97,40.04,33.43,1669.8,True,True,False,True,0,0.0,
2007,Rev6,6,W070,PX-7500,CH-C,MID-05,Mid,0.52,270.0,38.36,39.93,34.05,1704.0,True,True,False,True,0,0.0,
2008,Rev6,6,W070,PX-7500,CH-C,MID-06,Mid,0.52,330.0,38.18,38.84,32.93,1644.6,True,True,False,True,0,0.0,
2009,Rev6,6,W070,PX-7500,CH-C,EDG-01,Edge,0.84,0.0,38.3,38.99,36.53,1791.6,True,True,True,False,1,6.16,polymer_residue
2010,Rev6,6,W070,PX-7500,CH-C,EDG-02,Edge,0.84,32.7,38.51,40.47,33.27,1680.6,True,True,False,True,1,3.37,arc_event
2011,Rev6,6,W070,PX-7500,CH-C,EDG-03,Edge,0.84,65.5,39.38,39.64,32.64,1658.8,True,True,False,True,1,4.39,endpoint_late
2012,Rev6,6,W070,PX-7500,CH-C,EDG-04,Edge,0.84,98.2,39.19,38.94,33.73,1655.1,True,True,False,True,0,0.0,
2013,Rev6,6,W070,PX-7500,CH-C,EDG-05,Edge,0.84,130.9,38.57,38.26,34.09,1715.4,True,True,False,True,0,0.0,
2014,Rev6,6,W070,PX-7500,CH-C,EDG-06,Edge,0.84,163.6,39.67,38.57,32.1,1720.2,True,True,False,True,1,2.56,
2015,Rev6,6,W070,PX-7500,CH-C,EDG-07,Edge,0.84,196.4,38.52,39.43,34.28,1745.4,True,True,True,True,2,7.37,
2016,Rev6,6,W070,PX-7500,CH-C,EDG-08,Edge,0.84,229.1,37.73,39.12,33.5,1819.4,True,True,False,False,0,0.0,
2017,Rev6,6,W070,PX-7500,CH-C,EDG-09,Edge,0.84,261.8,39.32,40.01,35.53,1707.6,True,True,True,True,0,0.0,
2018,Rev6,6,W070,PX-7500,CH-C,EDG-10,Edge,0.84,294.5,38.86,38.53,37.13,1670.9,True,True,True,True,0,0.0,
2019,Rev6,6,W070,PX-7500,CH-C,EDG-11,Edge,0.84,327.3,38.04,38.78,35.9,1759.4,True,True,True,True,0,0.0,
2020,Rev6,6,W070,PX-7500,CH-C,EXT-01,Extreme Edge,0.96,16.4,39.57,39.9,37.16,1686.0,True,True,True,True,0,0.0,
2021,Rev6,6,W070,PX-7500,CH-C,EXT-02,Extreme Edge,0.96,49.1,39.47,39.79,34.21,1749.8,True,True,True,True,0,0.0,
2022,Rev6,6,W070,PX-7500,CH-C,EXT-03,Extreme Edge,0.96,81.8,38.35,38.24,39.1,1749.5,True,True,True,True,0,0.0,
2023,Rev6,6,W070,PX-7500,CH-C,EXT-04,Extreme Edge,0.96,114.5,38.67,41.16,34.7,1794.6,True,True,True,False,2,5.47,
2024,Rev6,6,W070,PX-7500,CH-C,EXT-05,Extreme Edge,0.96,147.3,39.61,39.46,37.37,1764.6,True,True,True,False,2,5.13,
2025,Rev6,6,W070,PX-7500,CH-C,EXT-06,Extreme Edge,0.96,180.0,40.66,40.55,31.93,1739.9,False,True,False,True,1,2.0,
2026,Rev6,6,W070,PX-7500,CH-C,EXT-07,Extreme Edge,0.96,212.7,39.02,39.81,37.25,1754.5,True,True,True,True,1,4.63,
2027,Rev6,6,W070,PX-7500,CH-C,EXT-08,Extreme Edge,0.96,245.5,40.26,39.6,33.57,1786.1,True,True,False,False,0,0.0,
2028,Rev6,6,W070,PX-7500,CH-C,EXT-09,Extreme Edge,0.96,278.2,38.57,41.12,32.32,1729.8,True,True,False,True,0,0.0,
2029,Rev6,6,W070,PX-7500,CH-C,EXT-10,Extreme Edge,0.96,310.9,39.24,39.65,36.75,1732.1,True,True,True,True,0,0.0,
2030,Rev6,6,W070,PX-7500,CH-C,EXT-11,Extreme Edge,0.96,343.6,39.66,40.51,33.62,1675.9,True,True,False,True,2,8.89,
2031,Rev1,1,W071,AE-3200,CH-B,C1,Center,0.0,0.0,39.61,41.07,38.59,1670.6,True,True,True,True,0,0.0,
2032,Rev1,1,W071,AE-3200,CH-B,MID-01,Mid,0.52,30.0,40.22,41.24,38.46,1715.7,True,True,True,True,0,0.0,
2033,Rev1,1,W071,AE-3200,CH-B,MID-02,Mid,0.52,90.0,40.17,40.6,39.35,1634.9,True,True,True,True,0,0.0,
2034,Rev1,1,W071,AE-3200,CH-B,MID-03,Mid,0.52,150.0,40.59,39.46,37.67,1744.1,False,True,True,True,1,5.49,
2035,Rev1,1,W071,AE-3200,CH-B,MID-04,Mid,0.52,210.0,39.73,41.39,38.78,1716.9,True,True,True,True,0,0.0,
2036,Rev1,1,W071,AE-3200,CH-B,MID-05,Mid,0.52,270.0,41.37,40.73,37.55,1613.1,False,True,True,True,0,0.0,
2037,Rev1,1,W071,AE-3200,CH-B,MID-06,Mid,0.52,330.0,40.14,42.49,36.5,1645.4,True,False,True,True,0,0.0,
2038,Rev1,1,W071,AE-3200,CH-B,EDG-01,Edge,0.84,0.0,41.64,40.84,40.23,1711.2,False,True,True,True,0,0.0,
2039,Rev1,1,W071,AE-3200,CH-B,EDG-02,Edge,0.84,32.7,41.59,40.99,39.28,1692.4,False,True,True,True,0,0.0,
2040,Rev1,1,W071,AE-3200,CH-B,EDG-03,Edge,0.84,65.5,41.41,40.86,39.88,1748.9,False,True,True,True,1,3.8,
2041,Rev1,1,W071,AE-3200,CH-B,EDG-04,Edge,0.84,98.2,40.73,43.23,37.81,1692.3,False,False,True,True,1,3.14,polymer_residue
2042,Rev1,1,W071,AE-3200,CH-B,EDG-05,Edge,0.84,130.9,42.15,42.46,39.92,1657.3,False,False,True,True,0,0.0,
2043,Rev1,1,W071,AE-3200,CH-B,EDG-06,Edge,0.84,163.6,40.45,41.07,38.82,1745.8,False,True,True,True,0,0.0,
2044,Rev1,1,W071,AE-3200,CH-B,EDG-07,Edge,0.84,196.4,41.06,41.01,39.02,1759.2,False,True,True,True,0,0.0,
2045,Rev1,1,W071,AE-3200,CH-B,EDG-08,Edge,0.84,229.1,41.59,41.01,36.84,1756.1,False,True,True,True,0,0.0,
2046,Rev1,1,W071,AE-3200,CH-B,EDG-09,Edge,0.84,261.8,41.98,42.08,37.85,1783.2,False,False,True,False,0,0.0,
2047,Rev1,1,W071,AE-3200,CH-B,EDG-10,Edge,0.84,294.5,40.9,41.06,39.15,1838.6,False,True,True,False,0,0.0,
2048,Rev1,1,W071,AE-3200,CH-B,EDG-11,Edge,0.84,327.3,41.59,42.05,40.36,1740.6,False,False,True,True,1,5.9,
2049,Rev1,1,W071,AE-3200,CH-B,EXT-01,Extreme Edge,0.96,16.4,41.83,41.95,38.16,1736.4,False,True,True,True,0,0.0,
2050,Rev1,1,W071,AE-3200,CH-B,EXT-02,Extreme Edge,0.96,49.1,41.64,41.99,39.4,1659.1,False,True,True,True,1,4.7,polymer_residue
2051,Rev1,1,W071,AE-3200,CH-B,EXT-03,Extreme Edge,0.96,81.8,42.05,42.05,38.96,1744.1,False,False,True,True,1,2.1,
2052,Rev1,1,W071,AE-3200,CH-B,EXT-04,Extreme Edge,0.96,114.5,41.13,40.91,39.49,1726.1,False,True,True,True,2,3.74,polymer_residue
2053,Rev1,1,W071,AE-3200,CH-B,EXT-05,Extreme Edge,0.96,147.3,42.42,42.53,41.96,1711.1,False,False,False,True,2,6.36,
2054,Rev1,1,W071,AE-3200,CH-B,EXT-06,Extreme Edge,0.96,180.0,42.76,41.41,40.06,1805.4,False,True,True,False,1,3.36,
2055,Rev1,1,W071,AE-3200,CH-B,EXT-07,Extreme Edge,0.96,212.7,41.42,41.49,37.46,1656.2,False,True,True,True,0,0.0,
2056,Rev1,1,W071,AE-3200,CH-B,EXT-08,Extreme Edge,0.96,245.5,40.7,40.63,36.56,1715.6,False,True,True,True,1,4.04,arc_event
2057,Rev1,1,W071,AE-3200,CH-B,EXT-09,Extreme Edge,0.96,278.2,42.15,42.38,37.58,1716.8,False,False,True,True,0,0.0,
2058,Rev1,1,W071,AE-3200,CH-B,EXT-10,Extreme Edge,0.96,310.9,42.9,38.91,37.64,1788.7,False,True,True,False,2,5.02,pressure_spike
2059,Rev1,1,W071,AE-3200,CH-B,EXT-11,Extreme Edge,0.96,343.6,42.27,42.78,41.78,1786.9,False,False,False,False,0,0.0,
2060,Rev8,8,W072,AE-3200,CH-A,C1,Center,0.0,0.0,36.97,38.81,34.58,1648.3,True,True,True,True,0,0.0,
2061,Rev8,8,W072,AE-3200,CH-A,MID-01,Mid,0.52,30.0,36.17,40.09,36.39,1769.7,False,True,True,False,0,0.0,
2062,Rev8,8,W072,AE-3200,CH-A,MID-02,Mid,0.52,90.0,37.89,40.3,38.91,1770.9,True,True,True,False,0,0.0,
2063,Rev8,8,W072,AE-3200,CH-A,MID-03,Mid,0.52,150.0,37.73,39.25,34.57,1702.6,True,True,True,True,0,0.0,
2064,Rev8,8,W072,AE-3200,CH-A,MID-04,Mid,0.52,210.0,37.77,39.91,38.85,1795.6,True,True,True,False,0,0.0,
2065,Rev8,8,W072,AE-3200,CH-A,MID-05,Mid,0.52,270.0,37.35,37.75,37.21,1754.3,True,False,True,True,0,0.0,
2066,Rev8,8,W072,AE-3200,CH-A,MID-06,Mid,0.52,330.0,36.99,38.97,33.27,1759.1,True,True,False,True,1,2.18,pressure_spike
2067,Rev8,8,W072,AE-3200,CH-A,EDG-01,Edge,0.84,0.0,38.23,41.46,35.09,1763.2,True,True,True,False,1,3.02,
2068,Rev8,8,W072,AE-3200,CH-A,EDG-02,Edge,0.84,32.7,38.44,37.15,37.5,1776.4,True,False,True,False,1,2.26,arc_event
2069,Rev8,8,W072,AE-3200,CH-A,EDG-03,Edge,0.84,65.5,38.43,40.15,37.75,1828.2,True,True,True,False,1,2.67,
2070,Rev8,8,W072,AE-3200,CH-A,EDG-04,Edge,0.84,98.2,38.62,41.41,35.92,1775.6,True,True,True,False,1,3.38,polymer_residue
2071,Rev8,8,W072,AE-3200,CH-A,EDG-05,Edge,0.84,130.9,39.05,40.74,35.86,1814.6,True,True,True,False,2,5.41,
2072,Rev8,8,W072,AE-3200,CH-A,EDG-06,Edge,0.84,163.6,38.68,40.66,36.14,1869.4,True,True,True,False,0,0.0,
2073,Rev8,8,W072,AE-3200,CH-A,EDG-07,Edge,0.84,196.4,38.76,41.06,38.18,1838.6,True,True,True,False,0,0.0,
2074,Rev8,8,W072,AE-3200,CH-A,EDG-08,Edge,0.84,229.1,38.58,38.56,34.48,1733.2,True,True,True,True,0,0.0,
2075,Rev8,8,W072,AE-3200,CH-A,EDG-09,Edge,0.84,261.8,37.9,41.7,36.04,1858.3,True,True,True,False,0,0.0,
2076,Rev8,8,W072,AE-3200,CH-A,EDG-10,Edge,0.84,294.5,38.11,40.26,36.7,1860.8,True,True,True,False,0,0.0,
2077,Rev8,8,W072,AE-3200,CH-A,EDG-11,Edge,0.84,327.3,38.34,40.25,36.53,1742.7,True,True,True,True,0,0.0,
2078,Rev8,8,W072,AE-3200,CH-A,EXT-01,Extreme Edge,0.96,16.4,38.34,40.36,36.13,1854.9,True,True,True,False,0,0.0,
2079,Rev8,8,W072,AE-3200,CH-A,EXT-02,Extreme Edge,0.96,49.1,38.02,41.12,38.99,1761.0,True,True,True,False,0,0.0,
2080,Rev8,8,W072,AE-3200,CH-A,EXT-03,Extreme Edge,0.96,81.8,39.04,41.58,38.59,1685.4,True,True,True,True,1,3.55,pressure_spike
2081,Rev8,8,W072,AE-3200,CH-A,EXT-04,Extreme Edge,0.96,114.5,39.66,39.66,37.06,1808.4,True,True,True,False,0,0.0,
2082,Rev8,8,W072,AE-3200,CH-A,EXT-05,Extreme Edge,0.96,147.3,39.79,41.37,38.75,1833.5,True,True,True,False,2,11.67,
2083,Rev8,8,W072,AE-3200,CH-A,EXT-06,Extreme Edge,0.96,180.0,38.23,40.24,38.54,1817.6,True,True,True,False,2,7.61,polymer_residue
2084,Rev8,8,W072,AE-3200,CH-A,EXT-07,Extreme Edge,0.96,212.7,36.41,41.79,38.2,1788.6,False,True,True,False,0,0.0,
2085,Rev8,8,W072,AE-3200,CH-A,EXT-08,Extreme Edge,0.96,245.5,39.42,40.65,39.61,1767.1,True,True,True,False,1,3.96,
2086,Rev8,8,W072,AE-3200,CH-A,EXT-09,Extreme Edge,0.96,278.2,39.66,40.46,36.09,1861.0,True,True,True,False,0,0.0,
2087,Rev8,8,W072,AE-3200,CH-A,EXT-10,Extreme Edge,0.96,310.9,38.57,41.53,38.6,1791.0,True,True,True,False,0,0.0,
2088,Rev8,8,W072,AE-3200,CH-A,EXT-11,Extreme Edge,0.96,343.6,39.59,38.41,41.09,1793.1,True,True,False,False,2,10.84,
2089,Rev7,7,W073,PX-7500,CH-D,C1,Center,0.0,0.0,36.3,37.88,35.42,1554.3,False,True,True,False,0,0.0,
2090,Rev7,7,W073,PX-7500,CH-D,MID-01,Mid,0.52,30.0,37.94,38.61,37.34,1633.1,True,True,True,True,0,0.0,
2091,Rev7,7,W073,PX-7500,CH-D,MID-02,Mid,0.52,90.0,37.64,39.01,40.73,1668.8,True,True,False,True,0,0.0,
2092,Rev7,7,W073,PX-7500,CH-D,MID-03,Mid,0.52,150.0,37.49,38.6,38.31,1638.8,True,True,True,True,0,0.0,
2093,Rev7,7,W073,PX-7500,CH-D,MID-04,Mid,0.52,210.0,36.61,38.79,32.66,1737.8,True,True,False,True,1,5.76,arc_event
2094,Rev7,7,W073,PX-7500,CH-D,MID-05,Mid,0.52,270.0,36.89,39.27,37.22,1627.8,True,True,True,True,0,0.0,
2095,Rev7,7,W073,PX-7500,CH-D,MID-06,Mid,0.52,330.0,38.02,40.23,37.32,1771.8,True,True,True,False,1,6.16,polymer_residue
2096,Rev7,7,W073,PX-7500,CH-D,EDG-01,Edge,0.84,0.0,38.6,39.47,38.22,1621.4,True,True,True,True,0,0.0,
2097,Rev7,7,W073,PX-7500,CH-D,EDG-02,Edge,0.84,32.7,38.46,40.12,38.39,1817.0,True,True,True,False,0,0.0,
2098,Rev7,7,W073,PX-7500,CH-D,EDG-03,Edge,0.84,65.5,38.16,39.68,38.79,1691.3,True,True,True,True,0,0.0,
2099,Rev7,7,W073,PX-7500,CH-D,EDG-04,Edge,0.84,98.2,37.76,40.63,38.31,1642.7,True,True,True,True,0,0.0,
2100,Rev7,7,W073,PX-7500,CH-D,EDG-05,Edge,0.84,130.9,38.76,39.21,35.39,1679.6,True,True,True,True,0,0.0,
2101,Rev7,7,W073,PX-7500,CH-D,EDG-06,Edge,0.84,163.6,39.12,40.0,38.17,1674.6,True,True,True,True,0,0.0,
2102,Rev7,7,W073,PX-7500,CH-D,EDG-07,Edge,0.84,196.4,38.13,41.37,35.67,1668.9,True,True,True,True,1,5.22,polymer_residue
2103,Rev7,7,W073,PX-7500,CH-D,EDG-08,Edge,0.84,229.1,38.27,38.91,37.83,1699.5,True,True,True,True,0,0.0,
2104,Rev7,7,W073,PX-7500,CH-D,EDG-09,Edge,0.84,261.8,39.16,40.71,37.94,1725.8,True,True,True,True,0,0.0,
2105,Rev7,7,W073,PX-7500,CH-D,EDG-10,Edge,0.84,294.5,38.15,40.16,35.93,1640.9,True,True,True,True,1,4.26,polymer_residue
2106,Rev7,7,W073,PX-7500,CH-D,EDG-11,Edge,0.84,327.3,37.97,39.29,36.31,1623.5,True,True,True,True,0,0.0,
2107,Rev7,7,W073,PX-7500,CH-D,EXT-01,Extreme Edge,0.96,16.4,39.03,40.08,37.38,1719.6,True,True,True,True,1,5.54,esc_temp_drift
2108,Rev7,7,W073,PX-7500,CH-D,EXT-02,Extreme Edge,0.96,49.1,39.79,40.67,37.17,1645.8,True,True,True,True,1,4.51,polymer_residue
2109,Rev7,7,W073,PX-7500,CH-D,EXT-03,Extreme Edge,0.96,81.8,38.41,40.66,34.09,1719.2,True,True,False,True,0,0.0,
2110,Rev7,7,W073,PX-7500,CH-D,EXT-04,Extreme Edge,0.96,114.5,40.26,42.05,39.0,1686.6,True,False,True,True,0,0.0,
2111,Rev7,7,W073,PX-7500,CH-D,EXT-05,Extreme Edge,0.96,147.3,39.68,38.82,36.7,1702.3,True,True,True,True,2,12.96,polymer_residue
2112,Rev7,7,W073,PX-7500,CH-D,EXT-06,Extreme Edge,0.96,180.0,39.65,40.42,38.99,1701.1,True,True,True,True,1,4.08,
2113,Rev7,7,W073,PX-7500,CH-D,EXT-07,Extreme Edge,0.96,212.7,39.54,40.09,37.86,1745.7,True,True,True,True,1,4.16,
2114,Rev7,7,W073,PX-7500,CH-D,EXT-08,Extreme Edge,0.96,245.5,39.33,38.84,38.34,1689.0,True,True,True,True,2,8.54,polymer_residue
2115,Rev7,7,W073,PX-7500,CH-D,EXT-09,Extreme Edge,0.96,278.2,38.39,40.2,39.13,1736.3,True,True,True,True,0,0.0,
2116,Rev7,7,W073,PX-7500,CH-D,EXT-10,Extreme Edge,0.96,310.9,37.72,40.0,37.01,1691.3,True,True,True,True,0,0.0,
2117,Rev7,7,W073,PX-7500,CH-D,EXT-11,Extreme Edge,0.96,343.6,39.36,39.74,38.61,1683.1,True,True,True,True,0,0.0,
2118,Rev11,11,W074,PX-7500,CH-D,C1,Center,0.0,0.0,38.98,39.91,36.46,1728.6,True,True,True,True,0,0.0,
2119,Rev11,11,W074,PX-7500,CH-D,MID-01,Mid,0.52,30.0,38.06,41.27,37.82,1685.2,True,True,True,True,0,0.0,
2120,Rev11,11,W074,PX-7500,CH-D,MID-02,Mid,0.52,90.0,39.64,41.74,37.98,1756.7,True,True,True,True,0,0.0,
2121,Rev11,11,W074,PX-7500,CH-D,MID-03,Mid,0.52,150.0,38.81,39.92,38.1,1739.6,True,True,True,True,0,0.0,
2122,Rev11,11,W074,PX-7500,CH-D,MID-04,Mid,0.52,210.0,39.5,39.74,38.97,1788.2,True,True,True,False,0,0.0,
2123,Rev11,11,W074,PX-7500,CH-D,MID-05,Mid,0.52,270.0,37.94,40.8,36.93,1778.0,True,True,True,False,0,0.0,
2124,Rev11,11,W074,PX-7500,CH-D,MID-06,Mid,0.52,330.0,39.51,39.04,37.82,1721.2,True,True,True,True,0,0.0,
2125,Rev11,11,W074,PX-7500,CH-D,EDG-01,Edge,0.84,0.0,40.74,41.07,36.2,1661.7,False,True,True,True,0,0.0,
2126,Rev11,11,W074,PX-7500,CH-D,EDG-02,Edge,0.84,32.7,39.48,40.16,37.9,1675.0,True,True,True,True,0,0.0,
2127,Rev11,11,W074,PX-7500,CH-D,EDG-03,Edge,0.84,65.5,40.9,41.26,37.6,1725.6,False,True,True,True,1,6.26,
2128,Rev11,11,W074,PX-7500,CH-D,EDG-04,Edge,0.84,98.2,39.53,40.67,38.81,1810.2,True,True,True,False,2,11.12,polymer_residue
2129,Rev11,11,W074,PX-7500,CH-D,EDG-05,Edge,0.84,130.9,40.01,41.04,40.32,1795.1,True,True,True,False,0,0.0,
2130,Rev11,11,W074,PX-7500,CH-D,EDG-06,Edge,0.84,163.6,39.31,39.78,37.49,1816.9,True,True,True,False,0,0.0,
2131,Rev11,11,W074,PX-7500,CH-D,EDG-07,Edge,0.84,196.4,40.31,41.15,36.15,1816.9,True,True,True,False,1,1.94,polymer_residue
2132,Rev11,11,W074,PX-7500,CH-D,EDG-08,Edge,0.84,229.1,40.65,41.92,38.26,1759.8,False,True,True,True,0,0.0,
2133,Rev11,11,W074,PX-7500,CH-D,EDG-09,Edge,0.84,261.8,38.47,40.88,36.93,1673.1,True,True,True,True,1,3.8,arc_event
2134,Rev11,11,W074,PX-7500,CH-D,EDG-10,Edge,0.84,294.5,39.55,40.03,38.81,1824.5,True,True,True,False,0,0.0,
2135,Rev11,11,W074,PX-7500,CH-D,EDG-11,Edge,0.84,327.3,40.17,40.94,37.26,1678.4,True,True,True,True,0,0.0,
2136,Rev11,11,W074,PX-7500,CH-D,EXT-01,Extreme Edge,0.96,16.4,40.04,41.47,37.04,1738.5,True,True,True,True,2,6.93,
2137,Rev11,11,W074,PX-7500,CH-D,EXT-02,Extreme Edge,0.96,49.1,40.58,42.27,36.21,1693.1,False,False,True,True,0,0.0,
2138,Rev11,11,W074,PX-7500,CH-D,EXT-03,Extreme Edge,0.96,81.8,40.78,42.08,37.2,1745.5,False,False,True,True,1,2.46,
2139,Rev11,11,W074,PX-7500,CH-D,EXT-04,Extreme Edge,0.96,114.5,40.54,41.34,36.16,1769.3,False,True,True,False,0,0.0,
2140,Rev11,11,W074,PX-7500,CH-D,EXT-05,Extreme Edge,0.96,147.3,40.21,40.65,36.33,1687.0,True,True,True,True,1,3.18,
2141,Rev11,11,W074,PX-7500,CH-D,EXT-06,Extreme Edge,0.96,180.0,41.27,41.5,36.29,1778.2,False,True,True,False,0,0.0,
2142,Rev11,11,W074,PX-7500,CH-D,EXT-07,Extreme Edge,0.96,212.7,40.52,40.63,36.73,1867.1,False,True,True,False,0,0.0,
2143,Rev11,11,W074,PX-7500,CH-D,EXT-08,Extreme Edge,0.96,245.5,41.1,42.22,37.59,1774.8,False,False,True,False,1,3.43,polymer_residue
2144,Rev11,11,W074,PX-7500,CH-D,EXT-09,Extreme Edge,0.96,278.2,40.93,40.97,39.67,1676.0,False,True,True,True,0,0.0,
2145,Rev11,11,W074,PX-7500,CH-D,EXT-10,Extreme Edge,0.96,310.9,40.68,41.41,38.34,1824.0,False,True,True,False,1,3.32,polymer_residue
2146,Rev11,11,W074,PX-7500,CH-D,EXT-11,Extreme Edge,0.96,343.6,41.1,40.98,38.59,1750.5,False,True,True,True,0,0.0,
2147,Rev11,11,W075,PX-7500,CH-D,C1,Center,0.0,0.0,38.53,38.35,36.28,1734.6,True,True,True,True,0,0.0,
2148,Rev11,11,W075,PX-7500,CH-D,MID-01,Mid,0.52,30.0,39.72,38.76,36.32,1793.5,True,True,True,False,0,0.0,
2149,Rev11,11,W075,PX-7500,CH-D,MID-02,Mid,0.52,90.0,38.08,40.27,39.01,1767.5,True,True,True,False,0,0.0,
2150,Rev11,11,W075,PX-7500,CH-D,MID-03,Mid,0.52,150.0,39.13,39.13,36.07,1739.9,True,True,True,True,0,0.0,
2151,Rev11,11,W075,PX-7500,CH-D,MID-04,Mid,0.52,210.0,40.11,40.48,40.94,1715.0,True,True,False,True,1,2.4,
2152,Rev11,11,W075,PX-7500,CH-D,MID-05,Mid,0.52,270.0,38.03,39.23,39.92,1783.1,True,True,True,False,0,0.0,
2153,Rev11,11,W075,PX-7500,CH-D,MID-06,Mid,0.52,330.0,39.13,39.75,42.11,1742.8,True,True,False,True,0,0.0,
2154,Rev11,11,W075,PX-7500,CH-D,EDG-01,Edge,0.84,0.0,40.25,40.27,35.8,1778.9,True,True,True,False,1,4.82,polymer_residue
2155,Rev11,11,W075,PX-7500,CH-D,EDG-02,Edge,0.84,32.7,39.35,41.02,35.52,1787.5,True,True,True,False,2,11.11,
2156,Rev11,11,W075,PX-7500,CH-D,EDG-03,Edge,0.84,65.5,41.0,40.12,35.99,1762.8,False,True,True,False,2,7.37,polymer_residue
2157,Rev11,11,W075,PX-7500,CH-D,EDG-04,Edge,0.84,98.2,38.78,40.74,40.08,1673.5,True,True,True,True,0,0.0,
2158,Rev11,11,W075,PX-7500,CH-D,EDG-05,Edge,0.84,130.9,40.36,38.13,40.47,1815.3,True,True,False,False,1,3.84,
2159,Rev11,11,W075,PX-7500,CH-D,EDG-06,Edge,0.84,163.6,40.06,40.36,38.75,1763.9,True,True,True,False,0,0.0,
2160,Rev11,11,W075,PX-7500,CH-D,EDG-07,Edge,0.84,196.4,40.51,40.59,36.67,1768.8,False,True,True,False,0,0.0,
2161,Rev11,11,W075,PX-7500,CH-D,EDG-08,Edge,0.84,229.1,39.47,40.86,35.84,1777.4,True,True,True,False,0,0.0,
2162,Rev11,11,W075,PX-7500,CH-D,EDG-09,Edge,0.84,261.8,38.28,40.14,35.9,1778.3,True,True,True,False,1,2.46,endpoint_late
2163,Rev11,11,W075,PX-7500,CH-D,EDG-10,Edge,0.84,294.5,38.56,39.53,37.26,1731.0,True,True,True,True,0,0.0,
2164,Rev11,11,W075,PX-7500,CH-D,EDG-11,Edge,0.84,327.3,41.13,39.86,37.68,1836.2,False,True,True,False,1,2.93,
2165,Rev11,11,W075,PX-7500,CH-D,EXT-01,Extreme Edge,0.96,16.4,39.73,40.1,42.27,1760.6,True,True,False,False,1,2.78,esc_temp_drift
2166,Rev11,11,W075,PX-7500,CH-D,EXT-02,Extreme Edge,0.96,49.1,40.37,40.61,37.56,1816.8,True,True,True,False,0,0.0,
2167,Rev11,11,W075,PX-7500,CH-D,EXT-03,Extreme Edge,0.96,81.8,41.04,41.18,35.43,1773.6,False,True,True,False,1,4.86,
2168,Rev11,11,W075,PX-7500,CH-D,EXT-04,Extreme Edge,0.96,114.5,39.81,42.24,38.65,1727.1,True,False,True,True,0,0.0,
2169,Rev11,11,W075,PX-7500,CH-D,EXT-05,Extreme Edge,0.96,147.3,40.83,40.66,37.66,1777.3,False,True,True,False,0,0.0,
2170,Rev11,11,W075,PX-7500,CH-D,EXT-06,Extreme Edge,0.96,180.0,40.25,41.85,37.07,1700.8,True,True,True,True,1,2.5,polymer_residue
2171,Rev11,11,W075,PX-7500,CH-D,EXT-07,Extreme Edge,0.96,212.7,39.5,41.35,39.15,1808.3,True,True,True,False,2,9.57,polymer_residue
2172,Rev11,11,W075,PX-7500,CH-D,EXT-08,Extreme Edge,0.96,245.5,40.13,40.99,38.17,1821.2,True,True,True,False,0,0.0,
2173,Rev11,11,W075,PX-7500,CH-D,EXT-09,Extreme Edge,0.96,278.2,39.36,41.13,37.32,1810.9,True,True,True,False,1,2.25,
2174,Rev11,11,W075,PX-7500,CH-D,EXT-10,Extreme Edge,0.96,310.9,41.77,41.44,37.14,1723.4,False,True,True,True,0,0.0,
2175,Rev11,11,W075,PX-7500,CH-D,EXT-11,Extreme Edge,0.96,343.6,40.91,39.56,38.68,1815.2,False,True,True,False,1,4.41,polymer_residue
2176,Base,0,W076,AE-3200,CH-A,C1,Center,0.0,0.0,39.23,38.97,36.24,1598.8,True,True,True,True,0,0.0,
2177,Base,0,W076,AE-3200,CH-A,MID-01,Mid,0.52,30.0,39.75,39.69,36.1,1641.9,True,True,True,True,0,0.0,
2178,Base,0,W076,AE-3200,CH-A,MID-02,Mid,0.52,90.0,41.04,40.58,36.34,1595.3,False,True,True,True,0,0.0,
2179,Base,0,W076,AE-3200,CH-A,MID-03,Mid,0.52,150.0,40.42,38.92,36.64,1556.8,False,True,True,False,0,0.0,
2180,Base,0,W076,AE-3200,CH-A,MID-04,Mid,0.52,210.0,40.75,40.07,34.3,1583.7,False,True,True,True,0,0.0,
2181,Base,0,W076,AE-3200,CH-A,MID-05,Mid,0.52,270.0,39.07,40.68,35.28,1548.8,True,True,True,False,0,0.0,
2182,Base,0,W076,AE-3200,CH-A,MID-06,Mid,0.52,330.0,40.53,40.84,34.13,1567.7,False,True,False,False,0,0.0,
2183,Base,0,W076,AE-3200,CH-A,EDG-01,Edge,0.84,0.0,40.91,39.86,38.8,1572.3,False,True,True,False,1,4.32,
2184,Base,0,W076,AE-3200,CH-A,EDG-02,Edge,0.84,32.7,41.82,40.3,36.7,1683.1,False,True,True,True,1,4.4,
2185,Base,0,W076,AE-3200,CH-A,EDG-03,Edge,0.84,65.5,41.9,40.96,38.31,1594.5,False,True,True,True,0,0.0,
2186,Base,0,W076,AE-3200,CH-A,EDG-04,Edge,0.84,98.2,41.0,42.22,37.62,1556.5,False,False,True,False,1,3.89,polymer_residue
2187,Base,0,W076,AE-3200,CH-A,EDG-05,Edge,0.84,130.9,40.36,41.72,38.31,1592.7,True,True,True,True,1,3.98,
2188,Base,0,W076,AE-3200,CH-A,EDG-06,Edge,0.84,163.6,41.89,42.75,37.12,1607.5,False,False,True,True,0,0.0,
2189,Base,0,W076,AE-3200,CH-A,EDG-07,Edge,0.84,196.4,41.13,41.06,39.87,1592.6,False,True,True,True,0,0.0,
2190,Base,0,W076,AE-3200,CH-A,EDG-08,Edge,0.84,229.1,41.4,40.01,38.01,1668.1,False,True,True,True,1,2.9,
2191,Base,0,W076,AE-3200,CH-A,EDG-09,Edge,0.84,261.8,41.24,40.81,39.44,1576.6,False,True,True,False,0,0.0,
2192,Base,0,W076,AE-3200,CH-A,EDG-10,Edge,0.84,294.5,41.23,41.71,38.87,1564.6,False,True,True,False,1,3.17,polymer_residue
2193,Base,0,W076,AE-3200,CH-A,EDG-11,Edge,0.84,327.3,41.63,41.08,40.33,1634.5,False,True,True,True,0,0.0,
2194,Base,0,W076,AE-3200,CH-A,EXT-01,Extreme Edge,0.96,16.4,41.21,40.28,39.31,1551.2,False,True,True,False,1,2.11,
2195,Base,0,W076,AE-3200,CH-A,EXT-02,Extreme Edge,0.96,49.1,42.51,40.41,37.39,1670.3,False,True,True,True,2,8.45,
2196,Base,0,W076,AE-3200,CH-A,EXT-03,Extreme Edge,0.96,81.8,41.98,40.99,40.2,1742.8,False,True,True,True,0,0.0,
2197,Base,0,W076,AE-3200,CH-A,EXT-04,Extreme Edge,0.96,114.5,41.96,40.86,39.44,1564.2,False,True,True,False,2,5.3,
2198,Base,0,W076,AE-3200,CH-A,EXT-05,Extreme Edge,0.96,147.3,42.81,40.5,39.71,1608.3,False,True,True,True,2,11.67,
2199,Base,0,W076,AE-3200,CH-A,EXT-06,Extreme Edge,0.96,180.0,41.47,40.51,39.89,1655.7,False,True,True,True,0,0.0,
2200,Base,0,W076,AE-3200,CH-A,EXT-07,Extreme Edge,0.96,212.7,42.22,41.3,39.05,1644.3,False,True,True,True,1,2.05,
2201,Base,0,W076,AE-3200,CH-A,EXT-08,Extreme Edge,0.96,245.5,42.28,41.87,38.34,1627.5,False,True,True,True,0,0.0,
2202,Base,0,W076,AE-3200,CH-A,EXT-09,Extreme Edge,0.96,278.2,42.31,40.85,40.62,1638.0,False,True,False,True,1,6.17,polymer_residue
2203,Base,0,W076,AE-3200,CH-A,EXT-10,Extreme Edge,0.96,310.9,41.86,41.01,37.36,1594.2,False,True,True,True,0,0.0,
2204,Base,0,W076,AE-3200,CH-A,EXT-11,Extreme Edge,0.96,343.6,43.91,41.19,40.21,1618.6,False,True,True,True,0,0.0,
2205,Base,0,W077,AE-3200,CH-A,C1,Center,0.0,0.0,39.69,39.06,37.68,1642.7,True,True,True,True,0,0.0,
2206,Base,0,W077,AE-3200,CH-A,MID-01,Mid,0.52,30.0,39.61,40.84,37.73,1598.5,True,True,True,True,0,0.0,
2207,Base,0,W077,AE-3200,CH-A,MID-02,Mid,0.52,90.0,40.72,41.47,33.2,1593.6,False,True,False,True,1,6.33,polymer_residue
2208,Base,0,W077,AE-3200,CH-A,MID-03,Mid,0.52,150.0,41.16,41.87,36.22,1602.8,False,True,True,True,0,0.0,
2209,Base,0,W077,AE-3200,CH-A,MID-04,Mid,0.52,210.0,39.55,41.3,34.46,1597.5,True,True,True,True,0,0.0,
2210,Base,0,W077,AE-3200,CH-A,MID-05,Mid,0.52,270.0,41.55,40.27,36.72,1570.5,False,True,True,False,0,0.0,
2211,Base,0,W077,AE-3200,CH-A,MID-06,Mid,0.52,330.0,39.63,41.25,36.33,1653.1,True,True,True,True,0,0.0,
2212,Base,0,W077,AE-3200,CH-A,EDG-01,Edge,0.84,0.0,40.4,41.54,38.22,1565.3,True,True,True,False,0,0.0,
2213,Base,0,W077,AE-3200,CH-A,EDG-02,Edge,0.84,32.7,42.26,42.01,35.1,1595.1,False,False,True,True,2,11.87,polymer_residue
2214,Base,0,W077,AE-3200,CH-A,EDG-03,Edge,0.84,65.5,41.67,40.58,37.84,1666.5,False,True,True,True,1,5.49,arc_event
2215,Base,0,W077,AE-3200,CH-A,EDG-04,Edge,0.84,98.2,42.58,41.44,40.82,1721.4,False,True,False,True,1,6.35,
2216,Base,0,W077,AE-3200,CH-A,EDG-05,Edge,0.84,130.9,42.98,40.54,35.69,1672.0,False,True,True,True,0,0.0,
2217,Base,0,W077,AE-3200,CH-A,EDG-06,Edge,0.84,163.6,40.81,41.94,37.72,1626.7,False,True,True,True,0,0.0,
2218,Base,0,W077,AE-3200,CH-A,EDG-07,Edge,0.84,196.4,41.19,41.03,39.84,1639.6,False,True,True,True,0,0.0,
2219,Base,0,W077,AE-3200,CH-A,EDG-08,Edge,0.84,229.1,41.41,42.58,34.75,1684.1,False,False,True,True,1,5.48,polymer_residue
2220,Base,0,W077,AE-3200,CH-A,EDG-09,Edge,0.84,261.8,40.83,41.71,37.59,1646.0,False,True,True,True,0,0.0,
2221,Base,0,W077,AE-3200,CH-A,EDG-10,Edge,0.84,294.5,42.05,40.8,39.73,1611.2,False,True,True,True,0,0.0,
2222,Base,0,W077,AE-3200,CH-A,EDG-11,Edge,0.84,327.3,41.33,41.41,37.73,1670.1,False,True,True,True,0,0.0,
2223,Base,0,W077,AE-3200,CH-A,EXT-01,Extreme Edge,0.96,16.4,40.51,41.07,38.63,1610.5,False,True,True,True,0,0.0,
2224,Base,0,W077,AE-3200,CH-A,EXT-02,Extreme Edge,0.96,49.1,41.35,42.19,37.55,1658.8,False,False,True,True,1,3.22,
2225,Base,0,W077,AE-3200,CH-A,EXT-03,Extreme Edge,0.96,81.8,41.66,41.42,38.62,1635.8,False,True,True,True,1,3.71,
2226,Base,0,W077,AE-3200,CH-A,EXT-04,Extreme Edge,0.96,114.5,41.96,40.58,39.91,1768.5,False,True,True,False,0,0.0,
2227,Base,0,W077,AE-3200,CH-A,EXT-05,Extreme Edge,0.96,147.3,42.27,39.37,37.15,1642.9,False,True,True,True,2,6.52,endpoint_late
2228,Base,0,W077,AE-3200,CH-A,EXT-06,Extreme Edge,0.96,180.0,41.53,42.22,38.58,1599.9,False,False,True,True,0,0.0,
2229,Base,0,W077,AE-3200,CH-A,EXT-07,Extreme Edge,0.96,212.7,42.1,41.35,38.66,1596.0,False,True,True,True,0,0.0,
2230,Base,0,W077,AE-3200,CH-A,EXT-08,Extreme Edge,0.96,245.5,41.82,43.14,38.42,1703.3,False,False,True,True,0,0.0,
2231,Base,0,W077,AE-3200,CH-A,EXT-09,Extreme Edge,0.96,278.2,42.01,40.9,36.07,1597.4,False,True,True,True,1,4.6,polymer_residue
2232,Base,0,W077,AE-3200,CH-A,EXT-10,Extreme Edge,0.96,310.9,41.8,43.71,37.3,1700.6,False,False,True,True,1,2.56,
2233,Base,0,W077,AE-3200,CH-A,EXT-11,Extreme Edge,0.96,343.6,42.77,41.84,40.64,1654.1,False,True,False,True,1,4.29,
2234,Rev3,3,W078,PX-7500,CH-D,C1,Center,0.0,0.0,38.87,41.52,37.9,1695.9,True,True,True,True,0,0.0,
2235,Rev3,3,W078,PX-7500,CH-D,MID-01,Mid,0.52,30.0,41.17,42.62,35.26,1599.4,False,False,True,True,2,9.57,
2236,Rev3,3,W078,PX-7500,CH-D,MID-02,Mid,0.52,90.0,40.01,39.89,35.85,1581.4,True,True,True,True,1,3.36,polymer_residue
2237,Rev3,3,W078,PX-7500,CH-D,MID-03,Mid,0.52,150.0,40.67,41.29,37.62,1612.5,False,True,True,True,0,0.0,
2238,Rev3,3,W078,PX-7500,CH-D,MID-04,Mid,0.52,210.0,40.88,41.89,36.3,1600.2,False,True,True,True,0,0.0,
2239,Rev3,3,W078,PX-7500,CH-D,MID-05,Mid,0.52,270.0,40.99,41.6,36.54,1638.0,False,True,True,True,1,6.27,polymer_residue
2240,Rev3,3,W078,PX-7500,CH-D,MID-06,Mid,0.52,330.0,40.12,40.81,36.49,1585.3,True,True,True,True,0,0.0,
2241,Rev3,3,W078,PX-7500,CH-D,EDG-01,Edge,0.84,0.0,41.37,41.14,35.91,1638.9,False,True,True,True,1,3.91,
2242,Rev3,3,W078,PX-7500,CH-D,EDG-02,Edge,0.84,32.7,41.7,41.09,36.56,1635.6,False,True,True,True,2,6.83,
2243,Rev3,3,W078,PX-7500,CH-D,EDG-03,Edge,0.84,65.5,40.58,41.16,36.55,1638.3,False,True,True,True,0,0.0,
2244,Rev3,3,W078,PX-7500,CH-D,EDG-04,Edge,0.84,98.2,41.94,43.14,37.48,1606.1,False,False,True,True,0,0.0,
2245,Rev3,3,W078,PX-7500,CH-D,EDG-05,Edge,0.84,130.9,41.21,42.15,34.34,1585.9,False,False,True,True,0,0.0,
2246,Rev3,3,W078,PX-7500,CH-D,EDG-06,Edge,0.84,163.6,41.42,41.18,34.85,1756.2,False,True,True,True,1,3.14,polymer_residue
2247,Rev3,3,W078,PX-7500,CH-D,EDG-07,Edge,0.84,196.4,42.08,43.01,35.11,1799.3,False,False,True,False,1,3.38,
2248,Rev3,3,W078,PX-7500,CH-D,EDG-08,Edge,0.84,229.1,42.07,42.0,35.83,1691.4,False,True,True,True,0,0.0,
2249,Rev3,3,W078,PX-7500,CH-D,EDG-09,Edge,0.84,261.8,43.24,42.28,35.91,1711.5,False,False,True,True,0,0.0,
2250,Rev3,3,W078,PX-7500,CH-D,EDG-10,Edge,0.84,294.5,42.28,42.56,34.85,1671.2,False,False,True,True,0,0.0,
2251,Rev3,3,W078,PX-7500,CH-D,EDG-11,Edge,0.84,327.3,40.52,42.51,39.4,1657.2,False,False,True,True,1,5.17,
2252,Rev3,3,W078,PX-7500,CH-D,EXT-01,Extreme Edge,0.96,16.4,42.08,43.36,34.7,1671.7,False,False,True,True,1,5.08,pressure_spike
2253,Rev3,3,W078,PX-7500,CH-D,EXT-02,Extreme Edge,0.96,49.1,42.6,42.77,36.02,1685.8,False,False,True,True,0,0.0,
2254,Rev3,3,W078,PX-7500,CH-D,EXT-03,Extreme Edge,0.96,81.8,42.6,41.48,37.46,1702.5,False,True,True,True,3,7.24,
2255,Rev3,3,W078,PX-7500,CH-D,EXT-04,Extreme Edge,0.96,114.5,42.34,41.41,35.16,1684.7,False,True,True,True,0,0.0,
2256,Rev3,3,W078,PX-7500,CH-D,EXT-05,Extreme Edge,0.96,147.3,42.16,43.89,34.98,1672.6,False,False,True,True,0,0.0,
2257,Rev3,3,W078,PX-7500,CH-D,EXT-06,Extreme Edge,0.96,180.0,41.75,41.36,38.04,1713.1,False,True,True,True,1,2.53,polymer_residue
2258,Rev3,3,W078,PX-7500,CH-D,EXT-07,Extreme Edge,0.96,212.7,42.18,41.78,37.71,1623.5,False,True,True,True,1,2.41,pressure_spike
2259,Rev3,3,W078,PX-7500,CH-D,EXT-08,Extreme Edge,0.96,245.5,42.1,41.25,37.15,1622.5,False,True,True,True,0,0.0,
2260,Rev3,3,W078,PX-7500,CH-D,EXT-09,Extreme Edge,0.96,278.2,42.5,42.99,35.97,1702.1,False,False,True,True,2,7.29,
2261,Rev3,3,W078,PX-7500,CH-D,EXT-10,Extreme Edge,0.96,310.9,42.43,43.38,40.21,1603.5,False,False,True,True,0,0.0,
2262,Rev3,3,W078,PX-7500,CH-D,EXT-11,Extreme Edge,0.96,343.6,42.15,42.83,37.76,1684.4,False,False,True,True,0,0.0,
2263,Rev3,3,W079,PX-7500,CH-D,C1,Center,0.0,0.0,39.61,40.01,41.61,1583.0,True,True,False,True,1,2.03,endpoint_late
2264,Rev3,3,W079,PX-7500,CH-D,MID-01,Mid,0.52,30.0,40.47,39.52,40.01,1629.3,False,True,True,True,2,4.34,
2265,Rev3,3,W079,PX-7500,CH-D,MID-02,Mid,0.52,90.0,39.39,40.7,39.64,1653.0,True,True,True,True,0,0.0,
2266,Rev3,3,W079,PX-7500,CH-D,MID-03,Mid,0.52,150.0,38.9,39.62,40.0,1649.2,True,True,True,True,0,0.0,
2267,Rev3,3,W079,PX-7500,CH-D,MID-04,Mid,0.52,210.0,40.15,41.45,39.67,1575.9,True,True,True,False,0,0.0,
2268,Rev3,3,W079,PX-7500,CH-D,MID-05,Mid,0.52,270.0,39.81,41.24,40.17,1680.6,True,True,True,True,1,5.26,
2269,Rev3,3,W079,PX-7500,CH-D,MID-06,Mid,0.52,330.0,39.8,41.24,37.71,1672.8,True,True,True,True,0,0.0,
2270,Rev3,3,W079,PX-7500,CH-D,EDG-01,Edge,0.84,0.0,41.79,42.07,39.03,1676.6,False,False,True,True,0,0.0,
2271,Rev3,3,W079,PX-7500,CH-D,EDG-02,Edge,0.84,32.7,40.67,42.75,39.44,1578.3,False,False,True,False,1,3.77,pressure_spike
2272,Rev3,3,W079,PX-7500,CH-D,EDG-03,Edge,0.84,65.5,41.66,41.31,40.94,1647.0,False,True,False,True,1,5.59,polymer_residue
2273,Rev3,3,W079,PX-7500,CH-D,EDG-04,Edge,0.84,98.2,42.22,40.79,38.72,1697.3,False,True,True,True,1,1.98,polymer_residue
2274,Rev3,3,W079,PX-7500,CH-D,EDG-05,Edge,0.84,130.9,41.39,43.24,39.16,1701.7,False,False,True,True,0,0.0,
2275,Rev3,3,W079,PX-7500,CH-D,EDG-06,Edge,0.84,163.6,41.32,40.53,38.51,1623.8,False,True,True,True,0,0.0,
2276,Rev3,3,W079,PX-7500,CH-D,EDG-07,Edge,0.84,196.4,41.88,41.52,37.78,1628.6,False,True,True,True,0,0.0,
2277,Rev3,3,W079,PX-7500,CH-D,EDG-08,Edge,0.84,229.1,40.92,41.81,38.84,1691.4,False,True,True,True,0,0.0,
2278,Rev3,3,W079,PX-7500,CH-D,EDG-09,Edge,0.84,261.8,40.57,41.96,39.56,1688.3,False,True,True,True,0,0.0,
2279,Rev3,3,W079,PX-7500,CH-D,EDG-10,Edge,0.84,294.5,41.35,41.76,41.02,1667.3,False,True,False,True,3,17.28,polymer_residue
2280,Rev3,3,W079,PX-7500,CH-D,EDG-11,Edge,0.84,327.3,41.58,42.41,39.43,1632.3,False,False,True,True,0,0.0,
2281,Rev3,3,W079,PX-7500,CH-D,EXT-01,Extreme Edge,0.96,16.4,41.14,41.92,37.78,1633.4,False,True,True,True,0,0.0,
2282,Rev3,3,W079,PX-7500,CH-D,EXT-02,Extreme Edge,0.96,49.1,41.1,42.68,40.48,1800.8,False,False,False,False,1,5.43,
2283,Rev3,3,W079,PX-7500,CH-D,EXT-03,Extreme Edge,0.96,81.8,41.51,42.52,38.41,1632.6,False,False,True,True,0,0.0,
2284,Rev3,3,W079,PX-7500,CH-D,EXT-04,Extreme Edge,0.96,114.5,41.36,41.53,45.04,1698.7,False,True,False,True,1,2.84,
2285,Rev3,3,W079,PX-7500,CH-D,EXT-05,Extreme Edge,0.96,147.3,41.3,41.99,41.53,1749.2,False,True,False,True,0,0.0,
2286,Rev3,3,W079,PX-7500,CH-D,EXT-06,Extreme Edge,0.96,180.0,40.92,42.44,40.01,1685.8,False,False,True,True,2,10.8,polymer_residue
2287,Rev3,3,W079,PX-7500,CH-D,EXT-07,Extreme Edge,0.96,212.7,41.74,43.46,40.61,1709.3,False,False,False,True,2,3.93,polymer_residue
2288,Rev3,3,W079,PX-7500,CH-D,EXT-08,Extreme Edge,0.96,245.5,41.87,42.72,41.35,1741.5,False,False,False,True,0,0.0,
2289,Rev3,3,W079,PX-7500,CH-D,EXT-09,Extreme Edge,0.96,278.2,41.28,42.15,38.31,1692.8,False,False,True,True,0,0.0,
2290,Rev3,3,W079,PX-7500,CH-D,EXT-10,Extreme Edge,0.96,310.9,41.06,41.99,39.69,1682.6,False,True,True,True,1,3.59,esc_temp_drift
2291,Rev3,3,W079,PX-7500,CH-D,EXT-11,Extreme Edge,0.96,343.6,42.11,42.49,40.87,1683.9,False,False,False,True,1,4.39,arc_event
2292,Rev6,6,W080,PX-7500,CH-C,C1,Center,0.0,0.0,38.42,37.69,35.7,1677.3,True,False,True,True,0,0.0,
2293,Rev6,6,W080,PX-7500,CH-C,MID-01,Mid,0.52,30.0,38.74,37.41,34.93,1680.1,True,False,True,True,0,0.0,
2294,Rev6,6,W080,PX-7500,CH-C,MID-02,Mid,0.52,90.0,37.63,39.13,33.65,1656.5,True,True,False,True,2,10.36,
2295,Rev6,6,W080,PX-7500,CH-C,MID-03,Mid,0.52,150.0,37.26,39.02,34.47,1692.7,True,True,True,True,0,0.0,
2296,Rev6,6,W080,PX-7500,CH-C,MID-04,Mid,0.52,210.0,37.28,39.07,36.61,1613.5,True,True,True,True,0,0.0,
2297,Rev6,6,W080,PX-7500,CH-C,MID-05,Mid,0.52,270.0,38.22,40.01,35.79,1754.6,True,True,True,True,0,0.0,
2298,Rev6,6,W080,PX-7500,CH-C,MID-06,Mid,0.52,330.0,37.68,39.5,32.38,1644.7,True,True,False,True,0,0.0,
2299,Rev6,6,W080,PX-7500,CH-C,EDG-01,Edge,0.84,0.0,39.22,39.42,36.36,1731.4,True,True,True,True,0,0.0,
2300,Rev6,6,W080,PX-7500,CH-C,EDG-02,Edge,0.84,32.7,38.77,38.58,36.76,1670.1,True,True,True,True,0,0.0,
2301,Rev6,6,W080,PX-7500,CH-C,EDG-03,Edge,0.84,65.5,39.08,38.19,36.96,1674.1,True,True,True,True,0,0.0,
2302,Rev6,6,W080,PX-7500,CH-C,EDG-04,Edge,0.84,98.2,38.7,39.15,34.4,1673.4,True,True,True,True,1,4.78,
2303,Rev6,6,W080,PX-7500,CH-C,EDG-05,Edge,0.84,130.9,39.9,39.37,35.57,1772.6,True,True,True,False,0,0.0,
2304,Rev6,6,W080,PX-7500,CH-C,EDG-06,Edge,0.84,163.6,38.84,38.62,35.29,1761.0,True,True,True,False,1,2.1,arc_event
2305,Rev6,6,W080,PX-7500,CH-C,EDG-07,Edge,0.84,196.4,39.45,40.08,36.12,1674.3,True,True,True,True,2,8.75,
2306,Rev6,6,W080,PX-7500,CH-C,EDG-08,Edge,0.84,229.1,38.69,39.89,36.51,1671.4,True,True,True,True,1,6.32,endpoint_late
2307,Rev6,6,W080,PX-7500,CH-C,EDG-09,Edge,0.84,261.8,39.29,38.18,37.12,1647.1,True,True,True,True,0,0.0,
2308,Rev6,6,W080,PX-7500,CH-C,EDG-10,Edge,0.84,294.5,39.16,38.12,34.67,1694.2,True,True,True,True,0,0.0,
2309,Rev6,6,W080,PX-7500,CH-C,EDG-11,Edge,0.84,327.3,40.21,39.59,34.66,1676.3,True,True,True,True,0,0.0,
2310,Rev6,6,W080,PX-7500,CH-C,EXT-01,Extreme Edge,0.96,16.4,39.93,39.0,34.37,1715.2,True,True,True,True,0,0.0,
2311,Rev6,6,W080,PX-7500,CH-C,EXT-02,Extreme Edge,0.96,49.1,39.17,40.82,35.79,1703.6,True,True,True,True,0,0.0,
2312,Rev6,6,W080,PX-7500,CH-C,EXT-03,Extreme Edge,0.96,81.8,40.74,39.0,36.54,1718.8,False,True,True,True,0,0.0,
2313,Rev6,6,W080,PX-7500,CH-C,EXT-04,Extreme Edge,0.96,114.5,39.71,39.28,36.69,1774.2,True,True,True,False,1,6.4,polymer_residue
2314,Rev6,6,W080,PX-7500,CH-C,EXT-05,Extreme Edge,0.96,147.3,40.28,39.27,36.89,1743.7,True,True,True,True,1,2.92,
2315,Rev6,6,W080,PX-7500,CH-C,EXT-06,Extreme Edge,0.96,180.0,40.07,39.78,35.36,1703.9,True,True,True,True,0,0.0,
2316,Rev6,6,W080,PX-7500,CH-C,EXT-07,Extreme Edge,0.96,212.7,39.9,40.59,35.21,1713.9,True,True,True,True,1,4.34,polymer_residue
2317,Rev6,6,W080,PX-7500,CH-C,EXT-08,Extreme Edge,0.96,245.5,39.88,40.03,34.24,1684.5,True,True,True,True,2,12.0,polymer_residue
2318,Rev6,6,W080,PX-7500,CH-C,EXT-09,Extreme Edge,0.96,278.2,40.35,41.42,36.98,1642.7,True,True,True,True,0,0.0,
2319,Rev6,6,W080,PX-7500,CH-C,EXT-10,Extreme Edge,0.96,310.9,39.11,39.09,33.16,1726.2,True,True,False,True,2,8.47,polymer_residue
2320,Rev6,6,W080,PX-7500,CH-C,EXT-11,Extreme Edge,0.96,343.6,38.86,38.33,35.91,1678.0,True,True,True,True,1,4.22,
2321,Rev4,4,W081,AE-3200,CH-A,C1,Center,0.0,0.0,39.19,39.25,39.5,1627.9,True,True,True,True,0,0.0,
2322,Rev4,4,W081,AE-3200,CH-A,MID-01,Mid,0.52,30.0,39.37,40.19,38.96,1698.7,True,True,True,True,0,0.0,
2323,Rev4,4,W081,AE-3200,CH-A,MID-02,Mid,0.52,90.0,39.13,39.97,39.6,1686.0,True,True,True,True,0,0.0,
2324,Rev4,4,W081,AE-3200,CH-A,MID-03,Mid,0.52,150.0,38.91,40.67,36.09,1699.7,True,True,True,True,0,0.0,
2325,Rev4,4,W081,AE-3200,CH-A,MID-04,Mid,0.52,210.0,39.04,40.92,37.41,1708.6,True,True,True,True,0,0.0,
2326,Rev4,4,W081,AE-3200,CH-A,MID-05,Mid,0.52,270.0,40.1,39.88,37.81,1718.8,True,True,True,True,0,0.0,
2327,Rev4,4,W081,AE-3200,CH-A,MID-06,Mid,0.52,330.0,38.7,41.14,40.13,1722.3,True,True,True,True,0,0.0,
2328,Rev4,4,W081,AE-3200,CH-A,EDG-01,Edge,0.84,0.0,40.06,41.32,39.54,1657.3,True,True,True,True,0,0.0,
2329,Rev4,4,W081,AE-3200,CH-A,EDG-02,Edge,0.84,32.7,40.24,40.26,39.74,1768.4,True,True,True,False,0,0.0,
2330,Rev4,4,W081,AE-3200,CH-A,EDG-03,Edge,0.84,65.5,40.44,39.87,38.58,1775.4,False,True,True,False,0,0.0,
2331,Rev4,4,W081,AE-3200,CH-A,EDG-04,Edge,0.84,98.2,39.23,40.24,37.24,1727.1,True,True,True,True,1,3.37,polymer_residue
2332,Rev4,4,W081,AE-3200,CH-A,EDG-05,Edge,0.84,130.9,40.5,40.28,39.8,1745.5,False,True,True,True,1,2.7,
2333,Rev4,4,W081,AE-3200,CH-A,EDG-06,Edge,0.84,163.6,39.97,40.69,35.48,1757.1,True,True,True,True,1,3.04,
2334,Rev4,4,W081,AE-3200,CH-A,EDG-07,Edge,0.84,196.4,39.52,41.04,37.98,1662.6,True,True,True,True,0,0.0,
2335,Rev4,4,W081,AE-3200,CH-A,EDG-08,Edge,0.84,229.1,39.43,41.13,38.57,1727.7,True,True,True,True,0,0.0,
2336,Rev4,4,W081,AE-3200,CH-A,EDG-09,Edge,0.84,261.8,40.68,40.78,38.86,1712.2,False,True,True,True,0,0.0,
2337,Rev4,4,W081,AE-3200,CH-A,EDG-10,Edge,0.84,294.5,39.98,42.32,38.1,1647.4,True,False,True,True,0,0.0,
2338,Rev4,4,W081,AE-3200,CH-A,EDG-11,Edge,0.84,327.3,39.86,40.79,37.56,1695.0,True,True,True,True,0,0.0,
2339,Rev4,4,W081,AE-3200,CH-A,EXT-01,Extreme Edge,0.96,16.4,40.84,41.61,38.6,1737.0,False,True,True,True,0,0.0,
2340,Rev4,4,W081,AE-3200,CH-A,EXT-02,Extreme Edge,0.96,49.1,41.96,42.73,38.92,1776.9,False,False,True,False,1,2.96,
2341,Rev4,4,W081,AE-3200,CH-A,EXT-03,Extreme Edge,0.96,81.8,40.16,40.63,38.53,1640.8,True,True,True,True,0,0.0,
2342,Rev4,4,W081,AE-3200,CH-A,EXT-04,Extreme Edge,0.96,114.5,40.33,42.95,40.19,1638.1,True,False,True,True,0,0.0,
2343,Rev4,4,W081,AE-3200,CH-A,EXT-05,Extreme Edge,0.96,147.3,41.63,42.24,37.66,1705.1,False,False,True,True,0,0.0,
2344,Rev4,4,W081,AE-3200,CH-A,EXT-06,Extreme Edge,0.96,180.0,41.55,41.56,40.02,1705.2,False,True,True,True,1,3.5,polymer_residue
2345,Rev4,4,W081,AE-3200,CH-A,EXT-07,Extreme Edge,0.96,212.7,40.74,41.91,40.8,1666.3,False,True,False,True,0,0.0,
2346,Rev4,4,W081,AE-3200,CH-A,EXT-08,Extreme Edge,0.96,245.5,40.86,41.98,39.33,1789.5,False,True,True,False,1,2.48,pressure_spike
2347,Rev4,4,W081,AE-3200,CH-A,EXT-09,Extreme Edge,0.96,278.2,41.24,41.98,39.25,1805.9,False,True,True,False,0,0.0,
2348,Rev4,4,W081,AE-3200,CH-A,EXT-10,Extreme Edge,0.96,310.9,41.19,41.3,37.85,1702.2,False,True,True,True,1,2.79,
2349,Rev4,4,W081,AE-3200,CH-A,EXT-11,Extreme Edge,0.96,343.6,40.55,40.26,39.58,1631.6,False,True,True,True,0,0.0,
2350,Rev9,9,W082,AE-3200,CH-B,C1,Center,0.0,0.0,37.51,40.3,35.16,1827.6,True,True,True,False,0,0.0,
2351,Rev9,9,W082,AE-3200,CH-B,MID-01,Mid,0.52,30.0,36.82,40.75,39.2,1855.2,True,True,True,False,0,0.0,
2352,Rev9,9,W082,AE-3200,CH-B,MID-02,Mid,0.52,90.0,38.81,39.2,37.61,1794.9,True,True,True,False,1,6.16,polymer_residue
2353,Rev9,9,W082,AE-3200,CH-B,MID-03,Mid,0.52,150.0,38.05,40.11,38.75,1711.2,True,True,True,True,0,0.0,
2354,Rev9,9,W082,AE-3200,CH-B,MID-04,Mid,0.52,210.0,38.64,40.39,37.01,1828.3,True,True,True,False,1,5.1,polymer_residue
2355,Rev9,9,W082,AE-3200,CH-B,MID-05,Mid,0.52,270.0,37.01,41.39,38.29,1766.0,True,True,True,False,0,0.0,
2356,Rev9,9,W082,AE-3200,CH-B,MID-06,Mid,0.52,330.0,36.47,41.23,40.43,1683.0,False,True,False,True,0,0.0,
2357,Rev9,9,W082,AE-3200,CH-B,EDG-01,Edge,0.84,0.0,38.56,40.97,37.23,1769.2,True,True,True,False,0,0.0,
2358,Rev9,9,W082,AE-3200,CH-B,EDG-02,Edge,0.84,32.7,38.89,40.68,37.21,1696.3,True,True,True,True,0,0.0,
2359,Rev9,9,W082,AE-3200,CH-B,EDG-03,Edge,0.84,65.5,39.13,41.86,38.44,1782.3,True,True,True,False,1,2.13,esc_temp_drift
2360,Rev9,9,W082,AE-3200,CH-B,EDG-04,Edge,0.84,98.2,38.24,41.74,39.97,1783.2,True,True,True,False,2,8.38,polymer_residue
2361,Rev9,9,W082,AE-3200,CH-B,EDG-05,Edge,0.84,130.9,38.54,41.63,37.29,1803.0,True,True,True,False,0,0.0,
2362,Rev9,9,W082,AE-3200,CH-B,EDG-06,Edge,0.84,163.6,38.1,41.01,36.55,1832.8,True,True,True,False,1,1.89,polymer_residue
2363,Rev9,9,W082,AE-3200,CH-B,EDG-07,Edge,0.84,196.4,38.16,41.01,38.28,1800.4,True,True,True,False,0,0.0,
2364,Rev9,9,W082,AE-3200,CH-B,EDG-08,Edge,0.84,229.1,37.31,40.78,36.85,1839.7,True,True,True,False,0,0.0,
2365,Rev9,9,W082,AE-3200,CH-B,EDG-09,Edge,0.84,261.8,39.01,41.6,35.6,1870.2,True,True,True,False,0,0.0,
2366,Rev9,9,W082,AE-3200,CH-B,EDG-10,Edge,0.84,294.5,38.81,41.6,37.61,1782.5,True,True,True,False,0,0.0,
2367,Rev9,9,W082,AE-3200,CH-B,EDG-11,Edge,0.84,327.3,39.15,42.04,39.72,1809.4,True,False,True,False,1,5.61,
2368,Rev9,9,W082,AE-3200,CH-B,EXT-01,Extreme Edge,0.96,16.4,39.66,41.48,39.32,1772.4,True,True,True,False,0,0.0,
2369,Rev9,9,W082,AE-3200,CH-B,EXT-02,Extreme Edge,0.96,49.1,38.87,41.86,37.26,1813.3,True,True,True,False,1,2.18,
2370,Rev9,9,W082,AE-3200,CH-B,EXT-03,Extreme Edge,0.96,81.8,40.22,42.54,38.02,1854.6,True,False,True,False,2,8.47,
2371,Rev9,9,W082,AE-3200,CH-B,EXT-04,Extreme Edge,0.96,114.5,39.35,41.77,41.35,1808.3,True,True,False,False,5,17.22,
2372,Rev9,9,W082,AE-3200,CH-B,EXT-05,Extreme Edge,0.96,147.3,39.66,40.82,38.72,1872.5,True,True,True,False,0,0.0,
2373,Rev9,9,W082,AE-3200,CH-B,EXT-06,Extreme Edge,0.96,180.0,39.67,42.71,38.71,1832.6,True,False,True,False,0,0.0,
2374,Rev9,9,W082,AE-3200,CH-B,EXT-07,Extreme Edge,0.96,212.7,38.6,43.11,39.93,1783.6,True,False,True,False,0,0.0,
2375,Rev9,9,W082,AE-3200,CH-B,EXT-08,Extreme Edge,0.96,245.5,39.0,41.74,41.22,1799.8,True,True,False,False,0,0.0,
2376,Rev9,9,W082,AE-3200,CH-B,EXT-09,Extreme Edge,0.96,278.2,39.1,41.53,37.97,1849.3,True,True,True,False,2,4.48,
2377,Rev9,9,W082,AE-3200,CH-B,EXT-10,Extreme Edge,0.96,310.9,39.04,40.95,40.6,1917.2,True,True,False,False,1,3.97,pressure_spike
2378,Rev9,9,W082,AE-3200,CH-B,EXT-11,Extreme Edge,0.96,343.6,39.21,41.23,40.74,1898.3,True,True,False,False,1,6.28,
2379,Rev9,9,W083,AE-3200,CH-B,C1,Center,0.0,0.0,37.75,40.22,39.02,1813.4,True,True,True,False,0,0.0,
2380,Rev9,9,W083,AE-3200,CH-B,MID-01,Mid,0.52,30.0,38.78,40.37,36.33,1786.4,True,True,True,False,0,0.0,
2381,Rev9,9,W083,AE-3200,CH-B,MID-02,Mid,0.52,90.0,37.88,40.68,37.54,1875.5,True,True,True,False,0,0.0,
2382,Rev9,9,W083,AE-3200,CH-B,MID-03,Mid,0.52,150.0,38.72,40.5,38.59,1853.4,True,True,True,False,0,0.0,
2383,Rev9,9,W083,AE-3200,CH-B,MID-04,Mid,0.52,210.0,37.94,40.43,36.75,1843.0,True,True,True,False,0,0.0,
2384,Rev9,9,W083,AE-3200,CH-B,MID-05,Mid,0.52,270.0,37.78,41.31,40.69,1833.9,True,True,False,False,1,3.45,
2385,Rev9,9,W083,AE-3200,CH-B,MID-06,Mid,0.52,330.0,37.04,39.92,39.48,1735.8,True,True,True,True,0,0.0,
2386,Rev9,9,W083,AE-3200,CH-B,EDG-01,Edge,0.84,0.0,39.21,41.31,38.14,1881.8,True,True,True,False,1,2.98,
2387,Rev9,9,W083,AE-3200,CH-B,EDG-02,Edge,0.84,32.7,39.47,40.99,38.96,1803.1,True,True,True,False,0,0.0,
2388,Rev9,9,W083,AE-3200,CH-B,EDG-03,Edge,0.84,65.5,39.54,41.73,36.71,1843.8,True,True,True,False,0,0.0,
2389,Rev9,9,W083,AE-3200,CH-B,EDG-04,Edge,0.84,98.2,38.68,40.29,39.4,1818.9,True,True,True,False,0,0.0,
2390,Rev9,9,W083,AE-3200,CH-B,EDG-05,Edge,0.84,130.9,39.24,40.89,38.98,1811.7,True,True,True,False,1,3.41,polymer_residue
2391,Rev9,9,W083,AE-3200,CH-B,EDG-06,Edge,0.84,163.6,38.42,42.23,39.76,1897.6,True,False,True,False,0,0.0,
2392,Rev9,9,W083,AE-3200,CH-B,EDG-07,Edge,0.84,196.4,39.14,39.82,38.17,1825.4,True,True,True,False,1,3.52,
2393,Rev9,9,W083,AE-3200,CH-B,EDG-08,Edge,0.84,229.1,38.73,41.26,38.24,1852.7,True,True,True,False,1,3.92,pressure_spike
2394,Rev9,9,W083,AE-3200,CH-B,EDG-09,Edge,0.84,261.8,38.47,41.46,38.42,1788.6,True,True,True,False,0,0.0,
2395,Rev9,9,W083,AE-3200,CH-B,EDG-10,Edge,0.84,294.5,39.24,42.09,38.75,1865.3,True,False,True,False,1,5.5,
2396,Rev9,9,W083,AE-3200,CH-B,EDG-11,Edge,0.84,327.3,38.8,40.62,36.82,1845.3,True,True,True,False,0,0.0,
2397,Rev9,9,W083,AE-3200,CH-B,EXT-01,Extreme Edge,0.96,16.4,39.17,40.08,36.32,1897.2,True,True,True,False,0,0.0,
2398,Rev9,9,W083,AE-3200,CH-B,EXT-02,Extreme Edge,0.96,49.1,40.23,42.26,38.21,1900.4,True,False,True,False,1,1.91,endpoint_late
2399,Rev9,9,W083,AE-3200,CH-B,EXT-03,Extreme Edge,0.96,81.8,39.01,41.88,39.33,1926.9,True,True,True,False,2,5.66,
2400,Rev9,9,W083,AE-3200,CH-B,EXT-04,Extreme Edge,0.96,114.5,38.19,40.66,39.46,1808.4,True,True,True,False,0,0.0,
2401,Rev9,9,W083,AE-3200,CH-B,EXT-05,Extreme Edge,0.96,147.3,40.46,41.59,37.92,1816.0,False,True,True,False,1,5.33,pressure_spike
2402,Rev9,9,W083,AE-3200,CH-B,EXT-06,Extreme Edge,0.96,180.0,39.11,42.97,38.86,1822.7,True,False,True,False,0,0.0,
2403,Rev9,9,W083,AE-3200,CH-B,EXT-07,Extreme Edge,0.96,212.7,40.16,41.49,42.31,1828.1,True,True,False,False,0,0.0,
2404,Rev9,9,W083,AE-3200,CH-B,EXT-08,Extreme Edge,0.96,245.5,40.32,41.72,38.55,1824.2,True,True,True,False,1,4.19,
2405,Rev9,9,W083,AE-3200,CH-B,EXT-09,Extreme Edge,0.96,278.2,39.45,40.28,38.59,1878.3,True,True,True,False,0,0.0,
2406,Rev9,9,W083,AE-3200,CH-B,EXT-10,Extreme Edge,0.96,310.9,39.24,42.02,39.55,1845.3,True,False,True,False,1,1.84,polymer_residue
2407,Rev9,9,W083,AE-3200,CH-B,EXT-11,Extreme Edge,0.96,343.6,39.72,40.77,38.58,1816.3,True,True,True,False,2,5.46,pressure_spike
2408,Rev7,7,W084,PX-7500,CH-D,C1,Center,0.0,0.0,37.84,40.2,34.97,1629.6,True,True,True,True,0,0.0,
2409,Rev7,7,W084,PX-7500,CH-D,MID-01,Mid,0.52,30.0,38.28,40.82,37.36,1675.6,True,True,True,True,0,0.0,
2410,Rev7,7,W084,PX-7500,CH-D,MID-02,Mid,0.52,90.0,39.07,40.1,38.45,1664.2,True,True,True,True,0,0.0,
2411,Rev7,7,W084,PX-7500,CH-D,MID-03,Mid,0.52,150.0,37.9,39.27,35.47,1588.8,True,True,True,True,0,0.0,
2412,Rev7,7,W084,PX-7500,CH-D,MID-04,Mid,0.52,210.0,38.32,38.95,35.8,1606.5,True,True,True,True,0,0.0,
2413,Rev7,7,W084,PX-7500,CH-D,MID-05,Mid,0.52,270.0,38.44,40.25,38.76,1685.7,True,True,True,True,1,4.39,
2414,Rev7,7,W084,PX-7500,CH-D,MID-06,Mid,0.52,330.0,38.41,39.81,36.44,1710.8,True,True,True,True,1,4.03,
2415,Rev7,7,W084,PX-7500,CH-D,EDG-01,Edge,0.84,0.0,39.84,41.62,37.42,1615.5,True,True,True,True,1,2.67,pressure_spike
2416,Rev7,7,W084,PX-7500,CH-D,EDG-02,Edge,0.84,32.7,39.44,40.1,38.63,1720.1,True,True,True,True,1,3.94,
2417,Rev7,7,W084,PX-7500,CH-D,EDG-03,Edge,0.84,65.5,39.16,40.43,37.83,1704.3,True,True,True,True,0,0.0,
2418,Rev7,7,W084,PX-7500,CH-D,EDG-04,Edge,0.84,98.2,38.55,39.51,38.03,1669.5,True,True,True,True,0,0.0,
2419,Rev7,7,W084,PX-7500,CH-D,EDG-05,Edge,0.84,130.9,38.89,41.0,39.19,1644.1,True,True,True,True,0,0.0,
2420,Rev7,7,W084,PX-7500,CH-D,EDG-06,Edge,0.84,163.6,38.94,40.32,38.35,1666.2,True,True,True,True,1,4.73,
2421,Rev7,7,W084,PX-7500,CH-D,EDG-07,Edge,0.84,196.4,38.99,38.74,37.25,1644.7,True,True,True,True,1,6.23,polymer_residue
2422,Rev7,7,W084,PX-7500,CH-D,EDG-08,Edge,0.84,229.1,39.33,39.47,34.84,1799.0,True,True,True,False,0,0.0,
2423,Rev7,7,W084,PX-7500,CH-D,EDG-09,Edge,0.84,261.8,38.4,40.73,40.02,1610.2,True,True,True,True,0,0.0,
2424,Rev7,7,W084,PX-7500,CH-D,EDG-10,Edge,0.84,294.5,39.59,40.45,37.99,1650.9,True,True,True,True,0,0.0,
2425,Rev7,7,W084,PX-7500,CH-D,EDG-11,Edge,0.84,327.3,38.48,40.82,36.65,1640.6,True,True,True,True,1,2.0,endpoint_late
2426,Rev7,7,W084,PX-7500,CH-D,EXT-01,Extreme Edge,0.96,16.4,41.19,39.53,36.71,1705.5,False,True,True,True,1,2.62,polymer_residue
2427,Rev7,7,W084,PX-7500,CH-D,EXT-02,Extreme Edge,0.96,49.1,40.14,39.48,37.83,1721.5,True,True,True,True,0,0.0,
2428,Rev7,7,W084,PX-7500,CH-D,EXT-03,Extreme Edge,0.96,81.8,40.93,39.69,35.29,1751.3,False,True,True,True,0,0.0,
2429,Rev7,7,W084,PX-7500,CH-D,EXT-04,Extreme Edge,0.96,114.5,39.51,40.57,37.37,1859.5,True,True,True,False,3,14.48,
2430,Rev7,7,W084,PX-7500,CH-D,EXT-05,Extreme Edge,0.96,147.3,40.53,40.8,40.12,1752.5,False,True,True,True,2,3.7,polymer_residue
2431,Rev7,7,W084,PX-7500,CH-D,EXT-06,Extreme Edge,0.96,180.0,40.0,40.69,35.32,1692.7,True,True,True,True,0,0.0,
2432,Rev7,7,W084,PX-7500,CH-D,EXT-07,Extreme Edge,0.96,212.7,39.84,42.77,36.42,1690.2,True,False,True,True,1,6.33,endpoint_late
2433,Rev7,7,W084,PX-7500,CH-D,EXT-08,Extreme Edge,0.96,245.5,39.92,40.81,36.42,1779.7,True,True,True,False,0,0.0,
2434,Rev7,7,W084,PX-7500,CH-D,EXT-09,Extreme Edge,0.96,278.2,39.62,40.75,37.92,1751.2,True,True,True,True,0,0.0,
2435,Rev7,7,W084,PX-7500,CH-D,EXT-10,Extreme Edge,0.96,310.9,39.5,41.1,35.44,1814.9,True,True,True,False,2,6.1,
2436,Rev7,7,W084,PX-7500,CH-D,EXT-11,Extreme Edge,0.96,343.6,40.57,42.43,38.66,1697.3,False,False,True,True,2,7.43,polymer_residue
2437,Rev4,4,W085,AE-3200,CH-A,C1,Center,0.0,0.0,39.46,40.92,36.82,1700.6,True,True,True,True,0,0.0,
2438,Rev4,4,W085,AE-3200,CH-A,MID-01,Mid,0.52,30.0,39.16,41.7,35.71,1603.7,True,True,True,True,0,0.0,
2439,Rev4,4,W085,AE-3200,CH-A,MID-02,Mid,0.52,90.0,40.09,41.28,38.2,1658.2,True,True,True,True,0,0.0,
2440,Rev4,4,W085,AE-3200,CH-A,MID-03,Mid,0.52,150.0,40.53,41.96,38.31,1679.4,False,True,True,True,1,4.1,polymer_residue
2441,Rev4,4,W085,AE-3200,CH-A,MID-04,Mid,0.52,210.0,40.43,40.48,39.99,1690.3,False,True,True,True,0,0.0,
2442,Rev4,4,W085,AE-3200,CH-A,MID-05,Mid,0.52,270.0,40.81,40.35,36.55,1637.4,False,True,True,True,0,0.0,
2443,Rev4,4,W085,AE-3200,CH-A,MID-06,Mid,0.52,330.0,40.5,40.88,37.87,1693.2,False,True,True,True,0,0.0,
2444,Rev4,4,W085,AE-3200,CH-A,EDG-01,Edge,0.84,0.0,41.17,41.8,38.72,1591.1,False,True,True,True,0,0.0,
2445,Rev4,4,W085,AE-3200,CH-A,EDG-02,Edge,0.84,32.7,40.83,41.59,39.52,1674.9,False,True,True,True,0,0.0,
2446,Rev4,4,W085,AE-3200,CH-A,EDG-03,Edge,0.84,65.5,40.6,41.74,38.04,1770.2,False,True,True,False,0,0.0,
2447,Rev4,4,W085,AE-3200,CH-A,EDG-04,Edge,0.84,98.2,40.27,41.72,39.19,1743.0,True,True,True,True,2,11.09,
2448,Rev4,4,W085,AE-3200,CH-A,EDG-05,Edge,0.84,130.9,41.04,42.98,37.35,1762.2,False,False,True,False,1,3.55,polymer_residue
2449,Rev4,4,W085,AE-3200,CH-A,EDG-06,Edge,0.84,163.6,40.11,41.25,40.12,1623.9,True,True,True,True,1,6.09,
2450,Rev4,4,W085,AE-3200,CH-A,EDG-07,Edge,0.84,196.4,40.89,42.81,40.37,1717.6,False,False,True,True,2,9.15,arc_event
2451,Rev4,4,W085,AE-3200,CH-A,EDG-08,Edge,0.84,229.1,40.69,41.8,40.9,1740.0,False,True,False,True,1,3.83,endpoint_late
2452,Rev4,4,W085,AE-3200,CH-A,EDG-09,Edge,0.84,261.8,40.99,41.04,37.41,1713.6,False,True,True,True,0,0.0,
2453,Rev4,4,W085,AE-3200,CH-A,EDG-10,Edge,0.84,294.5,39.28,41.09,36.55,1740.9,True,True,True,True,0,0.0,
2454,Rev4,4,W085,AE-3200,CH-A,EDG-11,Edge,0.84,327.3,40.79,41.44,39.42,1694.3,False,True,True,True,0,0.0,
2455,Rev4,4,W085,AE-3200,CH-A,EXT-01,Extreme Edge,0.96,16.4,41.73,42.27,36.66,1723.1,False,False,True,True,1,2.87,
2456,Rev4,4,W085,AE-3200,CH-A,EXT-02,Extreme Edge,0.96,49.1,41.39,43.34,39.84,1727.2,False,False,True,True,0,0.0,
2457,Rev4,4,W085,AE-3200,CH-A,EXT-03,Extreme Edge,0.96,81.8,41.4,43.85,39.43,1718.1,False,False,True,True,0,0.0,
2458,Rev4,4,W085,AE-3200,CH-A,EXT-04,Extreme Edge,0.96,114.5,41.33,42.44,39.98,1758.3,False,False,True,True,1,2.55,
2459,Rev4,4,W085,AE-3200,CH-A,EXT-05,Extreme Edge,0.96,147.3,41.8,42.9,36.41,1744.4,False,False,True,True,1,2.27,polymer_residue
2460,Rev4,4,W085,AE-3200,CH-A,EXT-06,Extreme Edge,0.96,180.0,40.75,42.67,39.22,1761.0,False,False,True,False,0,0.0,
2461,Rev4,4,W085,AE-3200,CH-A,EXT-07,Extreme Edge,0.96,212.7,41.21,42.07,35.84,1787.4,False,False,True,False,2,11.66,endpoint_late
2462,Rev4,4,W085,AE-3200,CH-A,EXT-08,Extreme Edge,0.96,245.5,42.69,42.48,38.19,1773.0,False,False,True,False,0,0.0,
2463,Rev4,4,W085,AE-3200,CH-A,EXT-09,Extreme Edge,0.96,278.2,41.12,41.25,37.77,1743.9,False,True,True,True,0,0.0,
2464,Rev4,4,W085,AE-3200,CH-A,EXT-10,Extreme Edge,0.96,310.9,41.4,41.64,35.84,1733.3,False,True,True,True,1,5.91,
2465,Rev4,4,W085,AE-3200,CH-A,EXT-11,Extreme Edge,0.96,343.6,41.77,42.5,38.65,1773.2,False,False,True,False,1,3.03,
2466,Rev10,10,W086,PX-7500,CH-C,C1,Center,0.0,0.0,36.79,40.15,35.49,1718.3,True,True,True,True,0,0.0,
2467,Rev10,10,W086,PX-7500,CH-C,MID-01,Mid,0.52,30.0,37.44,40.77,38.34,1721.5,True,True,True,True,0,0.0,
2468,Rev10,10,W086,PX-7500,CH-C,MID-02,Mid,0.52,90.0,37.4,39.39,37.75,1738.6,True,True,True,True,0,0.0,
2469,Rev10,10,W086,PX-7500,CH-C,MID-03,Mid,0.52,150.0,38.12,39.56,34.57,1740.3,True,True,True,True,2,8.72,
2470,Rev10,10,W086,PX-7500,CH-C,MID-04,Mid,0.52,210.0,36.98,40.32,37.31,1711.4,True,True,True,True,0,0.0,
2471,Rev10,10,W086,PX-7500,CH-C,MID-05,Mid,0.52,270.0,39.41,40.03,38.82,1689.3,True,True,True,True,0,0.0,
2472,Rev10,10,W086,PX-7500,CH-C,MID-06,Mid,0.52,330.0,37.39,41.41,37.38,1689.1,True,True,True,True,1,5.13,arc_event
2473,Rev10,10,W086,PX-7500,CH-C,EDG-01,Edge,0.84,0.0,38.59,40.42,37.21,1809.9,True,True,True,False,1,2.26,arc_event
2474,Rev10,10,W086,PX-7500,CH-C,EDG-02,Edge,0.84,32.7,40.62,41.98,39.17,1752.9,False,True,True,True,0,0.0,
2475,Rev10,10,W086,PX-7500,CH-C,EDG-03,Edge,0.84,65.5,38.73,41.06,37.84,1695.5,True,True,True,True,1,3.27,
2476,Rev10,10,W086,PX-7500,CH-C,EDG-04,Edge,0.84,98.2,39.37,41.06,39.55,1737.8,True,True,True,True,0,0.0,
2477,Rev10,10,W086,PX-7500,CH-C,EDG-05,Edge,0.84,130.9,39.49,40.49,36.68,1785.5,True,True,True,False,0,0.0,
2478,Rev10,10,W086,PX-7500,CH-C,EDG-06,Edge,0.84,163.6,38.63,40.16,36.38,1752.9,True,True,True,True,0,0.0,
2479,Rev10,10,W086,PX-7500,CH-C,EDG-07,Edge,0.84,196.4,38.91,40.85,38.16,1751.1,True,True,True,True,0,0.0,
2480,Rev10,10,W086,PX-7500,CH-C,EDG-08,Edge,0.84,229.1,38.9,42.63,38.47,1667.0,True,False,True,True,1,3.17,
2481,Rev10,10,W086,PX-7500,CH-C,EDG-09,Edge,0.84,261.8,37.85,41.88,40.36,1688.1,True,True,True,True,0,0.0,
2482,Rev10,10,W086,PX-7500,CH-C,EDG-10,Edge,0.84,294.5,38.99,40.82,36.19,1804.2,True,True,True,False,1,3.84,pressure_spike
2483,Rev10,10,W086,PX-7500,CH-C,EDG-11,Edge,0.84,327.3,37.5,41.13,36.95,1746.0,True,True,True,True,0,0.0,
2484,Rev10,10,W086,PX-7500,CH-C,EXT-01,Extreme Edge,0.96,16.4,40.07,40.12,39.14,1725.6,True,True,True,True,0,0.0,
2485,Rev10,10,W086,PX-7500,CH-C,EXT-02,Extreme Edge,0.96,49.1,38.89,41.27,38.23,1724.4,True,True,True,True,1,4.71,
2486,Rev10,10,W086,PX-7500,CH-C,EXT-03,Extreme Edge,0.96,81.8,39.78,41.8,39.52,1699.3,True,True,True,True,1,3.22,polymer_residue
2487,Rev10,10,W086,PX-7500,CH-C,EXT-04,Extreme Edge,0.96,114.5,39.35,41.95,38.54,1716.4,True,True,True,True,1,2.63,pressure_spike
2488,Rev10,10,W086,PX-7500,CH-C,EXT-05,Extreme Edge,0.96,147.3,41.07,41.53,33.78,1762.7,False,True,False,False,2,12.4,
2489,Rev10,10,W086,PX-7500,CH-C,EXT-06,Extreme Edge,0.96,180.0,39.25,40.79,35.85,1780.7,True,True,True,False,0,0.0,
2490,Rev10,10,W086,PX-7500,CH-C,EXT-07,Extreme Edge,0.96,212.7,39.92,40.8,37.77,1751.1,True,True,True,True,1,4.01,
2491,Rev10,10,W086,PX-7500,CH-C,EXT-08,Extreme Edge,0.96,245.5,39.57,39.96,38.84,1809.4,True,True,True,False,0,0.0,
2492,Rev10,10,W086,PX-7500,CH-C,EXT-09,Extreme Edge,0.96,278.2,38.32,40.84,36.54,1718.3,True,True,True,True,2,10.54,
2493,Rev10,10,W086,PX-7500,CH-C,EXT-10,Extreme Edge,0.96,310.9,38.0,41.17,36.64,1812.9,True,True,True,False,2,6.86,endpoint_late
2494,Rev10,10,W086,PX-7500,CH-C,EXT-11,Extreme Edge,0.96,343.6,39.21,40.59,36.42,1757.7,True,True,True,True,1,3.19,endpoint_late
2495,Rev11,11,W087,PX-7500,CH-D,C1,Center,0.0,0.0,38.98,37.88,37.38,1769.6,True,True,True,False,0,0.0,
2496,Rev11,11,W087,PX-7500,CH-D,MID-01,Mid,0.52,30.0,39.28,40.71,36.42,1840.0,True,True,True,False,2,7.71,
2497,Rev11,11,W087,PX-7500,CH-D,MID-02,Mid,0.52,90.0,39.21,41.21,36.27,1788.5,True,True,True,False,0,0.0,
2498,Rev11,11,W087,PX-7500,CH-D,MID-03,Mid,0.52,150.0,38.95,39.35,36.97,1711.4,True,True,True,True,0,0.0,
2499,Rev11,11,W087,PX-7500,CH-D,MID-04,Mid,0.52,210.0,39.3,38.46,40.63,1683.6,True,True,False,True,0,0.0,
2500,Rev11,11,W087,PX-7500,CH-D,MID-05,Mid,0.52,270.0,38.82,38.94,36.6,1683.1,True,True,True,True,0,0.0,
2501,Rev11,11,W087,PX-7500,CH-D,MID-06,Mid,0.52,330.0,40.07,39.6,38.2,1756.0,True,True,True,True,0,0.0,
2502,Rev11,11,W087,PX-7500,CH-D,EDG-01,Edge,0.84,0.0,39.53,38.55,39.6,1779.8,True,True,True,False,0,0.0,
2503,Rev11,11,W087,PX-7500,CH-D,EDG-02,Edge,0.84,32.7,39.69,38.8,37.68,1768.6,True,True,True,False,0,0.0,
2504,Rev11,11,W087,PX-7500,CH-D,EDG-03,Edge,0.84,65.5,40.94,38.27,40.17,1634.8,False,True,True,True,1,2.57,
2505,Rev11,11,W087,PX-7500,CH-D,EDG-04,Edge,0.84,98.2,39.6,40.49,37.1,1741.6,True,True,True,True,0,0.0,
2506,Rev11,11,W087,PX-7500,CH-D,EDG-05,Edge,0.84,130.9,40.39,38.97,38.11,1697.4,True,True,True,True,0,0.0,
2507,Rev11,11,W087,PX-7500,CH-D,EDG-06,Edge,0.84,163.6,39.72,40.37,39.2,1739.1,True,True,True,True,0,0.0,
2508,Rev11,11,W087,PX-7500,CH-D,EDG-07,Edge,0.84,196.4,40.38,40.73,37.65,1802.2,True,True,True,False,0,0.0,
2509,Rev11,11,W087,PX-7500,CH-D,EDG-08,Edge,0.84,229.1,39.73,40.68,36.79,1761.0,True,True,True,False,0,0.0,
2510,Rev11,11,W087,PX-7500,CH-D,EDG-09,Edge,0.84,261.8,41.25,39.4,39.06,1769.0,False,True,True,False,0,0.0,
2511,Rev11,11,W087,PX-7500,CH-D,EDG-10,Edge,0.84,294.5,40.89,39.62,36.9,1700.6,False,True,True,True,1,3.27,
2512,Rev11,11,W087,PX-7500,CH-D,EDG-11,Edge,0.84,327.3,40.11,40.11,38.61,1767.6,True,True,True,False,0,0.0,
2513,Rev11,11,W087,PX-7500,CH-D,EXT-01,Extreme Edge,0.96,16.4,40.18,40.4,38.74,1767.3,True,True,True,False,0,0.0,
2514,Rev11,11,W087,PX-7500,CH-D,EXT-02,Extreme Edge,0.96,49.1,40.61,40.29,38.19,1742.6,False,True,True,True,0,0.0,
2515,Rev11,11,W087,PX-7500,CH-D,EXT-03,Extreme Edge,0.96,81.8,41.55,39.94,41.26,1877.7,False,True,False,False,1,3.45,
2516,Rev11,11,W087,PX-7500,CH-D,EXT-04,Extreme Edge,0.96,114.5,40.3,40.46,38.63,1686.8,True,True,True,True,0,0.0,
2517,Rev11,11,W087,PX-7500,CH-D,EXT-05,Extreme Edge,0.96,147.3,39.77,38.9,37.53,1836.3,True,True,True,False,2,12.73,esc_temp_drift
2518,Rev11,11,W087,PX-7500,CH-D,EXT-06,Extreme Edge,0.96,180.0,39.71,40.48,38.34,1791.4,True,True,True,False,0,0.0,
2519,Rev11,11,W087,PX-7500,CH-D,EXT-07,Extreme Edge,0.96,212.7,40.69,39.4,41.34,1843.1,False,True,False,False,1,5.45,
2520,Rev11,11,W087,PX-7500,CH-D,EXT-08,Extreme Edge,0.96,245.5,40.83,41.38,38.89,1837.3,False,True,True,False,0,0.0,
2521,Rev11,11,W087,PX-7500,CH-D,EXT-09,Extreme Edge,0.96,278.2,40.49,40.02,38.51,1776.9,False,True,True,False,0,0.0,
2522,Rev11,11,W087,PX-7500,CH-D,EXT-10,Extreme Edge,0.96,310.9,40.45,40.63,39.34,1890.3,False,True,True,False,1,3.61,endpoint_late
2523,Rev11,11,W087,PX-7500,CH-D,EXT-11,Extreme Edge,0.96,343.6,40.42,40.18,38.18,1861.2,False,True,True,False,4,9.03,pressure_spike
2524,Rev8,8,W088,AE-3200,CH-A,C1,Center,0.0,0.0,37.14,38.36,38.56,1642.0,True,True,True,True,0,0.0,
2525,Rev8,8,W088,AE-3200,CH-A,MID-01,Mid,0.52,30.0,38.23,39.47,37.25,1735.6,True,True,True,True,0,0.0,
2526,Rev8,8,W088,AE-3200,CH-A,MID-02,Mid,0.52,90.0,38.67,40.23,37.81,1779.8,True,True,True,False,0,0.0,
2527,Rev8,8,W088,AE-3200,CH-A,MID-03,Mid,0.52,150.0,37.75,39.86,39.8,1721.8,True,True,True,True,1,2.72,polymer_residue
2528,Rev8,8,W088,AE-3200,CH-A,MID-04,Mid,0.52,210.0,37.19,40.42,36.2,1717.6,True,True,True,True,0,0.0,
2529,Rev8,8,W088,AE-3200,CH-A,MID-05,Mid,0.52,270.0,38.38,40.11,37.99,1750.1,True,True,True,True,0,0.0,
2530,Rev8,8,W088,AE-3200,CH-A,MID-06,Mid,0.52,330.0,38.63,39.47,37.87,1699.3,True,True,True,True,0,0.0,
2531,Rev8,8,W088,AE-3200,CH-A,EDG-01,Edge,0.84,0.0,38.97,40.41,36.34,1737.4,True,True,True,True,1,3.22,pressure_spike
2532,Rev8,8,W088,AE-3200,CH-A,EDG-02,Edge,0.84,32.7,38.94,39.47,39.8,1715.9,True,True,True,True,2,7.48,
2533,Rev8,8,W088,AE-3200,CH-A,EDG-03,Edge,0.84,65.5,39.57,41.34,41.68,1741.3,True,True,False,True,0,0.0,
2534,Rev8,8,W088,AE-3200,CH-A,EDG-04,Edge,0.84,98.2,39.75,40.14,39.02,1800.8,True,True,True,False,2,11.94,
2535,Rev8,8,W088,AE-3200,CH-A,EDG-05,Edge,0.84,130.9,37.95,40.56,38.65,1705.7,True,True,True,True,0,0.0,
2536,Rev8,8,W088,AE-3200,CH-A,EDG-06,Edge,0.84,163.6,38.91,41.36,39.07,1824.6,True,True,True,False,0,0.0,
2537,Rev8,8,W088,AE-3200,CH-A,EDG-07,Edge,0.84,196.4,38.27,41.73,37.4,1758.4,True,True,True,True,0,0.0,
2538,Rev8,8,W088,AE-3200,CH-A,EDG-08,Edge,0.84,229.1,38.85,41.94,39.08,1702.9,True,True,True,True,0,0.0,
2539,Rev8,8,W088,AE-3200,CH-A,EDG-09,Edge,0.84,261.8,38.82,39.79,37.9,1708.9,True,True,True,True,0,0.0,
2540,Rev8,8,W088,AE-3200,CH-A,EDG-10,Edge,0.84,294.5,38.69,39.51,38.71,1752.3,True,True,True,True,1,5.51,
2541,Rev8,8,W088,AE-3200,CH-A,EDG-11,Edge,0.84,327.3,39.05,41.11,39.43,1766.3,True,True,True,False,0,0.0,
2542,Rev8,8,W088,AE-3200,CH-A,EXT-01,Extreme Edge,0.96,16.4,39.74,41.92,40.49,1802.3,True,True,False,False,0,0.0,
2543,Rev8,8,W088,AE-3200,CH-A,EXT-02,Extreme Edge,0.96,49.1,39.92,41.36,40.01,1744.7,True,True,True,True,0,0.0,
2544,Rev8,8,W088,AE-3200,CH-A,EXT-03,Extreme Edge,0.96,81.8,39.9,41.09,36.82,1801.0,True,True,True,False,0,0.0,
2545,Rev8,8,W088,AE-3200,CH-A,EXT-04,Extreme Edge,0.96,114.5,40.72,41.94,39.29,1783.2,False,True,True,False,0,0.0,
2546,Rev8,8,W088,AE-3200,CH-A,EXT-05,Extreme Edge,0.96,147.3,39.59,41.82,39.49,1795.5,True,True,True,False,1,4.31,arc_event
2547,Rev8,8,W088,AE-3200,CH-A,EXT-06,Extreme Edge,0.96,180.0,40.08,40.6,36.45,1666.2,True,True,True,True,0,0.0,
2548,Rev8,8,W088,AE-3200,CH-A,EXT-07,Extreme Edge,0.96,212.7,39.68,40.99,39.42,1804.6,True,True,True,False,2,9.22,
2549,Rev8,8,W088,AE-3200,CH-A,EXT-08,Extreme Edge,0.96,245.5,39.94,41.32,38.39,1803.8,True,True,True,False,0,0.0,
2550,Rev8,8,W088,AE-3200,CH-A,EXT-09,Extreme Edge,0.96,278.2,40.04,41.23,40.01,1809.4,True,True,True,False,0,0.0,
2551,Rev8,8,W088,AE-3200,CH-A,EXT-10,Extreme Edge,0.96,310.9,39.55,40.36,39.4,1792.7,True,True,True,False,0,0.0,
2552,Rev8,8,W088,AE-3200,CH-A,EXT-11,Extreme Edge,0.96,343.6,38.7,41.16,38.39,1860.3,True,True,True,False,0,0.0,
2553,Rev9,9,W089,AE-3200,CH-B,C1,Center,0.0,0.0,37.54,39.37,39.17,1893.6,True,True,True,False,0,0.0,
2554,Rev9,9,W089,AE-3200,CH-B,MID-01,Mid,0.52,30.0,38.81,39.55,39.62,1813.4,True,True,True,False,1,2.68,
2555,Rev9,9,W089,AE-3200,CH-B,MID-02,Mid,0.52,90.0,37.76,39.35,38.14,1938.2,True,True,True,False,1,2.68,polymer_residue
2556,Rev9,9,W089,AE-3200,CH-B,MID-03,Mid,0.52,150.0,38.32,41.5,37.62,1763.0,True,True,True,False,0,0.0,
2557,Rev9,9,W089,AE-3200,CH-B,MID-04,Mid,0.52,210.0,37.32,40.27,39.38,1888.1,True,True,True,False,2,6.27,
2558,Rev9,9,W089,AE-3200,CH-B,MID-05,Mid,0.52,270.0,37.44,40.49,41.58,1750.7,True,True,False,True,1,5.98,
2559,Rev9,9,W089,AE-3200,CH-B,MID-06,Mid,0.52,330.0,38.95,41.26,37.98,1781.9,True,True,True,False,0,0.0,
2560,Rev9,9,W089,AE-3200,CH-B,EDG-01,Edge,0.84,0.0,38.6,42.62,39.15,1873.2,True,False,True,False,1,4.05,endpoint_late
2561,Rev9,9,W089,AE-3200,CH-B,EDG-02,Edge,0.84,32.7,38.74,41.0,37.63,1846.7,True,True,True,False,0,0.0,
2562,Rev9,9,W089,AE-3200,CH-B,EDG-03,Edge,0.84,65.5,38.99,41.86,37.32,1928.2,True,True,True,False,1,2.53,
2563,Rev9,9,W089,AE-3200,CH-B,EDG-04,Edge,0.84,98.2,39.41,40.44,38.44,1924.5,True,True,True,False,1,4.06,pressure_spike
2564,Rev9,9,W089,AE-3200,CH-B,EDG-05,Edge,0.84,130.9,38.84,40.83,41.06,1890.9,True,True,False,False,3,11.54,
2565,Rev9,9,W089,AE-3200,CH-B,EDG-06,Edge,0.84,163.6,38.27,41.98,39.59,1789.3,True,True,True,False,1,3.9,
2566,Rev9,9,W089,AE-3200,CH-B,EDG-07,Edge,0.84,196.4,38.82,40.94,42.15,1877.7,True,True,False,False,0,0.0,
2567,Rev9,9,W089,AE-3200,CH-B,EDG-08,Edge,0.84,229.1,38.79,41.48,39.25,1909.4,True,True,True,False,0,0.0,
2568,Rev9,9,W089,AE-3200,CH-B,EDG-09,Edge,0.84,261.8,38.59,40.32,39.19,1831.8,True,True,True,False,2,10.2,polymer_residue
2569,Rev9,9,W089,AE-3200,CH-B,EDG-10,Edge,0.84,294.5,39.36,40.57,39.23,1844.7,True,True,True,False,2,4.33,
2570,Rev9,9,W089,AE-3200,CH-B,EDG-11,Edge,0.84,327.3,39.14,41.88,37.66,1841.3,True,True,True,False,0,0.0,
2571,Rev9,9,W089,AE-3200,CH-B,EXT-01,Extreme Edge,0.96,16.4,39.22,41.5,38.5,1797.6,True,True,True,False,1,5.96,endpoint_late
2572,Rev9,9,W089,AE-3200,CH-B,EXT-02,Extreme Edge,0.96,49.1,40.06,42.96,38.9,1873.8,True,False,True,False,0,0.0,
2573,Rev9,9,W089,AE-3200,CH-B,EXT-03,Extreme Edge,0.96,81.8,39.02,41.13,42.55,1856.9,True,True,False,False,1,4.58,
2574,Rev9,9,W089,AE-3200,CH-B,EXT-04,Extreme Edge,0.96,114.5,39.98,40.52,40.05,1817.6,True,True,True,False,1,3.4,esc_temp_drift
2575,Rev9,9,W089,AE-3200,CH-B,EXT-05,Extreme Edge,0.96,147.3,40.24,40.96,43.08,1799.4,True,True,False,False,1,5.59,
2576,Rev9,9,W089,AE-3200,CH-B,EXT-06,Extreme Edge,0.96,180.0,39.0,41.23,40.36,1883.0,True,True,True,False,2,8.18,
2577,Rev9,9,W089,AE-3200,CH-B,EXT-07,Extreme Edge,0.96,212.7,39.87,40.8,39.78,1934.6,True,True,True,False,1,4.2,
2578,Rev9,9,W089,AE-3200,CH-B,EXT-08,Extreme Edge,0.96,245.5,39.46,41.09,39.8,1905.8,True,True,True,False,0,0.0,
2579,Rev9,9,W089,AE-3200,CH-B,EXT-09,Extreme Edge,0.96,278.2,39.28,40.23,39.13,1909.9,True,True,True,False,2,3.82,pressure_spike
2580,Rev9,9,W089,AE-3200,CH-B,EXT-10,Extreme Edge,0.96,310.9,38.44,42.93,38.23,1928.0,True,False,True,False,1,5.79,pressure_spike
2581,Rev9,9,W089,AE-3200,CH-B,EXT-11,Extreme Edge,0.96,343.6,37.8,40.9,38.1,1960.6,True,True,True,False,0,0.0,
2582,Rev4,4,W090,AE-3200,CH-A,C1,Center,0.0,0.0,38.41,39.85,37.52,1687.6,True,True,True,True,0,0.0,
2583,Rev4,4,W090,AE-3200,CH-A,MID-01,Mid,0.52,30.0,39.57,39.51,37.94,1664.1,True,True,True,True,0,0.0,
2584,Rev4,4,W090,AE-3200,CH-A,MID-02,Mid,0.52,90.0,39.31,40.21,39.32,1683.2,True,True,True,True,0,0.0,
2585,Rev4,4,W090,AE-3200,CH-A,MID-03,Mid,0.52,150.0,39.16,39.66,36.87,1732.3,True,True,True,True,0,0.0,
2586,Rev4,4,W090,AE-3200,CH-A,MID-04,Mid,0.52,210.0,39.65,40.94,37.06,1595.2,True,True,True,True,0,0.0,
2587,Rev4,4,W090,AE-3200,CH-A,MID-05,Mid,0.52,270.0,39.01,40.87,36.43,1611.3,True,True,True,True,0,0.0,
2588,Rev4,4,W090,AE-3200,CH-A,MID-06,Mid,0.52,330.0,40.22,41.19,34.33,1688.0,True,True,True,True,0,0.0,
2589,Rev4,4,W090,AE-3200,CH-A,EDG-01,Edge,0.84,0.0,39.93,41.51,38.72,1665.8,True,True,True,True,0,0.0,
2590,Rev4,4,W090,AE-3200,CH-A,EDG-02,Edge,0.84,32.7,39.76,39.9,38.67,1634.4,True,True,True,True,0,0.0,
2591,Rev4,4,W090,AE-3200,CH-A,EDG-03,Edge,0.84,65.5,40.11,40.4,38.4,1613.5,True,True,True,True,0,0.0,
2592,Rev4,4,W090,AE-3200,CH-A,EDG-04,Edge,0.84,98.2,40.64,41.33,41.18,1724.5,False,True,False,True,1,5.45,
2593,Rev4,4,W090,AE-3200,CH-A,EDG-05,Edge,0.84,130.9,41.17,41.14,39.16,1693.3,False,True,True,True,1,5.48,
2594,Rev4,4,W090,AE-3200,CH-A,EDG-06,Edge,0.84,163.6,40.15,41.33,38.4,1727.6,True,True,True,True,0,0.0,
2595,Rev4,4,W090,AE-3200,CH-A,EDG-07,Edge,0.84,196.4,40.77,40.94,38.08,1675.8,False,True,True,True,0,0.0,
2596,Rev4,4,W090,AE-3200,CH-A,EDG-08,Edge,0.84,229.1,41.06,40.94,39.44,1671.6,False,True,True,True,0,0.0,
2597,Rev4,4,W090,AE-3200,CH-A,EDG-09,Edge,0.84,261.8,40.39,42.92,35.51,1628.5,True,False,True,True,1,6.0,polymer_residue
2598,Rev4,4,W090,AE-3200,CH-A,EDG-10,Edge,0.84,294.5,40.9,41.06,37.89,1676.9,False,True,True,True,2,9.1,pressure_spike
2599,Rev4,4,W090,AE-3200,CH-A,EDG-11,Edge,0.84,327.3,40.93,40.68,34.91,1643.8,False,True,True,True,0,0.0,
2600,Rev4,4,W090,AE-3200,CH-A,EXT-01,Extreme Edge,0.96,16.4,42.05,41.29,41.01,1694.6,False,True,False,True,0,0.0,
2601,Rev4,4,W090,AE-3200,CH-A,EXT-02,Extreme Edge,0.96,49.1,40.23,42.05,38.51,1770.2,True,False,True,False,1,6.35,pressure_spike
2602,Rev4,4,W090,AE-3200,CH-A,EXT-03,Extreme Edge,0.96,81.8,39.26,41.18,38.13,1717.6,True,True,True,True,0,0.0,
2603,Rev4,4,W090,AE-3200,CH-A,EXT-04,Extreme Edge,0.96,114.5,40.92,40.19,37.87,1757.4,False,True,True,True,0,0.0,
2604,Rev4,4,W090,AE-3200,CH-A,EXT-05,Extreme Edge,0.96,147.3,41.62,42.13,36.4,1671.8,False,False,True,True,1,3.59,polymer_residue
2605,Rev4,4,W090,AE-3200,CH-A,EXT-06,Extreme Edge,0.96,180.0,42.02,40.94,38.6,1727.8,False,True,True,True,2,7.64,esc_temp_drift
2606,Rev4,4,W090,AE-3200,CH-A,EXT-07,Extreme Edge,0.96,212.7,42.44,42.44,38.83,1733.8,False,False,True,True,1,4.36,arc_event
2607,Rev4,4,W090,AE-3200,CH-A,EXT-08,Extreme Edge,0.96,245.5,41.16,42.49,38.41,1660.8,False,False,True,True,2,11.79,
2608,Rev4,4,W090,AE-3200,CH-A,EXT-09,Extreme Edge,0.96,278.2,41.35,41.65,37.86,1694.5,False,True,True,True,1,3.17,
2609,Rev4,4,W090,AE-3200,CH-A,EXT-10,Extreme Edge,0.96,310.9,40.09,41.13,38.8,1664.2,True,True,True,True,0,0.0,
2610,Rev4,4,W090,AE-3200,CH-A,EXT-11,Extreme Edge,0.96,343.6,40.97,41.92,38.61,1681.4,False,True,True,True,1,4.67,polymer_residue
2611,Rev5,5,W091,AE-3200,CH-B,C1,Center,0.0,0.0,38.26,37.93,38.54,1673.3,True,True,True,True,0,0.0,
2612,Rev5,5,W091,AE-3200,CH-B,MID-01,Mid,0.52,30.0,38.13,39.18,39.04,1605.2,True,True,True,True,0,0.0,
2613,Rev5,5,W091,AE-3200,CH-B,MID-02,Mid,0.52,90.0,37.62,37.71,39.75,1664.9,True,False,True,True,0,0.0,
2614,Rev5,5,W091,AE-3200,CH-B,MID-03,Mid,0.52,150.0,38.03,38.47,39.02,1688.7,True,True,True,True,0,0.0,
2615,Rev5,5,W091,AE-3200,CH-B,MID-04,Mid,0.52,210.0,38.01,38.03,41.49,1614.7,True,True,False,True,0,0.0,
2616,Rev5,5,W091,AE-3200,CH-B,MID-05,Mid,0.52,270.0,38.24,39.37,38.72,1695.4,True,True,True,True,0,0.0,
2617,Rev5,5,W091,AE-3200,CH-B,MID-06,Mid,0.52,330.0,37.4,38.56,38.95,1622.8,True,True,True,True,0,0.0,
2618,Rev5,5,W091,AE-3200,CH-B,EDG-01,Edge,0.84,0.0,39.06,39.1,40.8,1601.0,True,True,False,True,0,0.0,
2619,Rev5,5,W091,AE-3200,CH-B,EDG-02,Edge,0.84,32.7,39.11,39.05,37.39,1711.9,True,True,True,True,0,0.0,
2620,Rev5,5,W091,AE-3200,CH-B,EDG-03,Edge,0.84,65.5,39.46,39.12,37.65,1721.5,True,True,True,True,0,0.0,
2621,Rev5,5,W091,AE-3200,CH-B,EDG-04,Edge,0.84,98.2,39.15,38.55,39.33,1615.4,True,True,True,True,0,0.0,
2622,Rev5,5,W091,AE-3200,CH-B,EDG-05,Edge,0.84,130.9,39.11,38.3,41.23,1729.9,True,True,False,True,0,0.0,
2623,Rev5,5,W091,AE-3200,CH-B,EDG-06,Edge,0.84,163.6,39.28,40.81,38.09,1713.2,True,True,True,True,1,5.77,
2624,Rev5,5,W091,AE-3200,CH-B,EDG-07,Edge,0.84,196.4,38.75,39.81,39.77,1612.0,True,True,True,True,0,0.0,
2625,Rev5,5,W091,AE-3200,CH-B,EDG-08,Edge,0.84,229.1,38.32,40.86,41.14,1695.9,True,True,False,True,1,4.36,endpoint_late
2626,Rev5,5,W091,AE-3200,CH-B,EDG-09,Edge,0.84,261.8,38.51,39.47,37.5,1688.9,True,True,True,True,0,0.0,
2627,Rev5,5,W091,AE-3200,CH-B,EDG-10,Edge,0.84,294.5,38.8,38.89,39.99,1684.7,True,True,True,True,0,0.0,
2628,Rev5,5,W091,AE-3200,CH-B,EDG-11,Edge,0.84,327.3,39.49,39.21,38.71,1693.6,True,True,True,True,0,0.0,
2629,Rev5,5,W091,AE-3200,CH-B,EXT-01,Extreme Edge,0.96,16.4,39.45,39.57,37.98,1722.2,True,True,True,True,0,0.0,
2630,Rev5,5,W091,AE-3200,CH-B,EXT-02,Extreme Edge,0.96,49.1,39.87,39.17,39.87,1695.4,True,True,True,True,1,5.62,pressure_spike
2631,Rev5,5,W091,AE-3200,CH-B,EXT-03,Extreme Edge,0.96,81.8,39.45,39.73,37.95,1705.1,True,True,True,True,1,3.02,
2632,Rev5,5,W091,AE-3200,CH-B,EXT-04,Extreme Edge,0.96,114.5,40.15,40.38,41.06,1691.2,True,True,False,True,2,9.05,
2633,Rev5,5,W091,AE-3200,CH-B,EXT-05,Extreme Edge,0.96,147.3,39.72,39.6,38.44,1625.1,True,True,True,True,1,2.84,
2634,Rev5,5,W091,AE-3200,CH-B,EXT-06,Extreme Edge,0.96,180.0,38.9,40.62,40.53,1718.7,True,True,False,True,1,2.92,
2635,Rev5,5,W091,AE-3200,CH-B,EXT-07,Extreme Edge,0.96,212.7,38.31,38.87,39.68,1684.6,True,True,True,True,0,0.0,
2636,Rev5,5,W091,AE-3200,CH-B,EXT-08,Extreme Edge,0.96,245.5,39.43,40.62,39.62,1659.1,True,True,True,True,1,4.02,
2637,Rev5,5,W091,AE-3200,CH-B,EXT-09,Extreme Edge,0.96,278.2,38.92,39.15,39.72,1630.2,True,True,True,True,0,0.0,
2638,Rev5,5,W091,AE-3200,CH-B,EXT-10,Extreme Edge,0.96,310.9,38.96,39.96,41.51,1749.9,True,True,False,True,2,3.65,
2639,Rev5,5,W091,AE-3200,CH-B,EXT-11,Extreme Edge,0.96,343.6,38.04,39.31,38.05,1623.3,True,True,True,True,0,0.0,
2640,Rev4,4,W092,AE-3200,CH-A,C1,Center,0.0,0.0,38.61,41.25,39.28,1665.7,True,True,True,True,0,0.0,
2641,Rev4,4,W092,AE-3200,CH-A,MID-01,Mid,0.52,30.0,39.82,41.0,37.77,1692.2,True,True,True,True,1,4.11,endpoint_late
2642,Rev4,4,W092,AE-3200,CH-A,MID-02,Mid,0.52,90.0,39.84,39.68,39.91,1724.7,True,True,True,True,0,0.0,
2643,Rev4,4,W092,AE-3200,CH-A,MID-03,Mid,0.52,150.0,39.26,41.01,35.54,1697.9,True,True,True,True,0,0.0,
2644,Rev4,4,W092,AE-3200,CH-A,MID-04,Mid,0.52,210.0,39.7,39.48,38.76,1763.5,True,True,True,False,0,0.0,
2645,Rev4,4,W092,AE-3200,CH-A,MID-05,Mid,0.52,270.0,38.6,40.75,35.57,1601.7,True,True,True,True,0,0.0,
2646,Rev4,4,W092,AE-3200,CH-A,MID-06,Mid,0.52,330.0,40.15,40.37,37.87,1748.9,True,True,True,True,0,0.0,
2647,Rev4,4,W092,AE-3200,CH-A,EDG-01,Edge,0.84,0.0,39.73,40.82,38.23,1730.2,True,True,True,True,1,4.03,pressure_spike
2648,Rev4,4,W092,AE-3200,CH-A,EDG-02,Edge,0.84,32.7,40.01,39.58,35.74,1682.6,True,True,True,True,0,0.0,
2649,Rev4,4,W092,AE-3200,CH-A,EDG-03,Edge,0.84,65.5,41.1,41.3,40.1,1691.3,False,True,True,True,1,6.31,polymer_residue
2650,Rev4,4,W092,AE-3200,CH-A,EDG-04,Edge,0.84,98.2,41.1,39.75,40.93,1659.9,False,True,False,True,0,0.0,
2651,Rev4,4,W092,AE-3200,CH-A,EDG-05,Edge,0.84,130.9,40.41,41.75,34.71,1714.7,False,True,True,True,1,4.02,
2652,Rev4,4,W092,AE-3200,CH-A,EDG-06,Edge,0.84,163.6,41.5,40.98,38.79,1717.5,False,True,True,True,1,3.44,polymer_residue
2653,Rev4,4,W092,AE-3200,CH-A,EDG-07,Edge,0.84,196.4,41.17,41.43,37.94,1720.3,False,True,True,True,1,5.78,pressure_spike
2654,Rev4,4,W092,AE-3200,CH-A,EDG-08,Edge,0.84,229.1,40.82,40.2,40.62,1737.1,False,True,False,True,0,0.0,
2655,Rev4,4,W092,AE-3200,CH-A,EDG-09,Edge,0.84,261.8,40.3,41.07,36.73,1706.9,True,True,True,True,1,6.16,polymer_residue
2656,Rev4,4,W092,AE-3200,CH-A,EDG-10,Edge,0.84,294.5,40.56,41.57,38.74,1708.6,False,True,True,True,2,11.87,
2657,Rev4,4,W092,AE-3200,CH-A,EDG-11,Edge,0.84,327.3,39.87,40.77,38.23,1673.0,True,True,True,True,1,4.74,polymer_residue
2658,Rev4,4,W092,AE-3200,CH-A,EXT-01,Extreme Edge,0.96,16.4,40.67,41.26,38.81,1804.4,False,True,True,False,0,0.0,
2659,Rev4,4,W092,AE-3200,CH-A,EXT-02,Extreme Edge,0.96,49.1,41.29,40.65,37.62,1757.9,False,True,True,True,0,0.0,
2660,Rev4,4,W092,AE-3200,CH-A,EXT-03,Extreme Edge,0.96,81.8,41.59,40.79,39.43,1689.6,False,True,True,True,2,8.19,
2661,Rev4,4,W092,AE-3200,CH-A,EXT-04,Extreme Edge,0.96,114.5,41.3,41.26,36.52,1847.8,False,True,True,False,2,11.27,
2662,Rev4,4,W092,AE-3200,CH-A,EXT-05,Extreme Edge,0.96,147.3,41.55,41.7,38.1,1816.6,False,True,True,False,0,0.0,
2663,Rev4,4,W092,AE-3200,CH-A,EXT-06,Extreme Edge,0.96,180.0,41.28,40.51,42.07,1705.1,False,True,False,True,3,5.63,pressure_spike
2664,Rev4,4,W092,AE-3200,CH-A,EXT-07,Extreme Edge,0.96,212.7,41.25,41.1,37.68,1725.8,False,True,True,True,2,8.06,polymer_residue
2665,Rev4,4,W092,AE-3200,CH-A,EXT-08,Extreme Edge,0.96,245.5,41.63,41.58,35.57,1703.8,False,True,True,True,0,0.0,
2666,Rev4,4,W092,AE-3200,CH-A,EXT-09,Extreme Edge,0.96,278.2,40.67,42.54,38.35,1696.2,False,False,True,True,1,4.35,polymer_residue
2667,Rev4,4,W092,AE-3200,CH-A,EXT-10,Extreme Edge,0.96,310.9,41.6,41.59,37.26,1757.9,False,True,True,True,1,6.37,
2668,Rev4,4,W092,AE-3200,CH-A,EXT-11,Extreme Edge,0.96,343.6,41.58,40.15,39.72,1809.5,False,True,True,False,1,4.88,
2669,Rev1,1,W093,AE-3200,CH-B,C1,Center,0.0,0.0,40.2,40.13,39.52,1686.5,True,True,True,True,0,0.0,
2670,Rev1,1,W093,AE-3200,CH-B,MID-01,Mid,0.52,30.0,40.83,40.6,38.32,1692.4,False,True,True,True,0,0.0,
2671,Rev1,1,W093,AE-3200,CH-B,MID-02,Mid,0.52,90.0,40.5,41.62,37.49,1726.5,False,True,True,True,0,0.0,
2672,Rev1,1,W093,AE-3200,CH-B,MID-03,Mid,0.52,150.0,41.52,40.85,36.21,1661.6,False,True,True,True,1,3.06,
2673,Rev1,1,W093,AE-3200,CH-B,MID-04,Mid,0.52,210.0,39.79,41.72,41.54,1729.2,True,True,False,True,0,0.0,
2674,Rev1,1,W093,AE-3200,CH-B,MID-05,Mid,0.52,270.0,40.61,41.03,39.56,1599.5,False,True,True,True,0,0.0,
2675,Rev1,1,W093,AE-3200,CH-B,MID-06,Mid,0.52,330.0,39.95,40.49,38.24,1666.2,True,True,True,True,1,2.69,arc_event
2676,Rev1,1,W093,AE-3200,CH-B,EDG-01,Edge,0.84,0.0,40.75,40.36,41.05,1716.0,False,True,False,True,1,3.63,endpoint_late
2677,Rev1,1,W093,AE-3200,CH-B,EDG-02,Edge,0.84,32.7,42.02,41.61,40.97,1609.9,False,True,False,True,0,0.0,
2678,Rev1,1,W093,AE-3200,CH-B,EDG-03,Edge,0.84,65.5,40.72,41.16,36.36,1651.3,False,True,True,True,0,0.0,
2679,Rev1,1,W093,AE-3200,CH-B,EDG-04,Edge,0.84,98.2,41.29,41.38,34.69,1716.7,False,True,True,True,0,0.0,
2680,Rev1,1,W093,AE-3200,CH-B,EDG-05,Edge,0.84,130.9,42.04,42.32,38.05,1613.5,False,False,True,True,0,0.0,
2681,Rev1,1,W093,AE-3200,CH-B,EDG-06,Edge,0.84,163.6,41.54,42.69,37.49,1579.7,False,False,True,False,0,0.0,
2682,Rev1,1,W093,AE-3200,CH-B,EDG-07,Edge,0.84,196.4,39.96,41.18,38.27,1726.2,True,True,True,True,0,0.0,
2683,Rev1,1,W093,AE-3200,CH-B,EDG-08,Edge,0.84,229.1,43.03,41.75,40.87,1697.3,False,True,False,True,1,2.56,polymer_residue
2684,Rev1,1,W093,AE-3200,CH-B,EDG-09,Edge,0.84,261.8,41.25,42.66,38.68,1699.7,False,False,True,True,0,0.0,
2685,Rev1,1,W093,AE-3200,CH-B,EDG-10,Edge,0.84,294.5,41.1,41.98,36.17,1635.0,False,True,True,True,0,0.0,
2686,Rev1,1,W093,AE-3200,CH-B,EDG-11,Edge,0.84,327.3,41.81,41.21,39.07,1728.0,False,True,True,True,0,0.0,
2687,Rev1,1,W093,AE-3200,CH-B,EXT-01,Extreme Edge,0.96,16.4,43.13,42.05,38.49,1664.4,False,False,True,True,0,0.0,
2688,Rev1,1,W093,AE-3200,CH-B,EXT-02,Extreme Edge,0.96,49.1,42.1,42.34,38.28,1627.9,False,False,True,True,0,0.0,
2689,Rev1,1,W093,AE-3200,CH-B,EXT-03,Extreme Edge,0.96,81.8,42.66,42.49,40.45,1645.1,False,False,False,True,1,4.64,polymer_residue
2690,Rev1,1,W093,AE-3200,CH-B,EXT-04,Extreme Edge,0.96,114.5,42.72,41.74,40.22,1670.1,False,True,True,True,2,4.86,
2691,Rev1,1,W093,AE-3200,CH-B,EXT-05,Extreme Edge,0.96,147.3,41.2,41.9,37.1,1662.3,False,True,True,True,1,6.22,
2692,Rev1,1,W093,AE-3200,CH-B,EXT-06,Extreme Edge,0.96,180.0,41.95,41.47,41.94,1707.2,False,True,False,True,2,12.51,arc_event
2693,Rev1,1,W093,AE-3200,CH-B,EXT-07,Extreme Edge,0.96,212.7,41.73,42.44,39.06,1652.1,False,False,True,True,1,2.97,polymer_residue
2694,Rev1,1,W093,AE-3200,CH-B,EXT-08,Extreme Edge,0.96,245.5,41.48,41.54,39.64,1708.8,False,True,True,True,0,0.0,
2695,Rev1,1,W093,AE-3200,CH-B,EXT-09,Extreme Edge,0.96,278.2,40.85,41.23,38.59,1566.7,False,True,True,False,2,11.26,
2696,Rev1,1,W093,AE-3200,CH-B,EXT-10,Extreme Edge,0.96,310.9,42.22,41.9,39.42,1680.2,False,True,True,True,0,0.0,
2697,Rev1,1,W093,AE-3200,CH-B,EXT-11,Extreme Edge,0.96,343.6,42.86,42.35,38.64,1639.9,False,False,True,True,0,0.0,
2698,Rev3,3,W094,PX-7500,CH-D,C1,Center,0.0,0.0,40.62,40.61,37.5,1701.6,False,True,True,True,0,0.0,
2699,Rev3,3,W094,PX-7500,CH-D,MID-01,Mid,0.52,30.0,41.13,41.09,36.01,1650.2,False,True,True,True,1,5.94,
2700,Rev3,3,W094,PX-7500,CH-D,MID-02,Mid,0.52,90.0,41.15,40.2,38.47,1769.5,False,True,True,False,0,0.0,
2701,Rev3,3,W094,PX-7500,CH-D,MID-03,Mid,0.52,150.0,40.21,40.01,38.04,1644.5,True,True,True,True,1,2.67,
2702,Rev3,3,W094,PX-7500,CH-D,MID-04,Mid,0.52,210.0,40.67,41.35,38.17,1649.7,False,True,True,True,0,0.0,
2703,Rev3,3,W094,PX-7500,CH-D,MID-05,Mid,0.52,270.0,39.76,39.64,37.25,1671.5,True,True,True,True,0,0.0,
2704,Rev3,3,W094,PX-7500,CH-D,MID-06,Mid,0.52,330.0,40.36,40.37,37.71,1620.4,True,True,True,True,0,0.0,
2705,Rev3,3,W094,PX-7500,CH-D,EDG-01,Edge,0.84,0.0,40.46,41.89,38.03,1733.3,False,True,True,True,2,4.16,
2706,Rev3,3,W094,PX-7500,CH-D,EDG-02,Edge,0.84,32.7,41.41,40.67,37.93,1625.0,False,True,True,True,0,0.0,
2707,Rev3,3,W094,PX-7500,CH-D,EDG-03,Edge,0.84,65.5,39.99,41.49,38.98,1716.3,True,True,True,True,1,2.31,endpoint_late
2708,Rev3,3,W094,PX-7500,CH-D,EDG-04,Edge,0.84,98.2,40.05,40.1,38.91,1755.7,True,True,True,True,0,0.0,
2709,Rev3,3,W094,PX-7500,CH-D,EDG-05,Edge,0.84,130.9,41.72,40.48,39.56,1669.0,False,True,True,True,1,5.13,
2710,Rev3,3,W094,PX-7500,CH-D,EDG-06,Edge,0.84,163.6,41.58,42.44,36.95,1737.7,False,False,True,True,0,0.0,
2711,Rev3,3,W094,PX-7500,CH-D,EDG-07,Edge,0.84,196.4,40.67,42.56,40.54,1754.7,False,False,False,True,1,6.25,
2712,Rev3,3,W094,PX-7500,CH-D,EDG-08,Edge,0.84,229.1,41.17,39.99,41.35,1692.3,False,True,False,True,0,0.0,
2713,Rev3,3,W094,PX-7500,CH-D,EDG-09,Edge,0.84,261.8,41.48,41.93,38.34,1657.9,False,True,True,True,1,3.56,
2714,Rev3,3,W094,PX-7500,CH-D,EDG-10,Edge,0.84,294.5,41.18,41.22,38.18,1625.9,False,True,True,True,1,4.25,polymer_residue
2715,Rev3,3,W094,PX-7500,CH-D,EDG-11,Edge,0.84,327.3,41.58,41.94,40.5,1791.4,False,True,False,False,2,7.65,
2716,Rev3,3,W094,PX-7500,CH-D,EXT-01,Extreme Edge,0.96,16.4,41.75,41.11,40.94,1597.0,False,True,False,True,0,0.0,
2717,Rev3,3,W094,PX-7500,CH-D,EXT-02,Extreme Edge,0.96,49.1,42.68,41.39,38.88,1660.5,False,True,True,True,0,0.0,
2718,Rev3,3,W094,PX-7500,CH-D,EXT-03,Extreme Edge,0.96,81.8,41.18,42.05,38.01,1670.1,False,False,True,True,2,5.02,pressure_spike
2719,Rev3,3,W094,PX-7500,CH-D,EXT-04,Extreme Edge,0.96,114.5,42.4,41.88,39.83,1674.9,False,True,True,True,1,3.75,
2720,Rev3,3,W094,PX-7500,CH-D,EXT-05,Extreme Edge,0.96,147.3,41.65,42.06,43.12,1696.1,False,False,False,True,3,16.16,polymer_residue
2721,Rev3,3,W094,PX-7500,CH-D,EXT-06,Extreme Edge,0.96,180.0,42.11,42.14,38.48,1754.7,False,False,True,True,3,8.46,polymer_residue
2722,Rev3,3,W094,PX-7500,CH-D,EXT-07,Extreme Edge,0.96,212.7,42.4,40.85,38.05,1686.0,False,True,True,True,1,5.07,polymer_residue
2723,Rev3,3,W094,PX-7500,CH-D,EXT-08,Extreme Edge,0.96,245.5,42.2,39.93,40.17,1716.0,False,True,True,True,0,0.0,
2724,Rev3,3,W094,PX-7500,CH-D,EXT-09,Extreme Edge,0.96,278.2,42.31,40.69,38.48,1719.2,False,True,True,True,0,0.0,
2725,Rev3,3,W094,PX-7500,CH-D,EXT-10,Extreme Edge,0.96,310.9,40.91,40.77,39.46,1675.9,False,True,True,True,0,0.0,
2726,Rev3,3,W094,PX-7500,CH-D,EXT-11,Extreme Edge,0.96,343.6,42.24,42.45,36.84,1711.0,False,False,True,True,0,0.0,
2727,Rev2,2,W095,PX-7500,CH-C,C1,Center,0.0,0.0,40.43,41.02,36.81,1618.4,False,True,True,True,0,0.0,
2728,Rev2,2,W095,PX-7500,CH-C,MID-01,Mid,0.52,30.0,39.49,41.12,34.62,1596.3,True,True,True,True,0,0.0,
2729,Rev2,2,W095,PX-7500,CH-C,MID-02,Mid,0.52,90.0,40.9,40.22,37.7,1676.7,False,True,True,True,0,0.0,
2730,Rev2,2,W095,PX-7500,CH-C,MID-03,Mid,0.52,150.0,41.19,40.57,33.81,1667.4,False,True,False,True,0,0.0,
2731,Rev2,2,W095,PX-7500,CH-C,MID-04,Mid,0.52,210.0,39.57,41.58,37.08,1659.7,True,True,True,True,1,2.13,polymer_residue
2732,Rev2,2,W095,PX-7500,CH-C,MID-05,Mid,0.52,270.0,40.24,41.3,35.14,1712.2,True,True,True,True,0,0.0,
2733,Rev2,2,W095,PX-7500,CH-C,MID-06,Mid,0.52,330.0,39.87,40.62,36.7,1641.1,True,True,True,True,0,0.0,
2734,Rev2,2,W095,PX-7500,CH-C,EDG-01,Edge,0.84,0.0,42.32,42.28,36.84,1661.1,False,False,True,True,1,2.38,
2735,Rev2,2,W095,PX-7500,CH-C,EDG-02,Edge,0.84,32.7,41.35,39.88,36.0,1689.5,False,True,True,True,1,3.06,polymer_residue
2736,Rev2,2,W095,PX-7500,CH-C,EDG-03,Edge,0.84,65.5,40.65,41.27,38.58,1659.8,False,True,True,True,1,4.62,arc_event
2737,Rev2,2,W095,PX-7500,CH-C,EDG-04,Edge,0.84,98.2,41.64,40.88,35.47,1710.3,False,True,True,True,0,0.0,
2738,Rev2,2,W095,PX-7500,CH-C,EDG-05,Edge,0.84,130.9,40.9,42.53,38.0,1708.9,False,False,True,True,0,0.0,
2739,Rev2,2,W095,PX-7500,CH-C,EDG-06,Edge,0.84,163.6,41.65,42.0,34.55,1724.7,False,False,True,True,0,0.0,
2740,Rev2,2,W095,PX-7500,CH-C,EDG-07,Edge,0.84,196.4,41.52,40.87,33.91,1703.9,False,True,False,True,0,0.0,
2741,Rev2,2,W095,PX-7500,CH-C,EDG-08,Edge,0.84,229.1,41.12,40.02,35.61,1712.9,False,True,True,True,0,0.0,
2742,Rev2,2,W095,PX-7500,CH-C,EDG-09,Edge,0.84,261.8,40.55,42.26,35.24,1706.7,False,False,True,True,2,12.63,pressure_spike
2743,Rev2,2,W095,PX-7500,CH-C,EDG-10,Edge,0.84,294.5,41.52,41.23,37.86,1711.6,False,True,True,True,0,0.0,
2744,Rev2,2,W095,PX-7500,CH-C,EDG-11,Edge,0.84,327.3,41.15,40.93,38.15,1612.9,False,True,True,True,1,5.13,
2745,Rev2,2,W095,PX-7500,CH-C,EXT-01,Extreme Edge,0.96,16.4,42.4,42.64,36.85,1764.1,False,False,True,False,0,0.0,
2746,Rev2,2,W095,PX-7500,CH-C,EXT-02,Extreme Edge,0.96,49.1,42.18,41.43,37.5,1724.7,False,True,True,True,2,12.8,polymer_residue
2747,Rev2,2,W095,PX-7500,CH-C,EXT-03,Extreme Edge,0.96,81.8,41.78,41.88,36.82,1689.2,False,True,True,True,0,0.0,
2748,Rev2,2,W095,PX-7500,CH-C,EXT-04,Extreme Edge,0.96,114.5,41.71,41.87,39.18,1770.9,False,True,True,False,1,3.06,
2749,Rev2,2,W095,PX-7500,CH-C,EXT-05,Extreme Edge,0.96,147.3,43.11,41.34,37.7,1672.9,False,True,True,True,0,0.0,
2750,Rev2,2,W095,PX-7500,CH-C,EXT-06,Extreme Edge,0.96,180.0,42.02,41.06,37.19,1659.6,False,True,True,True,0,0.0,
2751,Rev2,2,W095,PX-7500,CH-C,EXT-07,Extreme Edge,0.96,212.7,42.79,41.7,36.89,1694.9,False,True,True,True,0,0.0,
2752,Rev2,2,W095,PX-7500,CH-C,EXT-08,Extreme Edge,0.96,245.5,43.04,40.41,38.89,1688.8,False,True,True,True,1,5.46,pressure_spike
2753,Rev2,2,W095,PX-7500,CH-C,EXT-09,Extreme Edge,0.96,278.2,42.78,41.95,36.98,1692.4,False,True,True,True,1,1.88,arc_event
2754,Rev2,2,W095,PX-7500,CH-C,EXT-10,Extreme Edge,0.96,310.9,42.63,42.56,36.92,1763.4,False,False,True,False,3,12.77,
2755,Rev2,2,W095,PX-7500,CH-C,EXT-11,Extreme Edge,0.96,343.6,42.62,42.49,36.83,1668.2,False,False,True,True,1,4.37,
2756,Rev6,6,W096,PX-7500,CH-C,C1,Center,0.0,0.0,37.59,39.09,35.45,1559.7,True,True,True,False,1,3.39,
2757,Rev6,6,W096,PX-7500,CH-C,MID-01,Mid,0.52,30.0,37.37,38.32,34.75,1652.9,True,True,True,True,0,0.0,
2758,Rev6,6,W096,PX-7500,CH-C,MID-02,Mid,0.52,90.0,37.28,39.85,36.43,1680.8,True,True,True,True,0,0.0,
2759,Rev6,6,W096,PX-7500,CH-C,MID-03,Mid,0.52,150.0,37.35,37.22,34.22,1620.1,True,False,True,True,0,0.0,
2760,Rev6,6,W096,PX-7500,CH-C,MID-04,Mid,0.52,210.0,36.66,38.35,37.73,1654.0,True,True,True,True,0,0.0,
2761,Rev6,6,W096,PX-7500,CH-C,MID-05,Mid,0.52,270.0,38.71,39.91,35.32,1577.7,True,True,True,False,0,0.0,
2762,Rev6,6,W096,PX-7500,CH-C,MID-06,Mid,0.52,330.0,37.23,38.69,33.7,1687.5,True,True,False,True,1,3.07,polymer_residue
2763,Rev6,6,W096,PX-7500,CH-C,EDG-01,Edge,0.84,0.0,37.85,38.88,36.42,1710.6,True,True,True,True,0,0.0,
2764,Rev6,6,W096,PX-7500,CH-C,EDG-02,Edge,0.84,32.7,39.26,38.63,36.78,1673.2,True,True,True,True,0,0.0,
2765,Rev6,6,W096,PX-7500,CH-C,EDG-03,Edge,0.84,65.5,38.36,40.44,36.33,1636.4,True,True,True,True,1,4.88,
2766,Rev6,6,W096,PX-7500,CH-C,EDG-04,Edge,0.84,98.2,38.7,40.25,34.72,1770.8,True,True,True,False,0,0.0,
2767,Rev6,6,W096,PX-7500,CH-C,EDG-05,Edge,0.84,130.9,38.79,39.35,33.59,1721.5,True,True,False,True,0,0.0,
2768,Rev6,6,W096,PX-7500,CH-C,EDG-06,Edge,0.84,163.6,38.78,40.09,34.44,1710.2,True,True,True,True,1,5.94,
2769,Rev6,6,W096,PX-7500,CH-C,EDG-07,Edge,0.84,196.4,38.51,39.56,33.45,1645.6,True,True,False,True,2,6.03,polymer_residue
2770,Rev6,6,W096,PX-7500,CH-C,EDG-08,Edge,0.84,229.1,38.7,38.02,36.21,1694.0,True,True,True,True,1,4.15,polymer_residue
2771,Rev6,6,W096,PX-7500,CH-C,EDG-09,Edge,0.84,261.8,38.76,37.99,36.56,1693.5,True,True,True,True,0,0.0,
2772,Rev6,6,W096,PX-7500,CH-C,EDG-10,Edge,0.84,294.5,38.04,40.02,34.61,1681.5,True,True,True,True,0,0.0,
2773,Rev6,6,W096,PX-7500,CH-C,EDG-11,Edge,0.84,327.3,38.85,39.29,38.0,1640.9,True,True,True,True,0,0.0,
2774,Rev6,6,W096,PX-7500,CH-C,EXT-01,Extreme Edge,0.96,16.4,39.45,38.95,34.35,1743.9,True,True,True,True,0,0.0,
2775,Rev6,6,W096,PX-7500,CH-C,EXT-02,Extreme Edge,0.96,49.1,39.71,39.34,36.74,1682.3,True,True,True,True,0,0.0,
2776,Rev6,6,W096,PX-7500,CH-C,EXT-03,Extreme Edge,0.96,81.8,39.87,39.27,35.52,1734.4,True,True,True,True,0,0.0,
2777,Rev6,6,W096,PX-7500,CH-C,EXT-04,Extreme Edge,0.96,114.5,38.78,40.97,35.08,1687.6,True,True,True,True,0,0.0,
2778,Rev6,6,W096,PX-7500,CH-C,EXT-05,Extreme Edge,0.96,147.3,39.72,40.22,32.71,1740.6,True,True,False,True,0,0.0,
2779,Rev6,6,W096,PX-7500,CH-C,EXT-06,Extreme Edge,0.96,180.0,38.75,39.42,34.67,1669.9,True,True,True,True,0,0.0,
2780,Rev6,6,W096,PX-7500,CH-C,EXT-07,Extreme Edge,0.96,212.7,39.26,41.32,33.8,1718.9,True,True,False,True,0,0.0,
2781,Rev6,6,W096,PX-7500,CH-C,EXT-08,Extreme Edge,0.96,245.5,38.71,41.14,36.2,1758.9,True,True,True,True,0,0.0,
2782,Rev6,6,W096,PX-7500,CH-C,EXT-09,Extreme Edge,0.96,278.2,38.36,39.4,34.79,1633.0,True,True,True,True,0,0.0,
2783,Rev6,6,W096,PX-7500,CH-C,EXT-10,Extreme Edge,0.96,310.9,39.59,40.09,35.27,1659.5,True,True,True,True,0,0.0,
2784,Rev6,6,W096,PX-7500,CH-C,EXT-11,Extreme Edge,0.96,343.6,39.93,39.7,36.24,1742.8,True,True,True,True,0,0.0,
2785,Rev5,5,W097,AE-3200,CH-B,C1,Center,0.0,0.0,37.15,39.64,37.33,1565.1,True,True,True,False,0,0.0,
2786,Rev5,5,W097,AE-3200,CH-B,MID-01,Mid,0.52,30.0,39.11,39.78,36.72,1617.7,True,True,True,True,2,9.56,
2787,Rev5,5,W097,AE-3200,CH-B,MID-02,Mid,0.52,90.0,38.11,40.14,35.67,1691.1,True,True,True,True,0,0.0,
2788,Rev5,5,W097,AE-3200,CH-B,MID-03,Mid,0.52,150.0,36.99,40.26,35.71,1600.6,True,True,True,True,1,2.16,pressure_spike
2789,Rev5,5,W097,AE-3200,CH-B,MID-04,Mid,0.52,210.0,38.11,40.59,36.09,1626.8,True,True,True,True,0,0.0,
2790,Rev5,5,W097,AE-3200,CH-B,MID-05,Mid,0.52,270.0,38.15,39.08,35.81,1709.0,True,True,True,True,0,0.0,
2791,Rev5,5,W097,AE-3200,CH-B,MID-06,Mid,0.52,330.0,37.36,40.03,37.09,1606.7,True,True,True,True,0,0.0,
2792,Rev5,5,W097,AE-3200,CH-B,EDG-01,Edge,0.84,0.0,39.9,40.17,37.22,1554.3,True,True,True,False,0,0.0,
2793,Rev5,5,W097,AE-3200,CH-B,EDG-02,Edge,0.84,32.7,40.12,40.42,35.8,1621.5,True,True,True,True,0,0.0,
2794,Rev5,5,W097,AE-3200,CH-B,EDG-03,Edge,0.84,65.5,39.77,38.71,36.84,1672.4,True,True,True,True,0,0.0,
2795,Rev5,5,W097,AE-3200,CH-B,EDG-04,Edge,0.84,98.2,37.93,41.96,38.95,1631.9,True,True,True,True,1,2.04,arc_event
2796,Rev5,5,W097,AE-3200,CH-B,EDG-05,Edge,0.84,130.9,38.79,40.5,38.67,1710.7,True,True,True,True,1,3.18,polymer_residue
2797,Rev5,5,W097,AE-3200,CH-B,EDG-06,Edge,0.84,163.6,39.08,40.56,37.59,1631.5,True,True,True,True,0,0.0,
2798,Rev5,5,W097,AE-3200,CH-B,EDG-07,Edge,0.84,196.4,39.62,41.1,36.84,1762.7,True,True,True,False,0,0.0,
2799,Rev5,5,W097,AE-3200,CH-B,EDG-08,Edge,0.84,229.1,39.51,42.14,38.48,1592.4,True,False,True,True,0,0.0,
2800,Rev5,5,W097,AE-3200,CH-B,EDG-09,Edge,0.84,261.8,39.84,40.5,40.01,1645.2,True,True,True,True,0,0.0,
2801,Rev5,5,W097,AE-3200,CH-B,EDG-10,Edge,0.84,294.5,39.53,41.59,37.31,1641.5,True,True,True,True,0,0.0,
2802,Rev5,5,W097,AE-3200,CH-B,EDG-11,Edge,0.84,327.3,38.46,40.07,37.83,1652.4,True,True,True,True,0,0.0,
2803,Rev5,5,W097,AE-3200,CH-B,EXT-01,Extreme Edge,0.96,16.4,40.32,40.95,39.11,1645.4,True,True,True,True,0,0.0,
2804,Rev5,5,W097,AE-3200,CH-B,EXT-02,Extreme Edge,0.96,49.1,39.45,40.99,34.72,1639.3,True,True,True,True,0,0.0,
2805,Rev5,5,W097,AE-3200,CH-B,EXT-03,Extreme Edge,0.96,81.8,39.54,40.96,37.36,1602.8,True,True,True,True,0,0.0,
2806,Rev5,5,W097,AE-3200,CH-B,EXT-04,Extreme Edge,0.96,114.5,39.57,42.71,36.66,1662.9,True,False,True,True,0,0.0,
2807,Rev5,5,W097,AE-3200,CH-B,EXT-05,Extreme Edge,0.96,147.3,39.77,40.8,39.5,1655.5,True,True,True,True,0,0.0,
2808,Rev5,5,W097,AE-3200,CH-B,EXT-06,Extreme Edge,0.96,180.0,39.26,42.95,38.11,1636.4,True,False,True,True,2,10.14,endpoint_late
2809,Rev5,5,W097,AE-3200,CH-B,EXT-07,Extreme Edge,0.96,212.7,39.88,41.47,38.68,1721.2,True,True,True,True,0,0.0,
2810,Rev5,5,W097,AE-3200,CH-B,EXT-08,Extreme Edge,0.96,245.5,39.53,39.79,39.64,1643.0,True,True,True,True,0,0.0,
2811,Rev5,5,W097,AE-3200,CH-B,EXT-09,Extreme Edge,0.96,278.2,39.5,41.66,37.99,1653.1,True,True,True,True,0,0.0,
2812,Rev5,5,W097,AE-3200,CH-B,EXT-10,Extreme Edge,0.96,310.9,39.28,40.93,37.31,1604.3,True,True,True,True,0,0.0,
2813,Rev5,5,W097,AE-3200,CH-B,EXT-11,Extreme Edge,0.96,343.6,39.5,41.06,41.39,1601.9,True,True,False,True,2,12.38,polymer_residue
2814,Rev1,1,W098,AE-3200,CH-B,C1,Center,0.0,0.0,39.39,41.07,37.77,1555.4,True,True,True,False,0,0.0,
2815,Rev1,1,W098,AE-3200,CH-B,MID-01,Mid,0.52,30.0,41.42,40.72,37.02,1695.1,False,True,True,True,0,0.0,
2816,Rev1,1,W098,AE-3200,CH-B,MID-02,Mid,0.52,90.0,40.69,41.14,36.52,1650.2,False,True,True,True,0,0.0,
2817,Rev1,1,W098,AE-3200,CH-B,MID-03,Mid,0.52,150.0,39.32,39.57,38.53,1630.7,True,True,True,True,1,2.33,pressure_spike
2818,Rev1,1,W098,AE-3200,CH-B,MID-04,Mid,0.52,210.0,39.64,40.58,37.61,1623.1,True,True,True,True,0,0.0,
2819,Rev1,1,W098,AE-3200,CH-B,MID-05,Mid,0.52,270.0,40.78,41.79,38.85,1523.7,False,True,True,False,1,2.9,arc_event
2820,Rev1,1,W098,AE-3200,CH-B,MID-06,Mid,0.52,330.0,40.58,40.11,39.46,1623.8,False,True,True,True,0,0.0,
2821,Rev1,1,W098,AE-3200,CH-B,EDG-01,Edge,0.84,0.0,40.76,41.56,36.95,1558.1,False,True,True,False,2,10.79,pressure_spike
2822,Rev1,1,W098,AE-3200,CH-B,EDG-02,Edge,0.84,32.7,42.21,40.93,38.38,1679.7,False,True,True,True,0,0.0,
2823,Rev1,1,W098,AE-3200,CH-B,EDG-03,Edge,0.84,65.5,41.04,41.83,39.23,1670.0,False,True,True,True,0,0.0,
2824,Rev1,1,W098,AE-3200,CH-B,EDG-04,Edge,0.84,98.2,42.54,42.05,38.94,1582.1,False,False,True,True,0,0.0,
2825,Rev1,1,W098,AE-3200,CH-B,EDG-05,Edge,0.84,130.9,41.52,42.3,37.56,1568.6,False,False,True,False,1,1.97,
2826,Rev1,1,W098,AE-3200,CH-B,EDG-06,Edge,0.84,163.6,40.2,42.83,38.61,1703.6,True,False,True,True,1,3.42,
2827,Rev1,1,W098,AE-3200,CH-B,EDG-07,Edge,0.84,196.4,42.07,40.14,40.02,1659.2,False,True,True,True,0,0.0,
2828,Rev1,1,W098,AE-3200,CH-B,EDG-08,Edge,0.84,229.1,41.01,41.06,36.71,1630.6,False,True,True,True,0,0.0,
2829,Rev1,1,W098,AE-3200,CH-B,EDG-09,Edge,0.84,261.8,40.85,41.03,37.7,1669.9,False,True,True,True,0,0.0,
2830,Rev1,1,W098,AE-3200,CH-B,EDG-10,Edge,0.84,294.5,41.92,41.87,39.83,1664.2,False,True,True,True,0,0.0,
2831,Rev1,1,W098,AE-3200,CH-B,EDG-11,Edge,0.84,327.3,41.38,40.68,39.37,1623.2,False,True,True,True,0,0.0,
2832,Rev1,1,W098,AE-3200,CH-B,EXT-01,Extreme Edge,0.96,16.4,42.29,43.29,41.3,1683.7,False,False,False,True,2,4.71,endpoint_late
2833,Rev1,1,W098,AE-3200,CH-B,EXT-02,Extreme Edge,0.96,49.1,41.19,41.04,39.59,1604.0,False,True,True,True,0,0.0,
2834,Rev1,1,W098,AE-3200,CH-B,EXT-03,Extreme Edge,0.96,81.8,41.72,42.42,38.9,1669.0,False,False,True,True,1,2.52,
2835,Rev1,1,W098,AE-3200,CH-B,EXT-04,Extreme Edge,0.96,114.5,42.39,41.74,42.91,1612.7,False,True,False,True,0,0.0,
2836,Rev1,1,W098,AE-3200,CH-B,EXT-05,Extreme Edge,0.96,147.3,43.31,42.31,38.63,1540.9,False,False,True,False,1,4.16,
2837,Rev1,1,W098,AE-3200,CH-B,EXT-06,Extreme Edge,0.96,180.0,41.79,42.28,34.45,1652.3,False,False,True,True,1,4.94,
2838,Rev1,1,W098,AE-3200,CH-B,EXT-07,Extreme Edge,0.96,212.7,42.39,41.92,39.13,1608.0,False,True,True,True,1,4.43,
2839,Rev1,1,W098,AE-3200,CH-B,EXT-08,Extreme Edge,0.96,245.5,43.58,42.2,39.46,1754.7,False,False,True,True,0,0.0,
2840,Rev1,1,W098,AE-3200,CH-B,EXT-09,Extreme Edge,0.96,278.2,41.94,42.05,38.15,1635.4,False,False,True,True,0,0.0,
2841,Rev1,1,W098,AE-3200,CH-B,EXT-10,Extreme Edge,0.96,310.9,41.22,42.42,39.11,1759.1,False,False,True,True,3,13.0,
2842,Rev1,1,W098,AE-3200,CH-B,EXT-11,Extreme Edge,0.96,343.6,41.95,41.85,41.0,1594.2,False,True,False,True,2,11.0,endpoint_late
2843,Rev3,3,W099,PX-7500,CH-D,C1,Center,0.0,0.0,39.93,40.06,39.27,1647.5,True,True,True,True,0,0.0,
2844,Rev3,3,W099,PX-7500,CH-D,MID-01,Mid,0.52,30.0,40.33,40.56,36.64,1612.2,True,True,True,True,0,0.0,
2845,Rev3,3,W099,PX-7500,CH-D,MID-02,Mid,0.52,90.0,40.06,40.19,39.11,1614.9,True,True,True,True,0,0.0,
2846,Rev3,3,W099,PX-7500,CH-D,MID-03,Mid,0.52,150.0,40.82,40.39,37.81,1631.5,False,True,True,True,1,2.35,polymer_residue
2847,Rev3,3,W099,PX-7500,CH-D,MID-04,Mid,0.52,210.0,41.36,41.06,37.89,1643.3,False,True,True,True,0,0.0,
2848,Rev3,3,W099,PX-7500,CH-D,MID-05,Mid,0.52,270.0,40.25,41.0,39.52,1735.7,True,True,True,True,0,0.0,
2849,Rev3,3,W099,PX-7500,CH-D,MID-06,Mid,0.52,330.0,40.3,40.13,33.81,1691.4,True,True,False,True,0,0.0,
2850,Rev3,3,W099,PX-7500,CH-D,EDG-01,Edge,0.84,0.0,40.92,41.19,38.7,1752.7,False,True,True,True,0,0.0,
2851,Rev3,3,W099,PX-7500,CH-D,EDG-02,Edge,0.84,32.7,41.2,41.95,38.78,1675.5,False,True,True,True,0,0.0,
2852,Rev3,3,W099,PX-7500,CH-D,EDG-03,Edge,0.84,65.5,42.38,40.86,36.51,1733.5,False,True,True,True,1,1.84,arc_event
2853,Rev3,3,W099,PX-7500,CH-D,EDG-04,Edge,0.84,98.2,40.42,41.68,40.04,1633.0,False,True,True,True,0,0.0,
2854,Rev3,3,W099,PX-7500,CH-D,EDG-05,Edge,0.84,130.9,41.59,42.22,38.96,1732.3,False,False,True,True,1,2.99,
2855,Rev3,3,W099,PX-7500,CH-D,EDG-06,Edge,0.84,163.6,41.05,41.23,40.66,1645.5,False,True,False,True,1,5.99,polymer_residue
2856,Rev3,3,W099,PX-7500,CH-D,EDG-07,Edge,0.84,196.4,41.15,43.4,38.48,1754.0,False,False,True,True,0,0.0,
2857,Rev3,3,W099,PX-7500,CH-D,EDG-08,Edge,0.84,229.1,40.48,40.9,34.8,1732.3,False,True,True,True,0,0.0,
2858,Rev3,3,W099,PX-7500,CH-D,EDG-09,Edge,0.84,261.8,41.61,40.24,36.67,1693.5,False,True,True,True,0,0.0,
2859,Rev3,3,W099,PX-7500,CH-D,EDG-10,Edge,0.84,294.5,41.28,41.86,37.95,1712.2,False,True,True,True,1,3.05,polymer_residue
2860,Rev3,3,W099,PX-7500,CH-D,EDG-11,Edge,0.84,327.3,42.19,41.57,38.04,1705.8,False,True,True,True,0,0.0,
2861,Rev3,3,W099,PX-7500,CH-D,EXT-01,Extreme Edge,0.96,16.4,41.47,42.15,41.38,1695.8,False,False,False,True,3,7.34,
2862,Rev3,3,W099,PX-7500,CH-D,EXT-02,Extreme Edge,0.96,49.1,42.28,41.34,40.76,1741.7,False,True,False,True,0,0.0,
2863,Rev3,3,W099,PX-7500,CH-D,EXT-03,Extreme Edge,0.96,81.8,42.44,41.78,42.13,1713.5,False,True,False,True,0,0.0,
2864,Rev3,3,W099,PX-7500,CH-D,EXT-04,Extreme Edge,0.96,114.5,43.31,42.31,39.87,1719.1,False,False,True,True,4,24.81,polymer_residue
2865,Rev3,3,W099,PX-7500,CH-D,EXT-05,Extreme Edge,0.96,147.3,42.66,42.66,34.13,1705.4,False,False,False,True,0,0.0,
2866,Rev3,3,W099,PX-7500,CH-D,EXT-06,Extreme Edge,0.96,180.0,42.02,42.1,39.3,1668.7,False,False,True,True,2,10.74,
2867,Rev3,3,W099,PX-7500,CH-D,EXT-07,Extreme Edge,0.96,212.7,42.5,42.8,39.59,1668.4,False,False,True,True,1,3.85,
2868,Rev3,3,W099,PX-7500,CH-D,EXT-08,Extreme Edge,0.96,245.5,41.66,42.23,41.0,1695.1,False,False,False,True,0,0.0,
2869,Rev3,3,W099,PX-7500,CH-D,EXT-09,Extreme Edge,0.96,278.2,42.02,40.96,35.67,1639.5,False,True,True,True,0,0.0,
2870,Rev3,3,W099,PX-7500,CH-D,EXT-10,Extreme Edge,0.96,310.9,42.12,41.77,36.59,1757.9,False,True,True,True,0,0.0,
2871,Rev3,3,W099,PX-7500,CH-D,EXT-11,Extreme Edge,0.96,343.6,41.75,41.84,36.63,1678.4,False,True,True,True,1,4.88,
2872,Rev8,8,W100,AE-3200,CH-A,C1,Center,0.0,0.0,37.11,39.53,37.93,1662.3,True,True,True,True,0,0.0,
2873,Rev8,8,W100,AE-3200,CH-A,MID-01,Mid,0.52,30.0,36.46,40.84,37.16,1802.0,False,True,True,False,0,0.0,
2874,Rev8,8,W100,AE-3200,CH-A,MID-02,Mid,0.52,90.0,37.08,40.07,39.15,1734.7,True,True,True,True,0,0.0,
2875,Rev8,8,W100,AE-3200,CH-A,MID-03,Mid,0.52,150.0,37.3,39.78,38.73,1710.2,True,True,True,True,0,0.0,
2876,Rev8,8,W100,AE-3200,CH-A,MID-04,Mid,0.52,210.0,37.1,39.45,38.61,1863.7,True,True,True,False,0,0.0,
2877,Rev8,8,W100,AE-3200,CH-A,MID-05,Mid,0.52,270.0,36.83,41.07,38.69,1716.2,True,True,True,True,0,0.0,
2878,Rev8,8,W100,AE-3200,CH-A,MID-06,Mid,0.52,330.0,38.99,39.18,38.9,1724.0,True,True,True,True,0,0.0,
2879,Rev8,8,W100,AE-3200,CH-A,EDG-01,Edge,0.84,0.0,38.94,40.98,37.55,1774.2,True,True,True,False,0,0.0,
2880,Rev8,8,W100,AE-3200,CH-A,EDG-02,Edge,0.84,32.7,38.18,40.17,38.98,1728.5,True,True,True,True,0,0.0,
2881,Rev8,8,W100,AE-3200,CH-A,EDG-03,Edge,0.84,65.5,38.87,41.39,38.93,1742.8,True,True,True,True,0,0.0,
2882,Rev8,8,W100,AE-3200,CH-A,EDG-04,Edge,0.84,98.2,38.91,40.06,36.63,1809.4,True,True,True,False,2,5.35,
2883,Rev8,8,W100,AE-3200,CH-A,EDG-05,Edge,0.84,130.9,39.29,41.78,38.65,1754.3,True,True,True,True,1,3.31,polymer_residue
2884,Rev8,8,W100,AE-3200,CH-A,EDG-06,Edge,0.84,163.6,37.54,40.79,40.15,1757.7,True,True,True,True,0,0.0,
2885,Rev8,8,W100,AE-3200,CH-A,EDG-07,Edge,0.84,196.4,37.8,41.06,41.4,1757.7,True,True,False,True,0,0.0,
2886,Rev8,8,W100,AE-3200,CH-A,EDG-08,Edge,0.84,229.1,37.72,40.12,38.44,1743.6,True,True,True,True,0,0.0,
2887,Rev8,8,W100,AE-3200,CH-A,EDG-09,Edge,0.84,261.8,38.57,41.65,39.58,1866.3,True,True,True,False,2,3.84,
2888,Rev8,8,W100,AE-3200,CH-A,EDG-10,Edge,0.84,294.5,38.84,41.4,38.14,1746.1,True,True,True,True,0,0.0,
2889,Rev8,8,W100,AE-3200,CH-A,EDG-11,Edge,0.84,327.3,39.08,40.0,38.68,1700.0,True,True,True,True,0,0.0,
2890,Rev8,8,W100,AE-3200,CH-A,EXT-01,Extreme Edge,0.96,16.4,38.91,39.64,39.1,1761.7,True,True,True,False,1,2.55,
2891,Rev8,8,W100,AE-3200,CH-A,EXT-02,Extreme Edge,0.96,49.1,39.67,42.1,39.14,1843.8,True,False,True,False,0,0.0,
2892,Rev8,8,W100,AE-3200,CH-A,EXT-03,Extreme Edge,0.96,81.8,39.97,41.03,40.78,1772.8,True,True,False,False,1,5.69,polymer_residue
2893,Rev8,8,W100,AE-3200,CH-A,EXT-04,Extreme Edge,0.96,114.5,39.41,40.21,38.08,1826.3,True,True,True,False,0,0.0,
2894,Rev8,8,W100,AE-3200,CH-A,EXT-05,Extreme Edge,0.96,147.3,38.42,42.67,40.46,1825.9,True,False,False,False,0,0.0,
2895,Rev8,8,W100,AE-3200,CH-A,EXT-06,Extreme Edge,0.96,180.0,38.95,40.52,40.08,1732.7,True,True,True,True,0,0.0,
2896,Rev8,8,W100,AE-3200,CH-A,EXT-07,Extreme Edge,0.96,212.7,38.0,39.96,38.62,1831.5,True,True,True,False,1,6.41,
2897,Rev8,8,W100,AE-3200,CH-A,EXT-08,Extreme Edge,0.96,245.5,38.69,41.42,40.29,1824.1,True,True,True,False,1,2.35,
2898,Rev8,8,W100,AE-3200,CH-A,EXT-09,Extreme Edge,0.96,278.2,39.53,41.07,38.19,1778.8,True,True,True,False,1,4.15,polymer_residue
2899,Rev8,8,W100,AE-3200,CH-A,EXT-10,Extreme Edge,0.96,310.9,39.64,42.87,39.74,1784.9,True,False,True,False,1,3.96,
2900,Rev8,8,W100,AE-3200,CH-A,EXT-11,Extreme Edge,0.96,343.6,38.66,41.08,41.35,1777.3,True,True,False,False,2,5.85,
2901,Rev5,5,W101,AE-3200,CH-B,C1,Center,0.0,0.0,37.58,40.05,36.76,1627.5,True,True,True,True,1,5.58,polymer_residue
2902,Rev5,5,W101,AE-3200,CH-B,MID-01,Mid,0.52,30.0,38.28,40.83,38.07,1640.2,True,True,True,True,0,0.0,
2903,Rev5,5,W101,AE-3200,CH-B,MID-02,Mid,0.52,90.0,39.48,39.2,39.0,1559.2,True,True,True,False,0,0.0,
2904,Rev5,5,W101,AE-3200,CH-B,MID-03,Mid,0.52,150.0,39.32,39.33,36.78,1731.0,True,True,True,True,0,0.0,
2905,Rev5,5,W101,AE-3200,CH-B,MID-04,Mid,0.52,210.0,38.4,39.3,39.74,1669.6,True,True,True,True,0,0.0,
2906,Rev5,5,W101,AE-3200,CH-B,MID-05,Mid,0.52,270.0,38.13,40.07,37.61,1730.9,True,True,True,True,0,0.0,
2907,Rev5,5,W101,AE-3200,CH-B,MID-06,Mid,0.52,330.0,38.69,40.05,36.1,1605.8,True,True,True,True,0,0.0,
2908,Rev5,5,W101,AE-3200,CH-B,EDG-01,Edge,0.84,0.0,40.57,40.33,37.24,1752.0,False,True,True,True,0,0.0,
2909,Rev5,5,W101,AE-3200,CH-B,EDG-02,Edge,0.84,32.7,39.64,40.86,39.7,1704.5,True,True,True,True,0,0.0,
2910,Rev5,5,W101,AE-3200,CH-B,EDG-03,Edge,0.84,65.5,40.28,40.04,36.17,1682.6,True,True,True,True,1,4.43,
2911,Rev5,5,W101,AE-3200,CH-B,EDG-04,Edge,0.84,98.2,38.2,38.73,38.45,1671.0,True,True,True,True,0,0.0,
2912,Rev5,5,W101,AE-3200,CH-B,EDG-05,Edge,0.84,130.9,39.96,41.42,38.3,1727.5,True,True,True,True,0,0.0,
2913,Rev5,5,W101,AE-3200,CH-B,EDG-06,Edge,0.84,163.6,39.21,40.5,36.89,1687.7,True,True,True,True,0,0.0,
2914,Rev5,5,W101,AE-3200,CH-B,EDG-07,Edge,0.84,196.4,38.41,40.39,36.0,1775.5,True,True,True,False,0,0.0,
2915,Rev5,5,W101,AE-3200,CH-B,EDG-08,Edge,0.84,229.1,39.93,40.32,39.11,1777.8,True,True,True,False,0,0.0,
2916,Rev5,5,W101,AE-3200,CH-B,EDG-09,Edge,0.84,261.8,39.12,40.79,41.08,1652.4,True,True,False,True,1,3.48,esc_temp_drift
2917,Rev5,5,W101,AE-3200,CH-B,EDG-10,Edge,0.84,294.5,39.4,40.82,37.47,1694.3,True,True,True,True,0,0.0,
2918,Rev5,5,W101,AE-3200,CH-B,EDG-11,Edge,0.84,327.3,39.75,39.81,38.25,1714.6,True,True,True,True,0,0.0,
2919,Rev5,5,W101,AE-3200,CH-B,EXT-01,Extreme Edge,0.96,16.4,39.66,40.19,36.13,1754.6,True,True,True,True,0,0.0,
2920,Rev5,5,W101,AE-3200,CH-B,EXT-02,Extreme Edge,0.96,49.1,39.81,40.99,36.58,1688.5,True,True,True,True,0,0.0,
2921,Rev5,5,W101,AE-3200,CH-B,EXT-03,Extreme Edge,0.96,81.8,39.83,40.57,37.16,1648.2,True,True,True,True,0,0.0,
2922,Rev5,5,W101,AE-3200,CH-B,EXT-04,Extreme Edge,0.96,114.5,39.49,41.09,37.77,1755.9,True,True,True,True,0,0.0,
2923,Rev5,5,W101,AE-3200,CH-B,EXT-05,Extreme Edge,0.96,147.3,39.91,41.31,35.27,1745.6,True,True,True,True,1,5.49,pressure_spike
2924,Rev5,5,W101,AE-3200,CH-B,EXT-06,Extreme Edge,0.96,180.0,40.81,42.15,39.48,1713.4,False,False,True,True,1,6.33,arc_event
2925,Rev5,5,W101,AE-3200,CH-B,EXT-07,Extreme Edge,0.96,212.7,38.58,41.77,38.07,1697.2,True,True,True,True,2,9.02,
2926,Rev5,5,W101,AE-3200,CH-B,EXT-08,Extreme Edge,0.96,245.5,40.82,40.64,39.92,1626.3,False,True,True,True,0,0.0,
2927,Rev5,5,W101,AE-3200,CH-B,EXT-09,Extreme Edge,0.96,278.2,40.87,40.22,38.79,1667.0,False,True,True,True,0,0.0,
2928,Rev5,5,W101,AE-3200,CH-B,EXT-10,Extreme Edge,0.96,310.9,40.3,39.78,37.2,1725.4,True,True,True,True,0,0.0,
2929,Rev5,5,W101,AE-3200,CH-B,EXT-11,Extreme Edge,0.96,343.6,38.05,39.02,38.11,1713.5,True,True,True,True,1,3.45,
2930,Rev9,9,W102,AE-3200,CH-B,C1,Center,0.0,0.0,37.76,39.83,39.02,1753.8,True,True,True,True,0,0.0,
2931,Rev9,9,W102,AE-3200,CH-B,MID-01,Mid,0.52,30.0,37.9,41.78,38.36,1787.0,True,True,True,False,0,0.0,
2932,Rev9,9,W102,AE-3200,CH-B,MID-02,Mid,0.52,90.0,38.81,40.11,39.18,1760.1,True,True,True,False,0,0.0,
2933,Rev9,9,W102,AE-3200,CH-B,MID-03,Mid,0.52,150.0,38.46,40.99,40.36,1782.7,True,True,True,False,0,0.0,
2934,Rev9,9,W102,AE-3200,CH-B,MID-04,Mid,0.52,210.0,37.91,41.86,38.86,1770.5,True,True,True,False,4,19.28,
2935,Rev9,9,W102,AE-3200,CH-B,MID-05,Mid,0.52,270.0,37.76,40.2,38.86,1826.4,True,True,True,False,0,0.0,
2936,Rev9,9,W102,AE-3200,CH-B,MID-06,Mid,0.52,330.0,39.36,41.81,36.28,1704.5,True,True,True,True,0,0.0,
2937,Rev9,9,W102,AE-3200,CH-B,EDG-01,Edge,0.84,0.0,38.89,40.95,40.68,1847.8,True,True,False,False,1,5.46,polymer_residue
2938,Rev9,9,W102,AE-3200,CH-B,EDG-02,Edge,0.84,32.7,40.38,40.59,37.04,1854.9,True,True,True,False,3,12.74,
2939,Rev9,9,W102,AE-3200,CH-B,EDG-03,Edge,0.84,65.5,38.81,41.95,38.55,1847.8,True,True,True,False,0,0.0,
2940,Rev9,9,W102,AE-3200,CH-B,EDG-04,Edge,0.84,98.2,39.61,41.82,41.56,1900.8,True,True,False,False,0,0.0,
2941,Rev9,9,W102,AE-3200,CH-B,EDG-05,Edge,0.84,130.9,38.96,41.94,39.11,1839.7,True,True,True,False,2,5.02,pressure_spike
2942,Rev9,9,W102,AE-3200,CH-B,EDG-06,Edge,0.84,163.6,39.13,41.11,38.56,1795.1,True,True,True,False,0,0.0,
2943,Rev9,9,W102,AE-3200,CH-B,EDG-07,Edge,0.84,196.4,38.22,42.16,37.9,1787.2,True,False,True,False,1,5.11,
2944,Rev9,9,W102,AE-3200,CH-B,EDG-08,Edge,0.84,229.1,39.05,42.27,40.49,1817.4,True,False,False,False,1,5.19,esc_temp_drift
2945,Rev9,9,W102,AE-3200,CH-B,EDG-09,Edge,0.84,261.8,39.71,42.26,33.96,1943.8,True,False,False,False,0,0.0,
2946,Rev9,9,W102,AE-3200,CH-B,EDG-10,Edge,0.84,294.5,39.51,41.53,38.64,1761.2,True,True,True,False,0,0.0,
2947,Rev9,9,W102,AE-3200,CH-B,EDG-11,Edge,0.84,327.3,39.06,40.04,39.72,1863.9,True,True,True,False,0,0.0,
2948,Rev9,9,W102,AE-3200,CH-B,EXT-01,Extreme Edge,0.96,16.4,39.64,40.58,38.44,1823.4,True,True,True,False,0,0.0,
2949,Rev9,9,W102,AE-3200,CH-B,EXT-02,Extreme Edge,0.96,49.1,41.1,41.54,39.22,1850.8,False,True,True,False,1,1.84,pressure_spike
2950,Rev9,9,W102,AE-3200,CH-B,EXT-03,Extreme Edge,0.96,81.8,40.15,41.57,38.07,1840.8,True,True,True,False,0,0.0,
2951,Rev9,9,W102,AE-3200,CH-B,EXT-04,Extreme Edge,0.96,114.5,39.84,40.27,38.65,1786.9,True,True,True,False,0,0.0,
2952,Rev9,9,W102,AE-3200,CH-B,EXT-05,Extreme Edge,0.96,147.3,39.03,42.96,37.19,1882.6,True,False,True,False,2,12.0,polymer_residue
2953,Rev9,9,W102,AE-3200,CH-B,EXT-06,Extreme Edge,0.96,180.0,39.22,41.77,39.72,1848.1,True,True,True,False,0,0.0,
2954,Rev9,9,W102,AE-3200,CH-B,EXT-07,Extreme Edge,0.96,212.7,40.56,40.83,39.1,1831.1,False,True,True,False,0,0.0,
2955,Rev9,9,W102,AE-3200,CH-B,EXT-08,Extreme Edge,0.96,245.5,39.86,41.71,37.96,1814.8,True,True,True,False,0,0.0,
2956,Rev9,9,W102,AE-3200,CH-B,EXT-09,Extreme Edge,0.96,278.2,39.61,41.35,40.39,1887.1,True,True,True,False,0,0.0,
2957,Rev9,9,W102,AE-3200,CH-B,EXT-10,Extreme Edge,0.96,310.9,39.67,41.96,38.71,1879.0,True,True,True,False,0,0.0,
2958,Rev9,9,W102,AE-3200,CH-B,EXT-11,Extreme Edge,0.96,343.6,38.39,42.34,37.67,1760.1,True,False,True,False,2,6.45,arc_event
2959,Base,0,W103,AE-3200,CH-A,C1,Center,0.0,0.0,40.08,39.19,36.62,1606.2,True,True,True,True,0,0.0,
2960,Base,0,W103,AE-3200,CH-A,MID-01,Mid,0.52,30.0,41.49,39.93,37.19,1586.1,False,True,True,True,0,0.0,
2961,Base,0,W103,AE-3200,CH-A,MID-02,Mid,0.52,90.0,40.55,39.34,35.14,1599.1,False,True,True,True,0,0.0,
2962,Base,0,W103,AE-3200,CH-A,MID-03,Mid,0.52,150.0,40.97,41.44,36.33,1618.4,False,True,True,True,0,0.0,
2963,Base,0,W103,AE-3200,CH-A,MID-04,Mid,0.52,210.0,40.58,38.24,36.69,1636.5,False,True,True,True,1,4.76,
2964,Base,0,W103,AE-3200,CH-A,MID-05,Mid,0.52,270.0,41.63,38.4,37.28,1583.5,False,True,True,True,1,2.63,
2965,Base,0,W103,AE-3200,CH-A,MID-06,Mid,0.52,330.0,40.56,39.96,39.3,1581.5,False,True,True,True,0,0.0,
2966,Base,0,W103,AE-3200,CH-A,EDG-01,Edge,0.84,0.0,41.29,41.04,37.68,1612.6,False,True,True,True,1,4.84,polymer_residue
2967,Base,0,W103,AE-3200,CH-A,EDG-02,Edge,0.84,32.7,42.66,40.85,37.9,1535.7,False,True,True,False,1,5.9,pressure_spike
2968,Base,0,W103,AE-3200,CH-A,EDG-03,Edge,0.84,65.5,42.27,41.5,36.26,1518.1,False,True,True,False,1,4.48,
2969,Base,0,W103,AE-3200,CH-A,EDG-04,Edge,0.84,98.2,42.43,40.66,38.13,1665.0,False,True,True,True,1,6.01,esc_temp_drift
2970,Base,0,W103,AE-3200,CH-A,EDG-05,Edge,0.84,130.9,41.43,39.49,37.95,1629.2,False,True,True,True,1,5.17,
2971,Base,0,W103,AE-3200,CH-A,EDG-06,Edge,0.84,163.6,41.91,42.18,37.88,1619.7,False,False,True,True,0,0.0,
2972,Base,0,W103,AE-3200,CH-A,EDG-07,Edge,0.84,196.4,42.25,41.4,38.92,1650.1,False,True,True,True,1,2.33,endpoint_late
2973,Base,0,W103,AE-3200,CH-A,EDG-08,Edge,0.84,229.1,41.82,40.44,37.84,1663.6,False,True,True,True,0,0.0,
2974,Base,0,W103,AE-3200,CH-A,EDG-09,Edge,0.84,261.8,40.57,40.99,36.17,1561.8,False,True,True,False,0,0.0,
2975,Base,0,W103,AE-3200,CH-A,EDG-10,Edge,0.84,294.5,41.19,39.71,36.25,1541.2,False,True,True,False,0,0.0,
2976,Base,0,W103,AE-3200,CH-A,EDG-11,Edge,0.84,327.3,42.53,40.95,37.63,1593.8,False,True,True,True,0,0.0,
2977,Base,0,W103,AE-3200,CH-A,EXT-01,Extreme Edge,0.96,16.4,43.18,40.2,38.16,1546.0,False,True,True,False,0,0.0,
2978,Base,0,W103,AE-3200,CH-A,EXT-02,Extreme Edge,0.96,49.1,42.47,41.15,36.76,1555.4,False,True,True,False,1,3.76,polymer_residue
2979,Base,0,W103,AE-3200,CH-A,EXT-03,Extreme Edge,0.96,81.8,42.54,41.51,39.46,1672.2,False,True,True,True,0,0.0,
2980,Base,0,W103,AE-3200,CH-A,EXT-04,Extreme Edge,0.96,114.5,42.77,39.85,36.78,1671.8,False,True,True,True,1,2.25,
2981,Base,0,W103,AE-3200,CH-A,EXT-05,Extreme Edge,0.96,147.3,42.07,42.17,37.03,1655.6,False,False,True,True,1,4.84,polymer_residue
2982,Base,0,W103,AE-3200,CH-A,EXT-06,Extreme Edge,0.96,180.0,42.0,41.16,38.38,1642.0,False,True,True,True,1,2.02,
2983,Base,0,W103,AE-3200,CH-A,EXT-07,Extreme Edge,0.96,212.7,42.82,41.66,39.07,1585.1,False,True,True,True,3,12.41,
2984,Base,0,W103,AE-3200,CH-A,EXT-08,Extreme Edge,0.96,245.5,43.52,39.77,38.01,1639.6,False,True,True,True,1,4.51,
2985,Base,0,W103,AE-3200,CH-A,EXT-09,Extreme Edge,0.96,278.2,41.77,40.27,38.65,1608.0,False,True,True,True,0,0.0,
2986,Base,0,W103,AE-3200,CH-A,EXT-10,Extreme Edge,0.96,310.9,42.15,41.25,36.37,1606.2,False,True,True,True,0,0.0,
2987,Base,0,W103,AE-3200,CH-A,EXT-11,Extreme Edge,0.96,343.6,42.8,41.21,36.62,1599.5,False,True,True,True,0,0.0,
2988,Rev11,11,W104,PX-7500,CH-D,C1,Center,0.0,0.0,37.86,41.02,38.06,1656.7,True,True,True,True,0,0.0,
2989,Rev11,11,W104,PX-7500,CH-D,MID-01,Mid,0.52,30.0,38.07,39.98,38.4,1786.0,True,True,True,False,0,0.0,
2990,Rev11,11,W104,PX-7500,CH-D,MID-02,Mid,0.52,90.0,38.64,39.48,38.16,1790.9,True,True,True,False,1,5.62,polymer_residue
2991,Rev11,11,W104,PX-7500,CH-D,MID-03,Mid,0.52,150.0,39.45,40.26,35.74,1791.5,True,True,True,False,1,6.0,
2992,Rev11,11,W104,PX-7500,CH-D,MID-04,Mid,0.52,210.0,39.34,41.39,36.84,1684.1,True,True,True,True,0,0.0,
2993,Rev11,11,W104,PX-7500,CH-D,MID-05,Mid,0.52,270.0,39.02,40.82,39.09,1611.8,True,True,True,True,0,0.0,
2994,Rev11,11,W104,PX-7500,CH-D,MID-06,Mid,0.52,330.0,38.3,41.2,37.47,1780.5,True,True,True,False,1,4.66,
2995,Rev11,11,W104,PX-7500,CH-D,EDG-01,Edge,0.84,0.0,39.74,40.48,38.96,1717.6,True,True,True,True,0,0.0,
2996,Rev11,11,W104,PX-7500,CH-D,EDG-02,Edge,0.84,32.7,40.55,42.83,36.73,1760.5,False,False,True,False,0,0.0,
2997,Rev11,11,W104,PX-7500,CH-D,EDG-03,Edge,0.84,65.5,39.58,39.84,38.85,1738.4,True,True,True,True,0,0.0,
2998,Rev11,11,W104,PX-7500,CH-D,EDG-04,Edge,0.84,98.2,39.77,40.24,38.67,1716.5,True,True,True,True,0,0.0,
2999,Rev11,11,W104,PX-7500,CH-D,EDG-05,Edge,0.84,130.9,40.08,43.04,40.41,1840.7,True,False,False,False,0,0.0,
3000,Rev11,11,W104,PX-7500,CH-D,EDG-06,Edge,0.84,163.6,39.82,40.99,38.91,1743.8,True,True,True,True,0,0.0,
3001,Rev11,11,W104,PX-7500,CH-D,EDG-07,Edge,0.84,196.4,41.36,42.06,35.85,1737.5,False,False,True,True,0,0.0,
3002,Rev11,11,W104,PX-7500,CH-D,EDG-08,Edge,0.84,229.1,40.0,41.63,39.04,1810.7,True,True,True,False,1,3.96,endpoint_late
3003,Rev11,11,W104,PX-7500,CH-D,EDG-09,Edge,0.84,261.8,39.31,41.16,39.19,1799.4,True,True,True,False,0,0.0,
3004,Rev11,11,W104,PX-7500,CH-D,EDG-10,Edge,0.84,294.5,38.58,41.37,39.6,1767.1,True,True,True,False,0,0.0,
3005,Rev11,11,W104,PX-7500,CH-D,EDG-11,Edge,0.84,327.3,40.63,39.71,40.6,1673.4,False,True,False,True,0,0.0,
3006,Rev11,11,W104,PX-7500,CH-D,EXT-01,Extreme Edge,0.96,16.4,39.98,41.31,39.21,1764.3,True,True,True,False,2,5.72,
3007,Rev11,11,W104,PX-7500,CH-D,EXT-02,Extreme Edge,0.96,49.1,40.32,41.96,39.4,1795.5,True,True,True,False,0,0.0,
3008,Rev11,11,W104,PX-7500,CH-D,EXT-03,Extreme Edge,0.96,81.8,40.08,41.9,37.75,1843.7,True,True,True,False,1,5.3,arc_event
3009,Rev11,11,W104,PX-7500,CH-D,EXT-04,Extreme Edge,0.96,114.5,40.42,40.28,38.62,1852.2,False,True,True,False,0,0.0,
3010,Rev11,11,W104,PX-7500,CH-D,EXT-05,Extreme Edge,0.96,147.3,41.44,41.68,37.25,1731.3,False,True,True,True,1,4.2,polymer_residue
3011,Rev11,11,W104,PX-7500,CH-D,EXT-06,Extreme Edge,0.96,180.0,40.61,41.25,36.94,1796.4,False,True,True,False,2,11.44,
3012,Rev11,11,W104,PX-7500,CH-D,EXT-07,Extreme Edge,0.96,212.7,40.79,40.39,40.06,1806.3,False,True,True,False,0,0.0,
3013,Rev11,11,W104,PX-7500,CH-D,EXT-08,Extreme Edge,0.96,245.5,40.17,41.32,36.1,1816.1,True,True,True,False,0,0.0,
3014,Rev11,11,W104,PX-7500,CH-D,EXT-09,Extreme Edge,0.96,278.2,40.68,42.51,36.63,1787.2,False,False,True,False,1,2.45,
3015,Rev11,11,W104,PX-7500,CH-D,EXT-10,Extreme Edge,0.96,310.9,39.7,42.16,38.79,1732.0,True,False,True,True,0,0.0,
3016,Rev11,11,W104,PX-7500,CH-D,EXT-11,Extreme Edge,0.96,343.6,40.07,41.26,38.36,1782.8,True,True,True,False,0,0.0,
3017,Rev8,8,W105,AE-3200,CH-A,C1,Center,0.0,0.0,37.98,37.51,37.58,1773.9,True,False,True,False,0,0.0,
3018,Rev8,8,W105,AE-3200,CH-A,MID-01,Mid,0.52,30.0,37.51,38.17,39.11,1721.4,True,True,True,True,0,0.0,
3019,Rev8,8,W105,AE-3200,CH-A,MID-02,Mid,0.52,90.0,37.08,40.23,34.59,1782.4,True,True,True,False,0,0.0,
3020,Rev8,8,W105,AE-3200,CH-A,MID-03,Mid,0.52,150.0,37.32,39.99,36.23,1747.8,True,True,True,True,0,0.0,
3021,Rev8,8,W105,AE-3200,CH-A,MID-04,Mid,0.52,210.0,37.85,40.42,37.45,1847.5,True,True,True,False,1,5.21,polymer_residue
3022,Rev8,8,W105,AE-3200,CH-A,MID-05,Mid,0.52,270.0,38.54,39.29,36.83,1763.1,True,True,True,False,0,0.0,
3023,Rev8,8,W105,AE-3200,CH-A,MID-06,Mid,0.52,330.0,36.88,40.26,35.99,1735.6,True,True,True,True,0,0.0,
3024,Rev8,8,W105,AE-3200,CH-A,EDG-01,Edge,0.84,0.0,38.45,40.55,35.85,1770.6,True,True,True,False,1,4.05,endpoint_late
3025,Rev8,8,W105,AE-3200,CH-A,EDG-02,Edge,0.84,32.7,38.51,39.9,37.48,1790.1,True,True,True,False,1,3.52,polymer_residue
3026,Rev8,8,W105,AE-3200,CH-A,EDG-03,Edge,0.84,65.5,38.73,40.84,39.95,1750.9,True,True,True,True,1,2.18,polymer_residue
3027,Rev8,8,W105,AE-3200,CH-A,EDG-04,Edge,0.84,98.2,37.3,39.44,36.08,1787.8,True,True,True,False,0,0.0,
3028,Rev8,8,W105,AE-3200,CH-A,EDG-05,Edge,0.84,130.9,37.54,41.02,36.65,1794.0,True,True,True,False,1,5.71,
3029,Rev8,8,W105,AE-3200,CH-A,EDG-06,Edge,0.84,163.6,39.11,40.75,38.43,1851.7,True,True,True,False,0,0.0,
3030,Rev8,8,W105,AE-3200,CH-A,EDG-07,Edge,0.84,196.4,38.53,41.66,37.32,1763.6,True,True,True,False,1,5.7,
3031,Rev8,8,W105,AE-3200,CH-A,EDG-08,Edge,0.84,229.1,37.83,41.4,37.0,1721.9,True,True,True,True,0,0.0,
3032,Rev8,8,W105,AE-3200,CH-A,EDG-09,Edge,0.84,261.8,39.15,39.93,38.95,1832.0,True,True,True,False,0,0.0,
3033,Rev8,8,W105,AE-3200,CH-A,EDG-10,Edge,0.84,294.5,38.8,40.21,38.95,1819.6,True,True,True,False,0,0.0,
3034,Rev8,8,W105,AE-3200,CH-A,EDG-11,Edge,0.84,327.3,37.5,41.38,36.66,1745.7,True,True,True,True,0,0.0,
3035,Rev8,8,W105,AE-3200,CH-A,EXT-01,Extreme Edge,0.96,16.4,40.23,41.82,35.67,1787.1,True,True,True,False,0,0.0,
3036,Rev8,8,W105,AE-3200,CH-A,EXT-02,Extreme Edge,0.96,49.1,39.62,41.4,38.54,1788.8,True,True,True,False,0,0.0,
3037,Rev8,8,W105,AE-3200,CH-A,EXT-03,Extreme Edge,0.96,81.8,38.66,43.03,36.11,1748.2,True,False,True,True,0,0.0,
3038,Rev8,8,W105,AE-3200,CH-A,EXT-04,Extreme Edge,0.96,114.5,38.83,40.02,39.36,1839.7,True,True,True,False,0,0.0,
3039,Rev8,8,W105,AE-3200,CH-A,EXT-05,Extreme Edge,0.96,147.3,39.52,41.39,39.81,1851.4,True,True,True,False,1,3.6,
3040,Rev8,8,W105,AE-3200,CH-A,EXT-06,Extreme Edge,0.96,180.0,39.82,40.65,37.78,1708.6,True,True,True,True,0,0.0,
3041,Rev8,8,W105,AE-3200,CH-A,EXT-07,Extreme Edge,0.96,212.7,39.72,40.51,39.0,1798.9,True,True,True,False,1,3.14,esc_temp_drift
3042,Rev8,8,W105,AE-3200,CH-A,EXT-08,Extreme Edge,0.96,245.5,38.31,41.4,38.9,1720.7,True,True,True,True,0,0.0,
3043,Rev8,8,W105,AE-3200,CH-A,EXT-09,Extreme Edge,0.96,278.2,39.47,41.78,39.71,1835.9,True,True,True,False,0,0.0,
3044,Rev8,8,W105,AE-3200,CH-A,EXT-10,Extreme Edge,0.96,310.9,40.23,40.38,35.92,1871.6,True,True,True,False,1,3.45,
3045,Rev8,8,W105,AE-3200,CH-A,EXT-11,Extreme Edge,0.96,343.6,39.18,41.15,39.52,1767.5,True,True,True,False,1,3.98,
3046,Rev6,6,W106,PX-7500,CH-C,C1,Center,0.0,0.0,36.68,38.21,37.6,1737.9,True,True,True,True,0,0.0,
3047,Rev6,6,W106,PX-7500,CH-C,MID-01,Mid,0.52,30.0,37.4,40.37,36.11,1727.9,True,True,True,True,0,0.0,
3048,Rev6,6,W106,PX-7500,CH-C,MID-02,Mid,0.52,90.0,38.03,40.19,36.98,1652.0,True,True,True,True,0,0.0,
3049,Rev6,6,W106,PX-7500,CH-C,MID-03,Mid,0.52,150.0,37.19,37.87,34.8,1643.2,True,True,True,True,0,0.0,
3050,Rev6,6,W106,PX-7500,CH-C,MID-04,Mid,0.52,210.0,38.27,40.11,34.6,1624.3,True,True,True,True,0,0.0,
3051,Rev6,6,W106,PX-7500,CH-C,MID-05,Mid,0.52,270.0,37.4,38.39,35.04,1689.3,True,True,True,True,0,0.0,
3052,Rev6,6,W106,PX-7500,CH-C,MID-06,Mid,0.52,330.0,37.86,39.01,33.97,1669.2,True,True,False,True,0,0.0,
3053,Rev6,6,W106,PX-7500,CH-C,EDG-01,Edge,0.84,0.0,38.94,40.48,34.32,1678.8,True,True,True,True,0,0.0,
3054,Rev6,6,W106,PX-7500,CH-C,EDG-02,Edge,0.84,32.7,37.8,40.87,34.66,1708.3,True,True,True,True,0,0.0,
3055,Rev6,6,W106,PX-7500,CH-C,EDG-03,Edge,0.84,65.5,37.85,40.0,37.88,1637.1,True,True,True,True,1,1.85,esc_temp_drift
3056,Rev6,6,W106,PX-7500,CH-C,EDG-04,Edge,0.84,98.2,39.17,39.69,35.68,1598.7,True,True,True,True,0,0.0,
3057,Rev6,6,W106,PX-7500,CH-C,EDG-05,Edge,0.84,130.9,39.33,39.22,34.37,1729.7,True,True,True,True,1,5.66,endpoint_late
3058,Rev6,6,W106,PX-7500,CH-C,EDG-06,Edge,0.84,163.6,39.46,40.29,35.92,1726.3,True,True,True,True,0,0.0,
3059,Rev6,6,W106,PX-7500,CH-C,EDG-07,Edge,0.84,196.4,38.92,38.55,35.18,1635.3,True,True,True,True,0,0.0,
3060,Rev6,6,W106,PX-7500,CH-C,EDG-08,Edge,0.84,229.1,39.48,39.36,37.07,1657.5,True,True,True,True,2,8.26,
3061,Rev6,6,W106,PX-7500,CH-C,EDG-09,Edge,0.84,261.8,38.98,40.18,34.5,1677.9,True,True,True,True,0,0.0,
3062,Rev6,6,W106,PX-7500,CH-C,EDG-10,Edge,0.84,294.5,38.48,38.72,36.95,1608.1,True,True,True,True,1,2.9,
3063,Rev6,6,W106,PX-7500,CH-C,EDG-11,Edge,0.84,327.3,38.16,40.45,35.07,1620.4,True,True,True,True,0,0.0,
3064,Rev6,6,W106,PX-7500,CH-C,EXT-01,Extreme Edge,0.96,16.4,38.62,40.16,37.38,1644.6,True,True,True,True,0,0.0,
3065,Rev6,6,W106,PX-7500,CH-C,EXT-02,Extreme Edge,0.96,49.1,38.74,40.16,36.94,1715.8,True,True,True,True,0,0.0,
3066,Rev6,6,W106,PX-7500,CH-C,EXT-03,Extreme Edge,0.96,81.8,39.11,39.41,37.0,1627.9,True,True,True,True,2,5.41,
3067,Rev6,6,W106,PX-7500,CH-C,EXT-04,Extreme Edge,0.96,114.5,39.37,40.02,37.02,1709.0,True,True,True,True,0,0.0,
3068,Rev6,6,W106,PX-7500,CH-C,EXT-05,Extreme Edge,0.96,147.3,39.2,40.75,35.65,1606.6,True,True,True,True,0,0.0,
3069,Rev6,6,W106,PX-7500,CH-C,EXT-06,Extreme Edge,0.96,180.0,39.52,40.07,37.18,1733.6,True,True,True,True,0,0.0,
3070,Rev6,6,W106,PX-7500,CH-C,EXT-07,Extreme Edge,0.96,212.7,39.05,40.15,35.69,1628.4,True,True,True,True,0,0.0,
3071,Rev6,6,W106,PX-7500,CH-C,EXT-08,Extreme Edge,0.96,245.5,38.09,41.26,37.6,1659.3,True,True,True,True,0,0.0,
3072,Rev6,6,W106,PX-7500,CH-C,EXT-09,Extreme Edge,0.96,278.2,39.28,40.29,33.72,1725.3,True,True,False,True,1,6.47,polymer_residue
3073,Rev6,6,W106,PX-7500,CH-C,EXT-10,Extreme Edge,0.96,310.9,38.96,41.16,33.87,1677.4,True,True,False,True,1,3.29,polymer_residue
3074,Rev6,6,W106,PX-7500,CH-C,EXT-11,Extreme Edge,0.96,343.6,39.58,40.4,34.52,1692.6,True,True,True,True,0,0.0,
3075,Rev11,11,W107,PX-7500,CH-D,C1,Center,0.0,0.0,39.52,40.77,36.2,1673.2,True,True,True,True,2,9.56,arc_event
3076,Rev11,11,W107,PX-7500,CH-D,MID-01,Mid,0.52,30.0,39.97,40.27,36.62,1753.9,True,True,True,True,0,0.0,
3077,Rev11,11,W107,PX-7500,CH-D,MID-02,Mid,0.52,90.0,39.51,40.06,39.82,1767.6,True,True,True,False,1,6.34,esc_temp_drift
3078,Rev11,11,W107,PX-7500,CH-D,MID-03,Mid,0.52,150.0,39.27,39.49,38.96,1704.6,True,True,True,True,0,0.0,
3079,Rev11,11,W107,PX-7500,CH-D,MID-04,Mid,0.52,210.0,38.88,40.48,38.21,1682.9,True,True,True,True,0,0.0,
3080,Rev11,11,W107,PX-7500,CH-D,MID-05,Mid,0.52,270.0,38.32,38.32,37.51,1704.3,True,True,True,True,0,0.0,
3081,Rev11,11,W107,PX-7500,CH-D,MID-06,Mid,0.52,330.0,38.15,40.92,36.35,1733.7,True,True,True,True,0,0.0,
3082,Rev11,11,W107,PX-7500,CH-D,EDG-01,Edge,0.84,0.0,40.43,41.17,38.67,1758.3,False,True,True,True,0,0.0,
3083,Rev11,11,W107,PX-7500,CH-D,EDG-02,Edge,0.84,32.7,40.4,39.88,38.78,1725.8,False,True,True,True,0,0.0,
3084,Rev11,11,W107,PX-7500,CH-D,EDG-03,Edge,0.84,65.5,40.27,40.67,39.4,1744.8,True,True,True,True,2,5.97,
3085,Rev11,11,W107,PX-7500,CH-D,EDG-04,Edge,0.84,98.2,39.91,39.66,38.9,1813.7,True,True,True,False,1,5.94,endpoint_late
3086,Rev11,11,W107,PX-7500,CH-D,EDG-05,Edge,0.84,130.9,39.74,41.71,38.0,1777.5,True,True,True,False,0,0.0,
3087,Rev11,11,W107,PX-7500,CH-D,EDG-06,Edge,0.84,163.6,39.89,39.73,39.17,1736.4,True,True,True,True,0,0.0,
3088,Rev11,11,W107,PX-7500,CH-D,EDG-07,Edge,0.84,196.4,39.33,39.96,38.22,1742.0,True,True,True,True,2,4.7,
3089,Rev11,11,W107,PX-7500,CH-D,EDG-08,Edge,0.84,229.1,40.93,40.86,39.25,1782.3,False,True,True,False,2,9.74,
3090,Rev11,11,W107,PX-7500,CH-D,EDG-09,Edge,0.84,261.8,39.95,40.83,39.87,1678.8,True,True,True,True,0,0.0,
3091,Rev11,11,W107,PX-7500,CH-D,EDG-10,Edge,0.84,294.5,41.22,40.36,37.79,1799.3,False,True,True,False,0,0.0,
3092,Rev11,11,W107,PX-7500,CH-D,EDG-11,Edge,0.84,327.3,40.78,42.72,37.42,1754.0,False,False,True,True,0,0.0,
3093,Rev11,11,W107,PX-7500,CH-D,EXT-01,Extreme Edge,0.96,16.4,41.81,41.93,39.59,1778.7,False,True,True,False,0,0.0,
3094,Rev11,11,W107,PX-7500,CH-D,EXT-02,Extreme Edge,0.96,49.1,41.48,42.31,38.19,1783.5,False,False,True,False,2,8.05,endpoint_late
3095,Rev11,11,W107,PX-7500,CH-D,EXT-03,Extreme Edge,0.96,81.8,41.06,41.11,39.66,1821.8,False,True,True,False,2,6.62,polymer_residue
3096,Rev11,11,W107,PX-7500,CH-D,EXT-04,Extreme Edge,0.96,114.5,40.41,41.61,38.55,1763.3,False,True,True,False,3,8.58,polymer_residue
3097,Rev11,11,W107,PX-7500,CH-D,EXT-05,Extreme Edge,0.96,147.3,40.56,39.68,40.0,1786.6,False,True,True,False,0,0.0,
3098,Rev11,11,W107,PX-7500,CH-D,EXT-06,Extreme Edge,0.96,180.0,41.22,41.45,38.32,1686.6,False,True,True,True,2,7.55,endpoint_late
3099,Rev11,11,W107,PX-7500,CH-D,EXT-07,Extreme Edge,0.96,212.7,41.0,40.04,41.23,1751.7,False,True,False,True,1,2.8,
3100,Rev11,11,W107,PX-7500,CH-D,EXT-08,Extreme Edge,0.96,245.5,40.64,40.49,39.31,1761.5,False,True,True,False,0,0.0,
3101,Rev11,11,W107,PX-7500,CH-D,EXT-09,Extreme Edge,0.96,278.2,42.17,42.17,38.37,1726.4,False,False,True,True,0,0.0,
3102,Rev11,11,W107,PX-7500,CH-D,EXT-10,Extreme Edge,0.96,310.9,41.75,40.76,36.25,1814.7,False,True,True,False,1,2.91,endpoint_late
3103,Rev11,11,W107,PX-7500,CH-D,EXT-11,Extreme Edge,0.96,343.6,40.41,42.16,38.53,1768.2,False,False,True,False,0,0.0,
3104,Base,0,W108,AE-3200,CH-A,C1,Center,0.0,0.0,40.29,38.24,37.23,1533.0,True,True,True,False,1,5.98,
3105,Base,0,W108,AE-3200,CH-A,MID-01,Mid,0.52,30.0,40.12,40.09,37.99,1491.7,True,True,True,False,0,0.0,
3106,Base,0,W108,AE-3200,CH-A,MID-02,Mid,0.52,90.0,40.31,40.19,37.06,1610.3,True,True,True,True,0,0.0,
3107,Base,0,W108,AE-3200,CH-A,MID-03,Mid,0.52,150.0,41.37,41.2,35.49,1582.4,False,True,True,True,0,0.0,
3108,Base,0,W108,AE-3200,CH-A,MID-04,Mid,0.52,210.0,40.65,40.63,38.67,1522.9,False,True,True,False,0,0.0,
3109,Base,0,W108,AE-3200,CH-A,MID-05,Mid,0.52,270.0,39.74,39.38,38.64,1566.7,True,True,True,False,0,0.0,
3110,Base,0,W108,AE-3200,CH-A,MID-06,Mid,0.52,330.0,40.14,38.01,37.68,1587.1,True,True,True,True,0,0.0,
3111,Base,0,W108,AE-3200,CH-A,EDG-01,Edge,0.84,0.0,41.27,41.71,38.94,1583.8,False,True,True,True,1,4.23,
3112,Base,0,W108,AE-3200,CH-A,EDG-02,Edge,0.84,32.7,40.96,41.67,37.99,1531.8,False,True,True,False,0,0.0,
3113,Base,0,W108,AE-3200,CH-A,EDG-03,Edge,0.84,65.5,40.78,40.17,40.12,1568.3,False,True,True,False,1,2.49,polymer_residue
3114,Base,0,W108,AE-3200,CH-A,EDG-04,Edge,0.84,98.2,42.43,40.43,36.33,1605.7,False,True,True,True,0,0.0,
3115,Base,0,W108,AE-3200,CH-A,EDG-05,Edge,0.84,130.9,41.77,39.79,39.41,1531.5,False,True,True,False,1,2.73,esc_temp_drift
3116,Base,0,W108,AE-3200,CH-A,EDG-06,Edge,0.84,163.6,41.27,39.67,37.72,1689.1,False,True,True,True,1,3.29,polymer_residue
3117,Base,0,W108,AE-3200,CH-A,EDG-07,Edge,0.84,196.4,42.55,41.38,38.92,1578.1,False,True,True,False,1,3.1,arc_event
3118,Base,0,W108,AE-3200,CH-A,EDG-08,Edge,0.84,229.1,41.49,41.66,38.09,1592.0,False,True,True,True,0,0.0,
3119,Base,0,W108,AE-3200,CH-A,EDG-09,Edge,0.84,261.8,41.56,40.73,38.15,1647.9,False,True,True,True,2,4.61,
3120,Base,0,W108,AE-3200,CH-A,EDG-10,Edge,0.84,294.5,41.27,40.24,37.68,1604.1,False,True,True,True,1,4.81,esc_temp_drift
3121,Base,0,W108,AE-3200,CH-A,EDG-11,Edge,0.84,327.3,41.36,40.75,38.04,1640.3,False,True,True,True,1,1.94,endpoint_late
3122,Base,0,W108,AE-3200,CH-A,EXT-01,Extreme Edge,0.96,16.4,42.79,41.58,38.75,1546.0,False,True,True,False,2,7.22,esc_temp_drift
3123,Base,0,W108,AE-3200,CH-A,EXT-02,Extreme Edge,0.96,49.1,42.61,41.49,39.31,1610.0,False,True,True,True,1,6.13,esc_temp_drift
3124,Base,0,W108,AE-3200,CH-A,EXT-03,Extreme Edge,0.96,81.8,42.44,40.19,36.38,1571.9,False,True,True,False,3,7.74,polymer_residue
3125,Base,0,W108,AE-3200,CH-A,EXT-04,Extreme Edge,0.96,114.5,41.33,40.46,40.87,1620.4,False,True,False,True,2,11.33,
3126,Base,0,W108,AE-3200,CH-A,EXT-05,Extreme Edge,0.96,147.3,41.59,40.85,38.77,1581.7,False,True,True,True,0,0.0,
3127,Base,0,W108,AE-3200,CH-A,EXT-06,Extreme Edge,0.96,180.0,40.75,40.28,37.04,1549.8,False,True,True,False,0,0.0,
3128,Base,0,W108,AE-3200,CH-A,EXT-07,Extreme Edge,0.96,212.7,41.71,41.09,40.33,1727.7,False,True,True,True,0,0.0,
3129,Base,0,W108,AE-3200,CH-A,EXT-08,Extreme Edge,0.96,245.5,42.89,40.6,38.65,1682.9,False,True,True,True,1,4.98,
3130,Base,0,W108,AE-3200,CH-A,EXT-09,Extreme Edge,0.96,278.2,42.26,42.19,38.94,1579.8,False,False,True,False,0,0.0,
3131,Base,0,W108,AE-3200,CH-A,EXT-10,Extreme Edge,0.96,310.9,41.09,41.43,40.71,1630.1,False,True,False,True,1,2.25,polymer_residue
3132,Base,0,W108,AE-3200,CH-A,EXT-11,Extreme Edge,0.96,343.6,41.71,40.84,35.02,1601.6,False,True,True,True,0,0.0,
3133,Rev8,8,W109,AE-3200,CH-A,C1,Center,0.0,0.0,37.28,39.96,36.95,1790.1,True,True,True,False,0,0.0,
3134,Rev8,8,W109,AE-3200,CH-A,MID-01,Mid,0.52,30.0,37.08,40.32,37.07,1714.6,True,True,True,True,1,3.63,polymer_residue
3135,Rev8,8,W109,AE-3200,CH-A,MID-02,Mid,0.52,90.0,38.33,40.33,33.61,1744.2,True,True,False,True,2,10.03,arc_event
3136,Rev8,8,W109,AE-3200,CH-A,MID-03,Mid,0.52,150.0,39.15,39.38,37.73,1805.5,True,True,True,False,1,4.26,polymer_residue
3137,Rev8,8,W109,AE-3200,CH-A,MID-04,Mid,0.52,210.0,37.8,40.09,39.03,1753.1,True,True,True,True,0,0.0,
3138,Rev8,8,W109,AE-3200,CH-A,MID-05,Mid,0.52,270.0,37.04,40.47,38.68,1673.1,True,True,True,True,0,0.0,
3139,Rev8,8,W109,AE-3200,CH-A,MID-06,Mid,0.52,330.0,38.28,39.16,36.13,1764.1,True,True,True,False,0,0.0,
3140,Rev8,8,W109,AE-3200,CH-A,EDG-01,Edge,0.84,0.0,38.69,40.22,36.2,1742.5,True,True,True,True,0,0.0,
3141,Rev8,8,W109,AE-3200,CH-A,EDG-02,Edge,0.84,32.7,38.78,41.31,38.24,1721.4,True,True,True,True,0,0.0,
3142,Rev8,8,W109,AE-3200,CH-A,EDG-03,Edge,0.84,65.5,38.87,39.0,35.5,1809.3,True,True,True,False,1,5.75,esc_temp_drift
3143,Rev8,8,W109,AE-3200,CH-A,EDG-04,Edge,0.84,98.2,39.09,41.28,36.94,1750.5,True,True,True,True,0,0.0,
3144,Rev8,8,W109,AE-3200,CH-A,EDG-05,Edge,0.84,130.9,38.33,40.41,37.52,1769.7,True,True,True,False,0,0.0,
3145,Rev8,8,W109,AE-3200,CH-A,EDG-06,Edge,0.84,163.6,38.7,40.35,38.5,1825.5,True,True,True,False,1,5.2,
3146,Rev8,8,W109,AE-3200,CH-A,EDG-07,Edge,0.84,196.4,38.39,40.37,36.85,1791.5,True,True,True,False,0,0.0,
3147,Rev8,8,W109,AE-3200,CH-A,EDG-08,Edge,0.84,229.1,40.21,40.34,35.82,1733.3,True,True,True,True,0,0.0,
3148,Rev8,8,W109,AE-3200,CH-A,EDG-09,Edge,0.84,261.8,39.71,39.73,37.97,1798.3,True,True,True,False,0,0.0,
3149,Rev8,8,W109,AE-3200,CH-A,EDG-10,Edge,0.84,294.5,38.67,40.89,38.94,1742.7,True,True,True,True,0,0.0,
3150,Rev8,8,W109,AE-3200,CH-A,EDG-11,Edge,0.84,327.3,38.31,41.52,36.26,1797.0,True,True,True,False,0,0.0,
3151,Rev8,8,W109,AE-3200,CH-A,EXT-01,Extreme Edge,0.96,16.4,39.45,41.91,37.6,1842.5,True,True,True,False,0,0.0,
3152,Rev8,8,W109,AE-3200,CH-A,EXT-02,Extreme Edge,0.96,49.1,38.31,41.1,37.49,1805.1,True,True,True,False,0,0.0,
3153,Rev8,8,W109,AE-3200,CH-A,EXT-03,Extreme Edge,0.96,81.8,40.32,42.32,37.91,1816.4,True,False,True,False,1,2.27,endpoint_late
3154,Rev8,8,W109,AE-3200,CH-A,EXT-04,Extreme Edge,0.96,114.5,39.31,40.17,39.41,1764.3,True,True,True,False,0,0.0,
3155,Rev8,8,W109,AE-3200,CH-A,EXT-05,Extreme Edge,0.96,147.3,41.12,40.12,35.17,1808.2,False,True,True,False,0,0.0,
3156,Rev8,8,W109,AE-3200,CH-A,EXT-06,Extreme Edge,0.96,180.0,38.02,41.88,40.1,1774.9,True,True,True,False,0,0.0,
3157,Rev8,8,W109,AE-3200,CH-A,EXT-07,Extreme Edge,0.96,212.7,40.8,41.57,37.23,1810.2,False,True,True,False,2,6.88,polymer_residue
3158,Rev8,8,W109,AE-3200,CH-A,EXT-08,Extreme Edge,0.96,245.5,39.43,39.51,35.0,1746.4,True,True,True,True,0,0.0,
3159,Rev8,8,W109,AE-3200,CH-A,EXT-09,Extreme Edge,0.96,278.2,39.73,40.89,39.34,1816.0,True,True,True,False,0,0.0,
3160,Rev8,8,W109,AE-3200,CH-A,EXT-10,Extreme Edge,0.96,310.9,39.74,41.34,39.22,1712.2,True,True,True,True,0,0.0,
3161,Rev8,8,W109,AE-3200,CH-A,EXT-11,Extreme Edge,0.96,343.6,39.02,40.77,37.23,1806.9,True,True,True,False,1,5.02,pressure_spike
3162,Rev4,4,W110,AE-3200,CH-A,C1,Center,0.0,0.0,39.95,40.13,39.39,1686.9,True,True,True,True,0,0.0,
3163,Rev4,4,W110,AE-3200,CH-A,MID-01,Mid,0.52,30.0,39.35,40.94,37.49,1704.5,True,True,True,True,0,0.0,
3164,Rev4,4,W110,AE-3200,CH-A,MID-02,Mid,0.52,90.0,40.25,42.01,37.1,1724.3,True,False,True,True,0,0.0,
3165,Rev4,4,W110,AE-3200,CH-A,MID-03,Mid,0.52,150.0,39.7,39.33,39.0,1725.5,True,True,True,True,0,0.0,
3166,Rev4,4,W110,AE-3200,CH-A,MID-04,Mid,0.52,210.0,39.75,41.83,39.25,1722.5,True,True,True,True,0,0.0,
3167,Rev4,4,W110,AE-3200,CH-A,MID-05,Mid,0.52,270.0,39.87,40.96,39.8,1672.8,True,True,True,True,0,0.0,
3168,Rev4,4,W110,AE-3200,CH-A,MID-06,Mid,0.52,330.0,40.36,42.94,38.92,1689.8,True,False,True,True,2,10.9,
3169,Rev4,4,W110,AE-3200,CH-A,EDG-01,Edge,0.84,0.0,42.08,41.17,39.6,1778.6,False,True,True,False,0,0.0,
3170,Rev4,4,W110,AE-3200,CH-A,EDG-02,Edge,0.84,32.7,40.56,42.39,36.16,1699.3,False,False,True,True,0,0.0,
3171,Rev4,4,W110,AE-3200,CH-A,EDG-03,Edge,0.84,65.5,42.55,41.14,36.37,1693.4,False,True,True,True,2,7.85,polymer_residue
3172,Rev4,4,W110,AE-3200,CH-A,EDG-04,Edge,0.84,98.2,41.32,39.96,39.37,1704.2,False,True,True,True,0,0.0,
3173,Rev4,4,W110,AE-3200,CH-A,EDG-05,Edge,0.84,130.9,41.41,40.76,36.0,1609.1,False,True,True,True,1,4.78,
3174,Rev4,4,W110,AE-3200,CH-A,EDG-06,Edge,0.84,163.6,41.17,42.2,40.28,1756.4,False,False,True,True,0,0.0,
3175,Rev4,4,W110,AE-3200,CH-A,EDG-07,Edge,0.84,196.4,41.34,40.86,37.5,1734.9,False,True,True,True,1,1.98,polymer_residue
3176,Rev4,4,W110,AE-3200,CH-A,EDG-08,Edge,0.84,229.1,41.17,40.71,36.74,1660.9,False,True,True,True,0,0.0,
3177,Rev4,4,W110,AE-3200,CH-A,EDG-09,Edge,0.84,261.8,41.56,41.84,40.93,1705.4,False,True,False,True,0,0.0,
3178,Rev4,4,W110,AE-3200,CH-A,EDG-10,Edge,0.84,294.5,40.5,41.52,37.88,1746.0,False,True,True,True,0,0.0,
3179,Rev4,4,W110,AE-3200,CH-A,EDG-11,Edge,0.84,327.3,41.18,41.26,39.64,1712.4,False,True,True,True,0,0.0,
3180,Rev4,4,W110,AE-3200,CH-A,EXT-01,Extreme Edge,0.96,16.4,42.27,41.54,39.14,1700.2,False,True,True,True,2,5.06,polymer_residue
3181,Rev4,4,W110,AE-3200,CH-A,EXT-02,Extreme Edge,0.96,49.1,42.72,42.13,39.55,1736.6,False,False,True,True,1,6.25,
3182,Rev4,4,W110,AE-3200,CH-A,EXT-03,Extreme Edge,0.96,81.8,42.35,42.12,38.66,1788.2,False,False,True,False,1,5.96,endpoint_late
3183,Rev4,4,W110,AE-3200,CH-A,EXT-04,Extreme Edge,0.96,114.5,42.41,42.94,38.8,1732.5,False,False,True,True,0,0.0,
3184,Rev4,4,W110,AE-3200,CH-A,EXT-05,Extreme Edge,0.96,147.3,41.29,41.18,36.75,1652.7,False,True,True,True,1,5.03,polymer_residue
3185,Rev4,4,W110,AE-3200,CH-A,EXT-06,Extreme Edge,0.96,180.0,43.22,43.24,42.1,1762.5,False,False,False,False,1,3.09,
3186,Rev4,4,W110,AE-3200,CH-A,EXT-07,Extreme Edge,0.96,212.7,42.86,40.99,39.65,1748.9,False,True,True,True,0,0.0,
3187,Rev4,4,W110,AE-3200,CH-A,EXT-08,Extreme Edge,0.96,245.5,41.21,42.02,40.15,1733.5,False,False,True,True,1,6.01,
3188,Rev4,4,W110,AE-3200,CH-A,EXT-09,Extreme Edge,0.96,278.2,40.62,42.37,40.37,1835.0,False,False,True,False,1,3.61,
3189,Rev4,4,W110,AE-3200,CH-A,EXT-10,Extreme Edge,0.96,310.9,42.21,41.8,38.28,1820.9,False,True,True,False,1,5.91,polymer_residue
3190,Rev4,4,W110,AE-3200,CH-A,EXT-11,Extreme Edge,0.96,343.6,41.6,41.32,38.67,1673.1,False,True,True,True,1,5.48,
3191,Base,0,W111,AE-3200,CH-A,C1,Center,0.0,0.0,39.84,41.21,39.8,1570.3,True,True,True,False,0,0.0,
3192,Base,0,W111,AE-3200,CH-A,MID-01,Mid,0.52,30.0,39.48,40.07,37.94,1577.2,True,True,True,False,0,0.0,
3193,Base,0,W111,AE-3200,CH-A,MID-02,Mid,0.52,90.0,39.38,40.8,38.79,1523.6,True,True,True,False,0,0.0,
3194,Base,0,W111,AE-3200,CH-A,MID-03,Mid,0.52,150.0,40.96,42.68,38.65,1639.4,False,False,True,True,0,0.0,
3195,Base,0,W111,AE-3200,CH-A,MID-04,Mid,0.52,210.0,40.91,41.08,39.93,1640.6,False,True,True,True,1,4.96,
3196,Base,0,W111,AE-3200,CH-A,MID-05,Mid,0.52,270.0,40.47,41.31,39.34,1665.2,False,True,True,True,0,0.0,
3197,Base,0,W111,AE-3200,CH-A,MID-06,Mid,0.52,330.0,39.79,40.6,42.48,1618.3,True,True,False,True,1,4.96,
3198,Base,0,W111,AE-3200,CH-A,EDG-01,Edge,0.84,0.0,42.01,41.9,39.7,1622.7,False,True,True,True,0,0.0,
3199,Base,0,W111,AE-3200,CH-A,EDG-02,Edge,0.84,32.7,41.1,42.01,38.84,1670.5,False,False,True,True,1,3.48,
3200,Base,0,W111,AE-3200,CH-A,EDG-03,Edge,0.84,65.5,40.47,42.46,39.8,1696.3,False,False,True,True,0,0.0,
3201,Base,0,W111,AE-3200,CH-A,EDG-04,Edge,0.84,98.2,41.59,41.29,38.19,1635.8,False,True,True,True,1,2.92,
3202,Base,0,W111,AE-3200,CH-A,EDG-05,Edge,0.84,130.9,41.43,40.46,41.45,1657.2,False,True,False,True,0,0.0,
3203,Base,0,W111,AE-3200,CH-A,EDG-06,Edge,0.84,163.6,41.33,42.96,36.04,1707.5,False,False,True,True,0,0.0,
3204,Base,0,W111,AE-3200,CH-A,EDG-07,Edge,0.84,196.4,41.47,41.01,41.09,1566.0,False,True,False,False,0,0.0,
3205,Base,0,W111,AE-3200,CH-A,EDG-08,Edge,0.84,229.1,41.06,41.47,40.44,1543.5,False,True,False,False,0,0.0,
3206,Base,0,W111,AE-3200,CH-A,EDG-09,Edge,0.84,261.8,41.62,42.71,41.34,1708.1,False,False,False,True,0,0.0,
3207,Base,0,W111,AE-3200,CH-A,EDG-10,Edge,0.84,294.5,40.67,43.44,37.41,1682.9,False,False,True,True,0,0.0,
3208,Base,0,W111,AE-3200,CH-A,EDG-11,Edge,0.84,327.3,41.22,41.62,40.09,1600.3,False,True,True,True,1,4.33,
3209,Base,0,W111,AE-3200,CH-A,EXT-01,Extreme Edge,0.96,16.4,41.55,41.77,41.1,1689.4,False,True,False,True,0,0.0,
3210,Base,0,W111,AE-3200,CH-A,EXT-02,Extreme Edge,0.96,49.1,41.78,41.39,38.72,1715.6,False,True,True,True,2,5.03,polymer_residue
3211,Base,0,W111,AE-3200,CH-A,EXT-03,Extreme Edge,0.96,81.8,41.52,41.52,38.13,1687.1,False,True,True,True,0,0.0,
3212,Base,0,W111,AE-3200,CH-A,EXT-04,Extreme Edge,0.96,114.5,41.59,42.16,40.59,1667.6,False,False,False,True,1,6.41,
3213,Base,0,W111,AE-3200,CH-A,EXT-05,Extreme Edge,0.96,147.3,42.37,40.5,39.55,1640.4,False,True,True,True,0,0.0,
3214,Base,0,W111,AE-3200,CH-A,EXT-06,Extreme Edge,0.96,180.0,41.48,42.18,37.99,1679.7,False,False,True,True,1,3.72,polymer_residue
3215,Base,0,W111,AE-3200,CH-A,EXT-07,Extreme Edge,0.96,212.7,40.85,42.19,37.61,1641.1,False,False,True,True,0,0.0,
3216,Base,0,W111,AE-3200,CH-A,EXT-08,Extreme Edge,0.96,245.5,42.51,41.08,41.71,1647.1,False,True,False,True,0,0.0,
3217,Base,0,W111,AE-3200,CH-A,EXT-09,Extreme Edge,0.96,278.2,40.82,41.78,40.54,1676.3,False,True,False,True,1,2.58,
3218,Base,0,W111,AE-3200,CH-A,EXT-10,Extreme Edge,0.96,310.9,41.96,41.81,39.71,1736.6,False,True,True,True,0,0.0,
3219,Base,0,W111,AE-3200,CH-A,EXT-11,Extreme Edge,0.96,343.6,42.3,41.31,39.95,1658.8,False,True,True,True,0,0.0,
3220,Rev10,10,W112,PX-7500,CH-C,C1,Center,0.0,0.0,35.84,39.13,40.27,1776.9,False,True,True,False,1,2.02,
3221,Rev10,10,W112,PX-7500,CH-C,MID-01,Mid,0.52,30.0,38.74,39.74,35.43,1752.7,True,True,True,True,0,0.0,
3222,Rev10,10,W112,PX-7500,CH-C,MID-02,Mid,0.52,90.0,38.16,38.48,38.24,1639.4,True,True,True,True,0,0.0,
3223,Rev10,10,W112,PX-7500,CH-C,MID-03,Mid,0.52,150.0,37.56,38.21,35.95,1753.9,True,True,True,True,0,0.0,
3224,Rev10,10,W112,PX-7500,CH-C,MID-04,Mid,0.52,210.0,39.28,39.04,39.75,1794.6,True,True,True,False,1,2.89,polymer_residue
3225,Rev10,10,W112,PX-7500,CH-C,MID-05,Mid,0.52,270.0,36.47,39.03,35.93,1695.7,False,True,True,True,0,0.0,
3226,Rev10,10,W112,PX-7500,CH-C,MID-06,Mid,0.52,330.0,37.11,38.52,37.75,1731.1,True,True,True,True,0,0.0,
3227,Rev10,10,W112,PX-7500,CH-C,EDG-01,Edge,0.84,0.0,39.49,39.41,37.94,1746.2,True,True,True,True,0,0.0,
3228,Rev10,10,W112,PX-7500,CH-C,EDG-02,Edge,0.84,32.7,39.42,40.45,37.8,1745.4,True,True,True,True,0,0.0,
3229,Rev10,10,W112,PX-7500,CH-C,EDG-03,Edge,0.84,65.5,40.07,38.86,37.8,1733.3,True,True,True,True,1,3.54,endpoint_late
3230,Rev10,10,W112,PX-7500,CH-C,EDG-04,Edge,0.84,98.2,38.85,40.54,36.19,1782.7,True,True,True,False,0,0.0,
3231,Rev10,10,W112,PX-7500,CH-C,EDG-05,Edge,0.84,130.9,38.51,39.68,37.21,1749.1,True,True,True,True,0,0.0,
3232,Rev10,10,W112,PX-7500,CH-C,EDG-06,Edge,0.84,163.6,38.13,40.25,38.55,1768.4,True,True,True,False,0,0.0,
3233,Rev10,10,W112,PX-7500,CH-C,EDG-07,Edge,0.84,196.4,38.54,39.95,38.24,1736.8,True,True,True,True,0,0.0,
3234,Rev10,10,W112,PX-7500,CH-C,EDG-08,Edge,0.84,229.1,38.16,38.56,34.68,1723.1,True,True,True,True,1,2.11,
3235,Rev10,10,W112,PX-7500,CH-C,EDG-09,Edge,0.84,261.8,37.46,39.01,34.62,1692.4,True,True,True,True,1,4.32,
3236,Rev10,10,W112,PX-7500,CH-C,EDG-10,Edge,0.84,294.5,38.86,39.97,36.55,1743.4,True,True,True,True,0,0.0,
3237,Rev10,10,W112,PX-7500,CH-C,EDG-11,Edge,0.84,327.3,39.44,38.81,36.29,1753.6,True,True,True,True,0,0.0,
3238,Rev10,10,W112,PX-7500,CH-C,EXT-01,Extreme Edge,0.96,16.4,40.09,40.36,36.78,1809.2,True,True,True,False,3,11.38,polymer_residue
3239,Rev10,10,W112,PX-7500,CH-C,EXT-02,Extreme Edge,0.96,49.1,39.04,40.8,37.15,1750.1,True,True,True,True,2,8.98,pressure_spike
3240,Rev10,10,W112,PX-7500,CH-C,EXT-03,Extreme Edge,0.96,81.8,38.2,40.59,37.72,1756.0,True,True,True,True,0,0.0,
3241,Rev10,10,W112,PX-7500,CH-C,EXT-04,Extreme Edge,0.96,114.5,39.2,38.76,35.42,1763.2,True,True,True,False,1,2.14,
3242,Rev10,10,W112,PX-7500,CH-C,EXT-05,Extreme Edge,0.96,147.3,40.01,40.73,37.66,1752.5,True,True,True,True,1,3.65,esc_temp_drift
3243,Rev10,10,W112,PX-7500,CH-C,EXT-06,Extreme Edge,0.96,180.0,39.09,39.48,38.36,1778.7,True,True,True,False,0,0.0,
3244,Rev10,10,W112,PX-7500,CH-C,EXT-07,Extreme Edge,0.96,212.7,39.67,39.86,38.69,1760.7,True,True,True,False,0,0.0,
3245,Rev10,10,W112,PX-7500,CH-C,EXT-08,Extreme Edge,0.96,245.5,39.06,40.69,36.88,1790.5,True,True,True,False,2,5.89,polymer_residue
3246,Rev10,10,W112,PX-7500,CH-C,EXT-09,Extreme Edge,0.96,278.2,39.48,41.14,35.89,1715.7,True,True,True,True,1,4.8,polymer_residue
3247,Rev10,10,W112,PX-7500,CH-C,EXT-10,Extreme Edge,0.96,310.9,39.22,41.23,38.08,1763.6,True,True,True,False,0,0.0,
3248,Rev10,10,W112,PX-7500,CH-C,EXT-11,Extreme Edge,0.96,343.6,39.92,40.44,37.06,1759.9,True,True,True,True,0,0.0,
3249,Rev3,3,W113,PX-7500,CH-D,C1,Center,0.0,0.0,39.01,39.58,39.93,1564.7,True,True,True,False,0,0.0,
3250,Rev3,3,W113,PX-7500,CH-D,MID-01,Mid,0.52,30.0,40.35,40.75,40.54,1678.2,True,True,False,True,0,0.0,
3251,Rev3,3,W113,PX-7500,CH-D,MID-02,Mid,0.52,90.0,39.81,40.42,37.38,1596.7,True,True,True,True,0,0.0,
3252,Rev3,3,W113,PX-7500,CH-D,MID-03,Mid,0.52,150.0,40.61,40.5,36.14,1698.3,False,True,True,True,0,0.0,
3253,Rev3,3,W113,PX-7500,CH-D,MID-04,Mid,0.52,210.0,40.67,41.18,36.6,1571.7,False,True,True,False,0,0.0,
3254,Rev3,3,W113,PX-7500,CH-D,MID-05,Mid,0.52,270.0,39.79,40.73,35.95,1611.9,True,True,True,True,0,0.0,
3255,Rev3,3,W113,PX-7500,CH-D,MID-06,Mid,0.52,330.0,40.69,41.1,38.91,1677.4,False,True,True,True,0,0.0,
3256,Rev3,3,W113,PX-7500,CH-D,EDG-01,Edge,0.84,0.0,40.15,41.25,39.96,1620.3,True,True,True,True,0,0.0,
3257,Rev3,3,W113,PX-7500,CH-D,EDG-02,Edge,0.84,32.7,40.78,42.09,42.53,1609.1,False,False,False,True,1,3.48,
3258,Rev3,3,W113,PX-7500,CH-D,EDG-03,Edge,0.84,65.5,41.13,41.85,41.17,1706.1,False,True,False,True,0,0.0,
3259,Rev3,3,W113,PX-7500,CH-D,EDG-04,Edge,0.84,98.2,41.76,41.26,38.67,1560.4,False,True,True,False,0,0.0,
3260,Rev3,3,W113,PX-7500,CH-D,EDG-05,Edge,0.84,130.9,41.26,40.05,37.39,1657.2,False,True,True,True,0,0.0,
3261,Rev3,3,W113,PX-7500,CH-D,EDG-06,Edge,0.84,163.6,40.24,41.77,35.44,1680.5,True,True,True,True,0,0.0,
3262,Rev3,3,W113,PX-7500,CH-D,EDG-07,Edge,0.84,196.4,41.38,40.22,39.84,1680.1,False,True,True,True,0,0.0,
3263,Rev3,3,W113,PX-7500,CH-D,EDG-08,Edge,0.84,229.1,40.65,41.46,38.51,1570.6,False,True,True,False,2,8.83,
3264,Rev3,3,W113,PX-7500,CH-D,EDG-09,Edge,0.84,261.8,40.91,41.0,40.09,1682.2,False,True,True,True,1,2.88,esc_temp_drift
3265,Rev3,3,W113,PX-7500,CH-D,EDG-10,Edge,0.84,294.5,41.32,40.89,39.28,1675.1,False,True,True,True,0,0.0,
3266,Rev3,3,W113,PX-7500,CH-D,EDG-11,Edge,0.84,327.3,41.16,40.65,37.92,1607.0,False,True,True,True,1,3.72,
3267,Rev3,3,W113,PX-7500,CH-D,EXT-01,Extreme Edge,0.96,16.4,42.3,42.24,37.75,1688.3,False,False,True,True,0,0.0,
3268,Rev3,3,W113,PX-7500,CH-D,EXT-02,Extreme Edge,0.96,49.1,42.91,41.02,40.31,1738.2,False,True,True,True,1,3.54,pressure_spike
3269,Rev3,3,W113,PX-7500,CH-D,EXT-03,Extreme Edge,0.96,81.8,41.42,41.91,40.18,1705.0,False,True,True,True,1,4.57,pressure_spike
3270,Rev3,3,W113,PX-7500,CH-D,EXT-04,Extreme Edge,0.96,114.5,41.24,41.63,41.71,1653.7,False,True,False,True,2,9.65,polymer_residue
3271,Rev3,3,W113,PX-7500,CH-D,EXT-05,Extreme Edge,0.96,147.3,41.59,41.87,40.26,1738.1,False,True,True,True,1,4.71,
3272,Rev3,3,W113,PX-7500,CH-D,EXT-06,Extreme Edge,0.96,180.0,41.88,42.54,38.76,1634.5,False,False,True,True,0,0.0,
3273,Rev3,3,W113,PX-7500,CH-D,EXT-07,Extreme Edge,0.96,212.7,42.01,41.16,38.54,1642.6,False,True,True,True,0,0.0,
3274,Rev3,3,W113,PX-7500,CH-D,EXT-08,Extreme Edge,0.96,245.5,41.99,41.19,37.84,1642.7,False,True,True,True,0,0.0,
3275,Rev3,3,W113,PX-7500,CH-D,EXT-09,Extreme Edge,0.96,278.2,41.7,42.63,37.32,1654.4,False,False,True,True,0,0.0,
3276,Rev3,3,W113,PX-7500,CH-D,EXT-10,Extreme Edge,0.96,310.9,42.37,42.19,38.0,1725.5,False,False,True,True,1,4.14,
3277,Rev3,3,W113,PX-7500,CH-D,EXT-11,Extreme Edge,0.96,343.6,41.86,40.21,36.48,1633.5,False,True,True,True,2,4.7,arc_event
3278,Rev7,7,W114,PX-7500,CH-D,C1,Center,0.0,0.0,38.0,39.14,37.2,1652.7,True,True,True,True,0,0.0,
3279,Rev7,7,W114,PX-7500,CH-D,MID-01,Mid,0.52,30.0,38.77,38.05,35.3,1671.1,True,True,True,True,0,0.0,
3280,Rev7,7,W114,PX-7500,CH-D,MID-02,Mid,0.52,90.0,37.54,39.12,37.99,1704.6,True,True,True,True,2,12.03,
3281,Rev7,7,W114,PX-7500,CH-D,MID-03,Mid,0.52,150.0,38.27,38.38,38.34,1608.9,True,True,True,True,0,0.0,
3282,Rev7,7,W114,PX-7500,CH-D,MID-04,Mid,0.52,210.0,38.33,39.42,37.23,1624.0,True,True,True,True,0,0.0,
3283,Rev7,7,W114,PX-7500,CH-D,MID-05,Mid,0.52,270.0,37.42,39.42,35.11,1715.4,True,True,True,True,0,0.0,
3284,Rev7,7,W114,PX-7500,CH-D,MID-06,Mid,0.52,330.0,37.69,39.55,36.41,1744.8,True,True,True,True,0,0.0,
3285,Rev7,7,W114,PX-7500,CH-D,EDG-01,Edge,0.84,0.0,38.28,39.31,39.98,1670.0,True,True,True,True,0,0.0,
3286,Rev7,7,W114,PX-7500,CH-D,EDG-02,Edge,0.84,32.7,37.44,39.13,38.56,1653.6,True,True,True,True,0,0.0,
3287,Rev7,7,W114,PX-7500,CH-D,EDG-03,Edge,0.84,65.5,37.37,41.22,42.48,1696.6,True,True,False,True,1,4.57,arc_event
3288,Rev7,7,W114,PX-7500,CH-D,EDG-04,Edge,0.84,98.2,38.55,40.53,40.89,1741.9,True,True,False,True,1,5.95,
3289,Rev7,7,W114,PX-7500,CH-D,EDG-05,Edge,0.84,130.9,39.57,40.89,38.34,1752.4,True,True,True,True,0,0.0,
3290,Rev7,7,W114,PX-7500,CH-D,EDG-06,Edge,0.84,163.6,39.04,40.28,39.81,1714.0,True,True,True,True,0,0.0,
3291,Rev7,7,W114,PX-7500,CH-D,EDG-07,Edge,0.84,196.4,38.64,40.39,37.24,1730.5,True,True,True,True,0,0.0,
3292,Rev7,7,W114,PX-7500,CH-D,EDG-08,Edge,0.84,229.1,38.18,41.27,39.35,1729.9,True,True,True,True,0,0.0,
3293,Rev7,7,W114,PX-7500,CH-D,EDG-09,Edge,0.84,261.8,39.35,39.04,39.52,1644.8,True,True,True,True,0,0.0,
3294,Rev7,7,W114,PX-7500,CH-D,EDG-10,Edge,0.84,294.5,40.14,39.37,37.86,1657.5,True,True,True,True,0,0.0,
3295,Rev7,7,W114,PX-7500,CH-D,EDG-11,Edge,0.84,327.3,39.57,40.59,35.63,1802.6,True,True,True,False,0,0.0,
3296,Rev7,7,W114,PX-7500,CH-D,EXT-01,Extreme Edge,0.96,16.4,39.9,40.31,39.47,1795.4,True,True,True,False,2,9.0,polymer_residue
3297,Rev7,7,W114,PX-7500,CH-D,EXT-02,Extreme Edge,0.96,49.1,39.15,41.03,38.23,1710.8,True,True,True,True,0,0.0,
3298,Rev7,7,W114,PX-7500,CH-D,EXT-03,Extreme Edge,0.96,81.8,40.41,41.04,37.59,1791.1,False,True,True,False,0,0.0,
3299,Rev7,7,W114,PX-7500,CH-D,EXT-04,Extreme Edge,0.96,114.5,38.41,41.95,36.74,1744.8,True,True,True,True,1,6.31,esc_temp_drift
3300,Rev7,7,W114,PX-7500,CH-D,EXT-05,Extreme Edge,0.96,147.3,39.23,40.82,39.79,1753.2,True,True,True,True,0,0.0,
3301,Rev7,7,W114,PX-7500,CH-D,EXT-06,Extreme Edge,0.96,180.0,39.73,40.97,36.35,1808.2,True,True,True,False,0,0.0,
3302,Rev7,7,W114,PX-7500,CH-D,EXT-07,Extreme Edge,0.96,212.7,39.45,40.32,38.02,1772.2,True,True,True,False,1,4.84,polymer_residue
3303,Rev7,7,W114,PX-7500,CH-D,EXT-08,Extreme Edge,0.96,245.5,39.15,38.99,40.23,1777.9,True,True,True,False,1,3.1,
3304,Rev7,7,W114,PX-7500,CH-D,EXT-09,Extreme Edge,0.96,278.2,38.68,40.56,37.61,1677.8,True,True,True,True,0,0.0,
3305,Rev7,7,W114,PX-7500,CH-D,EXT-10,Extreme Edge,0.96,310.9,39.21,41.0,38.35,1781.7,True,True,True,False,0,0.0,
3306,Rev7,7,W114,PX-7500,CH-D,EXT-11,Extreme Edge,0.96,343.6,40.11,39.67,37.69,1712.9,True,True,True,True,0,0.0,
3307,Rev10,10,W115,PX-7500,CH-C,C1,Center,0.0,0.0,37.23,39.35,36.37,1656.6,True,True,True,True,0,0.0,
3308,Rev10,10,W115,PX-7500,CH-C,MID-01,Mid,0.52,30.0,37.35,39.98,36.4,1678.2,True,True,True,True,0,0.0,
3309,Rev10,10,W115,PX-7500,CH-C,MID-02,Mid,0.52,90.0,36.81,39.5,36.61,1781.4,True,True,True,False,0,0.0,
3310,Rev10,10,W115,PX-7500,CH-C,MID-03,Mid,0.52,150.0,37.55,40.06,37.7,1737.2,True,True,True,True,0,0.0,
3311,Rev10,10,W115,PX-7500,CH-C,MID-04,Mid,0.52,210.0,36.49,40.27,37.31,1684.4,False,True,True,True,0,0.0,
3312,Rev10,10,W115,PX-7500,CH-C,MID-05,Mid,0.52,270.0,37.33,39.64,38.84,1728.3,True,True,True,True,0,0.0,
3313,Rev10,10,W115,PX-7500,CH-C,MID-06,Mid,0.52,330.0,37.75,38.73,38.34,1760.3,True,True,True,False,0,0.0,
3314,Rev10,10,W115,PX-7500,CH-C,EDG-01,Edge,0.84,0.0,38.61,41.1,39.72,1730.4,True,True,True,True,0,0.0,
3315,Rev10,10,W115,PX-7500,CH-C,EDG-02,Edge,0.84,32.7,37.4,40.57,35.84,1731.5,True,True,True,True,0,0.0,
3316,Rev10,10,W115,PX-7500,CH-C,EDG-03,Edge,0.84,65.5,39.41,40.88,38.07,1796.3,True,True,True,False,1,4.37,polymer_residue
3317,Rev10,10,W115,PX-7500,CH-C,EDG-04,Edge,0.84,98.2,39.32,38.89,40.29,1741.8,True,True,True,True,0,0.0,
3318,Rev10,10,W115,PX-7500,CH-C,EDG-05,Edge,0.84,130.9,37.8,38.98,37.84,1814.5,True,True,True,False,1,4.18,
3319,Rev10,10,W115,PX-7500,CH-C,EDG-06,Edge,0.84,163.6,37.72,41.37,36.02,1791.4,True,True,True,False,0,0.0,
3320,Rev10,10,W115,PX-7500,CH-C,EDG-07,Edge,0.84,196.4,36.83,41.7,37.07,1794.4,True,True,True,False,0,0.0,
3321,Rev10,10,W115,PX-7500,CH-C,EDG-08,Edge,0.84,229.1,39.62,41.7,36.86,1851.5,True,True,True,False,0,0.0,
3322,Rev10,10,W115,PX-7500,CH-C,EDG-09,Edge,0.84,261.8,39.32,40.12,37.97,1835.1,True,True,True,False,2,12.73,
3323,Rev10,10,W115,PX-7500,CH-C,EDG-10,Edge,0.84,294.5,37.77,41.41,37.63,1677.5,True,True,True,True,3,16.68,
3324,Rev10,10,W115,PX-7500,CH-C,EDG-11,Edge,0.84,327.3,38.71,40.55,37.01,1759.8,True,True,True,True,0,0.0,
3325,Rev10,10,W115,PX-7500,CH-C,EXT-01,Extreme Edge,0.96,16.4,39.71,41.39,36.65,1763.4,True,True,True,False,2,12.02,pressure_spike
3326,Rev10,10,W115,PX-7500,CH-C,EXT-02,Extreme Edge,0.96,49.1,40.03,39.91,37.82,1770.8,True,True,True,False,1,3.72,esc_temp_drift
3327,Rev10,10,W115,PX-7500,CH-C,EXT-03,Extreme Edge,0.96,81.8,39.67,41.33,37.74,1763.7,True,True,True,False,0,0.0,
3328,Rev10,10,W115,PX-7500,CH-C,EXT-04,Extreme Edge,0.96,114.5,37.77,41.93,38.89,1825.1,True,True,True,False,0,0.0,
3329,Rev10,10,W115,PX-7500,CH-C,EXT-05,Extreme Edge,0.96,147.3,39.3,41.75,36.88,1688.6,True,True,True,True,0,0.0,
3330,Rev10,10,W115,PX-7500,CH-C,EXT-06,Extreme Edge,0.96,180.0,38.91,40.82,39.11,1812.1,True,True,True,False,1,6.39,polymer_residue
3331,Rev10,10,W115,PX-7500,CH-C,EXT-07,Extreme Edge,0.96,212.7,40.41,41.32,36.22,1830.4,False,True,True,False,0,0.0,
3332,Rev10,10,W115,PX-7500,CH-C,EXT-08,Extreme Edge,0.96,245.5,38.8,39.86,40.5,1711.4,True,True,False,True,0,0.0,
3333,Rev10,10,W115,PX-7500,CH-C,EXT-09,Extreme Edge,0.96,278.2,39.36,40.25,38.21,1736.4,True,True,True,True,1,6.32,polymer_residue
3334,Rev10,10,W115,PX-7500,CH-C,EXT-10,Extreme Edge,0.96,310.9,39.64,39.91,38.99,1763.3,True,True,True,False,1,2.15,
3335,Rev10,10,W115,PX-7500,CH-C,EXT-11,Extreme Edge,0.96,343.6,38.06,39.21,36.43,1808.1,True,True,True,False,1,2.61,
3336,Rev7,7,W116,PX-7500,CH-D,C1,Center,0.0,0.0,36.89,40.65,38.19,1650.8,True,True,True,True,0,0.0,
3337,Rev7,7,W116,PX-7500,CH-D,MID-01,Mid,0.52,30.0,36.36,39.62,37.27,1702.7,False,True,True,True,1,2.18,endpoint_late
3338,Rev7,7,W116,PX-7500,CH-D,MID-02,Mid,0.52,90.0,37.64,40.9,36.4,1745.1,True,True,True,True,1,2.39,
3339,Rev7,7,W116,PX-7500,CH-D,MID-03,Mid,0.52,150.0,36.38,40.65,35.88,1669.8,False,True,True,True,0,0.0,
3340,Rev7,7,W116,PX-7500,CH-D,MID-04,Mid,0.52,210.0,37.56,38.55,38.7,1726.1,True,True,True,True,0,0.0,
3341,Rev7,7,W116,PX-7500,CH-D,MID-05,Mid,0.52,270.0,38.03,40.64,35.62,1780.8,True,True,True,False,0,0.0,
3342,Rev7,7,W116,PX-7500,CH-D,MID-06,Mid,0.52,330.0,37.85,39.63,38.56,1764.2,True,True,True,False,0,0.0,
3343,Rev7,7,W116,PX-7500,CH-D,EDG-01,Edge,0.84,0.0,37.69,40.34,35.57,1765.8,True,True,True,False,0,0.0,
3344,Rev7,7,W116,PX-7500,CH-D,EDG-02,Edge,0.84,32.7,38.04,40.77,37.78,1766.3,True,True,True,False,1,4.82,polymer_residue
3345,Rev7,7,W116,PX-7500,CH-D,EDG-03,Edge,0.84,65.5,38.74,41.19,37.19,1786.4,True,True,True,False,0,0.0,
3346,Rev7,7,W116,PX-7500,CH-D,EDG-04,Edge,0.84,98.2,38.36,42.31,40.58,1734.8,True,False,False,True,0,0.0,
3347,Rev7,7,W116,PX-7500,CH-D,EDG-05,Edge,0.84,130.9,38.85,39.24,36.31,1699.6,True,True,True,True,0,0.0,
3348,Rev7,7,W116,PX-7500,CH-D,EDG-06,Edge,0.84,163.6,38.43,41.32,35.86,1752.9,True,True,True,True,1,4.83,pressure_spike
3349,Rev7,7,W116,PX-7500,CH-D,EDG-07,Edge,0.84,196.4,38.32,40.52,37.53,1738.6,True,True,True,True,0,0.0,
3350,Rev7,7,W116,PX-7500,CH-D,EDG-08,Edge,0.84,229.1,39.04,40.65,37.48,1742.1,True,True,True,True,0,0.0,
3351,Rev7,7,W116,PX-7500,CH-D,EDG-09,Edge,0.84,261.8,39.53,40.26,36.74,1754.2,True,True,True,True,0,0.0,
3352,Rev7,7,W116,PX-7500,CH-D,EDG-10,Edge,0.84,294.5,39.64,39.83,38.12,1771.2,True,True,True,False,2,6.76,
3353,Rev7,7,W116,PX-7500,CH-D,EDG-11,Edge,0.84,327.3,38.36,40.98,37.93,1716.0,True,True,True,True,1,2.42,
3354,Rev7,7,W116,PX-7500,CH-D,EXT-01,Extreme Edge,0.96,16.4,40.01,40.91,36.96,1753.7,True,True,True,True,0,0.0,
3355,Rev7,7,W116,PX-7500,CH-D,EXT-02,Extreme Edge,0.96,49.1,39.44,40.14,38.12,1746.0,True,True,True,True,0,0.0,
3356,Rev7,7,W116,PX-7500,CH-D,EXT-03,Extreme Edge,0.96,81.8,38.71,41.08,37.11,1737.4,True,True,True,True,2,12.0,
3357,Rev7,7,W116,PX-7500,CH-D,EXT-04,Extreme Edge,0.96,114.5,39.04,41.17,38.2,1763.1,True,True,True,False,2,7.25,
3358,Rev7,7,W116,PX-7500,CH-D,EXT-05,Extreme Edge,0.96,147.3,39.03,41.87,37.13,1729.2,True,True,True,True,0,0.0,
3359,Rev7,7,W116,PX-7500,CH-D,EXT-06,Extreme Edge,0.96,180.0,38.75,39.26,35.31,1790.1,True,True,True,False,3,10.57,pressure_spike
3360,Rev7,7,W116,PX-7500,CH-D,EXT-07,Extreme Edge,0.96,212.7,39.98,41.92,35.14,1672.6,True,True,True,True,2,5.08,polymer_residue
3361,Rev7,7,W116,PX-7500,CH-D,EXT-08,Extreme Edge,0.96,245.5,39.24,39.86,36.47,1709.0,True,True,True,True,0,0.0,
3362,Rev7,7,W116,PX-7500,CH-D,EXT-09,Extreme Edge,0.96,278.2,40.19,42.04,38.76,1662.2,True,False,True,True,0,0.0,
3363,Rev7,7,W116,PX-7500,CH-D,EXT-10,Extreme Edge,0.96,310.9,39.52,39.23,37.89,1670.4,True,True,True,True,2,6.34,polymer_residue
3364,Rev7,7,W116,PX-7500,CH-D,EXT-11,Extreme Edge,0.96,343.6,39.23,40.3,36.82,1638.5,True,True,True,True,1,2.29,
3365,Base,0,W117,AE-3200,CH-A,C1,Center,0.0,0.0,38.89,41.2,33.69,1616.3,True,True,False,True,0,0.0,
3366,Base,0,W117,AE-3200,CH-A,MID-01,Mid,0.52,30.0,40.18,40.36,36.01,1642.6,True,True,True,True,0,0.0,
3367,Base,0,W117,AE-3200,CH-A,MID-02,Mid,0.52,90.0,41.18,40.91,37.4,1621.8,False,True,True,True,0,0.0,
3368,Base,0,W117,AE-3200,CH-A,MID-03,Mid,0.52,150.0,40.21,39.7,35.8,1543.8,True,True,True,False,3,15.55,
3369,Base,0,W117,AE-3200,CH-A,MID-04,Mid,0.52,210.0,39.38,40.59,36.31,1611.2,True,True,True,True,0,0.0,
3370,Base,0,W117,AE-3200,CH-A,MID-05,Mid,0.52,270.0,40.08,43.32,37.58,1600.9,True,False,True,True,1,2.22,
3371,Base,0,W117,AE-3200,CH-A,MID-06,Mid,0.52,330.0,40.43,42.14,38.72,1669.8,False,False,True,True,0,0.0,
3372,Base,0,W117,AE-3200,CH-A,EDG-01,Edge,0.84,0.0,43.69,42.06,36.07,1645.2,False,False,True,True,1,6.45,pressure_spike
3373,Base,0,W117,AE-3200,CH-A,EDG-02,Edge,0.84,32.7,42.15,39.89,39.73,1629.6,False,True,True,True,0,0.0,
3374,Base,0,W117,AE-3200,CH-A,EDG-03,Edge,0.84,65.5,41.02,40.0,37.06,1703.4,False,True,True,True,1,3.0,
3375,Base,0,W117,AE-3200,CH-A,EDG-04,Edge,0.84,98.2,41.39,40.98,35.26,1666.6,False,True,True,True,0,0.0,
3376,Base,0,W117,AE-3200,CH-A,EDG-05,Edge,0.84,130.9,41.97,40.76,37.28,1666.6,False,True,True,True,0,0.0,
3377,Base,0,W117,AE-3200,CH-A,EDG-06,Edge,0.84,163.6,41.61,43.27,39.92,1712.6,False,False,True,True,0,0.0,
3378,Base,0,W117,AE-3200,CH-A,EDG-07,Edge,0.84,196.4,42.04,41.46,37.74,1667.5,False,True,True,True,1,2.03,esc_temp_drift
3379,Base,0,W117,AE-3200,CH-A,EDG-08,Edge,0.84,229.1,41.86,42.88,38.19,1748.0,False,False,True,True,1,3.78,
3380,Base,0,W117,AE-3200,CH-A,EDG-09,Edge,0.84,261.8,40.81,40.83,36.39,1586.8,False,True,True,True,0,0.0,
3381,Base,0,W117,AE-3200,CH-A,EDG-10,Edge,0.84,294.5,41.34,41.92,37.28,1670.8,False,True,True,True,0,0.0,
3382,Base,0,W117,AE-3200,CH-A,EDG-11,Edge,0.84,327.3,41.31,42.47,37.75,1747.4,False,False,True,True,0,0.0,
3383,Base,0,W117,AE-3200,CH-A,EXT-01,Extreme Edge,0.96,16.4,42.66,41.21,37.35,1766.2,False,True,True,False,0,0.0,
3384,Base,0,W117,AE-3200,CH-A,EXT-02,Extreme Edge,0.96,49.1,42.31,41.92,36.1,1584.7,False,True,True,True,1,1.86,
3385,Base,0,W117,AE-3200,CH-A,EXT-03,Extreme Edge,0.96,81.8,42.12,42.61,37.43,1700.9,False,False,True,True,2,6.52,arc_event
3386,Base,0,W117,AE-3200,CH-A,EXT-04,Extreme Edge,0.96,114.5,43.35,43.36,35.46,1660.6,False,False,True,True,0,0.0,
3387,Base,0,W117,AE-3200,CH-A,EXT-05,Extreme Edge,0.96,147.3,41.56,41.19,36.83,1664.2,False,True,True,True,3,13.42,
3388,Base,0,W117,AE-3200,CH-A,EXT-06,Extreme Edge,0.96,180.0,42.97,40.87,38.95,1620.6,False,True,True,True,3,15.62,
3389,Base,0,W117,AE-3200,CH-A,EXT-07,Extreme Edge,0.96,212.7,41.57,42.29,38.06,1647.6,False,False,True,True,1,2.78,polymer_residue
3390,Base,0,W117,AE-3200,CH-A,EXT-08,Extreme Edge,0.96,245.5,41.43,43.62,36.13,1651.5,False,False,True,True,0,0.0,
3391,Base,0,W117,AE-3200,CH-A,EXT-09,Extreme Edge,0.96,278.2,41.85,41.98,39.96,1752.2,False,True,True,True,3,13.47,polymer_residue
3392,Base,0,W117,AE-3200,CH-A,EXT-10,Extreme Edge,0.96,310.9,42.05,42.91,37.19,1733.9,False,False,True,True,2,12.74,
3393,Base,0,W117,AE-3200,CH-A,EXT-11,Extreme Edge,0.96,343.6,41.45,41.35,38.65,1619.5,False,True,True,True,0,0.0,
3394,Rev6,6,W118,PX-7500,CH-C,C1,Center,0.0,0.0,36.82,39.26,39.13,1595.1,True,True,True,True,0,0.0,
3395,Rev6,6,W118,PX-7500,CH-C,MID-01,Mid,0.52,30.0,37.19,39.75,36.97,1641.6,True,True,True,True,0,0.0,
3396,Rev6,6,W118,PX-7500,CH-C,MID-02,Mid,0.52,90.0,37.38,39.28,38.13,1657.1,True,True,True,True,0,0.0,
3397,Rev6,6,W118,PX-7500,CH-C,MID-03,Mid,0.52,150.0,38.27,38.61,36.72,1723.8,True,True,True,True,0,0.0,
3398,Rev6,6,W118,PX-7500,CH-C,MID-04,Mid,0.52,210.0,35.84,38.15,38.1,1703.9,False,True,True,True,1,3.21,arc_event
3399,Rev6,6,W118,PX-7500,CH-C,MID-05,Mid,0.52,270.0,38.96,38.77,37.29,1654.2,True,True,True,True,0,0.0,
3400,Rev6,6,W118,PX-7500,CH-C,MID-06,Mid,0.52,330.0,37.4,39.64,36.24,1627.7,True,True,True,True,0,0.0,
3401,Rev6,6,W118,PX-7500,CH-C,EDG-01,Edge,0.84,0.0,38.4,40.76,37.09,1713.7,True,True,True,True,1,5.06,
3402,Rev6,6,W118,PX-7500,CH-C,EDG-02,Edge,0.84,32.7,38.5,38.65,38.02,1659.6,True,True,True,True,1,5.01,polymer_residue
3403,Rev6,6,W118,PX-7500,CH-C,EDG-03,Edge,0.84,65.5,39.53,40.89,36.39,1715.0,True,True,True,True,0,0.0,
3404,Rev6,6,W118,PX-7500,CH-C,EDG-04,Edge,0.84,98.2,38.44,41.12,36.45,1659.5,True,True,True,True,1,5.77,endpoint_late
3405,Rev6,6,W118,PX-7500,CH-C,EDG-05,Edge,0.84,130.9,38.53,39.49,34.59,1688.6,True,True,True,True,0,0.0,
3406,Rev6,6,W118,PX-7500,CH-C,EDG-06,Edge,0.84,163.6,38.87,39.6,36.91,1659.1,True,True,True,True,1,3.53,arc_event
3407,Rev6,6,W118,PX-7500,CH-C,EDG-07,Edge,0.84,196.4,39.71,38.53,36.66,1746.6,True,True,True,True,0,0.0,
3408,Rev6,6,W118,PX-7500,CH-C,EDG-08,Edge,0.84,229.1,39.17,40.12,38.3,1644.2,True,True,True,True,0,0.0,
3409,Rev6,6,W118,PX-7500,CH-C,EDG-09,Edge,0.84,261.8,38.63,41.96,36.33,1690.7,True,True,True,True,1,6.33,
3410,Rev6,6,W118,PX-7500,CH-C,EDG-10,Edge,0.84,294.5,36.9,39.66,36.47,1769.9,True,True,True,False,1,1.8,endpoint_late
3411,Rev6,6,W118,PX-7500,CH-C,EDG-11,Edge,0.84,327.3,38.58,40.6,35.89,1690.8,True,True,True,True,0,0.0,
3412,Rev6,6,W118,PX-7500,CH-C,EXT-01,Extreme Edge,0.96,16.4,39.0,39.89,34.66,1703.6,True,True,True,True,0,0.0,
3413,Rev6,6,W118,PX-7500,CH-C,EXT-02,Extreme Edge,0.96,49.1,39.33,41.06,40.89,1740.4,True,True,False,True,0,0.0,
3414,Rev6,6,W118,PX-7500,CH-C,EXT-03,Extreme Edge,0.96,81.8,39.17,40.4,36.73,1793.7,True,True,True,False,0,0.0,
3415,Rev6,6,W118,PX-7500,CH-C,EXT-04,Extreme Edge,0.96,114.5,40.08,40.56,39.59,1702.0,True,True,True,True,1,3.09,
3416,Rev6,6,W118,PX-7500,CH-C,EXT-05,Extreme Edge,0.96,147.3,38.87,40.91,34.88,1632.8,True,True,True,True,0,0.0,
3417,Rev6,6,W118,PX-7500,CH-C,EXT-06,Extreme Edge,0.96,180.0,40.09,40.22,36.08,1712.2,True,True,True,True,1,6.23,
3418,Rev6,6,W118,PX-7500,CH-C,EXT-07,Extreme Edge,0.96,212.7,38.66,40.83,39.35,1670.9,True,True,True,True,1,4.73,polymer_residue
3419,Rev6,6,W118,PX-7500,CH-C,EXT-08,Extreme Edge,0.96,245.5,38.51,40.54,37.3,1704.0,True,True,True,True,1,4.87,
3420,Rev6,6,W118,PX-7500,CH-C,EXT-09,Extreme Edge,0.96,278.2,40.29,41.32,37.57,1761.5,True,True,True,False,1,4.65,pressure_spike
3421,Rev6,6,W118,PX-7500,CH-C,EXT-10,Extreme Edge,0.96,310.9,40.31,40.96,35.44,1785.3,True,True,True,False,0,0.0,
3422,Rev6,6,W118,PX-7500,CH-C,EXT-11,Extreme Edge,0.96,343.6,38.0,40.2,36.42,1673.1,True,True,True,True,0,0.0,
3423,Base,0,W119,AE-3200,CH-A,C1,Center,0.0,0.0,39.88,41.0,39.82,1640.2,True,True,True,True,1,4.69,
3424,Base,0,W119,AE-3200,CH-A,MID-01,Mid,0.52,30.0,41.01,41.73,38.71,1645.9,False,True,True,True,2,4.04,polymer_residue
3425,Base,0,W119,AE-3200,CH-A,MID-02,Mid,0.52,90.0,40.47,40.98,41.45,1723.4,False,True,False,True,0,0.0,
3426,Base,0,W119,AE-3200,CH-A,MID-03,Mid,0.52,150.0,39.0,38.84,36.8,1585.9,True,True,True,True,0,0.0,
3427,Base,0,W119,AE-3200,CH-A,MID-04,Mid,0.52,210.0,38.85,40.14,40.15,1723.2,True,True,True,True,0,0.0,
3428,Base,0,W119,AE-3200,CH-A,MID-05,Mid,0.52,270.0,39.35,41.56,38.35,1622.2,True,True,True,True,0,0.0,
3429,Base,0,W119,AE-3200,CH-A,MID-06,Mid,0.52,330.0,40.19,41.48,39.04,1597.6,True,True,True,True,1,4.58,pressure_spike
3430,Base,0,W119,AE-3200,CH-A,EDG-01,Edge,0.84,0.0,41.33,40.42,37.76,1596.8,False,True,True,True,0,0.0,
3431,Base,0,W119,AE-3200,CH-A,EDG-02,Edge,0.84,32.7,41.23,41.61,38.93,1668.3,False,True,True,True,0,0.0,
3432,Base,0,W119,AE-3200,CH-A,EDG-03,Edge,0.84,65.5,40.72,41.66,39.08,1652.3,False,True,True,True,1,3.35,endpoint_late
3433,Base,0,W119,AE-3200,CH-A,EDG-04,Edge,0.84,98.2,41.22,42.54,41.09,1726.1,False,False,False,True,0,0.0,
3434,Base,0,W119,AE-3200,CH-A,EDG-05,Edge,0.84,130.9,40.5,40.35,39.3,1640.3,False,True,True,True,0,0.0,
3435,Base,0,W119,AE-3200,CH-A,EDG-06,Edge,0.84,163.6,41.62,40.61,38.21,1659.6,False,True,True,True,1,5.03,arc_event
3436,Base,0,W119,AE-3200,CH-A,EDG-07,Edge,0.84,196.4,41.5,40.93,39.96,1702.9,False,True,True,True,0,0.0,
3437,Base,0,W119,AE-3200,CH-A,EDG-08,Edge,0.84,229.1,41.81,40.64,40.04,1641.1,False,True,True,True,1,5.93,
3438,Base,0,W119,AE-3200,CH-A,EDG-09,Edge,0.84,261.8,40.59,42.12,37.72,1611.8,False,False,True,True,0,0.0,
3439,Base,0,W119,AE-3200,CH-A,EDG-10,Edge,0.84,294.5,41.76,43.2,36.0,1657.6,False,False,True,True,2,4.95,
3440,Base,0,W119,AE-3200,CH-A,EDG-11,Edge,0.84,327.3,40.94,40.99,38.72,1661.0,False,True,True,True,0,0.0,
3441,Base,0,W119,AE-3200,CH-A,EXT-01,Extreme Edge,0.96,16.4,41.86,41.81,38.47,1687.9,False,True,True,True,1,5.46,
3442,Base,0,W119,AE-3200,CH-A,EXT-02,Extreme Edge,0.96,49.1,41.31,42.02,39.45,1688.2,False,False,True,True,1,3.21,
3443,Base,0,W119,AE-3200,CH-A,EXT-03,Extreme Edge,0.96,81.8,42.11,41.38,39.8,1651.9,False,True,True,True,0,0.0,
3444,Base,0,W119,AE-3200,CH-A,EXT-04,Extreme Edge,0.96,114.5,41.76,41.5,38.06,1695.0,False,True,True,True,0,0.0,
3445,Base,0,W119,AE-3200,CH-A,EXT-05,Extreme Edge,0.96,147.3,41.79,43.01,38.32,1706.5,False,False,True,True,0,0.0,
3446,Base,0,W119,AE-3200,CH-A,EXT-06,Extreme Edge,0.96,180.0,41.31,40.9,38.8,1720.9,False,True,True,True,0,0.0,
3447,Base,0,W119,AE-3200,CH-A,EXT-07,Extreme Edge,0.96,212.7,40.75,42.43,38.52,1659.0,False,False,True,True,0,0.0,
3448,Base,0,W119,AE-3200,CH-A,EXT-08,Extreme Edge,0.96,245.5,41.16,40.51,40.34,1554.7,False,True,True,False,1,6.48,
3449,Base,0,W119,AE-3200,CH-A,EXT-09,Extreme Edge,0.96,278.2,41.98,42.82,39.36,1676.4,False,False,True,True,1,5.02,esc_temp_drift
3450,Base,0,W119,AE-3200,CH-A,EXT-10,Extreme Edge,0.96,310.9,40.69,41.58,38.21,1714.3,False,True,True,True,1,4.83,polymer_residue
3451,Base,0,W119,AE-3200,CH-A,EXT-11,Extreme Edge,0.96,343.6,41.99,41.01,39.54,1699.7,False,True,True,True,0,0.0,
3452,Rev3,3,W120,PX-7500,CH-D,C1,Center,0.0,0.0,38.86,41.44,37.58,1640.9,True,True,True,True,0,0.0,
3453,Rev3,3,W120,PX-7500,CH-D,MID-01,Mid,0.52,30.0,40.33,40.08,39.76,1679.7,True,True,True,True,0,0.0,
3454,Rev3,3,W120,PX-7500,CH-D,MID-02,Mid,0.52,90.0,40.47,40.71,36.22,1593.7,False,True,True,True,0,0.0,
3455,Rev3,3,W120,PX-7500,CH-D,MID-03,Mid,0.52,150.0,39.09,40.64,40.14,1603.5,True,True,True,True,1,4.94,polymer_residue
3456,Rev3,3,W120,PX-7500,CH-D,MID-04,Mid,0.52,210.0,40.29,41.28,40.9,1608.7,True,True,False,True,2,4.89,polymer_residue
3457,Rev3,3,W120,PX-7500,CH-D,MID-05,Mid,0.52,270.0,39.93,40.62,37.92,1606.9,True,True,True,True,0,0.0,
3458,Rev3,3,W120,PX-7500,CH-D,MID-06,Mid,0.52,330.0,39.95,41.77,39.06,1666.1,True,True,True,True,0,0.0,
3459,Rev3,3,W120,PX-7500,CH-D,EDG-01,Edge,0.84,0.0,40.17,41.87,38.95,1696.5,True,True,True,True,0,0.0,
3460,Rev3,3,W120,PX-7500,CH-D,EDG-02,Edge,0.84,32.7,40.44,42.08,38.21,1617.5,False,False,True,True,1,3.0,
3461,Rev3,3,W120,PX-7500,CH-D,EDG-03,Edge,0.84,65.5,39.76,41.01,38.49,1646.8,True,True,True,True,0,0.0,
3462,Rev3,3,W120,PX-7500,CH-D,EDG-04,Edge,0.84,98.2,41.51,40.46,41.14,1616.2,False,True,False,True,1,3.84,
3463,Rev3,3,W120,PX-7500,CH-D,EDG-05,Edge,0.84,130.9,41.28,42.3,40.33,1664.9,False,False,True,True,1,5.51,
3464,Rev3,3,W120,PX-7500,CH-D,EDG-06,Edge,0.84,163.6,40.03,41.12,38.03,1686.3,True,True,True,True,1,2.56,esc_temp_drift
3465,Rev3,3,W120,PX-7500,CH-D,EDG-07,Edge,0.84,196.4,40.2,43.05,39.44,1735.2,True,False,True,True,0,0.0,
3466,Rev3,3,W120,PX-7500,CH-D,EDG-08,Edge,0.84,229.1,40.45,42.77,42.69,1648.3,False,False,False,True,2,3.65,
3467,Rev3,3,W120,PX-7500,CH-D,EDG-09,Edge,0.84,261.8,40.84,42.18,37.9,1683.7,False,False,True,True,0,0.0,
3468,Rev3,3,W120,PX-7500,CH-D,EDG-10,Edge,0.84,294.5,40.29,40.48,39.94,1653.4,True,True,True,True,0,0.0,
3469,Rev3,3,W120,PX-7500,CH-D,EDG-11,Edge,0.84,327.3,40.37,41.54,40.21,1652.0,True,True,True,True,0,0.0,
3470,Rev3,3,W120,PX-7500,CH-D,EXT-01,Extreme Edge,0.96,16.4,41.47,42.12,37.7,1686.5,False,False,True,True,0,0.0,
3471,Rev3,3,W120,PX-7500,CH-D,EXT-02,Extreme Edge,0.96,49.1,40.72,42.23,39.8,1784.1,False,False,True,False,0,0.0,
3472,Rev3,3,W120,PX-7500,CH-D,EXT-03,Extreme Edge,0.96,81.8,41.45,42.36,39.21,1701.4,False,False,True,True,1,5.58,polymer_residue
3473,Rev3,3,W120,PX-7500,CH-D,EXT-04,Extreme Edge,0.96,114.5,41.6,41.9,37.19,1607.0,False,True,True,True,0,0.0,
3474,Rev3,3,W120,PX-7500,CH-D,EXT-05,Extreme Edge,0.96,147.3,40.68,40.73,40.94,1643.5,False,True,False,True,0,0.0,
3475,Rev3,3,W120,PX-7500,CH-D,EXT-06,Extreme Edge,0.96,180.0,41.75,41.66,38.91,1678.0,False,True,True,True,5,25.39,polymer_residue
3476,Rev3,3,W120,PX-7500,CH-D,EXT-07,Extreme Edge,0.96,212.7,40.49,41.15,39.56,1699.1,False,True,True,True,3,10.92,polymer_residue
3477,Rev3,3,W120,PX-7500,CH-D,EXT-08,Extreme Edge,0.96,245.5,41.13,42.41,40.94,1707.4,False,False,False,True,0,0.0,
3478,Rev3,3,W120,PX-7500,CH-D,EXT-09,Extreme Edge,0.96,278.2,41.84,40.96,38.5,1719.3,False,True,True,True,1,3.38,polymer_residue
3479,Rev3,3,W120,PX-7500,CH-D,EXT-10,Extreme Edge,0.96,310.9,42.96,41.27,38.41,1609.0,False,True,True,True,1,3.4,pressure_spike
3480,Rev3,3,W120,PX-7500,CH-D,EXT-11,Extreme Edge,0.96,343.6,41.38,42.03,41.08,1590.3,False,False,False,True,0,0.0,
3481,Rev5,5,W121,AE-3200,CH-B,C1,Center,0.0,0.0,38.41,39.59,36.15,1599.4,True,True,True,True,0,0.0,
3482,Rev5,5,W121,AE-3200,CH-B,MID-01,Mid,0.52,30.0,37.76,39.76,39.04,1640.6,True,True,True,True,0,0.0,
3483,Rev5,5,W121,AE-3200,CH-B,MID-02,Mid,0.52,90.0,39.27,39.2,37.15,1635.9,True,True,True,True,0,0.0,
3484,Rev5,5,W121,AE-3200,CH-B,MID-03,Mid,0.52,150.0,37.59,41.77,37.72,1676.2,True,True,True,True,0,0.0,
3485,Rev5,5,W121,AE-3200,CH-B,MID-04,Mid,0.52,210.0,38.93,39.79,37.53,1612.9,True,True,True,True,0,0.0,
3486,Rev5,5,W121,AE-3200,CH-B,MID-05,Mid,0.52,270.0,39.33,39.96,36.05,1623.1,True,True,True,True,0,0.0,
3487,Rev5,5,W121,AE-3200,CH-B,MID-06,Mid,0.52,330.0,38.73,41.19,39.06,1575.6,True,True,True,False,0,0.0,
3488,Rev5,5,W121,AE-3200,CH-B,EDG-01,Edge,0.84,0.0,39.19,41.75,39.23,1665.2,True,True,True,True,0,0.0,
3489,Rev5,5,W121,AE-3200,CH-B,EDG-02,Edge,0.84,32.7,40.4,39.35,39.37,1619.2,True,True,True,True,1,3.62,arc_event
3490,Rev5,5,W121,AE-3200,CH-B,EDG-03,Edge,0.84,65.5,39.94,41.25,40.21,1674.4,True,True,True,True,0,0.0,
3491,Rev5,5,W121,AE-3200,CH-B,EDG-04,Edge,0.84,98.2,39.72,41.16,39.2,1669.9,True,True,True,True,0,0.0,
3492,Rev5,5,W121,AE-3200,CH-B,EDG-05,Edge,0.84,130.9,40.35,42.03,36.43,1606.5,True,False,True,True,0,0.0,
3493,Rev5,5,W121,AE-3200,CH-B,EDG-06,Edge,0.84,163.6,40.29,40.56,36.85,1640.0,True,True,True,True,0,0.0,
3494,Rev5,5,W121,AE-3200,CH-B,EDG-07,Edge,0.84,196.4,41.13,41.14,40.04,1747.8,False,True,True,True,0,0.0,
3495,Rev5,5,W121,AE-3200,CH-B,EDG-08,Edge,0.84,229.1,39.11,39.13,36.77,1707.3,True,True,True,True,1,4.67,
3496,Rev5,5,W121,AE-3200,CH-B,EDG-09,Edge,0.84,261.8,39.79,41.53,35.91,1699.9,True,True,True,True,0,0.0,
3497,Rev5,5,W121,AE-3200,CH-B,EDG-10,Edge,0.84,294.5,39.15,40.67,38.38,1684.5,True,True,True,True,0,0.0,
3498,Rev5,5,W121,AE-3200,CH-B,EDG-11,Edge,0.84,327.3,39.39,40.89,38.27,1633.1,True,True,True,True,0,0.0,
3499,Rev5,5,W121,AE-3200,CH-B,EXT-01,Extreme Edge,0.96,16.4,40.63,40.89,38.68,1517.0,False,True,True,False,0,0.0,
3500,Rev5,5,W121,AE-3200,CH-B,EXT-02,Extreme Edge,0.96,49.1,40.48,42.0,39.72,1658.7,False,False,True,True,1,2.29,
3501,Rev5,5,W121,AE-3200,CH-B,EXT-03,Extreme Edge,0.96,81.8,39.85,39.23,38.41,1693.7,True,True,True,True,1,5.27,polymer_residue
3502,Rev5,5,W121,AE-3200,CH-B,EXT-04,Extreme Edge,0.96,114.5,40.09,39.33,38.94,1630.7,True,True,True,True,2,6.63,pressure_spike
3503,Rev5,5,W121,AE-3200,CH-B,EXT-05,Extreme Edge,0.96,147.3,40.23,40.48,39.47,1669.4,True,True,True,True,0,0.0,
3504,Rev5,5,W121,AE-3200,CH-B,EXT-06,Extreme Edge,0.96,180.0,40.92,40.18,40.06,1743.8,False,True,True,True,1,3.39,polymer_residue
3505,Rev5,5,W121,AE-3200,CH-B,EXT-07,Extreme Edge,0.96,212.7,40.4,42.92,39.25,1707.9,False,False,True,True,1,3.22,esc_temp_drift
3506,Rev5,5,W121,AE-3200,CH-B,EXT-08,Extreme Edge,0.96,245.5,39.65,39.61,40.46,1648.3,True,True,False,True,0,0.0,
3507,Rev5,5,W121,AE-3200,CH-B,EXT-09,Extreme Edge,0.96,278.2,40.65,41.16,38.97,1679.9,False,True,True,True,0,0.0,
3508,Rev5,5,W121,AE-3200,CH-B,EXT-10,Extreme Edge,0.96,310.9,40.29,40.94,39.15,1687.3,True,True,True,True,0,0.0,
3509,Rev5,5,W121,AE-3200,CH-B,EXT-11,Extreme Edge,0.96,343.6,40.96,42.06,39.07,1655.6,False,False,True,True,1,5.68,pressure_spike
3510,Rev4,4,W122,AE-3200,CH-A,C1,Center,0.0,0.0,38.4,39.98,35.18,1624.7,True,True,True,True,0,0.0,
3511,Rev4,4,W122,AE-3200,CH-A,MID-01,Mid,0.52,30.0,41.02,41.43,41.04,1659.0,False,True,False,True,0,0.0,
3512,Rev4,4,W122,AE-3200,CH-A,MID-02,Mid,0.52,90.0,40.16,40.53,36.05,1702.0,True,True,True,True,0,0.0,
3513,Rev4,4,W122,AE-3200,CH-A,MID-03,Mid,0.52,150.0,40.3,39.03,38.98,1651.3,True,True,True,True,0,0.0,
3514,Rev4,4,W122,AE-3200,CH-A,MID-04,Mid,0.52,210.0,39.68,40.84,37.66,1737.5,True,True,True,True,0,0.0,
3515,Rev4,4,W122,AE-3200,CH-A,MID-05,Mid,0.52,270.0,40.33,40.46,34.44,1742.7,True,True,True,True,0,0.0,
3516,Rev4,4,W122,AE-3200,CH-A,MID-06,Mid,0.52,330.0,40.65,40.3,34.21,1717.9,False,True,True,True,0,0.0,
3517,Rev4,4,W122,AE-3200,CH-A,EDG-01,Edge,0.84,0.0,40.13,41.54,37.3,1696.0,True,True,True,True,2,5.53,polymer_residue
3518,Rev4,4,W122,AE-3200,CH-A,EDG-02,Edge,0.84,32.7,41.0,40.32,35.17,1769.5,False,True,True,False,2,8.42,
3519,Rev4,4,W122,AE-3200,CH-A,EDG-03,Edge,0.84,65.5,40.8,41.84,38.18,1717.7,False,True,True,True,1,2.96,polymer_residue
3520,Rev4,4,W122,AE-3200,CH-A,EDG-04,Edge,0.84,98.2,41.3,42.35,36.62,1728.1,False,False,True,True,1,1.84,endpoint_late
3521,Rev4,4,W122,AE-3200,CH-A,EDG-05,Edge,0.84,130.9,41.14,41.35,36.7,1819.7,False,True,True,False,1,1.89,
3522,Rev4,4,W122,AE-3200,CH-A,EDG-06,Edge,0.84,163.6,40.65,40.81,38.31,1723.8,False,True,True,True,0,0.0,
3523,Rev4,4,W122,AE-3200,CH-A,EDG-07,Edge,0.84,196.4,41.19,41.44,38.45,1730.8,False,True,True,True,0,0.0,
3524,Rev4,4,W122,AE-3200,CH-A,EDG-08,Edge,0.84,229.1,41.28,42.78,37.79,1772.8,False,False,True,False,1,3.7,polymer_residue
3525,Rev4,4,W122,AE-3200,CH-A,EDG-09,Edge,0.84,261.8,41.82,41.24,37.85,1661.5,False,True,True,True,1,2.54,polymer_residue
3526,Rev4,4,W122,AE-3200,CH-A,EDG-10,Edge,0.84,294.5,41.37,40.47,35.92,1753.6,False,True,True,True,0,0.0,
3527,Rev4,4,W122,AE-3200,CH-A,EDG-11,Edge,0.84,327.3,40.26,41.74,36.37,1685.5,True,True,True,True,2,8.81,polymer_residue
3528,Rev4,4,W122,AE-3200,CH-A,EXT-01,Extreme Edge,0.96,16.4,42.0,43.18,39.12,1750.5,False,False,True,True,1,6.27,
3529,Rev4,4,W122,AE-3200,CH-A,EXT-02,Extreme Edge,0.96,49.1,41.85,42.89,36.89,1754.1,False,False,True,True,2,11.48,
3530,Rev4,4,W122,AE-3200,CH-A,EXT-03,Extreme Edge,0.96,81.8,41.02,43.86,38.28,1752.1,False,False,True,True,1,3.46,pressure_spike
3531,Rev4,4,W122,AE-3200,CH-A,EXT-04,Extreme Edge,0.96,114.5,41.82,42.26,36.68,1741.9,False,False,True,True,0,0.0,
3532,Rev4,4,W122,AE-3200,CH-A,EXT-05,Extreme Edge,0.96,147.3,40.89,42.18,38.77,1712.5,False,False,True,True,2,7.8,polymer_residue
3533,Rev4,4,W122,AE-3200,CH-A,EXT-06,Extreme Edge,0.96,180.0,41.07,41.26,39.79,1724.1,False,True,True,True,0,0.0,
3534,Rev4,4,W122,AE-3200,CH-A,EXT-07,Extreme Edge,0.96,212.7,41.41,41.1,40.08,1686.8,False,True,True,True,2,8.27,
3535,Rev4,4,W122,AE-3200,CH-A,EXT-08,Extreme Edge,0.96,245.5,40.68,41.36,38.61,1784.5,False,True,True,False,1,2.93,endpoint_late
3536,Rev4,4,W122,AE-3200,CH-A,EXT-09,Extreme Edge,0.96,278.2,41.63,41.3,37.34,1683.2,False,True,True,True,1,5.9,polymer_residue
3537,Rev4,4,W122,AE-3200,CH-A,EXT-10,Extreme Edge,0.96,310.9,41.35,41.59,39.35,1781.1,False,True,True,False,0,0.0,
3538,Rev4,4,W122,AE-3200,CH-A,EXT-11,Extreme Edge,0.96,343.6,42.09,42.98,40.23,1686.7,False,False,True,True,0,0.0,
3539,Rev4,4,W123,AE-3200,CH-A,C1,Center,0.0,0.0,38.75,40.25,36.85,1663.7,True,True,True,True,0,0.0,
3540,Rev4,4,W123,AE-3200,CH-A,MID-01,Mid,0.52,30.0,39.46,40.03,37.08,1672.3,True,True,True,True,0,0.0,
3541,Rev4,4,W123,AE-3200,CH-A,MID-02,Mid,0.52,90.0,39.87,41.83,39.0,1706.6,True,True,True,True,0,0.0,
3542,Rev4,4,W123,AE-3200,CH-A,MID-03,Mid,0.52,150.0,40.27,40.67,36.39,1579.0,True,True,True,False,0,0.0,
3543,Rev4,4,W123,AE-3200,CH-A,MID-04,Mid,0.52,210.0,39.36,40.82,39.03,1664.8,True,True,True,True,0,0.0,
3544,Rev4,4,W123,AE-3200,CH-A,MID-05,Mid,0.52,270.0,39.85,41.27,37.96,1628.4,True,True,True,True,0,0.0,
3545,Rev4,4,W123,AE-3200,CH-A,MID-06,Mid,0.52,330.0,39.29,40.75,35.89,1602.0,True,True,True,True,0,0.0,
3546,Rev4,4,W123,AE-3200,CH-A,EDG-01,Edge,0.84,0.0,39.85,42.04,37.03,1656.6,True,False,True,True,0,0.0,
3547,Rev4,4,W123,AE-3200,CH-A,EDG-02,Edge,0.84,32.7,40.0,41.19,39.61,1727.7,True,True,True,True,1,1.96,
3548,Rev4,4,W123,AE-3200,CH-A,EDG-03,Edge,0.84,65.5,39.87,42.16,38.84,1734.8,True,False,True,True,0,0.0,
3549,Rev4,4,W123,AE-3200,CH-A,EDG-04,Edge,0.84,98.2,40.89,42.6,39.6,1657.1,False,False,True,True,0,0.0,
3550,Rev4,4,W123,AE-3200,CH-A,EDG-05,Edge,0.84,130.9,39.7,41.65,39.37,1763.1,True,True,True,False,0,0.0,
3551,Rev4,4,W123,AE-3200,CH-A,EDG-06,Edge,0.84,163.6,40.16,41.02,41.42,1708.8,True,True,False,True,0,0.0,
3552,Rev4,4,W123,AE-3200,CH-A,EDG-07,Edge,0.84,196.4,40.8,41.96,40.0,1757.5,False,True,True,True,0,0.0,
3553,Rev4,4,W123,AE-3200,CH-A,EDG-08,Edge,0.84,229.1,40.35,41.54,36.8,1713.7,True,True,True,True,0,0.0,
3554,Rev4,4,W123,AE-3200,CH-A,EDG-09,Edge,0.84,261.8,39.84,40.78,41.66,1621.9,True,True,False,True,0,0.0,
3555,Rev4,4,W123,AE-3200,CH-A,EDG-10,Edge,0.84,294.5,41.98,40.78,37.73,1736.1,False,True,True,True,0,0.0,
3556,Rev4,4,W123,AE-3200,CH-A,EDG-11,Edge,0.84,327.3,40.79,41.31,40.46,1721.1,False,True,False,True,0,0.0,
3557,Rev4,4,W123,AE-3200,CH-A,EXT-01,Extreme Edge,0.96,16.4,40.96,41.46,38.69,1739.5,False,True,True,True,1,1.88,polymer_residue
3558,Rev4,4,W123,AE-3200,CH-A,EXT-02,Extreme Edge,0.96,49.1,41.3,42.45,37.58,1739.3,False,False,True,True,1,3.28,polymer_residue
3559,Rev4,4,W123,AE-3200,CH-A,EXT-03,Extreme Edge,0.96,81.8,41.04,42.23,39.73,1758.0,False,False,True,True,3,13.24,polymer_residue
3560,Rev4,4,W123,AE-3200,CH-A,EXT-04,Extreme Edge,0.96,114.5,40.34,42.01,38.4,1709.1,True,False,True,True,2,5.5,esc_temp_drift
3561,Rev4,4,W123,AE-3200,CH-A,EXT-05,Extreme Edge,0.96,147.3,40.99,41.53,41.71,1748.9,False,True,False,True,0,0.0,
3562,Rev4,4,W123,AE-3200,CH-A,EXT-06,Extreme Edge,0.96,180.0,40.83,42.41,39.23,1670.5,False,False,True,True,1,3.54,
3563,Rev4,4,W123,AE-3200,CH-A,EXT-07,Extreme Edge,0.96,212.7,40.75,41.26,36.25,1723.1,False,True,True,True,0,0.0,
3564,Rev4,4,W123,AE-3200,CH-A,EXT-08,Extreme Edge,0.96,245.5,41.11,43.12,39.74,1667.6,False,False,True,True,1,2.52,
3565,Rev4,4,W123,AE-3200,CH-A,EXT-09,Extreme Edge,0.96,278.2,40.77,41.25,38.2,1746.9,False,True,True,True,0,0.0,
3566,Rev4,4,W123,AE-3200,CH-A,EXT-10,Extreme Edge,0.96,310.9,41.55,40.96,37.99,1751.1,False,True,True,True,2,12.63,endpoint_late
3567,Rev4,4,W123,AE-3200,CH-A,EXT-11,Extreme Edge,0.96,343.6,40.85,41.86,39.08,1677.1,False,True,True,True,2,3.69,polymer_residue
3568,Rev6,6,W124,PX-7500,CH-C,C1,Center,0.0,0.0,36.54,38.37,31.01,1632.3,False,True,False,True,1,5.06,
3569,Rev6,6,W124,PX-7500,CH-C,MID-01,Mid,0.52,30.0,38.54,39.6,36.87,1671.2,True,True,True,True,1,3.42,arc_event
3570,Rev6,6,W124,PX-7500,CH-C,MID-02,Mid,0.52,90.0,36.83,39.62,34.59,1685.3,True,True,True,True,0,0.0,
3571,Rev6,6,W124,PX-7500,CH-C,MID-03,Mid,0.52,150.0,38.38,40.22,36.81,1593.7,True,True,True,True,0,0.0,
3572,Rev6,6,W124,PX-7500,CH-C,MID-04,Mid,0.52,210.0,37.89,40.86,36.77,1662.5,True,True,True,True,0,0.0,
3573,Rev6,6,W124,PX-7500,CH-C,MID-05,Mid,0.52,270.0,37.74,40.32,35.16,1746.1,True,True,True,True,1,3.33,polymer_residue
3574,Rev6,6,W124,PX-7500,CH-C,MID-06,Mid,0.52,330.0,36.67,39.99,33.91,1687.6,True,True,False,True,0,0.0,
3575,Rev6,6,W124,PX-7500,CH-C,EDG-01,Edge,0.84,0.0,39.58,40.56,35.58,1643.1,True,True,True,True,0,0.0,
3576,Rev6,6,W124,PX-7500,CH-C,EDG-02,Edge,0.84,32.7,38.89,41.21,36.46,1673.9,True,True,True,True,0,0.0,
3577,Rev6,6,W124,PX-7500,CH-C,EDG-03,Edge,0.84,65.5,38.46,40.13,34.92,1664.3,True,True,True,True,0,0.0,
3578,Rev6,6,W124,PX-7500,CH-C,EDG-04,Edge,0.84,98.2,38.19,40.0,36.27,1661.6,True,True,True,True,2,7.56,
3579,Rev6,6,W124,PX-7500,CH-C,EDG-05,Edge,0.84,130.9,38.53,38.83,37.99,1803.0,True,True,True,False,0,0.0,
3580,Rev6,6,W124,PX-7500,CH-C,EDG-06,Edge,0.84,163.6,39.03,42.13,37.57,1695.5,True,False,True,True,1,5.08,arc_event
3581,Rev6,6,W124,PX-7500,CH-C,EDG-07,Edge,0.84,196.4,38.43,39.99,35.65,1654.2,True,True,True,True,0,0.0,
3582,Rev6,6,W124,PX-7500,CH-C,EDG-08,Edge,0.84,229.1,37.49,40.51,32.01,1799.5,True,True,False,False,0,0.0,
3583,Rev6,6,W124,PX-7500,CH-C,EDG-09,Edge,0.84,261.8,37.49,40.05,33.79,1621.8,True,True,False,True,1,4.14,esc_temp_drift
3584,Rev6,6,W124,PX-7500,CH-C,EDG-10,Edge,0.84,294.5,38.05,40.11,35.16,1718.6,True,True,True,True,1,3.56,polymer_residue
3585,Rev6,6,W124,PX-7500,CH-C,EDG-11,Edge,0.84,327.3,37.88,40.93,35.81,1712.0,True,True,True,True,1,4.84,
3586,Rev6,6,W124,PX-7500,CH-C,EXT-01,Extreme Edge,0.96,16.4,38.05,40.69,37.19,1763.8,True,True,True,False,0,0.0,
3587,Rev6,6,W124,PX-7500,CH-C,EXT-02,Extreme Edge,0.96,49.1,38.61,40.45,34.95,1682.8,True,True,True,True,1,2.51,polymer_residue
3588,Rev6,6,W124,PX-7500,CH-C,EXT-03,Extreme Edge,0.96,81.8,39.13,40.91,31.75,1669.6,True,True,False,True,1,2.14,polymer_residue
3589,Rev6,6,W124,PX-7500,CH-C,EXT-04,Extreme Edge,0.96,114.5,38.89,41.11,38.15,1691.9,True,True,True,True,0,0.0,
3590,Rev6,6,W124,PX-7500,CH-C,EXT-05,Extreme Edge,0.96,147.3,39.22,42.62,38.63,1644.0,True,False,True,True,0,0.0,
3591,Rev6,6,W124,PX-7500,CH-C,EXT-06,Extreme Edge,0.96,180.0,38.87,40.39,38.12,1738.5,True,True,True,True,0,0.0,
3592,Rev6,6,W124,PX-7500,CH-C,EXT-07,Extreme Edge,0.96,212.7,39.17,40.03,36.76,1755.1,True,True,True,True,2,12.54,pressure_spike
3593,Rev6,6,W124,PX-7500,CH-C,EXT-08,Extreme Edge,0.96,245.5,39.41,39.19,35.22,1666.6,True,True,True,True,0,0.0,
3594,Rev6,6,W124,PX-7500,CH-C,EXT-09,Extreme Edge,0.96,278.2,38.82,40.38,34.72,1674.4,True,True,True,True,0,0.0,
3595,Rev6,6,W124,PX-7500,CH-C,EXT-10,Extreme Edge,0.96,310.9,38.25,39.84,33.99,1665.0,True,True,False,True,1,2.01,polymer_residue
3596,Rev6,6,W124,PX-7500,CH-C,EXT-11,Extreme Edge,0.96,343.6,39.19,40.07,35.59,1737.8,True,True,True,True,1,2.25,polymer_residue
3597,Rev8,8,W125,AE-3200,CH-A,C1,Center,0.0,0.0,36.85,39.22,37.43,1696.5,True,True,True,True,0,0.0,
3598,Rev8,8,W125,AE-3200,CH-A,MID-01,Mid,0.52,30.0,37.56,39.33,35.68,1708.2,True,True,True,True,0,0.0,
3599,Rev8,8,W125,AE-3200,CH-A,MID-02,Mid,0.52,90.0,37.73,39.53,36.47,1777.3,True,True,True,False,0,0.0,
3600,Rev8,8,W125,AE-3200,CH-A,MID-03,Mid,0.52,150.0,38.32,40.53,36.75,1768.0,True,True,True,False,0,0.0,
3601,Rev8,8,W125,AE-3200,CH-A,MID-04,Mid,0.52,210.0,38.6,39.05,37.83,1760.1,True,True,True,False,0,0.0,
3602,Rev8,8,W125,AE-3200,CH-A,MID-05,Mid,0.52,270.0,38.32,40.81,34.67,1779.0,True,True,True,False,0,0.0,
3603,Rev8,8,W125,AE-3200,CH-A,MID-06,Mid,0.52,330.0,37.35,41.23,36.89,1779.2,True,True,True,False,0,0.0,
3604,Rev8,8,W125,AE-3200,CH-A,EDG-01,Edge,0.84,0.0,39.51,40.42,36.71,1759.8,True,True,True,True,0,0.0,
3605,Rev8,8,W125,AE-3200,CH-A,EDG-02,Edge,0.84,32.7,38.52,40.26,39.92,1828.9,True,True,True,False,1,5.69,esc_temp_drift
3606,Rev8,8,W125,AE-3200,CH-A,EDG-03,Edge,0.84,65.5,38.37,41.99,36.46,1859.0,True,True,True,False,0,0.0,
3607,Rev8,8,W125,AE-3200,CH-A,EDG-04,Edge,0.84,98.2,38.81,39.09,36.43,1778.2,True,True,True,False,0,0.0,
3608,Rev8,8,W125,AE-3200,CH-A,EDG-05,Edge,0.84,130.9,41.43,40.42,38.04,1730.5,False,True,True,True,0,0.0,
3609,Rev8,8,W125,AE-3200,CH-A,EDG-06,Edge,0.84,163.6,39.11,39.7,38.55,1784.2,True,True,True,False,0,0.0,
3610,Rev8,8,W125,AE-3200,CH-A,EDG-07,Edge,0.84,196.4,39.09,39.31,40.43,1820.7,True,True,False,False,0,0.0,
3611,Rev8,8,W125,AE-3200,CH-A,EDG-08,Edge,0.84,229.1,37.91,39.59,36.93,1743.7,True,True,True,True,0,0.0,
3612,Rev8,8,W125,AE-3200,CH-A,EDG-09,Edge,0.84,261.8,38.06,40.55,37.08,1804.3,True,True,True,False,0,0.0,
3613,Rev8,8,W125,AE-3200,CH-A,EDG-10,Edge,0.84,294.5,39.24,41.37,38.69,1714.7,True,True,True,True,1,2.03,pressure_spike
3614,Rev8,8,W125,AE-3200,CH-A,EDG-11,Edge,0.84,327.3,39.23,40.05,39.03,1740.2,True,True,True,True,1,1.81,
3615,Rev8,8,W125,AE-3200,CH-A,EXT-01,Extreme Edge,0.96,16.4,39.59,39.99,38.38,1815.8,True,True,True,False,1,4.61,esc_temp_drift
3616,Rev8,8,W125,AE-3200,CH-A,EXT-02,Extreme Edge,0.96,49.1,39.53,41.23,39.84,1791.7,True,True,True,False,1,3.41,polymer_residue
3617,Rev8,8,W125,AE-3200,CH-A,EXT-03,Extreme Edge,0.96,81.8,39.32,41.45,39.52,1808.2,True,True,True,False,1,4.72,
3618,Rev8,8,W125,AE-3200,CH-A,EXT-04,Extreme Edge,0.96,114.5,39.35,40.05,37.18,1802.6,True,True,True,False,0,0.0,
3619,Rev8,8,W125,AE-3200,CH-A,EXT-05,Extreme Edge,0.96,147.3,38.8,40.36,38.37,1766.3,True,True,True,False,0,0.0,
3620,Rev8,8,W125,AE-3200,CH-A,EXT-06,Extreme Edge,0.96,180.0,39.53,41.8,39.94,1769.0,True,True,True,False,1,3.27,
3621,Rev8,8,W125,AE-3200,CH-A,EXT-07,Extreme Edge,0.96,212.7,40.18,40.65,38.33,1875.3,True,True,True,False,1,2.17,
3622,Rev8,8,W125,AE-3200,CH-A,EXT-08,Extreme Edge,0.96,245.5,39.89,40.7,39.71,1928.2,True,True,True,False,0,0.0,
3623,Rev8,8,W125,AE-3200,CH-A,EXT-09,Extreme Edge,0.96,278.2,40.24,41.1,37.67,1814.8,True,True,True,False,0,0.0,
3624,Rev8,8,W125,AE-3200,CH-A,EXT-10,Extreme Edge,0.96,310.9,38.68,41.37,37.92,1867.3,True,True,True,False,1,2.3,polymer_residue
3625,Rev8,8,W125,AE-3200,CH-A,EXT-11,Extreme Edge,0.96,343.6,39.44,43.0,38.17,1825.3,True,False,True,False,1,6.14,
3626,Rev9,9,W126,AE-3200,CH-B,C1,Center,0.0,0.0,37.95,40.56,38.79,1785.6,True,True,True,False,0,0.0,
3627,Rev9,9,W126,AE-3200,CH-B,MID-01,Mid,0.52,30.0,39.05,39.94,38.95,1801.7,True,True,True,False,0,0.0,
3628,Rev9,9,W126,AE-3200,CH-B,MID-02,Mid,0.52,90.0,38.62,40.92,38.89,1815.9,True,True,True,False,0,0.0,
3629,Rev9,9,W126,AE-3200,CH-B,MID-03,Mid,0.52,150.0,39.36,38.55,38.37,1810.7,True,True,True,False,0,0.0,
3630,Rev9,9,W126,AE-3200,CH-B,MID-04,Mid,0.52,210.0,37.62,39.63,37.42,1806.4,True,True,True,False,0,0.0,
3631,Rev9,9,W126,AE-3200,CH-B,MID-05,Mid,0.52,270.0,39.64,38.96,39.62,1830.1,True,True,True,False,0,0.0,
3632,Rev9,9,W126,AE-3200,CH-B,MID-06,Mid,0.52,330.0,37.95,39.66,38.25,1815.2,True,True,True,False,0,0.0,
3633,Rev9,9,W126,AE-3200,CH-B,EDG-01,Edge,0.84,0.0,39.99,40.59,36.77,1859.3,True,True,True,False,0,0.0,
3634,Rev9,9,W126,AE-3200,CH-B,EDG-02,Edge,0.84,32.7,39.61,39.01,40.73,1922.5,True,True,False,False,0,0.0,
3635,Rev9,9,W126,AE-3200,CH-B,EDG-03,Edge,0.84,65.5,39.02,40.81,38.47,1901.5,True,True,True,False,0,0.0,
3636,Rev9,9,W126,AE-3200,CH-B,EDG-04,Edge,0.84,98.2,38.78,40.98,39.33,1819.9,True,True,True,False,0,0.0,
3637,Rev9,9,W126,AE-3200,CH-B,EDG-05,Edge,0.84,130.9,38.81,40.46,41.37,1810.9,True,True,False,False,1,4.59,
3638,Rev9,9,W126,AE-3200,CH-B,EDG-06,Edge,0.84,163.6,39.28,40.38,40.21,1889.5,True,True,True,False,0,0.0,
3639,Rev9,9,W126,AE-3200,CH-B,EDG-07,Edge,0.84,196.4,38.2,40.17,37.0,1879.1,True,True,True,False,2,6.5,
3640,Rev9,9,W126,AE-3200,CH-B,EDG-08,Edge,0.84,229.1,39.82,40.72,37.7,1930.0,True,True,True,False,0,0.0,
3641,Rev9,9,W126,AE-3200,CH-B,EDG-09,Edge,0.84,261.8,39.62,39.65,38.33,1820.5,True,True,True,False,1,5.38,
3642,Rev9,9,W126,AE-3200,CH-B,EDG-10,Edge,0.84,294.5,39.7,40.16,39.26,1858.7,True,True,True,False,2,10.44,endpoint_late
3643,Rev9,9,W126,AE-3200,CH-B,EDG-11,Edge,0.84,327.3,39.33,41.42,39.01,1839.4,True,True,True,False,0,0.0,
3644,Rev9,9,W126,AE-3200,CH-B,EXT-01,Extreme Edge,0.96,16.4,39.59,39.17,38.82,1863.3,True,True,True,False,1,5.81,arc_event
3645,Rev9,9,W126,AE-3200,CH-B,EXT-02,Extreme Edge,0.96,49.1,41.18,39.05,40.49,1883.1,False,True,False,False,1,2.49,
3646,Rev9,9,W126,AE-3200,CH-B,EXT-03,Extreme Edge,0.96,81.8,40.35,41.35,37.24,1858.1,True,True,True,False,0,0.0,
3647,Rev9,9,W126,AE-3200,CH-B,EXT-04,Extreme Edge,0.96,114.5,40.24,39.22,39.63,1907.4,True,True,True,False,1,4.42,polymer_residue
3648,Rev9,9,W126,AE-3200,CH-B,EXT-05,Extreme Edge,0.96,147.3,39.89,41.79,38.82,1870.2,True,True,True,False,0,0.0,
3649,Rev9,9,W126,AE-3200,CH-B,EXT-06,Extreme Edge,0.96,180.0,40.53,40.77,40.2,1800.4,False,True,True,False,0,0.0,
3650,Rev9,9,W126,AE-3200,CH-B,EXT-07,Extreme Edge,0.96,212.7,40.96,39.78,39.11,1849.1,False,True,True,False,1,1.83,polymer_residue
3651,Rev9,9,W126,AE-3200,CH-B,EXT-08,Extreme Edge,0.96,245.5,40.45,40.5,38.15,1937.9,False,True,True,False,1,3.65,
3652,Rev9,9,W126,AE-3200,CH-B,EXT-09,Extreme Edge,0.96,278.2,40.06,40.45,37.37,1914.2,True,True,True,False,0,0.0,
3653,Rev9,9,W126,AE-3200,CH-B,EXT-10,Extreme Edge,0.96,310.9,40.11,41.13,40.55,1935.1,True,True,False,False,0,0.0,
3654,Rev9,9,W126,AE-3200,CH-B,EXT-11,Extreme Edge,0.96,343.6,40.42,40.77,40.28,1848.0,False,True,True,False,3,16.57,polymer_residue
3655,Base,0,W127,AE-3200,CH-A,C1,Center,0.0,0.0,39.64,40.01,34.1,1642.7,True,True,False,True,0,0.0,
3656,Base,0,W127,AE-3200,CH-A,MID-01,Mid,0.52,30.0,39.85,41.18,36.96,1638.3,True,True,True,True,0,0.0,
3657,Base,0,W127,AE-3200,CH-A,MID-02,Mid,0.52,90.0,41.27,41.53,36.36,1688.8,False,True,True,True,0,0.0,
3658,Base,0,W127,AE-3200,CH-A,MID-03,Mid,0.52,150.0,40.48,40.45,37.48,1621.8,False,True,True,True,1,5.45,pressure_spike
3659,Base,0,W127,AE-3200,CH-A,MID-04,Mid,0.52,210.0,39.97,43.19,36.4,1665.6,True,False,True,True,1,4.82,esc_temp_drift
3660,Base,0,W127,AE-3200,CH-A,MID-05,Mid,0.52,270.0,40.35,41.07,39.13,1619.2,True,True,True,True,0,0.0,
3661,Base,0,W127,AE-3200,CH-A,MID-06,Mid,0.52,330.0,41.18,41.26,36.46,1621.7,False,True,True,True,0,0.0,
3662,Base,0,W127,AE-3200,CH-A,EDG-01,Edge,0.84,0.0,42.45,42.66,38.2,1695.4,False,False,True,True,1,5.58,arc_event
3663,Base,0,W127,AE-3200,CH-A,EDG-02,Edge,0.84,32.7,42.03,42.7,36.12,1705.2,False,False,True,True,0,0.0,
3664,Base,0,W127,AE-3200,CH-A,EDG-03,Edge,0.84,65.5,40.42,39.91,35.66,1620.6,False,True,True,True,1,3.68,polymer_residue
3665,Base,0,W127,AE-3200,CH-A,EDG-04,Edge,0.84,98.2,42.47,41.4,37.73,1631.0,False,True,True,True,2,9.11,
3666,Base,0,W127,AE-3200,CH-A,EDG-05,Edge,0.84,130.9,40.91,41.91,35.37,1688.2,False,True,True,True,0,0.0,
3667,Base,0,W127,AE-3200,CH-A,EDG-06,Edge,0.84,163.6,41.53,41.5,35.83,1609.0,False,True,True,True,0,0.0,
3668,Base,0,W127,AE-3200,CH-A,EDG-07,Edge,0.84,196.4,41.72,42.36,36.92,1588.8,False,False,True,True,1,6.24,
3669,Base,0,W127,AE-3200,CH-A,EDG-08,Edge,0.84,229.1,40.39,41.07,36.62,1610.0,True,True,True,True,0,0.0,
3670,Base,0,W127,AE-3200,CH-A,EDG-09,Edge,0.84,261.8,42.41,40.75,37.6,1568.9,False,True,True,False,2,6.38,polymer_residue
3671,Base,0,W127,AE-3200,CH-A,EDG-10,Edge,0.84,294.5,41.82,41.25,39.39,1648.4,False,True,True,True,0,0.0,
3672,Base,0,W127,AE-3200,CH-A,EDG-11,Edge,0.84,327.3,41.38,43.51,37.54,1612.5,False,False,True,True,0,0.0,
3673,Base,0,W127,AE-3200,CH-A,EXT-01,Extreme Edge,0.96,16.4,42.07,43.21,37.57,1705.8,False,False,True,True,0,0.0,
3674,Base,0,W127,AE-3200,CH-A,EXT-02,Extreme Edge,0.96,49.1,41.81,42.53,38.03,1626.8,False,False,True,True,1,1.82,arc_event
3675,Base,0,W127,AE-3200,CH-A,EXT-03,Extreme Edge,0.96,81.8,41.91,42.91,36.99,1642.1,False,False,True,True,3,17.13,arc_event
3676,Base,0,W127,AE-3200,CH-A,EXT-04,Extreme Edge,0.96,114.5,41.68,42.24,36.09,1673.3,False,False,True,True,0,0.0,
3677,Base,0,W127,AE-3200,CH-A,EXT-05,Extreme Edge,0.96,147.3,41.69,42.14,37.94,1644.3,False,False,True,True,2,10.04,arc_event
3678,Base,0,W127,AE-3200,CH-A,EXT-06,Extreme Edge,0.96,180.0,42.14,42.59,39.03,1708.3,False,False,True,True,1,6.38,polymer_residue
3679,Base,0,W127,AE-3200,CH-A,EXT-07,Extreme Edge,0.96,212.7,41.52,41.47,36.9,1641.4,False,True,True,True,0,0.0,
3680,Base,0,W127,AE-3200,CH-A,EXT-08,Extreme Edge,0.96,245.5,41.82,42.3,38.01,1637.1,False,False,True,True,1,6.26,endpoint_late
3681,Base,0,W127,AE-3200,CH-A,EXT-09,Extreme Edge,0.96,278.2,40.72,41.55,36.34,1599.1,False,True,True,True,0,0.0,
3682,Base,0,W127,AE-3200,CH-A,EXT-10,Extreme Edge,0.96,310.9,42.18,42.56,34.39,1727.9,False,False,True,True,0,0.0,
3683,Base,0,W127,AE-3200,CH-A,EXT-11,Extreme Edge,0.96,343.6,42.97,41.99,39.85,1674.7,False,True,True,True,1,2.5,pressure_spike
3684,Rev5,5,W128,AE-3200,CH-B,C1,Center,0.0,0.0,38.3,39.13,35.98,1685.4,True,True,True,True,0,0.0,
3685,Rev5,5,W128,AE-3200,CH-B,MID-01,Mid,0.52,30.0,38.22,39.36,37.13,1607.1,True,True,True,True,0,0.0,
3686,Rev5,5,W128,AE-3200,CH-B,MID-02,Mid,0.52,90.0,38.78,38.97,37.06,1701.7,True,True,True,True,0,0.0,
3687,Rev5,5,W128,AE-3200,CH-B,MID-03,Mid,0.52,150.0,38.83,36.9,35.99,1638.7,True,False,True,True,1,5.04,
3688,Rev5,5,W128,AE-3200,CH-B,MID-04,Mid,0.52,210.0,39.4,38.65,36.94,1674.7,True,True,True,True,0,0.0,
3689,Rev5,5,W128,AE-3200,CH-B,MID-05,Mid,0.52,270.0,39.73,39.85,36.69,1598.8,True,True,True,True,0,0.0,
3690,Rev5,5,W128,AE-3200,CH-B,MID-06,Mid,0.52,330.0,39.29,39.37,39.35,1705.0,True,True,True,True,0,0.0,
3691,Rev5,5,W128,AE-3200,CH-B,EDG-01,Edge,0.84,0.0,40.8,39.78,36.1,1612.6,False,True,True,True,1,5.47,
3692,Rev5,5,W128,AE-3200,CH-B,EDG-02,Edge,0.84,32.7,40.49,40.47,37.92,1633.8,False,True,True,True,1,6.3,pressure_spike
3693,Rev5,5,W128,AE-3200,CH-B,EDG-03,Edge,0.84,65.5,39.88,40.63,37.4,1678.4,True,True,True,True,0,0.0,
3694,Rev5,5,W128,AE-3200,CH-B,EDG-04,Edge,0.84,98.2,41.17,41.23,39.09,1727.3,False,True,True,True,0,0.0,
3695,Rev5,5,W128,AE-3200,CH-B,EDG-05,Edge,0.84,130.9,38.81,38.43,37.85,1575.1,True,True,True,False,1,3.72,endpoint_late
3696,Rev5,5,W128,AE-3200,CH-B,EDG-06,Edge,0.84,163.6,40.9,41.66,37.48,1647.4,False,True,True,True,2,11.22,polymer_residue
3697,Rev5,5,W128,AE-3200,CH-B,EDG-07,Edge,0.84,196.4,41.13,41.55,39.55,1692.4,False,True,True,True,0,0.0,
3698,Rev5,5,W128,AE-3200,CH-B,EDG-08,Edge,0.84,229.1,39.71,40.38,37.98,1708.6,True,True,True,True,0,0.0,
3699,Rev5,5,W128,AE-3200,CH-B,EDG-09,Edge,0.84,261.8,39.94,40.9,37.3,1636.9,True,True,True,True,1,4.2,polymer_residue
3700,Rev5,5,W128,AE-3200,CH-B,EDG-10,Edge,0.84,294.5,39.97,41.19,38.26,1683.9,True,True,True,True,2,3.75,endpoint_late
3701,Rev5,5,W128,AE-3200,CH-B,EDG-11,Edge,0.84,327.3,40.85,41.0,39.15,1625.6,False,True,True,True,0,0.0,
3702,Rev5,5,W128,AE-3200,CH-B,EXT-01,Extreme Edge,0.96,16.4,41.6,41.09,40.1,1657.0,False,True,True,True,0,0.0,
3703,Rev5,5,W128,AE-3200,CH-B,EXT-02,Extreme Edge,0.96,49.1,41.61,41.83,37.73,1703.2,False,True,True,True,0,0.0,
3704,Rev5,5,W128,AE-3200,CH-B,EXT-03,Extreme Edge,0.96,81.8,40.91,41.11,38.67,1737.6,False,True,True,True,1,5.52,
3705,Rev5,5,W128,AE-3200,CH-B,EXT-04,Extreme Edge,0.96,114.5,40.36,40.15,40.59,1729.5,True,True,False,True,0,0.0,
3706,Rev5,5,W128,AE-3200,CH-B,EXT-05,Extreme Edge,0.96,147.3,39.97,41.3,38.74,1717.7,True,True,True,True,1,4.54,esc_temp_drift
3707,Rev5,5,W128,AE-3200,CH-B,EXT-06,Extreme Edge,0.96,180.0,41.07,41.39,37.86,1704.1,False,True,True,True,0,0.0,
3708,Rev5,5,W128,AE-3200,CH-B,EXT-07,Extreme Edge,0.96,212.7,40.23,40.64,38.04,1674.9,True,True,True,True,3,9.09,polymer_residue
3709,Rev5,5,W128,AE-3200,CH-B,EXT-08,Extreme Edge,0.96,245.5,41.41,40.49,38.88,1706.1,False,True,True,True,0,0.0,
3710,Rev5,5,W128,AE-3200,CH-B,EXT-09,Extreme Edge,0.96,278.2,40.51,40.86,40.28,1762.9,False,True,True,False,0,0.0,
3711,Rev5,5,W128,AE-3200,CH-B,EXT-10,Extreme Edge,0.96,310.9,40.25,41.14,38.58,1777.8,True,True,True,False,1,4.69,
3712,Rev5,5,W128,AE-3200,CH-B,EXT-11,Extreme Edge,0.96,343.6,40.78,41.84,38.11,1603.2,False,True,True,True,1,3.45,esc_temp_drift
3713,Rev5,5,W129,AE-3200,CH-B,C1,Center,0.0,0.0,38.72,41.04,37.14,1652.3,True,True,True,True,0,0.0,
3714,Rev5,5,W129,AE-3200,CH-B,MID-01,Mid,0.52,30.0,38.82,40.49,35.7,1652.0,True,True,True,True,0,0.0,
3715,Rev5,5,W129,AE-3200,CH-B,MID-02,Mid,0.52,90.0,39.43,40.67,38.24,1600.8,True,True,True,True,1,5.4,
3716,Rev5,5,W129,AE-3200,CH-B,MID-03,Mid,0.52,150.0,38.49,40.4,39.49,1598.2,True,True,True,True,0,0.0,
3717,Rev5,5,W129,AE-3200,CH-B,MID-04,Mid,0.52,210.0,38.37,40.81,35.89,1558.2,True,True,True,False,0,0.0,
3718,Rev5,5,W129,AE-3200,CH-B,MID-05,Mid,0.52,270.0,38.88,40.99,38.5,1591.3,True,True,True,True,0,0.0,
3719,Rev5,5,W129,AE-3200,CH-B,MID-06,Mid,0.52,330.0,39.86,39.08,37.12,1603.9,True,True,True,True,0,0.0,
3720,Rev5,5,W129,AE-3200,CH-B,EDG-01,Edge,0.84,0.0,41.49,41.17,38.65,1650.0,False,True,True,True,0,0.0,
3721,Rev5,5,W129,AE-3200,CH-B,EDG-02,Edge,0.84,32.7,40.3,41.11,39.06,1673.3,True,True,True,True,1,4.32,
3722,Rev5,5,W129,AE-3200,CH-B,EDG-03,Edge,0.84,65.5,39.88,40.47,39.05,1748.6,True,True,True,True,0,0.0,
3723,Rev5,5,W129,AE-3200,CH-B,EDG-04,Edge,0.84,98.2,39.88,40.62,40.25,1662.9,True,True,True,True,0,0.0,
3724,Rev5,5,W129,AE-3200,CH-B,EDG-05,Edge,0.84,130.9,39.52,40.58,38.98,1648.1,True,True,True,True,0,0.0,
3725,Rev5,5,W129,AE-3200,CH-B,EDG-06,Edge,0.84,163.6,40.58,40.7,37.32,1648.3,False,True,True,True,0,0.0,
3726,Rev5,5,W129,AE-3200,CH-B,EDG-07,Edge,0.84,196.4,41.15,40.63,35.86,1806.2,False,True,True,False,0,0.0,
3727,Rev5,5,W129,AE-3200,CH-B,EDG-08,Edge,0.84,229.1,39.33,40.37,38.0,1685.2,True,True,True,True,0,0.0,
3728,Rev5,5,W129,AE-3200,CH-B,EDG-09,Edge,0.84,261.8,40.13,40.43,35.74,1650.2,True,True,True,True,0,0.0,
3729,Rev5,5,W129,AE-3200,CH-B,EDG-10,Edge,0.84,294.5,41.05,40.3,37.53,1731.8,False,True,True,True,1,4.43,pressure_spike
3730,Rev5,5,W129,AE-3200,CH-B,EDG-11,Edge,0.84,327.3,40.43,40.48,36.81,1711.3,False,True,True,True,2,10.33,polymer_residue
3731,Rev5,5,W129,AE-3200,CH-B,EXT-01,Extreme Edge,0.96,16.4,41.45,41.94,38.66,1676.7,False,True,True,True,2,9.38,esc_temp_drift
3732,Rev5,5,W129,AE-3200,CH-B,EXT-02,Extreme Edge,0.96,49.1,41.0,41.91,39.8,1670.2,False,True,True,True,1,4.41,
3733,Rev5,5,W129,AE-3200,CH-B,EXT-03,Extreme Edge,0.96,81.8,41.11,40.05,35.22,1807.6,False,True,True,False,3,13.96,arc_event
3734,Rev5,5,W129,AE-3200,CH-B,EXT-04,Extreme Edge,0.96,114.5,41.62,41.6,38.36,1579.2,False,True,True,False,0,0.0,
3735,Rev5,5,W129,AE-3200,CH-B,EXT-05,Extreme Edge,0.96,147.3,41.25,41.38,39.13,1653.6,False,True,True,True,2,10.5,polymer_residue
3736,Rev5,5,W129,AE-3200,CH-B,EXT-06,Extreme Edge,0.96,180.0,41.3,42.1,38.14,1653.1,False,False,True,True,0,0.0,
3737,Rev5,5,W129,AE-3200,CH-B,EXT-07,Extreme Edge,0.96,212.7,39.43,41.05,38.06,1748.0,True,True,True,True,2,5.6,polymer_residue
3738,Rev5,5,W129,AE-3200,CH-B,EXT-08,Extreme Edge,0.96,245.5,41.83,40.6,39.4,1693.1,False,True,True,True,1,2.84,
3739,Rev5,5,W129,AE-3200,CH-B,EXT-09,Extreme Edge,0.96,278.2,40.85,41.78,36.38,1667.5,False,True,True,True,0,0.0,
3740,Rev5,5,W129,AE-3200,CH-B,EXT-10,Extreme Edge,0.96,310.9,41.37,40.92,37.86,1771.9,False,True,True,False,0,0.0,
3741,Rev5,5,W129,AE-3200,CH-B,EXT-11,Extreme Edge,0.96,343.6,39.57,40.6,39.32,1682.4,True,True,True,True,1,3.37,
3742,Rev6,6,W130,PX-7500,CH-C,C1,Center,0.0,0.0,36.49,41.23,37.23,1677.8,False,True,True,True,0,0.0,
3743,Rev6,6,W130,PX-7500,CH-C,MID-01,Mid,0.52,30.0,38.25,38.49,35.93,1714.6,True,True,True,True,0,0.0,
3744,Rev6,6,W130,PX-7500,CH-C,MID-02,Mid,0.52,90.0,38.15,39.56,36.88,1623.6,True,True,True,True,0,0.0,
3745,Rev6,6,W130,PX-7500,CH-C,MID-03,Mid,0.52,150.0,38.3,38.95,36.7,1663.3,True,True,True,True,0,0.0,
3746,Rev6,6,W130,PX-7500,CH-C,MID-04,Mid,0.52,210.0,37.05,37.97,35.26,1635.4,True,True,True,True,0,0.0,
3747,Rev6,6,W130,PX-7500,CH-C,MID-05,Mid,0.52,270.0,37.61,40.34,35.96,1600.3,True,True,True,True,0,0.0,
3748,Rev6,6,W130,PX-7500,CH-C,MID-06,Mid,0.52,330.0,38.57,39.49,36.83,1649.2,True,True,True,True,0,0.0,
3749,Rev6,6,W130,PX-7500,CH-C,EDG-01,Edge,0.84,0.0,39.08,40.5,37.11,1675.1,True,True,True,True,0,0.0,
3750,Rev6,6,W130,PX-7500,CH-C,EDG-02,Edge,0.84,32.7,38.72,40.25,38.39,1660.0,True,True,True,True,0,0.0,
3751,Rev6,6,W130,PX-7500,CH-C,EDG-03,Edge,0.84,65.5,38.62,40.0,37.57,1587.2,True,True,True,True,0,0.0,
3752,Rev6,6,W130,PX-7500,CH-C,EDG-04,Edge,0.84,98.2,39.24,40.46,36.7,1663.2,True,True,True,True,0,0.0,
3753,Rev6,6,W130,PX-7500,CH-C,EDG-05,Edge,0.84,130.9,38.37,41.35,37.46,1615.5,True,True,True,True,0,0.0,
3754,Rev6,6,W130,PX-7500,CH-C,EDG-06,Edge,0.84,163.6,38.7,39.91,36.52,1746.6,True,True,True,True,0,0.0,
3755,Rev6,6,W130,PX-7500,CH-C,EDG-07,Edge,0.84,196.4,38.53,39.24,36.61,1713.8,True,True,True,True,0,0.0,
3756,Rev6,6,W130,PX-7500,CH-C,EDG-08,Edge,0.84,229.1,38.91,39.84,34.3,1716.1,True,True,True,True,0,0.0,
3757,Rev6,6,W130,PX-7500,CH-C,EDG-09,Edge,0.84,261.8,39.33,40.11,36.61,1641.3,True,True,True,True,0,0.0,
3758,Rev6,6,W130,PX-7500,CH-C,EDG-10,Edge,0.84,294.5,39.53,39.8,38.46,1701.9,True,True,True,True,0,0.0,
3759,Rev6,6,W130,PX-7500,CH-C,EDG-11,Edge,0.84,327.3,37.15,39.74,35.95,1675.4,True,True,True,True,0,0.0,
3760,Rev6,6,W130,PX-7500,CH-C,EXT-01,Extreme Edge,0.96,16.4,40.56,39.93,36.88,1726.8,False,True,True,True,1,2.25,polymer_residue
3761,Rev6,6,W130,PX-7500,CH-C,EXT-02,Extreme Edge,0.96,49.1,38.71,40.04,37.11,1677.6,True,True,True,True,0,0.0,
3762,Rev6,6,W130,PX-7500,CH-C,EXT-03,Extreme Edge,0.96,81.8,39.85,41.03,36.68,1680.0,True,True,True,True,3,6.81,
3763,Rev6,6,W130,PX-7500,CH-C,EXT-04,Extreme Edge,0.96,114.5,39.69,40.35,36.77,1737.8,True,True,True,True,2,12.38,
3764,Rev6,6,W130,PX-7500,CH-C,EXT-05,Extreme Edge,0.96,147.3,38.7,40.49,36.01,1754.0,True,True,True,True,0,0.0,
3765,Rev6,6,W130,PX-7500,CH-C,EXT-06,Extreme Edge,0.96,180.0,38.48,41.12,36.06,1561.2,True,True,True,False,0,0.0,
3766,Rev6,6,W130,PX-7500,CH-C,EXT-07,Extreme Edge,0.96,212.7,39.09,40.02,34.12,1679.2,True,True,False,True,0,0.0,
3767,Rev6,6,W130,PX-7500,CH-C,EXT-08,Extreme Edge,0.96,245.5,39.76,40.71,37.43,1734.3,True,True,True,True,1,3.5,arc_event
3768,Rev6,6,W130,PX-7500,CH-C,EXT-09,Extreme Edge,0.96,278.2,39.88,40.31,35.77,1719.8,True,True,True,True,1,5.79,
3769,Rev6,6,W130,PX-7500,CH-C,EXT-10,Extreme Edge,0.96,310.9,39.35,39.6,36.71,1710.2,True,True,True,True,2,3.96,
3770,Rev6,6,W130,PX-7500,CH-C,EXT-11,Extreme Edge,0.96,343.6,40.53,40.14,36.48,1658.6,False,True,True,True,2,10.84,
3771,Rev1,1,W131,AE-3200,CH-B,C1,Center,0.0,0.0,38.43,38.74,36.92,1557.9,True,True,True,False,0,0.0,
3772,Rev1,1,W131,AE-3200,CH-B,MID-01,Mid,0.52,30.0,40.36,41.0,35.84,1659.3,True,True,True,True,0,0.0,
3773,Rev1,1,W131,AE-3200,CH-B,MID-02,Mid,0.52,90.0,40.03,42.19,36.25,1681.5,True,False,True,True,0,0.0,
3774,Rev1,1,W131,AE-3200,CH-B,MID-03,Mid,0.52,150.0,39.52,42.6,38.25,1618.5,True,False,True,True,0,0.0,
3775,Rev1,1,W131,AE-3200,CH-B,MID-04,Mid,0.52,210.0,39.58,41.7,36.53,1584.4,True,True,True,True,0,0.0,
3776,Rev1,1,W131,AE-3200,CH-B,MID-05,Mid,0.52,270.0,39.35,40.85,37.45,1601.9,True,True,True,True,0,0.0,
3777,Rev1,1,W131,AE-3200,CH-B,MID-06,Mid,0.52,330.0,40.25,40.78,36.99,1589.1,True,True,True,True,0,0.0,
3778,Rev1,1,W131,AE-3200,CH-B,EDG-01,Edge,0.84,0.0,41.53,43.56,38.27,1546.4,False,False,True,False,0,0.0,
3779,Rev1,1,W131,AE-3200,CH-B,EDG-02,Edge,0.84,32.7,40.5,41.06,34.4,1687.0,False,True,True,True,0,0.0,
3780,Rev1,1,W131,AE-3200,CH-B,EDG-03,Edge,0.84,65.5,41.09,41.47,36.69,1645.6,False,True,True,True,1,4.02,
3781,Rev1,1,W131,AE-3200,CH-B,EDG-04,Edge,0.84,98.2,40.78,41.27,38.4,1650.9,False,True,True,True,1,4.05,polymer_residue
3782,Rev1,1,W131,AE-3200,CH-B,EDG-05,Edge,0.84,130.9,41.18,40.85,36.5,1684.3,False,True,True,True,0,0.0,
3783,Rev1,1,W131,AE-3200,CH-B,EDG-06,Edge,0.84,163.6,41.44,41.28,37.98,1597.1,False,True,True,True,1,5.28,pressure_spike
3784,Rev1,1,W131,AE-3200,CH-B,EDG-07,Edge,0.84,196.4,41.23,40.62,36.91,1611.4,False,True,True,True,1,3.37,
3785,Rev1,1,W131,AE-3200,CH-B,EDG-08,Edge,0.84,229.1,41.69,41.56,37.48,1626.1,False,True,True,True,1,2.63,
3786,Rev1,1,W131,AE-3200,CH-B,EDG-09,Edge,0.84,261.8,40.9,41.9,38.13,1707.8,False,True,True,True,0,0.0,
3787,Rev1,1,W131,AE-3200,CH-B,EDG-10,Edge,0.84,294.5,41.01,42.48,37.78,1590.1,False,False,True,True,1,5.0,arc_event
3788,Rev1,1,W131,AE-3200,CH-B,EDG-11,Edge,0.84,327.3,41.71,42.89,37.11,1625.2,False,False,True,True,0,0.0,
3789,Rev1,1,W131,AE-3200,CH-B,EXT-01,Extreme Edge,0.96,16.4,41.55,41.3,38.48,1705.0,False,True,True,True,1,2.98,
3790,Rev1,1,W131,AE-3200,CH-B,EXT-02,Extreme Edge,0.96,49.1,40.9,43.36,37.5,1598.6,False,False,True,True,0,0.0,
3791,Rev1,1,W131,AE-3200,CH-B,EXT-03,Extreme Edge,0.96,81.8,42.28,40.9,37.02,1729.7,False,True,True,True,0,0.0,
3792,Rev1,1,W131,AE-3200,CH-B,EXT-04,Extreme Edge,0.96,114.5,41.93,42.54,38.44,1688.8,False,False,True,True,2,5.53,polymer_residue
3793,Rev1,1,W131,AE-3200,CH-B,EXT-05,Extreme Edge,0.96,147.3,42.8,41.79,40.79,1781.9,False,True,False,False,2,11.43,
3794,Rev1,1,W131,AE-3200,CH-B,EXT-06,Extreme Edge,0.96,180.0,41.51,42.15,38.24,1662.4,False,False,True,True,0,0.0,
3795,Rev1,1,W131,AE-3200,CH-B,EXT-07,Extreme Edge,0.96,212.7,41.94,42.96,37.25,1622.1,False,False,True,True,0,0.0,
3796,Rev1,1,W131,AE-3200,CH-B,EXT-08,Extreme Edge,0.96,245.5,41.98,41.58,37.22,1674.4,False,True,True,True,0,0.0,
3797,Rev1,1,W131,AE-3200,CH-B,EXT-09,Extreme Edge,0.96,278.2,40.25,42.69,38.93,1638.1,True,False,True,True,1,4.16,polymer_residue
3798,Rev1,1,W131,AE-3200,CH-B,EXT-10,Extreme Edge,0.96,310.9,41.15,41.91,40.58,1636.5,False,True,False,True,1,3.51,pressure_spike
3799,Rev1,1,W131,AE-3200,CH-B,EXT-11,Extreme Edge,0.96,343.6,40.66,42.39,38.88,1596.2,False,False,True,True,1,2.61,
3800,Rev6,6,W132,PX-7500,CH-C,C1,Center,0.0,0.0,37.12,39.41,34.63,1569.1,True,True,True,False,0,0.0,
3801,Rev6,6,W132,PX-7500,CH-C,MID-01,Mid,0.52,30.0,37.23,39.19,34.52,1613.8,True,True,True,True,0,0.0,
3802,Rev6,6,W132,PX-7500,CH-C,MID-02,Mid,0.52,90.0,37.59,40.05,31.83,1666.2,True,True,False,True,0,0.0,
3803,Rev6,6,W132,PX-7500,CH-C,MID-03,Mid,0.52,150.0,36.59,38.58,34.36,1595.1,False,True,True,True,0,0.0,
3804,Rev6,6,W132,PX-7500,CH-C,MID-04,Mid,0.52,210.0,37.6,38.9,35.63,1558.8,True,True,True,False,1,4.01,
3805,Rev6,6,W132,PX-7500,CH-C,MID-05,Mid,0.52,270.0,37.63,40.21,37.34,1613.9,True,True,True,True,0,0.0,
3806,Rev6,6,W132,PX-7500,CH-C,MID-06,Mid,0.52,330.0,37.21,40.37,35.26,1598.3,True,True,True,True,0,0.0,
3807,Rev6,6,W132,PX-7500,CH-C,EDG-01,Edge,0.84,0.0,37.27,39.93,33.2,1591.2,True,True,False,True,1,6.02,arc_event
3808,Rev6,6,W132,PX-7500,CH-C,EDG-02,Edge,0.84,32.7,37.54,38.73,35.74,1651.3,True,True,True,True,0,0.0,
3809,Rev6,6,W132,PX-7500,CH-C,EDG-03,Edge,0.84,65.5,38.89,40.66,35.92,1687.3,True,True,True,True,0,0.0,
3810,Rev6,6,W132,PX-7500,CH-C,EDG-04,Edge,0.84,98.2,39.28,40.59,36.19,1583.0,True,True,True,True,3,19.39,endpoint_late
3811,Rev6,6,W132,PX-7500,CH-C,EDG-05,Edge,0.84,130.9,37.9,40.05,35.29,1681.7,True,True,True,True,0,0.0,
3812,Rev6,6,W132,PX-7500,CH-C,EDG-06,Edge,0.84,163.6,38.67,39.53,36.18,1683.4,True,True,True,True,1,5.07,polymer_residue
3813,Rev6,6,W132,PX-7500,CH-C,EDG-07,Edge,0.84,196.4,38.16,39.53,34.92,1695.5,True,True,True,True,1,4.09,
3814,Rev6,6,W132,PX-7500,CH-C,EDG-08,Edge,0.84,229.1,38.93,40.16,34.16,1643.8,True,True,False,True,1,2.84,arc_event
3815,Rev6,6,W132,PX-7500,CH-C,EDG-09,Edge,0.84,261.8,37.78,40.18,36.53,1654.3,True,True,True,True,0,0.0,
3816,Rev6,6,W132,PX-7500,CH-C,EDG-10,Edge,0.84,294.5,38.7,38.93,38.04,1692.2,True,True,True,True,0,0.0,
3817,Rev6,6,W132,PX-7500,CH-C,EDG-11,Edge,0.84,327.3,38.52,39.56,36.94,1613.4,True,True,True,True,0,0.0,
3818,Rev6,6,W132,PX-7500,CH-C,EXT-01,Extreme Edge,0.96,16.4,38.57,39.32,34.51,1692.4,True,True,True,True,2,8.9,polymer_residue
3819,Rev6,6,W132,PX-7500,CH-C,EXT-02,Extreme Edge,0.96,49.1,38.81,40.76,35.36,1640.2,True,True,True,True,0,0.0,
3820,Rev6,6,W132,PX-7500,CH-C,EXT-03,Extreme Edge,0.96,81.8,38.64,39.55,36.19,1536.7,True,True,True,False,0,0.0,
3821,Rev6,6,W132,PX-7500,CH-C,EXT-04,Extreme Edge,0.96,114.5,39.12,40.22,35.92,1655.4,True,True,True,True,0,0.0,
3822,Rev6,6,W132,PX-7500,CH-C,EXT-05,Extreme Edge,0.96,147.3,39.68,39.79,33.31,1618.7,True,True,False,True,1,4.48,
3823,Rev6,6,W132,PX-7500,CH-C,EXT-06,Extreme Edge,0.96,180.0,38.24,41.49,33.97,1629.7,True,True,False,True,0,0.0,
3824,Rev6,6,W132,PX-7500,CH-C,EXT-07,Extreme Edge,0.96,212.7,39.36,41.41,37.25,1676.0,True,True,True,True,0,0.0,
3825,Rev6,6,W132,PX-7500,CH-C,EXT-08,Extreme Edge,0.96,245.5,38.5,40.45,33.29,1616.9,True,True,False,True,0,0.0,
3826,Rev6,6,W132,PX-7500,CH-C,EXT-09,Extreme Edge,0.96,278.2,39.2,41.61,36.29,1659.7,True,True,True,True,1,6.11,
3827,Rev6,6,W132,PX-7500,CH-C,EXT-10,Extreme Edge,0.96,310.9,38.99,40.18,33.31,1665.2,True,True,False,True,1,6.45,endpoint_late
3828,Rev6,6,W132,PX-7500,CH-C,EXT-11,Extreme Edge,0.96,343.6,38.55,40.5,35.48,1607.2,True,True,True,True,1,3.49,
3829,Rev5,5,W133,AE-3200,CH-B,C1,Center,0.0,0.0,37.54,39.85,36.63,1556.3,True,True,True,False,0,0.0,
3830,Rev5,5,W133,AE-3200,CH-B,MID-01,Mid,0.52,30.0,38.67,40.5,39.71,1627.9,True,True,True,True,0,0.0,
3831,Rev5,5,W133,AE-3200,CH-B,MID-02,Mid,0.52,90.0,38.58,39.16,38.31,1588.7,True,True,True,True,0,0.0,
3832,Rev5,5,W133,AE-3200,CH-B,MID-03,Mid,0.52,150.0,38.41,40.73,38.93,1605.3,True,True,True,True,0,0.0,
3833,Rev5,5,W133,AE-3200,CH-B,MID-04,Mid,0.52,210.0,38.41,41.57,37.61,1591.4,True,True,True,True,0,0.0,
3834,Rev5,5,W133,AE-3200,CH-B,MID-05,Mid,0.52,270.0,37.72,40.32,37.89,1660.1,True,True,True,True,1,4.75,polymer_residue
3835,Rev5,5,W133,AE-3200,CH-B,MID-06,Mid,0.52,330.0,38.27,39.69,40.35,1571.8,True,True,True,False,0,0.0,
3836,Rev5,5,W133,AE-3200,CH-B,EDG-01,Edge,0.84,0.0,39.74,40.3,38.93,1647.3,True,True,True,True,0,0.0,
3837,Rev5,5,W133,AE-3200,CH-B,EDG-02,Edge,0.84,32.7,39.13,40.84,39.19,1701.9,True,True,True,True,1,3.45,
3838,Rev5,5,W133,AE-3200,CH-B,EDG-03,Edge,0.84,65.5,39.72,41.08,37.62,1716.1,True,True,True,True,0,0.0,
3839,Rev5,5,W133,AE-3200,CH-B,EDG-04,Edge,0.84,98.2,39.04,41.72,41.32,1683.0,True,True,False,True,0,0.0,
3840,Rev5,5,W133,AE-3200,CH-B,EDG-05,Edge,0.84,130.9,39.96,41.97,40.32,1605.2,True,True,True,True,0,0.0,
3841,Rev5,5,W133,AE-3200,CH-B,EDG-06,Edge,0.84,163.6,38.68,40.02,40.23,1559.7,True,True,True,False,1,3.53,
3842,Rev5,5,W133,AE-3200,CH-B,EDG-07,Edge,0.84,196.4,38.53,41.14,34.55,1691.4,True,True,True,True,1,2.99,arc_event
3843,Rev5,5,W133,AE-3200,CH-B,EDG-08,Edge,0.84,229.1,39.95,40.1,37.98,1603.7,True,True,True,True,1,6.36,pressure_spike
3844,Rev5,5,W133,AE-3200,CH-B,EDG-09,Edge,0.84,261.8,39.37,39.58,36.42,1613.3,True,True,True,True,0,0.0,
3845,Rev5,5,W133,AE-3200,CH-B,EDG-10,Edge,0.84,294.5,39.89,41.3,37.7,1685.0,True,True,True,True,0,0.0,
3846,Rev5,5,W133,AE-3200,CH-B,EDG-11,Edge,0.84,327.3,39.17,40.81,41.42,1529.7,True,True,False,False,0,0.0,
3847,Rev5,5,W133,AE-3200,CH-B,EXT-01,Extreme Edge,0.96,16.4,40.92,41.94,38.01,1599.2,False,True,True,True,0,0.0,
3848,Rev5,5,W133,AE-3200,CH-B,EXT-02,Extreme Edge,0.96,49.1,40.5,41.15,38.61,1620.7,False,True,True,True,1,5.26,
3849,Rev5,5,W133,AE-3200,CH-B,EXT-03,Extreme Edge,0.96,81.8,40.69,41.33,39.43,1753.4,False,True,True,True,0,0.0,
3850,Rev5,5,W133,AE-3200,CH-B,EXT-04,Extreme Edge,0.96,114.5,39.79,40.26,36.57,1623.9,True,True,True,True,0,0.0,
3851,Rev5,5,W133,AE-3200,CH-B,EXT-05,Extreme Edge,0.96,147.3,39.66,40.64,37.85,1663.6,True,True,True,True,1,4.85,arc_event
3852,Rev5,5,W133,AE-3200,CH-B,EXT-06,Extreme Edge,0.96,180.0,39.43,41.74,39.08,1735.0,True,True,True,True,0,0.0,
3853,Rev5,5,W133,AE-3200,CH-B,EXT-07,Extreme Edge,0.96,212.7,40.64,39.83,39.19,1718.3,False,True,True,True,1,5.2,polymer_residue
3854,Rev5,5,W133,AE-3200,CH-B,EXT-08,Extreme Edge,0.96,245.5,39.87,40.77,40.89,1604.5,True,True,False,True,4,17.59,
3855,Rev5,5,W133,AE-3200,CH-B,EXT-09,Extreme Edge,0.96,278.2,40.3,41.37,39.02,1622.9,True,True,True,True,1,6.45,
3856,Rev5,5,W133,AE-3200,CH-B,EXT-10,Extreme Edge,0.96,310.9,39.77,41.84,39.9,1746.3,True,True,True,True,2,11.78,
3857,Rev5,5,W133,AE-3200,CH-B,EXT-11,Extreme Edge,0.96,343.6,39.73,40.33,39.34,1640.2,True,True,True,True,0,0.0,
3858,Base,0,W134,AE-3200,CH-A,C1,Center,0.0,0.0,41.02,40.12,35.09,1586.9,False,True,True,True,1,3.98,esc_temp_drift
3859,Base,0,W134,AE-3200,CH-A,MID-01,Mid,0.52,30.0,41.71,39.67,36.87,1547.7,False,True,True,False,0,0.0,
3860,Base,0,W134,AE-3200,CH-A,MID-02,Mid,0.52,90.0,40.86,40.6,36.58,1472.5,False,True,True,False,0,0.0,
3861,Base,0,W134,AE-3200,CH-A,MID-03,Mid,0.52,150.0,41.02,39.25,35.36,1620.3,False,True,True,True,1,4.03,polymer_residue
3862,Base,0,W134,AE-3200,CH-A,MID-04,Mid,0.52,210.0,41.79,39.04,35.95,1543.1,False,True,True,False,0,0.0,
3863,Base,0,W134,AE-3200,CH-A,MID-05,Mid,0.52,270.0,41.67,40.27,36.05,1595.8,False,True,True,True,0,0.0,
3864,Base,0,W134,AE-3200,CH-A,MID-06,Mid,0.52,330.0,41.63,39.2,36.36,1570.3,False,True,True,False,0,0.0,
3865,Base,0,W134,AE-3200,CH-A,EDG-01,Edge,0.84,0.0,41.87,40.88,37.67,1616.9,False,True,True,True,1,2.02,arc_event
3866,Base,0,W134,AE-3200,CH-A,EDG-02,Edge,0.84,32.7,41.97,40.46,36.23,1569.3,False,True,True,False,2,8.41,polymer_residue
3867,Base,0,W134,AE-3200,CH-A,EDG-03,Edge,0.84,65.5,42.61,40.86,35.66,1610.8,False,True,True,True,0,0.0,
3868,Base,0,W134,AE-3200,CH-A,EDG-04,Edge,0.84,98.2,42.66,40.44,34.06,1609.5,False,True,False,True,1,5.54,
3869,Base,0,W134,AE-3200,CH-A,EDG-05,Edge,0.84,130.9,42.58,42.09,36.52,1601.2,False,False,True,True,4,20.13,esc_temp_drift
3870,Base,0,W134,AE-3200,CH-A,EDG-06,Edge,0.84,163.6,41.57,40.3,35.55,1649.6,False,True,True,True,1,3.8,
3871,Base,0,W134,AE-3200,CH-A,EDG-07,Edge,0.84,196.4,43.08,40.79,36.48,1666.1,False,True,True,True,0,0.0,
3872,Base,0,W134,AE-3200,CH-A,EDG-08,Edge,0.84,229.1,42.85,41.2,37.62,1554.8,False,True,True,False,0,0.0,
3873,Base,0,W134,AE-3200,CH-A,EDG-09,Edge,0.84,261.8,43.07,41.14,37.16,1592.0,False,True,True,True,1,2.04,pressure_spike
3874,Base,0,W134,AE-3200,CH-A,EDG-10,Edge,0.84,294.5,43.87,40.91,37.44,1600.7,False,True,True,True,2,6.39,
3875,Base,0,W134,AE-3200,CH-A,EDG-11,Edge,0.84,327.3,40.95,40.62,36.52,1599.9,False,True,True,True,0,0.0,
3876,Base,0,W134,AE-3200,CH-A,EXT-01,Extreme Edge,0.96,16.4,41.66,42.08,38.05,1585.2,False,False,True,True,1,3.55,
3877,Base,0,W134,AE-3200,CH-A,EXT-02,Extreme Edge,0.96,49.1,42.36,39.54,38.57,1641.1,False,True,True,True,0,0.0,
3878,Base,0,W134,AE-3200,CH-A,EXT-03,Extreme Edge,0.96,81.8,41.99,41.64,36.9,1667.3,False,True,True,True,0,0.0,
3879,Base,0,W134,AE-3200,CH-A,EXT-04,Extreme Edge,0.96,114.5,43.07,41.34,37.12,1664.2,False,True,True,True,1,3.7,
3880,Base,0,W134,AE-3200,CH-A,EXT-05,Extreme Edge,0.96,147.3,42.31,41.31,40.24,1648.1,False,True,True,True,0,0.0,
3881,Base,0,W134,AE-3200,CH-A,EXT-06,Extreme Edge,0.96,180.0,43.11,40.07,38.94,1594.9,False,True,True,True,1,4.42,
3882,Base,0,W134,AE-3200,CH-A,EXT-07,Extreme Edge,0.96,212.7,41.86,41.37,39.15,1709.9,False,True,True,True,0,0.0,
3883,Base,0,W134,AE-3200,CH-A,EXT-08,Extreme Edge,0.96,245.5,43.26,42.0,37.03,1610.7,False,False,True,True,1,5.35,
3884,Base,0,W134,AE-3200,CH-A,EXT-09,Extreme Edge,0.96,278.2,42.7,40.98,35.31,1628.4,False,True,True,True,0,0.0,
3885,Base,0,W134,AE-3200,CH-A,EXT-10,Extreme Edge,0.96,310.9,43.71,41.91,36.11,1605.5,False,True,True,True,1,5.15,
3886,Base,0,W134,AE-3200,CH-A,EXT-11,Extreme Edge,0.96,343.6,42.97,42.12,37.2,1544.5,False,False,True,False,2,9.88,
3887,Rev3,3,W135,PX-7500,CH-D,C1,Center,0.0,0.0,39.53,38.74,40.17,1591.6,True,True,True,True,0,0.0,
3888,Rev3,3,W135,PX-7500,CH-D,MID-01,Mid,0.52,30.0,40.16,40.89,36.98,1687.0,True,True,True,True,0,0.0,
3889,Rev3,3,W135,PX-7500,CH-D,MID-02,Mid,0.52,90.0,40.51,39.75,35.51,1600.2,False,True,True,True,0,0.0,
3890,Rev3,3,W135,PX-7500,CH-D,MID-03,Mid,0.52,150.0,39.99,40.18,41.34,1669.3,True,True,False,True,1,5.07,
3891,Rev3,3,W135,PX-7500,CH-D,MID-04,Mid,0.52,210.0,40.39,39.79,40.07,1621.4,True,True,True,True,0,0.0,
3892,Rev3,3,W135,PX-7500,CH-D,MID-05,Mid,0.52,270.0,40.52,42.34,35.66,1562.8,False,False,True,False,1,6.39,
3893,Rev3,3,W135,PX-7500,CH-D,MID-06,Mid,0.52,330.0,41.41,40.63,35.92,1692.3,False,True,True,True,0,0.0,
3894,Rev3,3,W135,PX-7500,CH-D,EDG-01,Edge,0.84,0.0,40.92,40.96,37.9,1618.9,False,True,True,True,0,0.0,
3895,Rev3,3,W135,PX-7500,CH-D,EDG-02,Edge,0.84,32.7,41.57,41.31,38.54,1721.1,False,True,True,True,1,6.01,
3896,Rev3,3,W135,PX-7500,CH-D,EDG-03,Edge,0.84,65.5,40.71,40.27,37.54,1624.1,False,True,True,True,2,12.57,polymer_residue
3897,Rev3,3,W135,PX-7500,CH-D,EDG-04,Edge,0.84,98.2,40.64,41.93,37.87,1670.2,False,True,True,True,0,0.0,
3898,Rev3,3,W135,PX-7500,CH-D,EDG-05,Edge,0.84,130.9,42.39,41.99,35.36,1653.8,False,True,True,True,0,0.0,
3899,Rev3,3,W135,PX-7500,CH-D,EDG-06,Edge,0.84,163.6,42.0,39.59,37.64,1600.5,False,True,True,True,1,3.58,
3900,Rev3,3,W135,PX-7500,CH-D,EDG-07,Edge,0.84,196.4,41.33,41.59,40.8,1707.4,False,True,False,True,0,0.0,
3901,Rev3,3,W135,PX-7500,CH-D,EDG-08,Edge,0.84,229.1,40.86,40.95,38.06,1729.9,False,True,True,True,0,0.0,
3902,Rev3,3,W135,PX-7500,CH-D,EDG-09,Edge,0.84,261.8,41.28,40.22,40.94,1672.1,False,True,False,True,0,0.0,
3903,Rev3,3,W135,PX-7500,CH-D,EDG-10,Edge,0.84,294.5,41.98,39.74,35.74,1692.8,False,True,True,True,1,3.97,endpoint_late
3904,Rev3,3,W135,PX-7500,CH-D,EDG-11,Edge,0.84,327.3,41.27,40.07,40.95,1662.7,False,True,False,True,1,2.44,
3905,Rev3,3,W135,PX-7500,CH-D,EXT-01,Extreme Edge,0.96,16.4,42.68,41.28,38.66,1675.4,False,True,True,True,2,5.69,polymer_residue
3906,Rev3,3,W135,PX-7500,CH-D,EXT-02,Extreme Edge,0.96,49.1,42.26,40.72,37.1,1654.4,False,True,True,True,0,0.0,
3907,Rev3,3,W135,PX-7500,CH-D,EXT-03,Extreme Edge,0.96,81.8,41.42,40.8,38.59,1665.7,False,True,True,True,0,0.0,
3908,Rev3,3,W135,PX-7500,CH-D,EXT-04,Extreme Edge,0.96,114.5,42.19,40.78,39.61,1721.0,False,True,True,True,0,0.0,
3909,Rev3,3,W135,PX-7500,CH-D,EXT-05,Extreme Edge,0.96,147.3,41.97,41.82,37.27,1687.4,False,True,True,True,0,0.0,
3910,Rev3,3,W135,PX-7500,CH-D,EXT-06,Extreme Edge,0.96,180.0,41.77,40.54,35.41,1700.0,False,True,True,True,0,0.0,
3911,Rev3,3,W135,PX-7500,CH-D,EXT-07,Extreme Edge,0.96,212.7,42.45,41.92,38.06,1735.9,False,True,True,True,2,11.13,
3912,Rev3,3,W135,PX-7500,CH-D,EXT-08,Extreme Edge,0.96,245.5,42.18,40.37,39.43,1675.3,False,True,True,True,0,0.0,
3913,Rev3,3,W135,PX-7500,CH-D,EXT-09,Extreme Edge,0.96,278.2,40.4,41.68,39.26,1665.6,False,True,True,True,0,0.0,
3914,Rev3,3,W135,PX-7500,CH-D,EXT-10,Extreme Edge,0.96,310.9,43.11,42.87,38.3,1594.8,False,False,True,True,1,4.97,
3915,Rev3,3,W135,PX-7500,CH-D,EXT-11,Extreme Edge,0.96,343.6,42.36,41.37,37.63,1727.2,False,True,True,True,1,3.33,
3916,Rev1,1,W136,AE-3200,CH-B,C1,Center,0.0,0.0,40.12,40.64,38.9,1769.3,True,True,True,False,2,10.81,polymer_residue
3917,Rev1,1,W136,AE-3200,CH-B,MID-01,Mid,0.52,30.0,40.07,41.0,37.82,1628.1,True,True,True,True,0,0.0,
3918,Rev1,1,W136,AE-3200,CH-B,MID-02,Mid,0.52,90.0,40.78,41.0,39.74,1688.7,False,True,True,True,0,0.0,
3919,Rev1,1,W136,AE-3200,CH-B,MID-03,Mid,0.52,150.0,41.73,41.26,38.19,1628.2,False,True,True,True,0,0.0,
3920,Rev1,1,W136,AE-3200,CH-B,MID-04,Mid,0.52,210.0,39.71,41.95,38.02,1696.3,True,True,True,True,0,0.0,
3921,Rev1,1,W136,AE-3200,CH-B,MID-05,Mid,0.52,270.0,40.48,41.2,37.68,1607.1,False,True,True,True,1,4.98,
3922,Rev1,1,W136,AE-3200,CH-B,MID-06,Mid,0.52,330.0,40.56,41.26,38.09,1695.8,False,True,True,True,0,0.0,
3923,Rev1,1,W136,AE-3200,CH-B,EDG-01,Edge,0.84,0.0,41.93,39.98,40.42,1728.5,False,True,False,True,1,5.19,esc_temp_drift
3924,Rev1,1,W136,AE-3200,CH-B,EDG-02,Edge,0.84,32.7,41.7,41.9,37.78,1666.3,False,True,True,True,0,0.0,
3925,Rev1,1,W136,AE-3200,CH-B,EDG-03,Edge,0.84,65.5,41.37,41.55,37.9,1606.9,False,True,True,True,0,0.0,
3926,Rev1,1,W136,AE-3200,CH-B,EDG-04,Edge,0.84,98.2,41.99,40.44,39.05,1740.2,False,True,True,True,0,0.0,
3927,Rev1,1,W136,AE-3200,CH-B,EDG-05,Edge,0.84,130.9,42.54,42.16,40.17,1774.0,False,False,True,False,0,0.0,
3928,Rev1,1,W136,AE-3200,CH-B,EDG-06,Edge,0.84,163.6,41.01,40.81,39.62,1647.8,False,True,True,True,0,0.0,
3929,Rev1,1,W136,AE-3200,CH-B,EDG-07,Edge,0.84,196.4,41.62,40.39,37.46,1725.5,False,True,True,True,0,0.0,
3930,Rev1,1,W136,AE-3200,CH-B,EDG-08,Edge,0.84,229.1,42.13,42.02,40.6,1685.0,False,False,False,True,0,0.0,
3931,Rev1,1,W136,AE-3200,CH-B,EDG-09,Edge,0.84,261.8,42.73,42.92,39.25,1685.8,False,False,True,True,1,2.66,
3932,Rev1,1,W136,AE-3200,CH-B,EDG-10,Edge,0.84,294.5,40.99,39.61,40.55,1712.2,False,True,False,True,0,0.0,
3933,Rev1,1,W136,AE-3200,CH-B,EDG-11,Edge,0.84,327.3,41.53,41.61,39.58,1682.9,False,True,True,True,1,5.9,polymer_residue
3934,Rev1,1,W136,AE-3200,CH-B,EXT-01,Extreme Edge,0.96,16.4,42.42,43.57,37.67,1718.4,False,False,True,True,0,0.0,
3935,Rev1,1,W136,AE-3200,CH-B,EXT-02,Extreme Edge,0.96,49.1,42.25,43.05,39.75,1733.9,False,False,True,True,0,0.0,
3936,Rev1,1,W136,AE-3200,CH-B,EXT-03,Extreme Edge,0.96,81.8,41.79,42.2,38.31,1720.5,False,False,True,True,1,3.17,
3937,Rev1,1,W136,AE-3200,CH-B,EXT-04,Extreme Edge,0.96,114.5,41.17,42.32,38.05,1776.6,False,False,True,False,1,4.54,
3938,Rev1,1,W136,AE-3200,CH-B,EXT-05,Extreme Edge,0.96,147.3,41.17,41.29,37.36,1680.4,False,True,True,True,0,0.0,
3939,Rev1,1,W136,AE-3200,CH-B,EXT-06,Extreme Edge,0.96,180.0,40.94,41.27,37.67,1793.3,False,True,True,False,0,0.0,
3940,Rev1,1,W136,AE-3200,CH-B,EXT-07,Extreme Edge,0.96,212.7,41.69,42.26,41.03,1822.9,False,False,False,False,3,17.11,arc_event
3941,Rev1,1,W136,AE-3200,CH-B,EXT-08,Extreme Edge,0.96,245.5,43.12,42.41,37.31,1709.4,False,False,True,True,0,0.0,
3942,Rev1,1,W136,AE-3200,CH-B,EXT-09,Extreme Edge,0.96,278.2,42.3,42.16,40.33,1810.8,False,False,True,False,1,5.56,pressure_spike
3943,Rev1,1,W136,AE-3200,CH-B,EXT-10,Extreme Edge,0.96,310.9,41.57,41.71,36.52,1650.4,False,True,True,True,1,4.15,polymer_residue
3944,Rev1,1,W136,AE-3200,CH-B,EXT-11,Extreme Edge,0.96,343.6,40.78,42.84,41.06,1803.1,False,False,False,False,0,0.0,
3945,Rev2,2,W137,PX-7500,CH-C,C1,Center,0.0,0.0,37.88,40.45,34.99,1623.2,True,True,True,True,0,0.0,
3946,Rev2,2,W137,PX-7500,CH-C,MID-01,Mid,0.52,30.0,40.07,41.15,34.28,1649.2,True,True,True,True,0,0.0,
3947,Rev2,2,W137,PX-7500,CH-C,MID-02,Mid,0.52,90.0,40.49,39.45,36.01,1672.3,False,True,True,True,1,4.54,
3948,Rev2,2,W137,PX-7500,CH-C,MID-03,Mid,0.52,150.0,40.09,40.05,33.27,1679.5,True,True,False,True,0,0.0,
3949,Rev2,2,W137,PX-7500,CH-C,MID-04,Mid,0.52,210.0,39.04,41.1,36.17,1606.7,True,True,True,True,0,0.0,
3950,Rev2,2,W137,PX-7500,CH-C,MID-05,Mid,0.52,270.0,39.58,40.57,39.06,1655.4,True,True,True,True,0,0.0,
3951,Rev2,2,W137,PX-7500,CH-C,MID-06,Mid,0.52,330.0,40.04,40.9,34.42,1656.7,True,True,True,True,0,0.0,
3952,Rev2,2,W137,PX-7500,CH-C,EDG-01,Edge,0.84,0.0,40.7,40.95,37.61,1681.8,False,True,True,True,0,0.0,
3953,Rev2,2,W137,PX-7500,CH-C,EDG-02,Edge,0.84,32.7,40.34,41.7,35.09,1702.8,True,True,True,True,0,0.0,
3954,Rev2,2,W137,PX-7500,CH-C,EDG-03,Edge,0.84,65.5,41.74,41.34,36.36,1651.5,False,True,True,True,1,6.33,
3955,Rev2,2,W137,PX-7500,CH-C,EDG-04,Edge,0.84,98.2,40.58,39.9,35.0,1715.6,False,True,True,True,0,0.0,
3956,Rev2,2,W137,PX-7500,CH-C,EDG-05,Edge,0.84,130.9,40.68,41.82,36.66,1723.5,False,True,True,True,1,3.15,polymer_residue
3957,Rev2,2,W137,PX-7500,CH-C,EDG-06,Edge,0.84,163.6,39.75,42.59,37.83,1651.6,True,False,True,True,0,0.0,
3958,Rev2,2,W137,PX-7500,CH-C,EDG-07,Edge,0.84,196.4,41.59,41.57,35.42,1707.6,False,True,True,True,0,0.0,
3959,Rev2,2,W137,PX-7500,CH-C,EDG-08,Edge,0.84,229.1,40.34,41.81,37.41,1659.6,True,True,True,True,0,0.0,
3960,Rev2,2,W137,PX-7500,CH-C,EDG-09,Edge,0.84,261.8,41.14,42.0,36.73,1637.4,False,True,True,True,0,0.0,
3961,Rev2,2,W137,PX-7500,CH-C,EDG-10,Edge,0.84,294.5,42.27,40.59,40.01,1683.3,False,True,True,True,0,0.0,
3962,Rev2,2,W137,PX-7500,CH-C,EDG-11,Edge,0.84,327.3,40.32,41.12,38.85,1658.4,True,True,True,True,1,3.17,arc_event
3963,Rev2,2,W137,PX-7500,CH-C,EXT-01,Extreme Edge,0.96,16.4,40.74,42.77,38.11,1620.7,False,False,True,True,0,0.0,
3964,Rev2,2,W137,PX-7500,CH-C,EXT-02,Extreme Edge,0.96,49.1,40.77,42.48,35.7,1646.8,False,False,True,True,1,2.29,arc_event
3965,Rev2,2,W137,PX-7500,CH-C,EXT-03,Extreme Edge,0.96,81.8,41.59,42.01,33.36,1774.5,False,False,False,False,0,0.0,
3966,Rev2,2,W137,PX-7500,CH-C,EXT-04,Extreme Edge,0.96,114.5,42.16,42.03,36.19,1673.7,False,False,True,True,2,9.75,
3967,Rev2,2,W137,PX-7500,CH-C,EXT-05,Extreme Edge,0.96,147.3,41.85,42.13,36.5,1673.7,False,False,True,True,1,3.69,polymer_residue
3968,Rev2,2,W137,PX-7500,CH-C,EXT-06,Extreme Edge,0.96,180.0,41.11,40.69,36.15,1709.9,False,True,True,True,1,3.23,
3969,Rev2,2,W137,PX-7500,CH-C,EXT-07,Extreme Edge,0.96,212.7,41.32,42.43,35.41,1729.6,False,False,True,True,2,10.58,
3970,Rev2,2,W137,PX-7500,CH-C,EXT-08,Extreme Edge,0.96,245.5,42.0,41.64,36.93,1704.6,False,True,True,True,1,5.62,polymer_residue
3971,Rev2,2,W137,PX-7500,CH-C,EXT-09,Extreme Edge,0.96,278.2,40.86,41.54,34.73,1680.9,False,True,True,True,0,0.0,
3972,Rev2,2,W137,PX-7500,CH-C,EXT-10,Extreme Edge,0.96,310.9,41.6,41.98,36.59,1606.8,False,True,True,True,0,0.0,
3973,Rev2,2,W137,PX-7500,CH-C,EXT-11,Extreme Edge,0.96,343.6,41.8,43.26,34.42,1710.7,False,False,True,True,2,7.22,esc_temp_drift
3974,Rev2,2,W138,PX-7500,CH-C,C1,Center,0.0,0.0,39.53,38.63,37.09,1630.0,True,True,True,True,0,0.0,
3975,Rev2,2,W138,PX-7500,CH-C,MID-01,Mid,0.52,30.0,38.65,40.6,36.59,1605.8,True,True,True,True,1,3.08,polymer_residue
3976,Rev2,2,W138,PX-7500,CH-C,MID-02,Mid,0.52,90.0,39.61,40.19,34.25,1612.2,True,True,True,True,0,0.0,
3977,Rev2,2,W138,PX-7500,CH-C,MID-03,Mid,0.52,150.0,39.91,40.37,36.16,1685.1,True,True,True,True,0,0.0,
3978,Rev2,2,W138,PX-7500,CH-C,MID-04,Mid,0.52,210.0,40.39,39.14,33.97,1706.5,True,True,False,True,0,0.0,
3979,Rev2,2,W138,PX-7500,CH-C,MID-05,Mid,0.52,270.0,38.63,40.44,35.92,1631.1,True,True,True,True,0,0.0,
3980,Rev2,2,W138,PX-7500,CH-C,MID-06,Mid,0.52,330.0,39.94,39.09,38.42,1656.3,True,True,True,True,0,0.0,
3981,Rev2,2,W138,PX-7500,CH-C,EDG-01,Edge,0.84,0.0,41.14,40.71,38.81,1671.8,False,True,True,True,0,0.0,
3982,Rev2,2,W138,PX-7500,CH-C,EDG-02,Edge,0.84,32.7,40.49,40.24,35.52,1744.7,False,True,True,True,0,0.0,
3983,Rev2,2,W138,PX-7500,CH-C,EDG-03,Edge,0.84,65.5,40.71,40.56,37.9,1653.4,False,True,True,True,1,1.86,
3984,Rev2,2,W138,PX-7500,CH-C,EDG-04,Edge,0.84,98.2,41.47,39.18,36.62,1758.1,False,True,True,True,0,0.0,
3985,Rev2,2,W138,PX-7500,CH-C,EDG-05,Edge,0.84,130.9,40.75,40.88,37.66,1694.7,False,True,True,True,0,0.0,
3986,Rev2,2,W138,PX-7500,CH-C,EDG-06,Edge,0.84,163.6,40.52,39.56,38.78,1643.8,False,True,True,True,0,0.0,
3987,Rev2,2,W138,PX-7500,CH-C,EDG-07,Edge,0.84,196.4,41.81,41.11,37.4,1706.2,False,True,True,True,0,0.0,
3988,Rev2,2,W138,PX-7500,CH-C,EDG-08,Edge,0.84,229.1,40.55,39.9,39.01,1682.3,False,True,True,True,2,9.47,polymer_residue
3989,Rev2,2,W138,PX-7500,CH-C,EDG-09,Edge,0.84,261.8,41.04,41.48,37.23,1623.0,False,True,True,True,0,0.0,
3990,Rev2,2,W138,PX-7500,CH-C,EDG-10,Edge,0.84,294.5,40.91,40.14,37.5,1615.7,False,True,True,True,2,10.42,polymer_residue
3991,Rev2,2,W138,PX-7500,CH-C,EDG-11,Edge,0.84,327.3,41.06,39.54,37.13,1660.7,False,True,True,True,0,0.0,
3992,Rev2,2,W138,PX-7500,CH-C,EXT-01,Extreme Edge,0.96,16.4,41.8,40.62,36.01,1694.0,False,True,True,True,0,0.0,
3993,Rev2,2,W138,PX-7500,CH-C,EXT-02,Extreme Edge,0.96,49.1,41.58,41.35,35.83,1649.4,False,True,True,True,0,0.0,
3994,Rev2,2,W138,PX-7500,CH-C,EXT-03,Extreme Edge,0.96,81.8,41.58,41.02,39.83,1673.5,False,True,True,True,0,0.0,
3995,Rev2,2,W138,PX-7500,CH-C,EXT-04,Extreme Edge,0.96,114.5,40.76,40.54,38.91,1715.5,False,True,True,True,1,4.21,
3996,Rev2,2,W138,PX-7500,CH-C,EXT-05,Extreme Edge,0.96,147.3,42.1,40.06,39.67,1609.7,False,True,True,True,0,0.0,
3997,Rev2,2,W138,PX-7500,CH-C,EXT-06,Extreme Edge,0.96,180.0,40.88,40.24,35.87,1692.1,False,True,True,True,0,0.0,
3998,Rev2,2,W138,PX-7500,CH-C,EXT-07,Extreme Edge,0.96,212.7,42.49,40.65,35.53,1776.2,False,True,True,False,0,0.0,
3999,Rev2,2,W138,PX-7500,CH-C,EXT-08,Extreme Edge,0.96,245.5,41.72,40.9,42.13,1732.4,False,True,False,True,1,5.58,
4000,Rev2,2,W138,PX-7500,CH-C,EXT-09,Extreme Edge,0.96,278.2,41.45,39.88,36.05,1666.2,False,True,True,True,1,2.85,polymer_residue
4001,Rev2,2,W138,PX-7500,CH-C,EXT-10,Extreme Edge,0.96,310.9,42.61,41.63,37.65,1722.1,False,True,True,True,0,0.0,
4002,Rev2,2,W138,PX-7500,CH-C,EXT-11,Extreme Edge,0.96,343.6,41.61,40.3,37.97,1685.5,False,True,True,True,2,12.03,polymer_residue
4003,Rev6,6,W139,PX-7500,CH-C,C1,Center,0.0,0.0,36.77,38.77,36.52,1671.9,True,True,True,True,0,0.0,
4004,Rev6,6,W139,PX-7500,CH-C,MID-01,Mid,0.52,30.0,36.55,38.34,34.65,1659.7,False,True,True,True,0,0.0,
4005,Rev6,6,W139,PX-7500,CH-C,MID-02,Mid,0.52,90.0,37.11,38.03,35.72,1684.0,True,True,True,True,0,0.0,
4006,Rev6,6,W139,PX-7500,CH-C,MID-03,Mid,0.52,150.0,36.86,38.34,39.16,1712.0,True,True,True,True,0,0.0,
4007,Rev6,6,W139,PX-7500,CH-C,MID-04,Mid,0.52,210.0,37.13,38.34,35.92,1663.0,True,True,True,True,0,0.0,
4008,Rev6,6,W139,PX-7500,CH-C,MID-05,Mid,0.52,270.0,37.07,40.14,35.05,1599.5,True,True,True,True,0,0.0,
4009,Rev6,6,W139,PX-7500,CH-C,MID-06,Mid,0.52,330.0,36.91,38.57,34.27,1698.0,True,True,True,True,1,5.34,
4010,Rev6,6,W139,PX-7500,CH-C,EDG-01,Edge,0.84,0.0,38.07,39.7,37.41,1681.4,True,True,True,True,0,0.0,
4011,Rev6,6,W139,PX-7500,CH-C,EDG-02,Edge,0.84,32.7,36.69,38.42,36.0,1701.3,True,True,True,True,1,3.91,arc_event
4012,Rev6,6,W139,PX-7500,CH-C,EDG-03,Edge,0.84,65.5,37.85,40.97,36.4,1608.0,True,True,True,True,0,0.0,
4013,Rev6,6,W139,PX-7500,CH-C,EDG-04,Edge,0.84,98.2,36.44,39.9,37.19,1679.3,False,True,True,True,0,0.0,
4014,Rev6,6,W139,PX-7500,CH-C,EDG-05,Edge,0.84,130.9,38.16,39.22,35.4,1688.8,True,True,True,True,0,0.0,
4015,Rev6,6,W139,PX-7500,CH-C,EDG-06,Edge,0.84,163.6,37.64,40.12,32.41,1689.1,True,True,False,True,0,0.0,
4016,Rev6,6,W139,PX-7500,CH-C,EDG-07,Edge,0.84,196.4,38.04,39.67,37.52,1630.2,True,True,True,True,0,0.0,
4017,Rev6,6,W139,PX-7500,CH-C,EDG-08,Edge,0.84,229.1,38.21,38.45,37.4,1628.0,True,True,True,True,2,12.51,polymer_residue
4018,Rev6,6,W139,PX-7500,CH-C,EDG-09,Edge,0.84,261.8,37.39,38.3,38.58,1672.0,True,True,True,True,0,0.0,
4019,Rev6,6,W139,PX-7500,CH-C,EDG-10,Edge,0.84,294.5,37.8,38.71,35.34,1724.2,True,True,True,True,2,10.66,arc_event
4020,Rev6,6,W139,PX-7500,CH-C,EDG-11,Edge,0.84,327.3,38.39,39.6,36.8,1696.8,True,True,True,True,0,0.0,
4021,Rev6,6,W139,PX-7500,CH-C,EXT-01,Extreme Edge,0.96,16.4,38.17,39.78,36.76,1697.4,True,True,True,True,0,0.0,
4022,Rev6,6,W139,PX-7500,CH-C,EXT-02,Extreme Edge,0.96,49.1,38.71,40.4,35.45,1668.3,True,True,True,True,0,0.0,
4023,Rev6,6,W139,PX-7500,CH-C,EXT-03,Extreme Edge,0.96,81.8,38.35,40.3,35.52,1742.3,True,True,True,True,2,4.98,polymer_residue
4024,Rev6,6,W139,PX-7500,CH-C,EXT-04,Extreme Edge,0.96,114.5,38.16,39.61,33.93,1707.0,True,True,False,True,1,3.58,polymer_residue
4025,Rev6,6,W139,PX-7500,CH-C,EXT-05,Extreme Edge,0.96,147.3,37.55,39.28,36.19,1636.9,True,True,True,True,0,0.0,
4026,Rev6,6,W139,PX-7500,CH-C,EXT-06,Extreme Edge,0.96,180.0,37.66,40.62,36.59,1657.2,True,True,True,True,1,3.81,
4027,Rev6,6,W139,PX-7500,CH-C,EXT-07,Extreme Edge,0.96,212.7,37.67,38.45,37.03,1746.3,True,True,True,True,0,0.0,
4028,Rev6,6,W139,PX-7500,CH-C,EXT-08,Extreme Edge,0.96,245.5,39.31,39.34,35.11,1643.5,True,True,True,True,1,6.08,
4029,Rev6,6,W139,PX-7500,CH-C,EXT-09,Extreme Edge,0.96,278.2,37.96,38.75,35.92,1714.2,True,True,True,True,0,0.0,
4030,Rev6,6,W139,PX-7500,CH-C,EXT-10,Extreme Edge,0.96,310.9,38.47,40.48,38.43,1700.2,True,True,True,True,1,5.3,polymer_residue
4031,Rev6,6,W139,PX-7500,CH-C,EXT-11,Extreme Edge,0.96,343.6,38.05,38.82,35.77,1646.7,True,True,True,True,0,0.0,
4032,Rev1,1,W140,AE-3200,CH-B,C1,Center,0.0,0.0,40.51,40.54,36.43,1580.2,False,True,True,True,1,4.24,esc_temp_drift
4033,Rev1,1,W140,AE-3200,CH-B,MID-01,Mid,0.52,30.0,40.83,40.62,37.62,1678.9,False,True,True,True,1,4.23,
4034,Rev1,1,W140,AE-3200,CH-B,MID-02,Mid,0.52,90.0,40.53,40.96,35.86,1570.2,False,True,True,False,0,0.0,
4035,Rev1,1,W140,AE-3200,CH-B,MID-03,Mid,0.52,150.0,40.88,41.06,37.16,1656.3,False,True,True,True,1,3.38,
4036,Rev1,1,W140,AE-3200,CH-B,MID-04,Mid,0.52,210.0,39.66,40.47,36.01,1622.9,True,True,True,True,0,0.0,
4037,Rev1,1,W140,AE-3200,CH-B,MID-05,Mid,0.52,270.0,40.48,40.37,34.21,1631.3,False,True,True,True,1,3.37,
4038,Rev1,1,W140,AE-3200,CH-B,MID-06,Mid,0.52,330.0,40.71,40.86,39.01,1557.1,False,True,True,False,0,0.0,
4039,Rev1,1,W140,AE-3200,CH-B,EDG-01,Edge,0.84,0.0,42.19,40.4,38.88,1632.9,False,True,True,True,1,2.09,pressure_spike
4040,Rev1,1,W140,AE-3200,CH-B,EDG-02,Edge,0.84,32.7,41.48,40.91,37.56,1629.6,False,True,True,True,0,0.0,
4041,Rev1,1,W140,AE-3200,CH-B,EDG-03,Edge,0.84,65.5,40.94,41.91,38.54,1649.5,False,True,True,True,0,0.0,
4042,Rev1,1,W140,AE-3200,CH-B,EDG-04,Edge,0.84,98.2,42.22,42.09,38.42,1621.5,False,False,True,True,1,4.03,
4043,Rev1,1,W140,AE-3200,CH-B,EDG-05,Edge,0.84,130.9,41.27,40.99,38.26,1650.6,False,True,True,True,0,0.0,
4044,Rev1,1,W140,AE-3200,CH-B,EDG-06,Edge,0.84,163.6,40.63,40.31,37.48,1695.9,False,True,True,True,0,0.0,
4045,Rev1,1,W140,AE-3200,CH-B,EDG-07,Edge,0.84,196.4,41.58,41.31,40.1,1683.7,False,True,True,True,0,0.0,
4046,Rev1,1,W140,AE-3200,CH-B,EDG-08,Edge,0.84,229.1,43.13,40.33,36.82,1601.1,False,True,True,True,1,4.58,polymer_residue
4047,Rev1,1,W140,AE-3200,CH-B,EDG-09,Edge,0.84,261.8,41.27,41.06,37.1,1666.1,False,True,True,True,0,0.0,
4048,Rev1,1,W140,AE-3200,CH-B,EDG-10,Edge,0.84,294.5,41.92,42.13,37.52,1686.1,False,False,True,True,2,10.56,
4049,Rev1,1,W140,AE-3200,CH-B,EDG-11,Edge,0.84,327.3,41.77,40.29,36.54,1705.7,False,True,True,True,2,6.76,polymer_residue
4050,Rev1,1,W140,AE-3200,CH-B,EXT-01,Extreme Edge,0.96,16.4,42.5,41.09,37.18,1655.2,False,True,True,True,1,3.44,
4051,Rev1,1,W140,AE-3200,CH-B,EXT-02,Extreme Edge,0.96,49.1,41.78,40.81,37.87,1613.7,False,True,True,True,2,3.9,
4052,Rev1,1,W140,AE-3200,CH-B,EXT-03,Extreme Edge,0.96,81.8,43.48,42.02,36.19,1678.6,False,False,True,True,0,0.0,
4053,Rev1,1,W140,AE-3200,CH-B,EXT-04,Extreme Edge,0.96,114.5,42.67,41.33,36.68,1694.3,False,True,True,True,0,0.0,
4054,Rev1,1,W140,AE-3200,CH-B,EXT-05,Extreme Edge,0.96,147.3,42.58,41.61,38.89,1601.6,False,True,True,True,3,8.03,
4055,Rev1,1,W140,AE-3200,CH-B,EXT-06,Extreme Edge,0.96,180.0,42.52,42.36,37.35,1646.5,False,False,True,True,1,4.27,
4056,Rev1,1,W140,AE-3200,CH-B,EXT-07,Extreme Edge,0.96,212.7,43.35,41.29,39.15,1665.4,False,True,True,True,0,0.0,
4057,Rev1,1,W140,AE-3200,CH-B,EXT-08,Extreme Edge,0.96,245.5,41.91,42.27,37.37,1712.7,False,False,True,True,1,1.99,polymer_residue
4058,Rev1,1,W140,AE-3200,CH-B,EXT-09,Extreme Edge,0.96,278.2,41.72,41.08,36.63,1729.0,False,True,True,True,1,2.15,
4059,Rev1,1,W140,AE-3200,CH-B,EXT-10,Extreme Edge,0.96,310.9,43.66,42.72,40.72,1663.3,False,False,False,True,0,0.0,
4060,Rev1,1,W140,AE-3200,CH-B,EXT-11,Extreme Edge,0.96,343.6,42.09,41.92,39.15,1677.5,False,True,True,True,0,0.0,
4061,Rev7,7,W141,PX-7500,CH-D,C1,Center,0.0,0.0,37.22,39.22,36.1,1742.2,True,True,True,True,0,0.0,
4062,Rev7,7,W141,PX-7500,CH-D,MID-01,Mid,0.52,30.0,38.27,39.23,35.26,1689.6,True,True,True,True,0,0.0,
4063,Rev7,7,W141,PX-7500,CH-D,MID-02,Mid,0.52,90.0,37.09,40.25,36.67,1643.8,True,True,True,True,1,2.6,
4064,Rev7,7,W141,PX-7500,CH-D,MID-03,Mid,0.52,150.0,38.14,41.17,37.0,1714.1,True,True,True,True,0,0.0,
4065,Rev7,7,W141,PX-7500,CH-D,MID-04,Mid,0.52,210.0,38.3,39.69,36.96,1676.2,True,True,True,True,0,0.0,
4066,Rev7,7,W141,PX-7500,CH-D,MID-05,Mid,0.52,270.0,37.91,40.13,35.18,1731.9,True,True,True,True,0,0.0,
4067,Rev7,7,W141,PX-7500,CH-D,MID-06,Mid,0.52,330.0,37.99,40.27,37.47,1703.8,True,True,True,True,0,0.0,
4068,Rev7,7,W141,PX-7500,CH-D,EDG-01,Edge,0.84,0.0,39.02,40.59,37.35,1730.7,True,True,True,True,0,0.0,
4069,Rev7,7,W141,PX-7500,CH-D,EDG-02,Edge,0.84,32.7,39.47,39.79,38.22,1766.5,True,True,True,False,1,3.22,pressure_spike
4070,Rev7,7,W141,PX-7500,CH-D,EDG-03,Edge,0.84,65.5,40.16,40.44,37.25,1683.6,True,True,True,True,0,0.0,
4071,Rev7,7,W141,PX-7500,CH-D,EDG-04,Edge,0.84,98.2,38.56,40.22,34.62,1749.2,True,True,True,True,1,3.62,polymer_residue
4072,Rev7,7,W141,PX-7500,CH-D,EDG-05,Edge,0.84,130.9,38.3,39.79,36.06,1720.2,True,True,True,True,0,0.0,
4073,Rev7,7,W141,PX-7500,CH-D,EDG-06,Edge,0.84,163.6,39.3,41.52,39.45,1797.7,True,True,True,False,0,0.0,
4074,Rev7,7,W141,PX-7500,CH-D,EDG-07,Edge,0.84,196.4,37.66,40.06,36.62,1767.4,True,True,True,False,0,0.0,
4075,Rev7,7,W141,PX-7500,CH-D,EDG-08,Edge,0.84,229.1,39.51,39.12,36.7,1754.5,True,True,True,True,0,0.0,
4076,Rev7,7,W141,PX-7500,CH-D,EDG-09,Edge,0.84,261.8,38.86,40.26,36.79,1783.1,True,True,True,False,0,0.0,
4077,Rev7,7,W141,PX-7500,CH-D,EDG-10,Edge,0.84,294.5,38.26,41.41,40.02,1780.6,True,True,True,False,0,0.0,
4078,Rev7,7,W141,PX-7500,CH-D,EDG-11,Edge,0.84,327.3,39.27,40.63,37.24,1729.0,True,True,True,True,0,0.0,
4079,Rev7,7,W141,PX-7500,CH-D,EXT-01,Extreme Edge,0.96,16.4,39.33,40.72,39.54,1729.3,True,True,True,True,2,3.63,arc_event
4080,Rev7,7,W141,PX-7500,CH-D,EXT-02,Extreme Edge,0.96,49.1,39.25,40.77,38.3,1700.0,True,True,True,True,0,0.0,
4081,Rev7,7,W141,PX-7500,CH-D,EXT-03,Extreme Edge,0.96,81.8,40.25,42.09,36.57,1717.2,True,False,True,True,2,10.69,
4082,Rev7,7,W141,PX-7500,CH-D,EXT-04,Extreme Edge,0.96,114.5,39.25,41.46,39.04,1689.1,True,True,True,True,0,0.0,
4083,Rev7,7,W141,PX-7500,CH-D,EXT-05,Extreme Edge,0.96,147.3,38.68,41.44,38.15,1751.4,True,True,True,True,1,4.63,arc_event
4084,Rev7,7,W141,PX-7500,CH-D,EXT-06,Extreme Edge,0.96,180.0,39.41,40.54,37.01,1814.8,True,True,True,False,2,7.27,
4085,Rev7,7,W141,PX-7500,CH-D,EXT-07,Extreme Edge,0.96,212.7,39.6,42.72,37.36,1744.0,True,False,True,True,1,2.34,
4086,Rev7,7,W141,PX-7500,CH-D,EXT-08,Extreme Edge,0.96,245.5,40.47,41.38,35.69,1749.4,False,True,True,True,2,7.99,
4087,Rev7,7,W141,PX-7500,CH-D,EXT-09,Extreme Edge,0.96,278.2,40.28,41.26,38.47,1779.4,True,True,True,False,0,0.0,
4088,Rev7,7,W141,PX-7500,CH-D,EXT-10,Extreme Edge,0.96,310.9,39.78,40.37,37.67,1721.3,True,True,True,True,0,0.0,
4089,Rev7,7,W141,PX-7500,CH-D,EXT-11,Extreme Edge,0.96,343.6,40.39,41.94,39.09,1778.6,True,True,True,False,2,9.43,
4090,Rev9,9,W142,AE-3200,CH-B,C1,Center,0.0,0.0,37.14,40.33,36.65,1654.0,True,True,True,True,0,0.0,
4091,Rev9,9,W142,AE-3200,CH-B,MID-01,Mid,0.52,30.0,37.21,41.33,36.99,1794.0,True,True,True,False,0,0.0,
4092,Rev9,9,W142,AE-3200,CH-B,MID-02,Mid,0.52,90.0,37.28,40.43,37.75,1799.0,True,True,True,False,0,0.0,
4093,Rev9,9,W142,AE-3200,CH-B,MID-03,Mid,0.52,150.0,37.17,39.77,36.92,1726.1,True,True,True,True,0,0.0,
4094,Rev9,9,W142,AE-3200,CH-B,MID-04,Mid,0.52,210.0,38.79,39.95,39.58,1755.7,True,True,True,True,0,0.0,
4095,Rev9,9,W142,AE-3200,CH-B,MID-05,Mid,0.52,270.0,37.49,39.1,41.35,1728.5,True,True,False,True,0,0.0,
4096,Rev9,9,W142,AE-3200,CH-B,MID-06,Mid,0.52,330.0,36.34,40.67,38.43,1688.7,False,True,True,True,0,0.0,
4097,Rev9,9,W142,AE-3200,CH-B,EDG-01,Edge,0.84,0.0,39.42,40.06,38.19,1716.6,True,True,True,True,1,2.58,
4098,Rev9,9,W142,AE-3200,CH-B,EDG-02,Edge,0.84,32.7,39.7,41.17,40.97,1718.0,True,True,False,True,1,5.93,
4099,Rev9,9,W142,AE-3200,CH-B,EDG-03,Edge,0.84,65.5,38.02,40.4,39.18,1730.2,True,True,True,True,2,10.56,arc_event
4100,Rev9,9,W142,AE-3200,CH-B,EDG-04,Edge,0.84,98.2,39.2,40.89,38.4,1778.2,True,True,True,False,0,0.0,
4101,Rev9,9,W142,AE-3200,CH-B,EDG-05,Edge,0.84,130.9,37.36,41.83,40.23,1771.1,True,True,True,False,1,5.05,
4102,Rev9,9,W142,AE-3200,CH-B,EDG-06,Edge,0.84,163.6,39.48,41.25,40.47,1800.4,True,True,False,False,0,0.0,
4103,Rev9,9,W142,AE-3200,CH-B,EDG-07,Edge,0.84,196.4,39.42,41.11,40.54,1905.8,True,True,False,False,0,0.0,
4104,Rev9,9,W142,AE-3200,CH-B,EDG-08,Edge,0.84,229.1,39.2,41.88,39.74,1834.0,True,True,True,False,1,3.14,
4105,Rev9,9,W142,AE-3200,CH-B,EDG-09,Edge,0.84,261.8,37.89,42.08,37.28,1790.2,True,False,True,False,1,2.1,
4106,Rev9,9,W142,AE-3200,CH-B,EDG-10,Edge,0.84,294.5,37.29,40.44,39.21,1836.7,True,True,True,False,0,0.0,
4107,Rev9,9,W142,AE-3200,CH-B,EDG-11,Edge,0.84,327.3,37.66,39.51,39.05,1865.8,True,True,True,False,2,5.49,
4108,Rev9,9,W142,AE-3200,CH-B,EXT-01,Extreme Edge,0.96,16.4,39.23,40.65,38.77,1782.2,True,True,True,False,1,6.36,pressure_spike
4109,Rev9,9,W142,AE-3200,CH-B,EXT-02,Extreme Edge,0.96,49.1,40.07,42.04,40.46,1773.1,True,False,False,False,2,5.76,polymer_residue
4110,Rev9,9,W142,AE-3200,CH-B,EXT-03,Extreme Edge,0.96,81.8,39.36,42.21,40.49,1786.6,True,False,False,False,0,0.0,
4111,Rev9,9,W142,AE-3200,CH-B,EXT-04,Extreme Edge,0.96,114.5,38.76,40.24,39.57,1833.9,True,True,True,False,0,0.0,
4112,Rev9,9,W142,AE-3200,CH-B,EXT-05,Extreme Edge,0.96,147.3,40.03,42.17,44.41,1753.3,True,False,False,True,2,6.08,pressure_spike
4113,Rev9,9,W142,AE-3200,CH-B,EXT-06,Extreme Edge,0.96,180.0,39.65,41.51,40.57,1870.3,True,True,False,False,1,3.88,
4114,Rev9,9,W142,AE-3200,CH-B,EXT-07,Extreme Edge,0.96,212.7,38.83,42.33,38.48,1770.1,True,False,True,False,1,3.4,
4115,Rev9,9,W142,AE-3200,CH-B,EXT-08,Extreme Edge,0.96,245.5,38.78,40.24,39.72,1829.3,True,True,True,False,1,3.71,polymer_residue
4116,Rev9,9,W142,AE-3200,CH-B,EXT-09,Extreme Edge,0.96,278.2,39.66,41.09,42.55,1736.0,True,True,False,True,1,2.25,
4117,Rev9,9,W142,AE-3200,CH-B,EXT-10,Extreme Edge,0.96,310.9,39.88,42.54,39.0,1800.4,True,False,True,False,1,6.06,
4118,Rev9,9,W142,AE-3200,CH-B,EXT-11,Extreme Edge,0.96,343.6,39.72,41.27,39.26,1858.8,True,True,True,False,1,2.65,polymer_residue
4119,Rev6,6,W143,PX-7500,CH-C,C1,Center,0.0,0.0,37.39,39.77,33.11,1664.4,True,True,False,True,0,0.0,
4120,Rev6,6,W143,PX-7500,CH-C,MID-01,Mid,0.52,30.0,37.65,38.69,36.92,1614.4,True,True,True,True,0,0.0,
4121,Rev6,6,W143,PX-7500,CH-C,MID-02,Mid,0.52,90.0,37.99,38.99,36.57,1632.8,True,True,True,True,0,0.0,
4122,Rev6,6,W143,PX-7500,CH-C,MID-03,Mid,0.52,150.0,37.78,39.81,36.34,1611.7,True,True,True,True,0,0.0,
4123,Rev6,6,W143,PX-7500,CH-C,MID-04,Mid,0.52,210.0,36.99,38.51,39.28,1634.8,True,True,True,True,0,0.0,
4124,Rev6,6,W143,PX-7500,CH-C,MID-05,Mid,0.52,270.0,38.28,37.83,34.95,1654.5,True,True,True,True,0,0.0,
4125,Rev6,6,W143,PX-7500,CH-C,MID-06,Mid,0.52,330.0,38.6,39.21,33.93,1645.5,True,True,False,True,1,4.9,polymer_residue
4126,Rev6,6,W143,PX-7500,CH-C,EDG-01,Edge,0.84,0.0,37.94,40.41,35.16,1663.8,True,True,True,True,0,0.0,
4127,Rev6,6,W143,PX-7500,CH-C,EDG-02,Edge,0.84,32.7,38.06,40.46,35.89,1670.7,True,True,True,True,0,0.0,
4128,Rev6,6,W143,PX-7500,CH-C,EDG-03,Edge,0.84,65.5,37.37,38.68,37.12,1643.2,True,True,True,True,0,0.0,
4129,Rev6,6,W143,PX-7500,CH-C,EDG-04,Edge,0.84,98.2,39.17,40.3,36.53,1702.2,True,True,True,True,0,0.0,
4130,Rev6,6,W143,PX-7500,CH-C,EDG-05,Edge,0.84,130.9,39.18,38.06,38.92,1702.4,True,True,True,True,0,0.0,
4131,Rev6,6,W143,PX-7500,CH-C,EDG-06,Edge,0.84,163.6,38.97,39.64,35.57,1654.5,True,True,True,True,0,0.0,
4132,Rev6,6,W143,PX-7500,CH-C,EDG-07,Edge,0.84,196.4,39.19,40.76,34.23,1703.2,True,True,True,True,0,0.0,
4133,Rev6,6,W143,PX-7500,CH-C,EDG-08,Edge,0.84,229.1,40.2,37.76,36.27,1737.7,True,False,True,True,0,0.0,
4134,Rev6,6,W143,PX-7500,CH-C,EDG-09,Edge,0.84,261.8,38.28,39.92,34.13,1679.6,True,True,False,True,0,0.0,
4135,Rev6,6,W143,PX-7500,CH-C,EDG-10,Edge,0.84,294.5,38.96,40.31,36.84,1645.4,True,True,True,True,1,5.24,
4136,Rev6,6,W143,PX-7500,CH-C,EDG-11,Edge,0.84,327.3,39.42,39.28,35.43,1724.4,True,True,True,True,0,0.0,
4137,Rev6,6,W143,PX-7500,CH-C,EXT-01,Extreme Edge,0.96,16.4,38.45,39.89,35.8,1748.5,True,True,True,True,2,10.22,
4138,Rev6,6,W143,PX-7500,CH-C,EXT-02,Extreme Edge,0.96,49.1,39.2,39.25,35.96,1718.2,True,True,True,True,0,0.0,
4139,Rev6,6,W143,PX-7500,CH-C,EXT-03,Extreme Edge,0.96,81.8,37.78,40.98,36.13,1699.5,True,True,True,True,2,12.75,esc_temp_drift
4140,Rev6,6,W143,PX-7500,CH-C,EXT-04,Extreme Edge,0.96,114.5,39.05,39.69,35.18,1607.1,True,True,True,True,1,6.18,pressure_spike
4141,Rev6,6,W143,PX-7500,CH-C,EXT-05,Extreme Edge,0.96,147.3,40.24,39.77,35.02,1749.1,True,True,True,True,0,0.0,
4142,Rev6,6,W143,PX-7500,CH-C,EXT-06,Extreme Edge,0.96,180.0,39.45,39.27,36.53,1696.2,True,True,True,True,1,5.56,polymer_residue
4143,Rev6,6,W143,PX-7500,CH-C,EXT-07,Extreme Edge,0.96,212.7,39.43,40.73,36.08,1691.1,True,True,True,True,1,5.46,polymer_residue
4144,Rev6,6,W143,PX-7500,CH-C,EXT-08,Extreme Edge,0.96,245.5,38.47,38.34,37.52,1676.8,True,True,True,True,0,0.0,
4145,Rev6,6,W143,PX-7500,CH-C,EXT-09,Extreme Edge,0.96,278.2,38.74,40.23,36.75,1644.1,True,True,True,True,1,3.04,polymer_residue
4146,Rev6,6,W143,PX-7500,CH-C,EXT-10,Extreme Edge,0.96,310.9,39.13,39.09,36.86,1625.5,True,True,True,True,0,0.0,
4147,Rev6,6,W143,PX-7500,CH-C,EXT-11,Extreme Edge,0.96,343.6,40.3,39.24,37.91,1656.2,True,True,True,True,1,5.68,
4148,Rev5,5,W144,AE-3200,CH-B,C1,Center,0.0,0.0,38.68,39.02,39.27,1595.0,True,True,True,True,0,0.0,
4149,Rev5,5,W144,AE-3200,CH-B,MID-01,Mid,0.52,30.0,39.18,37.53,37.88,1676.2,True,False,True,True,0,0.0,
4150,Rev5,5,W144,AE-3200,CH-B,MID-02,Mid,0.52,90.0,38.1,41.85,37.42,1645.7,True,True,True,True,0,0.0,
4151,Rev5,5,W144,AE-3200,CH-B,MID-03,Mid,0.52,150.0,38.46,37.67,36.9,1598.4,True,False,True,True,0,0.0,
4152,Rev5,5,W144,AE-3200,CH-B,MID-04,Mid,0.52,210.0,38.55,40.86,37.38,1633.0,True,True,True,True,0,0.0,
4153,Rev5,5,W144,AE-3200,CH-B,MID-05,Mid,0.52,270.0,37.36,41.01,34.21,1590.8,True,True,True,True,0,0.0,
4154,Rev5,5,W144,AE-3200,CH-B,MID-06,Mid,0.52,330.0,38.98,39.35,39.44,1650.5,True,True,True,True,0,0.0,
4155,Rev5,5,W144,AE-3200,CH-B,EDG-01,Edge,0.84,0.0,39.14,40.77,37.53,1633.3,True,True,True,True,0,0.0,
4156,Rev5,5,W144,AE-3200,CH-B,EDG-02,Edge,0.84,32.7,40.3,40.26,37.92,1641.9,True,True,True,True,0,0.0,
4157,Rev5,5,W144,AE-3200,CH-B,EDG-03,Edge,0.84,65.5,40.39,39.84,38.12,1702.5,True,True,True,True,0,0.0,
4158,Rev5,5,W144,AE-3200,CH-B,EDG-04,Edge,0.84,98.2,38.76,40.94,39.34,1697.6,True,True,True,True,1,3.93,polymer_residue
4159,Rev5,5,W144,AE-3200,CH-B,EDG-05,Edge,0.84,130.9,39.68,41.91,39.66,1651.1,True,True,True,True,0,0.0,
4160,Rev5,5,W144,AE-3200,CH-B,EDG-06,Edge,0.84,163.6,39.58,41.0,40.23,1620.9,True,True,True,True,1,4.84,polymer_residue
4161,Rev5,5,W144,AE-3200,CH-B,EDG-07,Edge,0.84,196.4,40.13,40.74,36.6,1663.6,True,True,True,True,0,0.0,
4162,Rev5,5,W144,AE-3200,CH-B,EDG-08,Edge,0.84,229.1,39.52,38.57,37.8,1689.1,True,True,True,True,0,0.0,
4163,Rev5,5,W144,AE-3200,CH-B,EDG-09,Edge,0.84,261.8,39.09,40.5,35.72,1737.6,True,True,True,True,0,0.0,
4164,Rev5,5,W144,AE-3200,CH-B,EDG-10,Edge,0.84,294.5,38.51,41.14,38.38,1650.9,True,True,True,True,0,0.0,
4165,Rev5,5,W144,AE-3200,CH-B,EDG-11,Edge,0.84,327.3,40.35,40.35,39.56,1669.9,True,True,True,True,1,3.33,
4166,Rev5,5,W144,AE-3200,CH-B,EXT-01,Extreme Edge,0.96,16.4,40.68,40.79,37.13,1785.3,False,True,True,False,1,6.35,
4167,Rev5,5,W144,AE-3200,CH-B,EXT-02,Extreme Edge,0.96,49.1,40.95,40.86,37.62,1745.2,False,True,True,True,0,0.0,
4168,Rev5,5,W144,AE-3200,CH-B,EXT-03,Extreme Edge,0.96,81.8,39.09,41.04,37.53,1529.2,True,True,True,False,1,4.2,esc_temp_drift
4169,Rev5,5,W144,AE-3200,CH-B,EXT-04,Extreme Edge,0.96,114.5,40.31,42.35,40.44,1646.1,True,False,False,True,1,2.33,endpoint_late
4170,Rev5,5,W144,AE-3200,CH-B,EXT-05,Extreme Edge,0.96,147.3,40.11,41.31,38.76,1624.1,True,True,True,True,1,2.58,
4171,Rev5,5,W144,AE-3200,CH-B,EXT-06,Extreme Edge,0.96,180.0,39.63,40.5,40.86,1641.9,True,True,False,True,0,0.0,
4172,Rev5,5,W144,AE-3200,CH-B,EXT-07,Extreme Edge,0.96,212.7,40.28,41.18,35.43,1635.5,True,True,True,True,0,0.0,
4173,Rev5,5,W144,AE-3200,CH-B,EXT-08,Extreme Edge,0.96,245.5,40.79,40.77,38.49,1709.4,False,True,True,True,0,0.0,
4174,Rev5,5,W144,AE-3200,CH-B,EXT-09,Extreme Edge,0.96,278.2,40.64,40.4,37.07,1650.1,False,True,True,True,1,5.99,esc_temp_drift
4175,Rev5,5,W144,AE-3200,CH-B,EXT-10,Extreme Edge,0.96,310.9,40.03,40.21,38.59,1689.4,True,True,True,True,1,4.06,
4176,Rev5,5,W144,AE-3200,CH-B,EXT-11,Extreme Edge,0.96,343.6,39.78,40.28,39.76,1669.0,True,True,True,True,0,0.0,
4177,Rev11,11,W145,PX-7500,CH-D,C1,Center,0.0,0.0,37.93,39.26,38.76,1706.8,True,True,True,True,0,0.0,
4178,Rev11,11,W145,PX-7500,CH-D,MID-01,Mid,0.52,30.0,38.85,40.36,38.72,1745.5,True,True,True,True,0,0.0,
4179,Rev11,11,W145,PX-7500,CH-D,MID-02,Mid,0.52,90.0,37.86,39.55,37.29,1646.1,True,True,True,True,1,4.16,
4180,Rev11,11,W145,PX-7500,CH-D,MID-03,Mid,0.52,150.0,38.36,39.72,38.32,1659.2,True,True,True,True,0,0.0,
4181,Rev11,11,W145,PX-7500,CH-D,MID-04,Mid,0.52,210.0,37.75,39.39,38.18,1713.3,True,True,True,True,0,0.0,
4182,Rev11,11,W145,PX-7500,CH-D,MID-05,Mid,0.52,270.0,36.27,40.02,37.88,1702.7,False,True,True,True,0,0.0,
4183,Rev11,11,W145,PX-7500,CH-D,MID-06,Mid,0.52,330.0,38.63,37.76,35.49,1727.0,True,False,True,True,1,4.16,
4184,Rev11,11,W145,PX-7500,CH-D,EDG-01,Edge,0.84,0.0,39.86,41.79,36.51,1760.5,True,True,True,False,1,3.06,polymer_residue
4185,Rev11,11,W145,PX-7500,CH-D,EDG-02,Edge,0.84,32.7,39.54,40.54,40.19,1767.9,True,True,True,False,1,5.49,polymer_residue
4186,Rev11,11,W145,PX-7500,CH-D,EDG-03,Edge,0.84,65.5,39.53,39.33,41.12,1745.4,True,True,False,True,1,4.8,
4187,Rev11,11,W145,PX-7500,CH-D,EDG-04,Edge,0.84,98.2,38.53,40.81,40.44,1731.0,True,True,False,True,0,0.0,
4188,Rev11,11,W145,PX-7500,CH-D,EDG-05,Edge,0.84,130.9,39.2,39.53,39.99,1754.0,True,True,True,True,0,0.0,
4189,Rev11,11,W145,PX-7500,CH-D,EDG-06,Edge,0.84,163.6,38.97,38.69,39.36,1684.1,True,True,True,True,1,4.74,
4190,Rev11,11,W145,PX-7500,CH-D,EDG-07,Edge,0.84,196.4,39.38,42.58,38.53,1763.9,True,False,True,False,2,8.87,
4191,Rev11,11,W145,PX-7500,CH-D,EDG-08,Edge,0.84,229.1,39.04,39.7,37.47,1796.6,True,True,True,False,1,5.57,
4192,Rev11,11,W145,PX-7500,CH-D,EDG-09,Edge,0.84,261.8,39.67,40.57,39.42,1709.0,True,True,True,True,1,2.63,
4193,Rev11,11,W145,PX-7500,CH-D,EDG-10,Edge,0.84,294.5,38.93,39.22,39.29,1798.5,True,True,True,False,0,0.0,
4194,Rev11,11,W145,PX-7500,CH-D,EDG-11,Edge,0.84,327.3,38.77,41.51,36.89,1741.2,True,True,True,True,2,4.56,
4195,Rev11,11,W145,PX-7500,CH-D,EXT-01,Extreme Edge,0.96,16.4,39.56,41.25,41.01,1769.0,True,True,False,False,0,0.0,
4196,Rev11,11,W145,PX-7500,CH-D,EXT-02,Extreme Edge,0.96,49.1,41.27,41.26,42.11,1760.8,False,True,False,False,2,5.77,
4197,Rev11,11,W145,PX-7500,CH-D,EXT-03,Extreme Edge,0.96,81.8,40.44,42.22,38.29,1841.1,False,False,True,False,1,4.88,polymer_residue
4198,Rev11,11,W145,PX-7500,CH-D,EXT-04,Extreme Edge,0.96,114.5,40.45,40.36,40.05,1723.2,False,True,True,True,0,0.0,
4199,Rev11,11,W145,PX-7500,CH-D,EXT-05,Extreme Edge,0.96,147.3,40.11,40.89,37.74,1768.7,True,True,True,False,0,0.0,
4200,Rev11,11,W145,PX-7500,CH-D,EXT-06,Extreme Edge,0.96,180.0,40.63,40.07,38.24,1674.2,False,True,True,True,0,0.0,
4201,Rev11,11,W145,PX-7500,CH-D,EXT-07,Extreme Edge,0.96,212.7,39.35,40.83,39.17,1792.4,True,True,True,False,1,4.74,
4202,Rev11,11,W145,PX-7500,CH-D,EXT-08,Extreme Edge,0.96,245.5,40.24,40.29,39.24,1629.9,True,True,True,True,0,0.0,
4203,Rev11,11,W145,PX-7500,CH-D,EXT-09,Extreme Edge,0.96,278.2,39.13,40.45,40.51,1685.6,True,True,False,True,0,0.0,
4204,Rev11,11,W145,PX-7500,CH-D,EXT-10,Extreme Edge,0.96,310.9,40.05,41.55,39.56,1700.8,True,True,True,True,0,0.0,
4205,Rev11,11,W145,PX-7500,CH-D,EXT-11,Extreme Edge,0.96,343.6,39.34,40.42,39.94,1757.3,True,True,True,True,1,2.06,endpoint_late
4206,Rev2,2,W146,PX-7500,CH-C,C1,Center,0.0,0.0,38.06,40.42,38.37,1583.1,True,True,True,True,0,0.0,
4207,Rev2,2,W146,PX-7500,CH-C,MID-01,Mid,0.52,30.0,40.31,40.65,40.58,1591.0,True,True,False,True,1,3.53,
4208,Rev2,2,W146,PX-7500,CH-C,MID-02,Mid,0.52,90.0,39.21,40.78,41.02,1685.6,True,True,False,True,0,0.0,
4209,Rev2,2,W146,PX-7500,CH-C,MID-03,Mid,0.52,150.0,40.04,40.58,37.81,1598.4,True,True,True,True,0,0.0,
4210,Rev2,2,W146,PX-7500,CH-C,MID-04,Mid,0.52,210.0,39.06,40.54,38.29,1564.7,True,True,True,False,0,0.0,
4211,Rev2,2,W146,PX-7500,CH-C,MID-05,Mid,0.52,270.0,38.72,40.29,39.7,1584.6,True,True,True,True,0,0.0,
4212,Rev2,2,W146,PX-7500,CH-C,MID-06,Mid,0.52,330.0,40.82,41.76,40.05,1683.2,False,True,True,True,0,0.0,
4213,Rev2,2,W146,PX-7500,CH-C,EDG-01,Edge,0.84,0.0,40.48,40.92,37.09,1682.0,False,True,True,True,0,0.0,
4214,Rev2,2,W146,PX-7500,CH-C,EDG-02,Edge,0.84,32.7,41.01,41.34,43.14,1600.4,False,True,False,True,2,6.75,
4215,Rev2,2,W146,PX-7500,CH-C,EDG-03,Edge,0.84,65.5,41.7,40.78,42.05,1727.8,False,True,False,True,1,3.05,polymer_residue
4216,Rev2,2,W146,PX-7500,CH-C,EDG-04,Edge,0.84,98.2,40.94,39.85,40.61,1629.3,False,True,False,True,0,0.0,
4217,Rev2,2,W146,PX-7500,CH-C,EDG-05,Edge,0.84,130.9,39.99,42.53,38.96,1657.3,True,False,True,True,0,0.0,
4218,Rev2,2,W146,PX-7500,CH-C,EDG-06,Edge,0.84,163.6,39.98,41.8,37.42,1555.9,True,True,True,False,1,4.41,
4219,Rev2,2,W146,PX-7500,CH-C,EDG-07,Edge,0.84,196.4,41.59,41.59,40.18,1667.8,False,True,True,True,0,0.0,
4220,Rev2,2,W146,PX-7500,CH-C,EDG-08,Edge,0.84,229.1,39.9,40.67,38.55,1638.5,True,True,True,True,2,10.78,
4221,Rev2,2,W146,PX-7500,CH-C,EDG-09,Edge,0.84,261.8,40.69,42.38,39.39,1698.3,False,False,True,True,0,0.0,
4222,Rev2,2,W146,PX-7500,CH-C,EDG-10,Edge,0.84,294.5,40.86,41.32,40.42,1613.3,False,True,False,True,2,8.04,polymer_residue
4223,Rev2,2,W146,PX-7500,CH-C,EDG-11,Edge,0.84,327.3,40.63,41.26,36.49,1668.1,False,True,True,True,2,7.78,polymer_residue
4224,Rev2,2,W146,PX-7500,CH-C,EXT-01,Extreme Edge,0.96,16.4,42.14,41.71,40.4,1682.0,False,True,False,True,2,4.02,
4225,Rev2,2,W146,PX-7500,CH-C,EXT-02,Extreme Edge,0.96,49.1,41.56,42.41,38.88,1666.8,False,False,True,True,1,3.19,
4226,Rev2,2,W146,PX-7500,CH-C,EXT-03,Extreme Edge,0.96,81.8,41.21,42.47,40.95,1680.1,False,False,False,True,1,6.31,
4227,Rev2,2,W146,PX-7500,CH-C,EXT-04,Extreme Edge,0.96,114.5,41.04,40.61,39.14,1551.3,False,True,True,False,0,0.0,
4228,Rev2,2,W146,PX-7500,CH-C,EXT-05,Extreme Edge,0.96,147.3,41.7,40.47,39.42,1663.7,False,True,True,True,1,3.58,arc_event
4229,Rev2,2,W146,PX-7500,CH-C,EXT-06,Extreme Edge,0.96,180.0,41.27,41.76,39.05,1654.6,False,True,True,True,0,0.0,
4230,Rev2,2,W146,PX-7500,CH-C,EXT-07,Extreme Edge,0.96,212.7,40.85,40.95,38.65,1661.7,False,True,True,True,0,0.0,
4231,Rev2,2,W146,PX-7500,CH-C,EXT-08,Extreme Edge,0.96,245.5,41.6,40.32,39.65,1579.3,False,True,True,False,1,4.28,polymer_residue
4232,Rev2,2,W146,PX-7500,CH-C,EXT-09,Extreme Edge,0.96,278.2,42.41,42.58,39.97,1657.2,False,False,True,True,1,2.24,polymer_residue
4233,Rev2,2,W146,PX-7500,CH-C,EXT-10,Extreme Edge,0.96,310.9,40.81,42.26,37.29,1652.0,False,False,True,True,1,3.11,
4234,Rev2,2,W146,PX-7500,CH-C,EXT-11,Extreme Edge,0.96,343.6,40.76,41.85,41.57,1694.8,False,True,False,True,2,3.69,esc_temp_drift
4235,Rev10,10,W147,PX-7500,CH-C,C1,Center,0.0,0.0,36.05,39.5,34.33,1634.6,False,True,True,True,1,3.21,polymer_residue
4236,Rev10,10,W147,PX-7500,CH-C,MID-01,Mid,0.52,30.0,36.29,38.98,37.61,1734.0,False,True,True,True,0,0.0,
4237,Rev10,10,W147,PX-7500,CH-C,MID-02,Mid,0.52,90.0,36.92,38.05,36.12,1694.6,True,True,True,True,0,0.0,
4238,Rev10,10,W147,PX-7500,CH-C,MID-03,Mid,0.52,150.0,36.15,40.12,38.12,1741.6,False,True,True,True,0,0.0,
4239,Rev10,10,W147,PX-7500,CH-C,MID-04,Mid,0.52,210.0,37.36,39.24,37.0,1756.6,True,True,True,True,0,0.0,
4240,Rev10,10,W147,PX-7500,CH-C,MID-05,Mid,0.52,270.0,36.94,38.87,36.9,1741.5,True,True,True,True,0,0.0,
4241,Rev10,10,W147,PX-7500,CH-C,MID-06,Mid,0.52,330.0,37.38,38.81,38.61,1718.3,True,True,True,True,0,0.0,
4242,Rev10,10,W147,PX-7500,CH-C,EDG-01,Edge,0.84,0.0,37.74,40.99,38.03,1702.8,True,True,True,True,1,3.68,polymer_residue
4243,Rev10,10,W147,PX-7500,CH-C,EDG-02,Edge,0.84,32.7,37.4,40.21,35.54,1762.0,True,True,True,False,0,0.0,
4244,Rev10,10,W147,PX-7500,CH-C,EDG-03,Edge,0.84,65.5,38.02,40.22,39.62,1831.4,True,True,True,False,0,0.0,
4245,Rev10,10,W147,PX-7500,CH-C,EDG-04,Edge,0.84,98.2,38.79,40.35,40.47,1715.4,True,True,False,True,0,0.0,
4246,Rev10,10,W147,PX-7500,CH-C,EDG-05,Edge,0.84,130.9,38.28,39.47,38.67,1713.7,True,True,True,True,0,0.0,
4247,Rev10,10,W147,PX-7500,CH-C,EDG-06,Edge,0.84,163.6,37.72,39.79,39.14,1755.1,True,True,True,True,0,0.0,
4248,Rev10,10,W147,PX-7500,CH-C,EDG-07,Edge,0.84,196.4,38.29,38.95,36.64,1832.9,True,True,True,False,0,0.0,
4249,Rev10,10,W147,PX-7500,CH-C,EDG-08,Edge,0.84,229.1,37.9,38.12,39.1,1709.8,True,True,True,True,0,0.0,
4250,Rev10,10,W147,PX-7500,CH-C,EDG-09,Edge,0.84,261.8,38.05,40.42,41.4,1872.9,True,True,False,False,0,0.0,
4251,Rev10,10,W147,PX-7500,CH-C,EDG-10,Edge,0.84,294.5,37.85,38.94,38.74,1655.3,True,True,True,True,0,0.0,
4252,Rev10,10,W147,PX-7500,CH-C,EDG-11,Edge,0.84,327.3,36.79,39.42,37.51,1720.0,True,True,True,True,0,0.0,
4253,Rev10,10,W147,PX-7500,CH-C,EXT-01,Extreme Edge,0.96,16.4,39.19,39.96,38.57,1717.7,True,True,True,True,0,0.0,
4254,Rev10,10,W147,PX-7500,CH-C,EXT-02,Extreme Edge,0.96,49.1,37.07,39.87,40.85,1779.7,True,True,False,False,0,0.0,
4255,Rev10,10,W147,PX-7500,CH-C,EXT-03,Extreme Edge,0.96,81.8,38.29,39.4,40.54,1689.8,True,True,False,True,0,0.0,
4256,Rev10,10,W147,PX-7500,CH-C,EXT-04,Extreme Edge,0.96,114.5,37.33,41.44,41.31,1778.1,True,True,False,False,1,5.9,pressure_spike
4257,Rev10,10,W147,PX-7500,CH-C,EXT-05,Extreme Edge,0.96,147.3,38.65,41.66,37.59,1761.7,True,True,True,False,0,0.0,
4258,Rev10,10,W147,PX-7500,CH-C,EXT-06,Extreme Edge,0.96,180.0,39.48,39.25,36.94,1727.8,True,True,True,True,0,0.0,
4259,Rev10,10,W147,PX-7500,CH-C,EXT-07,Extreme Edge,0.96,212.7,38.62,40.48,36.56,1686.5,True,True,True,True,2,7.09,
4260,Rev10,10,W147,PX-7500,CH-C,EXT-08,Extreme Edge,0.96,245.5,38.76,40.67,39.54,1791.9,True,True,True,False,1,3.58,
4261,Rev10,10,W147,PX-7500,CH-C,EXT-09,Extreme Edge,0.96,278.2,38.94,39.11,39.35,1694.1,True,True,True,True,1,4.03,endpoint_late
4262,Rev10,10,W147,PX-7500,CH-C,EXT-10,Extreme Edge,0.96,310.9,38.49,41.1,37.81,1690.2,True,True,True,True,0,0.0,
4263,Rev10,10,W147,PX-7500,CH-C,EXT-11,Extreme Edge,0.96,343.6,39.48,39.84,37.26,1720.7,True,True,True,True,2,9.98,
4264,Rev8,8,W148,AE-3200,CH-A,C1,Center,0.0,0.0,37.68,40.08,35.5,1709.6,True,True,True,True,0,0.0,
4265,Rev8,8,W148,AE-3200,CH-A,MID-01,Mid,0.52,30.0,38.06,40.04,41.21,1774.0,True,True,False,False,0,0.0,
4266,Rev8,8,W148,AE-3200,CH-A,MID-02,Mid,0.52,90.0,39.36,41.02,38.49,1773.5,True,True,True,False,0,0.0,
4267,Rev8,8,W148,AE-3200,CH-A,MID-03,Mid,0.52,150.0,37.23,40.68,38.34,1725.7,True,True,True,True,0,0.0,
4268,Rev8,8,W148,AE-3200,CH-A,MID-04,Mid,0.52,210.0,37.52,39.13,37.27,1789.9,True,True,True,False,0,0.0,
4269,Rev8,8,W148,AE-3200,CH-A,MID-05,Mid,0.52,270.0,37.77,40.69,37.55,1694.8,True,True,True,True,0,0.0,
4270,Rev8,8,W148,AE-3200,CH-A,MID-06,Mid,0.52,330.0,39.12,40.03,40.21,1759.6,True,True,True,True,0,0.0,
4271,Rev8,8,W148,AE-3200,CH-A,EDG-01,Edge,0.84,0.0,38.52,41.49,39.3,1755.9,True,True,True,True,0,0.0,
4272,Rev8,8,W148,AE-3200,CH-A,EDG-02,Edge,0.84,32.7,39.19,40.96,35.7,1789.1,True,True,True,False,1,5.96,
4273,Rev8,8,W148,AE-3200,CH-A,EDG-03,Edge,0.84,65.5,39.0,40.32,38.2,1703.9,True,True,True,True,1,1.97,arc_event
4274,Rev8,8,W148,AE-3200,CH-A,EDG-04,Edge,0.84,98.2,39.26,40.63,40.14,1709.8,True,True,True,True,0,0.0,
4275,Rev8,8,W148,AE-3200,CH-A,EDG-05,Edge,0.84,130.9,39.92,40.36,38.99,1756.0,True,True,True,True,0,0.0,
4276,Rev8,8,W148,AE-3200,CH-A,EDG-06,Edge,0.84,163.6,37.98,39.93,39.59,1777.8,True,True,True,False,0,0.0,
4277,Rev8,8,W148,AE-3200,CH-A,EDG-07,Edge,0.84,196.4,39.82,41.51,41.81,1833.7,True,True,False,False,1,5.23,endpoint_late
4278,Rev8,8,W148,AE-3200,CH-A,EDG-08,Edge,0.84,229.1,38.55,42.25,37.49,1728.5,True,False,True,True,1,3.52,arc_event
4279,Rev8,8,W148,AE-3200,CH-A,EDG-09,Edge,0.84,261.8,39.25,40.88,40.48,1775.6,True,True,False,False,0,0.0,
4280,Rev8,8,W148,AE-3200,CH-A,EDG-10,Edge,0.84,294.5,38.99,40.89,37.04,1780.4,True,True,True,False,0,0.0,
4281,Rev8,8,W148,AE-3200,CH-A,EDG-11,Edge,0.84,327.3,40.05,41.35,38.08,1745.2,True,True,True,True,0,0.0,
4282,Rev8,8,W148,AE-3200,CH-A,EXT-01,Extreme Edge,0.96,16.4,39.75,41.85,38.2,1803.5,True,True,True,False,0,0.0,
4283,Rev8,8,W148,AE-3200,CH-A,EXT-02,Extreme Edge,0.96,49.1,39.19,40.95,36.59,1721.2,True,True,True,True,2,10.19,pressure_spike
4284,Rev8,8,W148,AE-3200,CH-A,EXT-03,Extreme Edge,0.96,81.8,40.5,40.28,39.04,1775.3,False,True,True,False,1,6.05,
4285,Rev8,8,W148,AE-3200,CH-A,EXT-04,Extreme Edge,0.96,114.5,39.64,40.66,40.27,1785.4,True,True,True,False,0,0.0,
4286,Rev8,8,W148,AE-3200,CH-A,EXT-05,Extreme Edge,0.96,147.3,40.47,42.06,37.49,1797.7,False,False,True,False,2,5.22,pressure_spike
4287,Rev8,8,W148,AE-3200,CH-A,EXT-06,Extreme Edge,0.96,180.0,39.63,40.78,36.34,1765.8,True,True,True,False,2,12.89,
4288,Rev8,8,W148,AE-3200,CH-A,EXT-07,Extreme Edge,0.96,212.7,39.51,40.97,38.29,1746.5,True,True,True,True,0,0.0,
4289,Rev8,8,W148,AE-3200,CH-A,EXT-08,Extreme Edge,0.96,245.5,39.36,40.88,37.24,1817.6,True,True,True,False,1,5.86,
4290,Rev8,8,W148,AE-3200,CH-A,EXT-09,Extreme Edge,0.96,278.2,40.69,41.43,38.98,1740.1,False,True,True,True,0,0.0,
4291,Rev8,8,W148,AE-3200,CH-A,EXT-10,Extreme Edge,0.96,310.9,39.27,40.17,36.44,1744.3,True,True,True,True,2,11.87,
4292,Rev8,8,W148,AE-3200,CH-A,EXT-11,Extreme Edge,0.96,343.6,40.29,41.62,38.67,1811.6,True,True,True,False,0,0.0,
4293,Rev1,1,W149,AE-3200,CH-B,C1,Center,0.0,0.0,40.2,38.54,37.89,1640.5,True,True,True,True,0,0.0,
4294,Rev1,1,W149,AE-3200,CH-B,MID-01,Mid,0.52,30.0,40.76,41.48,37.87,1618.6,False,True,True,True,0,0.0,
4295,Rev1,1,W149,AE-3200,CH-B,MID-02,Mid,0.52,90.0,39.87,40.91,37.32,1554.7,True,True,True,False,1,5.25,polymer_residue
4296,Rev1,1,W149,AE-3200,CH-B,MID-03,Mid,0.52,150.0,40.41,40.51,39.0,1744.0,False,True,True,True,1,4.66,
4297,Rev1,1,W149,AE-3200,CH-B,MID-04,Mid,0.52,210.0,41.05,38.74,37.17,1674.1,False,True,True,True,1,4.3,pressure_spike
4298,Rev1,1,W149,AE-3200,CH-B,MID-05,Mid,0.52,270.0,41.01,39.13,40.28,1585.1,False,True,True,True,1,5.53,
4299,Rev1,1,W149,AE-3200,CH-B,MID-06,Mid,0.52,330.0,39.22,40.11,39.02,1583.1,True,True,True,True,0,0.0,
4300,Rev1,1,W149,AE-3200,CH-B,EDG-01,Edge,0.84,0.0,42.15,41.2,38.22,1663.1,False,True,True,True,0,0.0,
4301,Rev1,1,W149,AE-3200,CH-B,EDG-02,Edge,0.84,32.7,41.27,39.99,37.05,1671.3,False,True,True,True,1,6.08,
4302,Rev1,1,W149,AE-3200,CH-B,EDG-03,Edge,0.84,65.5,41.32,41.21,39.4,1638.0,False,True,True,True,1,4.39,polymer_residue
4303,Rev1,1,W149,AE-3200,CH-B,EDG-04,Edge,0.84,98.2,41.46,39.66,38.47,1623.1,False,True,True,True,0,0.0,
4304,Rev1,1,W149,AE-3200,CH-B,EDG-05,Edge,0.84,130.9,41.37,40.29,39.71,1639.1,False,True,True,True,1,5.08,endpoint_late
4305,Rev1,1,W149,AE-3200,CH-B,EDG-06,Edge,0.84,163.6,42.25,40.67,41.42,1711.7,False,True,False,True,0,0.0,
4306,Rev1,1,W149,AE-3200,CH-B,EDG-07,Edge,0.84,196.4,42.39,41.37,40.58,1583.5,False,True,False,True,1,3.62,esc_temp_drift
4307,Rev1,1,W149,AE-3200,CH-B,EDG-08,Edge,0.84,229.1,41.4,39.57,39.92,1662.7,False,True,True,True,0,0.0,
4308,Rev1,1,W149,AE-3200,CH-B,EDG-09,Edge,0.84,261.8,43.65,39.53,41.14,1705.9,False,True,False,True,0,0.0,
4309,Rev1,1,W149,AE-3200,CH-B,EDG-10,Edge,0.84,294.5,41.34,40.16,40.99,1714.0,False,True,False,True,0,0.0,
4310,Rev1,1,W149,AE-3200,CH-B,EDG-11,Edge,0.84,327.3,41.58,39.93,38.59,1610.8,False,True,True,True,0,0.0,
4311,Rev1,1,W149,AE-3200,CH-B,EXT-01,Extreme Edge,0.96,16.4,42.32,40.73,40.37,1639.0,False,True,True,True,1,4.75,arc_event
4312,Rev1,1,W149,AE-3200,CH-B,EXT-02,Extreme Edge,0.96,49.1,43.01,42.82,38.49,1705.8,False,False,True,True,1,4.47,polymer_residue
4313,Rev1,1,W149,AE-3200,CH-B,EXT-03,Extreme Edge,0.96,81.8,41.99,40.94,38.3,1737.8,False,True,True,True,0,0.0,
4314,Rev1,1,W149,AE-3200,CH-B,EXT-04,Extreme Edge,0.96,114.5,42.1,42.33,38.32,1667.5,False,False,True,True,2,6.13,
4315,Rev1,1,W149,AE-3200,CH-B,EXT-05,Extreme Edge,0.96,147.3,41.37,40.86,40.59,1675.9,False,True,False,True,2,10.89,
4316,Rev1,1,W149,AE-3200,CH-B,EXT-06,Extreme Edge,0.96,180.0,42.51,41.83,39.01,1626.8,False,True,True,True,0,0.0,
4317,Rev1,1,W149,AE-3200,CH-B,EXT-07,Extreme Edge,0.96,212.7,42.13,42.13,39.42,1748.6,False,False,True,True,3,7.24,pressure_spike
4318,Rev1,1,W149,AE-3200,CH-B,EXT-08,Extreme Edge,0.96,245.5,43.28,41.7,40.23,1604.1,False,True,True,True,1,2.48,
4319,Rev1,1,W149,AE-3200,CH-B,EXT-09,Extreme Edge,0.96,278.2,41.65,40.76,38.12,1656.8,False,True,True,True,1,3.15,polymer_residue
4320,Rev1,1,W149,AE-3200,CH-B,EXT-10,Extreme Edge,0.96,310.9,41.95,41.34,39.05,1636.4,False,True,True,True,0,0.0,
4321,Rev1,1,W149,AE-3200,CH-B,EXT-11,Extreme Edge,0.96,343.6,41.71,40.94,38.86,1710.3,False,True,True,True,0,0.0,
4322,Rev10,10,W150,PX-7500,CH-C,C1,Center,0.0,0.0,36.74,39.01,35.53,1616.8,True,True,True,True,0,0.0,
4323,Rev10,10,W150,PX-7500,CH-C,MID-01,Mid,0.52,30.0,36.77,39.75,37.18,1703.0,True,True,True,True,0,0.0,
4324,Rev10,10,W150,PX-7500,CH-C,MID-02,Mid,0.52,90.0,36.87,38.81,38.63,1759.5,True,True,True,True,0,0.0,
4325,Rev10,10,W150,PX-7500,CH-C,MID-03,Mid,0.52,150.0,37.62,38.93,37.87,1789.2,True,True,True,False,0,0.0,
4326,Rev10,10,W150,PX-7500,CH-C,MID-04,Mid,0.52,210.0,37.44,38.64,37.73,1683.8,True,True,True,True,0,0.0,
4327,Rev10,10,W150,PX-7500,CH-C,MID-05,Mid,0.52,270.0,36.92,39.91,39.11,1749.5,True,True,True,True,1,4.87,endpoint_late
4328,Rev10,10,W150,PX-7500,CH-C,MID-06,Mid,0.52,330.0,36.57,39.62,37.97,1699.2,False,True,True,True,1,3.12,
4329,Rev10,10,W150,PX-7500,CH-C,EDG-01,Edge,0.84,0.0,37.19,40.22,40.23,1748.3,True,True,True,True,0,0.0,
4330,Rev10,10,W150,PX-7500,CH-C,EDG-02,Edge,0.84,32.7,38.67,40.76,37.09,1751.6,True,True,True,True,0,0.0,
4331,Rev10,10,W150,PX-7500,CH-C,EDG-03,Edge,0.84,65.5,39.11,40.95,34.72,1753.1,True,True,True,True,0,0.0,
4332,Rev10,10,W150,PX-7500,CH-C,EDG-04,Edge,0.84,98.2,38.88,39.88,37.46,1761.5,True,True,True,False,0,0.0,
4333,Rev10,10,W150,PX-7500,CH-C,EDG-05,Edge,0.84,130.9,38.93,41.14,37.41,1762.0,True,True,True,False,0,0.0,
4334,Rev10,10,W150,PX-7500,CH-C,EDG-06,Edge,0.84,163.6,37.6,41.3,38.26,1728.3,True,True,True,True,1,4.59,pressure_spike
4335,Rev10,10,W150,PX-7500,CH-C,EDG-07,Edge,0.84,196.4,38.28,39.86,36.55,1718.1,True,True,True,True,0,0.0,
4336,Rev10,10,W150,PX-7500,CH-C,EDG-08,Edge,0.84,229.1,39.02,41.61,38.72,1728.8,True,True,True,True,2,4.01,pressure_spike
4337,Rev10,10,W150,PX-7500,CH-C,EDG-09,Edge,0.84,261.8,38.16,40.91,37.8,1657.2,True,True,True,True,0,0.0,
4338,Rev10,10,W150,PX-7500,CH-C,EDG-10,Edge,0.84,294.5,38.47,40.68,38.56,1645.1,True,True,True,True,0,0.0,
4339,Rev10,10,W150,PX-7500,CH-C,EDG-11,Edge,0.84,327.3,38.25,41.59,39.34,1748.7,True,True,True,True,0,0.0,
4340,Rev10,10,W150,PX-7500,CH-C,EXT-01,Extreme Edge,0.96,16.4,38.81,41.43,40.01,1845.6,True,True,True,False,2,6.77,pressure_spike
4341,Rev10,10,W150,PX-7500,CH-C,EXT-02,Extreme Edge,0.96,49.1,37.91,41.63,37.57,1764.0,True,True,True,False,2,8.76,
4342,Rev10,10,W150,PX-7500,CH-C,EXT-03,Extreme Edge,0.96,81.8,38.17,41.49,36.99,1773.2,True,True,True,False,0,0.0,
4343,Rev10,10,W150,PX-7500,CH-C,EXT-04,Extreme Edge,0.96,114.5,39.91,40.32,37.1,1762.1,True,True,True,False,1,2.49,
4344,Rev10,10,W150,PX-7500,CH-C,EXT-05,Extreme Edge,0.96,147.3,38.81,41.27,37.25,1711.4,True,True,True,True,0,0.0,
4345,Rev10,10,W150,PX-7500,CH-C,EXT-06,Extreme Edge,0.96,180.0,38.46,41.89,35.39,1683.6,True,True,True,True,1,2.33,polymer_residue
4346,Rev10,10,W150,PX-7500,CH-C,EXT-07,Extreme Edge,0.96,212.7,39.35,41.08,37.92,1735.6,True,True,True,True,0,0.0,
4347,Rev10,10,W150,PX-7500,CH-C,EXT-08,Extreme Edge,0.96,245.5,39.05,39.46,38.45,1680.4,True,True,True,True,0,0.0,
4348,Rev10,10,W150,PX-7500,CH-C,EXT-09,Extreme Edge,0.96,278.2,39.47,41.86,39.12,1749.8,True,True,True,True,1,3.73,
4349,Rev10,10,W150,PX-7500,CH-C,EXT-10,Extreme Edge,0.96,310.9,39.07,40.51,38.43,1682.0,True,True,True,True,0,0.0,
4350,Rev10,10,W150,PX-7500,CH-C,EXT-11,Extreme Edge,0.96,343.6,37.78,40.48,37.42,1781.6,True,True,True,False,0,0.0,
4351,Rev3,3,W151,PX-7500,CH-D,C1,Center,0.0,0.0,40.5,39.85,35.97,1595.2,False,True,True,True,0,0.0,
4352,Rev3,3,W151,PX-7500,CH-D,MID-01,Mid,0.52,30.0,41.6,41.21,38.6,1689.5,False,True,True,True,0,0.0,
4353,Rev3,3,W151,PX-7500,CH-D,MID-02,Mid,0.52,90.0,40.81,41.23,37.27,1649.7,False,True,True,True,0,0.0,
4354,Rev3,3,W151,PX-7500,CH-D,MID-03,Mid,0.52,150.0,40.64,40.35,37.11,1622.8,False,True,True,True,0,0.0,
4355,Rev3,3,W151,PX-7500,CH-D,MID-04,Mid,0.52,210.0,40.11,39.22,35.53,1685.2,True,True,True,True,0,0.0,
4356,Rev3,3,W151,PX-7500,CH-D,MID-05,Mid,0.52,270.0,42.34,39.0,39.58,1566.5,False,True,True,False,0,0.0,
4357,Rev3,3,W151,PX-7500,CH-D,MID-06,Mid,0.52,330.0,41.16,39.93,35.03,1583.9,False,True,True,True,1,2.9,
4358,Rev3,3,W151,PX-7500,CH-D,EDG-01,Edge,0.84,0.0,41.22,40.19,37.62,1636.5,False,True,True,True,0,0.0,
4359,Rev3,3,W151,PX-7500,CH-D,EDG-02,Edge,0.84,32.7,41.57,39.91,36.17,1664.4,False,True,True,True,0,0.0,
4360,Rev3,3,W151,PX-7500,CH-D,EDG-03,Edge,0.84,65.5,40.55,39.92,42.12,1629.7,False,True,False,True,0,0.0,
4361,Rev3,3,W151,PX-7500,CH-D,EDG-04,Edge,0.84,98.2,41.77,40.04,40.11,1641.2,False,True,True,True,1,4.42,
4362,Rev3,3,W151,PX-7500,CH-D,EDG-05,Edge,0.84,130.9,41.17,41.77,38.6,1693.2,False,True,True,True,1,4.49,polymer_residue
4363,Rev3,3,W151,PX-7500,CH-D,EDG-06,Edge,0.84,163.6,41.7,40.94,37.24,1592.0,False,True,True,True,1,6.13,
4364,Rev3,3,W151,PX-7500,CH-D,EDG-07,Edge,0.84,196.4,42.73,40.78,37.09,1693.6,False,True,True,True,0,0.0,
4365,Rev3,3,W151,PX-7500,CH-D,EDG-08,Edge,0.84,229.1,41.36,41.08,36.79,1659.6,False,True,True,True,1,3.23,polymer_residue
4366,Rev3,3,W151,PX-7500,CH-D,EDG-09,Edge,0.84,261.8,41.81,40.73,36.05,1635.1,False,True,True,True,0,0.0,
4367,Rev3,3,W151,PX-7500,CH-D,EDG-10,Edge,0.84,294.5,42.22,40.7,37.25,1583.9,False,True,True,True,1,3.57,
4368,Rev3,3,W151,PX-7500,CH-D,EDG-11,Edge,0.84,327.3,41.95,40.35,39.52,1628.1,False,True,True,True,0,0.0,
4369,Rev3,3,W151,PX-7500,CH-D,EXT-01,Extreme Edge,0.96,16.4,41.86,39.16,38.61,1672.3,False,True,True,True,0,0.0,
4370,Rev3,3,W151,PX-7500,CH-D,EXT-02,Extreme Edge,0.96,49.1,42.92,42.72,36.85,1631.8,False,False,True,True,1,4.15,polymer_residue
4371,Rev3,3,W151,PX-7500,CH-D,EXT-03,Extreme Edge,0.96,81.8,41.98,42.16,37.86,1683.2,False,False,True,True,2,3.89,endpoint_late
4372,Rev3,3,W151,PX-7500,CH-D,EXT-04,Extreme Edge,0.96,114.5,43.48,40.85,37.8,1671.5,False,True,True,True,1,4.77,polymer_residue
4373,Rev3,3,W151,PX-7500,CH-D,EXT-05,Extreme Edge,0.96,147.3,41.23,40.01,38.14,1658.2,False,True,True,True,0,0.0,
4374,Rev3,3,W151,PX-7500,CH-D,EXT-06,Extreme Edge,0.96,180.0,41.81,40.77,38.71,1701.7,False,True,True,True,1,3.6,arc_event
4375,Rev3,3,W151,PX-7500,CH-D,EXT-07,Extreme Edge,0.96,212.7,43.03,40.31,36.96,1664.1,False,True,True,True,1,6.08,polymer_residue
4376,Rev3,3,W151,PX-7500,CH-D,EXT-08,Extreme Edge,0.96,245.5,42.25,40.41,35.31,1615.6,False,True,True,True,0,0.0,
4377,Rev3,3,W151,PX-7500,CH-D,EXT-09,Extreme Edge,0.96,278.2,42.24,40.49,38.42,1615.2,False,True,True,True,0,0.0,
4378,Rev3,3,W151,PX-7500,CH-D,EXT-10,Extreme Edge,0.96,310.9,41.8,42.81,36.86,1629.1,False,False,True,True,1,3.85,arc_event
4379,Rev3,3,W151,PX-7500,CH-D,EXT-11,Extreme Edge,0.96,343.6,42.44,40.82,40.04,1639.4,False,True,True,True,0,0.0,
4380,Base,0,W152,AE-3200,CH-A,C1,Center,0.0,0.0,40.6,39.08,37.94,1560.1,False,True,True,False,1,2.99,pressure_spike
4381,Base,0,W152,AE-3200,CH-A,MID-01,Mid,0.52,30.0,40.9,39.65,36.93,1620.0,False,True,True,True,0,0.0,
4382,Base,0,W152,AE-3200,CH-A,MID-02,Mid,0.52,90.0,40.63,41.09,35.17,1662.6,False,True,True,True,0,0.0,
4383,Base,0,W152,AE-3200,CH-A,MID-03,Mid,0.52,150.0,40.65,40.21,39.61,1624.0,False,True,True,True,0,0.0,
4384,Base,0,W152,AE-3200,CH-A,MID-04,Mid,0.52,210.0,40.6,40.11,38.73,1586.9,False,True,True,True,0,0.0,
4385,Base,0,W152,AE-3200,CH-A,MID-05,Mid,0.52,270.0,40.29,40.38,38.87,1598.4,True,True,True,True,0,0.0,
4386,Base,0,W152,AE-3200,CH-A,MID-06,Mid,0.52,330.0,39.69,41.36,38.01,1537.5,True,True,True,False,0,0.0,
4387,Base,0,W152,AE-3200,CH-A,EDG-01,Edge,0.84,0.0,41.26,41.4,38.53,1604.2,False,True,True,True,0,0.0,
4388,Base,0,W152,AE-3200,CH-A,EDG-02,Edge,0.84,32.7,41.21,41.1,38.54,1753.6,False,True,True,True,0,0.0,
4389,Base,0,W152,AE-3200,CH-A,EDG-03,Edge,0.84,65.5,42.07,41.18,37.7,1623.0,False,True,True,True,0,0.0,
4390,Base,0,W152,AE-3200,CH-A,EDG-04,Edge,0.84,98.2,42.6,39.74,37.99,1675.1,False,True,True,True,0,0.0,
4391,Base,0,W152,AE-3200,CH-A,EDG-05,Edge,0.84,130.9,42.4,40.8,38.43,1611.8,False,True,True,True,0,0.0,
4392,Base,0,W152,AE-3200,CH-A,EDG-06,Edge,0.84,163.6,40.57,41.04,38.7,1598.8,False,True,True,True,0,0.0,
4393,Base,0,W152,AE-3200,CH-A,EDG-07,Edge,0.84,196.4,41.22,41.98,39.74,1616.9,False,True,True,True,0,0.0,
4394,Base,0,W152,AE-3200,CH-A,EDG-08,Edge,0.84,229.1,43.17,40.26,38.89,1584.5,False,True,True,True,0,0.0,
4395,Base,0,W152,AE-3200,CH-A,EDG-09,Edge,0.84,261.8,41.9,40.2,37.31,1576.3,False,True,True,False,0,0.0,
4396,Base,0,W152,AE-3200,CH-A,EDG-10,Edge,0.84,294.5,41.72,42.04,37.95,1677.9,False,False,True,True,1,5.23,
4397,Base,0,W152,AE-3200,CH-A,EDG-11,Edge,0.84,327.3,40.97,40.53,40.05,1646.2,False,True,True,True,0,0.0,
4398,Base,0,W152,AE-3200,CH-A,EXT-01,Extreme Edge,0.96,16.4,42.13,42.66,38.24,1566.9,False,False,True,False,4,19.11,polymer_residue
4399,Base,0,W152,AE-3200,CH-A,EXT-02,Extreme Edge,0.96,49.1,42.88,40.35,40.4,1608.2,False,True,False,True,2,7.72,
4400,Base,0,W152,AE-3200,CH-A,EXT-03,Extreme Edge,0.96,81.8,42.13,41.0,35.87,1616.6,False,True,True,True,1,2.54,
4401,Base,0,W152,AE-3200,CH-A,EXT-04,Extreme Edge,0.96,114.5,42.17,41.92,38.05,1617.6,False,True,True,True,1,5.8,pressure_spike
4402,Base,0,W152,AE-3200,CH-A,EXT-05,Extreme Edge,0.96,147.3,41.5,40.14,43.08,1630.0,False,True,False,True,1,4.88,esc_temp_drift
4403,Base,0,W152,AE-3200,CH-A,EXT-06,Extreme Edge,0.96,180.0,41.63,39.96,38.57,1665.4,False,True,True,True,1,5.49,
4404,Base,0,W152,AE-3200,CH-A,EXT-07,Extreme Edge,0.96,212.7,42.55,42.2,38.25,1623.8,False,False,True,True,0,0.0,
4405,Base,0,W152,AE-3200,CH-A,EXT-08,Extreme Edge,0.96,245.5,42.05,41.58,38.33,1539.9,False,True,True,False,1,4.23,
4406,Base,0,W152,AE-3200,CH-A,EXT-09,Extreme Edge,0.96,278.2,42.73,40.3,39.41,1697.1,False,True,True,True,0,0.0,
4407,Base,0,W152,AE-3200,CH-A,EXT-10,Extreme Edge,0.96,310.9,42.12,40.57,40.87,1585.2,False,True,False,True,0,0.0,
4408,Base,0,W152,AE-3200,CH-A,EXT-11,Extreme Edge,0.96,343.6,41.51,41.29,38.01,1593.0,False,True,True,True,1,5.89,
4409,Rev9,9,W153,AE-3200,CH-B,C1,Center,0.0,0.0,37.24,38.98,37.51,1690.6,True,True,True,True,0,0.0,
4410,Rev9,9,W153,AE-3200,CH-B,MID-01,Mid,0.52,30.0,39.18,39.84,37.9,1771.0,True,True,True,False,0,0.0,
4411,Rev9,9,W153,AE-3200,CH-B,MID-02,Mid,0.52,90.0,38.81,40.24,35.05,1811.3,True,True,True,False,1,5.8,polymer_residue
4412,Rev9,9,W153,AE-3200,CH-B,MID-03,Mid,0.52,150.0,38.89,39.83,37.82,1764.6,True,True,True,False,0,0.0,
4413,Rev9,9,W153,AE-3200,CH-B,MID-04,Mid,0.52,210.0,37.35,40.14,38.34,1748.2,True,True,True,True,0,0.0,
4414,Rev9,9,W153,AE-3200,CH-B,MID-05,Mid,0.52,270.0,38.23,39.84,38.75,1756.0,True,True,True,True,0,0.0,
4415,Rev9,9,W153,AE-3200,CH-B,MID-06,Mid,0.52,330.0,38.02,39.13,35.49,1755.0,True,True,True,True,0,0.0,
4416,Rev9,9,W153,AE-3200,CH-B,EDG-01,Edge,0.84,0.0,38.95,41.61,38.38,1762.3,True,True,True,False,0,0.0,
4417,Rev9,9,W153,AE-3200,CH-B,EDG-02,Edge,0.84,32.7,39.52,41.16,36.7,1835.7,True,True,True,False,0,0.0,
4418,Rev9,9,W153,AE-3200,CH-B,EDG-03,Edge,0.84,65.5,39.51,39.39,37.63,1744.7,True,True,True,True,0,0.0,
4419,Rev9,9,W153,AE-3200,CH-B,EDG-04,Edge,0.84,98.2,40.41,40.2,37.81,1737.0,False,True,True,True,0,0.0,
4420,Rev9,9,W153,AE-3200,CH-B,EDG-05,Edge,0.84,130.9,38.03,41.58,37.56,1846.8,True,True,True,False,1,3.72,endpoint_late
4421,Rev9,9,W153,AE-3200,CH-B,EDG-06,Edge,0.84,163.6,40.35,41.46,36.45,1881.4,True,True,True,False,0,0.0,
4422,Rev9,9,W153,AE-3200,CH-B,EDG-07,Edge,0.84,196.4,40.13,40.24,33.48,1737.4,True,True,False,True,0,0.0,
4423,Rev9,9,W153,AE-3200,CH-B,EDG-08,Edge,0.84,229.1,39.83,41.14,37.95,1737.3,True,True,True,True,0,0.0,
4424,Rev9,9,W153,AE-3200,CH-B,EDG-09,Edge,0.84,261.8,39.09,40.25,38.02,1778.2,True,True,True,False,0,0.0,
4425,Rev9,9,W153,AE-3200,CH-B,EDG-10,Edge,0.84,294.5,39.84,39.05,37.7,1783.4,True,True,True,False,0,0.0,
4426,Rev9,9,W153,AE-3200,CH-B,EDG-11,Edge,0.84,327.3,38.97,41.8,37.75,1714.5,True,True,True,True,1,2.89,polymer_residue
4427,Rev9,9,W153,AE-3200,CH-B,EXT-01,Extreme Edge,0.96,16.4,39.82,40.7,38.9,1801.0,True,True,True,False,1,2.64,
4428,Rev9,9,W153,AE-3200,CH-B,EXT-02,Extreme Edge,0.96,49.1,40.29,40.51,38.91,1847.2,True,True,True,False,1,2.44,
4429,Rev9,9,W153,AE-3200,CH-B,EXT-03,Extreme Edge,0.96,81.8,39.76,40.79,40.73,1824.9,True,True,False,False,0,0.0,
4430,Rev9,9,W153,AE-3200,CH-B,EXT-04,Extreme Edge,0.96,114.5,40.42,41.2,35.32,1794.3,False,True,True,False,3,15.1,polymer_residue
4431,Rev9,9,W153,AE-3200,CH-B,EXT-05,Extreme Edge,0.96,147.3,40.71,41.25,39.74,1846.2,False,True,True,False,0,0.0,
4432,Rev9,9,W153,AE-3200,CH-B,EXT-06,Extreme Edge,0.96,180.0,40.0,40.73,37.78,1789.2,True,True,True,False,1,5.7,esc_temp_drift
4433,Rev9,9,W153,AE-3200,CH-B,EXT-07,Extreme Edge,0.96,212.7,39.72,40.92,38.14,1771.1,True,True,True,False,0,0.0,
4434,Rev9,9,W153,AE-3200,CH-B,EXT-08,Extreme Edge,0.96,245.5,38.82,39.53,37.79,1837.8,True,True,True,False,1,4.05,arc_event
4435,Rev9,9,W153,AE-3200,CH-B,EXT-09,Extreme Edge,0.96,278.2,40.27,40.33,37.4,1818.9,True,True,True,False,0,0.0,
4436,Rev9,9,W153,AE-3200,CH-B,EXT-10,Extreme Edge,0.96,310.9,40.16,40.31,34.81,1782.5,True,True,True,False,0,0.0,
4437,Rev9,9,W153,AE-3200,CH-B,EXT-11,Extreme Edge,0.96,343.6,39.96,40.57,36.39,1907.1,True,True,True,False,0,0.0,
4438,Rev2,2,W154,PX-7500,CH-C,C1,Center,0.0,0.0,38.95,40.84,37.53,1616.9,True,True,True,True,0,0.0,
4439,Rev2,2,W154,PX-7500,CH-C,MID-01,Mid,0.52,30.0,40.34,40.48,36.97,1633.2,True,True,True,True,0,0.0,
4440,Rev2,2,W154,PX-7500,CH-C,MID-02,Mid,0.52,90.0,39.17,41.54,38.17,1659.1,True,True,True,True,0,0.0,
4441,Rev2,2,W154,PX-7500,CH-C,MID-03,Mid,0.52,150.0,40.28,41.41,36.44,1687.9,True,True,True,True,0,0.0,
4442,Rev2,2,W154,PX-7500,CH-C,MID-04,Mid,0.52,210.0,40.26,41.32,36.63,1547.4,True,True,True,False,1,6.17,
4443,Rev2,2,W154,PX-7500,CH-C,MID-05,Mid,0.52,270.0,39.56,41.79,34.34,1674.5,True,True,True,True,0,0.0,
4444,Rev2,2,W154,PX-7500,CH-C,MID-06,Mid,0.52,330.0,39.25,40.63,36.76,1647.8,True,True,True,True,0,0.0,
4445,Rev2,2,W154,PX-7500,CH-C,EDG-01,Edge,0.84,0.0,41.04,41.67,37.8,1744.8,False,True,True,True,0,0.0,
4446,Rev2,2,W154,PX-7500,CH-C,EDG-02,Edge,0.84,32.7,40.48,41.18,37.67,1629.0,False,True,True,True,0,0.0,
4447,Rev2,2,W154,PX-7500,CH-C,EDG-03,Edge,0.84,65.5,41.92,41.26,37.67,1658.3,False,True,True,True,1,3.44,
4448,Rev2,2,W154,PX-7500,CH-C,EDG-04,Edge,0.84,98.2,41.72,42.73,35.51,1686.7,False,False,True,True,0,0.0,
4449,Rev2,2,W154,PX-7500,CH-C,EDG-05,Edge,0.84,130.9,41.23,42.05,34.85,1615.4,False,False,True,True,1,5.64,
4450,Rev2,2,W154,PX-7500,CH-C,EDG-06,Edge,0.84,163.6,40.78,41.19,35.53,1586.2,False,True,True,True,4,23.39,polymer_residue
4451,Rev2,2,W154,PX-7500,CH-C,EDG-07,Edge,0.84,196.4,41.59,42.78,36.96,1668.6,False,False,True,True,0,0.0,
4452,Rev2,2,W154,PX-7500,CH-C,EDG-08,Edge,0.84,229.1,42.01,41.28,37.36,1637.7,False,True,True,True,0,0.0,
4453,Rev2,2,W154,PX-7500,CH-C,EDG-09,Edge,0.84,261.8,40.69,42.03,39.88,1672.7,False,False,True,True,0,0.0,
4454,Rev2,2,W154,PX-7500,CH-C,EDG-10,Edge,0.84,294.5,41.77,41.08,36.16,1755.0,False,True,True,True,0,0.0,
4455,Rev2,2,W154,PX-7500,CH-C,EDG-11,Edge,0.84,327.3,42.69,41.28,36.11,1609.3,False,True,True,True,2,8.51,polymer_residue
4456,Rev2,2,W154,PX-7500,CH-C,EXT-01,Extreme Edge,0.96,16.4,41.93,41.89,36.04,1614.4,False,True,True,True,0,0.0,
4457,Rev2,2,W154,PX-7500,CH-C,EXT-02,Extreme Edge,0.96,49.1,41.91,43.44,38.61,1706.1,False,False,True,True,0,0.0,
4458,Rev2,2,W154,PX-7500,CH-C,EXT-03,Extreme Edge,0.96,81.8,41.58,42.38,37.54,1690.9,False,False,True,True,1,5.7,polymer_residue
4459,Rev2,2,W154,PX-7500,CH-C,EXT-04,Extreme Edge,0.96,114.5,41.19,42.48,38.16,1646.4,False,False,True,True,2,6.93,polymer_residue
4460,Rev2,2,W154,PX-7500,CH-C,EXT-05,Extreme Edge,0.96,147.3,42.14,42.62,39.64,1706.0,False,False,True,True,1,4.01,polymer_residue
4461,Rev2,2,W154,PX-7500,CH-C,EXT-06,Extreme Edge,0.96,180.0,41.74,40.29,37.34,1616.7,False,True,True,True,0,0.0,
4462,Rev2,2,W154,PX-7500,CH-C,EXT-07,Extreme Edge,0.96,212.7,42.83,42.98,36.46,1714.4,False,False,True,True,0,0.0,
4463,Rev2,2,W154,PX-7500,CH-C,EXT-08,Extreme Edge,0.96,245.5,39.83,42.84,36.54,1693.3,True,False,True,True,2,5.74,polymer_residue
4464,Rev2,2,W154,PX-7500,CH-C,EXT-09,Extreme Edge,0.96,278.2,41.33,41.0,39.34,1662.2,False,True,True,True,1,2.92,
4465,Rev2,2,W154,PX-7500,CH-C,EXT-10,Extreme Edge,0.96,310.9,41.43,42.22,36.89,1589.8,False,False,True,True,0,0.0,
4466,Rev2,2,W154,PX-7500,CH-C,EXT-11,Extreme Edge,0.96,343.6,41.96,41.2,36.5,1622.1,False,True,True,True,0,0.0,
4467,Base,0,W155,AE-3200,CH-A,C1,Center,0.0,0.0,39.41,39.17,36.1,1603.2,True,True,True,True,0,0.0,
4468,Base,0,W155,AE-3200,CH-A,MID-01,Mid,0.52,30.0,41.38,39.73,36.51,1606.5,False,True,True,True,0,0.0,
4469,Base,0,W155,AE-3200,CH-A,MID-02,Mid,0.52,90.0,42.55,38.86,37.05,1580.1,False,True,True,True,0,0.0,
4470,Base,0,W155,AE-3200,CH-A,MID-03,Mid,0.52,150.0,41.09,40.33,36.45,1673.7,False,True,True,True,1,6.21,arc_event
4471,Base,0,W155,AE-3200,CH-A,MID-04,Mid,0.52,210.0,40.77,41.6,36.6,1656.1,False,True,True,True,1,4.52,polymer_residue
4472,Base,0,W155,AE-3200,CH-A,MID-05,Mid,0.52,270.0,41.25,41.08,35.85,1652.6,False,True,True,True,0,0.0,
4473,Base,0,W155,AE-3200,CH-A,MID-06,Mid,0.52,330.0,41.39,40.7,36.07,1597.6,False,True,True,True,0,0.0,
4474,Base,0,W155,AE-3200,CH-A,EDG-01,Edge,0.84,0.0,42.41,40.98,37.37,1611.7,False,True,True,True,1,3.11,
4475,Base,0,W155,AE-3200,CH-A,EDG-02,Edge,0.84,32.7,42.44,41.67,37.39,1629.7,False,True,True,True,2,5.99,pressure_spike
4476,Base,0,W155,AE-3200,CH-A,EDG-03,Edge,0.84,65.5,41.55,41.64,35.63,1631.6,False,True,True,True,0,0.0,
4477,Base,0,W155,AE-3200,CH-A,EDG-04,Edge,0.84,98.2,41.82,39.96,37.8,1679.1,False,True,True,True,0,0.0,
4478,Base,0,W155,AE-3200,CH-A,EDG-05,Edge,0.84,130.9,42.42,40.95,39.35,1588.3,False,True,True,True,0,0.0,
4479,Base,0,W155,AE-3200,CH-A,EDG-06,Edge,0.84,163.6,42.15,39.74,36.67,1665.5,False,True,True,True,0,0.0,
4480,Base,0,W155,AE-3200,CH-A,EDG-07,Edge,0.84,196.4,41.83,39.52,38.03,1583.0,False,True,True,True,0,0.0,
4481,Base,0,W155,AE-3200,CH-A,EDG-08,Edge,0.84,229.1,43.25,41.22,38.61,1686.9,False,True,True,True,1,4.49,polymer_residue
4482,Base,0,W155,AE-3200,CH-A,EDG-09,Edge,0.84,261.8,41.42,39.96,39.29,1692.5,False,True,True,True,0,0.0,
4483,Base,0,W155,AE-3200,CH-A,EDG-10,Edge,0.84,294.5,41.02,39.98,38.71,1610.0,False,True,True,True,0,0.0,
4484,Base,0,W155,AE-3200,CH-A,EDG-11,Edge,0.84,327.3,41.93,40.02,34.56,1681.4,False,True,True,True,1,5.86,polymer_residue
4485,Base,0,W155,AE-3200,CH-A,EXT-01,Extreme Edge,0.96,16.4,42.05,40.7,36.27,1701.1,False,True,True,True,1,4.91,polymer_residue
4486,Base,0,W155,AE-3200,CH-A,EXT-02,Extreme Edge,0.96,49.1,42.04,39.31,37.53,1636.0,False,True,True,True,0,0.0,
4487,Base,0,W155,AE-3200,CH-A,EXT-03,Extreme Edge,0.96,81.8,41.58,39.28,37.38,1641.7,False,True,True,True,0,0.0,
4488,Base,0,W155,AE-3200,CH-A,EXT-04,Extreme Edge,0.96,114.5,42.02,40.62,37.96,1634.0,False,True,True,True,0,0.0,
4489,Base,0,W155,AE-3200,CH-A,EXT-05,Extreme Edge,0.96,147.3,42.68,40.04,37.65,1777.3,False,True,True,False,0,0.0,
4490,Base,0,W155,AE-3200,CH-A,EXT-06,Extreme Edge,0.96,180.0,41.73,41.29,37.91,1610.3,False,True,True,True,2,7.37,pressure_spike
4491,Base,0,W155,AE-3200,CH-A,EXT-07,Extreme Edge,0.96,212.7,42.04,40.61,38.36,1667.9,False,True,True,True,1,4.61,polymer_residue
4492,Base,0,W155,AE-3200,CH-A,EXT-08,Extreme Edge,0.96,245.5,43.48,41.24,37.85,1627.0,False,True,True,True,2,4.95,polymer_residue
4493,Base,0,W155,AE-3200,CH-A,EXT-09,Extreme Edge,0.96,278.2,41.74,41.45,36.15,1712.7,False,True,True,True,1,2.59,
4494,Base,0,W155,AE-3200,CH-A,EXT-10,Extreme Edge,0.96,310.9,42.29,41.04,37.0,1670.9,False,True,True,True,1,5.92,arc_event
4495,Base,0,W155,AE-3200,CH-A,EXT-11,Extreme Edge,0.96,343.6,42.44,41.27,39.93,1608.5,False,True,True,True,0,0.0,
4496,Rev1,1,W156,AE-3200,CH-B,C1,Center,0.0,0.0,39.05,41.29,37.18,1590.4,True,True,True,True,1,4.11,polymer_residue
4497,Rev1,1,W156,AE-3200,CH-B,MID-01,Mid,0.52,30.0,38.33,42.11,36.99,1561.2,True,False,True,False,2,4.13,polymer_residue
4498,Rev1,1,W156,AE-3200,CH-B,MID-02,Mid,0.52,90.0,41.34,40.47,35.26,1682.4,False,True,True,True,0,0.0,
4499,Rev1,1,W156,AE-3200,CH-B,MID-03,Mid,0.52,150.0,39.24,41.53,38.93,1604.1,True,True,True,True,0,0.0,
4500,Rev1,1,W156,AE-3200,CH-B,MID-04,Mid,0.52,210.0,40.13,41.05,39.35,1696.1,True,True,True,True,0,0.0,
4501,Rev1,1,W156,AE-3200,CH-B,MID-05,Mid,0.52,270.0,39.81,39.58,36.53,1629.8,True,True,True,True,1,2.19,endpoint_late
4502,Rev1,1,W156,AE-3200,CH-B,MID-06,Mid,0.52,330.0,39.91,42.39,35.98,1646.0,True,False,True,True,1,3.54,
4503,Rev1,1,W156,AE-3200,CH-B,EDG-01,Edge,0.84,0.0,42.04,42.2,37.23,1746.4,False,False,True,True,0,0.0,
4504,Rev1,1,W156,AE-3200,CH-B,EDG-02,Edge,0.84,32.7,41.04,40.98,36.2,1788.6,False,True,True,False,0,0.0,
4505,Rev1,1,W156,AE-3200,CH-B,EDG-03,Edge,0.84,65.5,40.74,39.81,37.14,1669.9,False,True,True,True,0,0.0,
4506,Rev1,1,W156,AE-3200,CH-B,EDG-04,Edge,0.84,98.2,41.86,40.77,40.1,1645.6,False,True,True,True,0,0.0,
4507,Rev1,1,W156,AE-3200,CH-B,EDG-05,Edge,0.84,130.9,40.17,42.55,37.06,1713.0,True,False,True,True,0,0.0,
4508,Rev1,1,W156,AE-3200,CH-B,EDG-06,Edge,0.84,163.6,41.21,41.54,40.51,1672.7,False,True,False,True,0,0.0,
4509,Rev1,1,W156,AE-3200,CH-B,EDG-07,Edge,0.84,196.4,40.71,41.12,39.07,1721.2,False,True,True,True,1,2.86,
4510,Rev1,1,W156,AE-3200,CH-B,EDG-08,Edge,0.84,229.1,40.68,41.87,38.83,1684.2,False,True,True,True,0,0.0,
4511,Rev1,1,W156,AE-3200,CH-B,EDG-09,Edge,0.84,261.8,41.42,42.02,40.29,1701.2,False,False,True,True,0,0.0,
4512,Rev1,1,W156,AE-3200,CH-B,EDG-10,Edge,0.84,294.5,41.1,42.21,38.63,1684.2,False,False,True,True,0,0.0,
4513,Rev1,1,W156,AE-3200,CH-B,EDG-11,Edge,0.84,327.3,41.65,41.03,39.24,1693.0,False,True,True,True,0,0.0,
4514,Rev1,1,W156,AE-3200,CH-B,EXT-01,Extreme Edge,0.96,16.4,41.8,41.94,40.3,1631.1,False,True,True,True,1,3.91,polymer_residue
4515,Rev1,1,W156,AE-3200,CH-B,EXT-02,Extreme Edge,0.96,49.1,41.15,41.35,36.42,1768.4,False,True,True,False,0,0.0,
4516,Rev1,1,W156,AE-3200,CH-B,EXT-03,Extreme Edge,0.96,81.8,42.09,41.89,38.41,1650.3,False,True,True,True,0,0.0,
4517,Rev1,1,W156,AE-3200,CH-B,EXT-04,Extreme Edge,0.96,114.5,41.36,41.53,39.89,1731.3,False,True,True,True,2,8.37,polymer_residue
4518,Rev1,1,W156,AE-3200,CH-B,EXT-05,Extreme Edge,0.96,147.3,41.39,42.31,40.32,1639.7,False,False,True,True,1,2.45,arc_event
4519,Rev1,1,W156,AE-3200,CH-B,EXT-06,Extreme Edge,0.96,180.0,41.75,41.63,37.71,1700.2,False,True,True,True,4,9.07,polymer_residue
4520,Rev1,1,W156,AE-3200,CH-B,EXT-07,Extreme Edge,0.96,212.7,40.5,42.22,38.77,1763.1,False,False,True,False,0,0.0,
4521,Rev1,1,W156,AE-3200,CH-B,EXT-08,Extreme Edge,0.96,245.5,41.42,42.24,36.95,1630.6,False,False,True,True,0,0.0,
4522,Rev1,1,W156,AE-3200,CH-B,EXT-09,Extreme Edge,0.96,278.2,41.43,41.46,38.02,1715.0,False,True,True,True,0,0.0,
4523,Rev1,1,W156,AE-3200,CH-B,EXT-10,Extreme Edge,0.96,310.9,42.07,43.36,39.42,1721.8,False,False,True,True,1,5.61,
4524,Rev1,1,W156,AE-3200,CH-B,EXT-11,Extreme Edge,0.96,343.6,40.44,41.08,35.87,1710.2,False,True,True,True,0,0.0,
4525,Rev6,6,W157,PX-7500,CH-C,C1,Center,0.0,0.0,37.42,38.69,32.11,1564.2,True,True,False,False,0,0.0,
4526,Rev6,6,W157,PX-7500,CH-C,MID-01,Mid,0.52,30.0,37.25,39.24,33.37,1677.6,True,True,False,True,0,0.0,
4527,Rev6,6,W157,PX-7500,CH-C,MID-02,Mid,0.52,90.0,37.17,40.59,32.79,1674.4,True,True,False,True,0,0.0,
4528,Rev6,6,W157,PX-7500,CH-C,MID-03,Mid,0.52,150.0,36.99,39.03,34.76,1650.0,True,True,True,True,0,0.0,
4529,Rev6,6,W157,PX-7500,CH-C,MID-04,Mid,0.52,210.0,36.59,39.71,32.85,1605.6,False,True,False,True,2,8.06,
4530,Rev6,6,W157,PX-7500,CH-C,MID-05,Mid,0.52,270.0,38.48,39.93,35.44,1636.6,True,True,True,True,0,0.0,
4531,Rev6,6,W157,PX-7500,CH-C,MID-06,Mid,0.52,330.0,38.65,41.07,37.32,1666.0,True,True,True,True,0,0.0,
4532,Rev6,6,W157,PX-7500,CH-C,EDG-01,Edge,0.84,0.0,38.88,40.03,33.43,1647.9,True,True,False,True,1,4.84,
4533,Rev6,6,W157,PX-7500,CH-C,EDG-02,Edge,0.84,32.7,39.47,40.07,34.72,1702.0,True,True,True,True,0,0.0,
4534,Rev6,6,W157,PX-7500,CH-C,EDG-03,Edge,0.84,65.5,39.79,38.68,36.75,1647.9,True,True,True,True,0,0.0,
4535,Rev6,6,W157,PX-7500,CH-C,EDG-04,Edge,0.84,98.2,38.94,39.54,34.97,1778.7,True,True,True,False,0,0.0,
4536,Rev6,6,W157,PX-7500,CH-C,EDG-05,Edge,0.84,130.9,38.54,39.32,37.83,1664.2,True,True,True,True,3,16.98,
4537,Rev6,6,W157,PX-7500,CH-C,EDG-06,Edge,0.84,163.6,38.23,39.95,35.04,1693.5,True,True,True,True,0,0.0,
4538,Rev6,6,W157,PX-7500,CH-C,EDG-07,Edge,0.84,196.4,40.42,39.33,33.93,1753.5,False,True,False,True,1,4.49,
4539,Rev6,6,W157,PX-7500,CH-C,EDG-08,Edge,0.84,229.1,39.69,40.09,37.06,1616.8,True,True,True,True,0,0.0,
4540,Rev6,6,W157,PX-7500,CH-C,EDG-09,Edge,0.84,261.8,38.87,39.27,36.4,1720.2,True,True,True,True,0,0.0,
4541,Rev6,6,W157,PX-7500,CH-C,EDG-10,Edge,0.84,294.5,38.73,39.98,36.64,1638.9,True,True,True,True,0,0.0,
4542,Rev6,6,W157,PX-7500,CH-C,EDG-11,Edge,0.84,327.3,38.8,39.77,32.28,1664.1,True,True,False,True,0,0.0,
4543,Rev6,6,W157,PX-7500,CH-C,EXT-01,Extreme Edge,0.96,16.4,39.24,39.64,34.46,1720.6,True,True,True,True,1,5.46,
4544,Rev6,6,W157,PX-7500,CH-C,EXT-02,Extreme Edge,0.96,49.1,39.61,39.82,35.86,1724.7,True,True,True,True,0,0.0,
4545,Rev6,6,W157,PX-7500,CH-C,EXT-03,Extreme Edge,0.96,81.8,39.62,40.84,34.05,1762.5,True,True,False,False,1,3.36,
4546,Rev6,6,W157,PX-7500,CH-C,EXT-04,Extreme Edge,0.96,114.5,38.84,40.5,34.9,1629.3,True,True,True,True,1,5.49,
4547,Rev6,6,W157,PX-7500,CH-C,EXT-05,Extreme Edge,0.96,147.3,39.65,40.79,34.33,1749.9,True,True,True,True,1,5.22,
4548,Rev6,6,W157,PX-7500,CH-C,EXT-06,Extreme Edge,0.96,180.0,40.02,40.54,36.2,1670.6,True,True,True,True,0,0.0,
4549,Rev6,6,W157,PX-7500,CH-C,EXT-07,Extreme Edge,0.96,212.7,39.38,41.07,33.58,1664.7,True,True,False,True,0,0.0,
4550,Rev6,6,W157,PX-7500,CH-C,EXT-08,Extreme Edge,0.96,245.5,39.18,39.62,34.79,1694.1,True,True,True,True,0,0.0,
4551,Rev6,6,W157,PX-7500,CH-C,EXT-09,Extreme Edge,0.96,278.2,39.45,40.91,34.9,1699.0,True,True,True,True,0,0.0,
4552,Rev6,6,W157,PX-7500,CH-C,EXT-10,Extreme Edge,0.96,310.9,39.68,40.43,34.06,1731.4,True,True,False,True,1,4.93,
4553,Rev6,6,W157,PX-7500,CH-C,EXT-11,Extreme Edge,0.96,343.6,39.55,40.85,33.15,1754.9,True,True,False,True,0,0.0,
4554,Rev5,5,W158,AE-3200,CH-B,C1,Center,0.0,0.0,37.71,38.84,39.0,1712.0,True,True,True,True,0,0.0,
4555,Rev5,5,W158,AE-3200,CH-B,MID-01,Mid,0.52,30.0,38.34,39.91,40.36,1725.0,True,True,True,True,0,0.0,
4556,Rev5,5,W158,AE-3200,CH-B,MID-02,Mid,0.52,90.0,39.15,40.46,38.53,1631.9,True,True,True,True,1,3.12,
4557,Rev5,5,W158,AE-3200,CH-B,MID-03,Mid,0.52,150.0,38.16,40.31,38.59,1681.0,True,True,True,True,0,0.0,
4558,Rev5,5,W158,AE-3200,CH-B,MID-04,Mid,0.52,210.0,38.66,38.43,39.31,1648.1,True,True,True,True,0,0.0,
4559,Rev5,5,W158,AE-3200,CH-B,MID-05,Mid,0.52,270.0,39.29,39.2,37.94,1748.7,True,True,True,True,0,0.0,
4560,Rev5,5,W158,AE-3200,CH-B,MID-06,Mid,0.52,330.0,39.35,39.97,36.28,1616.1,True,True,True,True,0,0.0,
4561,Rev5,5,W158,AE-3200,CH-B,EDG-01,Edge,0.84,0.0,40.21,40.44,39.12,1588.0,True,True,True,True,0,0.0,
4562,Rev5,5,W158,AE-3200,CH-B,EDG-02,Edge,0.84,32.7,39.92,42.03,37.08,1742.0,True,False,True,True,0,0.0,
4563,Rev5,5,W158,AE-3200,CH-B,EDG-03,Edge,0.84,65.5,40.07,41.17,37.49,1745.9,True,True,True,True,0,0.0,
4564,Rev5,5,W158,AE-3200,CH-B,EDG-04,Edge,0.84,98.2,40.98,41.05,38.42,1666.4,False,True,True,True,0,0.0,
4565,Rev5,5,W158,AE-3200,CH-B,EDG-05,Edge,0.84,130.9,39.98,40.58,39.8,1589.4,True,True,True,True,1,4.12,
4566,Rev5,5,W158,AE-3200,CH-B,EDG-06,Edge,0.84,163.6,39.12,40.99,38.53,1669.5,True,True,True,True,1,3.84,esc_temp_drift
4567,Rev5,5,W158,AE-3200,CH-B,EDG-07,Edge,0.84,196.4,40.52,40.82,40.63,1721.9,False,True,False,True,1,4.17,polymer_residue
4568,Rev5,5,W158,AE-3200,CH-B,EDG-08,Edge,0.84,229.1,39.86,41.72,38.28,1723.4,True,True,True,True,0,0.0,
4569,Rev5,5,W158,AE-3200,CH-B,EDG-09,Edge,0.84,261.8,39.99,39.34,37.45,1663.0,True,True,True,True,0,0.0,
4570,Rev5,5,W158,AE-3200,CH-B,EDG-10,Edge,0.84,294.5,40.47,40.99,40.62,1664.9,False,True,False,True,0,0.0,
4571,Rev5,5,W158,AE-3200,CH-B,EDG-11,Edge,0.84,327.3,40.13,40.02,39.0,1700.1,True,True,True,True,0,0.0,
4572,Rev5,5,W158,AE-3200,CH-B,EXT-01,Extreme Edge,0.96,16.4,40.08,40.01,41.19,1695.4,True,True,False,True,0,0.0,
4573,Rev5,5,W158,AE-3200,CH-B,EXT-02,Extreme Edge,0.96,49.1,40.58,40.6,36.82,1716.9,False,True,True,True,1,6.44,
4574,Rev5,5,W158,AE-3200,CH-B,EXT-03,Extreme Edge,0.96,81.8,39.74,40.29,36.45,1740.5,True,True,True,True,0,0.0,
4575,Rev5,5,W158,AE-3200,CH-B,EXT-04,Extreme Edge,0.96,114.5,40.93,41.12,40.45,1693.3,False,True,False,True,2,5.12,arc_event
4576,Rev5,5,W158,AE-3200,CH-B,EXT-05,Extreme Edge,0.96,147.3,39.53,42.33,40.99,1689.2,True,False,False,True,2,10.34,
4577,Rev5,5,W158,AE-3200,CH-B,EXT-06,Extreme Edge,0.96,180.0,40.68,39.34,38.73,1755.7,False,True,True,True,0,0.0,
4578,Rev5,5,W158,AE-3200,CH-B,EXT-07,Extreme Edge,0.96,212.7,41.19,41.19,41.39,1675.1,False,True,False,True,0,0.0,
4579,Rev5,5,W158,AE-3200,CH-B,EXT-08,Extreme Edge,0.96,245.5,40.46,40.49,39.09,1671.4,False,True,True,True,1,5.9,
4580,Rev5,5,W158,AE-3200,CH-B,EXT-09,Extreme Edge,0.96,278.2,40.55,40.62,37.27,1719.9,False,True,True,True,0,0.0,
4581,Rev5,5,W158,AE-3200,CH-B,EXT-10,Extreme Edge,0.96,310.9,40.19,41.16,40.39,1726.2,True,True,True,True,0,0.0,
4582,Rev5,5,W158,AE-3200,CH-B,EXT-11,Extreme Edge,0.96,343.6,39.94,40.07,38.41,1700.5,True,True,True,True,0,0.0,
4583,Rev1,1,W159,AE-3200,CH-B,C1,Center,0.0,0.0,40.04,40.29,38.79,1556.3,True,True,True,False,0,0.0,
4584,Rev1,1,W159,AE-3200,CH-B,MID-01,Mid,0.52,30.0,41.28,41.67,37.76,1640.7,False,True,True,True,0,0.0,
4585,Rev1,1,W159,AE-3200,CH-B,MID-02,Mid,0.52,90.0,40.49,41.61,36.14,1710.7,False,True,True,True,0,0.0,
4586,Rev1,1,W159,AE-3200,CH-B,MID-03,Mid,0.52,150.0,40.4,41.68,38.59,1650.2,False,True,True,True,0,0.0,
4587,Rev1,1,W159,AE-3200,CH-B,MID-04,Mid,0.52,210.0,40.83,41.58,38.39,1638.1,False,True,True,True,0,0.0,
4588,Rev1,1,W159,AE-3200,CH-B,MID-05,Mid,0.52,270.0,39.49,41.49,37.54,1610.6,True,True,True,True,0,0.0,
4589,Rev1,1,W159,AE-3200,CH-B,MID-06,Mid,0.52,330.0,41.3,42.39,40.15,1564.6,False,False,True,False,0,0.0,
4590,Rev1,1,W159,AE-3200,CH-B,EDG-01,Edge,0.84,0.0,42.27,41.33,35.74,1685.7,False,True,True,True,0,0.0,
4591,Rev1,1,W159,AE-3200,CH-B,EDG-02,Edge,0.84,32.7,41.81,41.54,38.1,1703.3,False,True,True,True,0,0.0,
4592,Rev1,1,W159,AE-3200,CH-B,EDG-03,Edge,0.84,65.5,40.82,41.12,41.43,1669.9,False,True,False,True,2,10.54,endpoint_late
4593,Rev1,1,W159,AE-3200,CH-B,EDG-04,Edge,0.84,98.2,41.69,42.43,36.35,1654.2,False,False,True,True,0,0.0,
4594,Rev1,1,W159,AE-3200,CH-B,EDG-05,Edge,0.84,130.9,41.57,41.45,35.66,1655.1,False,True,True,True,1,2.35,
4595,Rev1,1,W159,AE-3200,CH-B,EDG-06,Edge,0.84,163.6,41.0,42.22,39.22,1662.2,False,False,True,True,1,3.58,
4596,Rev1,1,W159,AE-3200,CH-B,EDG-07,Edge,0.84,196.4,41.88,42.69,39.51,1661.9,False,False,True,True,3,7.13,
4597,Rev1,1,W159,AE-3200,CH-B,EDG-08,Edge,0.84,229.1,40.85,41.28,38.86,1644.0,False,True,True,True,0,0.0,
4598,Rev1,1,W159,AE-3200,CH-B,EDG-09,Edge,0.84,261.8,42.0,41.52,38.72,1587.1,False,True,True,True,0,0.0,
4599,Rev1,1,W159,AE-3200,CH-B,EDG-10,Edge,0.84,294.5,41.24,41.78,36.36,1678.9,False,True,True,True,0,0.0,
4600,Rev1,1,W159,AE-3200,CH-B,EDG-11,Edge,0.84,327.3,41.8,40.47,38.28,1739.8,False,True,True,True,0,0.0,
4601,Rev1,1,W159,AE-3200,CH-B,EXT-01,Extreme Edge,0.96,16.4,41.01,42.73,39.27,1680.2,False,False,True,True,1,4.57,polymer_residue
4602,Rev1,1,W159,AE-3200,CH-B,EXT-02,Extreme Edge,0.96,49.1,42.07,41.44,36.85,1690.6,False,True,True,True,0,0.0,
4603,Rev1,1,W159,AE-3200,CH-B,EXT-03,Extreme Edge,0.96,81.8,42.21,41.5,35.76,1586.3,False,True,True,True,0,0.0,
4604,Rev1,1,W159,AE-3200,CH-B,EXT-04,Extreme Edge,0.96,114.5,41.64,40.87,32.95,1652.9,False,True,False,True,1,6.05,polymer_residue
4605,Rev1,1,W159,AE-3200,CH-B,EXT-05,Extreme Edge,0.96,147.3,42.76,41.34,41.01,1692.2,False,True,False,True,2,6.66,polymer_residue
4606,Rev1,1,W159,AE-3200,CH-B,EXT-06,Extreme Edge,0.96,180.0,42.24,42.05,39.99,1733.1,False,False,True,True,1,3.78,
4607,Rev1,1,W159,AE-3200,CH-B,EXT-07,Extreme Edge,0.96,212.7,41.72,41.16,40.53,1652.2,False,True,False,True,1,5.77,
4608,Rev1,1,W159,AE-3200,CH-B,EXT-08,Extreme Edge,0.96,245.5,42.79,40.71,40.4,1631.8,False,True,False,True,0,0.0,
4609,Rev1,1,W159,AE-3200,CH-B,EXT-09,Extreme Edge,0.96,278.2,42.47,42.62,36.51,1690.9,False,False,True,True,0,0.0,
4610,Rev1,1,W159,AE-3200,CH-B,EXT-10,Extreme Edge,0.96,310.9,42.73,41.81,39.65,1701.3,False,True,True,True,0,0.0,
4611,Rev1,1,W159,AE-3200,CH-B,EXT-11,Extreme Edge,0.96,343.6,42.16,42.08,39.21,1714.1,False,False,True,True,0,0.0,
4612,Rev5,5,W160,AE-3200,CH-B,C1,Center,0.0,0.0,37.75,38.89,37.89,1616.6,True,True,True,True,0,0.0,
4613,Rev5,5,W160,AE-3200,CH-B,MID-01,Mid,0.52,30.0,39.07,38.68,38.04,1633.9,True,True,True,True,0,0.0,
4614,Rev5,5,W160,AE-3200,CH-B,MID-02,Mid,0.52,90.0,37.54,39.09,38.23,1718.3,True,True,True,True,0,0.0,
4615,Rev5,5,W160,AE-3200,CH-B,MID-03,Mid,0.52,150.0,40.02,39.7,35.79,1652.2,True,True,True,True,0,0.0,
4616,Rev5,5,W160,AE-3200,CH-B,MID-04,Mid,0.52,210.0,38.95,39.62,34.94,1635.0,True,True,True,True,0,0.0,
4617,Rev5,5,W160,AE-3200,CH-B,MID-05,Mid,0.52,270.0,38.56,39.39,36.57,1693.3,True,True,True,True,0,0.0,
4618,Rev5,5,W160,AE-3200,CH-B,MID-06,Mid,0.52,330.0,38.79,39.82,37.91,1703.4,True,True,True,True,0,0.0,
4619,Rev5,5,W160,AE-3200,CH-B,EDG-01,Edge,0.84,0.0,39.98,40.02,40.53,1690.2,True,True,False,True,2,5.16,pressure_spike
4620,Rev5,5,W160,AE-3200,CH-B,EDG-02,Edge,0.84,32.7,39.66,39.41,37.72,1653.3,True,True,True,True,1,6.42,
4621,Rev5,5,W160,AE-3200,CH-B,EDG-03,Edge,0.84,65.5,40.34,40.02,39.11,1676.7,True,True,True,True,0,0.0,
4622,Rev5,5,W160,AE-3200,CH-B,EDG-04,Edge,0.84,98.2,40.05,39.76,37.72,1675.4,True,True,True,True,0,0.0,
4623,Rev5,5,W160,AE-3200,CH-B,EDG-05,Edge,0.84,130.9,39.28,40.17,39.43,1701.8,True,True,True,True,0,0.0,
4624,Rev5,5,W160,AE-3200,CH-B,EDG-06,Edge,0.84,163.6,40.1,39.04,36.39,1735.9,True,True,True,True,0,0.0,
4625,Rev5,5,W160,AE-3200,CH-B,EDG-07,Edge,0.84,196.4,38.75,38.97,37.63,1636.8,True,True,True,True,0,0.0,
4626,Rev5,5,W160,AE-3200,CH-B,EDG-08,Edge,0.84,229.1,40.69,41.21,37.91,1731.6,False,True,True,True,3,6.21,endpoint_late
4627,Rev5,5,W160,AE-3200,CH-B,EDG-09,Edge,0.84,261.8,39.29,40.24,38.68,1679.8,True,True,True,True,2,10.78,
4628,Rev5,5,W160,AE-3200,CH-B,EDG-10,Edge,0.84,294.5,39.37,38.52,38.18,1759.1,True,True,True,True,0,0.0,
4629,Rev5,5,W160,AE-3200,CH-B,EDG-11,Edge,0.84,327.3,39.45,39.44,37.76,1596.2,True,True,True,True,0,0.0,
4630,Rev5,5,W160,AE-3200,CH-B,EXT-01,Extreme Edge,0.96,16.4,39.88,39.76,35.76,1687.5,True,True,True,True,0,0.0,
4631,Rev5,5,W160,AE-3200,CH-B,EXT-02,Extreme Edge,0.96,49.1,40.03,40.4,37.72,1746.3,True,True,True,True,1,2.65,pressure_spike
4632,Rev5,5,W160,AE-3200,CH-B,EXT-03,Extreme Edge,0.96,81.8,40.35,39.54,35.46,1636.2,True,True,True,True,1,4.73,
4633,Rev5,5,W160,AE-3200,CH-B,EXT-04,Extreme Edge,0.96,114.5,40.25,40.42,39.23,1677.0,True,True,True,True,0,0.0,
4634,Rev5,5,W160,AE-3200,CH-B,EXT-05,Extreme Edge,0.96,147.3,39.5,40.35,37.82,1647.4,True,True,True,True,0,0.0,
4635,Rev5,5,W160,AE-3200,CH-B,EXT-06,Extreme Edge,0.96,180.0,40.2,39.88,39.65,1745.4,True,True,True,True,2,12.47,
4636,Rev5,5,W160,AE-3200,CH-B,EXT-07,Extreme Edge,0.96,212.7,39.08,39.26,41.04,1751.7,True,True,False,True,0,0.0,
4637,Rev5,5,W160,AE-3200,CH-B,EXT-08,Extreme Edge,0.96,245.5,40.67,40.83,38.1,1709.4,False,True,True,True,1,1.99,endpoint_late
4638,Rev5,5,W160,AE-3200,CH-B,EXT-09,Extreme Edge,0.96,278.2,40.78,40.61,38.71,1697.3,False,True,True,True,0,0.0,
4639,Rev5,5,W160,AE-3200,CH-B,EXT-10,Extreme Edge,0.96,310.9,39.89,39.25,38.96,1717.5,True,True,True,True,1,5.63,esc_temp_drift
4640,Rev5,5,W160,AE-3200,CH-B,EXT-11,Extreme Edge,0.96,343.6,41.0,40.9,39.22,1625.3,False,True,True,True,0,0.0,
4641,Rev8,8,W161,AE-3200,CH-A,C1,Center,0.0,0.0,37.69,39.3,38.82,1669.6,True,True,True,True,0,0.0,
4642,Rev8,8,W161,AE-3200,CH-A,MID-01,Mid,0.52,30.0,37.7,41.94,38.4,1678.1,True,True,True,True,0,0.0,
4643,Rev8,8,W161,AE-3200,CH-A,MID-02,Mid,0.52,90.0,37.41,39.1,38.02,1736.6,True,True,True,True,1,4.01,
4644,Rev8,8,W161,AE-3200,CH-A,MID-03,Mid,0.52,150.0,37.84,40.57,36.0,1795.3,True,True,True,False,0,0.0,
4645,Rev8,8,W161,AE-3200,CH-A,MID-04,Mid,0.52,210.0,35.63,39.29,40.18,1709.2,False,True,True,True,0,0.0,
4646,Rev8,8,W161,AE-3200,CH-A,MID-05,Mid,0.52,270.0,37.37,40.7,38.22,1773.6,True,True,True,False,0,0.0,
4647,Rev8,8,W161,AE-3200,CH-A,MID-06,Mid,0.52,330.0,38.09,39.37,38.25,1730.3,True,True,True,True,1,1.92,polymer_residue
4648,Rev8,8,W161,AE-3200,CH-A,EDG-01,Edge,0.84,0.0,38.4,41.96,39.89,1840.7,True,True,True,False,0,0.0,
4649,Rev8,8,W161,AE-3200,CH-A,EDG-02,Edge,0.84,32.7,37.58,41.16,40.3,1779.5,True,True,True,False,0,0.0,
4650,Rev8,8,W161,AE-3200,CH-A,EDG-03,Edge,0.84,65.5,36.98,40.01,40.24,1836.7,True,True,True,False,1,3.34,polymer_residue
4651,Rev8,8,W161,AE-3200,CH-A,EDG-04,Edge,0.84,98.2,39.22,40.94,39.43,1761.3,True,True,True,False,1,1.99,
4652,Rev8,8,W161,AE-3200,CH-A,EDG-05,Edge,0.84,130.9,37.96,40.07,41.15,1858.0,True,True,False,False,1,2.03,
4653,Rev8,8,W161,AE-3200,CH-A,EDG-06,Edge,0.84,163.6,38.85,41.22,39.68,1773.7,True,True,True,False,0,0.0,
4654,Rev8,8,W161,AE-3200,CH-A,EDG-07,Edge,0.84,196.4,38.62,41.19,40.7,1837.7,True,True,False,False,0,0.0,
4655,Rev8,8,W161,AE-3200,CH-A,EDG-08,Edge,0.84,229.1,39.63,42.81,36.39,1842.7,True,False,True,False,0,0.0,
4656,Rev8,8,W161,AE-3200,CH-A,EDG-09,Edge,0.84,261.8,38.38,42.82,39.44,1810.1,True,False,True,False,0,0.0,
4657,Rev8,8,W161,AE-3200,CH-A,EDG-10,Edge,0.84,294.5,39.48,42.2,37.28,1836.0,True,False,True,False,1,5.82,polymer_residue
4658,Rev8,8,W161,AE-3200,CH-A,EDG-11,Edge,0.84,327.3,38.43,40.6,39.18,1802.8,True,True,True,False,0,0.0,
4659,Rev8,8,W161,AE-3200,CH-A,EXT-01,Extreme Edge,0.96,16.4,39.34,40.81,40.16,1787.1,True,True,True,False,4,25.46,arc_event
4660,Rev8,8,W161,AE-3200,CH-A,EXT-02,Extreme Edge,0.96,49.1,39.3,40.48,39.41,1774.7,True,True,True,False,0,0.0,
4661,Rev8,8,W161,AE-3200,CH-A,EXT-03,Extreme Edge,0.96,81.8,38.97,42.44,40.33,1746.1,True,False,True,True,0,0.0,
4662,Rev8,8,W161,AE-3200,CH-A,EXT-04,Extreme Edge,0.96,114.5,39.0,41.35,39.84,1790.9,True,True,True,False,1,2.03,
4663,Rev8,8,W161,AE-3200,CH-A,EXT-05,Extreme Edge,0.96,147.3,39.61,41.24,40.61,1829.9,True,True,False,False,3,7.86,polymer_residue
4664,Rev8,8,W161,AE-3200,CH-A,EXT-06,Extreme Edge,0.96,180.0,39.17,41.25,39.39,1818.8,True,True,True,False,1,1.9,
4665,Rev8,8,W161,AE-3200,CH-A,EXT-07,Extreme Edge,0.96,212.7,38.69,42.67,39.37,1782.7,True,False,True,False,0,0.0,
4666,Rev8,8,W161,AE-3200,CH-A,EXT-08,Extreme Edge,0.96,245.5,39.21,40.3,41.36,1836.1,True,True,False,False,2,5.32,
4667,Rev8,8,W161,AE-3200,CH-A,EXT-09,Extreme Edge,0.96,278.2,38.51,41.22,39.5,1843.9,True,True,True,False,1,5.95,polymer_residue
4668,Rev8,8,W161,AE-3200,CH-A,EXT-10,Extreme Edge,0.96,310.9,38.63,40.77,40.47,1753.5,True,True,False,True,0,0.0,
4669,Rev8,8,W161,AE-3200,CH-A,EXT-11,Extreme Edge,0.96,343.6,39.05,42.5,41.72,1790.3,True,False,False,False,0,0.0,
4670,Rev4,4,W162,AE-3200,CH-A,C1,Center,0.0,0.0,39.1,42.53,37.99,1626.5,True,False,True,True,0,0.0,
4671,Rev4,4,W162,AE-3200,CH-A,MID-01,Mid,0.52,30.0,39.54,39.73,36.99,1678.7,True,True,True,True,0,0.0,
4672,Rev4,4,W162,AE-3200,CH-A,MID-02,Mid,0.52,90.0,39.52,41.71,38.89,1732.3,True,True,True,True,0,0.0,
4673,Rev4,4,W162,AE-3200,CH-A,MID-03,Mid,0.52,150.0,41.14,39.49,38.15,1642.1,False,True,True,True,0,0.0,
4674,Rev4,4,W162,AE-3200,CH-A,MID-04,Mid,0.52,210.0,40.49,40.15,37.66,1651.3,False,True,True,True,1,1.91,pressure_spike
4675,Rev4,4,W162,AE-3200,CH-A,MID-05,Mid,0.52,270.0,39.97,39.85,38.94,1660.9,True,True,True,True,0,0.0,
4676,Rev4,4,W162,AE-3200,CH-A,MID-06,Mid,0.52,330.0,39.6,41.1,39.33,1639.8,True,True,True,True,0,0.0,
4677,Rev4,4,W162,AE-3200,CH-A,EDG-01,Edge,0.84,0.0,42.11,41.8,38.97,1714.5,False,True,True,True,0,0.0,
4678,Rev4,4,W162,AE-3200,CH-A,EDG-02,Edge,0.84,32.7,40.92,41.83,34.93,1716.9,False,True,True,True,0,0.0,
4679,Rev4,4,W162,AE-3200,CH-A,EDG-03,Edge,0.84,65.5,41.51,40.89,37.2,1685.0,False,True,True,True,0,0.0,
4680,Rev4,4,W162,AE-3200,CH-A,EDG-04,Edge,0.84,98.2,41.36,41.94,37.5,1704.8,False,True,True,True,1,3.71,
4681,Rev4,4,W162,AE-3200,CH-A,EDG-05,Edge,0.84,130.9,41.12,41.25,36.7,1686.0,False,True,True,True,0,0.0,
4682,Rev4,4,W162,AE-3200,CH-A,EDG-06,Edge,0.84,163.6,40.94,42.49,38.63,1695.2,False,False,True,True,0,0.0,
4683,Rev4,4,W162,AE-3200,CH-A,EDG-07,Edge,0.84,196.4,39.99,41.43,39.5,1772.5,True,True,True,False,0,0.0,
4684,Rev4,4,W162,AE-3200,CH-A,EDG-08,Edge,0.84,229.1,40.47,41.67,40.98,1760.6,False,True,False,False,0,0.0,
4685,Rev4,4,W162,AE-3200,CH-A,EDG-09,Edge,0.84,261.8,40.98,41.06,39.72,1719.8,False,True,True,True,1,4.62,
4686,Rev4,4,W162,AE-3200,CH-A,EDG-10,Edge,0.84,294.5,41.23,39.84,39.83,1752.9,False,True,True,True,0,0.0,
4687,Rev4,4,W162,AE-3200,CH-A,EDG-11,Edge,0.84,327.3,41.14,42.72,38.64,1725.2,False,False,True,True,0,0.0,
4688,Rev4,4,W162,AE-3200,CH-A,EXT-01,Extreme Edge,0.96,16.4,41.17,42.43,37.88,1790.5,False,False,True,False,0,0.0,
4689,Rev4,4,W162,AE-3200,CH-A,EXT-02,Extreme Edge,0.96,49.1,40.51,42.72,36.83,1906.8,False,False,True,False,2,10.33,
4690,Rev4,4,W162,AE-3200,CH-A,EXT-03,Extreme Edge,0.96,81.8,40.67,40.99,37.14,1746.5,False,True,True,True,1,6.21,polymer_residue
4691,Rev4,4,W162,AE-3200,CH-A,EXT-04,Extreme Edge,0.96,114.5,40.99,42.0,38.07,1649.1,False,True,True,True,1,4.88,pressure_spike
4692,Rev4,4,W162,AE-3200,CH-A,EXT-05,Extreme Edge,0.96,147.3,42.26,41.27,39.73,1701.6,False,True,True,True,0,0.0,
4693,Rev4,4,W162,AE-3200,CH-A,EXT-06,Extreme Edge,0.96,180.0,41.05,42.19,40.38,1794.0,False,False,True,False,0,0.0,
4694,Rev4,4,W162,AE-3200,CH-A,EXT-07,Extreme Edge,0.96,212.7,40.92,40.35,39.97,1725.3,False,True,True,True,1,4.08,endpoint_late
4695,Rev4,4,W162,AE-3200,CH-A,EXT-08,Extreme Edge,0.96,245.5,41.64,42.32,38.93,1767.3,False,False,True,False,1,2.24,esc_temp_drift
4696,Rev4,4,W162,AE-3200,CH-A,EXT-09,Extreme Edge,0.96,278.2,41.1,41.43,40.7,1786.5,False,True,False,False,1,3.6,endpoint_late
4697,Rev4,4,W162,AE-3200,CH-A,EXT-10,Extreme Edge,0.96,310.9,41.35,41.86,40.13,1761.3,False,True,True,False,0,0.0,
4698,Rev4,4,W162,AE-3200,CH-A,EXT-11,Extreme Edge,0.96,343.6,41.58,42.78,36.8,1738.7,False,False,True,True,1,4.82,
4699,Rev8,8,W163,AE-3200,CH-A,C1,Center,0.0,0.0,37.78,40.49,35.03,1705.6,True,True,True,True,0,0.0,
4700,Rev8,8,W163,AE-3200,CH-A,MID-01,Mid,0.52,30.0,39.19,39.95,38.32,1709.1,True,True,True,True,0,0.0,
4701,Rev8,8,W163,AE-3200,CH-A,MID-02,Mid,0.52,90.0,37.69,40.33,39.89,1681.0,True,True,True,True,0,0.0,
4702,Rev8,8,W163,AE-3200,CH-A,MID-03,Mid,0.52,150.0,37.62,40.17,39.39,1907.0,True,True,True,False,0,0.0,
4703,Rev8,8,W163,AE-3200,CH-A,MID-04,Mid,0.52,210.0,38.81,39.23,36.36,1766.5,True,True,True,False,0,0.0,
4704,Rev8,8,W163,AE-3200,CH-A,MID-05,Mid,0.52,270.0,36.71,40.6,36.52,1775.6,True,True,True,False,0,0.0,
4705,Rev8,8,W163,AE-3200,CH-A,MID-06,Mid,0.52,330.0,38.07,39.72,36.54,1683.5,True,True,True,True,0,0.0,
4706,Rev8,8,W163,AE-3200,CH-A,EDG-01,Edge,0.84,0.0,39.6,40.69,39.05,1823.6,True,True,True,False,0,0.0,
4707,Rev8,8,W163,AE-3200,CH-A,EDG-02,Edge,0.84,32.7,39.85,41.52,37.38,1760.9,True,True,True,False,1,2.53,polymer_residue
4708,Rev8,8,W163,AE-3200,CH-A,EDG-03,Edge,0.84,65.5,38.78,42.47,38.23,1782.5,True,False,True,False,1,5.7,
4709,Rev8,8,W163,AE-3200,CH-A,EDG-04,Edge,0.84,98.2,38.48,40.88,36.74,1786.6,True,True,True,False,1,5.73,
4710,Rev8,8,W163,AE-3200,CH-A,EDG-05,Edge,0.84,130.9,38.83,39.68,36.71,1805.2,True,True,True,False,0,0.0,
4711,Rev8,8,W163,AE-3200,CH-A,EDG-06,Edge,0.84,163.6,38.08,41.45,38.14,1749.5,True,True,True,True,0,0.0,
4712,Rev8,8,W163,AE-3200,CH-A,EDG-07,Edge,0.84,196.4,39.34,40.57,38.02,1789.3,True,True,True,False,1,4.49,polymer_residue
4713,Rev8,8,W163,AE-3200,CH-A,EDG-08,Edge,0.84,229.1,38.61,40.31,36.84,1788.3,True,True,True,False,0,0.0,
4714,Rev8,8,W163,AE-3200,CH-A,EDG-09,Edge,0.84,261.8,39.44,40.41,36.44,1824.1,True,True,True,False,2,7.71,arc_event
4715,Rev8,8,W163,AE-3200,CH-A,EDG-10,Edge,0.84,294.5,39.15,40.95,38.93,1926.7,True,True,True,False,1,2.8,polymer_residue
4716,Rev8,8,W163,AE-3200,CH-A,EDG-11,Edge,0.84,327.3,39.08,41.85,38.48,1744.0,True,True,True,True,0,0.0,
4717,Rev8,8,W163,AE-3200,CH-A,EXT-01,Extreme Edge,0.96,16.4,39.27,41.69,35.84,1792.8,True,True,True,False,1,2.64,
4718,Rev8,8,W163,AE-3200,CH-A,EXT-02,Extreme Edge,0.96,49.1,39.06,41.57,38.64,1826.5,True,True,True,False,1,5.32,
4719,Rev8,8,W163,AE-3200,CH-A,EXT-03,Extreme Edge,0.96,81.8,40.04,39.16,39.4,1869.8,True,True,True,False,1,2.96,
4720,Rev8,8,W163,AE-3200,CH-A,EXT-04,Extreme Edge,0.96,114.5,38.93,42.17,36.12,1839.0,True,False,True,False,0,0.0,
4721,Rev8,8,W163,AE-3200,CH-A,EXT-05,Extreme Edge,0.96,147.3,39.11,42.15,36.32,1743.6,True,False,True,True,2,9.95,pressure_spike
4722,Rev8,8,W163,AE-3200,CH-A,EXT-06,Extreme Edge,0.96,180.0,39.85,42.57,37.98,1772.9,True,False,True,False,0,0.0,
4723,Rev8,8,W163,AE-3200,CH-A,EXT-07,Extreme Edge,0.96,212.7,39.7,40.92,38.24,1936.5,True,True,True,False,0,0.0,
4724,Rev8,8,W163,AE-3200,CH-A,EXT-08,Extreme Edge,0.96,245.5,39.77,41.53,37.69,1817.5,True,True,True,False,1,4.95,polymer_residue
4725,Rev8,8,W163,AE-3200,CH-A,EXT-09,Extreme Edge,0.96,278.2,40.02,41.79,39.83,1741.3,True,True,True,True,0,0.0,
4726,Rev8,8,W163,AE-3200,CH-A,EXT-10,Extreme Edge,0.96,310.9,39.36,41.02,40.41,1825.4,True,True,False,False,1,2.81,
4727,Rev8,8,W163,AE-3200,CH-A,EXT-11,Extreme Edge,0.96,343.6,39.33,42.59,35.84,1757.5,True,False,True,True,0,0.0,
4728,Rev11,11,W164,PX-7500,CH-D,C1,Center,0.0,0.0,39.09,39.6,39.1,1631.6,True,True,True,True,0,0.0,
4729,Rev11,11,W164,PX-7500,CH-D,MID-01,Mid,0.52,30.0,38.82,40.0,36.36,1627.3,True,True,True,True,0,0.0,
4730,Rev11,11,W164,PX-7500,CH-D,MID-02,Mid,0.52,90.0,39.75,40.38,37.73,1691.3,True,True,True,True,0,0.0,
4731,Rev11,11,W164,PX-7500,CH-D,MID-03,Mid,0.52,150.0,39.98,40.71,36.13,1613.8,True,True,True,True,0,0.0,
4732,Rev11,11,W164,PX-7500,CH-D,MID-04,Mid,0.52,210.0,39.74,40.36,36.88,1670.2,True,True,True,True,0,0.0,
4733,Rev11,11,W164,PX-7500,CH-D,MID-05,Mid,0.52,270.0,39.08,39.16,37.63,1664.8,True,True,True,True,0,0.0,
4734,Rev11,11,W164,PX-7500,CH-D,MID-06,Mid,0.52,330.0,38.81,40.7,39.03,1672.2,True,True,True,True,0,0.0,
4735,Rev11,11,W164,PX-7500,CH-D,EDG-01,Edge,0.84,0.0,40.56,41.26,39.63,1607.5,False,True,True,True,0,0.0,
4736,Rev11,11,W164,PX-7500,CH-D,EDG-02,Edge,0.84,32.7,39.97,40.01,38.98,1705.0,True,True,True,True,0,0.0,
4737,Rev11,11,W164,PX-7500,CH-D,EDG-03,Edge,0.84,65.5,40.32,41.23,38.25,1797.6,True,True,True,False,1,3.23,polymer_residue
4738,Rev11,11,W164,PX-7500,CH-D,EDG-04,Edge,0.84,98.2,39.48,41.34,37.16,1702.8,True,True,True,True,1,4.57,polymer_residue
4739,Rev11,11,W164,PX-7500,CH-D,EDG-05,Edge,0.84,130.9,40.53,39.51,37.55,1694.7,False,True,True,True,0,0.0,
4740,Rev11,11,W164,PX-7500,CH-D,EDG-06,Edge,0.84,163.6,39.67,40.5,36.58,1685.0,True,True,True,True,1,2.42,polymer_residue
4741,Rev11,11,W164,PX-7500,CH-D,EDG-07,Edge,0.84,196.4,39.52,40.45,40.33,1657.3,True,True,True,True,0,0.0,
4742,Rev11,11,W164,PX-7500,CH-D,EDG-08,Edge,0.84,229.1,40.01,38.88,37.37,1712.4,True,True,True,True,1,3.25,polymer_residue
4743,Rev11,11,W164,PX-7500,CH-D,EDG-09,Edge,0.84,261.8,39.96,39.98,38.47,1706.4,True,True,True,True,0,0.0,
4744,Rev11,11,W164,PX-7500,CH-D,EDG-10,Edge,0.84,294.5,40.36,41.0,38.81,1705.6,True,True,True,True,0,0.0,
4745,Rev11,11,W164,PX-7500,CH-D,EDG-11,Edge,0.84,327.3,39.88,41.84,39.83,1712.4,True,True,True,True,1,3.07,
4746,Rev11,11,W164,PX-7500,CH-D,EXT-01,Extreme Edge,0.96,16.4,41.6,40.16,36.82,1723.7,False,True,True,True,2,11.06,
4747,Rev11,11,W164,PX-7500,CH-D,EXT-02,Extreme Edge,0.96,49.1,38.7,39.63,37.11,1661.1,True,True,True,True,0,0.0,
4748,Rev11,11,W164,PX-7500,CH-D,EXT-03,Extreme Edge,0.96,81.8,40.74,40.64,37.94,1698.8,False,True,True,True,1,3.35,
4749,Rev11,11,W164,PX-7500,CH-D,EXT-04,Extreme Edge,0.96,114.5,40.72,40.39,39.05,1766.2,False,True,True,False,0,0.0,
4750,Rev11,11,W164,PX-7500,CH-D,EXT-05,Extreme Edge,0.96,147.3,40.42,40.85,39.13,1716.1,False,True,True,True,0,0.0,
4751,Rev11,11,W164,PX-7500,CH-D,EXT-06,Extreme Edge,0.96,180.0,39.24,39.42,35.64,1685.1,True,True,True,True,3,14.19,
4752,Rev11,11,W164,PX-7500,CH-D,EXT-07,Extreme Edge,0.96,212.7,39.47,39.74,38.28,1659.2,True,True,True,True,1,3.51,
4753,Rev11,11,W164,PX-7500,CH-D,EXT-08,Extreme Edge,0.96,245.5,41.0,40.38,39.41,1679.0,False,True,True,True,0,0.0,
4754,Rev11,11,W164,PX-7500,CH-D,EXT-09,Extreme Edge,0.96,278.2,40.82,42.28,38.32,1768.7,False,False,True,False,0,0.0,
4755,Rev11,11,W164,PX-7500,CH-D,EXT-10,Extreme Edge,0.96,310.9,39.52,40.63,38.36,1740.4,True,True,True,True,1,6.29,endpoint_late
4756,Rev11,11,W164,PX-7500,CH-D,EXT-11,Extreme Edge,0.96,343.6,40.4,39.75,38.33,1669.8,False,True,True,True,0,0.0,
4757,Rev8,8,W165,AE-3200,CH-A,C1,Center,0.0,0.0,37.79,40.24,37.38,1739.0,True,True,True,True,0,0.0,
4758,Rev8,8,W165,AE-3200,CH-A,MID-01,Mid,0.52,30.0,37.04,39.81,39.12,1744.4,True,True,True,True,0,0.0,
4759,Rev8,8,W165,AE-3200,CH-A,MID-02,Mid,0.52,90.0,37.9,40.03,38.21,1767.3,True,True,True,False,0,0.0,
4760,Rev8,8,W165,AE-3200,CH-A,MID-03,Mid,0.52,150.0,37.79,40.18,35.56,1790.0,True,True,True,False,0,0.0,
4761,Rev8,8,W165,AE-3200,CH-A,MID-04,Mid,0.52,210.0,38.37,40.53,40.9,1755.9,True,True,False,True,0,0.0,
4762,Rev8,8,W165,AE-3200,CH-A,MID-05,Mid,0.52,270.0,38.06,39.52,38.63,1758.0,True,True,True,True,1,4.25,esc_temp_drift
4763,Rev8,8,W165,AE-3200,CH-A,MID-06,Mid,0.52,330.0,38.66,40.66,38.01,1765.8,True,True,True,False,0,0.0,
4764,Rev8,8,W165,AE-3200,CH-A,EDG-01,Edge,0.84,0.0,39.35,42.1,38.48,1848.1,True,False,True,False,0,0.0,
4765,Rev8,8,W165,AE-3200,CH-A,EDG-02,Edge,0.84,32.7,38.63,41.39,38.86,1854.1,True,True,True,False,0,0.0,
4766,Rev8,8,W165,AE-3200,CH-A,EDG-03,Edge,0.84,65.5,39.07,40.5,37.54,1723.0,True,True,True,True,0,0.0,
4767,Rev8,8,W165,AE-3200,CH-A,EDG-04,Edge,0.84,98.2,38.18,40.76,37.06,1802.9,True,True,True,False,0,0.0,
4768,Rev8,8,W165,AE-3200,CH-A,EDG-05,Edge,0.84,130.9,39.67,41.2,38.45,1800.3,True,True,True,False,0,0.0,
4769,Rev8,8,W165,AE-3200,CH-A,EDG-06,Edge,0.84,163.6,38.9,40.52,40.56,1763.2,True,True,False,False,0,0.0,
4770,Rev8,8,W165,AE-3200,CH-A,EDG-07,Edge,0.84,196.4,38.58,40.03,39.01,1735.5,True,True,True,True,0,0.0,
4771,Rev8,8,W165,AE-3200,CH-A,EDG-08,Edge,0.84,229.1,39.05,41.06,38.51,1768.1,True,True,True,False,0,0.0,
4772,Rev8,8,W165,AE-3200,CH-A,EDG-09,Edge,0.84,261.8,38.87,40.5,39.17,1760.9,True,True,True,False,1,6.25,polymer_residue
4773,Rev8,8,W165,AE-3200,CH-A,EDG-10,Edge,0.84,294.5,39.52,42.0,35.34,1811.3,True,False,True,False,0,0.0,
4774,Rev8,8,W165,AE-3200,CH-A,EDG-11,Edge,0.84,327.3,39.48,42.07,37.97,1854.3,True,False,True,False,0,0.0,
4775,Rev8,8,W165,AE-3200,CH-A,EXT-01,Extreme Edge,0.96,16.4,39.29,39.87,37.95,2009.9,True,True,True,False,1,2.88,
4776,Rev8,8,W165,AE-3200,CH-A,EXT-02,Extreme Edge,0.96,49.1,38.92,40.68,39.79,1789.9,True,True,True,False,1,4.87,
4777,Rev8,8,W165,AE-3200,CH-A,EXT-03,Extreme Edge,0.96,81.8,38.42,42.4,39.29,1815.8,True,False,True,False,1,2.21,esc_temp_drift
4778,Rev8,8,W165,AE-3200,CH-A,EXT-04,Extreme Edge,0.96,114.5,38.84,41.44,37.63,1817.0,True,True,True,False,0,0.0,
4779,Rev8,8,W165,AE-3200,CH-A,EXT-05,Extreme Edge,0.96,147.3,39.83,41.98,39.83,1754.6,True,True,True,True,1,5.07,pressure_spike
4780,Rev8,8,W165,AE-3200,CH-A,EXT-06,Extreme Edge,0.96,180.0,38.78,40.96,40.06,1785.8,True,True,True,False,0,0.0,
4781,Rev8,8,W165,AE-3200,CH-A,EXT-07,Extreme Edge,0.96,212.7,39.25,40.48,39.08,1732.7,True,True,True,True,0,0.0,
4782,Rev8,8,W165,AE-3200,CH-A,EXT-08,Extreme Edge,0.96,245.5,39.93,42.46,39.03,1825.8,True,False,True,False,1,6.25,polymer_residue
4783,Rev8,8,W165,AE-3200,CH-A,EXT-09,Extreme Edge,0.96,278.2,39.2,41.81,38.97,1737.9,True,True,True,True,0,0.0,
4784,Rev8,8,W165,AE-3200,CH-A,EXT-10,Extreme Edge,0.96,310.9,40.06,42.03,38.92,1871.3,True,False,True,False,1,4.77,
4785,Rev8,8,W165,AE-3200,CH-A,EXT-11,Extreme Edge,0.96,343.6,38.72,40.6,36.6,1766.5,True,True,True,False,0,0.0,
4786,Rev6,6,W166,PX-7500,CH-C,C1,Center,0.0,0.0,37.73,37.58,36.86,1733.6,True,False,True,True,1,4.74,
4787,Rev6,6,W166,PX-7500,CH-C,MID-01,Mid,0.52,30.0,38.77,39.04,35.87,1672.7,True,True,True,True,0,0.0,
4788,Rev6,6,W166,PX-7500,CH-C,MID-02,Mid,0.52,90.0,38.05,37.96,37.31,1708.1,True,True,True,True,0,0.0,
4789,Rev6,6,W166,PX-7500,CH-C,MID-03,Mid,0.52,150.0,38.02,39.15,37.16,1612.2,True,True,True,True,0,0.0,
4790,Rev6,6,W166,PX-7500,CH-C,MID-04,Mid,0.52,210.0,37.73,39.11,36.18,1686.2,True,True,True,True,0,0.0,
4791,Rev6,6,W166,PX-7500,CH-C,MID-05,Mid,0.52,270.0,37.7,38.33,36.86,1701.1,True,True,True,True,0,0.0,
4792,Rev6,6,W166,PX-7500,CH-C,MID-06,Mid,0.52,330.0,38.15,38.9,34.99,1689.4,True,True,True,True,0,0.0,
4793,Rev6,6,W166,PX-7500,CH-C,EDG-01,Edge,0.84,0.0,38.41,39.88,35.81,1713.3,True,True,True,True,1,6.27,
4794,Rev6,6,W166,PX-7500,CH-C,EDG-02,Edge,0.84,32.7,38.35,39.57,37.69,1696.1,True,True,True,True,0,0.0,
4795,Rev6,6,W166,PX-7500,CH-C,EDG-03,Edge,0.84,65.5,39.89,37.41,35.55,1670.8,True,False,True,True,0,0.0,
4796,Rev6,6,W166,PX-7500,CH-C,EDG-04,Edge,0.84,98.2,38.28,38.23,36.96,1629.2,True,True,True,True,1,5.93,polymer_residue
4797,Rev6,6,W166,PX-7500,CH-C,EDG-05,Edge,0.84,130.9,39.55,39.1,36.38,1583.4,True,True,True,True,0,0.0,
4798,Rev6,6,W166,PX-7500,CH-C,EDG-06,Edge,0.84,163.6,39.04,39.25,34.17,1655.0,True,True,False,True,1,2.87,polymer_residue
4799,Rev6,6,W166,PX-7500,CH-C,EDG-07,Edge,0.84,196.4,39.82,39.61,36.29,1705.4,True,True,True,True,0,0.0,
4800,Rev6,6,W166,PX-7500,CH-C,EDG-08,Edge,0.84,229.1,38.62,38.2,36.01,1614.6,True,True,True,True,1,4.65,endpoint_late
4801,Rev6,6,W166,PX-7500,CH-C,EDG-09,Edge,0.84,261.8,38.28,39.13,33.67,1703.2,True,True,False,True,1,2.52,polymer_residue
4802,Rev6,6,W166,PX-7500,CH-C,EDG-10,Edge,0.84,294.5,37.72,38.65,37.13,1761.4,True,True,True,False,0,0.0,
4803,Rev6,6,W166,PX-7500,CH-C,EDG-11,Edge,0.84,327.3,39.67,39.23,34.1,1694.5,True,True,False,True,0,0.0,
4804,Rev6,6,W166,PX-7500,CH-C,EXT-01,Extreme Edge,0.96,16.4,38.44,39.81,38.37,1708.6,True,True,True,True,0,0.0,
4805,Rev6,6,W166,PX-7500,CH-C,EXT-02,Extreme Edge,0.96,49.1,39.58,40.17,35.23,1682.7,True,True,True,True,0,0.0,
4806,Rev6,6,W166,PX-7500,CH-C,EXT-03,Extreme Edge,0.96,81.8,39.75,38.48,35.76,1820.2,True,True,True,False,0,0.0,
4807,Rev6,6,W166,PX-7500,CH-C,EXT-04,Extreme Edge,0.96,114.5,38.81,39.33,38.13,1745.3,True,True,True,True,0,0.0,
4808,Rev6,6,W166,PX-7500,CH-C,EXT-05,Extreme Edge,0.96,147.3,38.53,40.8,36.73,1733.3,True,True,True,True,1,2.09,polymer_residue
4809,Rev6,6,W166,PX-7500,CH-C,EXT-06,Extreme Edge,0.96,180.0,39.91,40.06,35.05,1728.9,True,True,True,True,0,0.0,
4810,Rev6,6,W166,PX-7500,CH-C,EXT-07,Extreme Edge,0.96,212.7,40.28,38.99,36.87,1705.9,True,True,True,True,0,0.0,
4811,Rev6,6,W166,PX-7500,CH-C,EXT-08,Extreme Edge,0.96,245.5,38.58,39.46,37.2,1685.5,True,True,True,True,1,3.12,
4812,Rev6,6,W166,PX-7500,CH-C,EXT-09,Extreme Edge,0.96,278.2,40.63,38.83,37.59,1772.9,False,True,True,False,1,3.28,
4813,Rev6,6,W166,PX-7500,CH-C,EXT-10,Extreme Edge,0.96,310.9,38.96,39.65,36.28,1734.2,True,True,True,True,1,2.37,polymer_residue
4814,Rev6,6,W166,PX-7500,CH-C,EXT-11,Extreme Edge,0.96,343.6,39.09,39.43,34.6,1748.9,True,True,True,True,0,0.0,
4815,Rev7,7,W167,PX-7500,CH-D,C1,Center,0.0,0.0,37.0,39.46,37.83,1631.0,True,True,True,True,0,0.0,
4816,Rev7,7,W167,PX-7500,CH-D,MID-01,Mid,0.52,30.0,36.84,39.33,36.82,1732.7,True,True,True,True,0,0.0,
4817,Rev7,7,W167,PX-7500,CH-D,MID-02,Mid,0.52,90.0,38.53,40.0,37.84,1778.7,True,True,True,False,1,3.13,
4818,Rev7,7,W167,PX-7500,CH-D,MID-03,Mid,0.52,150.0,38.26,38.75,35.43,1701.2,True,True,True,True,1,5.19,
4819,Rev7,7,W167,PX-7500,CH-D,MID-04,Mid,0.52,210.0,38.09,39.16,34.0,1702.6,True,True,False,True,0,0.0,
4820,Rev7,7,W167,PX-7500,CH-D,MID-05,Mid,0.52,270.0,39.14,38.9,37.81,1748.4,True,True,True,True,0,0.0,
4821,Rev7,7,W167,PX-7500,CH-D,MID-06,Mid,0.52,330.0,38.73,40.15,34.9,1702.5,True,True,True,True,0,0.0,
4822,Rev7,7,W167,PX-7500,CH-D,EDG-01,Edge,0.84,0.0,38.9,39.74,35.02,1772.1,True,True,True,False,0,0.0,
4823,Rev7,7,W167,PX-7500,CH-D,EDG-02,Edge,0.84,32.7,39.61,39.83,36.39,1717.8,True,True,True,True,0,0.0,
4824,Rev7,7,W167,PX-7500,CH-D,EDG-03,Edge,0.84,65.5,38.06,40.66,36.79,1788.6,True,True,True,False,1,3.46,polymer_residue
4825,Rev7,7,W167,PX-7500,CH-D,EDG-04,Edge,0.84,98.2,39.08,39.9,37.3,1678.0,True,True,True,True,1,4.94,pressure_spike
4826,Rev7,7,W167,PX-7500,CH-D,EDG-05,Edge,0.84,130.9,38.62,40.57,37.27,1734.7,True,True,True,True,0,0.0,
4827,Rev7,7,W167,PX-7500,CH-D,EDG-06,Edge,0.84,163.6,39.14,40.14,37.79,1738.1,True,True,True,True,0,0.0,
4828,Rev7,7,W167,PX-7500,CH-D,EDG-07,Edge,0.84,196.4,37.52,40.15,36.59,1763.6,True,True,True,False,1,3.43,
4829,Rev7,7,W167,PX-7500,CH-D,EDG-08,Edge,0.84,229.1,37.72,40.93,35.26,1752.7,True,True,True,True,1,5.37,
4830,Rev7,7,W167,PX-7500,CH-D,EDG-09,Edge,0.84,261.8,39.47,40.74,38.38,1730.7,True,True,True,True,0,0.0,
4831,Rev7,7,W167,PX-7500,CH-D,EDG-10,Edge,0.84,294.5,38.3,40.94,35.87,1728.2,True,True,True,True,0,0.0,
4832,Rev7,7,W167,PX-7500,CH-D,EDG-11,Edge,0.84,327.3,37.57,40.0,38.94,1734.8,True,True,True,True,0,0.0,
4833,Rev7,7,W167,PX-7500,CH-D,EXT-01,Extreme Edge,0.96,16.4,39.79,42.49,38.64,1759.6,True,False,True,True,0,0.0,
4834,Rev7,7,W167,PX-7500,CH-D,EXT-02,Extreme Edge,0.96,49.1,39.09,41.43,39.97,1796.4,True,True,True,False,1,5.83,polymer_residue
4835,Rev7,7,W167,PX-7500,CH-D,EXT-03,Extreme Edge,0.96,81.8,38.48,41.0,37.47,1798.4,True,True,True,False,0,0.0,
4836,Rev7,7,W167,PX-7500,CH-D,EXT-04,Extreme Edge,0.96,114.5,38.65,41.57,38.39,1734.0,True,True,True,True,1,2.88,
4837,Rev7,7,W167,PX-7500,CH-D,EXT-05,Extreme Edge,0.96,147.3,38.71,40.46,39.76,1720.7,True,True,True,True,0,0.0,
4838,Rev7,7,W167,PX-7500,CH-D,EXT-06,Extreme Edge,0.96,180.0,39.99,40.76,35.94,1768.0,True,True,True,False,0,0.0,
4839,Rev7,7,W167,PX-7500,CH-D,EXT-07,Extreme Edge,0.96,212.7,38.36,41.02,38.32,1829.5,True,True,True,False,1,6.45,polymer_residue
4840,Rev7,7,W167,PX-7500,CH-D,EXT-08,Extreme Edge,0.96,245.5,39.58,40.88,36.53,1751.9,True,True,True,True,0,0.0,
4841,Rev7,7,W167,PX-7500,CH-D,EXT-09,Extreme Edge,0.96,278.2,40.4,41.75,38.12,1786.5,True,True,True,False,0,0.0,
4842,Rev7,7,W167,PX-7500,CH-D,EXT-10,Extreme Edge,0.96,310.9,39.66,40.68,39.41,1677.1,True,True,True,True,1,5.38,
4843,Rev7,7,W167,PX-7500,CH-D,EXT-11,Extreme Edge,0.96,343.6,38.34,42.36,35.26,1729.3,True,False,True,True,0,0.0,
4844,Rev9,9,W168,AE-3200,CH-B,C1,Center,0.0,0.0,37.09,38.65,39.93,1867.7,True,True,True,False,0,0.0,
4845,Rev9,9,W168,AE-3200,CH-B,MID-01,Mid,0.52,30.0,37.14,38.19,40.65,1800.0,True,True,False,False,1,6.29,
4846,Rev9,9,W168,AE-3200,CH-B,MID-02,Mid,0.52,90.0,38.24,40.1,37.2,1880.4,True,True,True,False,0,0.0,
4847,Rev9,9,W168,AE-3200,CH-B,MID-03,Mid,0.52,150.0,38.78,39.77,38.42,1809.3,True,True,True,False,0,0.0,
4848,Rev9,9,W168,AE-3200,CH-B,MID-04,Mid,0.52,210.0,37.85,40.79,36.73,1817.4,True,True,True,False,0,0.0,
4849,Rev9,9,W168,AE-3200,CH-B,MID-05,Mid,0.52,270.0,39.91,40.59,36.98,1848.7,True,True,True,False,0,0.0,
4850,Rev9,9,W168,AE-3200,CH-B,MID-06,Mid,0.52,330.0,37.31,39.88,38.25,1799.7,True,True,True,False,0,0.0,
4851,Rev9,9,W168,AE-3200,CH-B,EDG-01,Edge,0.84,0.0,39.95,39.81,38.6,1904.2,True,True,True,False,0,0.0,
4852,Rev9,9,W168,AE-3200,CH-B,EDG-02,Edge,0.84,32.7,39.52,40.72,38.11,1901.8,True,True,True,False,0,0.0,
4853,Rev9,9,W168,AE-3200,CH-B,EDG-03,Edge,0.84,65.5,39.38,40.58,39.11,1815.4,True,True,True,False,0,0.0,
4854,Rev9,9,W168,AE-3200,CH-B,EDG-04,Edge,0.84,98.2,38.74,39.85,37.53,1889.4,True,True,True,False,0,0.0,
4855,Rev9,9,W168,AE-3200,CH-B,EDG-05,Edge,0.84,130.9,38.06,41.12,36.38,1819.4,True,True,True,False,0,0.0,
4856,Rev9,9,W168,AE-3200,CH-B,EDG-06,Edge,0.84,163.6,38.55,39.53,39.43,1811.8,True,True,True,False,2,10.19,arc_event
4857,Rev9,9,W168,AE-3200,CH-B,EDG-07,Edge,0.84,196.4,39.03,41.19,39.9,1852.5,True,True,True,False,0,0.0,
4858,Rev9,9,W168,AE-3200,CH-B,EDG-08,Edge,0.84,229.1,39.08,41.7,38.67,1820.8,True,True,True,False,1,2.99,
4859,Rev9,9,W168,AE-3200,CH-B,EDG-09,Edge,0.84,261.8,39.43,40.89,37.09,1818.2,True,True,True,False,0,0.0,
4860,Rev9,9,W168,AE-3200,CH-B,EDG-10,Edge,0.84,294.5,37.93,41.5,38.89,1873.8,True,True,True,False,1,4.24,esc_temp_drift
4861,Rev9,9,W168,AE-3200,CH-B,EDG-11,Edge,0.84,327.3,39.22,39.32,39.3,1836.9,True,True,True,False,2,11.29,polymer_residue
4862,Rev9,9,W168,AE-3200,CH-B,EXT-01,Extreme Edge,0.96,16.4,40.28,40.42,39.74,1878.0,True,True,True,False,4,24.22,
4863,Rev9,9,W168,AE-3200,CH-B,EXT-02,Extreme Edge,0.96,49.1,39.7,40.55,39.73,1818.5,True,True,True,False,0,0.0,
4864,Rev9,9,W168,AE-3200,CH-B,EXT-03,Extreme Edge,0.96,81.8,39.1,38.87,38.07,1861.2,True,True,True,False,1,2.55,esc_temp_drift
4865,Rev9,9,W168,AE-3200,CH-B,EXT-04,Extreme Edge,0.96,114.5,38.82,41.22,40.08,1861.5,True,True,True,False,0,0.0,
4866,Rev9,9,W168,AE-3200,CH-B,EXT-05,Extreme Edge,0.96,147.3,38.92,40.1,38.27,1799.6,True,True,True,False,1,2.86,pressure_spike
4867,Rev9,9,W168,AE-3200,CH-B,EXT-06,Extreme Edge,0.96,180.0,40.04,40.43,37.99,1874.7,True,True,True,False,1,3.38,
4868,Rev9,9,W168,AE-3200,CH-B,EXT-07,Extreme Edge,0.96,212.7,39.86,40.0,39.25,1856.0,True,True,True,False,1,2.97,polymer_residue
4869,Rev9,9,W168,AE-3200,CH-B,EXT-08,Extreme Edge,0.96,245.5,39.51,41.86,40.31,1899.5,True,True,True,False,1,3.51,arc_event
4870,Rev9,9,W168,AE-3200,CH-B,EXT-09,Extreme Edge,0.96,278.2,39.13,39.98,37.62,1831.8,True,True,True,False,1,1.82,
4871,Rev9,9,W168,AE-3200,CH-B,EXT-10,Extreme Edge,0.96,310.9,40.05,40.53,39.52,1731.0,True,True,True,True,1,5.02,
4872,Rev9,9,W168,AE-3200,CH-B,EXT-11,Extreme Edge,0.96,343.6,40.22,41.42,38.1,1867.8,True,True,True,False,1,2.67,
4873,Rev9,9,W169,AE-3200,CH-B,C1,Center,0.0,0.0,37.64,40.42,37.7,1790.5,True,True,True,False,0,0.0,
4874,Rev9,9,W169,AE-3200,CH-B,MID-01,Mid,0.52,30.0,38.7,40.48,38.7,1740.8,True,True,True,True,0,0.0,
4875,Rev9,9,W169,AE-3200,CH-B,MID-02,Mid,0.52,90.0,39.04,40.32,38.81,1811.4,True,True,True,False,0,0.0,
4876,Rev9,9,W169,AE-3200,CH-B,MID-03,Mid,0.52,150.0,37.84,41.35,38.13,1863.1,True,True,True,False,0,0.0,
4877,Rev9,9,W169,AE-3200,CH-B,MID-04,Mid,0.52,210.0,38.6,39.03,38.89,1749.0,True,True,True,True,0,0.0,
4878,Rev9,9,W169,AE-3200,CH-B,MID-05,Mid,0.52,270.0,37.91,40.04,39.88,1807.3,True,True,True,False,0,0.0,
4879,Rev9,9,W169,AE-3200,CH-B,MID-06,Mid,0.52,330.0,37.58,39.65,40.61,1833.9,True,True,False,False,2,5.94,polymer_residue
4880,Rev9,9,W169,AE-3200,CH-B,EDG-01,Edge,0.84,0.0,38.97,40.67,35.91,1864.6,True,True,True,False,0,0.0,
4881,Rev9,9,W169,AE-3200,CH-B,EDG-02,Edge,0.84,32.7,39.18,39.94,35.52,1786.7,True,True,True,False,0,0.0,
4882,Rev9,9,W169,AE-3200,CH-B,EDG-03,Edge,0.84,65.5,39.8,40.69,36.25,1839.6,True,True,True,False,2,11.14,polymer_residue
4883,Rev9,9,W169,AE-3200,CH-B,EDG-04,Edge,0.84,98.2,39.15,41.13,37.65,1776.8,True,True,True,False,1,2.24,
4884,Rev9,9,W169,AE-3200,CH-B,EDG-05,Edge,0.84,130.9,39.47,39.78,37.0,1785.3,True,True,True,False,1,3.17,polymer_residue
4885,Rev9,9,W169,AE-3200,CH-B,EDG-06,Edge,0.84,163.6,38.22,41.69,37.88,1854.8,True,True,True,False,0,0.0,
4886,Rev9,9,W169,AE-3200,CH-B,EDG-07,Edge,0.84,196.4,39.6,41.39,39.0,1789.6,True,True,True,False,2,12.57,
4887,Rev9,9,W169,AE-3200,CH-B,EDG-08,Edge,0.84,229.1,38.96,40.67,36.52,1788.5,True,True,True,False,1,4.76,
4888,Rev9,9,W169,AE-3200,CH-B,EDG-09,Edge,0.84,261.8,38.55,38.4,37.17,1689.5,True,True,True,True,1,2.92,esc_temp_drift
4889,Rev9,9,W169,AE-3200,CH-B,EDG-10,Edge,0.84,294.5,39.39,40.68,38.65,1804.2,True,True,True,False,0,0.0,
4890,Rev9,9,W169,AE-3200,CH-B,EDG-11,Edge,0.84,327.3,39.56,41.26,39.04,1697.4,True,True,True,True,0,0.0,
4891,Rev9,9,W169,AE-3200,CH-B,EXT-01,Extreme Edge,0.96,16.4,39.0,42.01,38.5,1874.8,True,False,True,False,1,1.87,polymer_residue
4892,Rev9,9,W169,AE-3200,CH-B,EXT-02,Extreme Edge,0.96,49.1,38.68,40.97,39.58,1841.0,True,True,True,False,0,0.0,
4893,Rev9,9,W169,AE-3200,CH-B,EXT-03,Extreme Edge,0.96,81.8,38.18,40.76,40.23,1860.4,True,True,True,False,1,4.56,polymer_residue
4894,Rev9,9,W169,AE-3200,CH-B,EXT-04,Extreme Edge,0.96,114.5,38.76,40.91,36.93,1848.1,True,True,True,False,4,17.87,
4895,Rev9,9,W169,AE-3200,CH-B,EXT-05,Extreme Edge,0.96,147.3,39.68,39.19,38.35,1759.3,True,True,True,True,0,0.0,
4896,Rev9,9,W169,AE-3200,CH-B,EXT-06,Extreme Edge,0.96,180.0,39.07,39.83,40.77,1800.5,True,True,False,False,1,5.37,polymer_residue
4897,Rev9,9,W169,AE-3200,CH-B,EXT-07,Extreme Edge,0.96,212.7,40.36,41.78,39.16,1854.9,True,True,True,False,0,0.0,
4898,Rev9,9,W169,AE-3200,CH-B,EXT-08,Extreme Edge,0.96,245.5,38.46,40.8,38.72,1857.6,True,True,True,False,1,5.67,
4899,Rev9,9,W169,AE-3200,CH-B,EXT-09,Extreme Edge,0.96,278.2,39.5,39.62,35.23,1915.2,True,True,True,False,0,0.0,
4900,Rev9,9,W169,AE-3200,CH-B,EXT-10,Extreme Edge,0.96,310.9,40.82,41.56,38.59,1777.3,False,True,True,False,2,5.85,polymer_residue
4901,Rev9,9,W169,AE-3200,CH-B,EXT-11,Extreme Edge,0.96,343.6,39.16,41.62,39.25,1857.2,True,True,True,False,1,3.17,
4902,Rev1,1,W170,AE-3200,CH-B,C1,Center,0.0,0.0,38.26,40.33,35.99,1651.8,True,True,True,True,0,0.0,
4903,Rev1,1,W170,AE-3200,CH-B,MID-01,Mid,0.52,30.0,39.96,40.44,35.11,1754.6,True,True,True,True,0,0.0,
4904,Rev1,1,W170,AE-3200,CH-B,MID-02,Mid,0.52,90.0,39.99,41.44,34.41,1631.2,True,True,True,True,0,0.0,
4905,Rev1,1,W170,AE-3200,CH-B,MID-03,Mid,0.52,150.0,39.0,41.81,37.73,1543.1,True,True,True,False,0,0.0,
4906,Rev1,1,W170,AE-3200,CH-B,MID-04,Mid,0.52,210.0,39.08,39.87,36.7,1661.0,True,True,True,True,0,0.0,
4907,Rev1,1,W170,AE-3200,CH-B,MID-05,Mid,0.52,270.0,40.81,40.82,37.0,1668.2,False,True,True,True,1,3.96,
4908,Rev1,1,W170,AE-3200,CH-B,MID-06,Mid,0.52,330.0,40.7,39.51,36.67,1593.0,False,True,True,True,0,0.0,
4909,Rev1,1,W170,AE-3200,CH-B,EDG-01,Edge,0.84,0.0,39.29,41.81,36.34,1652.7,True,True,True,True,0,0.0,
4910,Rev1,1,W170,AE-3200,CH-B,EDG-02,Edge,0.84,32.7,41.14,42.44,35.17,1704.6,False,False,True,True,0,0.0,
4911,Rev1,1,W170,AE-3200,CH-B,EDG-03,Edge,0.84,65.5,40.75,41.13,37.47,1713.9,False,True,True,True,1,6.24,polymer_residue
4912,Rev1,1,W170,AE-3200,CH-B,EDG-04,Edge,0.84,98.2,42.27,41.87,37.18,1664.8,False,True,True,True,0,0.0,
4913,Rev1,1,W170,AE-3200,CH-B,EDG-05,Edge,0.84,130.9,41.92,42.29,33.34,1677.5,False,False,False,True,2,5.03,pressure_spike
4914,Rev1,1,W170,AE-3200,CH-B,EDG-06,Edge,0.84,163.6,40.53,41.76,34.41,1601.9,False,True,True,True,1,4.66,
4915,Rev1,1,W170,AE-3200,CH-B,EDG-07,Edge,0.84,196.4,40.25,42.54,36.27,1659.9,True,False,True,True,1,2.0,polymer_residue
4916,Rev1,1,W170,AE-3200,CH-B,EDG-08,Edge,0.84,229.1,40.75,41.44,36.09,1642.8,False,True,True,True,3,17.91,esc_temp_drift
4917,Rev1,1,W170,AE-3200,CH-B,EDG-09,Edge,0.84,261.8,42.3,41.78,36.79,1616.3,False,True,True,True,1,3.82,polymer_residue
4918,Rev1,1,W170,AE-3200,CH-B,EDG-10,Edge,0.84,294.5,40.84,42.77,36.57,1617.0,False,False,True,True,2,11.41,polymer_residue
4919,Rev1,1,W170,AE-3200,CH-B,EDG-11,Edge,0.84,327.3,40.86,41.65,38.2,1624.3,False,True,True,True,1,4.14,
4920,Rev1,1,W170,AE-3200,CH-B,EXT-01,Extreme Edge,0.96,16.4,41.68,42.68,36.51,1741.6,False,False,True,True,0,0.0,
4921,Rev1,1,W170,AE-3200,CH-B,EXT-02,Extreme Edge,0.96,49.1,40.6,40.84,35.66,1722.2,False,True,True,True,2,9.84,pressure_spike
4922,Rev1,1,W170,AE-3200,CH-B,EXT-03,Extreme Edge,0.96,81.8,41.68,41.31,36.61,1592.4,False,True,True,True,0,0.0,
4923,Rev1,1,W170,AE-3200,CH-B,EXT-04,Extreme Edge,0.96,114.5,40.89,41.13,38.84,1641.0,False,True,True,True,1,2.07,polymer_residue
4924,Rev1,1,W170,AE-3200,CH-B,EXT-05,Extreme Edge,0.96,147.3,41.31,41.15,37.73,1659.7,False,True,True,True,0,0.0,
4925,Rev1,1,W170,AE-3200,CH-B,EXT-06,Extreme Edge,0.96,180.0,41.6,41.66,36.66,1681.6,False,True,True,True,0,0.0,
4926,Rev1,1,W170,AE-3200,CH-B,EXT-07,Extreme Edge,0.96,212.7,42.06,41.61,37.81,1624.7,False,True,True,True,0,0.0,
4927,Rev1,1,W170,AE-3200,CH-B,EXT-08,Extreme Edge,0.96,245.5,40.71,41.47,36.13,1680.8,False,True,True,True,0,0.0,
4928,Rev1,1,W170,AE-3200,CH-B,EXT-09,Extreme Edge,0.96,278.2,39.6,42.11,35.86,1718.0,True,False,True,True,0,0.0,
4929,Rev1,1,W170,AE-3200,CH-B,EXT-10,Extreme Edge,0.96,310.9,42.14,40.99,39.16,1734.7,False,True,True,True,3,8.77,endpoint_late
4930,Rev1,1,W170,AE-3200,CH-B,EXT-11,Extreme Edge,0.96,343.6,41.24,41.97,38.39,1708.2,False,True,True,True,1,5.08,esc_temp_drift
4931,Base,0,W171,AE-3200,CH-A,C1,Center,0.0,0.0,39.15,41.38,36.98,1574.1,True,True,True,False,0,0.0,
4932,Base,0,W171,AE-3200,CH-A,MID-01,Mid,0.52,30.0,39.56,38.54,37.09,1589.5,True,True,True,True,0,0.0,
4933,Base,0,W171,AE-3200,CH-A,MID-02,Mid,0.52,90.0,41.03,41.66,38.73,1516.6,False,True,True,False,0,0.0,
4934,Base,0,W171,AE-3200,CH-A,MID-03,Mid,0.52,150.0,40.73,40.63,36.23,1554.2,False,True,True,False,0,0.0,
4935,Base,0,W171,AE-3200,CH-A,MID-04,Mid,0.52,210.0,41.35,39.86,36.14,1638.1,False,True,True,True,0,0.0,
4936,Base,0,W171,AE-3200,CH-A,MID-05,Mid,0.52,270.0,39.86,41.62,37.14,1617.3,True,True,True,True,0,0.0,
4937,Base,0,W171,AE-3200,CH-A,MID-06,Mid,0.52,330.0,40.46,41.03,39.14,1595.1,False,True,True,True,0,0.0,
4938,Base,0,W171,AE-3200,CH-A,EDG-01,Edge,0.84,0.0,40.83,41.81,39.22,1765.3,False,True,True,False,1,4.21,
4939,Base,0,W171,AE-3200,CH-A,EDG-02,Edge,0.84,32.7,41.48,41.32,36.33,1558.0,False,True,True,False,4,17.0,
4940,Base,0,W171,AE-3200,CH-A,EDG-03,Edge,0.84,65.5,40.54,41.6,40.44,1671.1,False,True,False,True,1,5.92,
4941,Base,0,W171,AE-3200,CH-A,EDG-04,Edge,0.84,98.2,40.69,42.47,38.51,1621.7,False,False,True,True,0,0.0,
4942,Base,0,W171,AE-3200,CH-A,EDG-05,Edge,0.84,130.9,41.32,42.21,38.3,1630.2,False,False,True,True,1,3.93,esc_temp_drift
4943,Base,0,W171,AE-3200,CH-A,EDG-06,Edge,0.84,163.6,40.99,42.29,33.82,1594.8,False,False,False,True,2,5.58,
4944,Base,0,W171,AE-3200,CH-A,EDG-07,Edge,0.84,196.4,42.42,42.35,39.38,1624.8,False,False,True,True,1,6.3,
4945,Base,0,W171,AE-3200,CH-A,EDG-08,Edge,0.84,229.1,41.35,40.61,37.87,1555.8,False,True,True,False,0,0.0,
4946,Base,0,W171,AE-3200,CH-A,EDG-09,Edge,0.84,261.8,41.89,40.74,36.45,1580.9,False,True,True,True,0,0.0,
4947,Base,0,W171,AE-3200,CH-A,EDG-10,Edge,0.84,294.5,41.85,42.36,38.06,1632.6,False,False,True,True,0,0.0,
4948,Base,0,W171,AE-3200,CH-A,EDG-11,Edge,0.84,327.3,40.19,41.73,36.9,1604.9,True,True,True,True,0,0.0,
4949,Base,0,W171,AE-3200,CH-A,EXT-01,Extreme Edge,0.96,16.4,40.81,40.12,38.19,1562.8,False,True,True,False,0,0.0,
4950,Base,0,W171,AE-3200,CH-A,EXT-02,Extreme Edge,0.96,49.1,42.04,41.18,39.27,1541.7,False,True,True,False,0,0.0,
4951,Base,0,W171,AE-3200,CH-A,EXT-03,Extreme Edge,0.96,81.8,41.82,41.44,36.7,1574.8,False,True,True,False,2,7.62,
4952,Base,0,W171,AE-3200,CH-A,EXT-04,Extreme Edge,0.96,114.5,41.76,41.08,36.02,1578.3,False,True,True,False,3,15.5,
4953,Base,0,W171,AE-3200,CH-A,EXT-05,Extreme Edge,0.96,147.3,41.12,42.82,38.25,1576.5,False,False,True,False,1,5.4,polymer_residue
4954,Base,0,W171,AE-3200,CH-A,EXT-06,Extreme Edge,0.96,180.0,42.37,40.86,38.87,1667.6,False,True,True,True,0,0.0,
4955,Base,0,W171,AE-3200,CH-A,EXT-07,Extreme Edge,0.96,212.7,41.15,42.43,41.46,1604.3,False,False,False,True,2,10.58,
4956,Base,0,W171,AE-3200,CH-A,EXT-08,Extreme Edge,0.96,245.5,41.05,40.24,40.39,1594.2,False,True,True,True,0,0.0,
4957,Base,0,W171,AE-3200,CH-A,EXT-09,Extreme Edge,0.96,278.2,41.81,42.35,35.79,1626.9,False,False,True,True,0,0.0,
4958,Base,0,W171,AE-3200,CH-A,EXT-10,Extreme Edge,0.96,310.9,41.02,40.53,38.26,1628.7,False,True,True,True,0,0.0,
4959,Base,0,W171,AE-3200,CH-A,EXT-11,Extreme Edge,0.96,343.6,41.17,43.22,38.23,1653.7,False,False,True,True,0,0.0,
4960,Rev2,2,W172,PX-7500,CH-C,C1,Center,0.0,0.0,39.43,39.85,37.23,1554.8,True,True,True,False,1,1.9,
4961,Rev2,2,W172,PX-7500,CH-C,MID-01,Mid,0.52,30.0,38.88,39.61,38.09,1734.2,True,True,True,True,0,0.0,
4962,Rev2,2,W172,PX-7500,CH-C,MID-02,Mid,0.52,90.0,40.21,41.06,36.76,1654.5,True,True,True,True,0,0.0,
4963,Rev2,2,W172,PX-7500,CH-C,MID-03,Mid,0.52,150.0,39.48,40.39,36.76,1570.2,True,True,True,False,0,0.0,
4964,Rev2,2,W172,PX-7500,CH-C,MID-04,Mid,0.52,210.0,40.62,40.25,37.02,1638.6,False,True,True,True,0,0.0,
4965,Rev2,2,W172,PX-7500,CH-C,MID-05,Mid,0.52,270.0,39.11,40.99,36.21,1677.2,True,True,True,True,0,0.0,
4966,Rev2,2,W172,PX-7500,CH-C,MID-06,Mid,0.52,330.0,40.09,39.74,35.78,1649.9,True,True,True,True,0,0.0,
4967,Rev2,2,W172,PX-7500,CH-C,EDG-01,Edge,0.84,0.0,40.72,40.77,36.5,1628.6,False,True,True,True,1,5.01,
4968,Rev2,2,W172,PX-7500,CH-C,EDG-02,Edge,0.84,32.7,40.33,41.56,35.99,1666.9,True,True,True,True,2,6.52,polymer_residue
4969,Rev2,2,W172,PX-7500,CH-C,EDG-03,Edge,0.84,65.5,41.33,42.21,36.17,1693.2,False,False,True,True,1,4.62,polymer_residue
4970,Rev2,2,W172,PX-7500,CH-C,EDG-04,Edge,0.84,98.2,40.86,41.76,38.16,1578.1,False,True,True,False,2,6.45,
4971,Rev2,2,W172,PX-7500,CH-C,EDG-05,Edge,0.84,130.9,41.59,41.11,37.36,1655.8,False,True,True,True,0,0.0,
4972,Rev2,2,W172,PX-7500,CH-C,EDG-06,Edge,0.84,163.6,41.3,41.33,37.53,1660.6,False,True,True,True,2,7.58,polymer_residue
4973,Rev2,2,W172,PX-7500,CH-C,EDG-07,Edge,0.84,196.4,38.71,40.95,34.72,1732.6,True,True,True,True,0,0.0,
4974,Rev2,2,W172,PX-7500,CH-C,EDG-08,Edge,0.84,229.1,40.2,41.52,34.15,1583.8,True,True,False,True,0,0.0,
4975,Rev2,2,W172,PX-7500,CH-C,EDG-09,Edge,0.84,261.8,41.48,40.55,34.8,1668.2,False,True,True,True,0,0.0,
4976,Rev2,2,W172,PX-7500,CH-C,EDG-10,Edge,0.84,294.5,41.52,42.06,37.25,1660.7,False,False,True,True,0,0.0,
4977,Rev2,2,W172,PX-7500,CH-C,EDG-11,Edge,0.84,327.3,41.02,41.57,37.15,1683.0,False,True,True,True,1,2.96,endpoint_late
4978,Rev2,2,W172,PX-7500,CH-C,EXT-01,Extreme Edge,0.96,16.4,41.63,43.04,38.31,1601.4,False,False,True,True,0,0.0,
4979,Rev2,2,W172,PX-7500,CH-C,EXT-02,Extreme Edge,0.96,49.1,40.91,42.95,38.04,1662.2,False,False,True,True,2,5.72,
4980,Rev2,2,W172,PX-7500,CH-C,EXT-03,Extreme Edge,0.96,81.8,41.71,41.28,35.76,1628.4,False,True,True,True,3,11.95,
4981,Rev2,2,W172,PX-7500,CH-C,EXT-04,Extreme Edge,0.96,114.5,40.85,41.56,35.82,1620.3,False,True,True,True,0,0.0,
4982,Rev2,2,W172,PX-7500,CH-C,EXT-05,Extreme Edge,0.96,147.3,41.54,41.76,34.01,1640.8,False,True,False,True,1,3.72,
4983,Rev2,2,W172,PX-7500,CH-C,EXT-06,Extreme Edge,0.96,180.0,40.81,42.11,36.42,1669.5,False,False,True,True,0,0.0,
4984,Rev2,2,W172,PX-7500,CH-C,EXT-07,Extreme Edge,0.96,212.7,42.79,40.29,37.29,1578.1,False,True,True,False,0,0.0,
4985,Rev2,2,W172,PX-7500,CH-C,EXT-08,Extreme Edge,0.96,245.5,40.83,41.74,38.38,1663.8,False,True,True,True,2,12.58,polymer_residue
4986,Rev2,2,W172,PX-7500,CH-C,EXT-09,Extreme Edge,0.96,278.2,41.08,41.37,36.88,1722.0,False,True,True,True,0,0.0,
4987,Rev2,2,W172,PX-7500,CH-C,EXT-10,Extreme Edge,0.96,310.9,41.42,43.19,33.92,1658.6,False,False,False,True,1,5.56,
4988,Rev2,2,W172,PX-7500,CH-C,EXT-11,Extreme Edge,0.96,343.6,40.55,42.11,37.16,1573.9,False,False,True,False,0,0.0,
4989,Rev10,10,W173,PX-7500,CH-C,C1,Center,0.0,0.0,35.86,38.3,35.6,1739.3,False,True,True,True,1,5.17,
4990,Rev10,10,W173,PX-7500,CH-C,MID-01,Mid,0.52,30.0,37.96,38.8,37.51,1665.0,True,True,True,True,0,0.0,
4991,Rev10,10,W173,PX-7500,CH-C,MID-02,Mid,0.52,90.0,38.27,38.62,37.48,1706.9,True,True,True,True,1,5.88,polymer_residue
4992,Rev10,10,W173,PX-7500,CH-C,MID-03,Mid,0.52,150.0,36.94,39.24,37.66,1702.4,True,True,True,True,0,0.0,
4993,Rev10,10,W173,PX-7500,CH-C,MID-04,Mid,0.52,210.0,37.8,38.99,37.24,1692.2,True,True,True,True,0,0.0,
4994,Rev10,10,W173,PX-7500,CH-C,MID-05,Mid,0.52,270.0,37.14,40.55,33.33,1715.1,True,True,False,True,1,2.6,
4995,Rev10,10,W173,PX-7500,CH-C,MID-06,Mid,0.52,330.0,38.34,37.66,37.21,1672.6,True,False,True,True,0,0.0,
4996,Rev10,10,W173,PX-7500,CH-C,EDG-01,Edge,0.84,0.0,39.06,40.17,38.17,1700.5,True,True,True,True,2,11.62,polymer_residue
4997,Rev10,10,W173,PX-7500,CH-C,EDG-02,Edge,0.84,32.7,38.51,39.36,37.3,1735.3,True,True,True,True,0,0.0,
4998,Rev10,10,W173,PX-7500,CH-C,EDG-03,Edge,0.84,65.5,38.73,40.26,38.46,1737.1,True,True,True,True,0,0.0,
4999,Rev10,10,W173,PX-7500,CH-C,EDG-04,Edge,0.84,98.2,38.93,39.5,34.99,1746.7,True,True,True,True,0,0.0,
5000,Rev10,10,W173,PX-7500,CH-C,EDG-05,Edge,0.84,130.9,38.69,39.6,35.87,1735.6,True,True,True,True,1,4.37,polymer_residue
5001,Rev10,10,W173,PX-7500,CH-C,EDG-06,Edge,0.84,163.6,38.76,39.81,37.26,1789.5,True,True,True,False,0,0.0,
5002,Rev10,10,W173,PX-7500,CH-C,EDG-07,Edge,0.84,196.4,39.28,38.13,37.08,1751.9,True,True,True,True,0,0.0,
5003,Rev10,10,W173,PX-7500,CH-C,EDG-08,Edge,0.84,229.1,39.55,40.1,35.97,1751.9,True,True,True,True,0,0.0,
5004,Rev10,10,W173,PX-7500,CH-C,EDG-09,Edge,0.84,261.8,38.14,39.76,36.59,1700.0,True,True,True,True,1,6.17,
5005,Rev10,10,W173,PX-7500,CH-C,EDG-10,Edge,0.84,294.5,39.07,39.52,38.31,1767.3,True,True,True,False,0,0.0,
5006,Rev10,10,W173,PX-7500,CH-C,EDG-11,Edge,0.84,327.3,38.49,40.33,36.67,1793.1,True,True,True,False,1,6.18,polymer_residue
5007,Rev10,10,W173,PX-7500,CH-C,EXT-01,Extreme Edge,0.96,16.4,39.29,39.59,35.25,1721.9,True,True,True,True,0,0.0,
5008,Rev10,10,W173,PX-7500,CH-C,EXT-02,Extreme Edge,0.96,49.1,38.62,39.47,37.65,1809.3,True,True,True,False,1,5.09,polymer_residue
5009,Rev10,10,W173,PX-7500,CH-C,EXT-03,Extreme Edge,0.96,81.8,38.5,40.19,34.44,1705.6,True,True,True,True,0,0.0,
5010,Rev10,10,W173,PX-7500,CH-C,EXT-04,Extreme Edge,0.96,114.5,38.74,41.59,38.87,1707.1,True,True,True,True,2,11.11,
5011,Rev10,10,W173,PX-7500,CH-C,EXT-05,Extreme Edge,0.96,147.3,38.98,39.76,36.09,1732.8,True,True,True,True,0,0.0,
5012,Rev10,10,W173,PX-7500,CH-C,EXT-06,Extreme Edge,0.96,180.0,39.12,40.68,37.04,1800.1,True,True,True,False,1,3.02,arc_event
5013,Rev10,10,W173,PX-7500,CH-C,EXT-07,Extreme Edge,0.96,212.7,39.29,38.79,38.22,1777.1,True,True,True,False,1,1.93,polymer_residue
5014,Rev10,10,W173,PX-7500,CH-C,EXT-08,Extreme Edge,0.96,245.5,38.79,38.96,37.56,1722.3,True,True,True,True,1,3.83,polymer_residue
5015,Rev10,10,W173,PX-7500,CH-C,EXT-09,Extreme Edge,0.96,278.2,37.84,40.01,35.78,1813.9,True,True,True,False,1,2.36,polymer_residue
5016,Rev10,10,W173,PX-7500,CH-C,EXT-10,Extreme Edge,0.96,310.9,38.37,40.34,37.65,1841.2,True,True,True,False,0,0.0,
5017,Rev10,10,W173,PX-7500,CH-C,EXT-11,Extreme Edge,0.96,343.6,38.64,39.14,38.06,1761.1,True,True,True,False,0,0.0,
5018,Rev6,6,W174,PX-7500,CH-C,C1,Center,0.0,0.0,38.4,40.67,36.81,1698.2,True,True,True,True,0,0.0,
5019,Rev6,6,W174,PX-7500,CH-C,MID-01,Mid,0.52,30.0,37.86,38.99,37.34,1716.1,True,True,True,True,0,0.0,
5020,Rev6,6,W174,PX-7500,CH-C,MID-02,Mid,0.52,90.0,37.46,37.44,35.33,1663.6,True,False,True,True,0,0.0,
5021,Rev6,6,W174,PX-7500,CH-C,MID-03,Mid,0.52,150.0,37.85,40.57,38.0,1653.8,True,True,True,True,0,0.0,
5022,Rev6,6,W174,PX-7500,CH-C,MID-04,Mid,0.52,210.0,36.79,40.19,39.49,1682.5,True,True,True,True,0,0.0,
5023,Rev6,6,W174,PX-7500,CH-C,MID-05,Mid,0.52,270.0,37.35,39.82,36.62,1669.6,True,True,True,True,0,0.0,
5024,Rev6,6,W174,PX-7500,CH-C,MID-06,Mid,0.52,330.0,37.02,39.48,37.66,1634.7,True,True,True,True,0,0.0,
5025,Rev6,6,W174,PX-7500,CH-C,EDG-01,Edge,0.84,0.0,39.56,40.37,36.88,1606.8,True,True,True,True,0,0.0,
5026,Rev6,6,W174,PX-7500,CH-C,EDG-02,Edge,0.84,32.7,38.12,38.73,38.11,1748.0,True,True,True,True,0,0.0,
5027,Rev6,6,W174,PX-7500,CH-C,EDG-03,Edge,0.84,65.5,37.95,39.73,36.16,1692.8,True,True,True,True,0,0.0,
5028,Rev6,6,W174,PX-7500,CH-C,EDG-04,Edge,0.84,98.2,38.86,38.92,36.93,1629.8,True,True,True,True,0,0.0,
5029,Rev6,6,W174,PX-7500,CH-C,EDG-05,Edge,0.84,130.9,38.46,40.5,35.53,1650.1,True,True,True,True,0,0.0,
5030,Rev6,6,W174,PX-7500,CH-C,EDG-06,Edge,0.84,163.6,37.9,40.03,34.44,1725.9,True,True,True,True,1,2.83,
5031,Rev6,6,W174,PX-7500,CH-C,EDG-07,Edge,0.84,196.4,37.83,41.85,35.85,1684.0,True,True,True,True,2,12.87,polymer_residue
5032,Rev6,6,W174,PX-7500,CH-C,EDG-08,Edge,0.84,229.1,37.94,39.66,36.16,1763.8,True,True,True,False,0,0.0,
5033,Rev6,6,W174,PX-7500,CH-C,EDG-09,Edge,0.84,261.8,39.47,39.99,39.87,1643.8,True,True,True,True,0,0.0,
5034,Rev6,6,W174,PX-7500,CH-C,EDG-10,Edge,0.84,294.5,38.5,39.11,36.1,1683.0,True,True,True,True,1,5.41,esc_temp_drift
5035,Rev6,6,W174,PX-7500,CH-C,EDG-11,Edge,0.84,327.3,38.53,40.87,35.95,1690.8,True,True,True,True,0,0.0,
5036,Rev6,6,W174,PX-7500,CH-C,EXT-01,Extreme Edge,0.96,16.4,38.78,40.07,35.27,1739.8,True,True,True,True,2,8.59,polymer_residue
5037,Rev6,6,W174,PX-7500,CH-C,EXT-02,Extreme Edge,0.96,49.1,38.62,41.04,33.68,1625.3,True,True,False,True,1,5.23,esc_temp_drift
5038,Rev6,6,W174,PX-7500,CH-C,EXT-03,Extreme Edge,0.96,81.8,38.98,40.15,36.85,1771.7,True,True,True,False,1,5.24,
5039,Rev6,6,W174,PX-7500,CH-C,EXT-04,Extreme Edge,0.96,114.5,37.78,40.64,35.92,1670.9,True,True,True,True,0,0.0,
5040,Rev6,6,W174,PX-7500,CH-C,EXT-05,Extreme Edge,0.96,147.3,39.49,38.67,34.12,1685.7,True,True,False,True,0,0.0,
5041,Rev6,6,W174,PX-7500,CH-C,EXT-06,Extreme Edge,0.96,180.0,39.18,40.26,37.43,1690.5,True,True,True,True,0,0.0,
5042,Rev6,6,W174,PX-7500,CH-C,EXT-07,Extreme Edge,0.96,212.7,39.5,40.18,38.64,1643.2,True,True,True,True,1,5.24,polymer_residue
5043,Rev6,6,W174,PX-7500,CH-C,EXT-08,Extreme Edge,0.96,245.5,38.22,40.33,36.76,1741.0,True,True,True,True,0,0.0,
5044,Rev6,6,W174,PX-7500,CH-C,EXT-09,Extreme Edge,0.96,278.2,39.23,39.89,35.43,1768.3,True,True,True,False,0,0.0,
5045,Rev6,6,W174,PX-7500,CH-C,EXT-10,Extreme Edge,0.96,310.9,38.94,39.39,34.78,1736.2,True,True,True,True,0,0.0,
5046,Rev6,6,W174,PX-7500,CH-C,EXT-11,Extreme Edge,0.96,343.6,38.69,40.12,36.52,1727.9,True,True,True,True,1,6.49,
5047,Rev9,9,W175,AE-3200,CH-B,C1,Center,0.0,0.0,38.0,39.28,36.5,1796.8,True,True,True,False,0,0.0,
5048,Rev9,9,W175,AE-3200,CH-B,MID-01,Mid,0.52,30.0,37.84,40.65,36.49,1803.4,True,True,True,False,1,2.12,pressure_spike
5049,Rev9,9,W175,AE-3200,CH-B,MID-02,Mid,0.52,90.0,38.7,40.45,37.29,1755.9,True,True,True,True,0,0.0,
5050,Rev9,9,W175,AE-3200,CH-B,MID-03,Mid,0.52,150.0,37.57,40.75,36.71,1830.8,True,True,True,False,2,5.02,polymer_residue
5051,Rev9,9,W175,AE-3200,CH-B,MID-04,Mid,0.52,210.0,38.78,39.91,40.63,1857.4,True,True,False,False,0,0.0,
5052,Rev9,9,W175,AE-3200,CH-B,MID-05,Mid,0.52,270.0,37.68,40.39,39.7,1840.5,True,True,True,False,0,0.0,
5053,Rev9,9,W175,AE-3200,CH-B,MID-06,Mid,0.52,330.0,37.84,40.65,39.57,1823.5,True,True,True,False,0,0.0,
5054,Rev9,9,W175,AE-3200,CH-B,EDG-01,Edge,0.84,0.0,39.4,41.56,37.94,1924.3,True,True,True,False,1,3.9,polymer_residue
5055,Rev9,9,W175,AE-3200,CH-B,EDG-02,Edge,0.84,32.7,39.77,41.69,38.3,1808.5,True,True,True,False,0,0.0,
5056,Rev9,9,W175,AE-3200,CH-B,EDG-03,Edge,0.84,65.5,38.94,40.48,38.16,1846.9,True,True,True,False,1,3.79,polymer_residue
5057,Rev9,9,W175,AE-3200,CH-B,EDG-04,Edge,0.84,98.2,39.0,41.57,36.97,1856.6,True,True,True,False,1,4.8,
5058,Rev9,9,W175,AE-3200,CH-B,EDG-05,Edge,0.84,130.9,38.68,41.58,39.7,1808.3,True,True,True,False,0,0.0,
5059,Rev9,9,W175,AE-3200,CH-B,EDG-06,Edge,0.84,163.6,39.65,41.84,37.63,1809.4,True,True,True,False,2,8.79,polymer_residue
5060,Rev9,9,W175,AE-3200,CH-B,EDG-07,Edge,0.84,196.4,39.85,41.26,40.13,1693.4,True,True,True,True,1,3.88,
5061,Rev9,9,W175,AE-3200,CH-B,EDG-08,Edge,0.84,229.1,39.13,40.45,37.66,1898.2,True,True,True,False,0,0.0,
5062,Rev9,9,W175,AE-3200,CH-B,EDG-09,Edge,0.84,261.8,39.94,40.2,39.7,1827.8,True,True,True,False,3,19.33,polymer_residue
5063,Rev9,9,W175,AE-3200,CH-B,EDG-10,Edge,0.84,294.5,39.24,40.54,40.2,1747.7,True,True,True,True,1,5.13,
5064,Rev9,9,W175,AE-3200,CH-B,EDG-11,Edge,0.84,327.3,40.26,40.64,40.7,1811.0,True,True,False,False,0,0.0,
5065,Rev9,9,W175,AE-3200,CH-B,EXT-01,Extreme Edge,0.96,16.4,39.4,41.12,37.49,1836.3,True,True,True,False,0,0.0,
5066,Rev9,9,W175,AE-3200,CH-B,EXT-02,Extreme Edge,0.96,49.1,40.66,41.97,38.19,1915.8,False,True,True,False,2,9.92,
5067,Rev9,9,W175,AE-3200,CH-B,EXT-03,Extreme Edge,0.96,81.8,40.36,41.03,41.67,1820.9,True,True,False,False,0,0.0,
5068,Rev9,9,W175,AE-3200,CH-B,EXT-04,Extreme Edge,0.96,114.5,40.46,43.28,38.57,1852.5,False,False,True,False,2,10.25,polymer_residue
5069,Rev9,9,W175,AE-3200,CH-B,EXT-05,Extreme Edge,0.96,147.3,39.27,40.87,37.94,1877.8,True,True,True,False,1,3.48,
5070,Rev9,9,W175,AE-3200,CH-B,EXT-06,Extreme Edge,0.96,180.0,39.36,39.58,38.75,1797.4,True,True,True,False,0,0.0,
5071,Rev9,9,W175,AE-3200,CH-B,EXT-07,Extreme Edge,0.96,212.7,39.16,42.33,40.83,1835.8,True,False,False,False,3,13.8,
5072,Rev9,9,W175,AE-3200,CH-B,EXT-08,Extreme Edge,0.96,245.5,39.66,42.27,39.32,1898.1,True,False,True,False,1,4.87,polymer_residue
5073,Rev9,9,W175,AE-3200,CH-B,EXT-09,Extreme Edge,0.96,278.2,40.16,41.03,39.68,1841.5,True,True,True,False,1,6.08,polymer_residue
5074,Rev9,9,W175,AE-3200,CH-B,EXT-10,Extreme Edge,0.96,310.9,39.91,42.94,37.26,1857.1,True,False,True,False,2,4.89,esc_temp_drift
5075,Rev9,9,W175,AE-3200,CH-B,EXT-11,Extreme Edge,0.96,343.6,41.39,42.04,41.62,1873.4,False,False,False,False,0,0.0,
5076,Rev5,5,W176,AE-3200,CH-B,C1,Center,0.0,0.0,37.97,39.71,35.3,1544.7,True,True,True,False,0,0.0,
5077,Rev5,5,W176,AE-3200,CH-B,MID-01,Mid,0.52,30.0,38.81,38.9,35.71,1554.1,True,True,True,False,1,4.08,
5078,Rev5,5,W176,AE-3200,CH-B,MID-02,Mid,0.52,90.0,38.03,39.51,37.6,1586.3,True,True,True,True,0,0.0,
5079,Rev5,5,W176,AE-3200,CH-B,MID-03,Mid,0.52,150.0,40.37,38.94,36.99,1656.5,True,True,True,True,0,0.0,
5080,Rev5,5,W176,AE-3200,CH-B,MID-04,Mid,0.52,210.0,38.42,40.47,38.61,1666.0,True,True,True,True,0,0.0,
5081,Rev5,5,W176,AE-3200,CH-B,MID-05,Mid,0.52,270.0,39.48,39.65,37.64,1646.8,True,True,True,True,0,0.0,
5082,Rev5,5,W176,AE-3200,CH-B,MID-06,Mid,0.52,330.0,38.76,40.54,37.48,1580.9,True,True,True,True,0,0.0,
5083,Rev5,5,W176,AE-3200,CH-B,EDG-01,Edge,0.84,0.0,40.14,40.99,38.12,1696.0,True,True,True,True,1,6.43,esc_temp_drift
5084,Rev5,5,W176,AE-3200,CH-B,EDG-02,Edge,0.84,32.7,39.19,40.23,36.72,1603.6,True,True,True,True,0,0.0,
5085,Rev5,5,W176,AE-3200,CH-B,EDG-03,Edge,0.84,65.5,41.07,39.68,37.96,1653.7,False,True,True,True,0,0.0,
5086,Rev5,5,W176,AE-3200,CH-B,EDG-04,Edge,0.84,98.2,40.92,40.48,37.46,1625.0,False,True,True,True,1,2.72,polymer_residue
5087,Rev5,5,W176,AE-3200,CH-B,EDG-05,Edge,0.84,130.9,40.9,41.34,38.07,1596.2,False,True,True,True,1,5.16,
5088,Rev5,5,W176,AE-3200,CH-B,EDG-06,Edge,0.84,163.6,39.44,40.76,36.5,1636.9,True,True,True,True,1,5.2,pressure_spike
5089,Rev5,5,W176,AE-3200,CH-B,EDG-07,Edge,0.84,196.4,39.99,41.8,38.88,1634.2,True,True,True,True,1,2.77,polymer_residue
5090,Rev5,5,W176,AE-3200,CH-B,EDG-08,Edge,0.84,229.1,40.7,39.25,38.7,1577.7,False,True,True,False,0,0.0,
5091,Rev5,5,W176,AE-3200,CH-B,EDG-09,Edge,0.84,261.8,39.09,40.08,36.7,1737.6,True,True,True,True,0,0.0,
5092,Rev5,5,W176,AE-3200,CH-B,EDG-10,Edge,0.84,294.5,39.38,40.93,36.69,1730.1,True,True,True,True,0,0.0,
5093,Rev5,5,W176,AE-3200,CH-B,EDG-11,Edge,0.84,327.3,40.07,40.85,36.12,1672.0,True,True,True,True,0,0.0,
5094,Rev5,5,W176,AE-3200,CH-B,EXT-01,Extreme Edge,0.96,16.4,39.99,42.08,39.23,1591.1,True,False,True,True,0,0.0,
5095,Rev5,5,W176,AE-3200,CH-B,EXT-02,Extreme Edge,0.96,49.1,40.86,41.5,39.15,1743.4,False,True,True,True,1,6.29,
5096,Rev5,5,W176,AE-3200,CH-B,EXT-03,Extreme Edge,0.96,81.8,40.77,40.2,39.24,1642.7,False,True,True,True,0,0.0,
5097,Rev5,5,W176,AE-3200,CH-B,EXT-04,Extreme Edge,0.96,114.5,40.98,39.81,38.61,1673.2,False,True,True,True,0,0.0,
5098,Rev5,5,W176,AE-3200,CH-B,EXT-05,Extreme Edge,0.96,147.3,40.53,40.98,38.81,1582.2,False,True,True,True,0,0.0,
5099,Rev5,5,W176,AE-3200,CH-B,EXT-06,Extreme Edge,0.96,180.0,41.67,40.73,39.94,1614.4,False,True,True,True,0,0.0,
5100,Rev5,5,W176,AE-3200,CH-B,EXT-07,Extreme Edge,0.96,212.7,40.41,41.06,39.06,1680.1,False,True,True,True,0,0.0,
5101,Rev5,5,W176,AE-3200,CH-B,EXT-08,Extreme Edge,0.96,245.5,40.37,41.09,38.75,1691.9,True,True,True,True,0,0.0,
5102,Rev5,5,W176,AE-3200,CH-B,EXT-09,Extreme Edge,0.96,278.2,41.65,40.47,39.9,1655.9,False,True,True,True,0,0.0,
5103,Rev5,5,W176,AE-3200,CH-B,EXT-10,Extreme Edge,0.96,310.9,41.08,39.15,40.06,1650.5,False,True,True,True,1,4.99,
5104,Rev5,5,W176,AE-3200,CH-B,EXT-11,Extreme Edge,0.96,343.6,40.7,40.65,40.98,1770.2,False,True,False,False,1,3.29,
5105,Rev11,11,W177,PX-7500,CH-D,C1,Center,0.0,0.0,38.27,39.37,37.63,1709.4,True,True,True,True,0,0.0,
5106,Rev11,11,W177,PX-7500,CH-D,MID-01,Mid,0.52,30.0,39.57,41.95,35.46,1737.8,True,True,True,True,0,0.0,
5107,Rev11,11,W177,PX-7500,CH-D,MID-02,Mid,0.52,90.0,38.03,39.5,41.39,1673.6,True,True,False,True,0,0.0,
5108,Rev11,11,W177,PX-7500,CH-D,MID-03,Mid,0.52,150.0,38.97,41.2,35.4,1780.5,True,True,True,False,0,0.0,
5109,Rev11,11,W177,PX-7500,CH-D,MID-04,Mid,0.52,210.0,38.65,40.22,37.67,1742.5,True,True,True,True,1,3.01,
5110,Rev11,11,W177,PX-7500,CH-D,MID-05,Mid,0.52,270.0,39.92,39.19,39.71,1742.2,True,True,True,True,0,0.0,
5111,Rev11,11,W177,PX-7500,CH-D,MID-06,Mid,0.52,330.0,38.77,39.07,37.39,1679.7,True,True,True,True,1,3.17,
5112,Rev11,11,W177,PX-7500,CH-D,EDG-01,Edge,0.84,0.0,41.09,40.21,39.06,1769.4,False,True,True,False,1,4.27,
5113,Rev11,11,W177,PX-7500,CH-D,EDG-02,Edge,0.84,32.7,41.16,41.33,37.76,1718.8,False,True,True,True,1,4.5,
5114,Rev11,11,W177,PX-7500,CH-D,EDG-03,Edge,0.84,65.5,39.45,39.94,38.2,1729.9,True,True,True,True,0,0.0,
5115,Rev11,11,W177,PX-7500,CH-D,EDG-04,Edge,0.84,98.2,40.32,42.81,37.52,1682.1,True,False,True,True,3,7.67,esc_temp_drift
5116,Rev11,11,W177,PX-7500,CH-D,EDG-05,Edge,0.84,130.9,40.19,41.51,36.56,1779.7,True,True,True,False,1,3.82,polymer_residue
5117,Rev11,11,W177,PX-7500,CH-D,EDG-06,Edge,0.84,163.6,40.58,42.01,38.91,1755.8,False,False,True,True,1,4.26,
5118,Rev11,11,W177,PX-7500,CH-D,EDG-07,Edge,0.84,196.4,40.79,40.46,39.07,1744.6,False,True,True,True,1,3.32,
5119,Rev11,11,W177,PX-7500,CH-D,EDG-08,Edge,0.84,229.1,40.67,41.73,39.35,1653.3,False,True,True,True,0,0.0,
5120,Rev11,11,W177,PX-7500,CH-D,EDG-09,Edge,0.84,261.8,40.43,41.31,37.79,1745.7,False,True,True,True,0,0.0,
5121,Rev11,11,W177,PX-7500,CH-D,EDG-10,Edge,0.84,294.5,41.64,41.46,38.46,1723.2,False,True,True,True,1,5.51,polymer_residue
5122,Rev11,11,W177,PX-7500,CH-D,EDG-11,Edge,0.84,327.3,40.8,41.46,33.94,1667.3,False,True,False,True,0,0.0,
5123,Rev11,11,W177,PX-7500,CH-D,EXT-01,Extreme Edge,0.96,16.4,40.71,41.23,38.41,1803.9,False,True,True,False,1,3.0,endpoint_late
5124,Rev11,11,W177,PX-7500,CH-D,EXT-02,Extreme Edge,0.96,49.1,42.17,40.16,37.97,1726.2,False,True,True,True,1,3.48,
5125,Rev11,11,W177,PX-7500,CH-D,EXT-03,Extreme Edge,0.96,81.8,41.4,41.26,40.16,1838.5,False,True,True,False,0,0.0,
5126,Rev11,11,W177,PX-7500,CH-D,EXT-04,Extreme Edge,0.96,114.5,40.57,42.39,38.97,1772.3,False,False,True,False,0,0.0,
5127,Rev11,11,W177,PX-7500,CH-D,EXT-05,Extreme Edge,0.96,147.3,41.76,41.49,35.7,1778.6,False,True,True,False,1,2.06,polymer_residue
5128,Rev11,11,W177,PX-7500,CH-D,EXT-06,Extreme Edge,0.96,180.0,40.57,40.77,37.43,1792.9,False,True,True,False,0,0.0,
5129,Rev11,11,W177,PX-7500,CH-D,EXT-07,Extreme Edge,0.96,212.7,41.06,41.12,39.34,1704.7,False,True,True,True,1,2.02,
5130,Rev11,11,W177,PX-7500,CH-D,EXT-08,Extreme Edge,0.96,245.5,41.6,41.26,35.75,1752.0,False,True,True,True,3,13.69,polymer_residue
5131,Rev11,11,W177,PX-7500,CH-D,EXT-09,Extreme Edge,0.96,278.2,41.12,40.94,37.82,1742.9,False,True,True,True,0,0.0,
5132,Rev11,11,W177,PX-7500,CH-D,EXT-10,Extreme Edge,0.96,310.9,41.21,42.79,40.9,1735.0,False,False,False,True,2,10.37,arc_event
5133,Rev11,11,W177,PX-7500,CH-D,EXT-11,Extreme Edge,0.96,343.6,41.75,41.02,38.14,1729.9,False,True,True,True,1,4.42,arc_event
5134,Rev9,9,W178,AE-3200,CH-B,C1,Center,0.0,0.0,36.91,38.08,39.2,1708.5,True,True,True,True,0,0.0,
5135,Rev9,9,W178,AE-3200,CH-B,MID-01,Mid,0.52,30.0,38.79,40.42,41.28,1745.7,True,True,False,True,1,3.97,polymer_residue
5136,Rev9,9,W178,AE-3200,CH-B,MID-02,Mid,0.52,90.0,38.46,40.22,40.42,1802.5,True,True,False,False,0,0.0,
5137,Rev9,9,W178,AE-3200,CH-B,MID-03,Mid,0.52,150.0,38.6,40.18,40.25,1738.7,True,True,True,True,0,0.0,
5138,Rev9,9,W178,AE-3200,CH-B,MID-04,Mid,0.52,210.0,38.28,38.98,39.19,1742.5,True,True,True,True,0,0.0,
5139,Rev9,9,W178,AE-3200,CH-B,MID-05,Mid,0.52,270.0,38.82,39.64,39.23,1874.0,True,True,True,False,1,2.29,polymer_residue
5140,Rev9,9,W178,AE-3200,CH-B,MID-06,Mid,0.52,330.0,38.91,40.5,37.32,1810.0,True,True,True,False,1,3.72,polymer_residue
5141,Rev9,9,W178,AE-3200,CH-B,EDG-01,Edge,0.84,0.0,39.72,41.29,39.51,1789.7,True,True,True,False,2,7.32,
5142,Rev9,9,W178,AE-3200,CH-B,EDG-02,Edge,0.84,32.7,39.09,40.23,40.76,1772.6,True,True,False,False,1,5.35,
5143,Rev9,9,W178,AE-3200,CH-B,EDG-03,Edge,0.84,65.5,39.38,41.64,38.43,1827.4,True,True,True,False,0,0.0,
5144,Rev9,9,W178,AE-3200,CH-B,EDG-04,Edge,0.84,98.2,39.53,39.99,38.5,1765.6,True,True,True,False,1,4.2,
5145,Rev9,9,W178,AE-3200,CH-B,EDG-05,Edge,0.84,130.9,38.58,41.13,39.24,1736.5,True,True,True,True,1,3.2,
5146,Rev9,9,W178,AE-3200,CH-B,EDG-06,Edge,0.84,163.6,39.68,39.61,38.26,1841.6,True,True,True,False,2,3.62,
5147,Rev9,9,W178,AE-3200,CH-B,EDG-07,Edge,0.84,196.4,38.49,39.95,40.13,1798.4,True,True,True,False,0,0.0,
5148,Rev9,9,W178,AE-3200,CH-B,EDG-08,Edge,0.84,229.1,39.39,39.78,38.79,1826.6,True,True,True,False,0,0.0,
5149,Rev9,9,W178,AE-3200,CH-B,EDG-09,Edge,0.84,261.8,40.89,40.52,40.54,1738.4,False,True,False,True,0,0.0,
5150,Rev9,9,W178,AE-3200,CH-B,EDG-10,Edge,0.84,294.5,40.12,40.45,39.1,1798.8,True,True,True,False,0,0.0,
5151,Rev9,9,W178,AE-3200,CH-B,EDG-11,Edge,0.84,327.3,37.92,40.21,38.0,1807.5,True,True,True,False,0,0.0,
5152,Rev9,9,W178,AE-3200,CH-B,EXT-01,Extreme Edge,0.96,16.4,40.1,39.7,40.58,1798.3,True,True,False,False,2,4.65,polymer_residue
5153,Rev9,9,W178,AE-3200,CH-B,EXT-02,Extreme Edge,0.96,49.1,40.56,41.8,38.55,1731.4,False,True,True,True,0,0.0,
5154,Rev9,9,W178,AE-3200,CH-B,EXT-03,Extreme Edge,0.96,81.8,39.25,40.42,39.82,1783.5,True,True,True,False,0,0.0,
5155,Rev9,9,W178,AE-3200,CH-B,EXT-04,Extreme Edge,0.96,114.5,39.37,41.13,39.18,1850.5,True,True,True,False,1,5.74,polymer_residue
5156,Rev9,9,W178,AE-3200,CH-B,EXT-05,Extreme Edge,0.96,147.3,40.68,40.35,39.33,1814.5,False,True,True,False,0,0.0,
5157,Rev9,9,W178,AE-3200,CH-B,EXT-06,Extreme Edge,0.96,180.0,39.86,40.26,38.95,1832.9,True,True,True,False,1,2.03,
5158,Rev9,9,W178,AE-3200,CH-B,EXT-07,Extreme Edge,0.96,212.7,40.57,40.57,42.43,1788.0,False,True,False,False,0,0.0,
5159,Rev9,9,W178,AE-3200,CH-B,EXT-08,Extreme Edge,0.96,245.5,39.66,40.76,36.72,1839.7,True,True,True,False,2,8.95,polymer_residue
5160,Rev9,9,W178,AE-3200,CH-B,EXT-09,Extreme Edge,0.96,278.2,39.7,40.55,37.9,1810.4,True,True,True,False,1,5.35,endpoint_late
5161,Rev9,9,W178,AE-3200,CH-B,EXT-10,Extreme Edge,0.96,310.9,40.49,41.44,40.36,1779.2,False,True,True,False,1,3.22,
5162,Rev9,9,W178,AE-3200,CH-B,EXT-11,Extreme Edge,0.96,343.6,39.86,40.15,39.16,1890.5,True,True,True,False,0,0.0,
5163,Rev10,10,W179,PX-7500,CH-C,C1,Center,0.0,0.0,36.95,37.92,35.5,1713.1,True,True,True,True,0,0.0,
5164,Rev10,10,W179,PX-7500,CH-C,MID-01,Mid,0.52,30.0,37.63,38.44,35.75,1647.5,True,True,True,True,0,0.0,
5165,Rev10,10,W179,PX-7500,CH-C,MID-02,Mid,0.52,90.0,38.32,38.55,37.03,1738.7,True,True,True,True,0,0.0,
5166,Rev10,10,W179,PX-7500,CH-C,MID-03,Mid,0.52,150.0,37.09,38.45,35.81,1708.6,True,True,True,True,0,0.0,
5167,Rev10,10,W179,PX-7500,CH-C,MID-04,Mid,0.52,210.0,37.43,39.38,37.43,1771.5,True,True,True,False,0,0.0,
5168,Rev10,10,W179,PX-7500,CH-C,MID-05,Mid,0.52,270.0,37.53,39.25,36.19,1715.2,True,True,True,True,1,1.91,
5169,Rev10,10,W179,PX-7500,CH-C,MID-06,Mid,0.52,330.0,38.66,40.19,32.55,1733.1,True,True,False,True,0,0.0,
5170,Rev10,10,W179,PX-7500,CH-C,EDG-01,Edge,0.84,0.0,38.84,40.35,36.75,1806.8,True,True,True,False,0,0.0,
5171,Rev10,10,W179,PX-7500,CH-C,EDG-02,Edge,0.84,32.7,38.71,40.09,38.35,1776.5,True,True,True,False,1,2.8,endpoint_late
5172,Rev10,10,W179,PX-7500,CH-C,EDG-03,Edge,0.84,65.5,38.25,39.56,38.13,1758.4,True,True,True,True,0,0.0,
5173,Rev10,10,W179,PX-7500,CH-C,EDG-04,Edge,0.84,98.2,38.29,41.19,33.62,1765.3,True,True,False,False,0,0.0,
5174,Rev10,10,W179,PX-7500,CH-C,EDG-05,Edge,0.84,130.9,39.13,40.26,36.3,1698.3,True,True,True,True,0,0.0,
5175,Rev10,10,W179,PX-7500,CH-C,EDG-06,Edge,0.84,163.6,38.98,39.36,37.33,1703.6,True,True,True,True,1,4.71,polymer_residue
5176,Rev10,10,W179,PX-7500,CH-C,EDG-07,Edge,0.84,196.4,38.14,39.41,37.93,1663.1,True,True,True,True,0,0.0,
5177,Rev10,10,W179,PX-7500,CH-C,EDG-08,Edge,0.84,229.1,38.5,39.69,39.38,1803.6,True,True,True,False,2,11.19,pressure_spike
5178,Rev10,10,W179,PX-7500,CH-C,EDG-09,Edge,0.84,261.8,38.49,40.75,39.53,1760.0,True,True,True,False,1,3.2,polymer_residue
5179,Rev10,10,W179,PX-7500,CH-C,EDG-10,Edge,0.84,294.5,38.98,40.04,36.98,1699.3,True,True,True,True,0,0.0,
5180,Rev10,10,W179,PX-7500,CH-C,EDG-11,Edge,0.84,327.3,38.73,39.85,35.21,1745.0,True,True,True,True,0,0.0,
5181,Rev10,10,W179,PX-7500,CH-C,EXT-01,Extreme Edge,0.96,16.4,40.26,40.16,36.38,1791.2,True,True,True,False,1,4.83,polymer_residue
5182,Rev10,10,W179,PX-7500,CH-C,EXT-02,Extreme Edge,0.96,49.1,38.66,39.98,37.29,1694.0,True,True,True,True,0,0.0,
5183,Rev10,10,W179,PX-7500,CH-C,EXT-03,Extreme Edge,0.96,81.8,39.59,37.89,39.7,1839.3,True,True,True,False,0,0.0,
5184,Rev10,10,W179,PX-7500,CH-C,EXT-04,Extreme Edge,0.96,114.5,38.55,38.64,36.94,1741.7,True,True,True,True,0,0.0,
5185,Rev10,10,W179,PX-7500,CH-C,EXT-05,Extreme Edge,0.96,147.3,38.92,38.52,36.47,1763.3,True,True,True,False,2,10.76,
5186,Rev10,10,W179,PX-7500,CH-C,EXT-06,Extreme Edge,0.96,180.0,39.54,40.26,35.72,1795.6,True,True,True,False,0,0.0,
5187,Rev10,10,W179,PX-7500,CH-C,EXT-07,Extreme Edge,0.96,212.7,40.49,39.69,39.28,1687.4,False,True,True,True,0,0.0,
5188,Rev10,10,W179,PX-7500,CH-C,EXT-08,Extreme Edge,0.96,245.5,39.81,39.85,39.31,1757.3,True,True,True,True,1,4.43,polymer_residue
5189,Rev10,10,W179,PX-7500,CH-C,EXT-09,Extreme Edge,0.96,278.2,40.01,39.98,39.0,1760.4,True,True,True,False,2,11.38,polymer_residue
5190,Rev10,10,W179,PX-7500,CH-C,EXT-10,Extreme Edge,0.96,310.9,39.18,40.08,38.55,1761.4,True,True,True,False,0,0.0,
5191,Rev10,10,W179,PX-7500,CH-C,EXT-11,Extreme Edge,0.96,343.6,39.59,38.8,35.18,1770.5,True,True,True,False,3,14.8,
5192,Rev7,7,W180,PX-7500,CH-D,C1,Center,0.0,0.0,36.47,39.07,36.02,1671.5,False,True,True,True,0,0.0,
5193,Rev7,7,W180,PX-7500,CH-D,MID-01,Mid,0.52,30.0,37.4,40.05,36.81,1581.8,True,True,True,True,0,0.0,
5194,Rev7,7,W180,PX-7500,CH-D,MID-02,Mid,0.52,90.0,38.01,39.63,39.15,1698.9,True,True,True,True,0,0.0,
5195,Rev7,7,W180,PX-7500,CH-D,MID-03,Mid,0.52,150.0,38.0,39.56,33.51,1643.2,True,True,False,True,1,1.98,
5196,Rev7,7,W180,PX-7500,CH-D,MID-04,Mid,0.52,210.0,39.18,40.01,35.74,1601.9,True,True,True,True,0,0.0,
5197,Rev7,7,W180,PX-7500,CH-D,MID-05,Mid,0.52,270.0,38.63,39.91,35.95,1781.7,True,True,True,False,0,0.0,
5198,Rev7,7,W180,PX-7500,CH-D,MID-06,Mid,0.52,330.0,38.25,39.76,36.58,1705.3,True,True,True,True,0,0.0,
5199,Rev7,7,W180,PX-7500,CH-D,EDG-01,Edge,0.84,0.0,39.18,40.36,35.91,1746.1,True,True,True,True,0,0.0,
5200,Rev7,7,W180,PX-7500,CH-D,EDG-02,Edge,0.84,32.7,38.58,41.12,37.31,1621.6,True,True,True,True,1,2.66,
5201,Rev7,7,W180,PX-7500,CH-D,EDG-03,Edge,0.84,65.5,39.1,40.0,34.87,1635.0,True,True,True,True,0,0.0,
5202,Rev7,7,W180,PX-7500,CH-D,EDG-04,Edge,0.84,98.2,39.25,40.11,37.17,1749.9,True,True,True,True,1,2.44,
5203,Rev7,7,W180,PX-7500,CH-D,EDG-05,Edge,0.84,130.9,37.63,39.76,38.54,1724.2,True,True,True,True,0,0.0,
5204,Rev7,7,W180,PX-7500,CH-D,EDG-06,Edge,0.84,163.6,39.06,40.5,36.03,1786.9,True,True,True,False,1,2.88,polymer_residue
5205,Rev7,7,W180,PX-7500,CH-D,EDG-07,Edge,0.84,196.4,39.76,40.15,37.02,1725.1,True,True,True,True,1,5.45,
5206,Rev7,7,W180,PX-7500,CH-D,EDG-08,Edge,0.84,229.1,38.38,38.3,38.52,1730.4,True,True,True,True,0,0.0,
5207,Rev7,7,W180,PX-7500,CH-D,EDG-09,Edge,0.84,261.8,39.55,39.04,36.42,1718.0,True,True,True,True,1,6.33,
5208,Rev7,7,W180,PX-7500,CH-D,EDG-10,Edge,0.84,294.5,38.99,40.64,38.95,1699.8,True,True,True,True,1,3.4,
5209,Rev7,7,W180,PX-7500,CH-D,EDG-11,Edge,0.84,327.3,38.71,40.59,36.33,1720.0,True,True,True,True,1,4.56,
5210,Rev7,7,W180,PX-7500,CH-D,EXT-01,Extreme Edge,0.96,16.4,40.89,41.68,38.25,1676.3,False,True,True,True,1,2.85,arc_event
5211,Rev7,7,W180,PX-7500,CH-D,EXT-02,Extreme Edge,0.96,49.1,40.56,41.55,39.1,1766.3,False,True,True,False,1,5.18,polymer_residue
5212,Rev7,7,W180,PX-7500,CH-D,EXT-03,Extreme Edge,0.96,81.8,39.38,40.6,36.96,1746.9,True,True,True,True,1,2.1,
5213,Rev7,7,W180,PX-7500,CH-D,EXT-04,Extreme Edge,0.96,114.5,39.66,41.63,36.02,1795.5,True,True,True,False,0,0.0,
5214,Rev7,7,W180,PX-7500,CH-D,EXT-05,Extreme Edge,0.96,147.3,39.09,40.44,39.33,1670.2,True,True,True,True,2,11.64,polymer_residue
5215,Rev7,7,W180,PX-7500,CH-D,EXT-06,Extreme Edge,0.96,180.0,39.57,40.71,38.75,1705.2,True,True,True,True,0,0.0,
5216,Rev7,7,W180,PX-7500,CH-D,EXT-07,Extreme Edge,0.96,212.7,39.61,38.65,38.78,1760.1,True,True,True,False,1,5.24,
5217,Rev7,7,W180,PX-7500,CH-D,EXT-08,Extreme Edge,0.96,245.5,39.47,39.83,38.5,1765.0,True,True,True,False,1,3.74,arc_event
5218,Rev7,7,W180,PX-7500,CH-D,EXT-09,Extreme Edge,0.96,278.2,39.65,39.47,37.48,1796.9,True,True,True,False,1,3.72,arc_event
5219,Rev7,7,W180,PX-7500,CH-D,EXT-10,Extreme Edge,0.96,310.9,39.87,40.58,37.41,1742.4,True,True,True,True,2,9.07,
5220,Rev7,7,W180,PX-7500,CH-D,EXT-11,Extreme Edge,0.96,343.6,39.44,40.11,35.78,1789.4,True,True,True,False,1,2.74,
5221,Base,0,W181,AE-3200,CH-A,C1,Center,0.0,0.0,39.36,40.68,35.66,1575.6,True,True,True,False,0,0.0,
5222,Base,0,W181,AE-3200,CH-A,MID-01,Mid,0.52,30.0,40.14,41.01,36.57,1648.7,True,True,True,True,0,0.0,
5223,Base,0,W181,AE-3200,CH-A,MID-02,Mid,0.52,90.0,39.84,40.0,37.07,1618.9,True,True,True,True,0,0.0,
5224,Base,0,W181,AE-3200,CH-A,MID-03,Mid,0.52,150.0,40.06,42.2,34.71,1602.5,True,False,True,True,0,0.0,
5225,Base,0,W181,AE-3200,CH-A,MID-04,Mid,0.52,210.0,39.73,39.94,38.36,1633.8,True,True,True,True,1,5.4,
5226,Base,0,W181,AE-3200,CH-A,MID-05,Mid,0.52,270.0,40.42,40.59,36.95,1491.0,False,True,True,False,0,0.0,
5227,Base,0,W181,AE-3200,CH-A,MID-06,Mid,0.52,330.0,40.98,41.16,35.39,1575.5,False,True,True,False,0,0.0,
5228,Base,0,W181,AE-3200,CH-A,EDG-01,Edge,0.84,0.0,41.5,41.74,35.77,1614.7,False,True,True,True,0,0.0,
5229,Base,0,W181,AE-3200,CH-A,EDG-02,Edge,0.84,32.7,40.05,41.25,38.31,1580.7,True,True,True,True,0,0.0,
5230,Base,0,W181,AE-3200,CH-A,EDG-03,Edge,0.84,65.5,41.08,40.71,38.72,1599.4,False,True,True,True,0,0.0,
5231,Base,0,W181,AE-3200,CH-A,EDG-04,Edge,0.84,98.2,40.56,41.58,39.51,1606.3,False,True,True,True,1,3.8,
5232,Base,0,W181,AE-3200,CH-A,EDG-05,Edge,0.84,130.9,40.24,42.56,39.35,1671.8,True,False,True,True,0,0.0,
5233,Base,0,W181,AE-3200,CH-A,EDG-06,Edge,0.84,163.6,39.96,42.15,38.57,1660.2,True,False,True,True,1,3.57,endpoint_late
5234,Base,0,W181,AE-3200,CH-A,EDG-07,Edge,0.84,196.4,41.51,40.76,39.03,1557.1,False,True,True,False,0,0.0,
5235,Base,0,W181,AE-3200,CH-A,EDG-08,Edge,0.84,229.1,41.67,41.59,37.22,1593.4,False,True,True,True,0,0.0,
5236,Base,0,W181,AE-3200,CH-A,EDG-09,Edge,0.84,261.8,41.38,40.41,38.52,1623.0,False,True,True,True,1,3.98,
5237,Base,0,W181,AE-3200,CH-A,EDG-10,Edge,0.84,294.5,41.81,41.51,39.24,1591.1,False,True,True,True,0,0.0,
5238,Base,0,W181,AE-3200,CH-A,EDG-11,Edge,0.84,327.3,40.24,40.12,37.78,1616.6,True,True,True,True,1,5.99,polymer_residue
5239,Base,0,W181,AE-3200,CH-A,EXT-01,Extreme Edge,0.96,16.4,41.8,42.99,35.96,1638.8,False,False,True,True,2,10.56,
5240,Base,0,W181,AE-3200,CH-A,EXT-02,Extreme Edge,0.96,49.1,41.38,42.9,36.56,1609.4,False,False,True,True,0,0.0,
5241,Base,0,W181,AE-3200,CH-A,EXT-03,Extreme Edge,0.96,81.8,41.4,41.34,37.02,1646.4,False,True,True,True,0,0.0,
5242,Base,0,W181,AE-3200,CH-A,EXT-04,Extreme Edge,0.96,114.5,41.73,41.53,38.21,1617.8,False,True,True,True,1,5.22,endpoint_late
5243,Base,0,W181,AE-3200,CH-A,EXT-05,Extreme Edge,0.96,147.3,41.96,41.88,39.3,1629.7,False,True,True,True,0,0.0,
5244,Base,0,W181,AE-3200,CH-A,EXT-06,Extreme Edge,0.96,180.0,41.9,41.77,39.35,1680.0,False,True,True,True,3,15.97,
5245,Base,0,W181,AE-3200,CH-A,EXT-07,Extreme Edge,0.96,212.7,41.83,39.7,40.2,1665.4,False,True,True,True,3,6.31,
5246,Base,0,W181,AE-3200,CH-A,EXT-08,Extreme Edge,0.96,245.5,42.16,41.95,38.86,1576.7,False,True,True,False,1,2.71,
5247,Base,0,W181,AE-3200,CH-A,EXT-09,Extreme Edge,0.96,278.2,42.68,41.18,40.0,1593.7,False,True,True,True,2,8.43,polymer_residue
5248,Base,0,W181,AE-3200,CH-A,EXT-10,Extreme Edge,0.96,310.9,41.55,43.78,39.19,1670.9,False,False,True,True,1,5.01,polymer_residue
5249,Base,0,W181,AE-3200,CH-A,EXT-11,Extreme Edge,0.96,343.6,41.19,43.27,36.73,1643.9,False,False,True,True,1,4.0,esc_temp_drift
5250,Rev6,6,W182,PX-7500,CH-C,C1,Center,0.0,0.0,37.04,39.46,36.33,1630.0,True,True,True,True,0,0.0,
5251,Rev6,6,W182,PX-7500,CH-C,MID-01,Mid,0.52,30.0,37.96,40.02,35.02,1706.3,True,True,True,True,0,0.0,
5252,Rev6,6,W182,PX-7500,CH-C,MID-02,Mid,0.52,90.0,37.53,38.4,39.43,1608.4,True,True,True,True,1,3.94,
5253,Rev6,6,W182,PX-7500,CH-C,MID-03,Mid,0.52,150.0,37.35,38.62,37.63,1663.3,True,True,True,True,0,0.0,
5254,Rev6,6,W182,PX-7500,CH-C,MID-04,Mid,0.52,210.0,37.23,41.18,36.97,1589.0,True,True,True,True,0,0.0,
5255,Rev6,6,W182,PX-7500,CH-C,MID-05,Mid,0.52,270.0,37.49,40.26,34.44,1634.6,True,True,True,True,0,0.0,
5256,Rev6,6,W182,PX-7500,CH-C,MID-06,Mid,0.52,330.0,37.87,38.69,34.69,1582.0,True,True,True,True,0,0.0,
5257,Rev6,6,W182,PX-7500,CH-C,EDG-01,Edge,0.84,0.0,39.36,40.59,37.8,1766.9,True,True,True,False,0,0.0,
5258,Rev6,6,W182,PX-7500,CH-C,EDG-02,Edge,0.84,32.7,39.13,39.62,37.99,1705.9,True,True,True,True,0,0.0,
5259,Rev6,6,W182,PX-7500,CH-C,EDG-03,Edge,0.84,65.5,39.14,40.25,37.55,1694.6,True,True,True,True,0,0.0,
5260,Rev6,6,W182,PX-7500,CH-C,EDG-04,Edge,0.84,98.2,38.16,39.96,38.83,1731.2,True,True,True,True,1,4.99,esc_temp_drift
5261,Rev6,6,W182,PX-7500,CH-C,EDG-05,Edge,0.84,130.9,38.21,40.2,38.05,1796.7,True,True,True,False,0,0.0,
5262,Rev6,6,W182,PX-7500,CH-C,EDG-06,Edge,0.84,163.6,38.96,40.18,41.24,1734.5,True,True,False,True,0,0.0,
5263,Rev6,6,W182,PX-7500,CH-C,EDG-07,Edge,0.84,196.4,38.55,40.05,37.55,1706.3,True,True,True,True,0,0.0,
5264,Rev6,6,W182,PX-7500,CH-C,EDG-08,Edge,0.84,229.1,37.47,38.74,37.58,1648.8,True,True,True,True,0,0.0,
5265,Rev6,6,W182,PX-7500,CH-C,EDG-09,Edge,0.84,261.8,38.52,39.91,39.6,1685.3,True,True,True,True,0,0.0,
5266,Rev6,6,W182,PX-7500,CH-C,EDG-10,Edge,0.84,294.5,38.65,39.54,37.34,1643.3,True,True,True,True,0,0.0,
5267,Rev6,6,W182,PX-7500,CH-C,EDG-11,Edge,0.84,327.3,39.68,39.84,35.8,1775.3,True,True,True,False,0,0.0,
5268,Rev6,6,W182,PX-7500,CH-C,EXT-01,Extreme Edge,0.96,16.4,38.94,38.68,38.74,1728.1,True,True,True,True,0,0.0,
5269,Rev6,6,W182,PX-7500,CH-C,EXT-02,Extreme Edge,0.96,49.1,38.34,41.02,38.75,1660.0,True,True,True,True,2,8.24,
5270,Rev6,6,W182,PX-7500,CH-C,EXT-03,Extreme Edge,0.96,81.8,39.62,39.45,37.4,1797.0,True,True,True,False,1,2.2,pressure_spike
5271,Rev6,6,W182,PX-7500,CH-C,EXT-04,Extreme Edge,0.96,114.5,39.82,40.74,36.23,1654.8,True,True,True,True,0,0.0,
5272,Rev6,6,W182,PX-7500,CH-C,EXT-05,Extreme Edge,0.96,147.3,39.06,40.75,37.21,1693.9,True,True,True,True,0,0.0,
5273,Rev6,6,W182,PX-7500,CH-C,EXT-06,Extreme Edge,0.96,180.0,38.26,40.1,36.88,1758.9,True,True,True,True,0,0.0,
5274,Rev6,6,W182,PX-7500,CH-C,EXT-07,Extreme Edge,0.96,212.7,38.43,41.56,39.75,1690.0,True,True,True,True,2,10.93,
5275,Rev6,6,W182,PX-7500,CH-C,EXT-08,Extreme Edge,0.96,245.5,39.55,40.7,38.88,1690.0,True,True,True,True,0,0.0,
5276,Rev6,6,W182,PX-7500,CH-C,EXT-09,Extreme Edge,0.96,278.2,39.62,40.82,37.96,1708.3,True,True,True,True,0,0.0,
5277,Rev6,6,W182,PX-7500,CH-C,EXT-10,Extreme Edge,0.96,310.9,39.18,39.31,38.15,1699.0,True,True,True,True,0,0.0,
5278,Rev6,6,W182,PX-7500,CH-C,EXT-11,Extreme Edge,0.96,343.6,39.9,40.75,37.42,1763.2,True,True,True,False,2,6.04,polymer_residue
5279,Rev11,11,W183,PX-7500,CH-D,C1,Center,0.0,0.0,39.16,39.24,37.99,1599.7,True,True,True,True,0,0.0,
5280,Rev11,11,W183,PX-7500,CH-D,MID-01,Mid,0.52,30.0,38.89,40.81,40.68,1705.2,True,True,False,True,0,0.0,
5281,Rev11,11,W183,PX-7500,CH-D,MID-02,Mid,0.52,90.0,38.7,40.66,42.28,1738.2,True,True,False,True,2,11.87,esc_temp_drift
5282,Rev11,11,W183,PX-7500,CH-D,MID-03,Mid,0.52,150.0,38.01,39.09,38.49,1663.5,True,True,True,True,0,0.0,
5283,Rev11,11,W183,PX-7500,CH-D,MID-04,Mid,0.52,210.0,39.63,40.15,36.89,1683.8,True,True,True,True,0,0.0,
5284,Rev11,11,W183,PX-7500,CH-D,MID-05,Mid,0.52,270.0,38.61,41.69,38.82,1697.5,True,True,True,True,0,0.0,
5285,Rev11,11,W183,PX-7500,CH-D,MID-06,Mid,0.52,330.0,38.94,39.47,39.77,1781.0,True,True,True,False,0,0.0,
5286,Rev11,11,W183,PX-7500,CH-D,EDG-01,Edge,0.84,0.0,38.38,41.08,39.55,1743.1,True,True,True,True,2,7.83,endpoint_late
5287,Rev11,11,W183,PX-7500,CH-D,EDG-02,Edge,0.84,32.7,40.27,41.32,39.81,1770.3,True,True,True,False,2,6.42,
5288,Rev11,11,W183,PX-7500,CH-D,EDG-03,Edge,0.84,65.5,39.26,41.0,38.88,1845.7,True,True,True,False,0,0.0,
5289,Rev11,11,W183,PX-7500,CH-D,EDG-04,Edge,0.84,98.2,40.57,39.45,42.15,1753.2,False,True,False,True,2,3.95,
5290,Rev11,11,W183,PX-7500,CH-D,EDG-05,Edge,0.84,130.9,40.6,39.96,39.86,1668.3,False,True,True,True,0,0.0,
5291,Rev11,11,W183,PX-7500,CH-D,EDG-06,Edge,0.84,163.6,40.04,41.34,39.4,1686.5,True,True,True,True,0,0.0,
5292,Rev11,11,W183,PX-7500,CH-D,EDG-07,Edge,0.84,196.4,39.23,40.39,41.51,1734.7,True,True,False,True,0,0.0,
5293,Rev11,11,W183,PX-7500,CH-D,EDG-08,Edge,0.84,229.1,41.51,41.37,40.76,1674.8,False,True,False,True,0,0.0,
5294,Rev11,11,W183,PX-7500,CH-D,EDG-09,Edge,0.84,261.8,39.49,40.78,37.92,1802.3,True,True,True,False,3,8.92,esc_temp_drift
5295,Rev11,11,W183,PX-7500,CH-D,EDG-10,Edge,0.84,294.5,40.5,39.74,40.52,1690.5,False,True,False,True,1,2.08,
5296,Rev11,11,W183,PX-7500,CH-D,EDG-11,Edge,0.84,327.3,40.16,40.31,36.98,1790.9,True,True,True,False,0,0.0,
5297,Rev11,11,W183,PX-7500,CH-D,EXT-01,Extreme Edge,0.96,16.4,39.65,42.26,40.38,1801.8,True,False,True,False,2,7.86,
5298,Rev11,11,W183,PX-7500,CH-D,EXT-02,Extreme Edge,0.96,49.1,39.84,40.91,41.83,1731.9,True,True,False,True,0,0.0,
5299,Rev11,11,W183,PX-7500,CH-D,EXT-03,Extreme Edge,0.96,81.8,40.58,41.09,39.67,1649.2,False,True,True,True,2,11.1,
5300,Rev11,11,W183,PX-7500,CH-D,EXT-04,Extreme Edge,0.96,114.5,40.53,41.54,41.14,1739.5,False,True,False,True,1,2.13,polymer_residue
5301,Rev11,11,W183,PX-7500,CH-D,EXT-05,Extreme Edge,0.96,147.3,41.08,41.16,36.84,1823.4,False,True,True,False,1,6.33,endpoint_late
5302,Rev11,11,W183,PX-7500,CH-D,EXT-06,Extreme Edge,0.96,180.0,41.5,42.05,39.52,1760.8,False,False,True,False,0,0.0,
5303,Rev11,11,W183,PX-7500,CH-D,EXT-07,Extreme Edge,0.96,212.7,40.69,40.8,38.74,1641.7,False,True,True,True,0,0.0,
5304,Rev11,11,W183,PX-7500,CH-D,EXT-08,Extreme Edge,0.96,245.5,39.86,39.71,41.9,1806.1,True,True,False,False,2,9.46,
5305,Rev11,11,W183,PX-7500,CH-D,EXT-09,Extreme Edge,0.96,278.2,39.33,40.87,38.04,1787.8,True,True,True,False,0,0.0,
5306,Rev11,11,W183,PX-7500,CH-D,EXT-10,Extreme Edge,0.96,310.9,40.69,40.95,40.73,1835.9,False,True,False,False,0,0.0,
5307,Rev11,11,W183,PX-7500,CH-D,EXT-11,Extreme Edge,0.96,343.6,40.07,39.88,39.83,1784.3,True,True,True,False,1,1.99,
5308,Rev7,7,W184,PX-7500,CH-D,C1,Center,0.0,0.0,37.33,37.3,34.98,1658.8,True,False,True,True,0,0.0,
5309,Rev7,7,W184,PX-7500,CH-D,MID-01,Mid,0.52,30.0,37.99,38.61,38.76,1720.1,True,True,True,True,0,0.0,
5310,Rev7,7,W184,PX-7500,CH-D,MID-02,Mid,0.52,90.0,38.44,38.95,37.8,1766.8,True,True,True,False,0,0.0,
5311,Rev7,7,W184,PX-7500,CH-D,MID-03,Mid,0.52,150.0,38.31,40.13,35.73,1701.0,True,True,True,True,0,0.0,
5312,Rev7,7,W184,PX-7500,CH-D,MID-04,Mid,0.52,210.0,38.67,39.53,37.21,1708.6,True,True,True,True,0,0.0,
5313,Rev7,7,W184,PX-7500,CH-D,MID-05,Mid,0.52,270.0,38.52,39.35,36.49,1723.5,True,True,True,True,0,0.0,
5314,Rev7,7,W184,PX-7500,CH-D,MID-06,Mid,0.52,330.0,38.13,38.47,35.97,1784.6,True,True,True,False,0,0.0,
5315,Rev7,7,W184,PX-7500,CH-D,EDG-01,Edge,0.84,0.0,38.56,39.13,39.34,1742.1,True,True,True,True,0,0.0,
5316,Rev7,7,W184,PX-7500,CH-D,EDG-02,Edge,0.84,32.7,39.85,40.09,37.86,1712.0,True,True,True,True,0,0.0,
5317,Rev7,7,W184,PX-7500,CH-D,EDG-03,Edge,0.84,65.5,39.23,40.8,38.08,1722.3,True,True,True,True,1,2.93,
5318,Rev7,7,W184,PX-7500,CH-D,EDG-04,Edge,0.84,98.2,39.75,41.17,36.88,1816.3,True,True,True,False,1,6.1,
5319,Rev7,7,W184,PX-7500,CH-D,EDG-05,Edge,0.84,130.9,39.02,39.3,34.19,1733.4,True,True,False,True,2,12.42,
5320,Rev7,7,W184,PX-7500,CH-D,EDG-06,Edge,0.84,163.6,39.66,41.03,37.96,1733.8,True,True,True,True,0,0.0,
5321,Rev7,7,W184,PX-7500,CH-D,EDG-07,Edge,0.84,196.4,39.33,38.47,37.11,1763.2,True,True,True,False,0,0.0,
5322,Rev7,7,W184,PX-7500,CH-D,EDG-08,Edge,0.84,229.1,41.02,41.75,36.42,1777.8,False,True,True,False,0,0.0,
5323,Rev7,7,W184,PX-7500,CH-D,EDG-09,Edge,0.84,261.8,39.78,39.12,37.24,1808.9,True,True,True,False,0,0.0,
5324,Rev7,7,W184,PX-7500,CH-D,EDG-10,Edge,0.84,294.5,39.52,41.69,39.28,1810.6,True,True,True,False,1,3.46,
5325,Rev7,7,W184,PX-7500,CH-D,EDG-11,Edge,0.84,327.3,39.05,40.54,38.18,1868.0,True,True,True,False,0,0.0,
5326,Rev7,7,W184,PX-7500,CH-D,EXT-01,Extreme Edge,0.96,16.4,39.97,40.01,38.18,1764.7,True,True,True,False,2,11.03,
5327,Rev7,7,W184,PX-7500,CH-D,EXT-02,Extreme Edge,0.96,49.1,39.36,39.47,37.62,1791.1,True,True,True,False,1,5.36,arc_event
5328,Rev7,7,W184,PX-7500,CH-D,EXT-03,Extreme Edge,0.96,81.8,39.49,41.43,36.73,1767.8,True,True,True,False,2,9.61,endpoint_late
5329,Rev7,7,W184,PX-7500,CH-D,EXT-04,Extreme Edge,0.96,114.5,40.12,40.77,36.89,1749.3,True,True,True,True,1,2.75,
5330,Rev7,7,W184,PX-7500,CH-D,EXT-05,Extreme Edge,0.96,147.3,40.97,39.77,36.98,1756.5,False,True,True,True,1,4.72,polymer_residue
5331,Rev7,7,W184,PX-7500,CH-D,EXT-06,Extreme Edge,0.96,180.0,39.32,40.05,40.8,1811.1,True,True,False,False,2,10.64,
5332,Rev7,7,W184,PX-7500,CH-D,EXT-07,Extreme Edge,0.96,212.7,39.24,40.01,38.76,1788.0,True,True,True,False,0,0.0,
5333,Rev7,7,W184,PX-7500,CH-D,EXT-08,Extreme Edge,0.96,245.5,40.65,41.25,36.43,1752.3,False,True,True,True,0,0.0,
5334,Rev7,7,W184,PX-7500,CH-D,EXT-09,Extreme Edge,0.96,278.2,38.89,40.82,40.48,1793.8,True,True,False,False,1,1.83,
5335,Rev7,7,W184,PX-7500,CH-D,EXT-10,Extreme Edge,0.96,310.9,40.23,40.56,37.76,1841.4,True,True,True,False,1,3.32,
5336,Rev7,7,W184,PX-7500,CH-D,EXT-11,Extreme Edge,0.96,343.6,39.59,38.77,39.58,1748.9,True,True,True,True,0,0.0,
5337,Rev10,10,W185,PX-7500,CH-C,C1,Center,0.0,0.0,37.6,39.02,33.21,1769.9,True,True,False,False,0,0.0,
5338,Rev10,10,W185,PX-7500,CH-C,MID-01,Mid,0.52,30.0,37.51,37.76,39.9,1714.6,True,False,True,True,0,0.0,
5339,Rev10,10,W185,PX-7500,CH-C,MID-02,Mid,0.52,90.0,38.54,38.3,36.11,1754.3,True,True,True,True,0,0.0,
5340,Rev10,10,W185,PX-7500,CH-C,MID-03,Mid,0.52,150.0,38.09,38.24,40.28,1737.8,True,True,True,True,0,0.0,
5341,Rev10,10,W185,PX-7500,CH-C,MID-04,Mid,0.52,210.0,38.68,40.03,35.78,1699.8,True,True,True,True,0,0.0,
5342,Rev10,10,W185,PX-7500,CH-C,MID-05,Mid,0.52,270.0,37.65,40.08,36.29,1791.5,True,True,True,False,1,3.07,
5343,Rev10,10,W185,PX-7500,CH-C,MID-06,Mid,0.52,330.0,38.28,37.42,35.25,1772.8,True,False,True,False,1,4.62,esc_temp_drift
5344,Rev10,10,W185,PX-7500,CH-C,EDG-01,Edge,0.84,0.0,38.33,40.34,36.85,1769.6,True,True,True,False,0,0.0,
5345,Rev10,10,W185,PX-7500,CH-C,EDG-02,Edge,0.84,32.7,38.77,40.09,37.74,1897.6,True,True,True,False,1,3.54,polymer_residue
5346,Rev10,10,W185,PX-7500,CH-C,EDG-03,Edge,0.84,65.5,37.94,39.03,37.55,1821.0,True,True,True,False,0,0.0,
5347,Rev10,10,W185,PX-7500,CH-C,EDG-04,Edge,0.84,98.2,39.23,40.54,36.02,1761.3,True,True,True,False,1,5.07,polymer_residue
5348,Rev10,10,W185,PX-7500,CH-C,EDG-05,Edge,0.84,130.9,39.92,40.19,37.51,1849.4,True,True,True,False,1,1.82,polymer_residue
5349,Rev10,10,W185,PX-7500,CH-C,EDG-06,Edge,0.84,163.6,39.08,39.72,35.95,1833.9,True,True,True,False,1,6.15,
5350,Rev10,10,W185,PX-7500,CH-C,EDG-07,Edge,0.84,196.4,39.79,40.48,35.88,1824.6,True,True,True,False,1,1.9,polymer_residue
5351,Rev10,10,W185,PX-7500,CH-C,EDG-08,Edge,0.84,229.1,38.39,41.09,37.13,1756.3,True,True,True,True,1,3.59,polymer_residue
5352,Rev10,10,W185,PX-7500,CH-C,EDG-09,Edge,0.84,261.8,38.74,40.91,37.78,1808.5,True,True,True,False,0,0.0,
5353,Rev10,10,W185,PX-7500,CH-C,EDG-10,Edge,0.84,294.5,39.17,40.76,37.3,1812.8,True,True,True,False,1,4.57,
5354,Rev10,10,W185,PX-7500,CH-C,EDG-11,Edge,0.84,327.3,38.94,40.0,34.7,1897.9,True,True,True,False,0,0.0,
5355,Rev10,10,W185,PX-7500,CH-C,EXT-01,Extreme Edge,0.96,16.4,38.24,40.97,34.83,1792.0,True,True,True,False,0,0.0,
5356,Rev10,10,W185,PX-7500,CH-C,EXT-02,Extreme Edge,0.96,49.1,39.92,40.22,36.91,1836.9,True,True,True,False,1,5.36,polymer_residue
5357,Rev10,10,W185,PX-7500,CH-C,EXT-03,Extreme Edge,0.96,81.8,39.18,39.77,37.71,1810.4,True,True,True,False,1,4.66,
5358,Rev10,10,W185,PX-7500,CH-C,EXT-04,Extreme Edge,0.96,114.5,39.04,39.1,35.4,1735.4,True,True,True,True,0,0.0,
5359,Rev10,10,W185,PX-7500,CH-C,EXT-05,Extreme Edge,0.96,147.3,40.46,39.14,38.16,1810.7,False,True,True,False,0,0.0,
5360,Rev10,10,W185,PX-7500,CH-C,EXT-06,Extreme Edge,0.96,180.0,39.19,40.75,34.77,1745.4,True,True,True,True,0,0.0,
5361,Rev10,10,W185,PX-7500,CH-C,EXT-07,Extreme Edge,0.96,212.7,39.98,39.91,38.2,1756.7,True,True,True,True,0,0.0,
5362,Rev10,10,W185,PX-7500,CH-C,EXT-08,Extreme Edge,0.96,245.5,38.48,40.48,37.29,1843.5,True,True,True,False,0,0.0,
5363,Rev10,10,W185,PX-7500,CH-C,EXT-09,Extreme Edge,0.96,278.2,38.9,38.45,36.63,1698.3,True,True,True,True,0,0.0,
5364,Rev10,10,W185,PX-7500,CH-C,EXT-10,Extreme Edge,0.96,310.9,40.8,39.9,37.46,1895.8,False,True,True,False,2,5.21,endpoint_late
5365,Rev10,10,W185,PX-7500,CH-C,EXT-11,Extreme Edge,0.96,343.6,38.8,40.17,37.84,1779.2,True,True,True,False,0,0.0,
5366,Rev7,7,W186,PX-7500,CH-D,C1,Center,0.0,0.0,36.7,38.43,36.09,1626.2,True,True,True,True,0,0.0,
5367,Rev7,7,W186,PX-7500,CH-D,MID-01,Mid,0.52,30.0,38.25,39.77,37.69,1730.5,True,True,True,True,1,3.16,endpoint_late
5368,Rev7,7,W186,PX-7500,CH-D,MID-02,Mid,0.52,90.0,38.64,39.9,35.76,1692.9,True,True,True,True,0,0.0,
5369,Rev7,7,W186,PX-7500,CH-D,MID-03,Mid,0.52,150.0,38.33,40.23,38.59,1672.0,True,True,True,True,0,0.0,
5370,Rev7,7,W186,PX-7500,CH-D,MID-04,Mid,0.52,210.0,38.01,38.61,36.63,1689.6,True,True,True,True,0,0.0,
5371,Rev7,7,W186,PX-7500,CH-D,MID-05,Mid,0.52,270.0,39.49,40.28,35.87,1718.9,True,True,True,True,1,5.83,
5372,Rev7,7,W186,PX-7500,CH-D,MID-06,Mid,0.52,330.0,38.87,39.42,37.81,1679.5,True,True,True,True,0,0.0,
5373,Rev7,7,W186,PX-7500,CH-D,EDG-01,Edge,0.84,0.0,39.13,38.33,37.27,1698.3,True,True,True,True,0,0.0,
5374,Rev7,7,W186,PX-7500,CH-D,EDG-02,Edge,0.84,32.7,39.14,40.18,37.17,1685.7,True,True,True,True,2,4.7,
5375,Rev7,7,W186,PX-7500,CH-D,EDG-03,Edge,0.84,65.5,38.73,40.88,37.52,1807.0,True,True,True,False,0,0.0,
5376,Rev7,7,W186,PX-7500,CH-D,EDG-04,Edge,0.84,98.2,40.04,39.03,37.99,1716.7,True,True,True,True,0,0.0,
5377,Rev7,7,W186,PX-7500,CH-D,EDG-05,Edge,0.84,130.9,38.5,41.2,36.7,1764.7,True,True,True,False,0,0.0,
5378,Rev7,7,W186,PX-7500,CH-D,EDG-06,Edge,0.84,163.6,39.93,39.75,34.9,1805.9,True,True,True,False,1,5.36,endpoint_late
5379,Rev7,7,W186,PX-7500,CH-D,EDG-07,Edge,0.84,196.4,39.14,41.58,38.89,1713.0,True,True,True,True,0,0.0,
5380,Rev7,7,W186,PX-7500,CH-D,EDG-08,Edge,0.84,229.1,39.45,39.24,34.93,1698.3,True,True,True,True,0,0.0,
5381,Rev7,7,W186,PX-7500,CH-D,EDG-09,Edge,0.84,261.8,39.55,41.25,35.92,1756.3,True,True,True,True,0,0.0,
5382,Rev7,7,W186,PX-7500,CH-D,EDG-10,Edge,0.84,294.5,39.51,40.48,37.84,1797.3,True,True,True,False,1,3.46,
5383,Rev7,7,W186,PX-7500,CH-D,EDG-11,Edge,0.84,327.3,39.78,40.86,35.23,1787.5,True,True,True,False,0,0.0,
5384,Rev7,7,W186,PX-7500,CH-D,EXT-01,Extreme Edge,0.96,16.4,40.04,41.04,40.63,1646.2,True,True,False,True,2,3.94,
5385,Rev7,7,W186,PX-7500,CH-D,EXT-02,Extreme Edge,0.96,49.1,39.93,41.09,39.95,1645.7,True,True,True,True,2,10.45,arc_event
5386,Rev7,7,W186,PX-7500,CH-D,EXT-03,Extreme Edge,0.96,81.8,40.04,40.85,37.7,1687.6,True,True,True,True,1,3.47,
5387,Rev7,7,W186,PX-7500,CH-D,EXT-04,Extreme Edge,0.96,114.5,38.98,40.51,37.24,1698.9,True,True,True,True,1,2.77,
5388,Rev7,7,W186,PX-7500,CH-D,EXT-05,Extreme Edge,0.96,147.3,40.04,42.22,38.77,1689.2,True,False,True,True,1,1.94,polymer_residue
5389,Rev7,7,W186,PX-7500,CH-D,EXT-06,Extreme Edge,0.96,180.0,38.77,41.73,36.22,1686.7,True,True,True,True,0,0.0,
5390,Rev7,7,W186,PX-7500,CH-D,EXT-07,Extreme Edge,0.96,212.7,40.45,40.98,37.07,1568.9,False,True,True,False,0,0.0,
5391,Rev7,7,W186,PX-7500,CH-D,EXT-08,Extreme Edge,0.96,245.5,39.6,40.21,36.42,1777.7,True,True,True,False,0,0.0,
5392,Rev7,7,W186,PX-7500,CH-D,EXT-09,Extreme Edge,0.96,278.2,38.7,41.24,35.52,1795.9,True,True,True,False,1,6.1,
5393,Rev7,7,W186,PX-7500,CH-D,EXT-10,Extreme Edge,0.96,310.9,40.0,42.48,39.39,1778.9,True,False,True,False,0,0.0,
5394,Rev7,7,W186,PX-7500,CH-D,EXT-11,Extreme Edge,0.96,343.6,40.04,40.17,35.21,1709.1,True,True,True,True,1,3.92,
5395,Rev2,2,W187,PX-7500,CH-C,C1,Center,0.0,0.0,39.64,40.07,34.67,1555.3,True,True,True,False,0,0.0,
5396,Rev2,2,W187,PX-7500,CH-C,MID-01,Mid,0.52,30.0,40.9,39.58,36.54,1581.2,False,True,True,True,0,0.0,
5397,Rev2,2,W187,PX-7500,CH-C,MID-02,Mid,0.52,90.0,39.39,40.05,38.44,1554.6,True,True,True,False,0,0.0,
5398,Rev2,2,W187,PX-7500,CH-C,MID-03,Mid,0.52,150.0,41.53,40.76,37.17,1585.7,False,True,True,True,0,0.0,
5399,Rev2,2,W187,PX-7500,CH-C,MID-04,Mid,0.52,210.0,38.97,40.75,36.62,1679.3,True,True,True,True,0,0.0,
5400,Rev2,2,W187,PX-7500,CH-C,MID-05,Mid,0.52,270.0,39.6,41.28,37.23,1730.0,True,True,True,True,0,0.0,
5401,Rev2,2,W187,PX-7500,CH-C,MID-06,Mid,0.52,330.0,41.02,40.41,34.46,1735.1,False,True,True,True,1,2.7,
5402,Rev2,2,W187,PX-7500,CH-C,EDG-01,Edge,0.84,0.0,40.91,41.65,37.42,1728.4,False,True,True,True,0,0.0,
5403,Rev2,2,W187,PX-7500,CH-C,EDG-02,Edge,0.84,32.7,41.03,39.67,34.83,1649.1,False,True,True,True,0,0.0,
5404,Rev2,2,W187,PX-7500,CH-C,EDG-03,Edge,0.84,65.5,41.05,40.72,37.98,1650.5,False,True,True,True,0,0.0,
5405,Rev2,2,W187,PX-7500,CH-C,EDG-04,Edge,0.84,98.2,42.23,41.91,38.49,1755.6,False,True,True,True,0,0.0,
5406,Rev2,2,W187,PX-7500,CH-C,EDG-05,Edge,0.84,130.9,42.28,41.6,38.29,1723.7,False,True,True,True,2,7.09,
5407,Rev2,2,W187,PX-7500,CH-C,EDG-06,Edge,0.84,163.6,41.4,42.06,36.17,1640.5,False,False,True,True,1,5.82,
5408,Rev2,2,W187,PX-7500,CH-C,EDG-07,Edge,0.84,196.4,42.05,41.94,37.22,1672.2,False,True,True,True,0,0.0,
5409,Rev2,2,W187,PX-7500,CH-C,EDG-08,Edge,0.84,229.1,41.86,41.18,37.19,1692.4,False,True,True,True,0,0.0,
5410,Rev2,2,W187,PX-7500,CH-C,EDG-09,Edge,0.84,261.8,41.35,41.83,38.3,1656.8,False,True,True,True,1,5.64,
5411,Rev2,2,W187,PX-7500,CH-C,EDG-10,Edge,0.84,294.5,40.54,41.38,34.82,1639.2,False,True,True,True,0,0.0,
5412,Rev2,2,W187,PX-7500,CH-C,EDG-11,Edge,0.84,327.3,41.37,42.71,36.33,1660.3,False,False,True,True,2,5.17,
5413,Rev2,2,W187,PX-7500,CH-C,EXT-01,Extreme Edge,0.96,16.4,41.66,41.97,37.46,1674.0,False,True,True,True,0,0.0,
5414,Rev2,2,W187,PX-7500,CH-C,EXT-02,Extreme Edge,0.96,49.1,42.11,42.15,39.14,1630.3,False,False,True,True,1,4.49,
5415,Rev2,2,W187,PX-7500,CH-C,EXT-03,Extreme Edge,0.96,81.8,40.71,41.84,37.45,1672.9,False,True,True,True,0,0.0,
5416,Rev2,2,W187,PX-7500,CH-C,EXT-04,Extreme Edge,0.96,114.5,40.27,41.84,35.42,1661.5,True,True,True,True,0,0.0,
5417,Rev2,2,W187,PX-7500,CH-C,EXT-05,Extreme Edge,0.96,147.3,42.8,39.49,39.63,1722.3,False,True,True,True,3,8.36,
5418,Rev2,2,W187,PX-7500,CH-C,EXT-06,Extreme Edge,0.96,180.0,40.92,42.15,40.14,1704.1,False,False,True,True,0,0.0,
5419,Rev2,2,W187,PX-7500,CH-C,EXT-07,Extreme Edge,0.96,212.7,40.87,42.88,36.94,1679.2,False,False,True,True,2,4.94,polymer_residue
5420,Rev2,2,W187,PX-7500,CH-C,EXT-08,Extreme Edge,0.96,245.5,42.45,41.7,38.34,1617.0,False,True,True,True,2,10.94,
5421,Rev2,2,W187,PX-7500,CH-C,EXT-09,Extreme Edge,0.96,278.2,42.35,40.39,36.75,1730.3,False,True,True,True,0,0.0,
5422,Rev2,2,W187,PX-7500,CH-C,EXT-10,Extreme Edge,0.96,310.9,41.54,39.91,37.66,1703.5,False,True,True,True,0,0.0,
5423,Rev2,2,W187,PX-7500,CH-C,EXT-11,Extreme Edge,0.96,343.6,41.76,42.96,36.22,1593.6,False,False,True,True,2,7.5,
5424,Rev4,4,W188,AE-3200,CH-A,C1,Center,0.0,0.0,40.01,39.99,35.93,1626.3,True,True,True,True,0,0.0,
5425,Rev4,4,W188,AE-3200,CH-A,MID-01,Mid,0.52,30.0,39.55,41.67,36.68,1644.6,True,True,True,True,0,0.0,
5426,Rev4,4,W188,AE-3200,CH-A,MID-02,Mid,0.52,90.0,40.07,41.42,36.82,1757.9,True,True,True,True,0,0.0,
5427,Rev4,4,W188,AE-3200,CH-A,MID-03,Mid,0.52,150.0,40.1,40.15,34.51,1668.6,True,True,True,True,0,0.0,
5428,Rev4,4,W188,AE-3200,CH-A,MID-04,Mid,0.52,210.0,39.06,41.4,35.56,1692.5,True,True,True,True,0,0.0,
5429,Rev4,4,W188,AE-3200,CH-A,MID-05,Mid,0.52,270.0,39.63,39.98,36.68,1710.7,True,True,True,True,0,0.0,
5430,Rev4,4,W188,AE-3200,CH-A,MID-06,Mid,0.52,330.0,40.29,40.68,39.25,1647.2,True,True,True,True,0,0.0,
5431,Rev4,4,W188,AE-3200,CH-A,EDG-01,Edge,0.84,0.0,41.87,42.11,40.34,1603.2,False,False,True,True,2,8.82,arc_event
5432,Rev4,4,W188,AE-3200,CH-A,EDG-02,Edge,0.84,32.7,41.11,41.48,34.21,1686.2,False,True,True,True,0,0.0,
5433,Rev4,4,W188,AE-3200,CH-A,EDG-03,Edge,0.84,65.5,40.38,42.0,34.71,1646.9,True,False,True,True,0,0.0,
5434,Rev4,4,W188,AE-3200,CH-A,EDG-04,Edge,0.84,98.2,40.47,41.25,37.86,1631.9,False,True,True,True,0,0.0,
5435,Rev4,4,W188,AE-3200,CH-A,EDG-05,Edge,0.84,130.9,41.14,41.84,36.9,1712.5,False,True,True,True,2,7.68,
5436,Rev4,4,W188,AE-3200,CH-A,EDG-06,Edge,0.84,163.6,41.05,41.37,37.74,1664.3,False,True,True,True,1,3.97,esc_temp_drift
5437,Rev4,4,W188,AE-3200,CH-A,EDG-07,Edge,0.84,196.4,40.85,41.48,37.51,1700.6,False,True,True,True,1,3.0,polymer_residue
5438,Rev4,4,W188,AE-3200,CH-A,EDG-08,Edge,0.84,229.1,41.15,41.79,36.19,1702.7,False,True,True,True,0,0.0,
5439,Rev4,4,W188,AE-3200,CH-A,EDG-09,Edge,0.84,261.8,39.9,40.97,38.54,1693.3,True,True,True,True,2,8.59,polymer_residue
5440,Rev4,4,W188,AE-3200,CH-A,EDG-10,Edge,0.84,294.5,40.15,40.5,35.76,1732.6,True,True,True,True,2,5.82,polymer_residue
5441,Rev4,4,W188,AE-3200,CH-A,EDG-11,Edge,0.84,327.3,41.1,41.5,38.49,1778.9,False,True,True,False,0,0.0,
5442,Rev4,4,W188,AE-3200,CH-A,EXT-01,Extreme Edge,0.96,16.4,41.73,41.53,37.73,1764.5,False,True,True,False,1,4.02,
5443,Rev4,4,W188,AE-3200,CH-A,EXT-02,Extreme Edge,0.96,49.1,41.45,40.3,37.28,1613.1,False,True,True,True,0,0.0,
5444,Rev4,4,W188,AE-3200,CH-A,EXT-03,Extreme Edge,0.96,81.8,41.79,41.06,39.16,1706.3,False,True,True,True,0,0.0,
5445,Rev4,4,W188,AE-3200,CH-A,EXT-04,Extreme Edge,0.96,114.5,41.26,42.29,39.24,1682.6,False,False,True,True,0,0.0,
5446,Rev4,4,W188,AE-3200,CH-A,EXT-05,Extreme Edge,0.96,147.3,41.11,41.82,36.02,1733.9,False,True,True,True,1,3.42,
5447,Rev4,4,W188,AE-3200,CH-A,EXT-06,Extreme Edge,0.96,180.0,42.03,42.2,38.02,1778.5,False,False,True,False,2,6.47,
5448,Rev4,4,W188,AE-3200,CH-A,EXT-07,Extreme Edge,0.96,212.7,40.93,42.86,37.25,1669.8,False,False,True,True,1,6.47,polymer_residue
5449,Rev4,4,W188,AE-3200,CH-A,EXT-08,Extreme Edge,0.96,245.5,40.98,41.97,37.59,1774.3,False,True,True,False,2,4.62,polymer_residue
5450,Rev4,4,W188,AE-3200,CH-A,EXT-09,Extreme Edge,0.96,278.2,42.09,42.2,36.5,1786.0,False,False,True,False,2,4.43,
5451,Rev4,4,W188,AE-3200,CH-A,EXT-10,Extreme Edge,0.96,310.9,41.58,42.24,38.59,1777.0,False,False,True,False,1,2.07,
5452,Rev4,4,W188,AE-3200,CH-A,EXT-11,Extreme Edge,0.96,343.6,41.39,42.26,36.76,1715.0,False,False,True,True,1,4.45,
5453,Base,0,W189,AE-3200,CH-A,C1,Center,0.0,0.0,39.45,40.87,36.59,1544.5,True,True,True,False,1,5.31,polymer_residue
5454,Base,0,W189,AE-3200,CH-A,MID-01,Mid,0.52,30.0,40.69,41.38,38.58,1621.8,False,True,True,True,0,0.0,
5455,Base,0,W189,AE-3200,CH-A,MID-02,Mid,0.52,90.0,40.28,41.59,35.92,1636.8,True,True,True,True,0,0.0,
5456,Base,0,W189,AE-3200,CH-A,MID-03,Mid,0.52,150.0,40.83,42.08,36.67,1717.8,False,False,True,True,0,0.0,
5457,Base,0,W189,AE-3200,CH-A,MID-04,Mid,0.52,210.0,41.74,40.91,38.9,1719.6,False,True,True,True,0,0.0,
5458,Base,0,W189,AE-3200,CH-A,MID-05,Mid,0.52,270.0,39.91,40.92,36.82,1634.1,True,True,True,True,0,0.0,
5459,Base,0,W189,AE-3200,CH-A,MID-06,Mid,0.52,330.0,40.37,41.05,39.03,1601.7,True,True,True,True,0,0.0,
5460,Base,0,W189,AE-3200,CH-A,EDG-01,Edge,0.84,0.0,42.11,41.36,41.02,1756.6,False,True,False,True,0,0.0,
5461,Base,0,W189,AE-3200,CH-A,EDG-02,Edge,0.84,32.7,41.77,41.27,36.42,1712.8,False,True,True,True,1,3.07,polymer_residue
5462,Base,0,W189,AE-3200,CH-A,EDG-03,Edge,0.84,65.5,40.94,42.53,36.49,1666.4,False,False,True,True,0,0.0,
5463,Base,0,W189,AE-3200,CH-A,EDG-04,Edge,0.84,98.2,41.6,42.99,39.15,1697.2,False,False,True,True,0,0.0,
5464,Base,0,W189,AE-3200,CH-A,EDG-05,Edge,0.84,130.9,41.81,42.39,37.55,1663.9,False,False,True,True,1,4.04,
5465,Base,0,W189,AE-3200,CH-A,EDG-06,Edge,0.84,163.6,40.91,42.56,36.75,1665.1,False,False,True,True,1,5.1,endpoint_late
5466,Base,0,W189,AE-3200,CH-A,EDG-07,Edge,0.84,196.4,41.81,41.92,37.76,1682.9,False,True,True,True,0,0.0,
5467,Base,0,W189,AE-3200,CH-A,EDG-08,Edge,0.84,229.1,41.78,42.43,39.34,1595.0,False,False,True,True,0,0.0,
5468,Base,0,W189,AE-3200,CH-A,EDG-09,Edge,0.84,261.8,40.74,42.86,38.13,1675.7,False,False,True,True,1,5.14,
5469,Base,0,W189,AE-3200,CH-A,EDG-10,Edge,0.84,294.5,41.04,42.64,38.38,1714.1,False,False,True,True,0,0.0,
5470,Base,0,W189,AE-3200,CH-A,EDG-11,Edge,0.84,327.3,42.28,42.08,40.32,1602.1,False,False,True,True,0,0.0,
5471,Base,0,W189,AE-3200,CH-A,EXT-01,Extreme Edge,0.96,16.4,41.91,41.63,41.02,1755.9,False,True,False,True,2,11.96,polymer_residue
5472,Base,0,W189,AE-3200,CH-A,EXT-02,Extreme Edge,0.96,49.1,42.53,41.45,41.94,1616.2,False,True,False,True,0,0.0,
5473,Base,0,W189,AE-3200,CH-A,EXT-03,Extreme Edge,0.96,81.8,41.18,42.82,39.72,1771.3,False,False,True,False,1,4.02,
5474,Base,0,W189,AE-3200,CH-A,EXT-04,Extreme Edge,0.96,114.5,42.02,42.05,37.93,1752.8,False,False,True,True,0,0.0,
5475,Base,0,W189,AE-3200,CH-A,EXT-05,Extreme Edge,0.96,147.3,42.1,39.96,38.35,1752.9,False,True,True,True,1,2.64,
5476,Base,0,W189,AE-3200,CH-A,EXT-06,Extreme Edge,0.96,180.0,42.5,42.52,41.75,1725.9,False,False,False,True,0,0.0,
5477,Base,0,W189,AE-3200,CH-A,EXT-07,Extreme Edge,0.96,212.7,42.53,43.3,38.53,1725.9,False,False,True,True,1,3.89,polymer_residue
5478,Base,0,W189,AE-3200,CH-A,EXT-08,Extreme Edge,0.96,245.5,42.66,41.58,38.98,1721.1,False,True,True,True,0,0.0,
5479,Base,0,W189,AE-3200,CH-A,EXT-09,Extreme Edge,0.96,278.2,42.42,42.78,38.96,1606.8,False,False,True,True,1,3.9,
5480,Base,0,W189,AE-3200,CH-A,EXT-10,Extreme Edge,0.96,310.9,42.83,42.29,42.11,1656.8,False,False,False,True,1,2.88,polymer_residue
5481,Base,0,W189,AE-3200,CH-A,EXT-11,Extreme Edge,0.96,343.6,41.3,42.71,40.03,1691.1,False,False,True,True,0,0.0,
5482,Rev4,4,W190,AE-3200,CH-A,C1,Center,0.0,0.0,40.5,42.42,36.64,1636.4,False,False,True,True,1,6.26,polymer_residue
5483,Rev4,4,W190,AE-3200,CH-A,MID-01,Mid,0.52,30.0,40.7,41.1,38.42,1747.5,False,True,True,True,0,0.0,
5484,Rev4,4,W190,AE-3200,CH-A,MID-02,Mid,0.52,90.0,39.33,42.25,39.64,1684.6,True,False,True,True,0,0.0,
5485,Rev4,4,W190,AE-3200,CH-A,MID-03,Mid,0.52,150.0,40.49,41.3,37.87,1688.8,False,True,True,True,0,0.0,
5486,Rev4,4,W190,AE-3200,CH-A,MID-04,Mid,0.52,210.0,40.71,40.16,37.47,1708.4,False,True,True,True,0,0.0,
5487,Rev4,4,W190,AE-3200,CH-A,MID-05,Mid,0.52,270.0,42.44,41.99,36.09,1683.6,False,True,True,True,0,0.0,
5488,Rev4,4,W190,AE-3200,CH-A,MID-06,Mid,0.52,330.0,41.37,41.68,38.16,1616.0,False,True,True,True,1,3.19,esc_temp_drift
5489,Rev4,4,W190,AE-3200,CH-A,EDG-01,Edge,0.84,0.0,42.23,41.16,38.31,1715.0,False,True,True,True,1,5.03,polymer_residue
5490,Rev4,4,W190,AE-3200,CH-A,EDG-02,Edge,0.84,32.7,41.66,40.74,37.43,1694.4,False,True,True,True,0,0.0,
5491,Rev4,4,W190,AE-3200,CH-A,EDG-03,Edge,0.84,65.5,40.98,42.69,38.3,1690.1,False,False,True,True,2,6.58,
5492,Rev4,4,W190,AE-3200,CH-A,EDG-04,Edge,0.84,98.2,41.48,40.13,37.0,1616.6,False,True,True,True,0,0.0,
5493,Rev4,4,W190,AE-3200,CH-A,EDG-05,Edge,0.84,130.9,41.77,41.91,39.61,1729.5,False,True,True,True,0,0.0,
5494,Rev4,4,W190,AE-3200,CH-A,EDG-06,Edge,0.84,163.6,42.95,40.81,41.42,1640.3,False,True,False,True,0,0.0,
5495,Rev4,4,W190,AE-3200,CH-A,EDG-07,Edge,0.84,196.4,40.33,40.79,39.21,1684.0,True,True,True,True,2,6.99,
5496,Rev4,4,W190,AE-3200,CH-A,EDG-08,Edge,0.84,229.1,42.62,40.07,41.26,1699.4,False,True,False,True,4,17.51,
5497,Rev4,4,W190,AE-3200,CH-A,EDG-09,Edge,0.84,261.8,41.32,41.85,37.59,1616.1,False,True,True,True,0,0.0,
5498,Rev4,4,W190,AE-3200,CH-A,EDG-10,Edge,0.84,294.5,41.47,41.47,38.05,1678.2,False,True,True,True,0,0.0,
5499,Rev4,4,W190,AE-3200,CH-A,EDG-11,Edge,0.84,327.3,42.22,42.77,37.89,1653.8,False,False,True,True,1,2.78,polymer_residue
5500,Rev4,4,W190,AE-3200,CH-A,EXT-01,Extreme Edge,0.96,16.4,41.72,42.87,38.96,1723.8,False,False,True,True,0,0.0,
5501,Rev4,4,W190,AE-3200,CH-A,EXT-02,Extreme Edge,0.96,49.1,42.54,42.58,37.07,1698.3,False,False,True,True,1,3.7,polymer_residue
5502,Rev4,4,W190,AE-3200,CH-A,EXT-03,Extreme Edge,0.96,81.8,41.38,43.4,38.62,1776.5,False,False,True,False,0,0.0,
5503,Rev4,4,W190,AE-3200,CH-A,EXT-04,Extreme Edge,0.96,114.5,42.51,42.5,37.76,1699.9,False,False,True,True,1,1.88,
5504,Rev4,4,W190,AE-3200,CH-A,EXT-05,Extreme Edge,0.96,147.3,41.72,43.44,38.95,1681.8,False,False,True,True,2,7.24,
5505,Rev4,4,W190,AE-3200,CH-A,EXT-06,Extreme Edge,0.96,180.0,41.15,42.14,37.94,1745.7,False,False,True,True,0,0.0,
5506,Rev4,4,W190,AE-3200,CH-A,EXT-07,Extreme Edge,0.96,212.7,42.25,42.5,36.65,1795.5,False,False,True,False,2,11.12,endpoint_late
5507,Rev4,4,W190,AE-3200,CH-A,EXT-08,Extreme Edge,0.96,245.5,41.72,41.07,38.73,1725.0,False,True,True,True,0,0.0,
5508,Rev4,4,W190,AE-3200,CH-A,EXT-09,Extreme Edge,0.96,278.2,42.46,42.46,39.79,1809.6,False,False,True,False,1,2.71,arc_event
5509,Rev4,4,W190,AE-3200,CH-A,EXT-10,Extreme Edge,0.96,310.9,41.52,42.3,37.11,1711.6,False,False,True,True,0,0.0,
5510,Rev4,4,W190,AE-3200,CH-A,EXT-11,Extreme Edge,0.96,343.6,40.78,40.79,39.67,1765.5,False,True,True,False,2,8.38,
5511,Rev2,2,W191,PX-7500,CH-C,C1,Center,0.0,0.0,38.66,38.66,38.67,1546.2,True,True,True,False,0,0.0,
5512,Rev2,2,W191,PX-7500,CH-C,MID-01,Mid,0.52,30.0,40.01,40.39,37.63,1621.3,True,True,True,True,0,0.0,
5513,Rev2,2,W191,PX-7500,CH-C,MID-02,Mid,0.52,90.0,40.92,40.38,38.56,1619.8,False,True,True,True,0,0.0,
5514,Rev2,2,W191,PX-7500,CH-C,MID-03,Mid,0.52,150.0,39.91,40.24,36.85,1561.2,True,True,True,False,0,0.0,
5515,Rev2,2,W191,PX-7500,CH-C,MID-04,Mid,0.52,210.0,39.26,39.92,35.6,1643.4,True,True,True,True,0,0.0,
5516,Rev2,2,W191,PX-7500,CH-C,MID-05,Mid,0.52,270.0,38.4,41.3,37.34,1558.7,True,True,True,False,0,0.0,
5517,Rev2,2,W191,PX-7500,CH-C,MID-06,Mid,0.52,330.0,39.87,40.06,36.82,1558.7,True,True,True,False,2,4.46,
5518,Rev2,2,W191,PX-7500,CH-C,EDG-01,Edge,0.84,0.0,41.58,41.03,38.7,1666.4,False,True,True,True,1,3.54,
5519,Rev2,2,W191,PX-7500,CH-C,EDG-02,Edge,0.84,32.7,40.16,40.26,36.81,1654.7,True,True,True,True,0,0.0,
5520,Rev2,2,W191,PX-7500,CH-C,EDG-03,Edge,0.84,65.5,40.67,40.46,37.9,1575.9,False,True,True,False,1,6.4,polymer_residue
5521,Rev2,2,W191,PX-7500,CH-C,EDG-04,Edge,0.84,98.2,40.66,40.7,38.2,1669.1,False,True,True,True,0,0.0,
5522,Rev2,2,W191,PX-7500,CH-C,EDG-05,Edge,0.84,130.9,40.2,43.05,37.59,1696.9,True,False,True,True,0,0.0,
5523,Rev2,2,W191,PX-7500,CH-C,EDG-06,Edge,0.84,163.6,40.4,42.04,37.5,1610.1,False,False,True,True,2,7.05,
5524,Rev2,2,W191,PX-7500,CH-C,EDG-07,Edge,0.84,196.4,40.81,40.95,34.45,1738.6,False,True,True,True,0,0.0,
5525,Rev2,2,W191,PX-7500,CH-C,EDG-08,Edge,0.84,229.1,39.68,40.42,40.16,1692.4,True,True,True,True,0,0.0,
5526,Rev2,2,W191,PX-7500,CH-C,EDG-09,Edge,0.84,261.8,40.1,41.04,38.94,1607.1,True,True,True,True,1,4.83,polymer_residue
5527,Rev2,2,W191,PX-7500,CH-C,EDG-10,Edge,0.84,294.5,39.91,40.88,37.54,1655.2,True,True,True,True,0,0.0,
5528,Rev2,2,W191,PX-7500,CH-C,EDG-11,Edge,0.84,327.3,40.62,41.74,35.81,1627.6,False,True,True,True,0,0.0,
5529,Rev2,2,W191,PX-7500,CH-C,EXT-01,Extreme Edge,0.96,16.4,40.9,40.95,37.92,1644.0,False,True,True,True,1,4.75,arc_event
5530,Rev2,2,W191,PX-7500,CH-C,EXT-02,Extreme Edge,0.96,49.1,39.79,40.67,36.95,1779.6,True,True,True,False,2,11.1,polymer_residue
5531,Rev2,2,W191,PX-7500,CH-C,EXT-03,Extreme Edge,0.96,81.8,41.42,42.76,38.55,1749.6,False,False,True,True,3,8.59,polymer_residue
5532,Rev2,2,W191,PX-7500,CH-C,EXT-04,Extreme Edge,0.96,114.5,40.91,42.29,36.62,1647.4,False,False,True,True,0,0.0,
5533,Rev2,2,W191,PX-7500,CH-C,EXT-05,Extreme Edge,0.96,147.3,41.35,41.25,38.26,1593.6,False,True,True,True,0,0.0,
5534,Rev2,2,W191,PX-7500,CH-C,EXT-06,Extreme Edge,0.96,180.0,41.0,41.08,37.78,1738.5,False,True,True,True,1,4.63,arc_event
5535,Rev2,2,W191,PX-7500,CH-C,EXT-07,Extreme Edge,0.96,212.7,40.81,41.73,38.48,1694.9,False,True,True,True,0,0.0,
5536,Rev2,2,W191,PX-7500,CH-C,EXT-08,Extreme Edge,0.96,245.5,40.55,41.17,36.71,1707.6,False,True,True,True,0,0.0,
5537,Rev2,2,W191,PX-7500,CH-C,EXT-09,Extreme Edge,0.96,278.2,40.16,39.98,38.19,1646.0,True,True,True,True,0,0.0,
5538,Rev2,2,W191,PX-7500,CH-C,EXT-10,Extreme Edge,0.96,310.9,41.31,42.53,40.13,1647.1,False,False,True,True,0,0.0,
5539,Rev2,2,W191,PX-7500,CH-C,EXT-11,Extreme Edge,0.96,343.6,41.59,41.37,38.4,1638.0,False,True,True,True,1,3.96,
5540,Rev7,7,W192,PX-7500,CH-D,C1,Center,0.0,0.0,38.04,40.41,38.41,1705.7,True,True,True,True,2,4.98,polymer_residue
5541,Rev7,7,W192,PX-7500,CH-D,MID-01,Mid,0.52,30.0,38.04,39.29,39.05,1737.6,True,True,True,True,0,0.0,
5542,Rev7,7,W192,PX-7500,CH-D,MID-02,Mid,0.52,90.0,37.85,38.69,38.47,1660.7,True,True,True,True,0,0.0,
5543,Rev7,7,W192,PX-7500,CH-D,MID-03,Mid,0.52,150.0,38.12,40.59,37.26,1700.1,True,True,True,True,0,0.0,
5544,Rev7,7,W192,PX-7500,CH-D,MID-04,Mid,0.52,210.0,38.78,39.95,38.93,1654.8,True,True,True,True,0,0.0,
5545,Rev7,7,W192,PX-7500,CH-D,MID-05,Mid,0.52,270.0,39.09,39.5,34.06,1696.9,True,True,False,True,0,0.0,
5546,Rev7,7,W192,PX-7500,CH-D,MID-06,Mid,0.52,330.0,38.25,37.91,35.9,1597.3,True,True,True,True,0,0.0,
5547,Rev7,7,W192,PX-7500,CH-D,EDG-01,Edge,0.84,0.0,39.94,39.67,38.33,1685.3,True,True,True,True,2,7.41,pressure_spike
5548,Rev7,7,W192,PX-7500,CH-D,EDG-02,Edge,0.84,32.7,40.0,40.06,38.73,1666.2,True,True,True,True,1,3.48,endpoint_late
5549,Rev7,7,W192,PX-7500,CH-D,EDG-03,Edge,0.84,65.5,39.68,40.04,37.51,1713.7,True,True,True,True,1,6.13,
5550,Rev7,7,W192,PX-7500,CH-D,EDG-04,Edge,0.84,98.2,38.52,40.8,35.66,1754.7,True,True,True,True,0,0.0,
5551,Rev7,7,W192,PX-7500,CH-D,EDG-05,Edge,0.84,130.9,37.89,40.64,40.17,1691.1,True,True,True,True,1,1.89,polymer_residue
5552,Rev7,7,W192,PX-7500,CH-D,EDG-06,Edge,0.84,163.6,40.65,40.76,37.66,1723.7,False,True,True,True,0,0.0,
5553,Rev7,7,W192,PX-7500,CH-D,EDG-07,Edge,0.84,196.4,39.47,42.03,37.56,1829.4,True,False,True,False,1,2.8,
5554,Rev7,7,W192,PX-7500,CH-D,EDG-08,Edge,0.84,229.1,39.66,40.87,40.33,1661.4,True,True,True,True,0,0.0,
5555,Rev7,7,W192,PX-7500,CH-D,EDG-09,Edge,0.84,261.8,40.99,40.23,39.12,1627.4,False,True,True,True,1,3.88,
5556,Rev7,7,W192,PX-7500,CH-D,EDG-10,Edge,0.84,294.5,39.6,41.37,36.6,1681.5,True,True,True,True,0,0.0,
5557,Rev7,7,W192,PX-7500,CH-D,EDG-11,Edge,0.84,327.3,38.6,41.15,37.56,1732.4,True,True,True,True,0,0.0,
5558,Rev7,7,W192,PX-7500,CH-D,EXT-01,Extreme Edge,0.96,16.4,39.73,41.55,38.77,1694.9,True,True,True,True,1,4.87,
5559,Rev7,7,W192,PX-7500,CH-D,EXT-02,Extreme Edge,0.96,49.1,40.18,41.39,37.6,1694.9,True,True,True,True,1,1.9,
5560,Rev7,7,W192,PX-7500,CH-D,EXT-03,Extreme Edge,0.96,81.8,38.97,41.77,37.98,1709.3,True,True,True,True,0,0.0,
5561,Rev7,7,W192,PX-7500,CH-D,EXT-04,Extreme Edge,0.96,114.5,39.13,42.05,33.46,1726.2,True,False,False,True,0,0.0,
5562,Rev7,7,W192,PX-7500,CH-D,EXT-05,Extreme Edge,0.96,147.3,39.54,41.24,40.11,1776.5,True,True,True,False,0,0.0,
5563,Rev7,7,W192,PX-7500,CH-D,EXT-06,Extreme Edge,0.96,180.0,40.11,40.48,38.23,1799.7,True,True,True,False,0,0.0,
5564,Rev7,7,W192,PX-7500,CH-D,EXT-07,Extreme Edge,0.96,212.7,38.6,41.34,38.55,1695.3,True,True,True,True,0,0.0,
5565,Rev7,7,W192,PX-7500,CH-D,EXT-08,Extreme Edge,0.96,245.5,40.81,40.27,41.39,1854.3,False,True,False,False,1,3.49,
5566,Rev7,7,W192,PX-7500,CH-D,EXT-09,Extreme Edge,0.96,278.2,41.22,40.86,37.18,1769.0,False,True,True,False,1,2.56,polymer_residue
5567,Rev7,7,W192,PX-7500,CH-D,EXT-10,Extreme Edge,0.96,310.9,38.12,41.75,39.4,1705.1,True,True,True,True,1,3.32,
5568,Rev7,7,W192,PX-7500,CH-D,EXT-11,Extreme Edge,0.96,343.6,39.3,42.25,37.71,1687.6,True,False,True,True,0,0.0,
5569,Rev10,10,W193,PX-7500,CH-C,C1,Center,0.0,0.0,36.51,37.58,36.82,1739.1,False,False,True,True,1,1.91,esc_temp_drift
5570,Rev10,10,W193,PX-7500,CH-C,MID-01,Mid,0.52,30.0,37.81,37.82,38.23,1641.3,True,True,True,True,1,5.38,
5571,Rev10,10,W193,PX-7500,CH-C,MID-02,Mid,0.52,90.0,36.8,39.06,37.04,1624.3,True,True,True,True,0,0.0,
5572,Rev10,10,W193,PX-7500,CH-C,MID-03,Mid,0.52,150.0,37.24,39.2,34.91,1753.9,True,True,True,True,0,0.0,
5573,Rev10,10,W193,PX-7500,CH-C,MID-04,Mid,0.52,210.0,36.56,39.03,37.49,1768.9,False,True,True,False,1,3.02,
5574,Rev10,10,W193,PX-7500,CH-C,MID-05,Mid,0.52,270.0,36.91,39.02,39.98,1661.0,True,True,True,True,0,0.0,
5575,Rev10,10,W193,PX-7500,CH-C,MID-06,Mid,0.52,330.0,37.37,39.07,34.93,1770.2,True,True,True,False,0,0.0,
5576,Rev10,10,W193,PX-7500,CH-C,EDG-01,Edge,0.84,0.0,38.27,40.31,39.5,1758.6,True,True,True,True,0,0.0,
5577,Rev10,10,W193,PX-7500,CH-C,EDG-02,Edge,0.84,32.7,37.27,40.01,40.23,1745.9,True,True,True,True,0,0.0,
5578,Rev10,10,W193,PX-7500,CH-C,EDG-03,Edge,0.84,65.5,38.79,40.29,38.51,1700.4,True,True,True,True,1,6.29,polymer_residue
5579,Rev10,10,W193,PX-7500,CH-C,EDG-04,Edge,0.84,98.2,36.88,40.52,37.63,1714.2,True,True,True,True,1,6.3,
5580,Rev10,10,W193,PX-7500,CH-C,EDG-05,Edge,0.84,130.9,36.79,39.83,37.8,1764.2,True,True,True,False,0,0.0,
5581,Rev10,10,W193,PX-7500,CH-C,EDG-06,Edge,0.84,163.6,37.7,39.94,37.09,1750.7,True,True,True,True,0,0.0,
5582,Rev10,10,W193,PX-7500,CH-C,EDG-07,Edge,0.84,196.4,37.2,41.65,38.96,1742.7,True,True,True,True,0,0.0,
5583,Rev10,10,W193,PX-7500,CH-C,EDG-08,Edge,0.84,229.1,38.94,39.5,37.99,1739.8,True,True,True,True,0,0.0,
5584,Rev10,10,W193,PX-7500,CH-C,EDG-09,Edge,0.84,261.8,38.49,39.87,38.22,1716.2,True,True,True,True,1,3.65,
5585,Rev10,10,W193,PX-7500,CH-C,EDG-10,Edge,0.84,294.5,38.35,41.17,38.49,1682.3,True,True,True,True,1,6.19,polymer_residue
5586,Rev10,10,W193,PX-7500,CH-C,EDG-11,Edge,0.84,327.3,37.49,39.74,38.18,1697.7,True,True,True,True,0,0.0,
5587,Rev10,10,W193,PX-7500,CH-C,EXT-01,Extreme Edge,0.96,16.4,37.93,39.82,39.26,1758.9,True,True,True,True,1,2.65,polymer_residue
5588,Rev10,10,W193,PX-7500,CH-C,EXT-02,Extreme Edge,0.96,49.1,39.35,42.04,39.0,1727.3,True,False,True,True,1,3.36,esc_temp_drift
5589,Rev10,10,W193,PX-7500,CH-C,EXT-03,Extreme Edge,0.96,81.8,37.59,40.1,37.65,1778.1,True,True,True,False,1,5.8,
5590,Rev10,10,W193,PX-7500,CH-C,EXT-04,Extreme Edge,0.96,114.5,40.12,41.18,38.5,1770.4,True,True,True,False,0,0.0,
5591,Rev10,10,W193,PX-7500,CH-C,EXT-05,Extreme Edge,0.96,147.3,38.52,40.47,36.62,1758.3,True,True,True,True,0,0.0,
5592,Rev10,10,W193,PX-7500,CH-C,EXT-06,Extreme Edge,0.96,180.0,38.44,39.83,38.51,1781.7,True,True,True,False,2,4.97,polymer_residue
5593,Rev10,10,W193,PX-7500,CH-C,EXT-07,Extreme Edge,0.96,212.7,36.95,39.14,37.47,1783.2,True,True,True,False,0,0.0,
5594,Rev10,10,W193,PX-7500,CH-C,EXT-08,Extreme Edge,0.96,245.5,38.66,40.03,38.47,1691.1,True,True,True,True,0,0.0,
5595,Rev10,10,W193,PX-7500,CH-C,EXT-09,Extreme Edge,0.96,278.2,38.33,42.02,38.11,1798.5,True,False,True,False,1,6.34,
5596,Rev10,10,W193,PX-7500,CH-C,EXT-10,Extreme Edge,0.96,310.9,39.49,41.08,37.73,1729.0,True,True,True,True,2,9.5,polymer_residue
5597,Rev10,10,W193,PX-7500,CH-C,EXT-11,Extreme Edge,0.96,343.6,37.63,39.06,38.15,1688.4,True,True,True,True,0,0.0,
5598,Rev2,2,W194,PX-7500,CH-C,C1,Center,0.0,0.0,38.95,40.05,37.03,1567.1,True,True,True,False,0,0.0,
5599,Rev2,2,W194,PX-7500,CH-C,MID-01,Mid,0.52,30.0,39.35,39.8,36.09,1580.0,True,True,True,False,0,0.0,
5600,Rev2,2,W194,PX-7500,CH-C,MID-02,Mid,0.52,90.0,40.0,40.24,34.93,1617.5,True,True,True,True,0,0.0,
5601,Rev2,2,W194,PX-7500,CH-C,MID-03,Mid,0.52,150.0,39.71,39.5,36.07,1590.1,True,True,True,True,0,0.0,
5602,Rev2,2,W194,PX-7500,CH-C,MID-04,Mid,0.52,210.0,40.48,38.89,37.31,1590.2,False,True,True,True,0,0.0,
5603,Rev2,2,W194,PX-7500,CH-C,MID-05,Mid,0.52,270.0,39.47,41.21,36.13,1619.5,True,True,True,True,0,0.0,
5604,Rev2,2,W194,PX-7500,CH-C,MID-06,Mid,0.52,330.0,41.62,40.34,37.42,1703.0,False,True,True,True,0,0.0,
5605,Rev2,2,W194,PX-7500,CH-C,EDG-01,Edge,0.84,0.0,42.31,40.14,38.32,1656.6,False,True,True,True,0,0.0,
5606,Rev2,2,W194,PX-7500,CH-C,EDG-02,Edge,0.84,32.7,40.77,40.27,39.06,1611.1,False,True,True,True,2,4.72,
5607,Rev2,2,W194,PX-7500,CH-C,EDG-03,Edge,0.84,65.5,41.28,41.72,37.08,1601.0,False,True,True,True,0,0.0,
5608,Rev2,2,W194,PX-7500,CH-C,EDG-04,Edge,0.84,98.2,40.5,41.21,35.77,1624.1,False,True,True,True,0,0.0,
5609,Rev2,2,W194,PX-7500,CH-C,EDG-05,Edge,0.84,130.9,40.14,40.57,39.83,1618.0,True,True,True,True,0,0.0,
5610,Rev2,2,W194,PX-7500,CH-C,EDG-06,Edge,0.84,163.6,39.92,39.34,36.68,1580.0,True,True,True,True,1,2.79,polymer_residue
5611,Rev2,2,W194,PX-7500,CH-C,EDG-07,Edge,0.84,196.4,39.57,40.4,34.21,1662.6,True,True,True,True,0,0.0,
5612,Rev2,2,W194,PX-7500,CH-C,EDG-08,Edge,0.84,229.1,40.29,40.15,37.31,1658.2,True,True,True,True,1,2.66,
5613,Rev2,2,W194,PX-7500,CH-C,EDG-09,Edge,0.84,261.8,40.31,40.72,33.95,1560.0,True,True,False,False,1,5.75,
5614,Rev2,2,W194,PX-7500,CH-C,EDG-10,Edge,0.84,294.5,41.48,40.7,34.48,1558.9,False,True,True,False,2,6.9,pressure_spike
5615,Rev2,2,W194,PX-7500,CH-C,EDG-11,Edge,0.84,327.3,41.38,40.83,35.72,1654.2,False,True,True,True,1,2.86,polymer_residue
5616,Rev2,2,W194,PX-7500,CH-C,EXT-01,Extreme Edge,0.96,16.4,41.29,42.15,41.07,1657.0,False,False,False,True,0,0.0,
5617,Rev2,2,W194,PX-7500,CH-C,EXT-02,Extreme Edge,0.96,49.1,43.02,40.27,36.62,1632.6,False,True,True,True,1,2.93,endpoint_late
5618,Rev2,2,W194,PX-7500,CH-C,EXT-03,Extreme Edge,0.96,81.8,41.42,41.83,35.84,1678.2,False,True,True,True,0,0.0,
5619,Rev2,2,W194,PX-7500,CH-C,EXT-04,Extreme Edge,0.96,114.5,42.56,41.21,38.88,1654.7,False,True,True,True,0,0.0,
5620,Rev2,2,W194,PX-7500,CH-C,EXT-05,Extreme Edge,0.96,147.3,40.18,41.95,35.04,1674.3,True,True,True,True,0,0.0,
5621,Rev2,2,W194,PX-7500,CH-C,EXT-06,Extreme Edge,0.96,180.0,42.99,40.69,36.93,1586.9,False,True,True,True,3,13.99,polymer_residue
5622,Rev2,2,W194,PX-7500,CH-C,EXT-07,Extreme Edge,0.96,212.7,42.93,42.18,37.91,1690.0,False,False,True,True,0,0.0,
5623,Rev2,2,W194,PX-7500,CH-C,EXT-08,Extreme Edge,0.96,245.5,41.75,42.78,38.99,1644.7,False,False,True,True,2,7.3,polymer_residue
5624,Rev2,2,W194,PX-7500,CH-C,EXT-09,Extreme Edge,0.96,278.2,41.58,41.82,38.19,1676.0,False,True,True,True,0,0.0,
5625,Rev2,2,W194,PX-7500,CH-C,EXT-10,Extreme Edge,0.96,310.9,41.07,41.47,36.08,1616.5,False,True,True,True,1,4.02,polymer_residue
5626,Rev2,2,W194,PX-7500,CH-C,EXT-11,Extreme Edge,0.96,343.6,42.15,42.06,34.66,1660.8,False,False,True,True,0,0.0,
5627,Rev4,4,W195,AE-3200,CH-A,C1,Center,0.0,0.0,39.06,43.1,38.23,1705.2,True,False,True,True,0,0.0,
5628,Rev4,4,W195,AE-3200,CH-A,MID-01,Mid,0.52,30.0,39.63,41.7,38.57,1766.7,True,True,True,False,0,0.0,
5629,Rev4,4,W195,AE-3200,CH-A,MID-02,Mid,0.52,90.0,39.45,42.38,36.63,1694.6,True,False,True,True,0,0.0,
5630,Rev4,4,W195,AE-3200,CH-A,MID-03,Mid,0.52,150.0,41.19,41.66,40.37,1713.9,False,True,True,True,0,0.0,
5631,Rev4,4,W195,AE-3200,CH-A,MID-04,Mid,0.52,210.0,40.74,40.88,39.09,1707.8,False,True,True,True,0,0.0,
5632,Rev4,4,W195,AE-3200,CH-A,MID-05,Mid,0.52,270.0,39.62,42.16,36.95,1674.8,True,False,True,True,0,0.0,
5633,Rev4,4,W195,AE-3200,CH-A,MID-06,Mid,0.52,330.0,40.81,42.43,39.47,1675.3,False,False,True,True,0,0.0,
5634,Rev4,4,W195,AE-3200,CH-A,EDG-01,Edge,0.84,0.0,40.1,41.42,38.05,1763.1,True,True,True,False,0,0.0,
5635,Rev4,4,W195,AE-3200,CH-A,EDG-02,Edge,0.84,32.7,40.21,42.1,38.86,1731.6,True,False,True,True,1,2.21,
5636,Rev4,4,W195,AE-3200,CH-A,EDG-03,Edge,0.84,65.5,41.25,41.88,38.69,1665.1,False,True,True,True,1,4.02,
5637,Rev4,4,W195,AE-3200,CH-A,EDG-04,Edge,0.84,98.2,41.62,41.25,36.59,1671.3,False,True,True,True,0,0.0,
5638,Rev4,4,W195,AE-3200,CH-A,EDG-05,Edge,0.84,130.9,41.31,43.41,37.78,1729.1,False,False,True,True,0,0.0,
5639,Rev4,4,W195,AE-3200,CH-A,EDG-06,Edge,0.84,163.6,40.44,41.34,34.83,1750.3,False,True,True,True,1,6.27,
5640,Rev4,4,W195,AE-3200,CH-A,EDG-07,Edge,0.84,196.4,41.51,42.46,35.11,1754.8,False,False,True,True,1,2.6,
5641,Rev4,4,W195,AE-3200,CH-A,EDG-08,Edge,0.84,229.1,40.72,42.28,36.62,1681.0,False,False,True,True,0,0.0,
5642,Rev4,4,W195,AE-3200,CH-A,EDG-09,Edge,0.84,261.8,41.38,42.38,38.51,1663.0,False,False,True,True,2,6.63,
5643,Rev4,4,W195,AE-3200,CH-A,EDG-10,Edge,0.84,294.5,41.38,41.5,38.93,1639.3,False,True,True,True,0,0.0,
5644,Rev4,4,W195,AE-3200,CH-A,EDG-11,Edge,0.84,327.3,40.67,42.39,38.44,1631.7,False,False,True,True,2,7.02,
5645,Rev4,4,W195,AE-3200,CH-A,EXT-01,Extreme Edge,0.96,16.4,42.61,41.74,38.53,1669.0,False,True,True,True,0,0.0,
5646,Rev4,4,W195,AE-3200,CH-A,EXT-02,Extreme Edge,0.96,49.1,41.64,43.2,38.98,1653.7,False,False,True,True,2,6.32,polymer_residue
5647,Rev4,4,W195,AE-3200,CH-A,EXT-03,Extreme Edge,0.96,81.8,40.94,42.72,38.5,1762.1,False,False,True,False,1,5.26,
5648,Rev4,4,W195,AE-3200,CH-A,EXT-04,Extreme Edge,0.96,114.5,41.04,41.9,36.42,1655.8,False,True,True,True,0,0.0,
5649,Rev4,4,W195,AE-3200,CH-A,EXT-05,Extreme Edge,0.96,147.3,41.73,42.35,41.01,1682.8,False,False,False,True,1,2.57,
5650,Rev4,4,W195,AE-3200,CH-A,EXT-06,Extreme Edge,0.96,180.0,41.26,43.4,38.26,1663.0,False,False,True,True,1,2.08,polymer_residue
5651,Rev4,4,W195,AE-3200,CH-A,EXT-07,Extreme Edge,0.96,212.7,42.22,42.49,37.84,1717.3,False,False,True,True,1,4.52,arc_event
5652,Rev4,4,W195,AE-3200,CH-A,EXT-08,Extreme Edge,0.96,245.5,42.06,42.18,38.65,1670.0,False,False,True,True,0,0.0,
5653,Rev4,4,W195,AE-3200,CH-A,EXT-09,Extreme Edge,0.96,278.2,41.08,41.85,40.5,1758.7,False,True,False,True,0,0.0,
5654,Rev4,4,W195,AE-3200,CH-A,EXT-10,Extreme Edge,0.96,310.9,41.55,42.68,37.76,1666.8,False,False,True,True,0,0.0,
5655,Rev4,4,W195,AE-3200,CH-A,EXT-11,Extreme Edge,0.96,343.6,39.99,42.06,37.36,1766.5,True,False,True,False,1,6.11,polymer_residue
5656,Rev2,2,W196,PX-7500,CH-C,C1,Center,0.0,0.0,39.05,39.54,37.24,1600.4,True,True,True,True,1,5.62,arc_event
5657,Rev2,2,W196,PX-7500,CH-C,MID-01,Mid,0.52,30.0,40.22,40.84,36.6,1643.5,True,True,True,True,0,0.0,
5658,Rev2,2,W196,PX-7500,CH-C,MID-02,Mid,0.52,90.0,40.17,40.72,37.87,1530.4,True,True,True,False,0,0.0,
5659,Rev2,2,W196,PX-7500,CH-C,MID-03,Mid,0.52,150.0,41.35,40.27,37.75,1569.4,False,True,True,False,1,4.63,
5660,Rev2,2,W196,PX-7500,CH-C,MID-04,Mid,0.52,210.0,40.5,40.44,35.38,1681.8,False,True,True,True,1,6.45,
5661,Rev2,2,W196,PX-7500,CH-C,MID-05,Mid,0.52,270.0,41.4,41.93,37.73,1606.6,False,True,True,True,0,0.0,
5662,Rev2,2,W196,PX-7500,CH-C,MID-06,Mid,0.52,330.0,39.81,41.07,36.6,1697.4,True,True,True,True,0,0.0,
5663,Rev2,2,W196,PX-7500,CH-C,EDG-01,Edge,0.84,0.0,40.91,42.69,35.53,1700.6,False,False,True,True,0,0.0,
5664,Rev2,2,W196,PX-7500,CH-C,EDG-02,Edge,0.84,32.7,41.75,40.61,38.72,1652.0,False,True,True,True,0,0.0,
5665,Rev2,2,W196,PX-7500,CH-C,EDG-03,Edge,0.84,65.5,41.75,40.38,34.75,1694.2,False,True,True,True,1,4.01,pressure_spike
5666,Rev2,2,W196,PX-7500,CH-C,EDG-04,Edge,0.84,98.2,41.73,40.71,37.94,1670.4,False,True,True,True,0,0.0,
5667,Rev2,2,W196,PX-7500,CH-C,EDG-05,Edge,0.84,130.9,42.3,41.74,38.36,1679.2,False,True,True,True,0,0.0,
5668,Rev2,2,W196,PX-7500,CH-C,EDG-06,Edge,0.84,163.6,40.16,42.12,33.57,1645.2,True,False,False,True,3,8.67,arc_event
5669,Rev2,2,W196,PX-7500,CH-C,EDG-07,Edge,0.84,196.4,42.46,40.9,38.37,1667.0,False,True,True,True,2,11.06,arc_event
5670,Rev2,2,W196,PX-7500,CH-C,EDG-08,Edge,0.84,229.1,41.68,41.24,37.58,1677.4,False,True,True,True,0,0.0,
5671,Rev2,2,W196,PX-7500,CH-C,EDG-09,Edge,0.84,261.8,40.37,42.02,37.1,1632.4,True,False,True,True,0,0.0,
5672,Rev2,2,W196,PX-7500,CH-C,EDG-10,Edge,0.84,294.5,40.55,40.97,37.72,1614.4,False,True,True,True,1,3.86,polymer_residue
5673,Rev2,2,W196,PX-7500,CH-C,EDG-11,Edge,0.84,327.3,40.99,41.04,38.85,1743.0,False,True,True,True,1,6.11,
5674,Rev2,2,W196,PX-7500,CH-C,EXT-01,Extreme Edge,0.96,16.4,41.23,42.54,37.82,1696.7,False,False,True,True,0,0.0,
5675,Rev2,2,W196,PX-7500,CH-C,EXT-02,Extreme Edge,0.96,49.1,41.77,41.87,40.47,1639.0,False,True,False,True,0,0.0,
5676,Rev2,2,W196,PX-7500,CH-C,EXT-03,Extreme Edge,0.96,81.8,41.49,42.11,36.96,1590.8,False,False,True,True,3,10.85,polymer_residue
5677,Rev2,2,W196,PX-7500,CH-C,EXT-04,Extreme Edge,0.96,114.5,40.25,42.94,39.88,1663.3,True,False,True,True,0,0.0,
5678,Rev2,2,W196,PX-7500,CH-C,EXT-05,Extreme Edge,0.96,147.3,41.25,42.54,39.64,1676.8,False,False,True,True,0,0.0,
5679,Rev2,2,W196,PX-7500,CH-C,EXT-06,Extreme Edge,0.96,180.0,42.18,41.11,38.36,1631.8,False,True,True,True,1,5.51,
5680,Rev2,2,W196,PX-7500,CH-C,EXT-07,Extreme Edge,0.96,212.7,42.83,43.06,39.52,1644.6,False,False,True,True,0,0.0,
5681,Rev2,2,W196,PX-7500,CH-C,EXT-08,Extreme Edge,0.96,245.5,40.94,41.85,35.68,1659.0,False,True,True,True,1,6.13,
5682,Rev2,2,W196,PX-7500,CH-C,EXT-09,Extreme Edge,0.96,278.2,42.38,41.89,38.35,1664.8,False,True,True,True,0,0.0,
5683,Rev2,2,W196,PX-7500,CH-C,EXT-10,Extreme Edge,0.96,310.9,42.25,40.76,39.12,1583.6,False,True,True,True,1,3.74,
5684,Rev2,2,W196,PX-7500,CH-C,EXT-11,Extreme Edge,0.96,343.6,41.95,41.79,39.34,1804.8,False,True,True,False,1,4.16,polymer_residue
5685,Rev7,7,W197,PX-7500,CH-D,C1,Center,0.0,0.0,39.33,40.07,34.83,1729.5,True,True,True,True,1,4.24,
5686,Rev7,7,W197,PX-7500,CH-D,MID-01,Mid,0.52,30.0,38.23,40.11,37.9,1663.5,True,True,True,True,0,0.0,
5687,Rev7,7,W197,PX-7500,CH-D,MID-02,Mid,0.52,90.0,37.99,39.85,37.5,1692.9,True,True,True,True,0,0.0,
5688,Rev7,7,W197,PX-7500,CH-D,MID-03,Mid,0.52,150.0,38.82,41.65,37.77,1751.9,True,True,True,True,0,0.0,
5689,Rev7,7,W197,PX-7500,CH-D,MID-04,Mid,0.52,210.0,38.39,41.08,35.37,1641.0,True,True,True,True,0,0.0,
5690,Rev7,7,W197,PX-7500,CH-D,MID-05,Mid,0.52,270.0,37.36,39.82,35.79,1663.2,True,True,True,True,0,0.0,
5691,Rev7,7,W197,PX-7500,CH-D,MID-06,Mid,0.52,330.0,38.01,38.88,36.48,1741.6,True,True,True,True,0,0.0,
5692,Rev7,7,W197,PX-7500,CH-D,EDG-01,Edge,0.84,0.0,38.98,40.94,34.59,1720.7,True,True,True,True,0,0.0,
5693,Rev7,7,W197,PX-7500,CH-D,EDG-02,Edge,0.84,32.7,37.85,39.25,37.78,1662.5,True,True,True,True,0,0.0,
5694,Rev7,7,W197,PX-7500,CH-D,EDG-03,Edge,0.84,65.5,38.5,40.24,35.02,1729.3,True,True,True,True,0,0.0,
5695,Rev7,7,W197,PX-7500,CH-D,EDG-04,Edge,0.84,98.2,38.68,39.04,37.66,1661.1,True,True,True,True,0,0.0,
5696,Rev7,7,W197,PX-7500,CH-D,EDG-05,Edge,0.84,130.9,39.24,39.16,35.58,1724.1,True,True,True,True,0,0.0,
5697,Rev7,7,W197,PX-7500,CH-D,EDG-06,Edge,0.84,163.6,39.55,40.17,35.43,1842.6,True,True,True,False,0,0.0,
5698,Rev7,7,W197,PX-7500,CH-D,EDG-07,Edge,0.84,196.4,39.42,38.39,37.22,1714.5,True,True,True,True,2,12.89,polymer_residue
5699,Rev7,7,W197,PX-7500,CH-D,EDG-08,Edge,0.84,229.1,38.56,40.83,36.74,1795.4,True,True,True,False,0,0.0,
5700,Rev7,7,W197,PX-7500,CH-D,EDG-09,Edge,0.84,261.8,39.34,40.12,37.53,1747.0,True,True,True,True,0,0.0,
5701,Rev7,7,W197,PX-7500,CH-D,EDG-10,Edge,0.84,294.5,40.08,40.89,35.84,1651.7,True,True,True,True,0,0.0,
5702,Rev7,7,W197,PX-7500,CH-D,EDG-11,Edge,0.84,327.3,39.01,41.23,33.76,1677.2,True,True,False,True,1,3.98,pressure_spike
5703,Rev7,7,W197,PX-7500,CH-D,EXT-01,Extreme Edge,0.96,16.4,40.35,40.92,36.17,1753.2,True,True,True,True,0,0.0,
5704,Rev7,7,W197,PX-7500,CH-D,EXT-02,Extreme Edge,0.96,49.1,39.6,41.35,38.84,1755.5,True,True,True,True,1,4.11,pressure_spike
5705,Rev7,7,W197,PX-7500,CH-D,EXT-03,Extreme Edge,0.96,81.8,39.83,40.39,37.88,1695.5,True,True,True,True,0,0.0,
5706,Rev7,7,W197,PX-7500,CH-D,EXT-04,Extreme Edge,0.96,114.5,40.02,41.59,37.63,1737.6,True,True,True,True,0,0.0,
5707,Rev7,7,W197,PX-7500,CH-D,EXT-05,Extreme Edge,0.96,147.3,39.75,41.56,38.37,1768.4,True,True,True,False,1,5.64,polymer_residue
5708,Rev7,7,W197,PX-7500,CH-D,EXT-06,Extreme Edge,0.96,180.0,38.56,40.78,35.84,1747.2,True,True,True,True,0,0.0,
5709,Rev7,7,W197,PX-7500,CH-D,EXT-07,Extreme Edge,0.96,212.7,40.64,38.63,34.37,1723.3,False,True,True,True,2,11.98,arc_event
5710,Rev7,7,W197,PX-7500,CH-D,EXT-08,Extreme Edge,0.96,245.5,39.72,41.6,37.32,1804.0,True,True,True,False,0,0.0,
5711,Rev7,7,W197,PX-7500,CH-D,EXT-09,Extreme Edge,0.96,278.2,40.77,41.34,37.41,1703.2,False,True,True,True,1,3.19,polymer_residue
5712,Rev7,7,W197,PX-7500,CH-D,EXT-10,Extreme Edge,0.96,310.9,38.94,41.51,37.94,1774.5,True,True,True,False,0,0.0,
5713,Rev7,7,W197,PX-7500,CH-D,EXT-11,Extreme Edge,0.96,343.6,39.7,39.68,36.11,1815.1,True,True,True,False,0,0.0,
5714,Rev3,3,W198,PX-7500,CH-D,C1,Center,0.0,0.0,39.49,40.25,35.95,1659.2,True,True,True,True,1,5.42,
5715,Rev3,3,W198,PX-7500,CH-D,MID-01,Mid,0.52,30.0,41.64,41.9,40.41,1617.4,False,True,False,True,1,2.68,
5716,Rev3,3,W198,PX-7500,CH-D,MID-02,Mid,0.52,90.0,40.83,40.62,37.78,1739.7,False,True,True,True,0,0.0,
5717,Rev3,3,W198,PX-7500,CH-D,MID-03,Mid,0.52,150.0,41.15,41.89,36.82,1678.6,False,True,True,True,0,0.0,
5718,Rev3,3,W198,PX-7500,CH-D,MID-04,Mid,0.52,210.0,40.0,41.87,38.34,1533.1,True,True,True,False,0,0.0,
5719,Rev3,3,W198,PX-7500,CH-D,MID-05,Mid,0.52,270.0,40.49,41.96,36.58,1663.1,False,True,True,True,1,3.18,
5720,Rev3,3,W198,PX-7500,CH-D,MID-06,Mid,0.52,330.0,40.34,41.01,38.66,1646.6,True,True,True,True,0,0.0,
5721,Rev3,3,W198,PX-7500,CH-D,EDG-01,Edge,0.84,0.0,41.72,40.64,39.19,1682.9,False,True,True,True,0,0.0,
5722,Rev3,3,W198,PX-7500,CH-D,EDG-02,Edge,0.84,32.7,41.25,42.93,37.57,1634.9,False,False,True,True,0,0.0,
5723,Rev3,3,W198,PX-7500,CH-D,EDG-03,Edge,0.84,65.5,42.17,41.63,36.16,1659.8,False,True,True,True,1,4.6,
5724,Rev3,3,W198,PX-7500,CH-D,EDG-04,Edge,0.84,98.2,42.3,42.64,38.6,1675.6,False,False,True,True,1,3.85,esc_temp_drift
5725,Rev3,3,W198,PX-7500,CH-D,EDG-05,Edge,0.84,130.9,41.83,41.47,38.34,1725.2,False,True,True,True,0,0.0,
5726,Rev3,3,W198,PX-7500,CH-D,EDG-06,Edge,0.84,163.6,41.72,43.51,38.4,1561.4,False,False,True,False,0,0.0,
5727,Rev3,3,W198,PX-7500,CH-D,EDG-07,Edge,0.84,196.4,41.5,41.7,38.62,1656.3,False,True,True,True,1,5.04,arc_event
5728,Rev3,3,W198,PX-7500,CH-D,EDG-08,Edge,0.84,229.1,42.56,42.77,36.54,1632.8,False,False,True,True,0,0.0,
5729,Rev3,3,W198,PX-7500,CH-D,EDG-09,Edge,0.84,261.8,40.9,42.21,38.41,1724.3,False,False,True,True,0,0.0,
5730,Rev3,3,W198,PX-7500,CH-D,EDG-10,Edge,0.84,294.5,41.34,42.37,36.45,1690.9,False,False,True,True,1,6.39,
5731,Rev3,3,W198,PX-7500,CH-D,EDG-11,Edge,0.84,327.3,40.23,41.06,38.87,1670.5,True,True,True,True,0,0.0,
5732,Rev3,3,W198,PX-7500,CH-D,EXT-01,Extreme Edge,0.96,16.4,41.83,41.56,39.3,1702.9,False,True,True,True,0,0.0,
5733,Rev3,3,W198,PX-7500,CH-D,EXT-02,Extreme Edge,0.96,49.1,41.41,42.98,38.5,1763.2,False,False,True,False,1,4.18,
5734,Rev3,3,W198,PX-7500,CH-D,EXT-03,Extreme Edge,0.96,81.8,42.12,43.16,40.43,1659.2,False,False,False,True,0,0.0,
5735,Rev3,3,W198,PX-7500,CH-D,EXT-04,Extreme Edge,0.96,114.5,43.05,41.43,37.25,1686.1,False,True,True,True,0,0.0,
5736,Rev3,3,W198,PX-7500,CH-D,EXT-05,Extreme Edge,0.96,147.3,42.46,41.71,36.7,1682.1,False,True,True,True,0,0.0,
5737,Rev3,3,W198,PX-7500,CH-D,EXT-06,Extreme Edge,0.96,180.0,41.77,42.82,40.97,1649.7,False,False,False,True,2,10.55,arc_event
5738,Rev3,3,W198,PX-7500,CH-D,EXT-07,Extreme Edge,0.96,212.7,42.91,41.74,36.47,1685.4,False,True,True,True,1,2.38,
5739,Rev3,3,W198,PX-7500,CH-D,EXT-08,Extreme Edge,0.96,245.5,42.74,41.69,38.21,1692.0,False,True,True,True,0,0.0,
5740,Rev3,3,W198,PX-7500,CH-D,EXT-09,Extreme Edge,0.96,278.2,41.12,42.05,39.7,1741.9,False,False,True,True,1,4.03,
5741,Rev3,3,W198,PX-7500,CH-D,EXT-10,Extreme Edge,0.96,310.9,42.2,42.1,38.92,1698.5,False,False,True,True,0,0.0,
5742,Rev3,3,W198,PX-7500,CH-D,EXT-11,Extreme Edge,0.96,343.6,41.63,41.86,40.05,1780.6,False,True,True,False,2,10.97,
5743,Base,0,W199,AE-3200,CH-A,C1,Center,0.0,0.0,38.21,40.24,37.82,1598.8,True,True,True,True,0,0.0,
5744,Base,0,W199,AE-3200,CH-A,MID-01,Mid,0.52,30.0,39.89,40.19,37.49,1646.5,True,True,True,True,0,0.0,
5745,Base,0,W199,AE-3200,CH-A,MID-02,Mid,0.52,90.0,39.25,38.91,36.34,1516.0,True,True,True,False,0,0.0,
5746,Base,0,W199,AE-3200,CH-A,MID-03,Mid,0.52,150.0,39.06,38.76,38.76,1585.8,True,True,True,True,0,0.0,
5747,Base,0,W199,AE-3200,CH-A,MID-04,Mid,0.52,210.0,40.02,41.26,38.34,1579.2,True,True,True,False,1,2.48,polymer_residue
5748,Base,0,W199,AE-3200,CH-A,MID-05,Mid,0.52,270.0,39.65,39.94,37.33,1629.8,True,True,True,True,1,6.31,polymer_residue
5749,Base,0,W199,AE-3200,CH-A,MID-06,Mid,0.52,330.0,40.93,40.33,35.88,1577.3,False,True,True,False,0,0.0,
5750,Base,0,W199,AE-3200,CH-A,EDG-01,Edge,0.84,0.0,40.57,40.83,38.62,1576.3,False,True,True,False,1,3.17,endpoint_late
5751,Base,0,W199,AE-3200,CH-A,EDG-02,Edge,0.84,32.7,41.48,39.72,41.06,1594.0,False,True,False,True,1,5.01,polymer_residue
5752,Base,0,W199,AE-3200,CH-A,EDG-03,Edge,0.84,65.5,41.37,40.57,39.16,1673.1,False,True,True,True,2,5.01,esc_temp_drift
5753,Base,0,W199,AE-3200,CH-A,EDG-04,Edge,0.84,98.2,41.56,40.87,37.97,1655.7,False,True,True,True,0,0.0,
5754,Base,0,W199,AE-3200,CH-A,EDG-05,Edge,0.84,130.9,40.34,40.72,38.16,1634.6,True,True,True,True,0,0.0,
5755,Base,0,W199,AE-3200,CH-A,EDG-06,Edge,0.84,163.6,41.43,40.17,38.41,1583.1,False,True,True,True,0,0.0,
5756,Base,0,W199,AE-3200,CH-A,EDG-07,Edge,0.84,196.4,40.27,40.8,38.45,1663.5,True,True,True,True,0,0.0,
5757,Base,0,W199,AE-3200,CH-A,EDG-08,Edge,0.84,229.1,40.81,39.13,37.14,1676.7,False,True,True,True,0,0.0,
5758,Base,0,W199,AE-3200,CH-A,EDG-09,Edge,0.84,261.8,40.73,39.35,37.44,1633.3,False,True,True,True,1,1.95,endpoint_late
5759,Base,0,W199,AE-3200,CH-A,EDG-10,Edge,0.84,294.5,40.97,41.01,38.4,1608.9,False,True,True,True,0,0.0,
5760,Base,0,W199,AE-3200,CH-A,EDG-11,Edge,0.84,327.3,41.44,41.36,35.87,1663.0,False,True,True,True,1,6.27,
5761,Base,0,W199,AE-3200,CH-A,EXT-01,Extreme Edge,0.96,16.4,41.16,39.08,38.69,1618.9,False,True,True,True,0,0.0,
5762,Base,0,W199,AE-3200,CH-A,EXT-02,Extreme Edge,0.96,49.1,41.36,39.94,36.16,1728.2,False,True,True,True,0,0.0,
5763,Base,0,W199,AE-3200,CH-A,EXT-03,Extreme Edge,0.96,81.8,40.05,40.2,36.34,1711.6,True,True,True,True,1,5.89,
5764,Base,0,W199,AE-3200,CH-A,EXT-04,Extreme Edge,0.96,114.5,42.0,40.21,39.35,1627.2,False,True,True,True,0,0.0,
5765,Base,0,W199,AE-3200,CH-A,EXT-05,Extreme Edge,0.96,147.3,41.6,42.1,40.0,1591.2,False,False,True,True,0,0.0,
5766,Base,0,W199,AE-3200,CH-A,EXT-06,Extreme Edge,0.96,180.0,41.47,40.43,35.78,1567.7,False,True,True,False,2,7.88,
5767,Base,0,W199,AE-3200,CH-A,EXT-07,Extreme Edge,0.96,212.7,41.99,40.47,35.24,1636.1,False,True,True,True,1,5.0,
5768,Base,0,W199,AE-3200,CH-A,EXT-08,Extreme Edge,0.96,245.5,42.51,41.04,37.09,1585.0,False,True,True,True,1,3.99,esc_temp_drift
5769,Base,0,W199,AE-3200,CH-A,EXT-09,Extreme Edge,0.96,278.2,40.77,40.93,36.47,1743.7,False,True,True,True,0,0.0,
5770,Base,0,W199,AE-3200,CH-A,EXT-10,Extreme Edge,0.96,310.9,41.74,40.32,39.47,1615.9,False,True,True,True,0,0.0,
5771,Base,0,W199,AE-3200,CH-A,EXT-11,Extreme Edge,0.96,343.6,40.92,40.0,37.35,1544.1,False,True,True,False,2,9.49,esc_temp_drift
5772,Rev4,4,W200,AE-3200,CH-A,C1,Center,0.0,0.0,39.2,40.37,37.43,1654.4,True,True,True,True,0,0.0,
5773,Rev4,4,W200,AE-3200,CH-A,MID-01,Mid,0.52,30.0,39.74,40.22,39.63,1675.8,True,True,True,True,0,0.0,
5774,Rev4,4,W200,AE-3200,CH-A,MID-02,Mid,0.52,90.0,40.49,39.8,36.4,1657.8,False,True,True,True,0,0.0,
5775,Rev4,4,W200,AE-3200,CH-A,MID-03,Mid,0.52,150.0,40.01,40.3,36.79,1686.5,True,True,True,True,0,0.0,
5776,Rev4,4,W200,AE-3200,CH-A,MID-04,Mid,0.52,210.0,40.68,40.54,36.48,1705.4,False,True,True,True,1,3.56,
5777,Rev4,4,W200,AE-3200,CH-A,MID-05,Mid,0.52,270.0,40.77,39.52,38.39,1624.8,False,True,True,True,0,0.0,
5778,Rev4,4,W200,AE-3200,CH-A,MID-06,Mid,0.52,330.0,39.56,40.58,39.19,1636.9,True,True,True,True,1,6.14,polymer_residue
5779,Rev4,4,W200,AE-3200,CH-A,EDG-01,Edge,0.84,0.0,40.83,39.92,36.64,1703.7,False,True,True,True,0,0.0,
5780,Rev4,4,W200,AE-3200,CH-A,EDG-02,Edge,0.84,32.7,41.2,40.77,38.13,1633.1,False,True,True,True,0,0.0,
5781,Rev4,4,W200,AE-3200,CH-A,EDG-03,Edge,0.84,65.5,40.49,40.51,38.67,1678.5,False,True,True,True,1,5.87,polymer_residue
5782,Rev4,4,W200,AE-3200,CH-A,EDG-04,Edge,0.84,98.2,41.11,40.44,37.83,1659.6,False,True,True,True,1,3.54,
5783,Rev4,4,W200,AE-3200,CH-A,EDG-05,Edge,0.84,130.9,41.39,41.42,39.24,1680.9,False,True,True,True,0,0.0,
5784,Rev4,4,W200,AE-3200,CH-A,EDG-06,Edge,0.84,163.6,40.55,40.65,39.0,1702.3,False,True,True,True,1,3.22,polymer_residue
5785,Rev4,4,W200,AE-3200,CH-A,EDG-07,Edge,0.84,196.4,41.38,41.0,36.77,1754.6,False,True,True,True,0,0.0,
5786,Rev4,4,W200,AE-3200,CH-A,EDG-08,Edge,0.84,229.1,41.93,41.77,40.16,1666.5,False,True,True,True,1,4.8,polymer_residue
5787,Rev4,4,W200,AE-3200,CH-A,EDG-09,Edge,0.84,261.8,41.01,40.98,37.61,1784.0,False,True,True,False,2,6.94,esc_temp_drift
5788,Rev4,4,W200,AE-3200,CH-A,EDG-10,Edge,0.84,294.5,39.86,41.99,39.02,1648.8,True,True,True,True,0,0.0,
5789,Rev4,4,W200,AE-3200,CH-A,EDG-11,Edge,0.84,327.3,41.16,41.24,39.14,1657.7,False,True,True,True,0,0.0,
5790,Rev4,4,W200,AE-3200,CH-A,EXT-01,Extreme Edge,0.96,16.4,42.31,41.09,38.78,1703.3,False,True,True,True,0,0.0,
5791,Rev4,4,W200,AE-3200,CH-A,EXT-02,Extreme Edge,0.96,49.1,41.74,41.88,37.59,1612.0,False,True,True,True,0,0.0,
5792,Rev4,4,W200,AE-3200,CH-A,EXT-03,Extreme Edge,0.96,81.8,41.8,40.46,38.25,1723.2,False,True,True,True,2,10.66,polymer_residue
5793,Rev4,4,W200,AE-3200,CH-A,EXT-04,Extreme Edge,0.96,114.5,41.17,41.51,38.15,1709.1,False,True,True,True,2,11.46,polymer_residue
5794,Rev4,4,W200,AE-3200,CH-A,EXT-05,Extreme Edge,0.96,147.3,42.64,42.41,38.93,1707.4,False,False,True,True,0,0.0,
5795,Rev4,4,W200,AE-3200,CH-A,EXT-06,Extreme Edge,0.96,180.0,41.01,40.91,37.57,1689.2,False,True,True,True,1,3.66,endpoint_late
5796,Rev4,4,W200,AE-3200,CH-A,EXT-07,Extreme Edge,0.96,212.7,42.36,42.68,37.5,1736.3,False,False,True,True,0,0.0,
5797,Rev4,4,W200,AE-3200,CH-A,EXT-08,Extreme Edge,0.96,245.5,41.39,42.0,39.83,1638.2,False,True,True,True,0,0.0,
5798,Rev4,4,W200,AE-3200,CH-A,EXT-09,Extreme Edge,0.96,278.2,40.93,41.29,39.43,1730.6,False,True,True,True,0,0.0,
5799,Rev4,4,W200,AE-3200,CH-A,EXT-10,Extreme Edge,0.96,310.9,41.64,40.62,38.96,1597.4,False,True,True,True,0,0.0,
5800,Rev4,4,W200,AE-3200,CH-A,EXT-11,Extreme Edge,0.96,343.6,41.58,41.83,35.76,1698.2,False,True,True,True,2,10.73,
5801,Rev7,7,W201,PX-7500,CH-D,C1,Center,0.0,0.0,36.68,39.84,37.53,1723.7,True,True,True,True,0,0.0,
5802,Rev7,7,W201,PX-7500,CH-D,MID-01,Mid,0.52,30.0,37.5,39.3,35.3,1679.1,True,True,True,True,0,0.0,
5803,Rev7,7,W201,PX-7500,CH-D,MID-02,Mid,0.52,90.0,37.38,41.08,36.87,1684.1,True,True,True,True,0,0.0,
5804,Rev7,7,W201,PX-7500,CH-D,MID-03,Mid,0.52,150.0,37.68,39.66,36.89,1656.4,True,True,True,True,0,0.0,
5805,Rev7,7,W201,PX-7500,CH-D,MID-04,Mid,0.52,210.0,36.69,39.39,35.5,1694.4,True,True,True,True,0,0.0,
5806,Rev7,7,W201,PX-7500,CH-D,MID-05,Mid,0.52,270.0,36.85,39.38,37.3,1659.8,True,True,True,True,0,0.0,
5807,Rev7,7,W201,PX-7500,CH-D,MID-06,Mid,0.52,330.0,37.71,39.05,34.95,1613.6,True,True,True,True,1,4.78,polymer_residue
5808,Rev7,7,W201,PX-7500,CH-D,EDG-01,Edge,0.84,0.0,38.13,40.02,38.36,1748.9,True,True,True,True,1,1.9,
5809,Rev7,7,W201,PX-7500,CH-D,EDG-02,Edge,0.84,32.7,37.96,41.31,37.1,1821.8,True,True,True,False,0,0.0,
5810,Rev7,7,W201,PX-7500,CH-D,EDG-03,Edge,0.84,65.5,38.57,38.77,36.36,1740.3,True,True,True,True,1,4.91,polymer_residue
5811,Rev7,7,W201,PX-7500,CH-D,EDG-04,Edge,0.84,98.2,39.4,39.27,37.98,1674.1,True,True,True,True,1,6.16,
5812,Rev7,7,W201,PX-7500,CH-D,EDG-05,Edge,0.84,130.9,38.52,40.15,37.09,1785.9,True,True,True,False,0,0.0,
5813,Rev7,7,W201,PX-7500,CH-D,EDG-06,Edge,0.84,163.6,38.76,40.46,37.27,1764.0,True,True,True,False,0,0.0,
5814,Rev7,7,W201,PX-7500,CH-D,EDG-07,Edge,0.84,196.4,38.16,40.57,36.42,1680.4,True,True,True,True,2,6.93,polymer_residue
5815,Rev7,7,W201,PX-7500,CH-D,EDG-08,Edge,0.84,229.1,38.88,40.98,39.81,1711.3,True,True,True,True,0,0.0,
5816,Rev7,7,W201,PX-7500,CH-D,EDG-09,Edge,0.84,261.8,37.97,40.67,36.09,1751.9,True,True,True,True,1,4.69,pressure_spike
5817,Rev7,7,W201,PX-7500,CH-D,EDG-10,Edge,0.84,294.5,38.43,39.99,36.1,1731.5,True,True,True,True,1,4.19,
5818,Rev7,7,W201,PX-7500,CH-D,EDG-11,Edge,0.84,327.3,37.61,39.14,38.75,1712.7,True,True,True,True,1,2.32,polymer_residue
5819,Rev7,7,W201,PX-7500,CH-D,EXT-01,Extreme Edge,0.96,16.4,39.44,41.94,36.4,1757.9,True,True,True,True,1,4.51,
5820,Rev7,7,W201,PX-7500,CH-D,EXT-02,Extreme Edge,0.96,49.1,39.43,39.43,37.6,1768.9,True,True,True,False,1,2.14,arc_event
5821,Rev7,7,W201,PX-7500,CH-D,EXT-03,Extreme Edge,0.96,81.8,38.69,41.45,35.52,1715.7,True,True,True,True,1,3.21,polymer_residue
5822,Rev7,7,W201,PX-7500,CH-D,EXT-04,Extreme Edge,0.96,114.5,38.6,40.83,36.98,1744.6,True,True,True,True,0,0.0,
5823,Rev7,7,W201,PX-7500,CH-D,EXT-05,Extreme Edge,0.96,147.3,38.8,41.32,37.65,1735.2,True,True,True,True,0,0.0,
5824,Rev7,7,W201,PX-7500,CH-D,EXT-06,Extreme Edge,0.96,180.0,39.52,40.32,38.89,1718.8,True,True,True,True,0,0.0,
5825,Rev7,7,W201,PX-7500,CH-D,EXT-07,Extreme Edge,0.96,212.7,38.51,40.52,38.19,1765.4,True,True,True,False,0,0.0,
5826,Rev7,7,W201,PX-7500,CH-D,EXT-08,Extreme Edge,0.96,245.5,40.05,41.47,37.17,1708.8,True,True,True,True,0,0.0,
5827,Rev7,7,W201,PX-7500,CH-D,EXT-09,Extreme Edge,0.96,278.2,39.0,41.4,36.9,1744.8,True,True,True,True,1,3.89,
5828,Rev7,7,W201,PX-7500,CH-D,EXT-10,Extreme Edge,0.96,310.9,39.3,41.14,39.1,1746.6,True,True,True,True,1,3.5,polymer_residue
5829,Rev7,7,W201,PX-7500,CH-D,EXT-11,Extreme Edge,0.96,343.6,39.27,40.46,36.44,1827.8,True,True,True,False,0,0.0,
5830,Rev10,10,W202,PX-7500,CH-C,C1,Center,0.0,0.0,36.67,39.14,39.79,1718.3,True,True,True,True,0,0.0,
5831,Rev10,10,W202,PX-7500,CH-C,MID-01,Mid,0.52,30.0,38.58,38.45,37.81,1733.8,True,True,True,True,0,0.0,
5832,Rev10,10,W202,PX-7500,CH-C,MID-02,Mid,0.52,90.0,38.06,39.45,36.67,1758.4,True,True,True,True,0,0.0,
5833,Rev10,10,W202,PX-7500,CH-C,MID-03,Mid,0.52,150.0,37.85,38.49,39.66,1726.8,True,True,True,True,0,0.0,
5834,Rev10,10,W202,PX-7500,CH-C,MID-04,Mid,0.52,210.0,37.06,39.28,39.87,1735.1,True,True,True,True,0,0.0,
5835,Rev10,10,W202,PX-7500,CH-C,MID-05,Mid,0.52,270.0,38.2,39.78,38.56,1744.9,True,True,True,True,1,3.86,endpoint_late
5836,Rev10,10,W202,PX-7500,CH-C,MID-06,Mid,0.52,330.0,38.31,40.04,36.94,1700.7,True,True,True,True,0,0.0,
5837,Rev10,10,W202,PX-7500,CH-C,EDG-01,Edge,0.84,0.0,39.44,39.54,38.61,1786.3,True,True,True,False,1,6.27,polymer_residue
5838,Rev10,10,W202,PX-7500,CH-C,EDG-02,Edge,0.84,32.7,39.55,39.74,37.67,1729.8,True,True,True,True,0,0.0,
5839,Rev10,10,W202,PX-7500,CH-C,EDG-03,Edge,0.84,65.5,38.81,39.16,38.18,1713.8,True,True,True,True,0,0.0,
5840,Rev10,10,W202,PX-7500,CH-C,EDG-04,Edge,0.84,98.2,38.18,38.17,39.69,1726.9,True,True,True,True,0,0.0,
5841,Rev10,10,W202,PX-7500,CH-C,EDG-05,Edge,0.84,130.9,39.48,39.67,38.65,1772.9,True,True,True,False,1,2.16,arc_event
5842,Rev10,10,W202,PX-7500,CH-C,EDG-06,Edge,0.84,163.6,38.22,37.5,38.65,1901.4,True,False,True,False,1,6.3,
5843,Rev10,10,W202,PX-7500,CH-C,EDG-07,Edge,0.84,196.4,38.64,40.0,38.12,1808.5,True,True,True,False,0,0.0,
5844,Rev10,10,W202,PX-7500,CH-C,EDG-08,Edge,0.84,229.1,38.96,40.36,39.28,1757.5,True,True,True,True,1,3.76,
5845,Rev10,10,W202,PX-7500,CH-C,EDG-09,Edge,0.84,261.8,39.29,40.33,37.03,1685.6,True,True,True,True,0,0.0,
5846,Rev10,10,W202,PX-7500,CH-C,EDG-10,Edge,0.84,294.5,40.12,38.86,37.56,1787.6,True,True,True,False,0,0.0,
5847,Rev10,10,W202,PX-7500,CH-C,EDG-11,Edge,0.84,327.3,37.37,37.83,41.5,1693.7,True,True,False,True,0,0.0,
5848,Rev10,10,W202,PX-7500,CH-C,EXT-01,Extreme Edge,0.96,16.4,39.27,39.07,38.2,1859.7,True,True,True,False,1,2.81,
5849,Rev10,10,W202,PX-7500,CH-C,EXT-02,Extreme Edge,0.96,49.1,40.19,39.98,38.29,1780.5,True,True,True,False,0,0.0,
5850,Rev10,10,W202,PX-7500,CH-C,EXT-03,Extreme Edge,0.96,81.8,39.77,40.4,34.71,1764.2,True,True,True,False,1,2.85,endpoint_late
5851,Rev10,10,W202,PX-7500,CH-C,EXT-04,Extreme Edge,0.96,114.5,39.4,39.97,39.14,1772.2,True,True,True,False,0,0.0,
5852,Rev10,10,W202,PX-7500,CH-C,EXT-05,Extreme Edge,0.96,147.3,39.9,41.05,39.94,1713.3,True,True,True,True,2,11.89,endpoint_late
5853,Rev10,10,W202,PX-7500,CH-C,EXT-06,Extreme Edge,0.96,180.0,38.82,39.58,37.95,1746.7,True,True,True,True,1,2.71,
5854,Rev10,10,W202,PX-7500,CH-C,EXT-07,Extreme Edge,0.96,212.7,39.88,40.21,39.97,1771.4,True,True,True,False,1,5.6,polymer_residue
5855,Rev10,10,W202,PX-7500,CH-C,EXT-08,Extreme Edge,0.96,245.5,39.08,40.36,39.81,1709.6,True,True,True,True,1,5.77,polymer_residue
5856,Rev10,10,W202,PX-7500,CH-C,EXT-09,Extreme Edge,0.96,278.2,38.93,40.81,37.72,1765.1,True,True,True,False,1,2.88,
5857,Rev10,10,W202,PX-7500,CH-C,EXT-10,Extreme Edge,0.96,310.9,40.32,40.45,41.07,1722.8,True,True,False,True,2,7.46,
5858,Rev10,10,W202,PX-7500,CH-C,EXT-11,Extreme Edge,0.96,343.6,39.3,40.08,40.19,1837.8,True,True,True,False,1,3.03,
5859,Rev10,10,W203,PX-7500,CH-C,C1,Center,0.0,0.0,38.43,39.63,38.35,1759.8,True,True,True,True,0,0.0,
5860,Rev10,10,W203,PX-7500,CH-C,MID-01,Mid,0.52,30.0,39.22,39.89,37.11,1736.4,True,True,True,True,0,0.0,
5861,Rev10,10,W203,PX-7500,CH-C,MID-02,Mid,0.52,90.0,38.05,39.28,37.69,1785.7,True,True,True,False,1,5.29,polymer_residue
5862,Rev10,10,W203,PX-7500,CH-C,MID-03,Mid,0.52,150.0,39.32,39.42,38.49,1665.0,True,True,True,True,0,0.0,
5863,Rev10,10,W203,PX-7500,CH-C,MID-04,Mid,0.52,210.0,38.25,39.96,40.62,1799.1,True,True,False,False,1,4.33,
5864,Rev10,10,W203,PX-7500,CH-C,MID-05,Mid,0.52,270.0,38.75,40.27,35.8,1774.3,True,True,True,False,0,0.0,
5865,Rev10,10,W203,PX-7500,CH-C,MID-06,Mid,0.52,330.0,38.98,38.32,38.61,1755.7,True,True,True,True,1,2.27,polymer_residue
5866,Rev10,10,W203,PX-7500,CH-C,EDG-01,Edge,0.84,0.0,38.24,39.71,38.54,1807.2,True,True,True,False,1,3.45,polymer_residue
5867,Rev10,10,W203,PX-7500,CH-C,EDG-02,Edge,0.84,32.7,39.74,40.18,37.64,1908.8,True,True,True,False,0,0.0,
5868,Rev10,10,W203,PX-7500,CH-C,EDG-03,Edge,0.84,65.5,40.22,39.91,37.46,1688.2,True,True,True,True,0,0.0,
5869,Rev10,10,W203,PX-7500,CH-C,EDG-04,Edge,0.84,98.2,40.11,40.36,40.02,1843.8,True,True,True,False,1,4.71,polymer_residue
5870,Rev10,10,W203,PX-7500,CH-C,EDG-05,Edge,0.84,130.9,39.19,40.68,38.42,1780.9,True,True,True,False,0,0.0,
5871,Rev10,10,W203,PX-7500,CH-C,EDG-06,Edge,0.84,163.6,40.26,40.75,37.81,1781.6,True,True,True,False,0,0.0,
5872,Rev10,10,W203,PX-7500,CH-C,EDG-07,Edge,0.84,196.4,39.06,40.41,40.18,1764.9,True,True,True,False,0,0.0,
5873,Rev10,10,W203,PX-7500,CH-C,EDG-08,Edge,0.84,229.1,39.45,40.47,41.67,1816.4,True,True,False,False,1,6.13,polymer_residue
5874,Rev10,10,W203,PX-7500,CH-C,EDG-09,Edge,0.84,261.8,38.28,40.01,36.99,1824.4,True,True,True,False,0,0.0,
5875,Rev10,10,W203,PX-7500,CH-C,EDG-10,Edge,0.84,294.5,38.55,40.19,38.14,1738.3,True,True,True,True,0,0.0,
5876,Rev10,10,W203,PX-7500,CH-C,EDG-11,Edge,0.84,327.3,39.27,39.36,39.49,1779.8,True,True,True,False,1,3.32,
5877,Rev10,10,W203,PX-7500,CH-C,EXT-01,Extreme Edge,0.96,16.4,40.46,41.32,41.87,1853.8,False,True,False,False,1,4.87,polymer_residue
5878,Rev10,10,W203,PX-7500,CH-C,EXT-02,Extreme Edge,0.96,49.1,39.18,40.84,38.7,1803.8,True,True,True,False,1,5.31,polymer_residue
5879,Rev10,10,W203,PX-7500,CH-C,EXT-03,Extreme Edge,0.96,81.8,39.39,39.31,39.25,1760.1,True,True,True,False,1,2.21,polymer_residue
5880,Rev10,10,W203,PX-7500,CH-C,EXT-04,Extreme Edge,0.96,114.5,40.15,41.05,39.22,1809.9,True,True,True,False,1,3.73,
5881,Rev10,10,W203,PX-7500,CH-C,EXT-05,Extreme Edge,0.96,147.3,39.49,41.17,40.28,1858.6,True,True,True,False,3,13.97,polymer_residue
5882,Rev10,10,W203,PX-7500,CH-C,EXT-06,Extreme Edge,0.96,180.0,39.56,41.04,37.12,1749.3,True,True,True,True,0,0.0,
5883,Rev10,10,W203,PX-7500,CH-C,EXT-07,Extreme Edge,0.96,212.7,40.19,40.18,40.06,1792.8,True,True,True,False,0,0.0,
5884,Rev10,10,W203,PX-7500,CH-C,EXT-08,Extreme Edge,0.96,245.5,40.59,41.28,38.12,1769.3,False,True,True,False,1,6.26,
5885,Rev10,10,W203,PX-7500,CH-C,EXT-09,Extreme Edge,0.96,278.2,40.34,40.12,40.94,1792.8,True,True,False,False,0,0.0,
5886,Rev10,10,W203,PX-7500,CH-C,EXT-10,Extreme Edge,0.96,310.9,38.32,41.16,37.42,1790.1,True,True,True,False,0,0.0,
5887,Rev10,10,W203,PX-7500,CH-C,EXT-11,Extreme Edge,0.96,343.6,40.35,41.45,39.17,1777.8,True,True,True,False,1,4.34,polymer_residue
5888,Rev11,11,W204,PX-7500,CH-D,C1,Center,0.0,0.0,39.05,40.19,40.59,1630.8,True,True,False,True,0,0.0,
5889,Rev11,11,W204,PX-7500,CH-D,MID-01,Mid,0.52,30.0,38.91,40.13,39.12,1662.9,True,True,True,True,0,0.0,
5890,Rev11,11,W204,PX-7500,CH-D,MID-02,Mid,0.52,90.0,38.76,39.5,37.73,1664.2,True,True,True,True,0,0.0,
5891,Rev11,11,W204,PX-7500,CH-D,MID-03,Mid,0.52,150.0,39.85,40.27,38.75,1662.3,True,True,True,True,0,0.0,
5892,Rev11,11,W204,PX-7500,CH-D,MID-04,Mid,0.52,210.0,39.28,42.03,40.21,1753.3,True,False,True,True,1,6.37,
5893,Rev11,11,W204,PX-7500,CH-D,MID-05,Mid,0.52,270.0,37.78,40.19,39.65,1705.4,True,True,True,True,0,0.0,
5894,Rev11,11,W204,PX-7500,CH-D,MID-06,Mid,0.52,330.0,38.65,40.43,37.32,1721.2,True,True,True,True,0,0.0,
5895,Rev11,11,W204,PX-7500,CH-D,EDG-01,Edge,0.84,0.0,40.02,40.58,39.5,1689.5,True,True,True,True,0,0.0,
5896,Rev11,11,W204,PX-7500,CH-D,EDG-02,Edge,0.84,32.7,39.1,40.09,37.64,1778.2,True,True,True,False,0,0.0,
5897,Rev11,11,W204,PX-7500,CH-D,EDG-03,Edge,0.84,65.5,38.44,40.93,40.33,1750.3,True,True,True,True,0,0.0,
5898,Rev11,11,W204,PX-7500,CH-D,EDG-04,Edge,0.84,98.2,39.26,40.53,40.51,1744.0,True,True,False,True,0,0.0,
5899,Rev11,11,W204,PX-7500,CH-D,EDG-05,Edge,0.84,130.9,40.05,41.42,36.48,1765.3,True,True,True,False,0,0.0,
5900,Rev11,11,W204,PX-7500,CH-D,EDG-06,Edge,0.84,163.6,39.22,39.71,39.74,1651.4,True,True,True,True,2,4.72,polymer_residue
5901,Rev11,11,W204,PX-7500,CH-D,EDG-07,Edge,0.84,196.4,39.16,40.11,39.25,1740.0,True,True,True,True,0,0.0,
5902,Rev11,11,W204,PX-7500,CH-D,EDG-08,Edge,0.84,229.1,40.1,40.47,38.26,1687.7,True,True,True,True,0,0.0,
5903,Rev11,11,W204,PX-7500,CH-D,EDG-09,Edge,0.84,261.8,40.03,40.0,37.92,1740.0,True,True,True,True,0,0.0,
5904,Rev11,11,W204,PX-7500,CH-D,EDG-10,Edge,0.84,294.5,39.59,40.38,39.18,1668.5,True,True,True,True,1,2.2,
5905,Rev11,11,W204,PX-7500,CH-D,EDG-11,Edge,0.84,327.3,39.36,41.52,38.17,1710.9,True,True,True,True,0,0.0,
5906,Rev11,11,W204,PX-7500,CH-D,EXT-01,Extreme Edge,0.96,16.4,41.17,40.33,40.79,1773.5,False,True,False,False,1,6.05,
5907,Rev11,11,W204,PX-7500,CH-D,EXT-02,Extreme Edge,0.96,49.1,39.64,40.95,40.8,1768.9,True,True,False,False,3,10.09,arc_event
5908,Rev11,11,W204,PX-7500,CH-D,EXT-03,Extreme Edge,0.96,81.8,40.86,40.67,38.69,1756.9,False,True,True,True,1,6.46,
5909,Rev11,11,W204,PX-7500,CH-D,EXT-04,Extreme Edge,0.96,114.5,40.1,40.42,36.67,1721.0,True,True,True,True,1,2.79,esc_temp_drift
5910,Rev11,11,W204,PX-7500,CH-D,EXT-05,Extreme Edge,0.96,147.3,39.33,40.09,40.02,1806.2,True,True,True,False,1,3.86,
5911,Rev11,11,W204,PX-7500,CH-D,EXT-06,Extreme Edge,0.96,180.0,39.19,40.36,40.17,1736.2,True,True,True,True,0,0.0,
5912,Rev11,11,W204,PX-7500,CH-D,EXT-07,Extreme Edge,0.96,212.7,41.65,41.5,39.36,1719.6,False,True,True,True,1,4.52,
5913,Rev11,11,W204,PX-7500,CH-D,EXT-08,Extreme Edge,0.96,245.5,38.99,41.22,37.99,1758.2,True,True,True,True,0,0.0,
5914,Rev11,11,W204,PX-7500,CH-D,EXT-09,Extreme Edge,0.96,278.2,39.94,41.62,38.39,1778.6,True,True,True,False,0,0.0,
5915,Rev11,11,W204,PX-7500,CH-D,EXT-10,Extreme Edge,0.96,310.9,40.13,40.09,40.35,1738.9,True,True,True,True,0,0.0,
5916,Rev11,11,W204,PX-7500,CH-D,EXT-11,Extreme Edge,0.96,343.6,40.09,41.19,39.47,1760.9,True,True,True,False,1,2.78,
5917,Rev5,5,W205,AE-3200,CH-B,C1,Center,0.0,0.0,38.9,39.88,36.48,1663.4,True,True,True,True,0,0.0,
5918,Rev5,5,W205,AE-3200,CH-B,MID-01,Mid,0.52,30.0,38.47,40.3,37.78,1664.9,True,True,True,True,1,4.46,polymer_residue
5919,Rev5,5,W205,AE-3200,CH-B,MID-02,Mid,0.52,90.0,39.87,40.75,37.21,1636.5,True,True,True,True,1,6.25,
5920,Rev5,5,W205,AE-3200,CH-B,MID-03,Mid,0.52,150.0,39.81,39.77,37.78,1656.8,True,True,True,True,0,0.0,
5921,Rev5,5,W205,AE-3200,CH-B,MID-04,Mid,0.52,210.0,38.74,40.3,38.7,1582.4,True,True,True,True,0,0.0,
5922,Rev5,5,W205,AE-3200,CH-B,MID-05,Mid,0.52,270.0,38.68,40.77,37.81,1624.3,True,True,True,True,0,0.0,
5923,Rev5,5,W205,AE-3200,CH-B,MID-06,Mid,0.52,330.0,38.1,41.58,35.99,1562.1,True,True,True,False,0,0.0,
5924,Rev5,5,W205,AE-3200,CH-B,EDG-01,Edge,0.84,0.0,39.65,41.83,38.39,1703.7,True,True,True,True,1,4.04,polymer_residue
5925,Rev5,5,W205,AE-3200,CH-B,EDG-02,Edge,0.84,32.7,39.13,40.98,37.86,1595.6,True,True,True,True,0,0.0,
5926,Rev5,5,W205,AE-3200,CH-B,EDG-03,Edge,0.84,65.5,41.37,41.58,37.08,1663.2,False,True,True,True,0,0.0,
5927,Rev5,5,W205,AE-3200,CH-B,EDG-04,Edge,0.84,98.2,40.46,41.25,38.67,1746.7,False,True,True,True,0,0.0,
5928,Rev5,5,W205,AE-3200,CH-B,EDG-05,Edge,0.84,130.9,39.02,40.01,37.43,1730.1,True,True,True,True,2,11.52,
5929,Rev5,5,W205,AE-3200,CH-B,EDG-06,Edge,0.84,163.6,39.65,40.06,38.24,1736.5,True,True,True,True,1,2.06,
5930,Rev5,5,W205,AE-3200,CH-B,EDG-07,Edge,0.84,196.4,40.17,42.1,39.52,1679.5,True,False,True,True,0,0.0,
5931,Rev5,5,W205,AE-3200,CH-B,EDG-08,Edge,0.84,229.1,41.1,40.81,37.42,1631.3,False,True,True,True,0,0.0,
5932,Rev5,5,W205,AE-3200,CH-B,EDG-09,Edge,0.84,261.8,39.92,41.1,37.72,1754.7,True,True,True,True,0,0.0,
5933,Rev5,5,W205,AE-3200,CH-B,EDG-10,Edge,0.84,294.5,40.53,41.09,37.74,1656.9,False,True,True,True,0,0.0,
5934,Rev5,5,W205,AE-3200,CH-B,EDG-11,Edge,0.84,327.3,39.36,42.04,37.87,1721.3,True,False,True,True,1,3.94,
5935,Rev5,5,W205,AE-3200,CH-B,EXT-01,Extreme Edge,0.96,16.4,40.02,42.04,39.8,1746.0,True,False,True,True,0,0.0,
5936,Rev5,5,W205,AE-3200,CH-B,EXT-02,Extreme Edge,0.96,49.1,40.26,41.67,38.34,1628.5,True,True,True,True,0,0.0,
5937,Rev5,5,W205,AE-3200,CH-B,EXT-03,Extreme Edge,0.96,81.8,41.25,41.55,37.98,1686.7,False,True,True,True,0,0.0,
5938,Rev5,5,W205,AE-3200,CH-B,EXT-04,Extreme Edge,0.96,114.5,40.11,42.3,38.45,1736.7,True,False,True,True,1,2.5,polymer_residue
5939,Rev5,5,W205,AE-3200,CH-B,EXT-05,Extreme Edge,0.96,147.3,40.37,42.17,36.04,1731.8,True,False,True,True,0,0.0,
5940,Rev5,5,W205,AE-3200,CH-B,EXT-06,Extreme Edge,0.96,180.0,40.08,40.48,34.75,1572.2,True,True,True,False,2,4.12,
5941,Rev5,5,W205,AE-3200,CH-B,EXT-07,Extreme Edge,0.96,212.7,41.09,41.88,38.62,1775.9,False,True,True,False,1,3.8,polymer_residue
5942,Rev5,5,W205,AE-3200,CH-B,EXT-08,Extreme Edge,0.96,245.5,40.3,40.74,37.77,1684.9,True,True,True,True,0,0.0,
5943,Rev5,5,W205,AE-3200,CH-B,EXT-09,Extreme Edge,0.96,278.2,41.38,40.8,38.32,1724.6,False,True,True,True,0,0.0,
5944,Rev5,5,W205,AE-3200,CH-B,EXT-10,Extreme Edge,0.96,310.9,40.2,41.45,35.83,1738.4,True,True,True,True,0,0.0,
5945,Rev5,5,W205,AE-3200,CH-B,EXT-11,Extreme Edge,0.96,343.6,40.95,43.79,39.78,1722.7,False,False,True,True,3,16.47,pressure_spike
5946,Rev8,8,W206,AE-3200,CH-A,C1,Center,0.0,0.0,37.94,39.35,37.38,1675.3,True,True,True,True,0,0.0,
5947,Rev8,8,W206,AE-3200,CH-A,MID-01,Mid,0.52,30.0,37.72,41.49,37.73,1718.7,True,True,True,True,1,3.46,polymer_residue
5948,Rev8,8,W206,AE-3200,CH-A,MID-02,Mid,0.52,90.0,38.43,38.2,38.16,1832.6,True,True,True,False,1,2.51,
5949,Rev8,8,W206,AE-3200,CH-A,MID-03,Mid,0.52,150.0,38.8,41.0,35.76,1672.5,True,True,True,True,1,6.2,endpoint_late
5950,Rev8,8,W206,AE-3200,CH-A,MID-04,Mid,0.52,210.0,37.38,40.68,37.01,1778.7,True,True,True,False,1,5.56,
5951,Rev8,8,W206,AE-3200,CH-A,MID-05,Mid,0.52,270.0,38.25,39.89,38.65,1781.1,True,True,True,False,0,0.0,
5952,Rev8,8,W206,AE-3200,CH-A,MID-06,Mid,0.52,330.0,37.97,38.81,38.42,1732.3,True,True,True,True,0,0.0,
5953,Rev8,8,W206,AE-3200,CH-A,EDG-01,Edge,0.84,0.0,39.99,41.39,39.2,1823.2,True,True,True,False,1,2.86,arc_event
5954,Rev8,8,W206,AE-3200,CH-A,EDG-02,Edge,0.84,32.7,39.15,40.32,37.19,1776.9,True,True,True,False,0,0.0,
5955,Rev8,8,W206,AE-3200,CH-A,EDG-03,Edge,0.84,65.5,40.27,39.31,36.7,1709.4,True,True,True,True,0,0.0,
5956,Rev8,8,W206,AE-3200,CH-A,EDG-04,Edge,0.84,98.2,39.54,40.22,38.16,1721.0,True,True,True,True,0,0.0,
5957,Rev8,8,W206,AE-3200,CH-A,EDG-05,Edge,0.84,130.9,39.5,41.76,38.05,1822.7,True,True,True,False,2,7.54,endpoint_late
5958,Rev8,8,W206,AE-3200,CH-A,EDG-06,Edge,0.84,163.6,38.91,41.47,39.71,1704.3,True,True,True,True,0,0.0,
5959,Rev8,8,W206,AE-3200,CH-A,EDG-07,Edge,0.84,196.4,39.27,41.81,40.43,1768.4,True,True,False,False,1,2.75,endpoint_late
5960,Rev8,8,W206,AE-3200,CH-A,EDG-08,Edge,0.84,229.1,40.05,40.8,37.05,1766.2,True,True,True,False,1,3.41,esc_temp_drift
5961,Rev8,8,W206,AE-3200,CH-A,EDG-09,Edge,0.84,261.8,38.54,41.18,39.03,1787.9,True,True,True,False,0,0.0,
5962,Rev8,8,W206,AE-3200,CH-A,EDG-10,Edge,0.84,294.5,39.67,41.59,36.16,1769.1,True,True,True,False,1,2.94,endpoint_late
5963,Rev8,8,W206,AE-3200,CH-A,EDG-11,Edge,0.84,327.3,39.77,40.95,37.21,1834.0,True,True,True,False,0,0.0,
5964,Rev8,8,W206,AE-3200,CH-A,EXT-01,Extreme Edge,0.96,16.4,39.85,40.98,38.56,1790.8,True,True,True,False,0,0.0,
5965,Rev8,8,W206,AE-3200,CH-A,EXT-02,Extreme Edge,0.96,49.1,40.05,40.3,38.17,1786.2,True,True,True,False,1,2.15,
5966,Rev8,8,W206,AE-3200,CH-A,EXT-03,Extreme Edge,0.96,81.8,39.52,42.02,37.8,1901.7,True,False,True,False,1,3.95,arc_event
5967,Rev8,8,W206,AE-3200,CH-A,EXT-04,Extreme Edge,0.96,114.5,40.89,42.28,38.74,1863.1,False,False,True,False,1,1.89,polymer_residue
5968,Rev8,8,W206,AE-3200,CH-A,EXT-05,Extreme Edge,0.96,147.3,40.85,41.83,37.13,1830.9,False,True,True,False,0,0.0,
5969,Rev8,8,W206,AE-3200,CH-A,EXT-06,Extreme Edge,0.96,180.0,40.16,41.36,40.13,1730.7,True,True,True,True,0,0.0,
5970,Rev8,8,W206,AE-3200,CH-A,EXT-07,Extreme Edge,0.96,212.7,41.04,40.99,39.51,1691.1,False,True,True,True,0,0.0,
5971,Rev8,8,W206,AE-3200,CH-A,EXT-08,Extreme Edge,0.96,245.5,40.46,41.13,39.09,1768.6,False,True,True,False,0,0.0,
5972,Rev8,8,W206,AE-3200,CH-A,EXT-09,Extreme Edge,0.96,278.2,40.14,39.73,37.56,1859.8,True,True,True,False,1,2.13,
5973,Rev8,8,W206,AE-3200,CH-A,EXT-10,Extreme Edge,0.96,310.9,41.16,41.51,36.67,1746.1,False,True,True,True,1,5.91,
5974,Rev8,8,W206,AE-3200,CH-A,EXT-11,Extreme Edge,0.96,343.6,39.34,41.08,38.43,1858.0,True,True,True,False,3,17.39,polymer_residue
5975,Rev7,7,W207,PX-7500,CH-D,C1,Center,0.0,0.0,36.88,38.99,35.18,1714.1,True,True,True,True,0,0.0,
5976,Rev7,7,W207,PX-7500,CH-D,MID-01,Mid,0.52,30.0,36.91,38.97,36.79,1692.1,True,True,True,True,0,0.0,
5977,Rev7,7,W207,PX-7500,CH-D,MID-02,Mid,0.52,90.0,36.99,39.91,33.76,1745.6,True,True,False,True,0,0.0,
5978,Rev7,7,W207,PX-7500,CH-D,MID-03,Mid,0.52,150.0,37.5,40.51,36.43,1619.7,True,True,True,True,0,0.0,
5979,Rev7,7,W207,PX-7500,CH-D,MID-04,Mid,0.52,210.0,37.09,40.5,38.13,1737.7,True,True,True,True,1,1.84,
5980,Rev7,7,W207,PX-7500,CH-D,MID-05,Mid,0.52,270.0,38.79,39.51,38.19,1711.1,True,True,True,True,0,0.0,
5981,Rev7,7,W207,PX-7500,CH-D,MID-06,Mid,0.52,330.0,38.18,40.16,36.9,1718.1,True,True,True,True,0,0.0,
5982,Rev7,7,W207,PX-7500,CH-D,EDG-01,Edge,0.84,0.0,38.36,41.03,38.04,1833.7,True,True,True,False,0,0.0,
5983,Rev7,7,W207,PX-7500,CH-D,EDG-02,Edge,0.84,32.7,37.74,39.38,40.66,1763.6,True,True,False,False,1,5.75,polymer_residue
5984,Rev7,7,W207,PX-7500,CH-D,EDG-03,Edge,0.84,65.5,37.84,39.81,37.16,1723.4,True,True,True,True,1,2.01,polymer_residue
5985,Rev7,7,W207,PX-7500,CH-D,EDG-04,Edge,0.84,98.2,38.78,40.88,36.06,1740.0,True,True,True,True,0,0.0,
5986,Rev7,7,W207,PX-7500,CH-D,EDG-05,Edge,0.84,130.9,38.39,38.67,38.11,1729.3,True,True,True,True,0,0.0,
5987,Rev7,7,W207,PX-7500,CH-D,EDG-06,Edge,0.84,163.6,38.94,41.13,39.73,1723.5,True,True,True,True,1,5.39,esc_temp_drift
5988,Rev7,7,W207,PX-7500,CH-D,EDG-07,Edge,0.84,196.4,37.19,39.16,39.48,1808.9,True,True,True,False,1,3.33,arc_event
5989,Rev7,7,W207,PX-7500,CH-D,EDG-08,Edge,0.84,229.1,38.43,40.04,38.13,1769.9,True,True,True,False,2,7.52,pressure_spike
5990,Rev7,7,W207,PX-7500,CH-D,EDG-09,Edge,0.84,261.8,38.18,41.45,36.92,1771.4,True,True,True,False,2,9.79,
5991,Rev7,7,W207,PX-7500,CH-D,EDG-10,Edge,0.84,294.5,37.57,40.68,36.66,1807.1,True,True,True,False,0,0.0,
5992,Rev7,7,W207,PX-7500,CH-D,EDG-11,Edge,0.84,327.3,38.8,39.98,36.29,1675.4,True,True,True,True,1,6.3,polymer_residue
5993,Rev7,7,W207,PX-7500,CH-D,EXT-01,Extreme Edge,0.96,16.4,38.79,40.92,39.04,1778.9,True,True,True,False,0,0.0,
5994,Rev7,7,W207,PX-7500,CH-D,EXT-02,Extreme Edge,0.96,49.1,38.91,40.55,37.26,1801.6,True,True,True,False,1,4.32,
5995,Rev7,7,W207,PX-7500,CH-D,EXT-03,Extreme Edge,0.96,81.8,39.28,40.73,39.9,1709.3,True,True,True,True,1,3.55,
5996,Rev7,7,W207,PX-7500,CH-D,EXT-04,Extreme Edge,0.96,114.5,38.6,40.0,37.47,1801.1,True,True,True,False,1,2.86,esc_temp_drift
5997,Rev7,7,W207,PX-7500,CH-D,EXT-05,Extreme Edge,0.96,147.3,39.31,40.2,38.29,1812.5,True,True,True,False,2,4.25,
5998,Rev7,7,W207,PX-7500,CH-D,EXT-06,Extreme Edge,0.96,180.0,39.05,42.46,40.39,1719.0,True,False,True,True,0,0.0,
5999,Rev7,7,W207,PX-7500,CH-D,EXT-07,Extreme Edge,0.96,212.7,38.56,40.99,39.37,1668.8,True,True,True,True,0,0.0,
6000,Rev7,7,W207,PX-7500,CH-D,EXT-08,Extreme Edge,0.96,245.5,39.61,41.57,39.17,1793.7,True,True,True,False,0,0.0,
6001,Rev7,7,W207,PX-7500,CH-D,EXT-09,Extreme Edge,0.96,278.2,38.91,39.97,34.35,1780.4,True,True,True,False,1,3.09,polymer_residue
6002,Rev7,7,W207,PX-7500,CH-D,EXT-10,Extreme Edge,0.96,310.9,39.9,41.15,40.12,1745.9,True,True,True,True,0,0.0,
6003,Rev7,7,W207,PX-7500,CH-D,EXT-11,Extreme Edge,0.96,343.6,38.48,41.99,38.32,1784.1,True,True,True,False,1,2.73,endpoint_late
6004,Rev2,2,W208,PX-7500,CH-C,C1,Center,0.0,0.0,38.96,41.99,36.77,1598.4,True,True,True,True,0,0.0,
6005,Rev2,2,W208,PX-7500,CH-C,MID-01,Mid,0.52,30.0,40.15,40.19,37.99,1680.7,True,True,True,True,0,0.0,
6006,Rev2,2,W208,PX-7500,CH-C,MID-02,Mid,0.52,90.0,41.47,40.16,36.85,1719.3,False,True,True,True,0,0.0,
6007,Rev2,2,W208,PX-7500,CH-C,MID-03,Mid,0.52,150.0,40.26,41.25,38.08,1663.4,True,True,True,True,0,0.0,
6008,Rev2,2,W208,PX-7500,CH-C,MID-04,Mid,0.52,210.0,39.83,41.39,37.99,1636.6,True,True,True,True,0,0.0,
6009,Rev2,2,W208,PX-7500,CH-C,MID-05,Mid,0.52,270.0,40.24,40.71,33.91,1608.7,True,True,False,True,0,0.0,
6010,Rev2,2,W208,PX-7500,CH-C,MID-06,Mid,0.52,330.0,39.96,41.09,37.69,1592.6,True,True,True,True,0,0.0,
6011,Rev2,2,W208,PX-7500,CH-C,EDG-01,Edge,0.84,0.0,42.42,41.59,36.54,1680.4,False,True,True,True,0,0.0,
6012,Rev2,2,W208,PX-7500,CH-C,EDG-02,Edge,0.84,32.7,41.5,41.47,39.14,1616.5,False,True,True,True,1,5.13,
6013,Rev2,2,W208,PX-7500,CH-C,EDG-03,Edge,0.84,65.5,41.77,42.39,39.59,1712.7,False,False,True,True,1,4.1,esc_temp_drift
6014,Rev2,2,W208,PX-7500,CH-C,EDG-04,Edge,0.84,98.2,40.99,40.91,35.88,1756.9,False,True,True,True,0,0.0,
6015,Rev2,2,W208,PX-7500,CH-C,EDG-05,Edge,0.84,130.9,41.74,40.82,35.01,1644.1,False,True,True,True,0,0.0,
6016,Rev2,2,W208,PX-7500,CH-C,EDG-06,Edge,0.84,163.6,42.36,41.12,35.51,1735.5,False,True,True,True,1,5.38,
6017,Rev2,2,W208,PX-7500,CH-C,EDG-07,Edge,0.84,196.4,40.39,40.87,34.19,1642.3,True,True,False,True,0,0.0,
6018,Rev2,2,W208,PX-7500,CH-C,EDG-08,Edge,0.84,229.1,41.51,42.02,36.87,1674.6,False,False,True,True,0,0.0,
6019,Rev2,2,W208,PX-7500,CH-C,EDG-09,Edge,0.84,261.8,40.78,41.4,36.19,1786.6,False,True,True,False,1,3.33,
6020,Rev2,2,W208,PX-7500,CH-C,EDG-10,Edge,0.84,294.5,42.06,41.83,36.75,1697.1,False,True,True,True,0,0.0,
6021,Rev2,2,W208,PX-7500,CH-C,EDG-11,Edge,0.84,327.3,41.24,41.08,36.36,1764.6,False,True,True,False,1,5.7,polymer_residue
6022,Rev2,2,W208,PX-7500,CH-C,EXT-01,Extreme Edge,0.96,16.4,42.56,40.39,34.61,1756.7,False,True,True,True,0,0.0,
6023,Rev2,2,W208,PX-7500,CH-C,EXT-02,Extreme Edge,0.96,49.1,40.43,40.83,36.02,1736.1,False,True,True,True,0,0.0,
6024,Rev2,2,W208,PX-7500,CH-C,EXT-03,Extreme Edge,0.96,81.8,42.29,41.72,35.98,1717.7,False,True,True,True,0,0.0,
6025,Rev2,2,W208,PX-7500,CH-C,EXT-04,Extreme Edge,0.96,114.5,41.38,42.23,39.69,1669.3,False,False,True,True,2,7.57,polymer_residue
6026,Rev2,2,W208,PX-7500,CH-C,EXT-05,Extreme Edge,0.96,147.3,41.64,42.18,37.3,1726.4,False,False,True,True,2,6.3,
6027,Rev2,2,W208,PX-7500,CH-C,EXT-06,Extreme Edge,0.96,180.0,41.14,41.47,36.61,1726.2,False,True,True,True,0,0.0,
6028,Rev2,2,W208,PX-7500,CH-C,EXT-07,Extreme Edge,0.96,212.7,42.68,41.83,38.05,1682.6,False,True,True,True,1,4.02,
6029,Rev2,2,W208,PX-7500,CH-C,EXT-08,Extreme Edge,0.96,245.5,42.67,41.19,38.58,1774.1,False,True,True,False,1,3.28,
6030,Rev2,2,W208,PX-7500,CH-C,EXT-09,Extreme Edge,0.96,278.2,42.42,42.08,38.21,1692.3,False,False,True,True,0,0.0,
6031,Rev2,2,W208,PX-7500,CH-C,EXT-10,Extreme Edge,0.96,310.9,41.29,41.96,37.89,1762.7,False,True,True,False,2,6.34,polymer_residue
6032,Rev2,2,W208,PX-7500,CH-C,EXT-11,Extreme Edge,0.96,343.6,42.83,41.59,38.72,1724.3,False,True,True,True,1,5.48,
6033,Rev7,7,W209,PX-7500,CH-D,C1,Center,0.0,0.0,37.57,40.12,36.88,1685.6,True,True,True,True,0,0.0,
6034,Rev7,7,W209,PX-7500,CH-D,MID-01,Mid,0.52,30.0,37.07,39.46,36.05,1669.1,True,True,True,True,1,5.58,
6035,Rev7,7,W209,PX-7500,CH-D,MID-02,Mid,0.52,90.0,39.03,38.43,35.82,1714.7,True,True,True,True,0,0.0,
6036,Rev7,7,W209,PX-7500,CH-D,MID-03,Mid,0.52,150.0,37.87,40.93,35.92,1696.4,True,True,True,True,1,4.78,
6037,Rev7,7,W209,PX-7500,CH-D,MID-04,Mid,0.52,210.0,38.36,39.42,35.84,1667.8,True,True,True,True,0,0.0,
6038,Rev7,7,W209,PX-7500,CH-D,MID-05,Mid,0.52,270.0,37.64,40.3,33.16,1699.4,True,True,False,True,0,0.0,
6039,Rev7,7,W209,PX-7500,CH-D,MID-06,Mid,0.52,330.0,38.21,37.68,37.93,1691.3,True,False,True,True,0,0.0,
6040,Rev7,7,W209,PX-7500,CH-D,EDG-01,Edge,0.84,0.0,40.62,39.45,34.5,1677.0,False,True,True,True,0,0.0,
6041,Rev7,7,W209,PX-7500,CH-D,EDG-02,Edge,0.84,32.7,39.81,40.77,33.69,1783.9,True,True,False,False,0,0.0,
6042,Rev7,7,W209,PX-7500,CH-D,EDG-03,Edge,0.84,65.5,39.42,39.81,36.91,1674.2,True,True,True,True,0,0.0,
6043,Rev7,7,W209,PX-7500,CH-D,EDG-04,Edge,0.84,98.2,38.96,40.03,39.31,1751.3,True,True,True,True,0,0.0,
6044,Rev7,7,W209,PX-7500,CH-D,EDG-05,Edge,0.84,130.9,38.82,40.44,38.57,1796.7,True,True,True,False,0,0.0,
6045,Rev7,7,W209,PX-7500,CH-D,EDG-06,Edge,0.84,163.6,39.32,39.87,36.61,1825.5,True,True,True,False,1,5.36,polymer_residue
6046,Rev7,7,W209,PX-7500,CH-D,EDG-07,Edge,0.84,196.4,39.84,39.52,37.55,1766.2,True,True,True,False,1,6.08,
6047,Rev7,7,W209,PX-7500,CH-D,EDG-08,Edge,0.84,229.1,39.94,39.69,36.43,1818.1,True,True,True,False,2,11.52,endpoint_late
6048,Rev7,7,W209,PX-7500,CH-D,EDG-09,Edge,0.84,261.8,38.74,39.77,36.13,1711.9,True,True,True,True,1,3.93,arc_event
6049,Rev7,7,W209,PX-7500,CH-D,EDG-10,Edge,0.84,294.5,39.71,40.66,37.11,1698.7,True,True,True,True,0,0.0,
6050,Rev7,7,W209,PX-7500,CH-D,EDG-11,Edge,0.84,327.3,40.0,39.79,34.09,1805.2,True,True,False,False,2,7.85,polymer_residue
6051,Rev7,7,W209,PX-7500,CH-D,EXT-01,Extreme Edge,0.96,16.4,39.52,40.92,38.12,1811.6,True,True,True,False,1,3.33,
6052,Rev7,7,W209,PX-7500,CH-D,EXT-02,Extreme Edge,0.96,49.1,39.57,40.7,38.15,1756.9,True,True,True,True,1,2.32,
6053,Rev7,7,W209,PX-7500,CH-D,EXT-03,Extreme Edge,0.96,81.8,39.74,38.47,36.75,1729.0,True,True,True,True,1,4.78,polymer_residue
6054,Rev7,7,W209,PX-7500,CH-D,EXT-04,Extreme Edge,0.96,114.5,38.93,40.84,37.77,1799.7,True,True,True,False,0,0.0,
6055,Rev7,7,W209,PX-7500,CH-D,EXT-05,Extreme Edge,0.96,147.3,39.34,40.87,35.23,1828.0,True,True,True,False,1,3.51,
6056,Rev7,7,W209,PX-7500,CH-D,EXT-06,Extreme Edge,0.96,180.0,39.46,40.98,34.68,1865.8,True,True,True,False,1,2.41,
6057,Rev7,7,W209,PX-7500,CH-D,EXT-07,Extreme Edge,0.96,212.7,40.73,40.24,36.91,1761.2,False,True,True,False,0,0.0,
6058,Rev7,7,W209,PX-7500,CH-D,EXT-08,Extreme Edge,0.96,245.5,39.88,39.86,36.11,1801.0,True,True,True,False,0,0.0,
6059,Rev7,7,W209,PX-7500,CH-D,EXT-09,Extreme Edge,0.96,278.2,39.1,41.19,35.31,1703.9,True,True,True,True,1,6.32,polymer_residue
6060,Rev7,7,W209,PX-7500,CH-D,EXT-10,Extreme Edge,0.96,310.9,38.9,41.42,36.74,1839.8,True,True,True,False,0,0.0,
6061,Rev7,7,W209,PX-7500,CH-D,EXT-11,Extreme Edge,0.96,343.6,39.13,38.89,39.03,1779.2,True,True,True,False,0,0.0,
6062,Rev7,7,W210,PX-7500,CH-D,C1,Center,0.0,0.0,37.12,40.01,38.2,1667.7,True,True,True,True,0,0.0,
6063,Rev7,7,W210,PX-7500,CH-D,MID-01,Mid,0.52,30.0,37.8,38.11,36.34,1751.7,True,True,True,True,0,0.0,
6064,Rev7,7,W210,PX-7500,CH-D,MID-02,Mid,0.52,90.0,37.52,40.02,37.08,1812.6,True,True,True,False,0,0.0,
6065,Rev7,7,W210,PX-7500,CH-D,MID-03,Mid,0.52,150.0,38.48,41.44,35.94,1712.6,True,True,True,True,0,0.0,
6066,Rev7,7,W210,PX-7500,CH-D,MID-04,Mid,0.52,210.0,38.34,40.38,38.27,1686.9,True,True,True,True,0,0.0,
6067,Rev7,7,W210,PX-7500,CH-D,MID-05,Mid,0.52,270.0,38.33,40.55,38.15,1661.1,True,True,True,True,0,0.0,
6068,Rev7,7,W210,PX-7500,CH-D,MID-06,Mid,0.52,330.0,37.21,38.99,37.61,1656.7,True,True,True,True,1,5.49,
6069,Rev7,7,W210,PX-7500,CH-D,EDG-01,Edge,0.84,0.0,39.28,40.58,36.87,1726.3,True,True,True,True,0,0.0,
6070,Rev7,7,W210,PX-7500,CH-D,EDG-02,Edge,0.84,32.7,38.52,41.58,39.35,1760.5,True,True,True,False,0,0.0,
6071,Rev7,7,W210,PX-7500,CH-D,EDG-03,Edge,0.84,65.5,37.83,40.05,38.51,1670.0,True,True,True,True,0,0.0,
6072,Rev7,7,W210,PX-7500,CH-D,EDG-04,Edge,0.84,98.2,39.16,40.46,36.31,1731.4,True,True,True,True,1,4.99,polymer_residue
6073,Rev7,7,W210,PX-7500,CH-D,EDG-05,Edge,0.84,130.9,39.87,40.82,38.04,1715.7,True,True,True,True,1,6.09,
6074,Rev7,7,W210,PX-7500,CH-D,EDG-06,Edge,0.84,163.6,39.07,39.84,37.19,1769.4,True,True,True,False,0,0.0,
6075,Rev7,7,W210,PX-7500,CH-D,EDG-07,Edge,0.84,196.4,38.52,39.08,37.57,1727.4,True,True,True,True,0,0.0,
6076,Rev7,7,W210,PX-7500,CH-D,EDG-08,Edge,0.84,229.1,38.76,38.29,36.15,1763.5,True,True,True,False,3,13.2,polymer_residue
6077,Rev7,7,W210,PX-7500,CH-D,EDG-09,Edge,0.84,261.8,38.89,39.81,38.19,1681.6,True,True,True,True,0,0.0,
6078,Rev7,7,W210,PX-7500,CH-D,EDG-10,Edge,0.84,294.5,39.42,40.45,36.87,1825.5,True,True,True,False,0,0.0,
6079,Rev7,7,W210,PX-7500,CH-D,EDG-11,Edge,0.84,327.3,38.78,41.46,37.25,1755.0,True,True,True,True,1,3.17,polymer_residue
6080,Rev7,7,W210,PX-7500,CH-D,EXT-01,Extreme Edge,0.96,16.4,39.73,41.2,37.43,1787.3,True,True,True,False,1,3.86,
6081,Rev7,7,W210,PX-7500,CH-D,EXT-02,Extreme Edge,0.96,49.1,40.26,42.18,37.29,1763.3,True,False,True,False,2,8.38,polymer_residue
6082,Rev7,7,W210,PX-7500,CH-D,EXT-03,Extreme Edge,0.96,81.8,39.27,41.56,37.83,1839.7,True,True,True,False,1,6.13,endpoint_late
6083,Rev7,7,W210,PX-7500,CH-D,EXT-04,Extreme Edge,0.96,114.5,40.06,40.14,36.83,1747.2,True,True,True,True,1,3.7,polymer_residue
6084,Rev7,7,W210,PX-7500,CH-D,EXT-05,Extreme Edge,0.96,147.3,38.53,41.17,38.06,1723.4,True,True,True,True,0,0.0,
6085,Rev7,7,W210,PX-7500,CH-D,EXT-06,Extreme Edge,0.96,180.0,40.03,41.53,38.39,1775.2,True,True,True,False,0,0.0,
6086,Rev7,7,W210,PX-7500,CH-D,EXT-07,Extreme Edge,0.96,212.7,40.76,41.92,39.75,1724.1,False,True,True,True,0,0.0,
6087,Rev7,7,W210,PX-7500,CH-D,EXT-08,Extreme Edge,0.96,245.5,39.33,41.35,38.1,1673.6,True,True,True,True,1,5.18,polymer_residue
6088,Rev7,7,W210,PX-7500,CH-D,EXT-09,Extreme Edge,0.96,278.2,38.84,40.52,35.7,1807.0,True,True,True,False,1,5.96,arc_event
6089,Rev7,7,W210,PX-7500,CH-D,EXT-10,Extreme Edge,0.96,310.9,40.22,41.06,41.79,1702.2,True,True,False,True,0,0.0,
6090,Rev7,7,W210,PX-7500,CH-D,EXT-11,Extreme Edge,0.96,343.6,39.66,41.47,39.13,1811.1,True,True,True,False,0,0.0,
6091,Rev11,11,W211,PX-7500,CH-D,C1,Center,0.0,0.0,39.36,40.72,35.45,1636.1,True,True,True,True,0,0.0,
6092,Rev11,11,W211,PX-7500,CH-D,MID-01,Mid,0.52,30.0,39.66,40.78,38.09,1771.5,True,True,True,False,0,0.0,
6093,Rev11,11,W211,PX-7500,CH-D,MID-02,Mid,0.52,90.0,40.28,41.32,39.41,1665.4,True,True,True,True,0,0.0,
6094,Rev11,11,W211,PX-7500,CH-D,MID-03,Mid,0.52,150.0,39.53,40.8,40.02,1797.0,True,True,True,False,0,0.0,
6095,Rev11,11,W211,PX-7500,CH-D,MID-04,Mid,0.52,210.0,40.41,40.78,39.07,1699.4,False,True,True,True,0,0.0,
6096,Rev11,11,W211,PX-7500,CH-D,MID-05,Mid,0.52,270.0,39.35,40.43,37.05,1817.1,True,True,True,False,1,3.54,
6097,Rev11,11,W211,PX-7500,CH-D,MID-06,Mid,0.52,330.0,38.81,39.95,38.95,1760.0,True,True,True,True,0,0.0,
6098,Rev11,11,W211,PX-7500,CH-D,EDG-01,Edge,0.84,0.0,39.39,40.11,39.58,1773.0,True,True,True,False,0,0.0,
6099,Rev11,11,W211,PX-7500,CH-D,EDG-02,Edge,0.84,32.7,39.76,39.32,35.16,1850.3,True,True,True,False,0,0.0,
6100,Rev11,11,W211,PX-7500,CH-D,EDG-03,Edge,0.84,65.5,40.69,40.57,35.37,1814.4,False,True,True,False,2,6.07,pressure_spike
6101,Rev11,11,W211,PX-7500,CH-D,EDG-04,Edge,0.84,98.2,40.01,41.83,37.84,1786.7,True,True,True,False,0,0.0,
6102,Rev11,11,W211,PX-7500,CH-D,EDG-05,Edge,0.84,130.9,39.15,41.54,37.94,1790.8,True,True,True,False,0,0.0,
6103,Rev11,11,W211,PX-7500,CH-D,EDG-06,Edge,0.84,163.6,40.59,41.8,36.15,1682.5,False,True,True,True,0,0.0,
6104,Rev11,11,W211,PX-7500,CH-D,EDG-07,Edge,0.84,196.4,39.84,40.64,41.56,1676.2,True,True,False,True,0,0.0,
6105,Rev11,11,W211,PX-7500,CH-D,EDG-08,Edge,0.84,229.1,40.48,40.57,36.63,1700.0,False,True,True,True,1,5.86,polymer_residue
6106,Rev11,11,W211,PX-7500,CH-D,EDG-09,Edge,0.84,261.8,39.69,40.86,35.15,1783.5,True,True,True,False,0,0.0,
6107,Rev11,11,W211,PX-7500,CH-D,EDG-10,Edge,0.84,294.5,40.57,40.41,37.49,1745.7,False,True,True,True,1,4.82,
6108,Rev11,11,W211,PX-7500,CH-D,EDG-11,Edge,0.84,327.3,41.07,41.3,37.62,1736.1,False,True,True,True,0,0.0,
6109,Rev11,11,W211,PX-7500,CH-D,EXT-01,Extreme Edge,0.96,16.4,41.16,41.16,38.2,1729.5,False,True,True,True,0,0.0,
6110,Rev11,11,W211,PX-7500,CH-D,EXT-02,Extreme Edge,0.96,49.1,41.12,41.89,37.49,1740.9,False,True,True,True,0,0.0,
6111,Rev11,11,W211,PX-7500,CH-D,EXT-03,Extreme Edge,0.96,81.8,39.93,41.92,38.54,1801.2,True,True,True,False,1,2.97,polymer_residue
6112,Rev11,11,W211,PX-7500,CH-D,EXT-04,Extreme Edge,0.96,114.5,40.06,40.96,37.5,1754.0,True,True,True,True,1,2.29,
6113,Rev11,11,W211,PX-7500,CH-D,EXT-05,Extreme Edge,0.96,147.3,41.53,41.24,36.25,1764.1,False,True,True,False,1,4.63,
6114,Rev11,11,W211,PX-7500,CH-D,EXT-06,Extreme Edge,0.96,180.0,41.41,42.12,37.27,1796.0,False,False,True,False,2,10.99,polymer_residue
6115,Rev11,11,W211,PX-7500,CH-D,EXT-07,Extreme Edge,0.96,212.7,40.47,41.57,37.2,1799.7,False,True,True,False,0,0.0,
6116,Rev11,11,W211,PX-7500,CH-D,EXT-08,Extreme Edge,0.96,245.5,42.18,41.73,36.94,1779.1,False,True,True,False,1,5.13,esc_temp_drift
6117,Rev11,11,W211,PX-7500,CH-D,EXT-09,Extreme Edge,0.96,278.2,40.45,40.46,39.62,1758.3,False,True,True,True,0,0.0,
6118,Rev11,11,W211,PX-7500,CH-D,EXT-10,Extreme Edge,0.96,310.9,39.98,41.98,39.87,1738.8,True,True,True,True,1,4.11,polymer_residue
6119,Rev11,11,W211,PX-7500,CH-D,EXT-11,Extreme Edge,0.96,343.6,41.32,42.37,36.99,1762.8,False,False,True,False,1,2.37,
6120,Rev3,3,W212,PX-7500,CH-D,C1,Center,0.0,0.0,40.96,41.6,39.36,1606.4,False,True,True,True,0,0.0,
6121,Rev3,3,W212,PX-7500,CH-D,MID-01,Mid,0.52,30.0,40.1,40.43,36.54,1636.0,True,True,True,True,0,0.0,
6122,Rev3,3,W212,PX-7500,CH-D,MID-02,Mid,0.52,90.0,40.02,41.61,36.0,1657.1,True,True,True,True,0,0.0,
6123,Rev3,3,W212,PX-7500,CH-D,MID-03,Mid,0.52,150.0,39.75,40.65,38.69,1701.4,True,True,True,True,0,0.0,
6124,Rev3,3,W212,PX-7500,CH-D,MID-04,Mid,0.52,210.0,40.48,41.89,38.26,1590.1,False,True,True,True,0,0.0,
6125,Rev3,3,W212,PX-7500,CH-D,MID-05,Mid,0.52,270.0,40.49,40.9,38.66,1635.5,False,True,True,True,0,0.0,
6126,Rev3,3,W212,PX-7500,CH-D,MID-06,Mid,0.52,330.0,39.43,40.22,37.41,1653.0,True,True,True,True,0,0.0,
6127,Rev3,3,W212,PX-7500,CH-D,EDG-01,Edge,0.84,0.0,40.87,41.33,36.74,1609.2,False,True,True,True,1,6.13,
6128,Rev3,3,W212,PX-7500,CH-D,EDG-02,Edge,0.84,32.7,40.42,41.25,36.7,1602.3,False,True,True,True,0,0.0,
6129,Rev3,3,W212,PX-7500,CH-D,EDG-03,Edge,0.84,65.5,41.62,40.21,38.41,1654.1,False,True,True,True,0,0.0,
6130,Rev3,3,W212,PX-7500,CH-D,EDG-04,Edge,0.84,98.2,41.43,41.73,36.41,1696.2,False,True,True,True,0,0.0,
6131,Rev3,3,W212,PX-7500,CH-D,EDG-05,Edge,0.84,130.9,41.35,41.03,35.1,1727.6,False,True,True,True,0,0.0,
6132,Rev3,3,W212,PX-7500,CH-D,EDG-06,Edge,0.84,163.6,41.49,41.13,37.67,1598.8,False,True,True,True,0,0.0,
6133,Rev3,3,W212,PX-7500,CH-D,EDG-07,Edge,0.84,196.4,41.16,43.64,37.51,1580.5,False,False,True,True,0,0.0,
6134,Rev3,3,W212,PX-7500,CH-D,EDG-08,Edge,0.84,229.1,41.58,40.73,37.97,1633.7,False,True,True,True,0,0.0,
6135,Rev3,3,W212,PX-7500,CH-D,EDG-09,Edge,0.84,261.8,41.58,41.97,37.88,1703.0,False,True,True,True,0,0.0,
6136,Rev3,3,W212,PX-7500,CH-D,EDG-10,Edge,0.84,294.5,41.55,41.67,39.63,1583.5,False,True,True,True,1,5.32,
6137,Rev3,3,W212,PX-7500,CH-D,EDG-11,Edge,0.84,327.3,40.8,41.71,40.15,1671.5,False,True,True,True,1,2.26,
6138,Rev3,3,W212,PX-7500,CH-D,EXT-01,Extreme Edge,0.96,16.4,41.29,42.26,38.01,1655.0,False,False,True,True,0,0.0,
6139,Rev3,3,W212,PX-7500,CH-D,EXT-02,Extreme Edge,0.96,49.1,42.01,43.84,37.31,1671.8,False,False,True,True,0,0.0,
6140,Rev3,3,W212,PX-7500,CH-D,EXT-03,Extreme Edge,0.96,81.8,41.67,41.41,40.63,1704.2,False,True,False,True,1,6.38,polymer_residue
6141,Rev3,3,W212,PX-7500,CH-D,EXT-04,Extreme Edge,0.96,114.5,41.15,41.43,38.79,1620.6,False,True,True,True,0,0.0,
6142,Rev3,3,W212,PX-7500,CH-D,EXT-05,Extreme Edge,0.96,147.3,41.58,41.81,37.85,1670.7,False,True,True,True,2,12.42,
6143,Rev3,3,W212,PX-7500,CH-D,EXT-06,Extreme Edge,0.96,180.0,42.01,41.42,37.37,1588.8,False,True,True,True,0,0.0,
6144,Rev3,3,W212,PX-7500,CH-D,EXT-07,Extreme Edge,0.96,212.7,41.97,42.6,39.51,1665.4,False,False,True,True,1,5.16,arc_event
6145,Rev3,3,W212,PX-7500,CH-D,EXT-08,Extreme Edge,0.96,245.5,40.79,42.6,38.0,1690.6,False,False,True,True,0,0.0,
6146,Rev3,3,W212,PX-7500,CH-D,EXT-09,Extreme Edge,0.96,278.2,40.75,43.17,38.94,1664.1,False,False,True,True,0,0.0,
6147,Rev3,3,W212,PX-7500,CH-D,EXT-10,Extreme Edge,0.96,310.9,42.05,42.13,37.12,1656.5,False,False,True,True,1,3.52,
6148,Rev3,3,W212,PX-7500,CH-D,EXT-11,Extreme Edge,0.96,343.6,42.3,42.2,37.3,1717.1,False,False,True,True,3,15.86,
6149,Rev2,2,W213,PX-7500,CH-C,C1,Center,0.0,0.0,39.4,39.94,35.24,1535.5,True,True,True,False,1,5.17,
6150,Rev2,2,W213,PX-7500,CH-C,MID-01,Mid,0.52,30.0,38.98,39.6,34.52,1616.6,True,True,True,True,0,0.0,
6151,Rev2,2,W213,PX-7500,CH-C,MID-02,Mid,0.52,90.0,39.81,39.48,37.14,1599.5,True,True,True,True,1,2.57,endpoint_late
6152,Rev2,2,W213,PX-7500,CH-C,MID-03,Mid,0.52,150.0,40.86,40.91,36.55,1569.2,False,True,True,False,0,0.0,
6153,Rev2,2,W213,PX-7500,CH-C,MID-04,Mid,0.52,210.0,40.68,39.95,35.08,1605.1,False,True,True,True,1,5.86,
6154,Rev2,2,W213,PX-7500,CH-C,MID-05,Mid,0.52,270.0,39.08,40.68,36.69,1511.7,True,True,True,False,1,1.85,polymer_residue
6155,Rev2,2,W213,PX-7500,CH-C,MID-06,Mid,0.52,330.0,39.04,39.99,36.34,1645.0,True,True,True,True,0,0.0,
6156,Rev2,2,W213,PX-7500,CH-C,EDG-01,Edge,0.84,0.0,40.44,40.71,40.1,1601.6,False,True,True,True,0,0.0,
6157,Rev2,2,W213,PX-7500,CH-C,EDG-02,Edge,0.84,32.7,39.89,40.48,38.65,1655.2,True,True,True,True,0,0.0,
6158,Rev2,2,W213,PX-7500,CH-C,EDG-03,Edge,0.84,65.5,41.22,41.08,37.33,1530.4,False,True,True,False,1,4.6,polymer_residue
6159,Rev2,2,W213,PX-7500,CH-C,EDG-04,Edge,0.84,98.2,40.66,40.68,36.71,1606.3,False,True,True,True,0,0.0,
6160,Rev2,2,W213,PX-7500,CH-C,EDG-05,Edge,0.84,130.9,41.03,40.07,36.34,1673.7,False,True,True,True,2,7.36,pressure_spike
6161,Rev2,2,W213,PX-7500,CH-C,EDG-06,Edge,0.84,163.6,41.4,40.4,38.5,1664.5,False,True,True,True,2,6.97,pressure_spike
6162,Rev2,2,W213,PX-7500,CH-C,EDG-07,Edge,0.84,196.4,41.43,40.28,37.48,1658.7,False,True,True,True,2,10.44,
6163,Rev2,2,W213,PX-7500,CH-C,EDG-08,Edge,0.84,229.1,41.75,42.89,39.11,1656.5,False,False,True,True,1,3.8,polymer_residue
6164,Rev2,2,W213,PX-7500,CH-C,EDG-09,Edge,0.84,261.8,40.28,40.11,35.27,1588.5,True,True,True,True,0,0.0,
6165,Rev2,2,W213,PX-7500,CH-C,EDG-10,Edge,0.84,294.5,40.4,41.07,38.01,1645.9,False,True,True,True,0,0.0,
6166,Rev2,2,W213,PX-7500,CH-C,EDG-11,Edge,0.84,327.3,40.81,42.95,37.3,1610.8,False,False,True,True,1,6.15,
6167,Rev2,2,W213,PX-7500,CH-C,EXT-01,Extreme Edge,0.96,16.4,43.06,42.17,37.08,1562.5,False,False,True,False,1,3.07,arc_event
6168,Rev2,2,W213,PX-7500,CH-C,EXT-02,Extreme Edge,0.96,49.1,41.94,41.8,36.56,1727.8,False,True,True,True,1,3.92,polymer_residue
6169,Rev2,2,W213,PX-7500,CH-C,EXT-03,Extreme Edge,0.96,81.8,41.72,42.76,37.4,1626.1,False,False,True,True,2,7.57,polymer_residue
6170,Rev2,2,W213,PX-7500,CH-C,EXT-04,Extreme Edge,0.96,114.5,40.9,40.68,39.44,1631.3,False,True,True,True,0,0.0,
6171,Rev2,2,W213,PX-7500,CH-C,EXT-05,Extreme Edge,0.96,147.3,40.86,41.06,37.89,1671.1,False,True,True,True,0,0.0,
6172,Rev2,2,W213,PX-7500,CH-C,EXT-06,Extreme Edge,0.96,180.0,41.83,42.12,36.73,1651.0,False,False,True,True,2,6.18,
6173,Rev2,2,W213,PX-7500,CH-C,EXT-07,Extreme Edge,0.96,212.7,41.88,40.62,37.74,1687.2,False,True,True,True,0,0.0,
6174,Rev2,2,W213,PX-7500,CH-C,EXT-08,Extreme Edge,0.96,245.5,40.63,41.23,40.96,1620.2,False,True,False,True,1,4.09,
6175,Rev2,2,W213,PX-7500,CH-C,EXT-09,Extreme Edge,0.96,278.2,40.89,42.16,36.31,1647.0,False,False,True,True,0,0.0,
6176,Rev2,2,W213,PX-7500,CH-C,EXT-10,Extreme Edge,0.96,310.9,41.79,38.86,38.53,1611.9,False,True,True,True,1,2.94,polymer_residue
6177,Rev2,2,W213,PX-7500,CH-C,EXT-11,Extreme Edge,0.96,343.6,41.8,41.86,38.14,1583.5,False,True,True,True,0,0.0,
6178,Base,0,W214,AE-3200,CH-A,C1,Center,0.0,0.0,40.9,40.17,37.33,1565.5,False,True,True,False,0,0.0,
6179,Base,0,W214,AE-3200,CH-A,MID-01,Mid,0.52,30.0,40.82,40.45,34.75,1561.1,False,True,True,False,0,0.0,
6180,Base,0,W214,AE-3200,CH-A,MID-02,Mid,0.52,90.0,41.15,40.67,37.86,1489.8,False,True,True,False,0,0.0,
6181,Base,0,W214,AE-3200,CH-A,MID-03,Mid,0.52,150.0,40.66,39.86,35.53,1656.4,False,True,True,True,0,0.0,
6182,Base,0,W214,AE-3200,CH-A,MID-04,Mid,0.52,210.0,40.46,40.23,38.84,1646.4,False,True,True,True,0,0.0,
6183,Base,0,W214,AE-3200,CH-A,MID-05,Mid,0.52,270.0,41.02,39.96,36.72,1573.6,False,True,True,False,3,12.58,
6184,Base,0,W214,AE-3200,CH-A,MID-06,Mid,0.52,330.0,40.95,39.28,38.8,1554.2,False,True,True,False,2,12.37,arc_event
6185,Base,0,W214,AE-3200,CH-A,EDG-01,Edge,0.84,0.0,41.32,42.41,36.98,1593.6,False,False,True,True,0,0.0,
6186,Base,0,W214,AE-3200,CH-A,EDG-02,Edge,0.84,32.7,41.67,41.07,38.09,1561.0,False,True,True,False,0,0.0,
6187,Base,0,W214,AE-3200,CH-A,EDG-03,Edge,0.84,65.5,42.27,41.05,38.28,1668.8,False,True,True,True,0,0.0,
6188,Base,0,W214,AE-3200,CH-A,EDG-04,Edge,0.84,98.2,41.68,39.85,36.27,1655.0,False,True,True,True,0,0.0,
6189,Base,0,W214,AE-3200,CH-A,EDG-05,Edge,0.84,130.9,42.02,40.96,36.44,1541.6,False,True,True,False,0,0.0,
6190,Base,0,W214,AE-3200,CH-A,EDG-06,Edge,0.84,163.6,41.11,40.32,38.06,1595.0,False,True,True,True,0,0.0,
6191,Base,0,W214,AE-3200,CH-A,EDG-07,Edge,0.84,196.4,42.16,39.12,38.48,1638.6,False,True,True,True,0,0.0,
6192,Base,0,W214,AE-3200,CH-A,EDG-08,Edge,0.84,229.1,40.89,40.36,37.25,1642.0,False,True,True,True,0,0.0,
6193,Base,0,W214,AE-3200,CH-A,EDG-09,Edge,0.84,261.8,42.7,39.8,38.12,1554.2,False,True,True,False,0,0.0,
6194,Base,0,W214,AE-3200,CH-A,EDG-10,Edge,0.84,294.5,41.85,40.75,38.09,1577.3,False,True,True,False,2,5.1,polymer_residue
6195,Base,0,W214,AE-3200,CH-A,EDG-11,Edge,0.84,327.3,42.33,40.06,38.34,1549.8,False,True,True,False,2,11.27,
6196,Base,0,W214,AE-3200,CH-A,EXT-01,Extreme Edge,0.96,16.4,42.23,40.93,40.42,1562.1,False,True,False,False,1,6.14,
6197,Base,0,W214,AE-3200,CH-A,EXT-02,Extreme Edge,0.96,49.1,43.0,39.88,37.7,1559.9,False,True,True,False,3,14.67,
6198,Base,0,W214,AE-3200,CH-A,EXT-03,Extreme Edge,0.96,81.8,41.58,40.55,36.48,1669.4,False,True,True,True,1,4.13,
6199,Base,0,W214,AE-3200,CH-A,EXT-04,Extreme Edge,0.96,114.5,41.65,40.38,40.84,1551.1,False,True,False,False,1,5.99,
6200,Base,0,W214,AE-3200,CH-A,EXT-05,Extreme Edge,0.96,147.3,42.87,39.97,39.68,1613.3,False,True,True,True,1,2.48,polymer_residue
6201,Base,0,W214,AE-3200,CH-A,EXT-06,Extreme Edge,0.96,180.0,42.76,41.34,36.93,1619.4,False,True,True,True,0,0.0,
6202,Base,0,W214,AE-3200,CH-A,EXT-07,Extreme Edge,0.96,212.7,42.46,40.95,38.27,1552.8,False,True,True,False,2,8.02,
6203,Base,0,W214,AE-3200,CH-A,EXT-08,Extreme Edge,0.96,245.5,42.44,40.49,39.71,1588.8,False,True,True,True,0,0.0,
6204,Base,0,W214,AE-3200,CH-A,EXT-09,Extreme Edge,0.96,278.2,41.61,39.75,40.02,1529.6,False,True,True,False,1,3.27,
6205,Base,0,W214,AE-3200,CH-A,EXT-10,Extreme Edge,0.96,310.9,41.35,40.9,40.84,1534.5,False,True,False,False,1,2.94,pressure_spike
6206,Base,0,W214,AE-3200,CH-A,EXT-11,Extreme Edge,0.96,343.6,42.41,40.47,38.56,1568.8,False,True,True,False,0,0.0,
6207,Rev2,2,W215,PX-7500,CH-C,C1,Center,0.0,0.0,38.17,38.59,39.98,1604.3,True,True,True,True,0,0.0,
6208,Rev2,2,W215,PX-7500,CH-C,MID-01,Mid,0.52,30.0,39.97,38.53,34.63,1646.5,True,True,True,True,0,0.0,
6209,Rev2,2,W215,PX-7500,CH-C,MID-02,Mid,0.52,90.0,39.83,38.61,38.84,1618.8,True,True,True,True,1,2.12,
6210,Rev2,2,W215,PX-7500,CH-C,MID-03,Mid,0.52,150.0,40.03,40.33,38.99,1646.2,True,True,True,True,0,0.0,
6211,Rev2,2,W215,PX-7500,CH-C,MID-04,Mid,0.52,210.0,39.4,39.67,38.42,1623.3,True,True,True,True,0,0.0,
6212,Rev2,2,W215,PX-7500,CH-C,MID-05,Mid,0.52,270.0,40.31,39.87,41.54,1652.4,True,True,False,True,0,0.0,
6213,Rev2,2,W215,PX-7500,CH-C,MID-06,Mid,0.52,330.0,38.1,39.08,36.88,1682.5,True,True,True,True,0,0.0,
6214,Rev2,2,W215,PX-7500,CH-C,EDG-01,Edge,0.84,0.0,41.0,40.88,37.97,1683.4,False,True,True,True,1,2.01,
6215,Rev2,2,W215,PX-7500,CH-C,EDG-02,Edge,0.84,32.7,40.58,38.66,40.09,1721.7,False,True,True,True,0,0.0,
6216,Rev2,2,W215,PX-7500,CH-C,EDG-03,Edge,0.84,65.5,41.26,40.32,38.84,1725.6,False,True,True,True,0,0.0,
6217,Rev2,2,W215,PX-7500,CH-C,EDG-04,Edge,0.84,98.2,40.22,40.22,43.52,1620.1,True,True,False,True,1,5.87,polymer_residue
6218,Rev2,2,W215,PX-7500,CH-C,EDG-05,Edge,0.84,130.9,39.88,40.21,38.48,1683.4,True,True,True,True,1,3.89,
6219,Rev2,2,W215,PX-7500,CH-C,EDG-06,Edge,0.84,163.6,40.11,39.88,38.79,1663.2,True,True,True,True,1,2.63,
6220,Rev2,2,W215,PX-7500,CH-C,EDG-07,Edge,0.84,196.4,39.82,40.86,38.38,1666.4,True,True,True,True,0,0.0,
6221,Rev2,2,W215,PX-7500,CH-C,EDG-08,Edge,0.84,229.1,40.54,41.12,37.18,1629.2,False,True,True,True,1,3.84,
6222,Rev2,2,W215,PX-7500,CH-C,EDG-09,Edge,0.84,261.8,40.92,40.16,37.04,1644.2,False,True,True,True,0,0.0,
6223,Rev2,2,W215,PX-7500,CH-C,EDG-10,Edge,0.84,294.5,40.1,38.98,38.92,1641.4,True,True,True,True,0,0.0,
6224,Rev2,2,W215,PX-7500,CH-C,EDG-11,Edge,0.84,327.3,39.7,39.04,40.84,1683.0,True,True,False,True,1,5.31,polymer_residue
6225,Rev2,2,W215,PX-7500,CH-C,EXT-01,Extreme Edge,0.96,16.4,41.49,39.78,40.67,1706.7,False,True,False,True,0,0.0,
6226,Rev2,2,W215,PX-7500,CH-C,EXT-02,Extreme Edge,0.96,49.1,41.82,41.93,40.54,1659.2,False,True,False,True,0,0.0,
6227,Rev2,2,W215,PX-7500,CH-C,EXT-03,Extreme Edge,0.96,81.8,40.91,40.6,40.56,1702.0,False,True,False,True,0,0.0,
6228,Rev2,2,W215,PX-7500,CH-C,EXT-04,Extreme Edge,0.96,114.5,41.5,40.99,38.27,1720.3,False,True,True,True,0,0.0,
6229,Rev2,2,W215,PX-7500,CH-C,EXT-05,Extreme Edge,0.96,147.3,42.97,39.18,38.73,1698.8,False,True,True,True,1,6.17,
6230,Rev2,2,W215,PX-7500,CH-C,EXT-06,Extreme Edge,0.96,180.0,40.19,41.07,38.29,1681.0,True,True,True,True,1,5.4,
6231,Rev2,2,W215,PX-7500,CH-C,EXT-07,Extreme Edge,0.96,212.7,41.06,41.21,37.68,1620.4,False,True,True,True,2,9.08,arc_event
6232,Rev2,2,W215,PX-7500,CH-C,EXT-08,Extreme Edge,0.96,245.5,42.01,40.88,38.09,1669.9,False,True,True,True,1,4.26,polymer_residue
6233,Rev2,2,W215,PX-7500,CH-C,EXT-09,Extreme Edge,0.96,278.2,40.85,41.59,41.77,1698.7,False,True,False,True,1,4.05,
6234,Rev2,2,W215,PX-7500,CH-C,EXT-10,Extreme Edge,0.96,310.9,40.42,40.74,34.71,1703.8,False,True,True,True,0,0.0,
6235,Rev2,2,W215,PX-7500,CH-C,EXT-11,Extreme Edge,0.96,343.6,41.36,40.18,38.76,1677.5,False,True,True,True,0,0.0,
6236,Rev1,1,W216,AE-3200,CH-B,C1,Center,0.0,0.0,39.9,40.93,38.64,1703.5,True,True,True,True,0,0.0,
6237,Rev1,1,W216,AE-3200,CH-B,MID-01,Mid,0.52,30.0,39.43,40.57,39.71,1605.9,True,True,True,True,1,3.42,endpoint_late
6238,Rev1,1,W216,AE-3200,CH-B,MID-02,Mid,0.52,90.0,40.17,41.95,41.02,1640.9,True,True,False,True,0,0.0,
6239,Rev1,1,W216,AE-3200,CH-B,MID-03,Mid,0.52,150.0,40.25,40.92,40.13,1649.9,True,True,True,True,0,0.0,
6240,Rev1,1,W216,AE-3200,CH-B,MID-04,Mid,0.52,210.0,40.14,41.23,40.13,1677.2,True,True,True,True,0,0.0,
6241,Rev1,1,W216,AE-3200,CH-B,MID-05,Mid,0.52,270.0,39.4,40.66,39.31,1692.2,True,True,True,True,1,6.29,
6242,Rev1,1,W216,AE-3200,CH-B,MID-06,Mid,0.52,330.0,39.79,40.95,39.23,1609.8,True,True,True,True,0,0.0,
6243,Rev1,1,W216,AE-3200,CH-B,EDG-01,Edge,0.84,0.0,39.13,40.95,39.33,1677.6,True,True,True,True,1,4.17,esc_temp_drift
6244,Rev1,1,W216,AE-3200,CH-B,EDG-02,Edge,0.84,32.7,41.47,41.54,39.5,1682.0,False,True,True,True,0,0.0,
6245,Rev1,1,W216,AE-3200,CH-B,EDG-03,Edge,0.84,65.5,40.08,42.86,39.35,1708.8,True,False,True,True,0,0.0,
6246,Rev1,1,W216,AE-3200,CH-B,EDG-04,Edge,0.84,98.2,39.92,42.65,39.9,1683.3,True,False,True,True,0,0.0,
6247,Rev1,1,W216,AE-3200,CH-B,EDG-05,Edge,0.84,130.9,40.76,42.25,40.8,1710.6,False,False,False,True,1,3.7,
6248,Rev1,1,W216,AE-3200,CH-B,EDG-06,Edge,0.84,163.6,41.68,42.11,40.8,1729.2,False,False,False,True,3,13.04,
6249,Rev1,1,W216,AE-3200,CH-B,EDG-07,Edge,0.84,196.4,39.3,40.14,39.32,1692.1,True,True,True,True,0,0.0,
6250,Rev1,1,W216,AE-3200,CH-B,EDG-08,Edge,0.84,229.1,40.42,42.11,39.6,1682.2,False,False,True,True,0,0.0,
6251,Rev1,1,W216,AE-3200,CH-B,EDG-09,Edge,0.84,261.8,39.48,40.9,37.86,1705.6,True,True,True,True,0,0.0,
6252,Rev1,1,W216,AE-3200,CH-B,EDG-10,Edge,0.84,294.5,41.16,40.75,39.9,1657.2,False,True,True,True,0,0.0,
6253,Rev1,1,W216,AE-3200,CH-B,EDG-11,Edge,0.84,327.3,41.59,42.3,38.0,1681.3,False,False,True,True,0,0.0,
6254,Rev1,1,W216,AE-3200,CH-B,EXT-01,Extreme Edge,0.96,16.4,41.4,41.51,40.16,1752.0,False,True,True,True,0,0.0,
6255,Rev1,1,W216,AE-3200,CH-B,EXT-02,Extreme Edge,0.96,49.1,41.01,42.28,38.02,1630.0,False,False,True,True,0,0.0,
6256,Rev1,1,W216,AE-3200,CH-B,EXT-03,Extreme Edge,0.96,81.8,41.3,41.86,38.31,1669.1,False,True,True,True,1,2.91,polymer_residue
6257,Rev1,1,W216,AE-3200,CH-B,EXT-04,Extreme Edge,0.96,114.5,41.71,42.59,38.06,1696.4,False,False,True,True,1,6.36,pressure_spike
6258,Rev1,1,W216,AE-3200,CH-B,EXT-05,Extreme Edge,0.96,147.3,42.17,42.44,39.98,1701.2,False,False,True,True,1,3.27,
6259,Rev1,1,W216,AE-3200,CH-B,EXT-06,Extreme Edge,0.96,180.0,41.27,41.39,39.77,1731.0,False,True,True,True,0,0.0,
6260,Rev1,1,W216,AE-3200,CH-B,EXT-07,Extreme Edge,0.96,212.7,41.48,40.22,40.48,1721.5,False,True,False,True,0,0.0,
6261,Rev1,1,W216,AE-3200,CH-B,EXT-08,Extreme Edge,0.96,245.5,41.27,41.19,40.24,1694.2,False,True,True,True,0,0.0,
6262,Rev1,1,W216,AE-3200,CH-B,EXT-09,Extreme Edge,0.96,278.2,41.67,42.89,37.59,1568.8,False,False,True,False,1,5.65,
6263,Rev1,1,W216,AE-3200,CH-B,EXT-10,Extreme Edge,0.96,310.9,42.05,40.48,41.52,1648.9,False,True,False,True,0,0.0,
6264,Rev1,1,W216,AE-3200,CH-B,EXT-11,Extreme Edge,0.96,343.6,41.93,40.35,39.46,1681.4,False,True,True,True,2,11.47,
