Sample_No,Recipe_Version,Rev_No,Wafer_ID,Tool_ID,Chamber_ID,Site_ID,Zone,Radius_frac,Angle_deg,Top_CD_nm,Mid_CD_nm,Bottom_CD_nm,Depth_nm,Top_CD_Pass,Mid_CD_Pass,Bottom_CD_Pass,Depth_Pass,Defect_Count,Defect_Severity,Anomaly_Event
1,Rev6,6,W001,PX-7500,CH-C,C1,Center,0.0,0.0,98.87,88.48,83.35,955.1,True,True,True,True,0,0.0,
2,Rev6,6,W001,PX-7500,CH-C,MID-01,Mid,0.52,30.0,99.3,93.77,90.24,941.3,True,True,True,True,0,0.0,
3,Rev6,6,W001,PX-7500,CH-C,MID-02,Mid,0.52,90.0,97.4,94.55,84.43,1119.3,True,True,True,False,1,5.66,
4,Rev6,6,W001,PX-7500,CH-C,MID-03,Mid,0.52,150.0,99.85,90.57,80.89,1057.1,True,True,True,True,0,0.0,
5,Rev6,6,W001,PX-7500,CH-C,MID-04,Mid,0.52,210.0,97.77,93.59,87.1,1067.4,True,True,True,True,0,0.0,
6,Rev6,6,W001,PX-7500,CH-C,MID-05,Mid,0.52,270.0,98.09,90.1,81.14,1092.6,True,True,True,False,0,0.0,
7,Rev6,6,W001,PX-7500,CH-C,MID-06,Mid,0.52,330.0,100.48,92.91,81.09,954.8,True,True,True,True,0,0.0,
8,Rev6,6,W001,PX-7500,CH-C,EDG-01,Edge,0.84,0.0,99.27,92.06,90.41,1043.9,True,True,True,True,0,0.0,
9,Rev6,6,W001,PX-7500,CH-C,EDG-02,Edge,0.84,32.7,103.01,93.55,86.93,968.8,False,True,True,True,0,0.0,
10,Rev6,6,W001,PX-7500,CH-C,EDG-03,Edge,0.84,65.5,97.84,91.96,82.06,858.6,True,True,True,False,0,0.0,
11,Rev6,6,W001,PX-7500,CH-C,EDG-04,Edge,0.84,98.2,97.61,95.05,86.23,964.8,True,True,True,True,1,4.47,
12,Rev6,6,W001,PX-7500,CH-C,EDG-05,Edge,0.84,130.9,99.24,92.21,81.55,1055.6,True,True,True,True,0,0.0,
13,Rev6,6,W001,PX-7500,CH-C,EDG-06,Edge,0.84,163.6,99.2,93.65,85.03,1087.5,True,True,True,True,1,2.41,polymer_residue
14,Rev6,6,W001,PX-7500,CH-C,EDG-07,Edge,0.84,196.4,103.34,95.53,88.26,955.9,False,True,True,True,0,0.0,
15,Rev6,6,W001,PX-7500,CH-C,EDG-08,Edge,0.84,229.1,103.65,98.52,84.64,981.7,False,False,True,True,3,18.85,endpoint_late
16,Rev6,6,W001,PX-7500,CH-C,EDG-09,Edge,0.84,261.8,103.38,93.2,86.42,1171.7,False,True,True,False,0,0.0,
17,Rev6,6,W001,PX-7500,CH-C,EDG-10,Edge,0.84,294.5,101.61,93.5,90.67,1144.7,False,True,True,False,0,0.0,
18,Rev6,6,W001,PX-7500,CH-C,EDG-11,Edge,0.84,327.3,101.23,92.06,89.4,1105.5,False,True,True,False,0,0.0,
19,Rev6,6,W001,PX-7500,CH-C,EXT-01,Extreme Edge,0.96,16.4,101.15,93.89,86.9,1097.4,False,True,True,False,0,0.0,
20,Rev6,6,W001,PX-7500,CH-C,EXT-02,Extreme Edge,0.96,49.1,103.31,98.31,88.15,1046.5,False,False,True,True,0,0.0,
21,Rev6,6,W001,PX-7500,CH-C,EXT-03,Extreme Edge,0.96,81.8,99.94,95.72,87.34,1064.4,True,True,True,True,1,2.34,
22,Rev6,6,W001,PX-7500,CH-C,EXT-04,Extreme Edge,0.96,114.5,100.38,94.35,93.89,1036.8,True,True,True,True,1,2.62,
23,Rev6,6,W001,PX-7500,CH-C,EXT-05,Extreme Edge,0.96,147.3,105.02,94.89,88.74,1029.3,False,True,True,True,0,0.0,
24,Rev6,6,W001,PX-7500,CH-C,EXT-06,Extreme Edge,0.96,180.0,105.27,95.79,96.76,1109.0,False,True,False,False,0,0.0,
25,Rev6,6,W001,PX-7500,CH-C,EXT-07,Extreme Edge,0.96,212.7,102.99,96.66,83.5,1160.5,False,True,True,False,0,0.0,
26,Rev6,6,W001,PX-7500,CH-C,EXT-08,Extreme Edge,0.96,245.5,102.26,95.55,86.3,1069.4,False,True,True,True,0,0.0,
27,Rev6,6,W001,PX-7500,CH-C,EXT-09,Extreme Edge,0.96,278.2,106.17,91.95,88.25,1055.9,False,True,True,True,1,3.49,
28,Rev6,6,W001,PX-7500,CH-C,EXT-10,Extreme Edge,0.96,310.9,100.53,96.29,85.74,1027.1,True,True,True,True,1,5.59,esc_temp_drift
29,Rev6,6,W001,PX-7500,CH-C,EXT-11,Extreme Edge,0.96,343.6,101.12,93.05,88.89,1064.4,False,True,True,True,2,4.99,
30,Rev7,7,W002,PX-7500,CH-D,C1,Center,0.0,0.0,97.98,93.73,86.22,938.2,True,True,True,True,0,0.0,
31,Rev7,7,W002,PX-7500,CH-D,MID-01,Mid,0.52,30.0,100.14,96.65,94.31,992.8,True,True,True,True,0,0.0,
32,Rev7,7,W002,PX-7500,CH-D,MID-02,Mid,0.52,90.0,99.41,93.12,87.6,1008.0,True,True,True,True,0,0.0,
33,Rev7,7,W002,PX-7500,CH-D,MID-03,Mid,0.52,150.0,95.74,91.39,93.06,1038.2,True,True,True,True,0,0.0,
34,Rev7,7,W002,PX-7500,CH-D,MID-04,Mid,0.52,210.0,97.75,92.6,88.58,1062.5,True,True,True,True,0,0.0,
35,Rev7,7,W002,PX-7500,CH-D,MID-05,Mid,0.52,270.0,100.44,95.21,89.69,1049.7,True,True,True,True,1,2.19,
36,Rev7,7,W002,PX-7500,CH-D,MID-06,Mid,0.52,330.0,98.2,95.08,88.3,1013.3,True,True,True,True,0,0.0,
37,Rev7,7,W002,PX-7500,CH-D,EDG-01,Edge,0.84,0.0,97.54,97.53,88.8,991.3,True,True,True,True,0,0.0,
38,Rev7,7,W002,PX-7500,CH-D,EDG-02,Edge,0.84,32.7,95.01,94.72,100.7,1125.5,True,True,False,False,0,0.0,
39,Rev7,7,W002,PX-7500,CH-D,EDG-03,Edge,0.84,65.5,101.06,96.61,91.1,996.0,False,True,True,True,1,6.43,polymer_residue
40,Rev7,7,W002,PX-7500,CH-D,EDG-04,Edge,0.84,98.2,101.39,96.16,87.16,1074.6,False,True,True,True,1,3.04,esc_temp_drift
41,Rev7,7,W002,PX-7500,CH-D,EDG-05,Edge,0.84,130.9,102.78,94.01,95.72,1073.2,False,True,False,True,1,6.28,endpoint_late
42,Rev7,7,W002,PX-7500,CH-D,EDG-06,Edge,0.84,163.6,99.36,89.63,90.34,1022.4,True,True,True,True,0,0.0,
43,Rev7,7,W002,PX-7500,CH-D,EDG-07,Edge,0.84,196.4,98.67,92.94,91.37,1242.2,True,True,True,False,0,0.0,
44,Rev7,7,W002,PX-7500,CH-D,EDG-08,Edge,0.84,229.1,98.79,94.97,90.91,1117.2,True,True,True,False,1,1.97,esc_temp_drift
45,Rev7,7,W002,PX-7500,CH-D,EDG-09,Edge,0.84,261.8,98.73,93.6,89.24,1104.7,True,True,True,False,0,0.0,
46,Rev7,7,W002,PX-7500,CH-D,EDG-10,Edge,0.84,294.5,102.81,95.72,100.05,1115.8,False,True,False,False,0,0.0,
47,Rev7,7,W002,PX-7500,CH-D,EDG-11,Edge,0.84,327.3,97.26,92.77,90.5,905.8,True,True,True,True,0,0.0,
48,Rev7,7,W002,PX-7500,CH-D,EXT-01,Extreme Edge,0.96,16.4,99.55,97.57,90.46,1014.3,True,True,True,True,1,5.97,
49,Rev7,7,W002,PX-7500,CH-D,EXT-02,Extreme Edge,0.96,49.1,103.82,98.98,99.11,1018.3,False,False,False,True,0,0.0,
50,Rev7,7,W002,PX-7500,CH-D,EXT-03,Extreme Edge,0.96,81.8,101.85,99.43,95.17,1028.7,False,False,False,True,2,9.63,pressure_spike
51,Rev7,7,W002,PX-7500,CH-D,EXT-04,Extreme Edge,0.96,114.5,103.07,92.52,97.61,1073.0,False,True,False,True,1,2.59,
52,Rev7,7,W002,PX-7500,CH-D,EXT-05,Extreme Edge,0.96,147.3,100.8,94.44,95.17,1065.2,False,True,False,True,2,5.97,polymer_residue
53,Rev7,7,W002,PX-7500,CH-D,EXT-06,Extreme Edge,0.96,180.0,103.54,91.5,91.88,1178.4,False,True,True,False,0,0.0,
54,Rev7,7,W002,PX-7500,CH-D,EXT-07,Extreme Edge,0.96,212.7,99.82,94.45,94.7,1144.8,True,True,False,False,2,12.0,
55,Rev7,7,W002,PX-7500,CH-D,EXT-08,Extreme Edge,0.96,245.5,104.3,90.46,100.65,949.5,False,True,False,True,0,0.0,
56,Rev7,7,W002,PX-7500,CH-D,EXT-09,Extreme Edge,0.96,278.2,101.39,96.5,92.78,1097.5,False,True,True,False,1,4.5,polymer_residue
57,Rev7,7,W002,PX-7500,CH-D,EXT-10,Extreme Edge,0.96,310.9,99.94,98.43,99.11,1126.7,True,False,False,False,3,13.58,polymer_residue
58,Rev7,7,W002,PX-7500,CH-D,EXT-11,Extreme Edge,0.96,343.6,99.72,93.08,100.26,1026.0,True,True,False,True,1,5.91,endpoint_late
59,Rev9,9,W003,AE-3200,CH-B,C1,Center,0.0,0.0,95.65,90.67,89.88,1107.1,True,True,True,False,0,0.0,
60,Rev9,9,W003,AE-3200,CH-B,MID-01,Mid,0.52,30.0,96.52,95.39,96.41,1065.5,True,True,False,True,1,3.04,
61,Rev9,9,W003,AE-3200,CH-B,MID-02,Mid,0.52,90.0,93.7,86.93,87.83,1012.2,True,True,True,True,1,4.12,
62,Rev9,9,W003,AE-3200,CH-B,MID-03,Mid,0.52,150.0,98.54,89.85,86.83,1064.1,True,True,True,True,0,0.0,
63,Rev9,9,W003,AE-3200,CH-B,MID-04,Mid,0.52,210.0,94.43,91.65,88.89,1085.8,True,True,True,True,0,0.0,
64,Rev9,9,W003,AE-3200,CH-B,MID-05,Mid,0.52,270.0,97.22,84.28,93.31,998.6,True,False,True,True,1,6.22,esc_temp_drift
65,Rev9,9,W003,AE-3200,CH-B,MID-06,Mid,0.52,330.0,95.41,90.53,89.81,1114.5,True,True,True,False,0,0.0,
66,Rev9,9,W003,AE-3200,CH-B,EDG-01,Edge,0.84,0.0,96.83,97.87,91.56,1106.3,True,False,True,False,1,4.13,polymer_residue
67,Rev9,9,W003,AE-3200,CH-B,EDG-02,Edge,0.84,32.7,96.74,92.78,94.18,1087.6,True,True,True,True,1,3.35,
68,Rev9,9,W003,AE-3200,CH-B,EDG-03,Edge,0.84,65.5,97.02,92.19,92.44,1081.4,True,True,True,True,0,0.0,
69,Rev9,9,W003,AE-3200,CH-B,EDG-04,Edge,0.84,98.2,97.01,92.53,88.37,987.5,True,True,True,True,0,0.0,
70,Rev9,9,W003,AE-3200,CH-B,EDG-05,Edge,0.84,130.9,98.38,91.04,93.67,1105.3,True,True,True,False,1,4.04,
71,Rev9,9,W003,AE-3200,CH-B,EDG-06,Edge,0.84,163.6,98.38,88.21,102.62,1185.8,True,True,False,False,0,0.0,
72,Rev9,9,W003,AE-3200,CH-B,EDG-07,Edge,0.84,196.4,96.94,86.1,86.91,1006.6,True,False,True,True,1,5.56,polymer_residue
73,Rev9,9,W003,AE-3200,CH-B,EDG-08,Edge,0.84,229.1,98.92,93.98,96.67,971.7,True,True,False,True,2,11.76,
74,Rev9,9,W003,AE-3200,CH-B,EDG-09,Edge,0.84,261.8,98.62,90.82,96.91,1062.0,True,True,False,True,1,5.23,
75,Rev9,9,W003,AE-3200,CH-B,EDG-10,Edge,0.84,294.5,99.75,94.0,89.52,1021.2,True,True,True,True,0,0.0,
76,Rev9,9,W003,AE-3200,CH-B,EDG-11,Edge,0.84,327.3,97.43,91.74,92.08,1064.7,True,True,True,True,0,0.0,
77,Rev9,9,W003,AE-3200,CH-B,EXT-01,Extreme Edge,0.96,16.4,98.23,90.53,99.41,1036.0,True,True,False,True,0,0.0,
78,Rev9,9,W003,AE-3200,CH-B,EXT-02,Extreme Edge,0.96,49.1,99.1,92.58,87.9,1037.8,True,True,True,True,0,0.0,
79,Rev9,9,W003,AE-3200,CH-B,EXT-03,Extreme Edge,0.96,81.8,101.67,94.89,88.73,1081.9,False,True,True,True,0,0.0,
80,Rev9,9,W003,AE-3200,CH-B,EXT-04,Extreme Edge,0.96,114.5,99.96,91.58,101.92,1031.7,True,True,False,True,2,6.25,esc_temp_drift
81,Rev9,9,W003,AE-3200,CH-B,EXT-05,Extreme Edge,0.96,147.3,101.85,93.63,88.18,1107.1,False,True,True,False,1,6.14,
82,Rev9,9,W003,AE-3200,CH-B,EXT-06,Extreme Edge,0.96,180.0,97.36,93.5,92.0,1070.7,True,True,True,True,1,2.57,polymer_residue
83,Rev9,9,W003,AE-3200,CH-B,EXT-07,Extreme Edge,0.96,212.7,93.0,90.04,92.74,1042.7,True,True,True,True,1,5.85,
84,Rev9,9,W003,AE-3200,CH-B,EXT-08,Extreme Edge,0.96,245.5,100.52,90.13,85.92,1045.6,True,True,True,True,0,0.0,
85,Rev9,9,W003,AE-3200,CH-B,EXT-09,Extreme Edge,0.96,278.2,99.5,88.68,103.24,1073.9,True,True,False,True,1,4.18,esc_temp_drift
86,Rev9,9,W003,AE-3200,CH-B,EXT-10,Extreme Edge,0.96,310.9,97.22,92.36,104.27,1077.5,True,True,False,True,1,2.01,polymer_residue
87,Rev9,9,W003,AE-3200,CH-B,EXT-11,Extreme Edge,0.96,343.6,98.72,93.68,88.76,1032.0,True,True,True,True,1,3.83,polymer_residue
88,Rev6,6,W004,PX-7500,CH-C,C1,Center,0.0,0.0,98.43,91.6,86.52,1098.8,True,True,True,False,0,0.0,
89,Rev6,6,W004,PX-7500,CH-C,MID-01,Mid,0.52,30.0,97.77,92.7,83.96,979.7,True,True,True,True,0,0.0,
90,Rev6,6,W004,PX-7500,CH-C,MID-02,Mid,0.52,90.0,100.48,92.31,80.31,975.0,True,True,True,True,0,0.0,
91,Rev6,6,W004,PX-7500,CH-C,MID-03,Mid,0.52,150.0,97.51,96.14,86.49,954.4,True,True,True,True,0,0.0,
92,Rev6,6,W004,PX-7500,CH-C,MID-04,Mid,0.52,210.0,97.04,95.31,83.03,929.8,True,True,True,True,0,0.0,
93,Rev6,6,W004,PX-7500,CH-C,MID-05,Mid,0.52,270.0,97.75,97.24,82.75,948.4,True,True,True,True,0,0.0,
94,Rev6,6,W004,PX-7500,CH-C,MID-06,Mid,0.52,330.0,99.15,94.42,88.94,894.9,True,True,True,True,1,5.21,
95,Rev6,6,W004,PX-7500,CH-C,EDG-01,Edge,0.84,0.0,97.04,98.33,86.4,972.6,True,False,True,True,2,11.4,polymer_residue
96,Rev6,6,W004,PX-7500,CH-C,EDG-02,Edge,0.84,32.7,99.66,92.73,90.38,972.6,True,True,True,True,2,12.74,
97,Rev6,6,W004,PX-7500,CH-C,EDG-03,Edge,0.84,65.5,100.01,97.95,90.6,995.5,True,False,True,True,1,5.72,arc_event
98,Rev6,6,W004,PX-7500,CH-C,EDG-04,Edge,0.84,98.2,100.25,91.26,91.12,1084.1,True,True,True,True,0,0.0,
99,Rev6,6,W004,PX-7500,CH-C,EDG-05,Edge,0.84,130.9,98.74,95.06,83.78,1038.4,True,True,True,True,0,0.0,
100,Rev6,6,W004,PX-7500,CH-C,EDG-06,Edge,0.84,163.6,99.69,97.76,90.78,1033.4,True,False,True,True,0,0.0,
101,Rev6,6,W004,PX-7500,CH-C,EDG-07,Edge,0.84,196.4,98.34,97.1,95.38,1029.2,True,True,False,True,0,0.0,
102,Rev6,6,W004,PX-7500,CH-C,EDG-08,Edge,0.84,229.1,100.84,93.87,92.96,1013.7,False,True,True,True,1,3.51,
103,Rev6,6,W004,PX-7500,CH-C,EDG-09,Edge,0.84,261.8,98.36,94.48,98.28,922.7,True,True,False,True,0,0.0,
104,Rev6,6,W004,PX-7500,CH-C,EDG-10,Edge,0.84,294.5,98.82,97.19,82.98,1024.0,True,True,True,True,0,0.0,
105,Rev6,6,W004,PX-7500,CH-C,EDG-11,Edge,0.84,327.3,101.22,94.36,86.17,1014.0,False,True,True,True,0,0.0,
106,Rev6,6,W004,PX-7500,CH-C,EXT-01,Extreme Edge,0.96,16.4,98.48,95.04,101.62,1073.7,True,True,False,True,1,4.99,
107,Rev6,6,W004,PX-7500,CH-C,EXT-02,Extreme Edge,0.96,49.1,103.28,97.05,91.68,1013.3,False,True,True,True,2,12.28,
108,Rev6,6,W004,PX-7500,CH-C,EXT-03,Extreme Edge,0.96,81.8,99.65,97.74,93.59,974.6,True,False,True,True,0,0.0,
109,Rev6,6,W004,PX-7500,CH-C,EXT-04,Extreme Edge,0.96,114.5,99.75,96.09,98.27,1027.3,True,True,False,True,0,0.0,
110,Rev6,6,W004,PX-7500,CH-C,EXT-05,Extreme Edge,0.96,147.3,102.02,92.56,93.68,958.5,False,True,True,True,0,0.0,
111,Rev6,6,W004,PX-7500,CH-C,EXT-06,Extreme Edge,0.96,180.0,97.44,91.21,90.7,909.0,True,True,True,True,2,10.88,
112,Rev6,6,W004,PX-7500,CH-C,EXT-07,Extreme Edge,0.96,212.7,98.07,98.09,90.62,1009.6,True,False,True,True,2,7.6,
113,Rev6,6,W004,PX-7500,CH-C,EXT-08,Extreme Edge,0.96,245.5,99.86,95.07,95.48,927.3,True,True,False,True,0,0.0,
114,Rev6,6,W004,PX-7500,CH-C,EXT-09,Extreme Edge,0.96,278.2,101.79,99.66,89.82,1061.2,False,False,True,True,1,3.42,
115,Rev6,6,W004,PX-7500,CH-C,EXT-10,Extreme Edge,0.96,310.9,100.77,97.0,87.77,988.2,True,True,True,True,1,3.48,endpoint_late
116,Rev6,6,W004,PX-7500,CH-C,EXT-11,Extreme Edge,0.96,343.6,98.8,93.78,91.4,986.2,True,True,True,True,1,4.49,pressure_spike
117,Rev1,1,W005,AE-3200,CH-B,C1,Center,0.0,0.0,95.41,97.89,88.72,936.8,True,False,True,True,0,0.0,
118,Rev1,1,W005,AE-3200,CH-B,MID-01,Mid,0.52,30.0,95.38,96.17,89.01,970.9,True,True,True,True,0,0.0,
119,Rev1,1,W005,AE-3200,CH-B,MID-02,Mid,0.52,90.0,95.06,100.52,89.44,893.2,True,False,True,True,1,3.52,
120,Rev1,1,W005,AE-3200,CH-B,MID-03,Mid,0.52,150.0,92.72,94.92,82.17,962.0,True,True,True,True,0,0.0,
121,Rev1,1,W005,AE-3200,CH-B,MID-04,Mid,0.52,210.0,96.5,99.63,78.27,930.1,True,False,True,True,0,0.0,
122,Rev1,1,W005,AE-3200,CH-B,MID-05,Mid,0.52,270.0,98.16,98.11,87.66,899.2,True,False,True,True,0,0.0,
123,Rev1,1,W005,AE-3200,CH-B,MID-06,Mid,0.52,330.0,97.77,100.58,86.27,934.1,True,False,True,True,0,0.0,
124,Rev1,1,W005,AE-3200,CH-B,EDG-01,Edge,0.84,0.0,97.86,98.51,87.2,1003.1,True,False,True,True,0,0.0,
125,Rev1,1,W005,AE-3200,CH-B,EDG-02,Edge,0.84,32.7,99.4,98.59,82.12,986.6,True,False,True,True,1,3.5,polymer_residue
126,Rev1,1,W005,AE-3200,CH-B,EDG-03,Edge,0.84,65.5,96.21,97.52,90.14,987.1,True,True,True,True,0,0.0,
127,Rev1,1,W005,AE-3200,CH-B,EDG-04,Edge,0.84,98.2,98.34,97.23,84.05,1038.4,True,True,True,True,0,0.0,
128,Rev1,1,W005,AE-3200,CH-B,EDG-05,Edge,0.84,130.9,93.47,93.82,85.13,970.0,True,True,True,True,0,0.0,
129,Rev1,1,W005,AE-3200,CH-B,EDG-06,Edge,0.84,163.6,96.16,99.46,80.91,998.3,True,False,True,True,2,5.06,
130,Rev1,1,W005,AE-3200,CH-B,EDG-07,Edge,0.84,196.4,100.36,98.36,87.14,1061.6,True,False,True,True,0,0.0,
131,Rev1,1,W005,AE-3200,CH-B,EDG-08,Edge,0.84,229.1,95.07,98.67,87.32,1000.5,True,False,True,True,0,0.0,
132,Rev1,1,W005,AE-3200,CH-B,EDG-09,Edge,0.84,261.8,96.05,100.12,77.48,916.8,True,False,False,True,2,4.98,
133,Rev1,1,W005,AE-3200,CH-B,EDG-10,Edge,0.84,294.5,98.87,100.36,89.15,952.1,True,False,True,True,0,0.0,
134,Rev1,1,W005,AE-3200,CH-B,EDG-11,Edge,0.84,327.3,97.88,98.86,86.96,1014.2,True,False,True,True,0,0.0,
135,Rev1,1,W005,AE-3200,CH-B,EXT-01,Extreme Edge,0.96,16.4,100.41,97.83,84.8,1023.5,True,False,True,True,1,4.87,
136,Rev1,1,W005,AE-3200,CH-B,EXT-02,Extreme Edge,0.96,49.1,101.1,103.88,81.12,1013.9,False,False,True,True,3,12.36,
137,Rev1,1,W005,AE-3200,CH-B,EXT-03,Extreme Edge,0.96,81.8,98.31,103.44,90.89,1077.2,True,False,True,True,1,4.43,
138,Rev1,1,W005,AE-3200,CH-B,EXT-04,Extreme Edge,0.96,114.5,97.24,102.35,91.37,966.2,True,False,True,True,0,0.0,
139,Rev1,1,W005,AE-3200,CH-B,EXT-05,Extreme Edge,0.96,147.3,97.45,102.32,86.58,962.2,True,False,True,True,0,0.0,
140,Rev1,1,W005,AE-3200,CH-B,EXT-06,Extreme Edge,0.96,180.0,98.36,102.13,87.75,965.9,True,False,True,True,1,2.92,polymer_residue
141,Rev1,1,W005,AE-3200,CH-B,EXT-07,Extreme Edge,0.96,212.7,98.95,99.46,83.81,1094.9,True,False,True,False,1,2.76,endpoint_late
142,Rev1,1,W005,AE-3200,CH-B,EXT-08,Extreme Edge,0.96,245.5,100.32,95.56,87.47,1061.5,True,True,True,True,1,3.56,
143,Rev1,1,W005,AE-3200,CH-B,EXT-09,Extreme Edge,0.96,278.2,98.37,100.88,81.23,1085.9,True,False,True,True,2,12.87,
144,Rev1,1,W005,AE-3200,CH-B,EXT-10,Extreme Edge,0.96,310.9,102.7,98.09,88.28,1031.5,False,False,True,True,0,0.0,
145,Rev1,1,W005,AE-3200,CH-B,EXT-11,Extreme Edge,0.96,343.6,99.14,99.17,87.19,1001.8,True,False,True,True,0,0.0,
146,Rev10,10,W006,PX-7500,CH-C,C1,Center,0.0,0.0,95.89,88.44,94.44,1050.4,True,True,True,True,0,0.0,
147,Rev10,10,W006,PX-7500,CH-C,MID-01,Mid,0.52,30.0,99.37,90.03,98.11,1031.4,True,True,False,True,0,0.0,
148,Rev10,10,W006,PX-7500,CH-C,MID-02,Mid,0.52,90.0,98.84,91.33,98.59,1037.8,True,True,False,True,2,4.44,
149,Rev10,10,W006,PX-7500,CH-C,MID-03,Mid,0.52,150.0,95.72,90.14,93.54,1020.8,True,True,True,True,0,0.0,
150,Rev10,10,W006,PX-7500,CH-C,MID-04,Mid,0.52,210.0,96.9,89.63,97.55,970.3,True,True,False,True,0,0.0,
151,Rev10,10,W006,PX-7500,CH-C,MID-05,Mid,0.52,270.0,97.79,94.58,95.18,960.5,True,True,False,True,1,5.53,polymer_residue
152,Rev10,10,W006,PX-7500,CH-C,MID-06,Mid,0.52,330.0,98.61,90.93,93.28,977.5,True,True,True,True,0,0.0,
153,Rev10,10,W006,PX-7500,CH-C,EDG-01,Edge,0.84,0.0,98.83,91.46,92.8,971.8,True,True,True,True,1,4.62,pressure_spike
154,Rev10,10,W006,PX-7500,CH-C,EDG-02,Edge,0.84,32.7,101.78,90.3,101.97,1076.2,False,True,False,True,0,0.0,
155,Rev10,10,W006,PX-7500,CH-C,EDG-03,Edge,0.84,65.5,102.58,89.02,98.59,1038.3,False,True,False,True,0,0.0,
156,Rev10,10,W006,PX-7500,CH-C,EDG-04,Edge,0.84,98.2,98.08,95.28,97.92,1038.0,True,True,False,True,0,0.0,
157,Rev10,10,W006,PX-7500,CH-C,EDG-05,Edge,0.84,130.9,99.89,93.98,99.74,1059.9,True,True,False,True,0,0.0,
158,Rev10,10,W006,PX-7500,CH-C,EDG-06,Edge,0.84,163.6,99.59,90.91,95.36,1014.8,True,True,False,True,1,3.38,arc_event
159,Rev10,10,W006,PX-7500,CH-C,EDG-07,Edge,0.84,196.4,95.09,94.68,97.5,1096.0,True,True,False,False,0,0.0,
160,Rev10,10,W006,PX-7500,CH-C,EDG-08,Edge,0.84,229.1,100.35,94.57,92.39,1004.3,True,True,True,True,3,18.5,endpoint_late
161,Rev10,10,W006,PX-7500,CH-C,EDG-09,Edge,0.84,261.8,102.06,96.42,101.01,995.3,False,True,False,True,0,0.0,
162,Rev10,10,W006,PX-7500,CH-C,EDG-10,Edge,0.84,294.5,100.9,93.04,102.93,1026.4,False,True,False,True,1,6.43,
163,Rev10,10,W006,PX-7500,CH-C,EDG-11,Edge,0.84,327.3,99.38,91.93,97.33,1033.0,True,True,False,True,1,3.07,
164,Rev10,10,W006,PX-7500,CH-C,EXT-01,Extreme Edge,0.96,16.4,101.16,93.02,102.25,967.6,False,True,False,True,1,2.88,endpoint_late
165,Rev10,10,W006,PX-7500,CH-C,EXT-02,Extreme Edge,0.96,49.1,101.1,90.9,101.34,1076.5,False,True,False,True,1,2.7,
166,Rev10,10,W006,PX-7500,CH-C,EXT-03,Extreme Edge,0.96,81.8,104.31,88.73,101.57,1050.1,False,True,False,True,0,0.0,
167,Rev10,10,W006,PX-7500,CH-C,EXT-04,Extreme Edge,0.96,114.5,100.43,90.39,98.99,1021.6,True,True,False,True,0,0.0,
168,Rev10,10,W006,PX-7500,CH-C,EXT-05,Extreme Edge,0.96,147.3,99.07,91.48,99.5,1046.8,True,True,False,True,1,3.08,pressure_spike
169,Rev10,10,W006,PX-7500,CH-C,EXT-06,Extreme Edge,0.96,180.0,100.53,95.6,99.62,1031.0,True,True,False,True,1,4.47,
170,Rev10,10,W006,PX-7500,CH-C,EXT-07,Extreme Edge,0.96,212.7,100.13,87.66,101.22,1022.0,True,True,False,True,0,0.0,
171,Rev10,10,W006,PX-7500,CH-C,EXT-08,Extreme Edge,0.96,245.5,100.79,95.03,95.77,942.0,True,True,False,True,1,3.93,endpoint_late
172,Rev10,10,W006,PX-7500,CH-C,EXT-09,Extreme Edge,0.96,278.2,98.35,90.91,98.84,964.2,True,True,False,True,0,0.0,
173,Rev10,10,W006,PX-7500,CH-C,EXT-10,Extreme Edge,0.96,310.9,98.97,94.79,96.72,1007.0,True,True,False,True,1,5.2,polymer_residue
174,Rev10,10,W006,PX-7500,CH-C,EXT-11,Extreme Edge,0.96,343.6,98.15,93.37,99.56,1119.1,True,True,False,False,1,4.23,polymer_residue
175,Rev8,8,W007,AE-3200,CH-A,C1,Center,0.0,0.0,102.1,93.0,94.55,1023.1,False,True,False,True,0,0.0,
176,Rev8,8,W007,AE-3200,CH-A,MID-01,Mid,0.52,30.0,100.57,96.3,89.97,1127.3,True,True,True,False,0,0.0,
177,Rev8,8,W007,AE-3200,CH-A,MID-02,Mid,0.52,90.0,96.48,92.31,97.65,978.1,True,True,False,True,0,0.0,
178,Rev8,8,W007,AE-3200,CH-A,MID-03,Mid,0.52,150.0,101.64,89.49,91.9,998.2,False,True,True,True,0,0.0,
179,Rev8,8,W007,AE-3200,CH-A,MID-04,Mid,0.52,210.0,102.07,88.33,90.79,1026.6,False,True,True,True,0,0.0,
180,Rev8,8,W007,AE-3200,CH-A,MID-05,Mid,0.52,270.0,104.09,88.76,88.96,1046.5,False,True,True,True,0,0.0,
181,Rev8,8,W007,AE-3200,CH-A,MID-06,Mid,0.52,330.0,104.99,91.33,92.02,968.2,False,True,True,True,0,0.0,
182,Rev8,8,W007,AE-3200,CH-A,EDG-01,Edge,0.84,0.0,101.63,92.53,92.97,989.5,False,True,True,True,2,8.36,polymer_residue
183,Rev8,8,W007,AE-3200,CH-A,EDG-02,Edge,0.84,32.7,101.95,97.58,95.35,1095.3,False,True,False,False,1,5.2,
184,Rev8,8,W007,AE-3200,CH-A,EDG-03,Edge,0.84,65.5,99.86,92.32,90.6,1031.1,True,True,True,True,0,0.0,
185,Rev8,8,W007,AE-3200,CH-A,EDG-04,Edge,0.84,98.2,102.19,93.35,90.49,1106.5,False,True,True,False,0,0.0,
186,Rev8,8,W007,AE-3200,CH-A,EDG-05,Edge,0.84,130.9,104.7,96.29,90.64,1026.1,False,True,True,True,0,0.0,
187,Rev8,8,W007,AE-3200,CH-A,EDG-06,Edge,0.84,163.6,104.47,91.76,84.18,1063.1,False,True,True,True,0,0.0,
188,Rev8,8,W007,AE-3200,CH-A,EDG-07,Edge,0.84,196.4,101.8,98.99,91.4,1095.5,False,False,True,False,1,4.5,
189,Rev8,8,W007,AE-3200,CH-A,EDG-08,Edge,0.84,229.1,101.69,91.24,96.93,1051.1,False,True,False,True,0,0.0,
190,Rev8,8,W007,AE-3200,CH-A,EDG-09,Edge,0.84,261.8,98.11,92.59,92.83,970.1,True,True,True,True,1,2.38,polymer_residue
191,Rev8,8,W007,AE-3200,CH-A,EDG-10,Edge,0.84,294.5,101.32,95.05,96.15,1062.1,False,True,False,True,0,0.0,
192,Rev8,8,W007,AE-3200,CH-A,EDG-11,Edge,0.84,327.3,102.96,97.81,90.58,1081.8,False,False,True,True,0,0.0,
193,Rev8,8,W007,AE-3200,CH-A,EXT-01,Extreme Edge,0.96,16.4,100.58,97.94,85.05,1013.8,True,False,True,True,0,0.0,
194,Rev8,8,W007,AE-3200,CH-A,EXT-02,Extreme Edge,0.96,49.1,101.42,96.03,100.27,1020.0,False,True,False,True,1,4.31,
195,Rev8,8,W007,AE-3200,CH-A,EXT-03,Extreme Edge,0.96,81.8,104.41,91.73,83.78,1006.6,False,True,True,True,0,0.0,
196,Rev8,8,W007,AE-3200,CH-A,EXT-04,Extreme Edge,0.96,114.5,102.18,99.84,93.27,1144.4,False,False,True,False,0,0.0,
197,Rev8,8,W007,AE-3200,CH-A,EXT-05,Extreme Edge,0.96,147.3,104.17,96.36,91.23,1029.9,False,True,True,True,1,5.83,esc_temp_drift
198,Rev8,8,W007,AE-3200,CH-A,EXT-06,Extreme Edge,0.96,180.0,101.43,90.57,101.65,1109.9,False,True,False,False,0,0.0,
199,Rev8,8,W007,AE-3200,CH-A,EXT-07,Extreme Edge,0.96,212.7,101.03,96.3,94.08,1077.0,False,True,True,True,0,0.0,
200,Rev8,8,W007,AE-3200,CH-A,EXT-08,Extreme Edge,0.96,245.5,98.35,95.86,97.05,1043.3,True,True,False,True,1,5.59,
201,Rev8,8,W007,AE-3200,CH-A,EXT-09,Extreme Edge,0.96,278.2,103.08,91.37,97.21,1146.6,False,True,False,False,2,12.07,polymer_residue
202,Rev8,8,W007,AE-3200,CH-A,EXT-10,Extreme Edge,0.96,310.9,103.21,91.19,88.56,1070.0,False,True,True,True,0,0.0,
203,Rev8,8,W007,AE-3200,CH-A,EXT-11,Extreme Edge,0.96,343.6,103.58,95.39,99.67,1055.0,False,True,False,True,1,2.63,polymer_residue
204,Rev7,7,W008,PX-7500,CH-D,C1,Center,0.0,0.0,98.61,94.31,75.58,1068.1,True,True,False,True,0,0.0,
205,Rev7,7,W008,PX-7500,CH-D,MID-01,Mid,0.52,30.0,98.62,96.24,81.25,975.7,True,True,True,True,0,0.0,
206,Rev7,7,W008,PX-7500,CH-D,MID-02,Mid,0.52,90.0,97.36,94.03,84.65,1027.7,True,True,True,True,0,0.0,
207,Rev7,7,W008,PX-7500,CH-D,MID-03,Mid,0.52,150.0,94.33,90.49,71.67,1021.8,True,True,False,True,1,2.25,
208,Rev7,7,W008,PX-7500,CH-D,MID-04,Mid,0.52,210.0,95.39,90.75,78.04,1090.5,True,True,True,False,0,0.0,
209,Rev7,7,W008,PX-7500,CH-D,MID-05,Mid,0.52,270.0,97.26,88.99,85.81,1126.4,True,True,True,False,0,0.0,
210,Rev7,7,W008,PX-7500,CH-D,MID-06,Mid,0.52,330.0,96.26,95.38,84.43,1032.9,True,True,True,True,0,0.0,
211,Rev7,7,W008,PX-7500,CH-D,EDG-01,Edge,0.84,0.0,98.02,91.7,88.63,1028.1,True,True,True,True,1,1.88,
212,Rev7,7,W008,PX-7500,CH-D,EDG-02,Edge,0.84,32.7,99.36,96.37,85.22,1046.8,True,True,True,True,0,0.0,
213,Rev7,7,W008,PX-7500,CH-D,EDG-03,Edge,0.84,65.5,98.46,96.53,82.42,1079.6,True,True,True,True,0,0.0,
214,Rev7,7,W008,PX-7500,CH-D,EDG-04,Edge,0.84,98.2,99.42,93.66,77.72,1165.8,True,True,False,False,2,4.77,
215,Rev7,7,W008,PX-7500,CH-D,EDG-05,Edge,0.84,130.9,102.12,94.65,83.46,1045.4,False,True,True,True,0,0.0,
216,Rev7,7,W008,PX-7500,CH-D,EDG-06,Edge,0.84,163.6,101.38,97.21,88.93,1020.2,False,True,True,True,0,0.0,
217,Rev7,7,W008,PX-7500,CH-D,EDG-07,Edge,0.84,196.4,100.67,94.39,83.18,1097.3,True,True,True,False,1,4.7,polymer_residue
218,Rev7,7,W008,PX-7500,CH-D,EDG-08,Edge,0.84,229.1,96.77,94.38,85.63,989.8,True,True,True,True,0,0.0,
219,Rev7,7,W008,PX-7500,CH-D,EDG-09,Edge,0.84,261.8,98.71,95.39,88.89,972.0,True,True,True,True,1,2.59,pressure_spike
220,Rev7,7,W008,PX-7500,CH-D,EDG-10,Edge,0.84,294.5,97.22,94.77,93.18,1069.8,True,True,True,True,3,9.48,esc_temp_drift
221,Rev7,7,W008,PX-7500,CH-D,EDG-11,Edge,0.84,327.3,101.69,92.75,85.93,1101.2,False,True,True,False,2,11.68,polymer_residue
222,Rev7,7,W008,PX-7500,CH-D,EXT-01,Extreme Edge,0.96,16.4,99.96,95.23,87.98,1027.3,True,True,True,True,1,3.35,
223,Rev7,7,W008,PX-7500,CH-D,EXT-02,Extreme Edge,0.96,49.1,101.25,93.95,85.11,1026.2,False,True,True,True,1,5.11,polymer_residue
224,Rev7,7,W008,PX-7500,CH-D,EXT-03,Extreme Edge,0.96,81.8,99.33,97.42,85.58,1065.7,True,True,True,True,0,0.0,
225,Rev7,7,W008,PX-7500,CH-D,EXT-04,Extreme Edge,0.96,114.5,101.84,96.97,77.03,1089.2,False,True,False,True,2,6.7,
226,Rev7,7,W008,PX-7500,CH-D,EXT-05,Extreme Edge,0.96,147.3,102.91,95.84,86.02,1033.1,False,True,True,True,2,12.97,
227,Rev7,7,W008,PX-7500,CH-D,EXT-06,Extreme Edge,0.96,180.0,100.03,102.37,87.03,1137.8,True,False,True,False,1,4.78,polymer_residue
228,Rev7,7,W008,PX-7500,CH-D,EXT-07,Extreme Edge,0.96,212.7,96.81,98.86,88.84,1133.7,True,False,True,False,0,0.0,
229,Rev7,7,W008,PX-7500,CH-D,EXT-08,Extreme Edge,0.96,245.5,96.5,93.4,85.42,1102.5,True,True,True,False,0,0.0,
230,Rev7,7,W008,PX-7500,CH-D,EXT-09,Extreme Edge,0.96,278.2,98.06,94.97,84.34,1008.4,True,True,True,True,0,0.0,
231,Rev7,7,W008,PX-7500,CH-D,EXT-10,Extreme Edge,0.96,310.9,98.46,97.98,85.21,1141.1,True,False,True,False,1,4.5,endpoint_late
232,Rev7,7,W008,PX-7500,CH-D,EXT-11,Extreme Edge,0.96,343.6,95.7,96.21,87.31,966.6,True,True,True,True,0,0.0,
233,Rev6,6,W009,PX-7500,CH-C,C1,Center,0.0,0.0,92.42,95.96,88.54,987.7,True,True,True,True,1,2.23,
234,Rev6,6,W009,PX-7500,CH-C,MID-01,Mid,0.52,30.0,97.69,97.81,83.23,956.2,True,False,True,True,1,5.09,
235,Rev6,6,W009,PX-7500,CH-C,MID-02,Mid,0.52,90.0,98.17,94.71,82.53,993.7,True,True,True,True,0,0.0,
236,Rev6,6,W009,PX-7500,CH-C,MID-03,Mid,0.52,150.0,96.52,94.12,77.08,991.1,True,True,False,True,1,6.35,
237,Rev6,6,W009,PX-7500,CH-C,MID-04,Mid,0.52,210.0,99.77,96.28,87.4,989.1,True,True,True,True,0,0.0,
238,Rev6,6,W009,PX-7500,CH-C,MID-05,Mid,0.52,270.0,97.8,95.24,81.04,1001.5,True,True,True,True,0,0.0,
239,Rev6,6,W009,PX-7500,CH-C,MID-06,Mid,0.52,330.0,98.4,100.12,82.85,982.0,True,False,True,True,0,0.0,
240,Rev6,6,W009,PX-7500,CH-C,EDG-01,Edge,0.84,0.0,97.71,100.32,88.39,1064.6,True,False,True,True,3,17.36,
241,Rev6,6,W009,PX-7500,CH-C,EDG-02,Edge,0.84,32.7,98.24,95.03,97.64,931.5,True,True,False,True,0,0.0,
242,Rev6,6,W009,PX-7500,CH-C,EDG-03,Edge,0.84,65.5,95.64,98.97,88.49,1056.6,True,False,True,True,1,4.05,polymer_residue
243,Rev6,6,W009,PX-7500,CH-C,EDG-04,Edge,0.84,98.2,96.52,100.19,87.73,1121.8,True,False,True,False,1,5.15,polymer_residue
244,Rev6,6,W009,PX-7500,CH-C,EDG-05,Edge,0.84,130.9,100.86,102.54,89.34,1023.0,False,False,True,True,1,5.59,polymer_residue
245,Rev6,6,W009,PX-7500,CH-C,EDG-06,Edge,0.84,163.6,98.55,99.73,86.16,1051.4,True,False,True,True,0,0.0,
246,Rev6,6,W009,PX-7500,CH-C,EDG-07,Edge,0.84,196.4,98.43,98.37,87.45,990.6,True,False,True,True,1,1.9,polymer_residue
247,Rev6,6,W009,PX-7500,CH-C,EDG-08,Edge,0.84,229.1,97.16,100.69,93.33,988.0,True,False,True,True,0,0.0,
248,Rev6,6,W009,PX-7500,CH-C,EDG-09,Edge,0.84,261.8,96.24,95.71,89.51,998.7,True,True,True,True,0,0.0,
249,Rev6,6,W009,PX-7500,CH-C,EDG-10,Edge,0.84,294.5,99.21,98.08,89.09,940.0,True,False,True,True,1,2.65,
250,Rev6,6,W009,PX-7500,CH-C,EDG-11,Edge,0.84,327.3,97.21,96.23,86.01,993.5,True,True,True,True,0,0.0,
251,Rev6,6,W009,PX-7500,CH-C,EXT-01,Extreme Edge,0.96,16.4,98.79,102.92,79.25,977.4,True,False,True,True,1,5.44,endpoint_late
252,Rev6,6,W009,PX-7500,CH-C,EXT-02,Extreme Edge,0.96,49.1,97.68,96.16,93.43,1002.8,True,True,True,True,0,0.0,
253,Rev6,6,W009,PX-7500,CH-C,EXT-03,Extreme Edge,0.96,81.8,94.69,99.36,86.71,939.2,True,False,True,True,0,0.0,
254,Rev6,6,W009,PX-7500,CH-C,EXT-04,Extreme Edge,0.96,114.5,95.64,94.99,85.98,1068.1,True,True,True,True,0,0.0,
255,Rev6,6,W009,PX-7500,CH-C,EXT-05,Extreme Edge,0.96,147.3,98.17,98.63,85.06,1036.3,True,False,True,True,1,2.37,
256,Rev6,6,W009,PX-7500,CH-C,EXT-06,Extreme Edge,0.96,180.0,97.7,95.24,81.2,1077.4,True,True,True,True,0,0.0,
257,Rev6,6,W009,PX-7500,CH-C,EXT-07,Extreme Edge,0.96,212.7,100.83,97.11,87.47,1084.9,False,True,True,True,0,0.0,
258,Rev6,6,W009,PX-7500,CH-C,EXT-08,Extreme Edge,0.96,245.5,96.73,100.02,88.97,1001.2,True,False,True,True,0,0.0,
259,Rev6,6,W009,PX-7500,CH-C,EXT-09,Extreme Edge,0.96,278.2,98.92,102.61,87.81,1055.0,True,False,True,True,3,16.57,endpoint_late
260,Rev6,6,W009,PX-7500,CH-C,EXT-10,Extreme Edge,0.96,310.9,98.85,99.55,85.05,990.3,True,False,True,True,6,31.87,
261,Rev6,6,W009,PX-7500,CH-C,EXT-11,Extreme Edge,0.96,343.6,98.06,100.68,87.5,1017.1,True,False,True,True,0,0.0,
262,Rev7,7,W010,PX-7500,CH-D,C1,Center,0.0,0.0,98.53,92.11,80.48,893.7,True,True,True,True,0,0.0,
263,Rev7,7,W010,PX-7500,CH-D,MID-01,Mid,0.52,30.0,98.23,94.69,89.48,943.2,True,True,True,True,0,0.0,
264,Rev7,7,W010,PX-7500,CH-D,MID-02,Mid,0.52,90.0,96.41,95.89,82.93,1024.3,True,True,True,True,0,0.0,
265,Rev7,7,W010,PX-7500,CH-D,MID-03,Mid,0.52,150.0,96.05,98.23,87.85,971.3,True,False,True,True,0,0.0,
266,Rev7,7,W010,PX-7500,CH-D,MID-04,Mid,0.52,210.0,96.27,98.23,83.31,1013.6,True,False,True,True,0,0.0,
267,Rev7,7,W010,PX-7500,CH-D,MID-05,Mid,0.52,270.0,99.8,92.06,84.63,1041.0,True,True,True,True,0,0.0,
268,Rev7,7,W010,PX-7500,CH-D,MID-06,Mid,0.52,330.0,99.07,96.79,89.82,1018.2,True,True,True,True,0,0.0,
269,Rev7,7,W010,PX-7500,CH-D,EDG-01,Edge,0.84,0.0,98.55,98.27,87.02,995.0,True,False,True,True,2,6.88,polymer_residue
270,Rev7,7,W010,PX-7500,CH-D,EDG-02,Edge,0.84,32.7,99.8,98.82,88.85,1055.8,True,False,True,True,1,2.12,
271,Rev7,7,W010,PX-7500,CH-D,EDG-03,Edge,0.84,65.5,98.86,93.83,90.7,1060.4,True,True,True,True,0,0.0,
272,Rev7,7,W010,PX-7500,CH-D,EDG-04,Edge,0.84,98.2,101.21,96.55,81.56,1034.1,False,True,True,True,0,0.0,
273,Rev7,7,W010,PX-7500,CH-D,EDG-05,Edge,0.84,130.9,99.78,98.43,86.24,1078.3,True,False,True,True,0,0.0,
274,Rev7,7,W010,PX-7500,CH-D,EDG-06,Edge,0.84,163.6,101.92,100.03,97.73,1034.3,False,False,False,True,1,2.03,
275,Rev7,7,W010,PX-7500,CH-D,EDG-07,Edge,0.84,196.4,98.31,100.02,89.41,997.3,True,False,True,True,0,0.0,
276,Rev7,7,W010,PX-7500,CH-D,EDG-08,Edge,0.84,229.1,93.37,94.99,84.55,1016.9,True,True,True,True,0,0.0,
277,Rev7,7,W010,PX-7500,CH-D,EDG-09,Edge,0.84,261.8,98.35,96.52,79.3,869.2,True,True,True,False,0,0.0,
278,Rev7,7,W010,PX-7500,CH-D,EDG-10,Edge,0.84,294.5,96.25,95.78,92.83,1040.4,True,True,True,True,0,0.0,
279,Rev7,7,W010,PX-7500,CH-D,EDG-11,Edge,0.84,327.3,97.48,96.72,90.68,1121.5,True,True,True,False,1,6.12,polymer_residue
280,Rev7,7,W010,PX-7500,CH-D,EXT-01,Extreme Edge,0.96,16.4,100.68,98.29,86.8,978.9,True,False,True,True,0,0.0,
281,Rev7,7,W010,PX-7500,CH-D,EXT-02,Extreme Edge,0.96,49.1,99.12,96.44,84.48,1098.0,True,True,True,False,1,1.94,
282,Rev7,7,W010,PX-7500,CH-D,EXT-03,Extreme Edge,0.96,81.8,98.26,95.32,91.16,1089.3,True,True,True,True,0,0.0,
283,Rev7,7,W010,PX-7500,CH-D,EXT-04,Extreme Edge,0.96,114.5,101.23,99.69,80.21,1038.3,False,False,True,True,0,0.0,
284,Rev7,7,W010,PX-7500,CH-D,EXT-05,Extreme Edge,0.96,147.3,99.2,93.93,90.72,962.8,True,True,True,True,2,5.22,
285,Rev7,7,W010,PX-7500,CH-D,EXT-06,Extreme Edge,0.96,180.0,99.71,97.18,88.92,1022.7,True,True,True,True,0,0.0,
286,Rev7,7,W010,PX-7500,CH-D,EXT-07,Extreme Edge,0.96,212.7,101.32,96.43,89.66,960.9,False,True,True,True,1,5.11,
287,Rev7,7,W010,PX-7500,CH-D,EXT-08,Extreme Edge,0.96,245.5,97.96,96.48,92.7,1105.2,True,True,True,False,0,0.0,
288,Rev7,7,W010,PX-7500,CH-D,EXT-09,Extreme Edge,0.96,278.2,102.98,99.48,89.09,1102.2,False,False,True,False,0,0.0,
289,Rev7,7,W010,PX-7500,CH-D,EXT-10,Extreme Edge,0.96,310.9,102.62,97.59,90.08,1049.6,False,True,True,True,1,3.13,
290,Rev7,7,W010,PX-7500,CH-D,EXT-11,Extreme Edge,0.96,343.6,101.32,97.7,93.86,985.5,False,False,True,True,1,5.7,polymer_residue
291,Rev5,5,W011,AE-3200,CH-B,C1,Center,0.0,0.0,98.11,93.39,81.87,979.6,True,True,True,True,0,0.0,
292,Rev5,5,W011,AE-3200,CH-B,MID-01,Mid,0.52,30.0,99.6,92.56,90.6,1007.8,True,True,True,True,1,1.87,polymer_residue
293,Rev5,5,W011,AE-3200,CH-B,MID-02,Mid,0.52,90.0,97.86,97.04,85.73,920.1,True,True,True,True,0,0.0,
294,Rev5,5,W011,AE-3200,CH-B,MID-03,Mid,0.52,150.0,101.08,94.14,86.79,875.8,False,True,True,False,0,0.0,
295,Rev5,5,W011,AE-3200,CH-B,MID-04,Mid,0.52,210.0,100.64,93.77,82.5,888.7,True,True,True,True,0,0.0,
296,Rev5,5,W011,AE-3200,CH-B,MID-05,Mid,0.52,270.0,98.31,94.53,82.88,948.8,True,True,True,True,0,0.0,
297,Rev5,5,W011,AE-3200,CH-B,MID-06,Mid,0.52,330.0,98.51,91.11,86.33,989.5,True,True,True,True,1,1.95,polymer_residue
298,Rev5,5,W011,AE-3200,CH-B,EDG-01,Edge,0.84,0.0,101.53,88.98,89.58,994.8,False,True,True,True,1,4.83,esc_temp_drift
299,Rev5,5,W011,AE-3200,CH-B,EDG-02,Edge,0.84,32.7,101.32,95.55,90.23,1062.8,False,True,True,True,1,1.98,
300,Rev5,5,W011,AE-3200,CH-B,EDG-03,Edge,0.84,65.5,104.06,91.0,90.7,879.9,False,True,True,False,0,0.0,
301,Rev5,5,W011,AE-3200,CH-B,EDG-04,Edge,0.84,98.2,101.46,95.39,89.36,976.6,False,True,True,True,0,0.0,
302,Rev5,5,W011,AE-3200,CH-B,EDG-05,Edge,0.84,130.9,102.69,90.99,87.99,908.5,False,True,True,True,1,4.26,
303,Rev5,5,W011,AE-3200,CH-B,EDG-06,Edge,0.84,163.6,100.11,93.89,76.94,1009.9,True,True,False,True,1,5.09,polymer_residue
304,Rev5,5,W011,AE-3200,CH-B,EDG-07,Edge,0.84,196.4,101.24,91.8,83.15,1050.1,False,True,True,True,0,0.0,
305,Rev5,5,W011,AE-3200,CH-B,EDG-08,Edge,0.84,229.1,100.76,96.46,89.18,975.0,True,True,True,True,0,0.0,
306,Rev5,5,W011,AE-3200,CH-B,EDG-09,Edge,0.84,261.8,100.89,95.18,93.52,1041.1,False,True,True,True,1,2.01,arc_event
307,Rev5,5,W011,AE-3200,CH-B,EDG-10,Edge,0.84,294.5,98.72,96.09,87.4,1034.9,True,True,True,True,1,5.28,
308,Rev5,5,W011,AE-3200,CH-B,EDG-11,Edge,0.84,327.3,102.58,94.37,89.65,1019.5,False,True,True,True,0,0.0,
309,Rev5,5,W011,AE-3200,CH-B,EXT-01,Extreme Edge,0.96,16.4,102.89,92.43,81.02,979.5,False,True,True,True,2,8.89,
310,Rev5,5,W011,AE-3200,CH-B,EXT-02,Extreme Edge,0.96,49.1,102.56,96.47,85.74,1006.7,False,True,True,True,2,6.55,arc_event
311,Rev5,5,W011,AE-3200,CH-B,EXT-03,Extreme Edge,0.96,81.8,102.7,95.57,89.28,978.1,False,True,True,True,2,4.97,
312,Rev5,5,W011,AE-3200,CH-B,EXT-04,Extreme Edge,0.96,114.5,100.0,95.71,96.77,1058.5,True,True,False,True,2,10.31,
313,Rev5,5,W011,AE-3200,CH-B,EXT-05,Extreme Edge,0.96,147.3,101.91,98.75,91.83,963.4,False,False,True,True,1,2.15,endpoint_late
314,Rev5,5,W011,AE-3200,CH-B,EXT-06,Extreme Edge,0.96,180.0,101.07,95.02,90.62,1098.1,False,True,True,False,0,0.0,
315,Rev5,5,W011,AE-3200,CH-B,EXT-07,Extreme Edge,0.96,212.7,98.95,94.2,93.97,961.1,True,True,True,True,1,6.41,
316,Rev5,5,W011,AE-3200,CH-B,EXT-08,Extreme Edge,0.96,245.5,105.31,94.05,87.93,957.3,False,True,True,True,0,0.0,
317,Rev5,5,W011,AE-3200,CH-B,EXT-09,Extreme Edge,0.96,278.2,102.14,99.41,88.09,961.5,False,False,True,True,2,7.79,
318,Rev5,5,W011,AE-3200,CH-B,EXT-10,Extreme Edge,0.96,310.9,102.96,93.44,90.97,911.7,False,True,True,True,0,0.0,
319,Rev5,5,W011,AE-3200,CH-B,EXT-11,Extreme Edge,0.96,343.6,100.2,97.04,84.97,974.2,True,True,True,True,0,0.0,
320,Rev10,10,W012,PX-7500,CH-C,C1,Center,0.0,0.0,97.23,90.62,97.41,955.3,True,True,False,True,1,5.62,polymer_residue
321,Rev10,10,W012,PX-7500,CH-C,MID-01,Mid,0.52,30.0,97.02,93.89,100.67,934.2,True,True,False,True,1,5.63,polymer_residue
322,Rev10,10,W012,PX-7500,CH-C,MID-02,Mid,0.52,90.0,94.76,91.11,98.4,983.5,True,True,False,True,1,6.21,esc_temp_drift
323,Rev10,10,W012,PX-7500,CH-C,MID-03,Mid,0.52,150.0,95.86,88.66,97.52,979.4,True,True,False,True,0,0.0,
324,Rev10,10,W012,PX-7500,CH-C,MID-04,Mid,0.52,210.0,96.12,89.96,90.75,1070.2,True,True,True,True,0,0.0,
325,Rev10,10,W012,PX-7500,CH-C,MID-05,Mid,0.52,270.0,97.72,90.61,103.23,1106.1,True,True,False,False,0,0.0,
326,Rev10,10,W012,PX-7500,CH-C,MID-06,Mid,0.52,330.0,97.17,88.94,98.14,1080.3,True,True,False,True,0,0.0,
327,Rev10,10,W012,PX-7500,CH-C,EDG-01,Edge,0.84,0.0,99.33,89.58,99.64,945.1,True,True,False,True,2,6.92,
328,Rev10,10,W012,PX-7500,CH-C,EDG-02,Edge,0.84,32.7,103.93,91.75,98.07,1013.0,False,True,False,True,1,4.3,endpoint_late
329,Rev10,10,W012,PX-7500,CH-C,EDG-03,Edge,0.84,65.5,99.77,93.17,108.15,1057.4,True,True,False,True,2,11.87,polymer_residue
330,Rev10,10,W012,PX-7500,CH-C,EDG-04,Edge,0.84,98.2,101.71,90.33,98.56,1121.6,False,True,False,False,0,0.0,
331,Rev10,10,W012,PX-7500,CH-C,EDG-05,Edge,0.84,130.9,97.44,92.46,101.93,1071.9,True,True,False,True,0,0.0,
332,Rev10,10,W012,PX-7500,CH-C,EDG-06,Edge,0.84,163.6,99.12,88.73,104.19,1050.8,True,True,False,True,0,0.0,
333,Rev10,10,W012,PX-7500,CH-C,EDG-07,Edge,0.84,196.4,101.01,90.2,92.58,1104.4,False,True,True,False,0,0.0,
334,Rev10,10,W012,PX-7500,CH-C,EDG-08,Edge,0.84,229.1,98.41,90.59,96.09,1090.4,True,True,False,False,0,0.0,
335,Rev10,10,W012,PX-7500,CH-C,EDG-09,Edge,0.84,261.8,98.51,92.35,101.84,1023.7,True,True,False,True,0,0.0,
336,Rev10,10,W012,PX-7500,CH-C,EDG-10,Edge,0.84,294.5,102.75,96.55,98.04,1050.6,False,True,False,True,0,0.0,
337,Rev10,10,W012,PX-7500,CH-C,EDG-11,Edge,0.84,327.3,101.68,92.84,103.95,1096.8,False,True,False,False,2,11.8,polymer_residue
338,Rev10,10,W012,PX-7500,CH-C,EXT-01,Extreme Edge,0.96,16.4,101.3,91.67,89.58,1000.3,False,True,True,True,1,1.97,
339,Rev10,10,W012,PX-7500,CH-C,EXT-02,Extreme Edge,0.96,49.1,97.73,92.26,100.79,1009.2,True,True,False,True,0,0.0,
340,Rev10,10,W012,PX-7500,CH-C,EXT-03,Extreme Edge,0.96,81.8,99.26,91.13,107.57,1103.6,True,True,False,False,1,3.62,
341,Rev10,10,W012,PX-7500,CH-C,EXT-04,Extreme Edge,0.96,114.5,100.03,93.41,95.62,1080.9,True,True,False,True,0,0.0,
342,Rev10,10,W012,PX-7500,CH-C,EXT-05,Extreme Edge,0.96,147.3,97.64,89.99,100.76,1025.5,True,True,False,True,0,0.0,
343,Rev10,10,W012,PX-7500,CH-C,EXT-06,Extreme Edge,0.96,180.0,103.87,96.76,100.09,994.9,False,True,False,True,0,0.0,
344,Rev10,10,W012,PX-7500,CH-C,EXT-07,Extreme Edge,0.96,212.7,98.32,89.52,101.75,1033.5,True,True,False,True,0,0.0,
345,Rev10,10,W012,PX-7500,CH-C,EXT-08,Extreme Edge,0.96,245.5,99.2,93.17,108.49,1066.4,True,True,False,True,0,0.0,
346,Rev10,10,W012,PX-7500,CH-C,EXT-09,Extreme Edge,0.96,278.2,101.54,96.01,103.49,1073.2,False,True,False,True,1,6.09,
347,Rev10,10,W012,PX-7500,CH-C,EXT-10,Extreme Edge,0.96,310.9,99.62,92.98,104.84,1055.4,True,True,False,True,0,0.0,
348,Rev10,10,W012,PX-7500,CH-C,EXT-11,Extreme Edge,0.96,343.6,100.92,89.99,94.24,1131.9,False,True,True,False,1,1.85,endpoint_late
349,Rev4,4,W013,AE-3200,CH-A,C1,Center,0.0,0.0,91.44,94.04,89.8,899.8,False,True,True,True,0,0.0,
350,Rev4,4,W013,AE-3200,CH-A,MID-01,Mid,0.52,30.0,93.53,94.16,86.65,968.3,True,True,True,True,0,0.0,
351,Rev4,4,W013,AE-3200,CH-A,MID-02,Mid,0.52,90.0,98.75,95.89,94.58,1015.1,True,True,False,True,2,6.06,
352,Rev4,4,W013,AE-3200,CH-A,MID-03,Mid,0.52,150.0,100.12,95.98,87.81,1051.8,True,True,True,True,0,0.0,
353,Rev4,4,W013,AE-3200,CH-A,MID-04,Mid,0.52,210.0,99.35,95.13,91.19,964.5,True,True,True,True,0,0.0,
354,Rev4,4,W013,AE-3200,CH-A,MID-05,Mid,0.52,270.0,97.55,97.41,84.74,864.0,True,True,True,False,1,3.96,polymer_residue
355,Rev4,4,W013,AE-3200,CH-A,MID-06,Mid,0.52,330.0,97.52,99.34,87.38,860.0,True,False,True,False,0,0.0,
356,Rev4,4,W013,AE-3200,CH-A,EDG-01,Edge,0.84,0.0,98.59,97.91,86.21,981.9,True,False,True,True,2,6.44,endpoint_late
357,Rev4,4,W013,AE-3200,CH-A,EDG-02,Edge,0.84,32.7,97.44,100.28,89.73,963.4,True,False,True,True,1,2.8,
358,Rev4,4,W013,AE-3200,CH-A,EDG-03,Edge,0.84,65.5,99.4,97.86,92.54,894.2,True,False,True,True,0,0.0,
359,Rev4,4,W013,AE-3200,CH-A,EDG-04,Edge,0.84,98.2,99.78,101.37,92.07,1062.2,True,False,True,True,1,3.12,arc_event
360,Rev4,4,W013,AE-3200,CH-A,EDG-05,Edge,0.84,130.9,99.74,97.79,96.93,836.8,True,False,False,False,1,2.41,arc_event
361,Rev4,4,W013,AE-3200,CH-A,EDG-06,Edge,0.84,163.6,99.37,93.64,91.36,913.5,True,True,True,True,1,5.48,
362,Rev4,4,W013,AE-3200,CH-A,EDG-07,Edge,0.84,196.4,99.18,95.57,83.1,956.7,True,True,True,True,1,2.7,arc_event
363,Rev4,4,W013,AE-3200,CH-A,EDG-08,Edge,0.84,229.1,100.32,94.61,89.32,988.5,True,True,True,True,1,1.96,
364,Rev4,4,W013,AE-3200,CH-A,EDG-09,Edge,0.84,261.8,98.03,96.89,89.23,1002.0,True,True,True,True,0,0.0,
365,Rev4,4,W013,AE-3200,CH-A,EDG-10,Edge,0.84,294.5,99.19,99.86,93.69,942.4,True,False,True,True,1,4.73,
366,Rev4,4,W013,AE-3200,CH-A,EDG-11,Edge,0.84,327.3,99.38,101.09,91.05,1003.9,True,False,True,True,0,0.0,
367,Rev4,4,W013,AE-3200,CH-A,EXT-01,Extreme Edge,0.96,16.4,98.84,99.48,95.46,1030.2,True,False,False,True,0,0.0,
368,Rev4,4,W013,AE-3200,CH-A,EXT-02,Extreme Edge,0.96,49.1,101.6,94.79,91.02,892.4,False,True,True,True,0,0.0,
369,Rev4,4,W013,AE-3200,CH-A,EXT-03,Extreme Edge,0.96,81.8,100.22,99.04,96.73,1010.8,True,False,False,True,2,6.74,
370,Rev4,4,W013,AE-3200,CH-A,EXT-04,Extreme Edge,0.96,114.5,100.21,95.56,89.6,1076.5,True,True,True,True,0,0.0,
371,Rev4,4,W013,AE-3200,CH-A,EXT-05,Extreme Edge,0.96,147.3,98.67,93.03,84.9,995.8,True,True,True,True,0,0.0,
372,Rev4,4,W013,AE-3200,CH-A,EXT-06,Extreme Edge,0.96,180.0,100.51,101.28,90.22,1000.4,True,False,True,True,2,8.55,
373,Rev4,4,W013,AE-3200,CH-A,EXT-07,Extreme Edge,0.96,212.7,99.53,96.78,95.04,1026.4,True,True,False,True,0,0.0,
374,Rev4,4,W013,AE-3200,CH-A,EXT-08,Extreme Edge,0.96,245.5,98.97,96.15,89.5,936.0,True,True,True,True,0,0.0,
375,Rev4,4,W013,AE-3200,CH-A,EXT-09,Extreme Edge,0.96,278.2,99.05,98.27,87.79,985.6,True,False,True,True,0,0.0,
376,Rev4,4,W013,AE-3200,CH-A,EXT-10,Extreme Edge,0.96,310.9,99.49,97.12,94.32,975.1,True,True,True,True,1,6.38,polymer_residue
377,Rev4,4,W013,AE-3200,CH-A,EXT-11,Extreme Edge,0.96,343.6,103.42,95.69,98.97,956.0,False,True,False,True,1,2.54,
378,Rev1,1,W014,AE-3200,CH-B,C1,Center,0.0,0.0,92.5,97.55,77.48,889.4,True,True,False,True,0,0.0,
379,Rev1,1,W014,AE-3200,CH-B,MID-01,Mid,0.52,30.0,92.38,100.56,82.51,884.3,True,False,True,True,0,0.0,
380,Rev1,1,W014,AE-3200,CH-B,MID-02,Mid,0.52,90.0,94.63,94.78,83.33,837.9,True,True,True,False,0,0.0,
381,Rev1,1,W014,AE-3200,CH-B,MID-03,Mid,0.52,150.0,94.1,99.68,87.72,970.8,True,False,True,True,0,0.0,
382,Rev1,1,W014,AE-3200,CH-B,MID-04,Mid,0.52,210.0,95.23,97.57,88.16,939.7,True,True,True,True,0,0.0,
383,Rev1,1,W014,AE-3200,CH-B,MID-05,Mid,0.52,270.0,90.88,103.76,76.84,890.8,False,False,False,True,1,2.79,endpoint_late
384,Rev1,1,W014,AE-3200,CH-B,MID-06,Mid,0.52,330.0,93.99,97.25,87.94,917.8,True,True,True,True,1,4.2,polymer_residue
385,Rev1,1,W014,AE-3200,CH-B,EDG-01,Edge,0.84,0.0,98.12,97.45,83.11,892.0,True,True,True,True,0,0.0,
386,Rev1,1,W014,AE-3200,CH-B,EDG-02,Edge,0.84,32.7,96.04,99.16,84.01,921.3,True,False,True,True,1,4.63,pressure_spike
387,Rev1,1,W014,AE-3200,CH-B,EDG-03,Edge,0.84,65.5,96.14,106.47,86.32,943.6,True,False,True,True,1,3.37,
388,Rev1,1,W014,AE-3200,CH-B,EDG-04,Edge,0.84,98.2,97.24,100.61,89.14,930.6,True,False,True,True,0,0.0,
389,Rev1,1,W014,AE-3200,CH-B,EDG-05,Edge,0.84,130.9,97.95,100.89,83.27,855.5,True,False,True,False,1,2.42,pressure_spike
390,Rev1,1,W014,AE-3200,CH-B,EDG-06,Edge,0.84,163.6,94.94,96.27,84.2,870.4,True,True,True,False,0,0.0,
391,Rev1,1,W014,AE-3200,CH-B,EDG-07,Edge,0.84,196.4,97.09,101.55,77.9,928.6,True,False,False,True,0,0.0,
392,Rev1,1,W014,AE-3200,CH-B,EDG-08,Edge,0.84,229.1,97.28,103.14,90.43,951.9,True,False,True,True,1,3.08,
393,Rev1,1,W014,AE-3200,CH-B,EDG-09,Edge,0.84,261.8,95.36,99.37,83.73,1012.4,True,False,True,True,0,0.0,
394,Rev1,1,W014,AE-3200,CH-B,EDG-10,Edge,0.84,294.5,95.45,101.33,88.92,926.7,True,False,True,True,1,5.91,arc_event
395,Rev1,1,W014,AE-3200,CH-B,EDG-11,Edge,0.84,327.3,97.16,101.28,76.73,794.1,True,False,False,False,3,7.31,polymer_residue
396,Rev1,1,W014,AE-3200,CH-B,EXT-01,Extreme Edge,0.96,16.4,94.13,98.31,88.79,942.5,True,False,True,True,2,7.09,polymer_residue
397,Rev1,1,W014,AE-3200,CH-B,EXT-02,Extreme Edge,0.96,49.1,96.97,102.27,77.82,958.4,True,False,False,True,0,0.0,
398,Rev1,1,W014,AE-3200,CH-B,EXT-03,Extreme Edge,0.96,81.8,99.92,100.24,79.37,914.5,True,False,True,True,0,0.0,
399,Rev1,1,W014,AE-3200,CH-B,EXT-04,Extreme Edge,0.96,114.5,97.13,100.32,86.04,1021.6,True,False,True,True,1,5.48,
400,Rev1,1,W014,AE-3200,CH-B,EXT-05,Extreme Edge,0.96,147.3,98.61,96.88,87.56,862.8,True,True,True,False,2,11.16,polymer_residue
401,Rev1,1,W014,AE-3200,CH-B,EXT-06,Extreme Edge,0.96,180.0,97.24,99.84,85.32,1002.5,True,False,True,True,2,7.5,
402,Rev1,1,W014,AE-3200,CH-B,EXT-07,Extreme Edge,0.96,212.7,98.38,104.78,88.6,954.1,True,False,True,True,1,1.8,polymer_residue
403,Rev1,1,W014,AE-3200,CH-B,EXT-08,Extreme Edge,0.96,245.5,99.79,100.86,86.35,951.1,True,False,True,True,0,0.0,
404,Rev1,1,W014,AE-3200,CH-B,EXT-09,Extreme Edge,0.96,278.2,99.02,100.26,85.15,906.3,True,False,True,True,0,0.0,
405,Rev1,1,W014,AE-3200,CH-B,EXT-10,Extreme Edge,0.96,310.9,97.15,103.18,90.41,896.7,True,False,True,True,0,0.0,
406,Rev1,1,W014,AE-3200,CH-B,EXT-11,Extreme Edge,0.96,343.6,94.43,99.78,86.74,795.5,True,False,True,False,2,8.71,polymer_residue
407,Rev3,3,W015,PX-7500,CH-D,C1,Center,0.0,0.0,96.36,95.68,89.67,977.6,True,True,True,True,0,0.0,
408,Rev3,3,W015,PX-7500,CH-D,MID-01,Mid,0.52,30.0,99.29,98.91,93.96,877.7,True,False,True,False,0,0.0,
409,Rev3,3,W015,PX-7500,CH-D,MID-02,Mid,0.52,90.0,96.21,96.35,93.64,957.0,True,True,True,True,0,0.0,
410,Rev3,3,W015,PX-7500,CH-D,MID-03,Mid,0.52,150.0,102.0,95.46,95.66,1000.2,False,True,False,True,1,5.01,
411,Rev3,3,W015,PX-7500,CH-D,MID-04,Mid,0.52,210.0,95.77,94.17,87.07,953.9,True,True,True,True,0,0.0,
412,Rev3,3,W015,PX-7500,CH-D,MID-05,Mid,0.52,270.0,96.57,97.78,89.38,1131.7,True,False,True,False,1,3.04,
413,Rev3,3,W015,PX-7500,CH-D,MID-06,Mid,0.52,330.0,97.44,93.92,90.89,968.0,True,True,True,True,0,0.0,
414,Rev3,3,W015,PX-7500,CH-D,EDG-01,Edge,0.84,0.0,97.28,103.67,98.9,971.6,True,False,False,True,1,4.1,
415,Rev3,3,W015,PX-7500,CH-D,EDG-02,Edge,0.84,32.7,98.51,96.38,91.72,1007.0,True,True,True,True,0,0.0,
416,Rev3,3,W015,PX-7500,CH-D,EDG-03,Edge,0.84,65.5,94.13,99.09,92.31,985.5,True,False,True,True,1,5.56,
417,Rev3,3,W015,PX-7500,CH-D,EDG-04,Edge,0.84,98.2,99.11,98.06,89.66,965.2,True,False,True,True,0,0.0,
418,Rev3,3,W015,PX-7500,CH-D,EDG-05,Edge,0.84,130.9,98.76,95.91,91.55,996.9,True,True,True,True,0,0.0,
419,Rev3,3,W015,PX-7500,CH-D,EDG-06,Edge,0.84,163.6,99.52,96.48,83.8,1052.7,True,True,True,True,1,2.86,
420,Rev3,3,W015,PX-7500,CH-D,EDG-07,Edge,0.84,196.4,98.0,101.11,97.0,1092.1,True,False,False,False,0,0.0,
421,Rev3,3,W015,PX-7500,CH-D,EDG-08,Edge,0.84,229.1,98.0,100.48,88.44,929.1,True,False,True,True,0,0.0,
422,Rev3,3,W015,PX-7500,CH-D,EDG-09,Edge,0.84,261.8,97.7,98.08,93.96,1046.3,True,False,True,True,1,3.56,polymer_residue
423,Rev3,3,W015,PX-7500,CH-D,EDG-10,Edge,0.84,294.5,100.33,95.55,89.8,1011.0,True,True,True,True,0,0.0,
424,Rev3,3,W015,PX-7500,CH-D,EDG-11,Edge,0.84,327.3,101.79,102.23,99.28,1006.6,False,False,False,True,0,0.0,
425,Rev3,3,W015,PX-7500,CH-D,EXT-01,Extreme Edge,0.96,16.4,99.47,103.21,97.1,1062.7,True,False,False,True,2,8.25,
426,Rev3,3,W015,PX-7500,CH-D,EXT-02,Extreme Edge,0.96,49.1,101.48,98.14,94.1,1036.0,False,False,True,True,0,0.0,
427,Rev3,3,W015,PX-7500,CH-D,EXT-03,Extreme Edge,0.96,81.8,99.17,99.42,91.97,928.2,True,False,True,True,0,0.0,
428,Rev3,3,W015,PX-7500,CH-D,EXT-04,Extreme Edge,0.96,114.5,99.39,102.47,93.86,1025.5,True,False,True,True,0,0.0,
429,Rev3,3,W015,PX-7500,CH-D,EXT-05,Extreme Edge,0.96,147.3,98.3,101.51,90.8,1019.3,True,False,True,True,1,5.33,
430,Rev3,3,W015,PX-7500,CH-D,EXT-06,Extreme Edge,0.96,180.0,97.66,98.82,91.1,1039.5,True,False,True,True,1,3.91,polymer_residue
431,Rev3,3,W015,PX-7500,CH-D,EXT-07,Extreme Edge,0.96,212.7,98.79,97.09,90.88,1006.4,True,True,True,True,1,3.11,
432,Rev3,3,W015,PX-7500,CH-D,EXT-08,Extreme Edge,0.96,245.5,97.53,97.37,94.87,967.8,True,True,False,True,1,3.24,
433,Rev3,3,W015,PX-7500,CH-D,EXT-09,Extreme Edge,0.96,278.2,99.23,95.9,93.88,993.8,True,True,True,True,0,0.0,
434,Rev3,3,W015,PX-7500,CH-D,EXT-10,Extreme Edge,0.96,310.9,99.75,104.09,97.95,923.0,True,False,False,True,1,4.74,
435,Rev3,3,W015,PX-7500,CH-D,EXT-11,Extreme Edge,0.96,343.6,99.63,97.04,88.55,926.3,True,True,True,True,1,2.59,
436,Rev9,9,W016,AE-3200,CH-B,C1,Center,0.0,0.0,93.38,92.38,85.64,1065.4,True,True,True,True,0,0.0,
437,Rev9,9,W016,AE-3200,CH-B,MID-01,Mid,0.52,30.0,96.07,96.57,93.51,1067.5,True,True,True,True,0,0.0,
438,Rev9,9,W016,AE-3200,CH-B,MID-02,Mid,0.52,90.0,99.8,89.89,89.63,1064.0,True,True,True,True,0,0.0,
439,Rev9,9,W016,AE-3200,CH-B,MID-03,Mid,0.52,150.0,99.14,90.58,91.84,975.3,True,True,True,True,0,0.0,
440,Rev9,9,W016,AE-3200,CH-B,MID-04,Mid,0.52,210.0,103.15,87.87,97.4,1106.9,False,True,False,False,0,0.0,
441,Rev9,9,W016,AE-3200,CH-B,MID-05,Mid,0.52,270.0,99.54,89.83,94.3,1122.1,True,True,True,False,0,0.0,
442,Rev9,9,W016,AE-3200,CH-B,MID-06,Mid,0.52,330.0,96.53,94.34,86.17,1147.4,True,True,True,False,0,0.0,
443,Rev9,9,W016,AE-3200,CH-B,EDG-01,Edge,0.84,0.0,99.13,97.13,92.39,1038.6,True,True,True,True,0,0.0,
444,Rev9,9,W016,AE-3200,CH-B,EDG-02,Edge,0.84,32.7,103.04,93.88,96.93,1165.9,False,True,False,False,1,4.46,
445,Rev9,9,W016,AE-3200,CH-B,EDG-03,Edge,0.84,65.5,99.2,89.1,90.67,980.3,True,True,True,True,0,0.0,
446,Rev9,9,W016,AE-3200,CH-B,EDG-04,Edge,0.84,98.2,97.95,92.13,91.9,1060.1,True,True,True,True,0,0.0,
447,Rev9,9,W016,AE-3200,CH-B,EDG-05,Edge,0.84,130.9,101.06,93.8,94.69,1096.5,False,True,False,False,0,0.0,
448,Rev9,9,W016,AE-3200,CH-B,EDG-06,Edge,0.84,163.6,99.48,93.48,93.4,1028.0,True,True,True,True,0,0.0,
449,Rev9,9,W016,AE-3200,CH-B,EDG-07,Edge,0.84,196.4,97.6,93.96,89.98,1069.0,True,True,True,True,0,0.0,
450,Rev9,9,W016,AE-3200,CH-B,EDG-08,Edge,0.84,229.1,99.61,91.09,86.13,1098.4,True,True,True,False,1,3.73,polymer_residue
451,Rev9,9,W016,AE-3200,CH-B,EDG-09,Edge,0.84,261.8,98.27,88.04,96.56,1058.7,True,True,False,True,0,0.0,
452,Rev9,9,W016,AE-3200,CH-B,EDG-10,Edge,0.84,294.5,98.97,87.41,88.8,1127.9,True,True,True,False,0,0.0,
453,Rev9,9,W016,AE-3200,CH-B,EDG-11,Edge,0.84,327.3,99.73,93.42,88.92,1035.0,True,True,True,True,0,0.0,
454,Rev9,9,W016,AE-3200,CH-B,EXT-01,Extreme Edge,0.96,16.4,100.19,91.16,92.99,1100.0,True,True,True,False,2,8.34,endpoint_late
455,Rev9,9,W016,AE-3200,CH-B,EXT-02,Extreme Edge,0.96,49.1,100.28,89.44,91.15,1099.6,True,True,True,False,0,0.0,
456,Rev9,9,W016,AE-3200,CH-B,EXT-03,Extreme Edge,0.96,81.8,100.13,89.22,95.09,997.6,True,True,False,True,0,0.0,
457,Rev9,9,W016,AE-3200,CH-B,EXT-04,Extreme Edge,0.96,114.5,105.73,93.97,90.98,1176.5,False,True,True,False,1,4.88,
458,Rev9,9,W016,AE-3200,CH-B,EXT-05,Extreme Edge,0.96,147.3,102.99,91.22,96.74,1085.7,False,True,False,True,2,4.52,
459,Rev9,9,W016,AE-3200,CH-B,EXT-06,Extreme Edge,0.96,180.0,101.06,100.8,91.44,1156.4,False,False,True,False,3,10.27,
460,Rev9,9,W016,AE-3200,CH-B,EXT-07,Extreme Edge,0.96,212.7,103.1,94.08,91.89,1199.4,False,True,True,False,2,12.86,
461,Rev9,9,W016,AE-3200,CH-B,EXT-08,Extreme Edge,0.96,245.5,101.15,94.46,95.92,1083.2,False,True,False,True,2,9.7,pressure_spike
462,Rev9,9,W016,AE-3200,CH-B,EXT-09,Extreme Edge,0.96,278.2,100.34,92.67,85.46,1004.2,True,True,True,True,1,4.11,pressure_spike
463,Rev9,9,W016,AE-3200,CH-B,EXT-10,Extreme Edge,0.96,310.9,96.32,93.5,97.78,1103.0,True,True,False,False,1,1.99,polymer_residue
464,Rev9,9,W016,AE-3200,CH-B,EXT-11,Extreme Edge,0.96,343.6,98.44,91.82,90.1,1124.2,True,True,True,False,0,0.0,
465,Rev2,2,W017,PX-7500,CH-C,C1,Center,0.0,0.0,93.5,97.95,86.19,986.5,True,False,True,True,0,0.0,
466,Rev2,2,W017,PX-7500,CH-C,MID-01,Mid,0.52,30.0,97.02,98.97,87.61,1091.5,True,False,True,False,0,0.0,
467,Rev2,2,W017,PX-7500,CH-C,MID-02,Mid,0.52,90.0,96.15,95.7,85.59,1037.4,True,True,True,True,1,3.75,endpoint_late
468,Rev2,2,W017,PX-7500,CH-C,MID-03,Mid,0.52,150.0,94.93,94.65,88.94,1058.7,True,True,True,True,0,0.0,
469,Rev2,2,W017,PX-7500,CH-C,MID-04,Mid,0.52,210.0,99.15,95.79,85.3,959.7,True,True,True,True,2,6.81,esc_temp_drift
470,Rev2,2,W017,PX-7500,CH-C,MID-05,Mid,0.52,270.0,93.35,99.73,89.15,956.9,True,False,True,True,1,3.23,
471,Rev2,2,W017,PX-7500,CH-C,MID-06,Mid,0.52,330.0,96.38,96.14,80.91,1012.4,True,True,True,True,0,0.0,
472,Rev2,2,W017,PX-7500,CH-C,EDG-01,Edge,0.84,0.0,96.02,100.27,89.54,987.4,True,False,True,True,0,0.0,
473,Rev2,2,W017,PX-7500,CH-C,EDG-02,Edge,0.84,32.7,97.67,102.91,91.94,1009.2,True,False,True,True,2,10.78,
474,Rev2,2,W017,PX-7500,CH-C,EDG-03,Edge,0.84,65.5,97.94,98.56,92.68,1058.7,True,False,True,True,0,0.0,
475,Rev2,2,W017,PX-7500,CH-C,EDG-04,Edge,0.84,98.2,97.76,101.82,87.39,940.1,True,False,True,True,0,0.0,
476,Rev2,2,W017,PX-7500,CH-C,EDG-05,Edge,0.84,130.9,93.75,100.26,91.8,1153.8,True,False,True,False,0,0.0,
477,Rev2,2,W017,PX-7500,CH-C,EDG-06,Edge,0.84,163.6,97.69,99.61,82.76,968.9,True,False,True,True,0,0.0,
478,Rev2,2,W017,PX-7500,CH-C,EDG-07,Edge,0.84,196.4,97.22,99.9,91.55,1046.0,True,False,True,True,0,0.0,
479,Rev2,2,W017,PX-7500,CH-C,EDG-08,Edge,0.84,229.1,96.68,100.04,87.33,1091.2,True,False,True,False,1,2.96,arc_event
480,Rev2,2,W017,PX-7500,CH-C,EDG-09,Edge,0.84,261.8,99.83,103.44,92.17,1163.8,True,False,True,False,0,0.0,
481,Rev2,2,W017,PX-7500,CH-C,EDG-10,Edge,0.84,294.5,96.68,99.62,80.71,948.4,True,False,True,True,1,4.33,
482,Rev2,2,W017,PX-7500,CH-C,EDG-11,Edge,0.84,327.3,98.7,100.71,98.64,1047.4,True,False,False,True,1,5.52,
483,Rev2,2,W017,PX-7500,CH-C,EXT-01,Extreme Edge,0.96,16.4,97.48,99.09,83.46,1115.8,True,False,True,False,1,1.89,polymer_residue
484,Rev2,2,W017,PX-7500,CH-C,EXT-02,Extreme Edge,0.96,49.1,99.8,97.59,86.86,1102.5,True,True,True,False,2,8.53,arc_event
485,Rev2,2,W017,PX-7500,CH-C,EXT-03,Extreme Edge,0.96,81.8,98.28,102.01,89.44,1030.6,True,False,True,True,1,5.45,
486,Rev2,2,W017,PX-7500,CH-C,EXT-04,Extreme Edge,0.96,114.5,101.13,97.15,89.79,992.8,False,True,True,True,0,0.0,
487,Rev2,2,W017,PX-7500,CH-C,EXT-05,Extreme Edge,0.96,147.3,99.48,102.75,92.52,1134.1,True,False,True,False,0,0.0,
488,Rev2,2,W017,PX-7500,CH-C,EXT-06,Extreme Edge,0.96,180.0,100.45,97.28,92.8,1007.3,True,True,True,True,0,0.0,
489,Rev2,2,W017,PX-7500,CH-C,EXT-07,Extreme Edge,0.96,212.7,100.22,97.25,99.27,1045.3,True,True,False,True,0,0.0,
490,Rev2,2,W017,PX-7500,CH-C,EXT-08,Extreme Edge,0.96,245.5,98.62,95.41,88.9,982.6,True,True,True,True,0,0.0,
491,Rev2,2,W017,PX-7500,CH-C,EXT-09,Extreme Edge,0.96,278.2,95.78,104.23,95.12,1102.8,True,False,False,False,0,0.0,
492,Rev2,2,W017,PX-7500,CH-C,EXT-10,Extreme Edge,0.96,310.9,97.62,100.56,89.84,989.1,True,False,True,True,2,9.99,polymer_residue
493,Rev2,2,W017,PX-7500,CH-C,EXT-11,Extreme Edge,0.96,343.6,97.9,97.31,92.93,1109.6,True,True,True,False,1,5.72,pressure_spike
494,Rev11,11,W018,PX-7500,CH-D,C1,Center,0.0,0.0,96.65,92.67,94.94,1069.9,True,True,False,True,0,0.0,
495,Rev11,11,W018,PX-7500,CH-D,MID-01,Mid,0.52,30.0,101.42,95.62,92.07,1154.3,False,True,True,False,0,0.0,
496,Rev11,11,W018,PX-7500,CH-D,MID-02,Mid,0.52,90.0,94.77,93.65,81.9,1046.3,True,True,True,True,0,0.0,
497,Rev11,11,W018,PX-7500,CH-D,MID-03,Mid,0.52,150.0,96.98,92.34,94.58,1063.5,True,True,False,True,0,0.0,
498,Rev11,11,W018,PX-7500,CH-D,MID-04,Mid,0.52,210.0,92.55,90.91,96.45,1037.4,True,True,False,True,0,0.0,
499,Rev11,11,W018,PX-7500,CH-D,MID-05,Mid,0.52,270.0,95.29,95.83,93.51,1117.2,True,True,True,False,0,0.0,
500,Rev11,11,W018,PX-7500,CH-D,MID-06,Mid,0.52,330.0,98.65,92.47,97.78,1033.7,True,True,False,True,0,0.0,
501,Rev11,11,W018,PX-7500,CH-D,EDG-01,Edge,0.84,0.0,99.3,94.13,92.8,1046.3,True,True,True,True,0,0.0,
502,Rev11,11,W018,PX-7500,CH-D,EDG-02,Edge,0.84,32.7,101.82,94.7,96.75,1180.6,False,True,False,False,0,0.0,
503,Rev11,11,W018,PX-7500,CH-D,EDG-03,Edge,0.84,65.5,100.63,94.46,96.97,1184.2,True,True,False,False,1,5.65,
504,Rev11,11,W018,PX-7500,CH-D,EDG-04,Edge,0.84,98.2,101.28,93.42,91.13,1066.4,False,True,True,True,0,0.0,
505,Rev11,11,W018,PX-7500,CH-D,EDG-05,Edge,0.84,130.9,100.32,96.15,91.11,1156.1,True,True,True,False,0,0.0,
506,Rev11,11,W018,PX-7500,CH-D,EDG-06,Edge,0.84,163.6,97.69,96.57,96.8,1052.3,True,True,False,True,3,19.16,polymer_residue
507,Rev11,11,W018,PX-7500,CH-D,EDG-07,Edge,0.84,196.4,100.69,92.8,102.43,1223.9,True,True,False,False,1,4.61,polymer_residue
508,Rev11,11,W018,PX-7500,CH-D,EDG-08,Edge,0.84,229.1,97.45,96.14,98.83,1093.2,True,True,False,False,0,0.0,
509,Rev11,11,W018,PX-7500,CH-D,EDG-09,Edge,0.84,261.8,98.45,91.6,100.2,1094.9,True,True,False,False,0,0.0,
510,Rev11,11,W018,PX-7500,CH-D,EDG-10,Edge,0.84,294.5,100.52,95.13,92.38,1177.3,True,True,True,False,1,2.21,polymer_residue
511,Rev11,11,W018,PX-7500,CH-D,EDG-11,Edge,0.84,327.3,101.08,95.55,92.78,1064.6,False,True,True,True,0,0.0,
512,Rev11,11,W018,PX-7500,CH-D,EXT-01,Extreme Edge,0.96,16.4,100.68,93.81,95.69,1215.6,True,True,False,False,0,0.0,
513,Rev11,11,W018,PX-7500,CH-D,EXT-02,Extreme Edge,0.96,49.1,98.79,95.03,90.19,1119.6,True,True,True,False,0,0.0,
514,Rev11,11,W018,PX-7500,CH-D,EXT-03,Extreme Edge,0.96,81.8,101.76,93.46,95.95,1222.8,False,True,False,False,2,7.15,
515,Rev11,11,W018,PX-7500,CH-D,EXT-04,Extreme Edge,0.96,114.5,100.83,94.91,102.17,1175.2,False,True,False,False,1,2.09,
516,Rev11,11,W018,PX-7500,CH-D,EXT-05,Extreme Edge,0.96,147.3,97.33,96.91,95.17,1130.4,True,True,False,False,0,0.0,
517,Rev11,11,W018,PX-7500,CH-D,EXT-06,Extreme Edge,0.96,180.0,100.2,97.89,98.63,1151.4,True,False,False,False,0,0.0,
518,Rev11,11,W018,PX-7500,CH-D,EXT-07,Extreme Edge,0.96,212.7,96.64,94.35,97.87,1124.2,True,True,False,False,1,1.9,polymer_residue
519,Rev11,11,W018,PX-7500,CH-D,EXT-08,Extreme Edge,0.96,245.5,98.05,97.93,98.42,1123.8,True,False,False,False,0,0.0,
520,Rev11,11,W018,PX-7500,CH-D,EXT-09,Extreme Edge,0.96,278.2,99.69,96.95,91.98,1281.9,True,True,True,False,2,6.94,
521,Rev11,11,W018,PX-7500,CH-D,EXT-10,Extreme Edge,0.96,310.9,100.62,94.66,91.39,1106.6,True,True,True,False,0,0.0,
522,Rev11,11,W018,PX-7500,CH-D,EXT-11,Extreme Edge,0.96,343.6,99.3,97.67,91.61,1138.9,True,False,True,False,0,0.0,
523,Rev6,6,W019,PX-7500,CH-C,C1,Center,0.0,0.0,98.32,92.58,87.8,888.7,True,True,True,True,0,0.0,
524,Rev6,6,W019,PX-7500,CH-C,MID-01,Mid,0.52,30.0,99.32,90.34,87.39,1008.1,True,True,True,True,0,0.0,
525,Rev6,6,W019,PX-7500,CH-C,MID-02,Mid,0.52,90.0,100.21,89.66,77.23,973.7,True,True,False,True,0,0.0,
526,Rev6,6,W019,PX-7500,CH-C,MID-03,Mid,0.52,150.0,96.12,92.17,93.71,987.6,True,True,True,True,0,0.0,
527,Rev6,6,W019,PX-7500,CH-C,MID-04,Mid,0.52,210.0,99.51,89.82,90.62,951.1,True,True,True,True,1,6.0,esc_temp_drift
528,Rev6,6,W019,PX-7500,CH-C,MID-05,Mid,0.52,270.0,101.11,93.6,81.66,1097.3,False,True,True,False,0,0.0,
529,Rev6,6,W019,PX-7500,CH-C,MID-06,Mid,0.52,330.0,97.71,96.46,90.4,862.4,True,True,True,False,1,5.42,arc_event
530,Rev6,6,W019,PX-7500,CH-C,EDG-01,Edge,0.84,0.0,97.51,97.64,94.61,1046.5,True,False,False,True,0,0.0,
531,Rev6,6,W019,PX-7500,CH-C,EDG-02,Edge,0.84,32.7,98.02,95.55,91.0,978.4,True,True,True,True,0,0.0,
532,Rev6,6,W019,PX-7500,CH-C,EDG-03,Edge,0.84,65.5,103.2,97.88,92.05,999.0,False,False,True,True,1,2.61,esc_temp_drift
533,Rev6,6,W019,PX-7500,CH-C,EDG-04,Edge,0.84,98.2,102.12,94.54,90.66,1053.2,False,True,True,True,0,0.0,
534,Rev6,6,W019,PX-7500,CH-C,EDG-05,Edge,0.84,130.9,97.34,97.31,88.43,972.4,True,True,True,True,0,0.0,
535,Rev6,6,W019,PX-7500,CH-C,EDG-06,Edge,0.84,163.6,97.57,95.17,83.2,900.3,True,True,True,True,0,0.0,
536,Rev6,6,W019,PX-7500,CH-C,EDG-07,Edge,0.84,196.4,99.55,97.3,85.06,1018.0,True,True,True,True,0,0.0,
537,Rev6,6,W019,PX-7500,CH-C,EDG-08,Edge,0.84,229.1,100.3,96.92,89.08,994.0,True,True,True,True,1,5.35,polymer_residue
538,Rev6,6,W019,PX-7500,CH-C,EDG-09,Edge,0.84,261.8,97.54,92.74,89.24,1076.7,True,True,True,True,1,5.03,
539,Rev6,6,W019,PX-7500,CH-C,EDG-10,Edge,0.84,294.5,97.62,93.73,90.45,955.6,True,True,True,True,0,0.0,
540,Rev6,6,W019,PX-7500,CH-C,EDG-11,Edge,0.84,327.3,99.84,93.83,95.04,996.8,True,True,False,True,1,2.04,
541,Rev6,6,W019,PX-7500,CH-C,EXT-01,Extreme Edge,0.96,16.4,102.13,93.2,88.95,1000.2,False,True,True,True,1,5.64,
542,Rev6,6,W019,PX-7500,CH-C,EXT-02,Extreme Edge,0.96,49.1,101.22,95.38,85.44,1064.2,False,True,True,True,0,0.0,
543,Rev6,6,W019,PX-7500,CH-C,EXT-03,Extreme Edge,0.96,81.8,102.31,95.0,100.0,1135.6,False,True,False,False,1,2.06,
544,Rev6,6,W019,PX-7500,CH-C,EXT-04,Extreme Edge,0.96,114.5,99.72,92.0,88.36,1046.8,True,True,True,True,0,0.0,
545,Rev6,6,W019,PX-7500,CH-C,EXT-05,Extreme Edge,0.96,147.3,102.24,91.53,94.4,1066.0,False,True,True,True,0,0.0,
546,Rev6,6,W019,PX-7500,CH-C,EXT-06,Extreme Edge,0.96,180.0,102.01,92.35,90.62,1044.4,False,True,True,True,1,4.67,
547,Rev6,6,W019,PX-7500,CH-C,EXT-07,Extreme Edge,0.96,212.7,99.62,99.13,89.73,1026.9,True,False,True,True,3,9.06,polymer_residue
548,Rev6,6,W019,PX-7500,CH-C,EXT-08,Extreme Edge,0.96,245.5,101.82,93.0,90.9,949.9,False,True,True,True,1,5.42,polymer_residue
549,Rev6,6,W019,PX-7500,CH-C,EXT-09,Extreme Edge,0.96,278.2,97.21,94.09,80.15,1052.4,True,True,True,True,0,0.0,
550,Rev6,6,W019,PX-7500,CH-C,EXT-10,Extreme Edge,0.96,310.9,99.54,95.42,89.75,983.9,True,True,True,True,0,0.0,
551,Rev6,6,W019,PX-7500,CH-C,EXT-11,Extreme Edge,0.96,343.6,102.32,99.8,90.24,1078.8,False,False,True,True,2,10.78,
552,Base,0,W020,AE-3200,CH-A,C1,Center,0.0,0.0,92.95,93.79,79.13,1121.4,True,True,True,False,0,0.0,
553,Base,0,W020,AE-3200,CH-A,MID-01,Mid,0.52,30.0,97.3,91.33,84.87,1035.7,True,True,True,True,0,0.0,
554,Base,0,W020,AE-3200,CH-A,MID-02,Mid,0.52,90.0,95.67,95.79,79.26,942.2,True,True,True,True,0,0.0,
555,Base,0,W020,AE-3200,CH-A,MID-03,Mid,0.52,150.0,98.16,93.7,74.79,960.0,True,True,False,True,0,0.0,
556,Base,0,W020,AE-3200,CH-A,MID-04,Mid,0.52,210.0,98.53,95.77,77.52,984.1,True,True,False,True,0,0.0,
557,Base,0,W020,AE-3200,CH-A,MID-05,Mid,0.52,270.0,98.3,92.29,88.25,995.6,True,True,True,True,0,0.0,
558,Base,0,W020,AE-3200,CH-A,MID-06,Mid,0.52,330.0,96.14,96.32,82.47,952.2,True,True,True,True,0,0.0,
559,Base,0,W020,AE-3200,CH-A,EDG-01,Edge,0.84,0.0,97.74,91.95,87.81,1016.4,True,True,True,True,0,0.0,
560,Base,0,W020,AE-3200,CH-A,EDG-02,Edge,0.84,32.7,98.52,96.69,86.78,1107.2,True,True,True,False,0,0.0,
561,Base,0,W020,AE-3200,CH-A,EDG-03,Edge,0.84,65.5,100.84,98.74,87.4,961.9,False,False,True,True,0,0.0,
562,Base,0,W020,AE-3200,CH-A,EDG-04,Edge,0.84,98.2,97.89,96.77,90.13,1100.3,True,True,True,False,0,0.0,
563,Base,0,W020,AE-3200,CH-A,EDG-05,Edge,0.84,130.9,101.42,94.59,87.56,931.9,False,True,True,True,0,0.0,
564,Base,0,W020,AE-3200,CH-A,EDG-06,Edge,0.84,163.6,99.0,95.97,84.16,893.7,True,True,True,True,0,0.0,
565,Base,0,W020,AE-3200,CH-A,EDG-07,Edge,0.84,196.4,101.74,94.4,84.35,1110.3,False,True,True,False,0,0.0,
566,Base,0,W020,AE-3200,CH-A,EDG-08,Edge,0.84,229.1,98.67,97.26,83.35,1045.1,True,True,True,True,0,0.0,
567,Base,0,W020,AE-3200,CH-A,EDG-09,Edge,0.84,261.8,98.79,101.02,84.02,934.1,True,False,True,True,0,0.0,
568,Base,0,W020,AE-3200,CH-A,EDG-10,Edge,0.84,294.5,99.95,98.93,90.13,928.0,True,False,True,True,1,5.14,
569,Base,0,W020,AE-3200,CH-A,EDG-11,Edge,0.84,327.3,98.41,98.87,77.13,945.1,True,False,False,True,1,4.85,
570,Base,0,W020,AE-3200,CH-A,EXT-01,Extreme Edge,0.96,16.4,99.41,98.43,75.95,1061.2,True,False,False,True,0,0.0,
571,Base,0,W020,AE-3200,CH-A,EXT-02,Extreme Edge,0.96,49.1,102.73,96.86,88.3,936.3,False,True,True,True,2,9.31,
572,Base,0,W020,AE-3200,CH-A,EXT-03,Extreme Edge,0.96,81.8,100.94,98.95,81.58,1078.1,False,False,True,True,1,2.76,
573,Base,0,W020,AE-3200,CH-A,EXT-04,Extreme Edge,0.96,114.5,103.91,98.12,87.93,986.7,False,False,True,True,1,2.9,
574,Base,0,W020,AE-3200,CH-A,EXT-05,Extreme Edge,0.96,147.3,99.15,94.54,82.69,961.3,True,True,True,True,0,0.0,
575,Base,0,W020,AE-3200,CH-A,EXT-06,Extreme Edge,0.96,180.0,98.99,99.74,87.97,1181.2,True,False,True,False,1,3.91,polymer_residue
576,Base,0,W020,AE-3200,CH-A,EXT-07,Extreme Edge,0.96,212.7,98.91,93.78,90.06,1013.6,True,True,True,True,0,0.0,
577,Base,0,W020,AE-3200,CH-A,EXT-08,Extreme Edge,0.96,245.5,100.28,95.66,87.72,1079.0,True,True,True,True,0,0.0,
578,Base,0,W020,AE-3200,CH-A,EXT-09,Extreme Edge,0.96,278.2,100.19,93.63,81.74,986.0,True,True,True,True,0,0.0,
579,Base,0,W020,AE-3200,CH-A,EXT-10,Extreme Edge,0.96,310.9,97.05,99.48,83.91,1067.6,True,False,True,True,0,0.0,
580,Base,0,W020,AE-3200,CH-A,EXT-11,Extreme Edge,0.96,343.6,99.39,100.11,85.15,997.2,True,False,True,True,1,2.55,polymer_residue
581,Rev2,2,W021,PX-7500,CH-C,C1,Center,0.0,0.0,93.89,96.25,87.38,903.8,True,True,True,True,0,0.0,
582,Rev2,2,W021,PX-7500,CH-C,MID-01,Mid,0.52,30.0,94.28,94.23,92.55,953.0,True,True,True,True,0,0.0,
583,Rev2,2,W021,PX-7500,CH-C,MID-02,Mid,0.52,90.0,97.32,93.51,83.79,984.1,True,True,True,True,0,0.0,
584,Rev2,2,W021,PX-7500,CH-C,MID-03,Mid,0.52,150.0,97.11,97.87,88.31,938.1,True,False,True,True,0,0.0,
585,Rev2,2,W021,PX-7500,CH-C,MID-04,Mid,0.52,210.0,97.78,95.05,84.13,993.7,True,True,True,True,0,0.0,
586,Rev2,2,W021,PX-7500,CH-C,MID-05,Mid,0.52,270.0,95.03,95.27,81.72,994.5,True,True,True,True,0,0.0,
587,Rev2,2,W021,PX-7500,CH-C,MID-06,Mid,0.52,330.0,91.93,90.35,88.9,930.4,True,True,True,True,0,0.0,
588,Rev2,2,W021,PX-7500,CH-C,EDG-01,Edge,0.84,0.0,100.1,99.93,84.29,968.9,True,False,True,True,1,6.32,endpoint_late
589,Rev2,2,W021,PX-7500,CH-C,EDG-02,Edge,0.84,32.7,99.16,102.17,90.46,994.7,True,False,True,True,0,0.0,
590,Rev2,2,W021,PX-7500,CH-C,EDG-03,Edge,0.84,65.5,95.03,100.85,92.02,968.6,True,False,True,True,0,0.0,
591,Rev2,2,W021,PX-7500,CH-C,EDG-04,Edge,0.84,98.2,99.22,99.94,96.73,1062.4,True,False,False,True,1,3.05,esc_temp_drift
592,Rev2,2,W021,PX-7500,CH-C,EDG-05,Edge,0.84,130.9,94.17,96.36,83.05,923.4,True,True,True,True,0,0.0,
593,Rev2,2,W021,PX-7500,CH-C,EDG-06,Edge,0.84,163.6,97.13,96.12,91.87,1075.3,True,True,True,True,0,0.0,
594,Rev2,2,W021,PX-7500,CH-C,EDG-07,Edge,0.84,196.4,91.27,100.61,91.03,873.9,False,False,True,False,2,9.97,
595,Rev2,2,W021,PX-7500,CH-C,EDG-08,Edge,0.84,229.1,93.86,99.41,86.62,902.9,True,False,True,True,1,2.81,
596,Rev2,2,W021,PX-7500,CH-C,EDG-09,Edge,0.84,261.8,92.27,103.85,91.1,1024.1,True,False,True,True,0,0.0,
597,Rev2,2,W021,PX-7500,CH-C,EDG-10,Edge,0.84,294.5,97.25,98.18,88.78,1008.0,True,False,True,True,1,4.25,polymer_residue
598,Rev2,2,W021,PX-7500,CH-C,EDG-11,Edge,0.84,327.3,98.42,99.84,89.04,989.1,True,False,True,True,0,0.0,
599,Rev2,2,W021,PX-7500,CH-C,EXT-01,Extreme Edge,0.96,16.4,97.75,97.25,86.95,1117.3,True,True,True,False,1,5.72,
600,Rev2,2,W021,PX-7500,CH-C,EXT-02,Extreme Edge,0.96,49.1,97.05,101.1,91.6,941.7,True,False,True,True,1,4.93,
601,Rev2,2,W021,PX-7500,CH-C,EXT-03,Extreme Edge,0.96,81.8,98.76,103.45,92.24,974.0,True,False,True,True,1,6.23,
602,Rev2,2,W021,PX-7500,CH-C,EXT-04,Extreme Edge,0.96,114.5,96.98,96.81,86.03,923.4,True,True,True,True,0,0.0,
603,Rev2,2,W021,PX-7500,CH-C,EXT-05,Extreme Edge,0.96,147.3,97.78,97.4,91.54,918.6,True,True,True,True,1,5.54,pressure_spike
604,Rev2,2,W021,PX-7500,CH-C,EXT-06,Extreme Edge,0.96,180.0,98.93,99.69,91.65,931.6,True,False,True,True,0,0.0,
605,Rev2,2,W021,PX-7500,CH-C,EXT-07,Extreme Edge,0.96,212.7,96.75,103.32,90.17,908.8,True,False,True,True,0,0.0,
606,Rev2,2,W021,PX-7500,CH-C,EXT-08,Extreme Edge,0.96,245.5,97.85,102.36,93.23,976.1,True,False,True,True,2,6.82,
607,Rev2,2,W021,PX-7500,CH-C,EXT-09,Extreme Edge,0.96,278.2,97.88,99.21,85.39,922.3,True,False,True,True,0,0.0,
608,Rev2,2,W021,PX-7500,CH-C,EXT-10,Extreme Edge,0.96,310.9,100.34,99.51,87.46,903.8,True,False,True,True,1,5.2,polymer_residue
609,Rev2,2,W021,PX-7500,CH-C,EXT-11,Extreme Edge,0.96,343.6,96.77,100.56,91.73,931.1,True,False,True,True,0,0.0,
610,Base,0,W022,AE-3200,CH-A,C1,Center,0.0,0.0,99.93,91.65,82.34,941.7,True,True,True,True,0,0.0,
611,Base,0,W022,AE-3200,CH-A,MID-01,Mid,0.52,30.0,98.05,96.02,85.57,1052.5,True,True,True,True,0,0.0,
612,Base,0,W022,AE-3200,CH-A,MID-02,Mid,0.52,90.0,98.92,97.49,81.96,1032.4,True,True,True,True,1,2.2,arc_event
613,Base,0,W022,AE-3200,CH-A,MID-03,Mid,0.52,150.0,98.37,99.38,80.96,1014.7,True,False,True,True,0,0.0,
614,Base,0,W022,AE-3200,CH-A,MID-04,Mid,0.52,210.0,98.34,98.53,89.76,1075.6,True,False,True,True,0,0.0,
615,Base,0,W022,AE-3200,CH-A,MID-05,Mid,0.52,270.0,97.82,99.6,80.69,960.2,True,False,True,True,0,0.0,
616,Base,0,W022,AE-3200,CH-A,MID-06,Mid,0.52,330.0,95.2,96.19,85.15,1034.1,True,True,True,True,1,3.02,pressure_spike
617,Base,0,W022,AE-3200,CH-A,EDG-01,Edge,0.84,0.0,98.03,94.56,81.83,997.1,True,True,True,True,0,0.0,
618,Base,0,W022,AE-3200,CH-A,EDG-02,Edge,0.84,32.7,100.24,100.77,86.38,1152.6,True,False,True,False,1,2.17,pressure_spike
619,Base,0,W022,AE-3200,CH-A,EDG-03,Edge,0.84,65.5,99.41,94.26,86.48,1105.0,True,True,True,False,1,3.46,esc_temp_drift
620,Base,0,W022,AE-3200,CH-A,EDG-04,Edge,0.84,98.2,99.76,105.49,83.21,1125.5,True,False,True,False,0,0.0,
621,Base,0,W022,AE-3200,CH-A,EDG-05,Edge,0.84,130.9,96.45,97.35,84.57,1114.4,True,True,True,False,1,3.12,endpoint_late
622,Base,0,W022,AE-3200,CH-A,EDG-06,Edge,0.84,163.6,102.84,102.16,87.12,1040.0,False,False,True,True,0,0.0,
623,Base,0,W022,AE-3200,CH-A,EDG-07,Edge,0.84,196.4,99.06,101.34,82.65,1034.0,True,False,True,True,0,0.0,
624,Base,0,W022,AE-3200,CH-A,EDG-08,Edge,0.84,229.1,96.8,101.32,82.87,1143.0,True,False,True,False,0,0.0,
625,Base,0,W022,AE-3200,CH-A,EDG-09,Edge,0.84,261.8,98.05,96.7,80.86,978.9,True,True,True,True,1,6.09,arc_event
626,Base,0,W022,AE-3200,CH-A,EDG-10,Edge,0.84,294.5,97.04,96.75,89.25,1096.2,True,True,True,False,0,0.0,
627,Base,0,W022,AE-3200,CH-A,EDG-11,Edge,0.84,327.3,101.07,98.82,79.81,1042.6,False,False,True,True,1,6.23,polymer_residue
628,Base,0,W022,AE-3200,CH-A,EXT-01,Extreme Edge,0.96,16.4,101.66,95.92,82.8,944.0,False,True,True,True,2,9.99,endpoint_late
629,Base,0,W022,AE-3200,CH-A,EXT-02,Extreme Edge,0.96,49.1,98.96,101.21,81.21,1110.9,True,False,True,False,2,9.36,arc_event
630,Base,0,W022,AE-3200,CH-A,EXT-03,Extreme Edge,0.96,81.8,102.59,104.05,86.35,991.8,False,False,True,True,0,0.0,
631,Base,0,W022,AE-3200,CH-A,EXT-04,Extreme Edge,0.96,114.5,101.3,100.08,90.69,965.1,False,False,True,True,1,1.94,arc_event
632,Base,0,W022,AE-3200,CH-A,EXT-05,Extreme Edge,0.96,147.3,97.91,97.09,85.01,985.7,True,True,True,True,2,7.1,pressure_spike
633,Base,0,W022,AE-3200,CH-A,EXT-06,Extreme Edge,0.96,180.0,101.73,100.7,91.14,1001.9,False,False,True,True,0,0.0,
634,Base,0,W022,AE-3200,CH-A,EXT-07,Extreme Edge,0.96,212.7,100.5,94.89,85.86,1042.8,True,True,True,True,1,4.03,polymer_residue
635,Base,0,W022,AE-3200,CH-A,EXT-08,Extreme Edge,0.96,245.5,100.47,100.71,91.91,1013.6,True,False,True,True,2,7.71,
636,Base,0,W022,AE-3200,CH-A,EXT-09,Extreme Edge,0.96,278.2,102.22,97.35,80.33,1090.0,False,True,True,False,0,0.0,
637,Base,0,W022,AE-3200,CH-A,EXT-10,Extreme Edge,0.96,310.9,97.07,102.45,83.48,973.0,True,False,True,True,0,0.0,
638,Base,0,W022,AE-3200,CH-A,EXT-11,Extreme Edge,0.96,343.6,100.53,98.53,92.82,1068.6,True,False,True,True,0,0.0,
639,Rev11,11,W023,PX-7500,CH-D,C1,Center,0.0,0.0,95.65,92.81,93.12,1021.7,True,True,True,True,0,0.0,
640,Rev11,11,W023,PX-7500,CH-D,MID-01,Mid,0.52,30.0,99.55,89.94,98.06,1056.7,True,True,False,True,0,0.0,
641,Rev11,11,W023,PX-7500,CH-D,MID-02,Mid,0.52,90.0,100.01,94.79,99.3,1134.9,True,True,False,False,0,0.0,
642,Rev11,11,W023,PX-7500,CH-D,MID-03,Mid,0.52,150.0,98.28,95.88,102.92,1109.5,True,True,False,False,0,0.0,
643,Rev11,11,W023,PX-7500,CH-D,MID-04,Mid,0.52,210.0,98.11,93.18,101.09,998.5,True,True,False,True,2,3.98,
644,Rev11,11,W023,PX-7500,CH-D,MID-05,Mid,0.52,270.0,94.71,93.88,99.86,992.3,True,True,False,True,1,5.47,
645,Rev11,11,W023,PX-7500,CH-D,MID-06,Mid,0.52,330.0,99.16,98.32,95.62,1016.6,True,False,False,True,0,0.0,
646,Rev11,11,W023,PX-7500,CH-D,EDG-01,Edge,0.84,0.0,98.95,93.15,94.88,998.2,True,True,False,True,0,0.0,
647,Rev11,11,W023,PX-7500,CH-D,EDG-02,Edge,0.84,32.7,103.49,95.7,102.32,1149.7,False,True,False,False,0,0.0,
648,Rev11,11,W023,PX-7500,CH-D,EDG-03,Edge,0.84,65.5,101.26,96.43,93.68,1060.4,False,True,True,True,2,6.73,
649,Rev11,11,W023,PX-7500,CH-D,EDG-04,Edge,0.84,98.2,97.46,96.24,105.08,1133.6,True,True,False,False,0,0.0,
650,Rev11,11,W023,PX-7500,CH-D,EDG-05,Edge,0.84,130.9,102.98,96.43,94.06,984.3,False,True,True,True,1,5.27,
651,Rev11,11,W023,PX-7500,CH-D,EDG-06,Edge,0.84,163.6,99.35,102.14,94.53,1058.1,True,False,False,True,0,0.0,
652,Rev11,11,W023,PX-7500,CH-D,EDG-07,Edge,0.84,196.4,100.16,93.51,101.67,1042.8,True,True,False,True,0,0.0,
653,Rev11,11,W023,PX-7500,CH-D,EDG-08,Edge,0.84,229.1,102.76,98.26,94.65,1066.6,False,False,False,True,1,5.37,polymer_residue
654,Rev11,11,W023,PX-7500,CH-D,EDG-09,Edge,0.84,261.8,100.26,95.37,101.77,986.9,True,True,False,True,0,0.0,
655,Rev11,11,W023,PX-7500,CH-D,EDG-10,Edge,0.84,294.5,98.68,96.1,99.96,1216.5,True,True,False,False,0,0.0,
656,Rev11,11,W023,PX-7500,CH-D,EDG-11,Edge,0.84,327.3,99.77,94.34,104.16,1073.6,True,True,False,True,0,0.0,
657,Rev11,11,W023,PX-7500,CH-D,EXT-01,Extreme Edge,0.96,16.4,99.42,93.96,96.25,1019.5,True,True,False,True,0,0.0,
658,Rev11,11,W023,PX-7500,CH-D,EXT-02,Extreme Edge,0.96,49.1,100.5,95.53,101.74,1090.4,True,True,False,False,0,0.0,
659,Rev11,11,W023,PX-7500,CH-D,EXT-03,Extreme Edge,0.96,81.8,101.97,90.8,99.56,1070.9,False,True,False,True,3,15.5,pressure_spike
660,Rev11,11,W023,PX-7500,CH-D,EXT-04,Extreme Edge,0.96,114.5,100.25,92.81,100.62,1052.7,True,True,False,True,0,0.0,
661,Rev11,11,W023,PX-7500,CH-D,EXT-05,Extreme Edge,0.96,147.3,102.54,93.85,103.75,1154.1,False,True,False,False,2,3.72,
662,Rev11,11,W023,PX-7500,CH-D,EXT-06,Extreme Edge,0.96,180.0,99.77,94.93,95.15,1109.7,True,True,False,False,0,0.0,
663,Rev11,11,W023,PX-7500,CH-D,EXT-07,Extreme Edge,0.96,212.7,102.69,101.2,93.4,1059.8,False,False,True,True,2,11.53,polymer_residue
664,Rev11,11,W023,PX-7500,CH-D,EXT-08,Extreme Edge,0.96,245.5,101.34,105.37,97.42,1124.8,False,False,False,False,1,2.29,
665,Rev11,11,W023,PX-7500,CH-D,EXT-09,Extreme Edge,0.96,278.2,100.19,96.63,95.64,1103.6,True,True,False,False,1,5.7,polymer_residue
666,Rev11,11,W023,PX-7500,CH-D,EXT-10,Extreme Edge,0.96,310.9,98.95,101.56,103.48,1110.3,True,False,False,False,0,0.0,
667,Rev11,11,W023,PX-7500,CH-D,EXT-11,Extreme Edge,0.96,343.6,102.33,95.46,99.74,1174.9,False,True,False,False,0,0.0,
668,Rev7,7,W024,PX-7500,CH-D,C1,Center,0.0,0.0,94.5,94.2,78.03,976.4,True,True,True,True,1,2.93,endpoint_late
669,Rev7,7,W024,PX-7500,CH-D,MID-01,Mid,0.52,30.0,95.79,98.75,84.96,1010.9,True,False,True,True,0,0.0,
670,Rev7,7,W024,PX-7500,CH-D,MID-02,Mid,0.52,90.0,95.49,93.74,85.52,1090.0,True,True,True,True,0,0.0,
671,Rev7,7,W024,PX-7500,CH-D,MID-03,Mid,0.52,150.0,96.15,97.8,83.17,1014.3,True,False,True,True,0,0.0,
672,Rev7,7,W024,PX-7500,CH-D,MID-04,Mid,0.52,210.0,95.76,97.79,83.51,989.4,True,False,True,True,0,0.0,
673,Rev7,7,W024,PX-7500,CH-D,MID-05,Mid,0.52,270.0,98.0,98.9,84.64,967.5,True,False,True,True,1,2.0,
674,Rev7,7,W024,PX-7500,CH-D,MID-06,Mid,0.52,330.0,99.99,93.16,84.83,989.1,True,True,True,True,1,4.03,
675,Rev7,7,W024,PX-7500,CH-D,EDG-01,Edge,0.84,0.0,98.35,95.63,85.8,987.7,True,True,True,True,0,0.0,
676,Rev7,7,W024,PX-7500,CH-D,EDG-02,Edge,0.84,32.7,99.52,100.35,86.68,1084.0,True,False,True,True,0,0.0,
677,Rev7,7,W024,PX-7500,CH-D,EDG-03,Edge,0.84,65.5,97.48,93.5,89.93,1037.7,True,True,True,True,0,0.0,
678,Rev7,7,W024,PX-7500,CH-D,EDG-04,Edge,0.84,98.2,99.51,96.16,82.3,1037.4,True,True,True,True,1,2.73,polymer_residue
679,Rev7,7,W024,PX-7500,CH-D,EDG-05,Edge,0.84,130.9,99.16,99.79,84.55,1036.2,True,False,True,True,1,6.14,
680,Rev7,7,W024,PX-7500,CH-D,EDG-06,Edge,0.84,163.6,99.39,100.17,91.55,1038.1,True,False,True,True,0,0.0,
681,Rev7,7,W024,PX-7500,CH-D,EDG-07,Edge,0.84,196.4,96.36,91.6,84.17,1038.0,True,True,True,True,0,0.0,
682,Rev7,7,W024,PX-7500,CH-D,EDG-08,Edge,0.84,229.1,99.36,96.11,84.99,1029.6,True,True,True,True,0,0.0,
683,Rev7,7,W024,PX-7500,CH-D,EDG-09,Edge,0.84,261.8,96.03,99.57,84.46,971.4,True,False,True,True,0,0.0,
684,Rev7,7,W024,PX-7500,CH-D,EDG-10,Edge,0.84,294.5,102.02,98.72,85.27,937.3,False,False,True,True,0,0.0,
685,Rev7,7,W024,PX-7500,CH-D,EDG-11,Edge,0.84,327.3,98.19,98.09,88.97,1099.3,True,False,True,False,0,0.0,
686,Rev7,7,W024,PX-7500,CH-D,EXT-01,Extreme Edge,0.96,16.4,96.13,95.44,83.87,980.9,True,True,True,True,0,0.0,
687,Rev7,7,W024,PX-7500,CH-D,EXT-02,Extreme Edge,0.96,49.1,101.51,97.46,84.23,1101.0,False,True,True,False,1,5.91,
688,Rev7,7,W024,PX-7500,CH-D,EXT-03,Extreme Edge,0.96,81.8,97.74,97.97,87.01,1044.2,True,False,True,True,0,0.0,
689,Rev7,7,W024,PX-7500,CH-D,EXT-04,Extreme Edge,0.96,114.5,99.29,96.19,85.06,1011.9,True,True,True,True,0,0.0,
690,Rev7,7,W024,PX-7500,CH-D,EXT-05,Extreme Edge,0.96,147.3,99.6,93.63,82.56,1074.0,True,True,True,True,2,6.67,
691,Rev7,7,W024,PX-7500,CH-D,EXT-06,Extreme Edge,0.96,180.0,101.07,98.59,89.97,1040.6,False,False,True,True,1,3.49,
692,Rev7,7,W024,PX-7500,CH-D,EXT-07,Extreme Edge,0.96,212.7,99.95,99.27,82.79,1026.5,True,False,True,True,0,0.0,
693,Rev7,7,W024,PX-7500,CH-D,EXT-08,Extreme Edge,0.96,245.5,99.82,100.04,88.18,1010.7,True,False,True,True,2,7.84,
694,Rev7,7,W024,PX-7500,CH-D,EXT-09,Extreme Edge,0.96,278.2,101.56,100.05,93.25,1081.4,False,False,True,True,4,19.84,
695,Rev7,7,W024,PX-7500,CH-D,EXT-10,Extreme Edge,0.96,310.9,98.82,99.17,87.85,1004.2,True,False,True,True,0,0.0,
696,Rev7,7,W024,PX-7500,CH-D,EXT-11,Extreme Edge,0.96,343.6,100.97,99.54,82.59,1082.2,False,False,True,True,0,0.0,
697,Rev8,8,W025,AE-3200,CH-A,C1,Center,0.0,0.0,95.71,95.1,87.43,1004.6,True,True,True,True,0,0.0,
698,Rev8,8,W025,AE-3200,CH-A,MID-01,Mid,0.52,30.0,102.08,89.08,86.77,1042.6,False,True,True,True,0,0.0,
699,Rev8,8,W025,AE-3200,CH-A,MID-02,Mid,0.52,90.0,101.65,93.62,93.01,969.7,False,True,True,True,0,0.0,
700,Rev8,8,W025,AE-3200,CH-A,MID-03,Mid,0.52,150.0,101.26,91.72,89.58,1137.8,False,True,True,False,0,0.0,
701,Rev8,8,W025,AE-3200,CH-A,MID-04,Mid,0.52,210.0,99.64,95.79,88.75,943.7,True,True,True,True,0,0.0,
702,Rev8,8,W025,AE-3200,CH-A,MID-05,Mid,0.52,270.0,99.85,92.39,82.54,1088.1,True,True,True,True,0,0.0,
703,Rev8,8,W025,AE-3200,CH-A,MID-06,Mid,0.52,330.0,97.42,92.83,96.78,1109.4,True,True,False,False,1,3.86,
704,Rev8,8,W025,AE-3200,CH-A,EDG-01,Edge,0.84,0.0,99.06,100.74,93.56,1070.5,True,False,True,True,0,0.0,
705,Rev8,8,W025,AE-3200,CH-A,EDG-02,Edge,0.84,32.7,103.27,93.54,95.05,1074.5,False,True,False,True,2,3.86,
706,Rev8,8,W025,AE-3200,CH-A,EDG-03,Edge,0.84,65.5,100.89,92.02,93.81,1086.9,False,True,True,True,2,3.64,esc_temp_drift
707,Rev8,8,W025,AE-3200,CH-A,EDG-04,Edge,0.84,98.2,98.54,94.61,91.57,1115.3,True,True,True,False,0,0.0,
708,Rev8,8,W025,AE-3200,CH-A,EDG-05,Edge,0.84,130.9,103.88,97.11,85.57,1105.4,False,True,True,False,1,4.23,
709,Rev8,8,W025,AE-3200,CH-A,EDG-06,Edge,0.84,163.6,99.82,95.86,91.14,1042.7,True,True,True,True,1,2.77,
710,Rev8,8,W025,AE-3200,CH-A,EDG-07,Edge,0.84,196.4,101.17,95.67,92.7,974.1,False,True,True,True,0,0.0,
711,Rev8,8,W025,AE-3200,CH-A,EDG-08,Edge,0.84,229.1,99.14,93.89,93.19,1118.2,True,True,True,False,0,0.0,
712,Rev8,8,W025,AE-3200,CH-A,EDG-09,Edge,0.84,261.8,97.29,100.02,87.33,1049.1,True,False,True,True,1,2.98,endpoint_late
713,Rev8,8,W025,AE-3200,CH-A,EDG-10,Edge,0.84,294.5,100.78,90.33,88.57,1110.9,True,True,True,False,0,0.0,
714,Rev8,8,W025,AE-3200,CH-A,EDG-11,Edge,0.84,327.3,100.39,95.85,89.42,1019.6,True,True,True,True,0,0.0,
715,Rev8,8,W025,AE-3200,CH-A,EXT-01,Extreme Edge,0.96,16.4,101.15,94.75,99.06,1147.6,False,True,False,False,0,0.0,
716,Rev8,8,W025,AE-3200,CH-A,EXT-02,Extreme Edge,0.96,49.1,104.09,92.9,92.55,1094.6,False,True,True,False,1,3.34,polymer_residue
717,Rev8,8,W025,AE-3200,CH-A,EXT-03,Extreme Edge,0.96,81.8,102.5,92.61,102.65,1141.7,False,True,False,False,0,0.0,
718,Rev8,8,W025,AE-3200,CH-A,EXT-04,Extreme Edge,0.96,114.5,106.56,93.1,93.76,1107.0,False,True,True,False,1,4.74,
719,Rev8,8,W025,AE-3200,CH-A,EXT-05,Extreme Edge,0.96,147.3,99.77,90.35,97.71,1124.5,True,True,False,False,1,5.77,
720,Rev8,8,W025,AE-3200,CH-A,EXT-06,Extreme Edge,0.96,180.0,105.38,96.65,92.83,1140.3,False,True,True,False,1,4.2,
721,Rev8,8,W025,AE-3200,CH-A,EXT-07,Extreme Edge,0.96,212.7,105.09,91.76,86.9,1057.2,False,True,True,True,2,10.86,polymer_residue
722,Rev8,8,W025,AE-3200,CH-A,EXT-08,Extreme Edge,0.96,245.5,104.51,97.25,99.31,1088.0,False,True,False,True,1,4.3,
723,Rev8,8,W025,AE-3200,CH-A,EXT-09,Extreme Edge,0.96,278.2,103.27,93.36,91.73,1078.5,False,True,True,True,0,0.0,
724,Rev8,8,W025,AE-3200,CH-A,EXT-10,Extreme Edge,0.96,310.9,99.06,93.92,99.16,1130.5,True,True,False,False,0,0.0,
725,Rev8,8,W025,AE-3200,CH-A,EXT-11,Extreme Edge,0.96,343.6,104.08,96.92,94.36,1020.9,False,True,True,True,0,0.0,
726,Rev3,3,W026,PX-7500,CH-D,C1,Center,0.0,0.0,97.29,94.05,85.65,1070.3,True,True,True,True,0,0.0,
727,Rev3,3,W026,PX-7500,CH-D,MID-01,Mid,0.52,30.0,93.8,96.67,87.09,1030.5,True,True,True,True,0,0.0,
728,Rev3,3,W026,PX-7500,CH-D,MID-02,Mid,0.52,90.0,97.99,93.52,90.2,1038.6,True,True,True,True,0,0.0,
729,Rev3,3,W026,PX-7500,CH-D,MID-03,Mid,0.52,150.0,99.48,95.4,95.11,1038.7,True,True,False,True,0,0.0,
730,Rev3,3,W026,PX-7500,CH-D,MID-04,Mid,0.52,210.0,96.1,93.81,82.28,1069.9,True,True,True,True,0,0.0,
731,Rev3,3,W026,PX-7500,CH-D,MID-05,Mid,0.52,270.0,95.32,95.23,89.38,1028.2,True,True,True,True,2,5.8,
732,Rev3,3,W026,PX-7500,CH-D,MID-06,Mid,0.52,330.0,97.85,96.44,86.73,1076.3,True,True,True,True,0,0.0,
733,Rev3,3,W026,PX-7500,CH-D,EDG-01,Edge,0.84,0.0,99.44,99.74,87.34,1098.7,True,False,True,False,1,5.42,polymer_residue
734,Rev3,3,W026,PX-7500,CH-D,EDG-02,Edge,0.84,32.7,100.5,95.62,99.52,1085.7,True,True,False,True,0,0.0,
735,Rev3,3,W026,PX-7500,CH-D,EDG-03,Edge,0.84,65.5,97.71,94.23,84.91,1025.7,True,True,True,True,0,0.0,
736,Rev3,3,W026,PX-7500,CH-D,EDG-04,Edge,0.84,98.2,99.72,97.4,89.22,1070.3,True,True,True,True,1,6.45,polymer_residue
737,Rev3,3,W026,PX-7500,CH-D,EDG-05,Edge,0.84,130.9,99.74,99.49,86.31,1071.4,True,False,True,True,0,0.0,
738,Rev3,3,W026,PX-7500,CH-D,EDG-06,Edge,0.84,163.6,97.86,100.81,90.84,1023.6,True,False,True,True,0,0.0,
739,Rev3,3,W026,PX-7500,CH-D,EDG-07,Edge,0.84,196.4,98.71,98.53,94.32,1097.3,True,False,True,False,1,2.02,polymer_residue
740,Rev3,3,W026,PX-7500,CH-D,EDG-08,Edge,0.84,229.1,98.76,92.31,84.63,1049.8,True,True,True,True,0,0.0,
741,Rev3,3,W026,PX-7500,CH-D,EDG-09,Edge,0.84,261.8,94.61,97.4,90.62,1057.2,True,True,True,True,0,0.0,
742,Rev3,3,W026,PX-7500,CH-D,EDG-10,Edge,0.84,294.5,98.66,95.13,86.76,1022.8,True,True,True,True,0,0.0,
743,Rev3,3,W026,PX-7500,CH-D,EDG-11,Edge,0.84,327.3,98.82,96.56,85.18,1006.6,True,True,True,True,2,9.9,polymer_residue
744,Rev3,3,W026,PX-7500,CH-D,EXT-01,Extreme Edge,0.96,16.4,98.34,96.81,85.24,1081.6,True,True,True,True,0,0.0,
745,Rev3,3,W026,PX-7500,CH-D,EXT-02,Extreme Edge,0.96,49.1,102.05,96.42,87.55,972.1,False,True,True,True,0,0.0,
746,Rev3,3,W026,PX-7500,CH-D,EXT-03,Extreme Edge,0.96,81.8,102.51,102.88,85.09,1004.6,False,False,True,True,0,0.0,
747,Rev3,3,W026,PX-7500,CH-D,EXT-04,Extreme Edge,0.96,114.5,102.03,96.65,95.22,1160.7,False,True,False,False,0,0.0,
748,Rev3,3,W026,PX-7500,CH-D,EXT-05,Extreme Edge,0.96,147.3,102.44,96.21,98.81,1075.3,False,True,False,True,1,2.38,
749,Rev3,3,W026,PX-7500,CH-D,EXT-06,Extreme Edge,0.96,180.0,100.12,98.67,92.13,1064.5,True,False,True,True,0,0.0,
750,Rev3,3,W026,PX-7500,CH-D,EXT-07,Extreme Edge,0.96,212.7,101.42,99.4,86.17,1054.3,False,False,True,True,1,2.13,polymer_residue
751,Rev3,3,W026,PX-7500,CH-D,EXT-08,Extreme Edge,0.96,245.5,100.42,96.18,100.98,1057.4,True,True,False,True,0,0.0,
752,Rev3,3,W026,PX-7500,CH-D,EXT-09,Extreme Edge,0.96,278.2,100.33,100.53,86.05,1094.6,True,False,True,False,1,3.58,
753,Rev3,3,W026,PX-7500,CH-D,EXT-10,Extreme Edge,0.96,310.9,100.42,95.41,97.95,1160.3,True,True,False,False,1,5.96,polymer_residue
754,Rev3,3,W026,PX-7500,CH-D,EXT-11,Extreme Edge,0.96,343.6,99.46,97.89,85.62,979.6,True,False,True,True,2,6.06,polymer_residue
755,Rev4,4,W027,AE-3200,CH-A,C1,Center,0.0,0.0,92.25,92.0,81.24,1038.9,True,True,True,True,0,0.0,
756,Rev4,4,W027,AE-3200,CH-A,MID-01,Mid,0.52,30.0,97.03,97.68,88.89,927.3,True,False,True,True,0,0.0,
757,Rev4,4,W027,AE-3200,CH-A,MID-02,Mid,0.52,90.0,97.78,97.42,90.17,1032.5,True,True,True,True,0,0.0,
758,Rev4,4,W027,AE-3200,CH-A,MID-03,Mid,0.52,150.0,91.86,93.8,80.92,1135.1,True,True,True,False,1,2.61,
759,Rev4,4,W027,AE-3200,CH-A,MID-04,Mid,0.52,210.0,95.51,91.82,90.39,985.7,True,True,True,True,0,0.0,
760,Rev4,4,W027,AE-3200,CH-A,MID-05,Mid,0.52,270.0,98.09,95.12,88.16,930.7,True,True,True,True,0,0.0,
761,Rev4,4,W027,AE-3200,CH-A,MID-06,Mid,0.52,330.0,95.22,96.49,88.77,1054.8,True,True,True,True,0,0.0,
762,Rev4,4,W027,AE-3200,CH-A,EDG-01,Edge,0.84,0.0,96.69,97.07,86.31,1007.4,True,True,True,True,0,0.0,
763,Rev4,4,W027,AE-3200,CH-A,EDG-02,Edge,0.84,32.7,94.55,89.64,87.0,1069.4,True,True,True,True,0,0.0,
764,Rev4,4,W027,AE-3200,CH-A,EDG-03,Edge,0.84,65.5,97.23,94.23,86.91,983.9,True,True,True,True,0,0.0,
765,Rev4,4,W027,AE-3200,CH-A,EDG-04,Edge,0.84,98.2,99.51,95.54,81.39,934.5,True,True,True,True,0,0.0,
766,Rev4,4,W027,AE-3200,CH-A,EDG-05,Edge,0.84,130.9,94.16,95.9,90.09,1163.7,True,True,True,False,2,9.73,
767,Rev4,4,W027,AE-3200,CH-A,EDG-06,Edge,0.84,163.6,94.89,93.92,87.47,1030.8,True,True,True,True,1,6.42,polymer_residue
768,Rev4,4,W027,AE-3200,CH-A,EDG-07,Edge,0.84,196.4,98.11,96.84,88.36,1084.6,True,True,True,True,1,2.87,
769,Rev4,4,W027,AE-3200,CH-A,EDG-08,Edge,0.84,229.1,101.69,98.76,83.12,1037.0,False,False,True,True,2,10.57,
770,Rev4,4,W027,AE-3200,CH-A,EDG-09,Edge,0.84,261.8,98.54,95.25,84.93,1054.8,True,True,True,True,1,5.73,polymer_residue
771,Rev4,4,W027,AE-3200,CH-A,EDG-10,Edge,0.84,294.5,94.38,97.48,89.12,906.4,True,True,True,True,0,0.0,
772,Rev4,4,W027,AE-3200,CH-A,EDG-11,Edge,0.84,327.3,100.99,96.86,88.27,1006.7,False,True,True,True,1,2.41,polymer_residue
773,Rev4,4,W027,AE-3200,CH-A,EXT-01,Extreme Edge,0.96,16.4,101.98,96.85,90.85,966.5,False,True,True,True,0,0.0,
774,Rev4,4,W027,AE-3200,CH-A,EXT-02,Extreme Edge,0.96,49.1,96.7,99.14,93.74,993.7,True,False,True,True,1,4.81,
775,Rev4,4,W027,AE-3200,CH-A,EXT-03,Extreme Edge,0.96,81.8,101.46,94.39,86.84,966.3,False,True,True,True,1,5.82,polymer_residue
776,Rev4,4,W027,AE-3200,CH-A,EXT-04,Extreme Edge,0.96,114.5,98.85,97.44,86.48,1056.1,True,True,True,True,0,0.0,
777,Rev4,4,W027,AE-3200,CH-A,EXT-05,Extreme Edge,0.96,147.3,100.05,95.7,97.28,966.3,True,True,False,True,2,7.93,endpoint_late
778,Rev4,4,W027,AE-3200,CH-A,EXT-06,Extreme Edge,0.96,180.0,99.03,94.2,86.44,911.6,True,True,True,True,2,11.91,
779,Rev4,4,W027,AE-3200,CH-A,EXT-07,Extreme Edge,0.96,212.7,99.44,97.88,87.74,948.2,True,False,True,True,2,8.89,
780,Rev4,4,W027,AE-3200,CH-A,EXT-08,Extreme Edge,0.96,245.5,100.66,96.31,89.11,958.2,True,True,True,True,1,3.56,
781,Rev4,4,W027,AE-3200,CH-A,EXT-09,Extreme Edge,0.96,278.2,103.86,92.1,89.77,1025.5,False,True,True,True,0,0.0,
782,Rev4,4,W027,AE-3200,CH-A,EXT-10,Extreme Edge,0.96,310.9,99.66,95.15,93.26,986.3,True,True,True,True,1,4.07,polymer_residue
783,Rev4,4,W027,AE-3200,CH-A,EXT-11,Extreme Edge,0.96,343.6,102.08,92.42,89.02,1050.8,False,True,True,True,0,0.0,
784,Rev5,5,W028,AE-3200,CH-B,C1,Center,0.0,0.0,97.51,91.15,80.22,1000.8,True,True,True,True,0,0.0,
785,Rev5,5,W028,AE-3200,CH-B,MID-01,Mid,0.52,30.0,96.81,92.07,86.66,1027.8,True,True,True,True,1,4.94,
786,Rev5,5,W028,AE-3200,CH-B,MID-02,Mid,0.52,90.0,98.25,96.36,83.63,913.0,True,True,True,True,1,4.56,
787,Rev5,5,W028,AE-3200,CH-B,MID-03,Mid,0.52,150.0,100.97,91.78,84.89,969.9,False,True,True,True,0,0.0,
788,Rev5,5,W028,AE-3200,CH-B,MID-04,Mid,0.52,210.0,97.4,92.22,79.66,953.2,True,True,True,True,0,0.0,
789,Rev5,5,W028,AE-3200,CH-B,MID-05,Mid,0.52,270.0,96.84,93.66,74.42,956.2,True,True,False,True,1,4.49,polymer_residue
790,Rev5,5,W028,AE-3200,CH-B,MID-06,Mid,0.52,330.0,100.85,94.67,87.09,1019.0,False,True,True,True,0,0.0,
791,Rev5,5,W028,AE-3200,CH-B,EDG-01,Edge,0.84,0.0,99.84,98.18,71.16,953.7,True,False,False,True,1,1.97,
792,Rev5,5,W028,AE-3200,CH-B,EDG-02,Edge,0.84,32.7,103.17,100.93,85.58,991.4,False,False,True,True,2,12.36,
793,Rev5,5,W028,AE-3200,CH-B,EDG-03,Edge,0.84,65.5,98.73,92.41,86.95,955.8,True,True,True,True,0,0.0,
794,Rev5,5,W028,AE-3200,CH-B,EDG-04,Edge,0.84,98.2,101.88,96.15,80.63,930.1,False,True,True,True,0,0.0,
795,Rev5,5,W028,AE-3200,CH-B,EDG-05,Edge,0.84,130.9,98.28,95.37,88.31,903.0,True,True,True,True,3,10.59,esc_temp_drift
796,Rev5,5,W028,AE-3200,CH-B,EDG-06,Edge,0.84,163.6,99.75,96.56,78.94,989.8,True,True,True,True,0,0.0,
797,Rev5,5,W028,AE-3200,CH-B,EDG-07,Edge,0.84,196.4,99.19,97.78,83.91,1043.1,True,False,True,True,0,0.0,
798,Rev5,5,W028,AE-3200,CH-B,EDG-08,Edge,0.84,229.1,94.89,97.8,92.48,927.9,True,False,True,True,1,2.25,
799,Rev5,5,W028,AE-3200,CH-B,EDG-09,Edge,0.84,261.8,97.31,94.08,92.03,899.7,True,True,True,True,1,1.93,
800,Rev5,5,W028,AE-3200,CH-B,EDG-10,Edge,0.84,294.5,98.83,95.27,91.03,964.5,True,True,True,True,1,5.04,pressure_spike
801,Rev5,5,W028,AE-3200,CH-B,EDG-11,Edge,0.84,327.3,100.03,94.31,88.61,869.2,True,True,True,False,1,4.79,polymer_residue
802,Rev5,5,W028,AE-3200,CH-B,EXT-01,Extreme Edge,0.96,16.4,100.31,96.06,88.19,966.4,True,True,True,True,1,5.33,pressure_spike
803,Rev5,5,W028,AE-3200,CH-B,EXT-02,Extreme Edge,0.96,49.1,99.1,100.49,86.49,839.8,True,False,True,False,0,0.0,
804,Rev5,5,W028,AE-3200,CH-B,EXT-03,Extreme Edge,0.96,81.8,101.7,93.88,91.23,969.9,False,True,True,True,1,4.37,polymer_residue
805,Rev5,5,W028,AE-3200,CH-B,EXT-04,Extreme Edge,0.96,114.5,101.47,94.89,84.03,809.5,False,True,True,False,1,3.3,endpoint_late
806,Rev5,5,W028,AE-3200,CH-B,EXT-05,Extreme Edge,0.96,147.3,102.73,100.99,87.56,920.8,False,False,True,True,0,0.0,
807,Rev5,5,W028,AE-3200,CH-B,EXT-06,Extreme Edge,0.96,180.0,99.21,92.12,87.86,918.7,True,True,True,True,1,3.17,
808,Rev5,5,W028,AE-3200,CH-B,EXT-07,Extreme Edge,0.96,212.7,102.9,94.52,89.6,949.8,False,True,True,True,0,0.0,
809,Rev5,5,W028,AE-3200,CH-B,EXT-08,Extreme Edge,0.96,245.5,97.13,95.72,88.59,928.9,True,True,True,True,1,3.16,endpoint_late
810,Rev5,5,W028,AE-3200,CH-B,EXT-09,Extreme Edge,0.96,278.2,102.64,98.27,94.01,919.1,False,False,True,True,0,0.0,
811,Rev5,5,W028,AE-3200,CH-B,EXT-10,Extreme Edge,0.96,310.9,97.17,96.35,83.38,982.3,True,True,True,True,1,2.18,
812,Rev5,5,W028,AE-3200,CH-B,EXT-11,Extreme Edge,0.96,343.6,100.05,95.46,89.85,912.6,True,True,True,True,0,0.0,
813,Base,0,W029,AE-3200,CH-A,C1,Center,0.0,0.0,93.38,96.67,78.8,950.8,True,True,True,True,0,0.0,
814,Base,0,W029,AE-3200,CH-A,MID-01,Mid,0.52,30.0,98.42,95.69,90.68,1006.2,True,True,True,True,1,5.82,polymer_residue
815,Base,0,W029,AE-3200,CH-A,MID-02,Mid,0.52,90.0,98.0,92.54,79.79,1004.5,True,True,True,True,0,0.0,
816,Base,0,W029,AE-3200,CH-A,MID-03,Mid,0.52,150.0,97.66,95.68,82.58,945.3,True,True,True,True,0,0.0,
817,Base,0,W029,AE-3200,CH-A,MID-04,Mid,0.52,210.0,97.34,96.77,84.49,974.5,True,True,True,True,0,0.0,
818,Base,0,W029,AE-3200,CH-A,MID-05,Mid,0.52,270.0,96.69,95.76,76.09,1202.1,True,True,False,False,1,6.01,polymer_residue
819,Base,0,W029,AE-3200,CH-A,MID-06,Mid,0.52,330.0,100.32,97.31,83.2,1046.6,True,True,True,True,1,3.91,
820,Base,0,W029,AE-3200,CH-A,EDG-01,Edge,0.84,0.0,99.67,103.25,78.85,1102.6,True,False,True,False,0,0.0,
821,Base,0,W029,AE-3200,CH-A,EDG-02,Edge,0.84,32.7,97.46,95.82,93.41,1067.8,True,True,True,True,0,0.0,
822,Base,0,W029,AE-3200,CH-A,EDG-03,Edge,0.84,65.5,96.79,93.66,101.47,1002.4,True,True,False,True,0,0.0,
823,Base,0,W029,AE-3200,CH-A,EDG-04,Edge,0.84,98.2,99.53,99.78,93.58,1132.9,True,False,True,False,2,10.53,
824,Base,0,W029,AE-3200,CH-A,EDG-05,Edge,0.84,130.9,97.74,98.76,89.91,1045.3,True,False,True,True,0,0.0,
825,Base,0,W029,AE-3200,CH-A,EDG-06,Edge,0.84,163.6,100.25,93.11,87.26,1114.1,True,True,True,False,2,9.37,polymer_residue
826,Base,0,W029,AE-3200,CH-A,EDG-07,Edge,0.84,196.4,100.16,96.14,87.83,1012.1,True,True,True,True,0,0.0,
827,Base,0,W029,AE-3200,CH-A,EDG-08,Edge,0.84,229.1,99.49,101.06,88.17,1077.8,True,False,True,True,2,10.56,
828,Base,0,W029,AE-3200,CH-A,EDG-09,Edge,0.84,261.8,101.4,98.48,87.39,1042.5,False,False,True,True,3,6.66,polymer_residue
829,Base,0,W029,AE-3200,CH-A,EDG-10,Edge,0.84,294.5,98.88,93.78,82.36,1013.8,True,True,True,True,1,2.28,polymer_residue
830,Base,0,W029,AE-3200,CH-A,EDG-11,Edge,0.84,327.3,100.08,95.82,86.86,1021.0,True,True,True,True,0,0.0,
831,Base,0,W029,AE-3200,CH-A,EXT-01,Extreme Edge,0.96,16.4,98.24,97.62,81.6,987.1,True,False,True,True,1,4.11,esc_temp_drift
832,Base,0,W029,AE-3200,CH-A,EXT-02,Extreme Edge,0.96,49.1,97.84,94.6,81.03,1018.9,True,True,True,True,1,2.76,
833,Base,0,W029,AE-3200,CH-A,EXT-03,Extreme Edge,0.96,81.8,96.13,98.2,95.62,1018.1,True,False,False,True,2,10.08,polymer_residue
834,Base,0,W029,AE-3200,CH-A,EXT-04,Extreme Edge,0.96,114.5,99.09,98.69,87.15,940.2,True,False,True,True,0,0.0,
835,Base,0,W029,AE-3200,CH-A,EXT-05,Extreme Edge,0.96,147.3,98.99,99.83,96.35,1007.0,True,False,False,True,2,5.51,polymer_residue
836,Base,0,W029,AE-3200,CH-A,EXT-06,Extreme Edge,0.96,180.0,96.94,96.99,89.27,1139.2,True,True,True,False,1,2.53,endpoint_late
837,Base,0,W029,AE-3200,CH-A,EXT-07,Extreme Edge,0.96,212.7,99.21,100.88,90.94,1062.4,True,False,True,True,1,3.36,polymer_residue
838,Base,0,W029,AE-3200,CH-A,EXT-08,Extreme Edge,0.96,245.5,96.37,97.44,93.88,986.0,True,True,True,True,0,0.0,
839,Base,0,W029,AE-3200,CH-A,EXT-09,Extreme Edge,0.96,278.2,98.72,104.36,83.32,1109.3,True,False,True,False,1,5.12,
840,Base,0,W029,AE-3200,CH-A,EXT-10,Extreme Edge,0.96,310.9,96.77,97.17,83.94,1045.2,True,True,True,True,2,11.28,polymer_residue
841,Base,0,W029,AE-3200,CH-A,EXT-11,Extreme Edge,0.96,343.6,99.29,99.56,86.87,1108.4,True,False,True,False,1,2.56,arc_event
842,Rev2,2,W030,PX-7500,CH-C,C1,Center,0.0,0.0,95.34,92.34,90.64,889.2,True,True,True,True,0,0.0,
843,Rev2,2,W030,PX-7500,CH-C,MID-01,Mid,0.52,30.0,96.65,96.11,93.32,1063.2,True,True,True,True,0,0.0,
844,Rev2,2,W030,PX-7500,CH-C,MID-02,Mid,0.52,90.0,98.9,96.94,92.92,1098.2,True,True,True,False,0,0.0,
845,Rev2,2,W030,PX-7500,CH-C,MID-03,Mid,0.52,150.0,95.63,96.3,88.48,1010.2,True,True,True,True,0,0.0,
846,Rev2,2,W030,PX-7500,CH-C,MID-04,Mid,0.52,210.0,97.51,95.02,94.38,903.8,True,True,True,True,0,0.0,
847,Rev2,2,W030,PX-7500,CH-C,MID-05,Mid,0.52,270.0,97.69,94.26,90.35,1040.6,True,True,True,True,0,0.0,
848,Rev2,2,W030,PX-7500,CH-C,MID-06,Mid,0.52,330.0,96.0,94.06,87.02,1008.5,True,True,True,True,0,0.0,
849,Rev2,2,W030,PX-7500,CH-C,EDG-01,Edge,0.84,0.0,95.24,95.89,95.48,978.1,True,True,False,True,1,5.68,
850,Rev2,2,W030,PX-7500,CH-C,EDG-02,Edge,0.84,32.7,98.55,93.92,82.52,1020.5,True,True,True,True,2,11.28,
851,Rev2,2,W030,PX-7500,CH-C,EDG-03,Edge,0.84,65.5,101.02,97.68,85.56,999.7,False,False,True,True,2,6.68,
852,Rev2,2,W030,PX-7500,CH-C,EDG-04,Edge,0.84,98.2,101.08,92.93,93.02,870.6,False,True,True,False,1,3.65,polymer_residue
853,Rev2,2,W030,PX-7500,CH-C,EDG-05,Edge,0.84,130.9,96.43,95.86,101.58,1018.8,True,True,False,True,1,4.67,
854,Rev2,2,W030,PX-7500,CH-C,EDG-06,Edge,0.84,163.6,98.51,95.19,94.91,898.8,True,True,False,True,0,0.0,
855,Rev2,2,W030,PX-7500,CH-C,EDG-07,Edge,0.84,196.4,96.45,100.25,92.16,1029.0,True,False,True,True,1,4.52,polymer_residue
856,Rev2,2,W030,PX-7500,CH-C,EDG-08,Edge,0.84,229.1,98.29,96.66,86.01,1101.8,True,True,True,False,2,10.45,
857,Rev2,2,W030,PX-7500,CH-C,EDG-09,Edge,0.84,261.8,96.55,97.37,92.13,957.5,True,True,True,True,0,0.0,
858,Rev2,2,W030,PX-7500,CH-C,EDG-10,Edge,0.84,294.5,99.73,97.55,91.41,1051.8,True,True,True,True,0,0.0,
859,Rev2,2,W030,PX-7500,CH-C,EDG-11,Edge,0.84,327.3,101.39,99.09,81.0,1004.6,False,False,True,True,2,7.45,
860,Rev2,2,W030,PX-7500,CH-C,EXT-01,Extreme Edge,0.96,16.4,100.52,98.32,96.91,947.1,True,False,False,True,0,0.0,
861,Rev2,2,W030,PX-7500,CH-C,EXT-02,Extreme Edge,0.96,49.1,100.12,95.06,87.86,1101.8,True,True,True,False,0,0.0,
862,Rev2,2,W030,PX-7500,CH-C,EXT-03,Extreme Edge,0.96,81.8,99.55,100.37,90.78,944.0,True,False,True,True,1,3.22,polymer_residue
863,Rev2,2,W030,PX-7500,CH-C,EXT-04,Extreme Edge,0.96,114.5,99.71,96.68,83.63,986.8,True,True,True,True,0,0.0,
864,Rev2,2,W030,PX-7500,CH-C,EXT-05,Extreme Edge,0.96,147.3,97.17,97.22,95.96,975.4,True,True,False,True,0,0.0,
865,Rev2,2,W030,PX-7500,CH-C,EXT-06,Extreme Edge,0.96,180.0,96.16,98.44,91.08,947.4,True,False,True,True,0,0.0,
866,Rev2,2,W030,PX-7500,CH-C,EXT-07,Extreme Edge,0.96,212.7,100.35,95.26,91.25,994.0,True,True,True,True,0,0.0,
867,Rev2,2,W030,PX-7500,CH-C,EXT-08,Extreme Edge,0.96,245.5,99.91,97.45,92.5,1000.8,True,True,True,True,2,10.19,polymer_residue
868,Rev2,2,W030,PX-7500,CH-C,EXT-09,Extreme Edge,0.96,278.2,99.78,97.67,89.75,990.0,True,False,True,True,0,0.0,
869,Rev2,2,W030,PX-7500,CH-C,EXT-10,Extreme Edge,0.96,310.9,98.43,93.53,97.58,1038.9,True,True,False,True,0,0.0,
870,Rev2,2,W030,PX-7500,CH-C,EXT-11,Extreme Edge,0.96,343.6,99.76,99.56,93.92,964.9,True,False,True,True,0,0.0,
871,Rev7,7,W031,PX-7500,CH-D,C1,Center,0.0,0.0,97.31,88.96,84.79,904.5,True,True,True,True,0,0.0,
872,Rev7,7,W031,PX-7500,CH-D,MID-01,Mid,0.52,30.0,99.76,93.6,90.4,1025.7,True,True,True,True,0,0.0,
873,Rev7,7,W031,PX-7500,CH-D,MID-02,Mid,0.52,90.0,97.76,95.56,81.19,1084.2,True,True,True,True,0,0.0,
874,Rev7,7,W031,PX-7500,CH-D,MID-03,Mid,0.52,150.0,98.59,93.63,88.43,1091.9,True,True,True,False,0,0.0,
875,Rev7,7,W031,PX-7500,CH-D,MID-04,Mid,0.52,210.0,100.85,92.38,85.82,968.9,False,True,True,True,0,0.0,
876,Rev7,7,W031,PX-7500,CH-D,MID-05,Mid,0.52,270.0,97.52,94.42,82.33,1036.9,True,True,True,True,0,0.0,
877,Rev7,7,W031,PX-7500,CH-D,MID-06,Mid,0.52,330.0,97.47,95.08,90.44,1053.3,True,True,True,True,0,0.0,
878,Rev7,7,W031,PX-7500,CH-D,EDG-01,Edge,0.84,0.0,100.02,94.8,88.41,1007.4,True,True,True,True,0,0.0,
879,Rev7,7,W031,PX-7500,CH-D,EDG-02,Edge,0.84,32.7,97.54,99.07,94.45,970.4,True,False,True,True,0,0.0,
880,Rev7,7,W031,PX-7500,CH-D,EDG-03,Edge,0.84,65.5,98.33,93.63,89.38,1030.8,True,True,True,True,0,0.0,
881,Rev7,7,W031,PX-7500,CH-D,EDG-04,Edge,0.84,98.2,98.85,93.15,85.87,1022.8,True,True,True,True,1,5.65,
882,Rev7,7,W031,PX-7500,CH-D,EDG-05,Edge,0.84,130.9,103.15,94.44,91.08,1023.0,False,True,True,True,0,0.0,
883,Rev7,7,W031,PX-7500,CH-D,EDG-06,Edge,0.84,163.6,100.87,96.46,85.66,1066.4,False,True,True,True,0,0.0,
884,Rev7,7,W031,PX-7500,CH-D,EDG-07,Edge,0.84,196.4,97.38,97.06,83.44,1044.4,True,True,True,True,0,0.0,
885,Rev7,7,W031,PX-7500,CH-D,EDG-08,Edge,0.84,229.1,98.05,97.88,81.21,1115.8,True,False,True,False,1,1.98,pressure_spike
886,Rev7,7,W031,PX-7500,CH-D,EDG-09,Edge,0.84,261.8,101.2,95.12,91.1,1093.9,False,True,True,False,0,0.0,
887,Rev7,7,W031,PX-7500,CH-D,EDG-10,Edge,0.84,294.5,102.61,96.25,83.57,1095.8,False,True,True,False,1,4.74,endpoint_late
888,Rev7,7,W031,PX-7500,CH-D,EDG-11,Edge,0.84,327.3,102.02,94.98,85.19,1037.4,False,True,True,True,1,4.46,pressure_spike
889,Rev7,7,W031,PX-7500,CH-D,EXT-01,Extreme Edge,0.96,16.4,100.62,93.23,96.85,1159.1,True,True,False,False,1,1.89,pressure_spike
890,Rev7,7,W031,PX-7500,CH-D,EXT-02,Extreme Edge,0.96,49.1,97.32,94.5,90.11,1102.4,True,True,True,False,1,5.26,
891,Rev7,7,W031,PX-7500,CH-D,EXT-03,Extreme Edge,0.96,81.8,98.08,100.88,94.06,933.3,True,False,True,True,1,5.84,arc_event
892,Rev7,7,W031,PX-7500,CH-D,EXT-04,Extreme Edge,0.96,114.5,99.43,97.14,92.05,1052.8,True,True,True,True,0,0.0,
893,Rev7,7,W031,PX-7500,CH-D,EXT-05,Extreme Edge,0.96,147.3,95.0,98.73,95.67,1046.7,True,False,False,True,0,0.0,
894,Rev7,7,W031,PX-7500,CH-D,EXT-06,Extreme Edge,0.96,180.0,100.96,98.44,91.68,994.6,False,False,True,True,0,0.0,
895,Rev7,7,W031,PX-7500,CH-D,EXT-07,Extreme Edge,0.96,212.7,102.11,97.41,89.65,1043.0,False,True,True,True,1,2.64,polymer_residue
896,Rev7,7,W031,PX-7500,CH-D,EXT-08,Extreme Edge,0.96,245.5,100.34,93.47,83.34,1052.5,True,True,True,True,3,18.45,
897,Rev7,7,W031,PX-7500,CH-D,EXT-09,Extreme Edge,0.96,278.2,100.69,92.98,82.24,977.2,True,True,True,True,0,0.0,
898,Rev7,7,W031,PX-7500,CH-D,EXT-10,Extreme Edge,0.96,310.9,99.39,92.59,94.48,1025.5,True,True,True,True,0,0.0,
899,Rev7,7,W031,PX-7500,CH-D,EXT-11,Extreme Edge,0.96,343.6,101.04,96.73,88.35,977.7,False,True,True,True,1,3.25,
900,Rev6,6,W032,PX-7500,CH-C,C1,Center,0.0,0.0,101.83,92.5,83.66,936.4,False,True,True,True,0,0.0,
901,Rev6,6,W032,PX-7500,CH-C,MID-01,Mid,0.52,30.0,97.88,98.4,84.37,1014.0,True,False,True,True,0,0.0,
902,Rev6,6,W032,PX-7500,CH-C,MID-02,Mid,0.52,90.0,98.76,95.77,80.56,1122.3,True,True,True,False,0,0.0,
903,Rev6,6,W032,PX-7500,CH-C,MID-03,Mid,0.52,150.0,94.2,88.95,81.57,974.1,True,True,True,True,0,0.0,
904,Rev6,6,W032,PX-7500,CH-C,MID-04,Mid,0.52,210.0,99.58,93.07,81.21,1037.0,True,True,True,True,0,0.0,
905,Rev6,6,W032,PX-7500,CH-C,MID-05,Mid,0.52,270.0,96.48,93.25,80.75,1093.7,True,True,True,False,0,0.0,
906,Rev6,6,W032,PX-7500,CH-C,MID-06,Mid,0.52,330.0,97.4,94.39,86.52,975.0,True,True,True,True,0,0.0,
907,Rev6,6,W032,PX-7500,CH-C,EDG-01,Edge,0.84,0.0,100.35,89.76,81.87,983.6,True,True,True,True,0,0.0,
908,Rev6,6,W032,PX-7500,CH-C,EDG-02,Edge,0.84,32.7,101.03,96.51,82.64,1109.2,False,True,True,False,1,4.1,polymer_residue
909,Rev6,6,W032,PX-7500,CH-C,EDG-03,Edge,0.84,65.5,99.83,93.84,93.99,1030.4,True,True,True,True,0,0.0,
910,Rev6,6,W032,PX-7500,CH-C,EDG-04,Edge,0.84,98.2,97.9,91.56,80.37,1070.5,True,True,True,True,1,2.97,
911,Rev6,6,W032,PX-7500,CH-C,EDG-05,Edge,0.84,130.9,96.94,93.18,85.55,1081.2,True,True,True,True,0,0.0,
912,Rev6,6,W032,PX-7500,CH-C,EDG-06,Edge,0.84,163.6,100.17,94.86,88.46,1036.2,True,True,True,True,1,4.17,
913,Rev6,6,W032,PX-7500,CH-C,EDG-07,Edge,0.84,196.4,101.21,91.87,89.47,1008.9,False,True,True,True,0,0.0,
914,Rev6,6,W032,PX-7500,CH-C,EDG-08,Edge,0.84,229.1,96.75,92.22,89.21,903.7,True,True,True,True,0,0.0,
915,Rev6,6,W032,PX-7500,CH-C,EDG-09,Edge,0.84,261.8,98.48,93.69,88.26,1124.8,True,True,True,False,1,4.95,
916,Rev6,6,W032,PX-7500,CH-C,EDG-10,Edge,0.84,294.5,98.65,90.74,88.88,982.4,True,True,True,True,0,0.0,
917,Rev6,6,W032,PX-7500,CH-C,EDG-11,Edge,0.84,327.3,99.76,96.63,100.91,1047.1,True,True,False,True,1,2.68,polymer_residue
918,Rev6,6,W032,PX-7500,CH-C,EXT-01,Extreme Edge,0.96,16.4,100.59,90.56,91.63,996.9,True,True,True,True,2,9.69,endpoint_late
919,Rev6,6,W032,PX-7500,CH-C,EXT-02,Extreme Edge,0.96,49.1,98.4,97.49,93.84,1030.6,True,True,True,True,0,0.0,
920,Rev6,6,W032,PX-7500,CH-C,EXT-03,Extreme Edge,0.96,81.8,102.87,99.43,93.41,1053.0,False,False,True,True,1,2.81,polymer_residue
921,Rev6,6,W032,PX-7500,CH-C,EXT-04,Extreme Edge,0.96,114.5,103.14,96.59,91.3,991.2,False,True,True,True,1,1.85,polymer_residue
922,Rev6,6,W032,PX-7500,CH-C,EXT-05,Extreme Edge,0.96,147.3,97.89,93.55,90.01,1175.5,True,True,True,False,1,2.76,
923,Rev6,6,W032,PX-7500,CH-C,EXT-06,Extreme Edge,0.96,180.0,97.67,97.07,82.83,1008.8,True,True,True,True,0,0.0,
924,Rev6,6,W032,PX-7500,CH-C,EXT-07,Extreme Edge,0.96,212.7,98.28,93.24,96.78,1064.2,True,True,False,True,0,0.0,
925,Rev6,6,W032,PX-7500,CH-C,EXT-08,Extreme Edge,0.96,245.5,95.86,92.14,89.31,1097.5,True,True,True,False,0,0.0,
926,Rev6,6,W032,PX-7500,CH-C,EXT-09,Extreme Edge,0.96,278.2,98.35,94.88,86.33,1046.5,True,True,True,True,0,0.0,
927,Rev6,6,W032,PX-7500,CH-C,EXT-10,Extreme Edge,0.96,310.9,95.88,94.22,94.21,995.8,True,True,True,True,0,0.0,
928,Rev6,6,W032,PX-7500,CH-C,EXT-11,Extreme Edge,0.96,343.6,100.75,94.98,83.43,1167.9,True,True,True,False,0,0.0,
929,Base,0,W033,AE-3200,CH-A,C1,Center,0.0,0.0,95.9,94.34,82.55,886.0,True,True,True,True,1,1.86,
930,Base,0,W033,AE-3200,CH-A,MID-01,Mid,0.52,30.0,97.44,97.2,85.35,985.6,True,True,True,True,0,0.0,
931,Base,0,W033,AE-3200,CH-A,MID-02,Mid,0.52,90.0,95.04,98.04,86.32,996.1,True,False,True,True,1,4.47,arc_event
932,Base,0,W033,AE-3200,CH-A,MID-03,Mid,0.52,150.0,99.9,98.05,89.07,936.9,True,False,True,True,0,0.0,
933,Base,0,W033,AE-3200,CH-A,MID-04,Mid,0.52,210.0,101.02,94.47,78.67,953.2,False,True,True,True,0,0.0,
934,Base,0,W033,AE-3200,CH-A,MID-05,Mid,0.52,270.0,100.35,100.85,91.6,1033.9,True,False,True,True,0,0.0,
935,Base,0,W033,AE-3200,CH-A,MID-06,Mid,0.52,330.0,103.33,101.78,90.59,917.6,False,False,True,True,0,0.0,
936,Base,0,W033,AE-3200,CH-A,EDG-01,Edge,0.84,0.0,98.53,97.93,84.05,990.3,True,False,True,True,0,0.0,
937,Base,0,W033,AE-3200,CH-A,EDG-02,Edge,0.84,32.7,101.34,100.93,89.49,1052.0,False,False,True,True,1,2.13,polymer_residue
938,Base,0,W033,AE-3200,CH-A,EDG-03,Edge,0.84,65.5,100.37,96.84,85.42,1001.5,True,True,True,True,2,10.38,
939,Base,0,W033,AE-3200,CH-A,EDG-04,Edge,0.84,98.2,98.19,98.71,91.98,878.0,True,False,True,False,0,0.0,
940,Base,0,W033,AE-3200,CH-A,EDG-05,Edge,0.84,130.9,101.95,98.33,90.54,1080.2,False,False,True,True,0,0.0,
941,Base,0,W033,AE-3200,CH-A,EDG-06,Edge,0.84,163.6,99.82,97.24,81.19,1089.3,True,True,True,True,0,0.0,
942,Base,0,W033,AE-3200,CH-A,EDG-07,Edge,0.84,196.4,100.53,97.07,73.68,1003.6,True,True,False,True,0,0.0,
943,Base,0,W033,AE-3200,CH-A,EDG-08,Edge,0.84,229.1,103.25,97.73,86.91,993.8,False,False,True,True,2,12.28,arc_event
944,Base,0,W033,AE-3200,CH-A,EDG-09,Edge,0.84,261.8,102.56,97.26,85.44,943.5,False,True,True,True,0,0.0,
945,Base,0,W033,AE-3200,CH-A,EDG-10,Edge,0.84,294.5,99.42,100.81,88.4,910.9,True,False,True,True,1,2.89,
946,Base,0,W033,AE-3200,CH-A,EDG-11,Edge,0.84,327.3,102.94,98.25,91.85,1047.5,False,False,True,True,2,11.56,polymer_residue
947,Base,0,W033,AE-3200,CH-A,EXT-01,Extreme Edge,0.96,16.4,99.27,99.28,83.56,1009.6,True,False,True,True,1,2.57,polymer_residue
948,Base,0,W033,AE-3200,CH-A,EXT-02,Extreme Edge,0.96,49.1,102.52,102.38,95.51,986.5,False,False,False,True,0,0.0,
949,Base,0,W033,AE-3200,CH-A,EXT-03,Extreme Edge,0.96,81.8,101.95,100.62,84.45,936.9,False,False,True,True,1,5.41,
950,Base,0,W033,AE-3200,CH-A,EXT-04,Extreme Edge,0.96,114.5,101.39,94.24,86.3,971.9,False,True,True,True,0,0.0,
951,Base,0,W033,AE-3200,CH-A,EXT-05,Extreme Edge,0.96,147.3,101.69,97.11,94.7,1092.8,False,True,False,False,0,0.0,
952,Base,0,W033,AE-3200,CH-A,EXT-06,Extreme Edge,0.96,180.0,103.12,99.16,88.93,1000.6,False,False,True,True,1,6.02,
953,Base,0,W033,AE-3200,CH-A,EXT-07,Extreme Edge,0.96,212.7,100.44,104.43,85.96,902.1,True,False,True,True,0,0.0,
954,Base,0,W033,AE-3200,CH-A,EXT-08,Extreme Edge,0.96,245.5,101.55,99.65,85.74,876.9,False,False,True,False,1,1.81,esc_temp_drift
955,Base,0,W033,AE-3200,CH-A,EXT-09,Extreme Edge,0.96,278.2,100.04,98.02,95.58,881.2,True,False,False,True,1,4.94,
956,Base,0,W033,AE-3200,CH-A,EXT-10,Extreme Edge,0.96,310.9,100.91,102.0,84.07,977.6,False,False,True,True,1,2.85,polymer_residue
957,Base,0,W033,AE-3200,CH-A,EXT-11,Extreme Edge,0.96,343.6,102.29,98.88,85.0,876.4,False,False,True,False,1,6.01,
958,Rev10,10,W034,PX-7500,CH-C,C1,Center,0.0,0.0,96.07,86.25,87.68,1047.7,True,False,True,True,1,2.37,
959,Rev10,10,W034,PX-7500,CH-C,MID-01,Mid,0.52,30.0,94.07,88.6,88.06,1078.3,True,True,True,True,0,0.0,
960,Rev10,10,W034,PX-7500,CH-C,MID-02,Mid,0.52,90.0,96.94,93.37,93.49,1116.1,True,True,True,False,0,0.0,
961,Rev10,10,W034,PX-7500,CH-C,MID-03,Mid,0.52,150.0,92.75,93.83,87.51,1046.1,True,True,True,True,0,0.0,
962,Rev10,10,W034,PX-7500,CH-C,MID-04,Mid,0.52,210.0,94.25,92.68,85.72,1106.5,True,True,True,False,0,0.0,
963,Rev10,10,W034,PX-7500,CH-C,MID-05,Mid,0.52,270.0,96.62,89.52,87.68,1130.3,True,True,True,False,0,0.0,
964,Rev10,10,W034,PX-7500,CH-C,MID-06,Mid,0.52,330.0,94.18,93.78,95.07,1103.2,True,True,False,False,0,0.0,
965,Rev10,10,W034,PX-7500,CH-C,EDG-01,Edge,0.84,0.0,97.62,90.4,95.98,974.8,True,True,False,True,2,11.61,endpoint_late
966,Rev10,10,W034,PX-7500,CH-C,EDG-02,Edge,0.84,32.7,101.6,93.69,90.35,1004.4,False,True,True,True,0,0.0,
967,Rev10,10,W034,PX-7500,CH-C,EDG-03,Edge,0.84,65.5,99.39,91.29,97.24,1022.8,True,True,False,True,1,4.85,polymer_residue
968,Rev10,10,W034,PX-7500,CH-C,EDG-04,Edge,0.84,98.2,99.65,89.09,99.2,1074.1,True,True,False,True,0,0.0,
969,Rev10,10,W034,PX-7500,CH-C,EDG-05,Edge,0.84,130.9,97.51,90.38,92.62,1105.2,True,True,True,False,1,2.8,
970,Rev10,10,W034,PX-7500,CH-C,EDG-06,Edge,0.84,163.6,98.46,91.73,104.27,1008.2,True,True,False,True,1,2.16,polymer_residue
971,Rev10,10,W034,PX-7500,CH-C,EDG-07,Edge,0.84,196.4,97.37,92.66,97.46,1014.4,True,True,False,True,0,0.0,
972,Rev10,10,W034,PX-7500,CH-C,EDG-08,Edge,0.84,229.1,100.98,89.93,98.42,1036.9,False,True,False,True,0,0.0,
973,Rev10,10,W034,PX-7500,CH-C,EDG-09,Edge,0.84,261.8,99.12,97.81,97.67,955.6,True,False,False,True,0,0.0,
974,Rev10,10,W034,PX-7500,CH-C,EDG-10,Edge,0.84,294.5,97.91,92.14,100.7,1056.4,True,True,False,True,0,0.0,
975,Rev10,10,W034,PX-7500,CH-C,EDG-11,Edge,0.84,327.3,99.19,92.02,100.08,1031.6,True,True,False,True,1,3.81,
976,Rev10,10,W034,PX-7500,CH-C,EXT-01,Extreme Edge,0.96,16.4,102.1,94.13,101.56,1096.8,False,True,False,False,2,10.38,polymer_residue
977,Rev10,10,W034,PX-7500,CH-C,EXT-02,Extreme Edge,0.96,49.1,96.85,95.16,96.64,1134.2,True,True,False,False,2,5.73,pressure_spike
978,Rev10,10,W034,PX-7500,CH-C,EXT-03,Extreme Edge,0.96,81.8,99.09,96.2,95.87,1089.9,True,True,False,True,0,0.0,
979,Rev10,10,W034,PX-7500,CH-C,EXT-04,Extreme Edge,0.96,114.5,101.31,92.57,88.98,1079.0,False,True,True,True,0,0.0,
980,Rev10,10,W034,PX-7500,CH-C,EXT-05,Extreme Edge,0.96,147.3,99.85,95.27,93.87,1033.2,True,True,True,True,0,0.0,
981,Rev10,10,W034,PX-7500,CH-C,EXT-06,Extreme Edge,0.96,180.0,102.82,93.59,99.4,1087.8,False,True,False,True,0,0.0,
982,Rev10,10,W034,PX-7500,CH-C,EXT-07,Extreme Edge,0.96,212.7,100.39,96.63,98.52,1017.1,True,True,False,True,0,0.0,
983,Rev10,10,W034,PX-7500,CH-C,EXT-08,Extreme Edge,0.96,245.5,99.32,96.72,97.72,1032.5,True,True,False,True,2,4.38,esc_temp_drift
984,Rev10,10,W034,PX-7500,CH-C,EXT-09,Extreme Edge,0.96,278.2,101.45,93.34,95.79,980.9,False,True,False,True,0,0.0,
985,Rev10,10,W034,PX-7500,CH-C,EXT-10,Extreme Edge,0.96,310.9,101.63,90.54,95.98,1056.0,False,True,False,True,0,0.0,
986,Rev10,10,W034,PX-7500,CH-C,EXT-11,Extreme Edge,0.96,343.6,102.59,90.96,98.14,1087.5,False,True,False,True,0,0.0,
987,Base,0,W035,AE-3200,CH-A,C1,Center,0.0,0.0,97.52,96.19,82.72,960.6,True,True,True,True,0,0.0,
988,Base,0,W035,AE-3200,CH-A,MID-01,Mid,0.52,30.0,96.45,98.63,81.24,1050.2,True,False,True,True,0,0.0,
989,Base,0,W035,AE-3200,CH-A,MID-02,Mid,0.52,90.0,92.49,99.79,86.75,994.6,True,False,True,True,0,0.0,
990,Base,0,W035,AE-3200,CH-A,MID-03,Mid,0.52,150.0,98.78,100.71,83.64,955.1,True,False,True,True,0,0.0,
991,Base,0,W035,AE-3200,CH-A,MID-04,Mid,0.52,210.0,94.9,95.75,82.98,1045.6,True,True,True,True,0,0.0,
992,Base,0,W035,AE-3200,CH-A,MID-05,Mid,0.52,270.0,93.81,99.73,81.75,996.3,True,False,True,True,0,0.0,
993,Base,0,W035,AE-3200,CH-A,MID-06,Mid,0.52,330.0,99.98,96.54,80.72,988.0,True,True,True,True,0,0.0,
994,Base,0,W035,AE-3200,CH-A,EDG-01,Edge,0.84,0.0,95.38,98.49,90.35,970.2,True,False,True,True,0,0.0,
995,Base,0,W035,AE-3200,CH-A,EDG-02,Edge,0.84,32.7,96.11,98.13,88.58,1046.6,True,False,True,True,1,4.95,
996,Base,0,W035,AE-3200,CH-A,EDG-03,Edge,0.84,65.5,99.36,99.71,83.29,1097.0,True,False,True,False,2,5.06,
997,Base,0,W035,AE-3200,CH-A,EDG-04,Edge,0.84,98.2,98.74,101.35,89.44,896.1,True,False,True,True,1,2.67,
998,Base,0,W035,AE-3200,CH-A,EDG-05,Edge,0.84,130.9,101.23,100.95,84.53,965.7,False,False,True,True,1,3.02,
999,Base,0,W035,AE-3200,CH-A,EDG-06,Edge,0.84,163.6,99.23,99.33,84.08,908.4,True,False,True,True,2,4.95,pressure_spike
1000,Base,0,W035,AE-3200,CH-A,EDG-07,Edge,0.84,196.4,98.81,96.36,92.23,920.2,True,True,True,True,2,10.06,
1001,Base,0,W035,AE-3200,CH-A,EDG-08,Edge,0.84,229.1,98.38,99.71,88.87,976.2,True,False,True,True,0,0.0,
1002,Base,0,W035,AE-3200,CH-A,EDG-09,Edge,0.84,261.8,98.49,97.37,84.82,960.1,True,True,True,True,0,0.0,
1003,Base,0,W035,AE-3200,CH-A,EDG-10,Edge,0.84,294.5,97.56,97.19,85.52,1009.1,True,True,True,True,1,3.85,
1004,Base,0,W035,AE-3200,CH-A,EDG-11,Edge,0.84,327.3,96.61,101.75,99.53,938.2,True,False,False,True,1,5.74,
1005,Base,0,W035,AE-3200,CH-A,EXT-01,Extreme Edge,0.96,16.4,101.33,102.65,79.59,1074.5,False,False,True,True,1,3.47,
1006,Base,0,W035,AE-3200,CH-A,EXT-02,Extreme Edge,0.96,49.1,98.44,102.15,94.83,1040.4,True,False,False,True,1,4.37,
1007,Base,0,W035,AE-3200,CH-A,EXT-03,Extreme Edge,0.96,81.8,101.64,99.03,90.14,949.1,False,False,True,True,0,0.0,
1008,Base,0,W035,AE-3200,CH-A,EXT-04,Extreme Edge,0.96,114.5,97.16,101.53,89.87,1018.3,True,False,True,True,0,0.0,
1009,Base,0,W035,AE-3200,CH-A,EXT-05,Extreme Edge,0.96,147.3,98.59,99.13,84.32,970.6,True,False,True,True,2,8.8,arc_event
1010,Base,0,W035,AE-3200,CH-A,EXT-06,Extreme Edge,0.96,180.0,96.39,95.07,86.0,1034.3,True,True,True,True,0,0.0,
1011,Base,0,W035,AE-3200,CH-A,EXT-07,Extreme Edge,0.96,212.7,99.63,103.88,81.58,999.0,True,False,True,True,2,8.9,polymer_residue
1012,Base,0,W035,AE-3200,CH-A,EXT-08,Extreme Edge,0.96,245.5,99.53,99.12,81.64,1116.9,True,False,True,False,0,0.0,
1013,Base,0,W035,AE-3200,CH-A,EXT-09,Extreme Edge,0.96,278.2,102.58,98.83,86.39,993.6,False,False,True,True,0,0.0,
1014,Base,0,W035,AE-3200,CH-A,EXT-10,Extreme Edge,0.96,310.9,100.14,100.64,88.67,909.5,True,False,True,True,1,3.52,pressure_spike
1015,Base,0,W035,AE-3200,CH-A,EXT-11,Extreme Edge,0.96,343.6,99.98,100.75,89.51,1108.1,True,False,True,False,0,0.0,
1016,Rev8,8,W036,AE-3200,CH-A,C1,Center,0.0,0.0,100.96,90.85,90.1,1097.9,False,True,True,False,1,5.26,polymer_residue
1017,Rev8,8,W036,AE-3200,CH-A,MID-01,Mid,0.52,30.0,100.71,92.62,84.27,1187.5,True,True,True,False,0,0.0,
1018,Rev8,8,W036,AE-3200,CH-A,MID-02,Mid,0.52,90.0,99.1,90.84,99.86,1106.1,True,True,False,False,1,3.59,
1019,Rev8,8,W036,AE-3200,CH-A,MID-03,Mid,0.52,150.0,100.54,93.85,91.35,1219.4,True,True,True,False,1,6.49,pressure_spike
1020,Rev8,8,W036,AE-3200,CH-A,MID-04,Mid,0.52,210.0,100.04,87.92,92.57,1245.4,True,True,True,False,2,11.7,
1021,Rev8,8,W036,AE-3200,CH-A,MID-05,Mid,0.52,270.0,99.98,96.06,93.14,1104.6,True,True,True,False,0,0.0,
1022,Rev8,8,W036,AE-3200,CH-A,MID-06,Mid,0.52,330.0,99.97,92.11,97.61,1110.6,True,True,False,False,0,0.0,
1023,Rev8,8,W036,AE-3200,CH-A,EDG-01,Edge,0.84,0.0,101.04,95.83,92.77,1103.4,False,True,True,False,0,0.0,
1024,Rev8,8,W036,AE-3200,CH-A,EDG-02,Edge,0.84,32.7,101.66,94.06,98.09,1109.4,False,True,False,False,0,0.0,
1025,Rev8,8,W036,AE-3200,CH-A,EDG-03,Edge,0.84,65.5,104.43,92.22,89.77,1129.8,False,True,True,False,0,0.0,
1026,Rev8,8,W036,AE-3200,CH-A,EDG-04,Edge,0.84,98.2,101.03,95.02,99.39,1122.1,False,True,False,False,0,0.0,
1027,Rev8,8,W036,AE-3200,CH-A,EDG-05,Edge,0.84,130.9,99.2,91.56,88.95,1132.6,True,True,True,False,2,3.86,arc_event
1028,Rev8,8,W036,AE-3200,CH-A,EDG-06,Edge,0.84,163.6,104.18,93.74,93.68,1122.2,False,True,True,False,1,1.82,endpoint_late
1029,Rev8,8,W036,AE-3200,CH-A,EDG-07,Edge,0.84,196.4,101.74,95.32,95.16,1064.7,False,True,False,True,0,0.0,
1030,Rev8,8,W036,AE-3200,CH-A,EDG-08,Edge,0.84,229.1,104.38,93.86,96.29,1143.4,False,True,False,False,0,0.0,
1031,Rev8,8,W036,AE-3200,CH-A,EDG-09,Edge,0.84,261.8,103.82,95.88,97.28,1061.1,False,True,False,True,1,3.79,
1032,Rev8,8,W036,AE-3200,CH-A,EDG-10,Edge,0.84,294.5,101.21,95.07,93.32,1181.9,False,True,True,False,2,5.58,arc_event
1033,Rev8,8,W036,AE-3200,CH-A,EDG-11,Edge,0.84,327.3,102.34,93.94,103.35,1078.8,False,True,False,True,1,6.24,polymer_residue
1034,Rev8,8,W036,AE-3200,CH-A,EXT-01,Extreme Edge,0.96,16.4,100.57,93.28,97.83,1287.3,True,True,False,False,1,5.7,
1035,Rev8,8,W036,AE-3200,CH-A,EXT-02,Extreme Edge,0.96,49.1,101.55,95.48,97.15,1100.5,False,True,False,False,3,6.59,
1036,Rev8,8,W036,AE-3200,CH-A,EXT-03,Extreme Edge,0.96,81.8,106.36,95.81,100.94,1218.7,False,True,False,False,1,1.81,
1037,Rev8,8,W036,AE-3200,CH-A,EXT-04,Extreme Edge,0.96,114.5,103.35,93.17,94.31,1077.5,False,True,True,True,2,12.89,polymer_residue
1038,Rev8,8,W036,AE-3200,CH-A,EXT-05,Extreme Edge,0.96,147.3,101.37,96.21,98.51,1113.7,False,True,False,False,0,0.0,
1039,Rev8,8,W036,AE-3200,CH-A,EXT-06,Extreme Edge,0.96,180.0,99.38,93.47,93.74,1168.0,True,True,True,False,1,2.01,pressure_spike
1040,Rev8,8,W036,AE-3200,CH-A,EXT-07,Extreme Edge,0.96,212.7,103.74,93.33,102.53,1150.0,False,True,False,False,1,5.04,
1041,Rev8,8,W036,AE-3200,CH-A,EXT-08,Extreme Edge,0.96,245.5,99.03,93.23,95.39,1184.6,True,True,False,False,0,0.0,
1042,Rev8,8,W036,AE-3200,CH-A,EXT-09,Extreme Edge,0.96,278.2,100.19,95.59,88.25,1128.7,True,True,True,False,1,1.87,polymer_residue
1043,Rev8,8,W036,AE-3200,CH-A,EXT-10,Extreme Edge,0.96,310.9,99.04,96.08,103.18,1067.0,True,True,False,True,1,4.05,polymer_residue
1044,Rev8,8,W036,AE-3200,CH-A,EXT-11,Extreme Edge,0.96,343.6,101.09,96.95,96.5,1098.7,False,True,False,False,1,4.79,
1045,Rev9,9,W037,AE-3200,CH-B,C1,Center,0.0,0.0,93.57,89.89,98.14,1036.6,True,True,False,True,0,0.0,
1046,Rev9,9,W037,AE-3200,CH-B,MID-01,Mid,0.52,30.0,95.61,90.74,91.7,1105.6,True,True,True,False,1,5.39,
1047,Rev9,9,W037,AE-3200,CH-B,MID-02,Mid,0.52,90.0,94.52,84.92,100.26,1100.6,True,False,False,False,0,0.0,
1048,Rev9,9,W037,AE-3200,CH-B,MID-03,Mid,0.52,150.0,95.8,90.14,94.34,1106.0,True,True,True,False,0,0.0,
1049,Rev9,9,W037,AE-3200,CH-B,MID-04,Mid,0.52,210.0,93.33,84.86,92.4,1063.8,True,False,True,True,1,4.22,
1050,Rev9,9,W037,AE-3200,CH-B,MID-05,Mid,0.52,270.0,94.52,85.85,98.36,1063.3,True,False,False,True,0,0.0,
1051,Rev9,9,W037,AE-3200,CH-B,MID-06,Mid,0.52,330.0,97.73,89.94,100.59,950.4,True,True,False,True,1,6.12,
1052,Rev9,9,W037,AE-3200,CH-B,EDG-01,Edge,0.84,0.0,101.26,87.04,94.57,1060.2,False,True,False,True,0,0.0,
1053,Rev9,9,W037,AE-3200,CH-B,EDG-02,Edge,0.84,32.7,103.1,88.95,98.91,1200.0,False,True,False,False,2,10.19,polymer_residue
1054,Rev9,9,W037,AE-3200,CH-B,EDG-03,Edge,0.84,65.5,95.49,87.01,99.99,998.3,True,True,False,True,2,8.94,
1055,Rev9,9,W037,AE-3200,CH-B,EDG-04,Edge,0.84,98.2,97.7,89.72,93.18,996.8,True,True,True,True,1,4.14,
1056,Rev9,9,W037,AE-3200,CH-B,EDG-05,Edge,0.84,130.9,97.49,91.69,94.78,1046.7,True,True,False,True,0,0.0,
1057,Rev9,9,W037,AE-3200,CH-B,EDG-06,Edge,0.84,163.6,99.09,92.13,90.38,1151.2,True,True,True,False,0,0.0,
1058,Rev9,9,W037,AE-3200,CH-B,EDG-07,Edge,0.84,196.4,95.57,89.9,92.01,1021.8,True,True,True,True,0,0.0,
1059,Rev9,9,W037,AE-3200,CH-B,EDG-08,Edge,0.84,229.1,97.03,90.72,89.45,1067.6,True,True,True,True,0,0.0,
1060,Rev9,9,W037,AE-3200,CH-B,EDG-09,Edge,0.84,261.8,97.3,88.11,91.78,1150.2,True,True,True,False,1,2.87,arc_event
1061,Rev9,9,W037,AE-3200,CH-B,EDG-10,Edge,0.84,294.5,99.3,89.46,95.47,1099.2,True,True,False,False,0,0.0,
1062,Rev9,9,W037,AE-3200,CH-B,EDG-11,Edge,0.84,327.3,97.73,89.8,99.41,1098.7,True,True,False,False,1,4.03,pressure_spike
1063,Rev9,9,W037,AE-3200,CH-B,EXT-01,Extreme Edge,0.96,16.4,96.94,94.16,92.01,1091.1,True,True,True,False,0,0.0,
1064,Rev9,9,W037,AE-3200,CH-B,EXT-02,Extreme Edge,0.96,49.1,99.57,86.0,99.75,1119.4,True,False,False,False,0,0.0,
1065,Rev9,9,W037,AE-3200,CH-B,EXT-03,Extreme Edge,0.96,81.8,100.23,95.47,98.34,1181.3,True,True,False,False,1,3.29,polymer_residue
1066,Rev9,9,W037,AE-3200,CH-B,EXT-04,Extreme Edge,0.96,114.5,100.77,95.01,101.59,1158.6,True,True,False,False,1,4.56,pressure_spike
1067,Rev9,9,W037,AE-3200,CH-B,EXT-05,Extreme Edge,0.96,147.3,100.99,90.93,95.02,1146.6,False,True,False,False,0,0.0,
1068,Rev9,9,W037,AE-3200,CH-B,EXT-06,Extreme Edge,0.96,180.0,101.18,87.63,96.05,1071.2,False,True,False,True,0,0.0,
1069,Rev9,9,W037,AE-3200,CH-B,EXT-07,Extreme Edge,0.96,212.7,96.56,90.92,101.31,1064.6,True,True,False,True,1,5.07,polymer_residue
1070,Rev9,9,W037,AE-3200,CH-B,EXT-08,Extreme Edge,0.96,245.5,95.59,90.79,96.79,1037.5,True,True,False,True,3,10.44,
1071,Rev9,9,W037,AE-3200,CH-B,EXT-09,Extreme Edge,0.96,278.2,97.85,90.11,94.36,1082.9,True,True,True,True,1,3.05,
1072,Rev9,9,W037,AE-3200,CH-B,EXT-10,Extreme Edge,0.96,310.9,94.26,89.02,88.56,1059.0,True,True,True,True,1,4.61,
1073,Rev9,9,W037,AE-3200,CH-B,EXT-11,Extreme Edge,0.96,343.6,99.39,91.23,93.11,1054.7,True,True,True,True,0,0.0,
1074,Rev2,2,W038,PX-7500,CH-C,C1,Center,0.0,0.0,99.17,94.15,85.34,881.3,True,True,True,True,0,0.0,
1075,Rev2,2,W038,PX-7500,CH-C,MID-01,Mid,0.52,30.0,96.12,95.44,83.53,1024.3,True,True,True,True,0,0.0,
1076,Rev2,2,W038,PX-7500,CH-C,MID-02,Mid,0.52,90.0,96.65,96.81,89.12,992.1,True,True,True,True,1,5.03,
1077,Rev2,2,W038,PX-7500,CH-C,MID-03,Mid,0.52,150.0,92.03,95.14,92.03,1036.2,True,True,True,True,0,0.0,
1078,Rev2,2,W038,PX-7500,CH-C,MID-04,Mid,0.52,210.0,96.29,94.58,89.95,920.0,True,True,True,True,0,0.0,
1079,Rev2,2,W038,PX-7500,CH-C,MID-05,Mid,0.52,270.0,93.17,93.85,89.44,912.7,True,True,True,True,0,0.0,
1080,Rev2,2,W038,PX-7500,CH-C,MID-06,Mid,0.52,330.0,95.07,88.11,93.34,901.0,True,True,True,True,0,0.0,
1081,Rev2,2,W038,PX-7500,CH-C,EDG-01,Edge,0.84,0.0,95.54,96.19,91.8,929.3,True,True,True,True,0,0.0,
1082,Rev2,2,W038,PX-7500,CH-C,EDG-02,Edge,0.84,32.7,99.56,96.35,87.29,1104.5,True,True,True,False,0,0.0,
1083,Rev2,2,W038,PX-7500,CH-C,EDG-03,Edge,0.84,65.5,94.86,96.46,90.17,942.0,True,True,True,True,1,4.65,
1084,Rev2,2,W038,PX-7500,CH-C,EDG-04,Edge,0.84,98.2,97.58,96.96,86.8,1022.9,True,True,True,True,1,2.46,esc_temp_drift
1085,Rev2,2,W038,PX-7500,CH-C,EDG-05,Edge,0.84,130.9,99.07,100.07,86.74,941.0,True,False,True,True,0,0.0,
1086,Rev2,2,W038,PX-7500,CH-C,EDG-06,Edge,0.84,163.6,98.66,99.64,89.73,956.5,True,False,True,True,1,3.37,
1087,Rev2,2,W038,PX-7500,CH-C,EDG-07,Edge,0.84,196.4,98.12,94.65,91.8,979.9,True,True,True,True,0,0.0,
1088,Rev2,2,W038,PX-7500,CH-C,EDG-08,Edge,0.84,229.1,96.43,92.11,86.6,1020.2,True,True,True,True,0,0.0,
1089,Rev2,2,W038,PX-7500,CH-C,EDG-09,Edge,0.84,261.8,99.95,93.88,96.16,1022.6,True,True,False,True,1,3.66,polymer_residue
1090,Rev2,2,W038,PX-7500,CH-C,EDG-10,Edge,0.84,294.5,93.9,92.73,85.86,1035.7,True,True,True,True,1,3.27,polymer_residue
1091,Rev2,2,W038,PX-7500,CH-C,EDG-11,Edge,0.84,327.3,96.45,94.14,94.33,1064.1,True,True,True,True,0,0.0,
1092,Rev2,2,W038,PX-7500,CH-C,EXT-01,Extreme Edge,0.96,16.4,102.8,97.51,88.07,1030.1,False,True,True,True,0,0.0,
1093,Rev2,2,W038,PX-7500,CH-C,EXT-02,Extreme Edge,0.96,49.1,98.81,97.91,94.3,1051.6,True,False,True,True,1,2.11,pressure_spike
1094,Rev2,2,W038,PX-7500,CH-C,EXT-03,Extreme Edge,0.96,81.8,96.2,95.52,85.22,889.0,True,True,True,True,1,4.54,
1095,Rev2,2,W038,PX-7500,CH-C,EXT-04,Extreme Edge,0.96,114.5,97.8,103.31,89.42,1009.2,True,False,True,True,0,0.0,
1096,Rev2,2,W038,PX-7500,CH-C,EXT-05,Extreme Edge,0.96,147.3,97.6,96.65,83.16,1102.7,True,True,True,False,2,7.04,
1097,Rev2,2,W038,PX-7500,CH-C,EXT-06,Extreme Edge,0.96,180.0,103.28,98.43,79.57,1040.0,False,False,True,True,2,6.61,
1098,Rev2,2,W038,PX-7500,CH-C,EXT-07,Extreme Edge,0.96,212.7,96.04,90.3,84.02,992.7,True,True,True,True,0,0.0,
1099,Rev2,2,W038,PX-7500,CH-C,EXT-08,Extreme Edge,0.96,245.5,98.77,93.97,94.76,1067.3,True,True,False,True,0,0.0,
1100,Rev2,2,W038,PX-7500,CH-C,EXT-09,Extreme Edge,0.96,278.2,101.13,98.86,90.79,948.0,False,False,True,True,0,0.0,
1101,Rev2,2,W038,PX-7500,CH-C,EXT-10,Extreme Edge,0.96,310.9,99.36,94.27,92.28,1141.9,True,True,True,False,0,0.0,
1102,Rev2,2,W038,PX-7500,CH-C,EXT-11,Extreme Edge,0.96,343.6,100.12,100.37,86.39,1061.5,True,False,True,True,0,0.0,
1103,Rev8,8,W039,AE-3200,CH-A,C1,Center,0.0,0.0,99.88,94.74,87.95,881.3,True,True,True,True,0,0.0,
1104,Rev8,8,W039,AE-3200,CH-A,MID-01,Mid,0.52,30.0,100.95,94.6,95.03,1017.2,False,True,False,True,1,4.98,endpoint_late
1105,Rev8,8,W039,AE-3200,CH-A,MID-02,Mid,0.52,90.0,95.53,90.5,95.89,998.7,True,True,False,True,1,6.26,
1106,Rev8,8,W039,AE-3200,CH-A,MID-03,Mid,0.52,150.0,102.24,88.88,94.74,1135.5,False,True,False,False,2,11.5,
1107,Rev8,8,W039,AE-3200,CH-A,MID-04,Mid,0.52,210.0,99.13,94.53,88.16,1147.8,True,True,True,False,0,0.0,
1108,Rev8,8,W039,AE-3200,CH-A,MID-05,Mid,0.52,270.0,97.62,86.57,92.96,965.3,True,False,True,True,0,0.0,
1109,Rev8,8,W039,AE-3200,CH-A,MID-06,Mid,0.52,330.0,99.61,87.74,96.65,1121.0,True,True,False,False,0,0.0,
1110,Rev8,8,W039,AE-3200,CH-A,EDG-01,Edge,0.84,0.0,104.05,89.47,90.2,980.1,False,True,True,True,1,5.11,
1111,Rev8,8,W039,AE-3200,CH-A,EDG-02,Edge,0.84,32.7,99.83,89.96,94.13,1008.6,True,True,True,True,0,0.0,
1112,Rev8,8,W039,AE-3200,CH-A,EDG-03,Edge,0.84,65.5,103.24,93.83,87.26,970.0,False,True,True,True,0,0.0,
1113,Rev8,8,W039,AE-3200,CH-A,EDG-04,Edge,0.84,98.2,100.88,92.74,90.57,1032.7,False,True,True,True,2,3.79,
1114,Rev8,8,W039,AE-3200,CH-A,EDG-05,Edge,0.84,130.9,103.39,95.37,91.18,1074.0,False,True,True,True,1,5.81,polymer_residue
1115,Rev8,8,W039,AE-3200,CH-A,EDG-06,Edge,0.84,163.6,102.14,89.89,95.92,1053.0,False,True,False,True,1,5.02,
1116,Rev8,8,W039,AE-3200,CH-A,EDG-07,Edge,0.84,196.4,103.43,90.35,92.66,978.2,False,True,True,True,1,6.37,arc_event
1117,Rev8,8,W039,AE-3200,CH-A,EDG-08,Edge,0.84,229.1,99.95,92.79,91.63,1083.0,True,True,True,True,0,0.0,
1118,Rev8,8,W039,AE-3200,CH-A,EDG-09,Edge,0.84,261.8,100.67,93.26,98.38,1086.2,True,True,False,True,1,2.79,endpoint_late
1119,Rev8,8,W039,AE-3200,CH-A,EDG-10,Edge,0.84,294.5,99.72,93.62,94.08,1070.4,True,True,True,True,0,0.0,
1120,Rev8,8,W039,AE-3200,CH-A,EDG-11,Edge,0.84,327.3,99.59,99.49,88.32,1053.7,True,False,True,True,0,0.0,
1121,Rev8,8,W039,AE-3200,CH-A,EXT-01,Extreme Edge,0.96,16.4,104.1,91.98,94.47,1085.2,False,True,True,True,1,5.17,
1122,Rev8,8,W039,AE-3200,CH-A,EXT-02,Extreme Edge,0.96,49.1,101.88,91.79,100.94,1112.6,False,True,False,False,0,0.0,
1123,Rev8,8,W039,AE-3200,CH-A,EXT-03,Extreme Edge,0.96,81.8,101.43,97.04,92.41,1054.3,False,True,True,True,2,12.98,
1124,Rev8,8,W039,AE-3200,CH-A,EXT-04,Extreme Edge,0.96,114.5,106.62,93.98,95.54,964.6,False,True,False,True,1,2.93,
1125,Rev8,8,W039,AE-3200,CH-A,EXT-05,Extreme Edge,0.96,147.3,101.59,96.12,91.98,994.5,False,True,True,True,0,0.0,
1126,Rev8,8,W039,AE-3200,CH-A,EXT-06,Extreme Edge,0.96,180.0,101.17,96.05,101.45,1121.5,False,True,False,False,2,7.03,esc_temp_drift
1127,Rev8,8,W039,AE-3200,CH-A,EXT-07,Extreme Edge,0.96,212.7,103.04,92.83,89.92,983.6,False,True,True,True,2,5.5,endpoint_late
1128,Rev8,8,W039,AE-3200,CH-A,EXT-08,Extreme Edge,0.96,245.5,101.84,88.74,93.93,1132.6,False,True,True,False,1,3.47,endpoint_late
1129,Rev8,8,W039,AE-3200,CH-A,EXT-09,Extreme Edge,0.96,278.2,104.87,92.88,100.09,987.1,False,True,False,True,1,6.49,polymer_residue
1130,Rev8,8,W039,AE-3200,CH-A,EXT-10,Extreme Edge,0.96,310.9,100.65,93.66,102.52,1102.6,True,True,False,False,1,5.58,polymer_residue
1131,Rev8,8,W039,AE-3200,CH-A,EXT-11,Extreme Edge,0.96,343.6,102.86,99.28,92.34,1061.9,False,False,True,True,0,0.0,
1132,Rev11,11,W040,PX-7500,CH-D,C1,Center,0.0,0.0,95.03,92.27,94.01,950.1,True,True,True,True,0,0.0,
1133,Rev11,11,W040,PX-7500,CH-D,MID-01,Mid,0.52,30.0,95.26,92.97,92.42,1115.9,True,True,True,False,0,0.0,
1134,Rev11,11,W040,PX-7500,CH-D,MID-02,Mid,0.52,90.0,95.2,95.96,83.62,1074.0,True,True,True,True,0,0.0,
1135,Rev11,11,W040,PX-7500,CH-D,MID-03,Mid,0.52,150.0,94.47,92.83,90.58,1114.5,True,True,True,False,1,3.86,polymer_residue
1136,Rev11,11,W040,PX-7500,CH-D,MID-04,Mid,0.52,210.0,95.7,93.0,90.46,1033.6,True,True,True,True,0,0.0,
1137,Rev11,11,W040,PX-7500,CH-D,MID-05,Mid,0.52,270.0,95.26,91.16,90.98,1082.7,True,True,True,True,0,0.0,
1138,Rev11,11,W040,PX-7500,CH-D,MID-06,Mid,0.52,330.0,96.65,95.72,89.54,998.5,True,True,True,True,0,0.0,
1139,Rev11,11,W040,PX-7500,CH-D,EDG-01,Edge,0.84,0.0,97.29,94.95,85.05,1135.7,True,True,True,False,0,0.0,
1140,Rev11,11,W040,PX-7500,CH-D,EDG-02,Edge,0.84,32.7,98.02,93.83,92.49,1032.4,True,True,True,True,0,0.0,
1141,Rev11,11,W040,PX-7500,CH-D,EDG-03,Edge,0.84,65.5,98.02,97.48,90.4,1018.0,True,True,True,True,0,0.0,
1142,Rev11,11,W040,PX-7500,CH-D,EDG-04,Edge,0.84,98.2,94.25,98.74,99.24,1105.1,True,False,False,False,0,0.0,
1143,Rev11,11,W040,PX-7500,CH-D,EDG-05,Edge,0.84,130.9,101.41,96.54,96.71,1047.2,False,True,False,True,0,0.0,
1144,Rev11,11,W040,PX-7500,CH-D,EDG-06,Edge,0.84,163.6,97.66,101.63,96.1,1180.4,True,False,False,False,1,1.83,
1145,Rev11,11,W040,PX-7500,CH-D,EDG-07,Edge,0.84,196.4,99.19,94.26,97.85,1077.5,True,True,False,True,0,0.0,
1146,Rev11,11,W040,PX-7500,CH-D,EDG-08,Edge,0.84,229.1,95.55,94.55,90.73,1119.6,True,True,True,False,0,0.0,
1147,Rev11,11,W040,PX-7500,CH-D,EDG-09,Edge,0.84,261.8,101.0,93.68,91.16,1155.5,False,True,True,False,1,2.72,
1148,Rev11,11,W040,PX-7500,CH-D,EDG-10,Edge,0.84,294.5,99.58,96.9,83.96,1042.8,True,True,True,True,0,0.0,
1149,Rev11,11,W040,PX-7500,CH-D,EDG-11,Edge,0.84,327.3,95.81,95.78,92.37,1108.6,True,True,True,False,0,0.0,
1150,Rev11,11,W040,PX-7500,CH-D,EXT-01,Extreme Edge,0.96,16.4,97.63,98.7,103.83,1237.4,True,False,False,False,1,4.7,
1151,Rev11,11,W040,PX-7500,CH-D,EXT-02,Extreme Edge,0.96,49.1,96.57,99.34,84.17,1171.3,True,False,True,False,0,0.0,
1152,Rev11,11,W040,PX-7500,CH-D,EXT-03,Extreme Edge,0.96,81.8,100.78,96.17,96.95,1126.2,True,True,False,False,0,0.0,
1153,Rev11,11,W040,PX-7500,CH-D,EXT-04,Extreme Edge,0.96,114.5,95.42,98.13,93.6,1108.1,True,False,True,False,1,3.9,arc_event
1154,Rev11,11,W040,PX-7500,CH-D,EXT-05,Extreme Edge,0.96,147.3,96.33,95.47,100.77,1073.2,True,True,False,True,0,0.0,
1155,Rev11,11,W040,PX-7500,CH-D,EXT-06,Extreme Edge,0.96,180.0,94.45,100.98,94.58,1059.0,True,False,False,True,0,0.0,
1156,Rev11,11,W040,PX-7500,CH-D,EXT-07,Extreme Edge,0.96,212.7,101.29,97.54,95.32,1077.1,False,True,False,True,1,6.3,esc_temp_drift
1157,Rev11,11,W040,PX-7500,CH-D,EXT-08,Extreme Edge,0.96,245.5,94.82,94.43,98.94,1113.4,True,True,False,False,0,0.0,
1158,Rev11,11,W040,PX-7500,CH-D,EXT-09,Extreme Edge,0.96,278.2,98.89,98.01,94.11,1099.3,True,False,True,False,1,4.12,polymer_residue
1159,Rev11,11,W040,PX-7500,CH-D,EXT-10,Extreme Edge,0.96,310.9,99.08,94.39,93.61,1206.0,True,True,True,False,0,0.0,
1160,Rev11,11,W040,PX-7500,CH-D,EXT-11,Extreme Edge,0.96,343.6,100.5,98.25,99.21,1119.5,True,False,False,False,3,10.14,polymer_residue
1161,Rev10,10,W041,PX-7500,CH-C,C1,Center,0.0,0.0,95.76,92.53,92.79,1046.1,True,True,True,True,0,0.0,
1162,Rev10,10,W041,PX-7500,CH-C,MID-01,Mid,0.52,30.0,96.08,95.06,93.38,1109.0,True,True,True,False,0,0.0,
1163,Rev10,10,W041,PX-7500,CH-C,MID-02,Mid,0.52,90.0,95.06,90.06,87.81,1134.3,True,True,True,False,0,0.0,
1164,Rev10,10,W041,PX-7500,CH-C,MID-03,Mid,0.52,150.0,94.39,92.73,101.51,1082.6,True,True,False,True,0,0.0,
1165,Rev10,10,W041,PX-7500,CH-C,MID-04,Mid,0.52,210.0,94.73,91.5,99.75,1042.5,True,True,False,True,0,0.0,
1166,Rev10,10,W041,PX-7500,CH-C,MID-05,Mid,0.52,270.0,96.29,92.96,97.92,1053.3,True,True,False,True,1,6.47,polymer_residue
1167,Rev10,10,W041,PX-7500,CH-C,MID-06,Mid,0.52,330.0,96.16,91.83,94.7,1091.7,True,True,False,False,0,0.0,
1168,Rev10,10,W041,PX-7500,CH-C,EDG-01,Edge,0.84,0.0,95.84,91.3,94.97,1089.1,True,True,False,True,1,2.73,
1169,Rev10,10,W041,PX-7500,CH-C,EDG-02,Edge,0.84,32.7,96.85,95.26,102.11,1120.9,True,True,False,False,0,0.0,
1170,Rev10,10,W041,PX-7500,CH-C,EDG-03,Edge,0.84,65.5,96.39,88.46,97.94,1132.3,True,True,False,False,0,0.0,
1171,Rev10,10,W041,PX-7500,CH-C,EDG-04,Edge,0.84,98.2,97.08,90.82,95.91,1202.7,True,True,False,False,1,4.54,
1172,Rev10,10,W041,PX-7500,CH-C,EDG-05,Edge,0.84,130.9,100.93,94.38,89.33,1051.1,False,True,True,True,1,3.34,
1173,Rev10,10,W041,PX-7500,CH-C,EDG-06,Edge,0.84,163.6,99.14,92.2,103.67,1155.9,True,True,False,False,1,2.95,polymer_residue
1174,Rev10,10,W041,PX-7500,CH-C,EDG-07,Edge,0.84,196.4,95.51,89.71,92.61,1143.3,True,True,True,False,0,0.0,
1175,Rev10,10,W041,PX-7500,CH-C,EDG-08,Edge,0.84,229.1,100.02,95.81,97.37,1267.0,True,True,False,False,1,2.89,
1176,Rev10,10,W041,PX-7500,CH-C,EDG-09,Edge,0.84,261.8,97.3,96.79,99.55,1248.1,True,True,False,False,2,10.02,polymer_residue
1177,Rev10,10,W041,PX-7500,CH-C,EDG-10,Edge,0.84,294.5,97.49,94.81,97.28,1166.4,True,True,False,False,0,0.0,
1178,Rev10,10,W041,PX-7500,CH-C,EDG-11,Edge,0.84,327.3,100.26,95.18,96.0,1154.4,True,True,False,False,0,0.0,
1179,Rev10,10,W041,PX-7500,CH-C,EXT-01,Extreme Edge,0.96,16.4,96.36,93.25,93.74,1106.6,True,True,True,False,0,0.0,
1180,Rev10,10,W041,PX-7500,CH-C,EXT-02,Extreme Edge,0.96,49.1,101.88,95.38,91.11,1119.8,False,True,True,False,1,6.46,polymer_residue
1181,Rev10,10,W041,PX-7500,CH-C,EXT-03,Extreme Edge,0.96,81.8,98.23,93.36,93.85,1074.3,True,True,True,True,0,0.0,
1182,Rev10,10,W041,PX-7500,CH-C,EXT-04,Extreme Edge,0.96,114.5,97.62,94.64,99.62,1133.0,True,True,False,False,0,0.0,
1183,Rev10,10,W041,PX-7500,CH-C,EXT-05,Extreme Edge,0.96,147.3,101.55,97.89,102.51,1063.6,False,False,False,True,1,4.12,pressure_spike
1184,Rev10,10,W041,PX-7500,CH-C,EXT-06,Extreme Edge,0.96,180.0,104.62,93.57,113.98,1118.5,False,True,False,False,4,15.89,polymer_residue
1185,Rev10,10,W041,PX-7500,CH-C,EXT-07,Extreme Edge,0.96,212.7,100.52,91.21,99.74,1074.2,True,True,False,True,1,1.82,polymer_residue
1186,Rev10,10,W041,PX-7500,CH-C,EXT-08,Extreme Edge,0.96,245.5,97.2,98.04,104.38,1069.1,True,False,False,True,2,5.7,
1187,Rev10,10,W041,PX-7500,CH-C,EXT-09,Extreme Edge,0.96,278.2,98.65,94.23,92.75,1096.9,True,True,True,False,1,4.14,
1188,Rev10,10,W041,PX-7500,CH-C,EXT-10,Extreme Edge,0.96,310.9,100.59,95.06,99.23,1166.0,True,True,False,False,0,0.0,
1189,Rev10,10,W041,PX-7500,CH-C,EXT-11,Extreme Edge,0.96,343.6,102.0,95.05,95.28,1095.5,False,True,False,False,1,3.66,
1190,Rev2,2,W042,PX-7500,CH-C,C1,Center,0.0,0.0,94.2,95.35,90.98,881.1,True,True,True,True,1,6.35,
1191,Rev2,2,W042,PX-7500,CH-C,MID-01,Mid,0.52,30.0,97.46,98.26,95.91,901.2,True,False,False,True,0,0.0,
1192,Rev2,2,W042,PX-7500,CH-C,MID-02,Mid,0.52,90.0,98.95,96.91,86.26,902.8,True,True,True,True,0,0.0,
1193,Rev2,2,W042,PX-7500,CH-C,MID-03,Mid,0.52,150.0,96.69,95.79,95.76,880.7,True,True,False,True,0,0.0,
1194,Rev2,2,W042,PX-7500,CH-C,MID-04,Mid,0.52,210.0,96.66,94.07,93.29,758.5,True,True,True,False,0,0.0,
1195,Rev2,2,W042,PX-7500,CH-C,MID-05,Mid,0.52,270.0,94.99,99.22,93.93,880.1,True,False,True,True,1,6.02,polymer_residue
1196,Rev2,2,W042,PX-7500,CH-C,MID-06,Mid,0.52,330.0,94.5,99.92,93.15,901.6,True,False,True,True,0,0.0,
1197,Rev2,2,W042,PX-7500,CH-C,EDG-01,Edge,0.84,0.0,99.41,93.17,88.64,914.6,True,True,True,True,0,0.0,
1198,Rev2,2,W042,PX-7500,CH-C,EDG-02,Edge,0.84,32.7,99.21,97.36,89.81,888.8,True,True,True,True,0,0.0,
1199,Rev2,2,W042,PX-7500,CH-C,EDG-03,Edge,0.84,65.5,100.21,99.21,93.5,782.7,True,False,True,False,0,0.0,
1200,Rev2,2,W042,PX-7500,CH-C,EDG-04,Edge,0.84,98.2,94.58,98.72,90.32,901.7,True,False,True,True,0,0.0,
1201,Rev2,2,W042,PX-7500,CH-C,EDG-05,Edge,0.84,130.9,98.48,99.06,86.5,989.9,True,False,True,True,0,0.0,
1202,Rev2,2,W042,PX-7500,CH-C,EDG-06,Edge,0.84,163.6,96.77,101.65,98.29,973.9,True,False,False,True,0,0.0,
1203,Rev2,2,W042,PX-7500,CH-C,EDG-07,Edge,0.84,196.4,96.34,95.25,89.86,960.9,True,True,True,True,1,3.65,
1204,Rev2,2,W042,PX-7500,CH-C,EDG-08,Edge,0.84,229.1,99.58,100.58,91.04,826.7,True,False,True,False,0,0.0,
1205,Rev2,2,W042,PX-7500,CH-C,EDG-09,Edge,0.84,261.8,97.24,100.89,100.57,828.5,True,False,False,False,1,5.43,polymer_residue
1206,Rev2,2,W042,PX-7500,CH-C,EDG-10,Edge,0.84,294.5,97.14,97.02,94.65,934.0,True,True,False,True,1,3.84,
1207,Rev2,2,W042,PX-7500,CH-C,EDG-11,Edge,0.84,327.3,99.18,99.34,92.83,960.7,True,False,True,True,0,0.0,
1208,Rev2,2,W042,PX-7500,CH-C,EXT-01,Extreme Edge,0.96,16.4,99.38,97.49,92.98,963.6,True,True,True,True,0,0.0,
1209,Rev2,2,W042,PX-7500,CH-C,EXT-02,Extreme Edge,0.96,49.1,100.2,99.66,92.23,831.9,True,False,True,False,1,6.17,endpoint_late
1210,Rev2,2,W042,PX-7500,CH-C,EXT-03,Extreme Edge,0.96,81.8,97.07,100.12,92.66,933.4,True,False,True,True,1,2.61,polymer_residue
1211,Rev2,2,W042,PX-7500,CH-C,EXT-04,Extreme Edge,0.96,114.5,96.0,98.28,89.74,1036.7,True,False,True,True,1,4.37,polymer_residue
1212,Rev2,2,W042,PX-7500,CH-C,EXT-05,Extreme Edge,0.96,147.3,98.67,98.67,89.77,800.1,True,False,True,False,1,4.28,polymer_residue
1213,Rev2,2,W042,PX-7500,CH-C,EXT-06,Extreme Edge,0.96,180.0,98.13,101.34,91.79,809.3,True,False,True,False,2,9.39,
1214,Rev2,2,W042,PX-7500,CH-C,EXT-07,Extreme Edge,0.96,212.7,97.82,96.17,98.6,870.8,True,True,False,False,0,0.0,
1215,Rev2,2,W042,PX-7500,CH-C,EXT-08,Extreme Edge,0.96,245.5,100.47,100.15,95.19,951.4,True,False,False,True,0,0.0,
1216,Rev2,2,W042,PX-7500,CH-C,EXT-09,Extreme Edge,0.96,278.2,99.08,98.44,103.97,927.3,True,False,False,True,0,0.0,
1217,Rev2,2,W042,PX-7500,CH-C,EXT-10,Extreme Edge,0.96,310.9,100.77,98.79,97.97,928.0,True,False,False,True,0,0.0,
1218,Rev2,2,W042,PX-7500,CH-C,EXT-11,Extreme Edge,0.96,343.6,99.63,95.82,94.45,836.1,True,True,True,False,2,8.26,pressure_spike
1219,Rev2,2,W043,PX-7500,CH-C,C1,Center,0.0,0.0,94.41,97.07,91.89,1032.4,True,True,True,True,1,5.98,
1220,Rev2,2,W043,PX-7500,CH-C,MID-01,Mid,0.52,30.0,95.56,97.76,85.61,901.3,True,False,True,True,0,0.0,
1221,Rev2,2,W043,PX-7500,CH-C,MID-02,Mid,0.52,90.0,96.23,95.09,85.93,949.6,True,True,True,True,0,0.0,
1222,Rev2,2,W043,PX-7500,CH-C,MID-03,Mid,0.52,150.0,95.3,98.26,79.71,1068.5,True,False,True,True,0,0.0,
1223,Rev2,2,W043,PX-7500,CH-C,MID-04,Mid,0.52,210.0,96.25,95.89,90.18,1008.6,True,True,True,True,0,0.0,
1224,Rev2,2,W043,PX-7500,CH-C,MID-05,Mid,0.52,270.0,96.3,94.64,81.86,1071.9,True,True,True,True,0,0.0,
1225,Rev2,2,W043,PX-7500,CH-C,MID-06,Mid,0.52,330.0,98.04,94.73,86.75,992.7,True,True,True,True,0,0.0,
1226,Rev2,2,W043,PX-7500,CH-C,EDG-01,Edge,0.84,0.0,95.81,98.39,89.91,1022.3,True,False,True,True,1,4.75,
1227,Rev2,2,W043,PX-7500,CH-C,EDG-02,Edge,0.84,32.7,94.22,98.91,84.01,973.1,True,False,True,True,1,6.15,polymer_residue
1228,Rev2,2,W043,PX-7500,CH-C,EDG-03,Edge,0.84,65.5,96.78,97.48,89.68,941.0,True,True,True,True,0,0.0,
1229,Rev2,2,W043,PX-7500,CH-C,EDG-04,Edge,0.84,98.2,94.07,98.85,91.09,947.4,True,False,True,True,0,0.0,
1230,Rev2,2,W043,PX-7500,CH-C,EDG-05,Edge,0.84,130.9,97.03,94.21,85.26,1028.9,True,True,True,True,0,0.0,
1231,Rev2,2,W043,PX-7500,CH-C,EDG-06,Edge,0.84,163.6,95.44,98.96,86.52,856.0,True,False,True,False,2,8.88,polymer_residue
1232,Rev2,2,W043,PX-7500,CH-C,EDG-07,Edge,0.84,196.4,98.08,100.94,83.54,953.9,True,False,True,True,1,1.98,polymer_residue
1233,Rev2,2,W043,PX-7500,CH-C,EDG-08,Edge,0.84,229.1,95.94,99.0,87.08,921.9,True,False,True,True,2,7.82,polymer_residue
1234,Rev2,2,W043,PX-7500,CH-C,EDG-09,Edge,0.84,261.8,98.02,97.13,91.65,920.3,True,True,True,True,0,0.0,
1235,Rev2,2,W043,PX-7500,CH-C,EDG-10,Edge,0.84,294.5,97.84,93.87,92.42,997.9,True,True,True,True,0,0.0,
1236,Rev2,2,W043,PX-7500,CH-C,EDG-11,Edge,0.84,327.3,95.25,98.56,91.57,1009.4,True,False,True,True,0,0.0,
1237,Rev2,2,W043,PX-7500,CH-C,EXT-01,Extreme Edge,0.96,16.4,98.15,99.44,86.23,912.6,True,False,True,True,1,5.92,
1238,Rev2,2,W043,PX-7500,CH-C,EXT-02,Extreme Edge,0.96,49.1,95.46,96.68,94.52,1073.0,True,True,False,True,0,0.0,
1239,Rev2,2,W043,PX-7500,CH-C,EXT-03,Extreme Edge,0.96,81.8,95.82,98.14,88.09,941.8,True,False,True,True,1,5.96,polymer_residue
1240,Rev2,2,W043,PX-7500,CH-C,EXT-04,Extreme Edge,0.96,114.5,97.99,97.79,88.3,1012.8,True,False,True,True,1,3.61,
1241,Rev2,2,W043,PX-7500,CH-C,EXT-05,Extreme Edge,0.96,147.3,98.05,97.66,90.01,991.0,True,False,True,True,0,0.0,
1242,Rev2,2,W043,PX-7500,CH-C,EXT-06,Extreme Edge,0.96,180.0,96.98,99.03,99.13,1145.1,True,False,False,False,1,4.19,
1243,Rev2,2,W043,PX-7500,CH-C,EXT-07,Extreme Edge,0.96,212.7,97.6,97.64,92.62,1041.6,True,False,True,True,0,0.0,
1244,Rev2,2,W043,PX-7500,CH-C,EXT-08,Extreme Edge,0.96,245.5,93.47,98.26,90.3,984.0,True,False,True,True,0,0.0,
1245,Rev2,2,W043,PX-7500,CH-C,EXT-09,Extreme Edge,0.96,278.2,97.14,95.62,85.59,999.5,True,True,True,True,0,0.0,
1246,Rev2,2,W043,PX-7500,CH-C,EXT-10,Extreme Edge,0.96,310.9,97.61,97.14,86.32,1063.8,True,True,True,True,2,6.18,
1247,Rev2,2,W043,PX-7500,CH-C,EXT-11,Extreme Edge,0.96,343.6,98.14,100.47,98.57,996.7,True,False,False,True,1,5.75,
1248,Rev10,10,W044,PX-7500,CH-C,C1,Center,0.0,0.0,95.26,89.38,92.79,966.3,True,True,True,True,0,0.0,
1249,Rev10,10,W044,PX-7500,CH-C,MID-01,Mid,0.52,30.0,97.66,91.83,97.6,1089.4,True,True,False,True,0,0.0,
1250,Rev10,10,W044,PX-7500,CH-C,MID-02,Mid,0.52,90.0,100.23,91.32,86.98,1095.3,True,True,True,False,0,0.0,
1251,Rev10,10,W044,PX-7500,CH-C,MID-03,Mid,0.52,150.0,95.69,89.03,94.67,1079.8,True,True,False,True,0,0.0,
1252,Rev10,10,W044,PX-7500,CH-C,MID-04,Mid,0.52,210.0,99.49,93.06,101.06,1024.0,True,True,False,True,0,0.0,
1253,Rev10,10,W044,PX-7500,CH-C,MID-05,Mid,0.52,270.0,96.95,94.07,91.01,1077.4,True,True,True,True,0,0.0,
1254,Rev10,10,W044,PX-7500,CH-C,MID-06,Mid,0.52,330.0,93.78,91.67,93.13,937.5,True,True,True,True,0,0.0,
1255,Rev10,10,W044,PX-7500,CH-C,EDG-01,Edge,0.84,0.0,98.94,94.95,104.5,1000.7,True,True,False,True,0,0.0,
1256,Rev10,10,W044,PX-7500,CH-C,EDG-02,Edge,0.84,32.7,98.43,91.05,93.98,1148.1,True,True,True,False,0,0.0,
1257,Rev10,10,W044,PX-7500,CH-C,EDG-03,Edge,0.84,65.5,101.52,96.4,100.87,1089.9,False,True,False,True,0,0.0,
1258,Rev10,10,W044,PX-7500,CH-C,EDG-04,Edge,0.84,98.2,101.58,89.48,89.17,1032.8,False,True,True,True,0,0.0,
1259,Rev10,10,W044,PX-7500,CH-C,EDG-05,Edge,0.84,130.9,99.39,91.38,91.44,1107.3,True,True,True,False,0,0.0,
1260,Rev10,10,W044,PX-7500,CH-C,EDG-06,Edge,0.84,163.6,103.45,91.87,96.89,1035.0,False,True,False,True,0,0.0,
1261,Rev10,10,W044,PX-7500,CH-C,EDG-07,Edge,0.84,196.4,98.79,90.84,96.71,1011.7,True,True,False,True,3,14.03,
1262,Rev10,10,W044,PX-7500,CH-C,EDG-08,Edge,0.84,229.1,100.69,90.59,92.89,1010.2,True,True,True,True,1,6.43,
1263,Rev10,10,W044,PX-7500,CH-C,EDG-09,Edge,0.84,261.8,99.98,92.72,92.83,1053.9,True,True,True,True,0,0.0,
1264,Rev10,10,W044,PX-7500,CH-C,EDG-10,Edge,0.84,294.5,101.0,91.53,97.0,1098.9,False,True,False,False,2,5.34,polymer_residue
1265,Rev10,10,W044,PX-7500,CH-C,EDG-11,Edge,0.84,327.3,100.52,95.11,99.27,1070.0,True,True,False,True,0,0.0,
1266,Rev10,10,W044,PX-7500,CH-C,EXT-01,Extreme Edge,0.96,16.4,103.85,88.37,94.63,1082.4,False,True,False,True,2,8.47,polymer_residue
1267,Rev10,10,W044,PX-7500,CH-C,EXT-02,Extreme Edge,0.96,49.1,96.7,92.42,102.7,1009.8,True,True,False,True,0,0.0,
1268,Rev10,10,W044,PX-7500,CH-C,EXT-03,Extreme Edge,0.96,81.8,99.26,96.28,92.52,1136.8,True,True,True,False,1,5.93,
1269,Rev10,10,W044,PX-7500,CH-C,EXT-04,Extreme Edge,0.96,114.5,102.66,94.07,100.89,994.3,False,True,False,True,0,0.0,
1270,Rev10,10,W044,PX-7500,CH-C,EXT-05,Extreme Edge,0.96,147.3,101.2,93.24,92.32,1080.7,False,True,True,True,0,0.0,
1271,Rev10,10,W044,PX-7500,CH-C,EXT-06,Extreme Edge,0.96,180.0,98.85,96.37,96.54,1141.5,True,True,False,False,0,0.0,
1272,Rev10,10,W044,PX-7500,CH-C,EXT-07,Extreme Edge,0.96,212.7,101.88,91.4,97.42,1121.0,False,True,False,False,0,0.0,
1273,Rev10,10,W044,PX-7500,CH-C,EXT-08,Extreme Edge,0.96,245.5,101.15,92.76,91.49,1015.9,False,True,True,True,0,0.0,
1274,Rev10,10,W044,PX-7500,CH-C,EXT-09,Extreme Edge,0.96,278.2,99.83,93.65,96.56,1036.3,True,True,False,True,1,5.86,polymer_residue
1275,Rev10,10,W044,PX-7500,CH-C,EXT-10,Extreme Edge,0.96,310.9,101.46,92.15,94.21,938.1,False,True,True,True,1,3.75,pressure_spike
1276,Rev10,10,W044,PX-7500,CH-C,EXT-11,Extreme Edge,0.96,343.6,102.96,95.47,96.71,1164.1,False,True,False,False,1,2.91,endpoint_late
1277,Rev7,7,W045,PX-7500,CH-D,C1,Center,0.0,0.0,96.95,93.85,82.74,1033.8,True,True,True,True,0,0.0,
1278,Rev7,7,W045,PX-7500,CH-D,MID-01,Mid,0.52,30.0,94.87,91.38,78.02,928.5,True,True,True,True,0,0.0,
1279,Rev7,7,W045,PX-7500,CH-D,MID-02,Mid,0.52,90.0,96.17,93.94,83.85,1085.6,True,True,True,True,1,1.99,esc_temp_drift
1280,Rev7,7,W045,PX-7500,CH-D,MID-03,Mid,0.52,150.0,98.47,89.99,87.72,1046.0,True,True,True,True,0,0.0,
1281,Rev7,7,W045,PX-7500,CH-D,MID-04,Mid,0.52,210.0,95.24,89.43,90.12,991.3,True,True,True,True,0,0.0,
1282,Rev7,7,W045,PX-7500,CH-D,MID-05,Mid,0.52,270.0,95.23,94.92,79.94,1030.4,True,True,True,True,0,0.0,
1283,Rev7,7,W045,PX-7500,CH-D,MID-06,Mid,0.52,330.0,97.54,95.08,83.85,1060.6,True,True,True,True,0,0.0,
1284,Rev7,7,W045,PX-7500,CH-D,EDG-01,Edge,0.84,0.0,97.97,93.79,86.73,1051.5,True,True,True,True,0,0.0,
1285,Rev7,7,W045,PX-7500,CH-D,EDG-02,Edge,0.84,32.7,97.07,93.84,88.36,1192.0,True,True,True,False,0,0.0,
1286,Rev7,7,W045,PX-7500,CH-D,EDG-03,Edge,0.84,65.5,98.14,93.97,86.37,918.3,True,True,True,True,1,4.55,polymer_residue
1287,Rev7,7,W045,PX-7500,CH-D,EDG-04,Edge,0.84,98.2,101.93,94.86,82.22,1070.2,False,True,True,True,0,0.0,
1288,Rev7,7,W045,PX-7500,CH-D,EDG-05,Edge,0.84,130.9,97.95,96.01,82.26,1076.8,True,True,True,True,1,4.38,polymer_residue
1289,Rev7,7,W045,PX-7500,CH-D,EDG-06,Edge,0.84,163.6,98.32,93.13,85.16,1125.0,True,True,True,False,0,0.0,
1290,Rev7,7,W045,PX-7500,CH-D,EDG-07,Edge,0.84,196.4,100.02,96.52,79.7,1111.6,True,True,True,False,0,0.0,
1291,Rev7,7,W045,PX-7500,CH-D,EDG-08,Edge,0.84,229.1,98.09,101.53,88.86,1103.9,True,False,True,False,0,0.0,
1292,Rev7,7,W045,PX-7500,CH-D,EDG-09,Edge,0.84,261.8,100.22,95.9,93.46,1051.5,True,True,True,True,0,0.0,
1293,Rev7,7,W045,PX-7500,CH-D,EDG-10,Edge,0.84,294.5,98.95,92.89,86.51,1056.0,True,True,True,True,1,3.88,
1294,Rev7,7,W045,PX-7500,CH-D,EDG-11,Edge,0.84,327.3,99.09,97.31,90.34,1054.5,True,True,True,True,0,0.0,
1295,Rev7,7,W045,PX-7500,CH-D,EXT-01,Extreme Edge,0.96,16.4,101.56,90.87,86.96,1117.4,False,True,True,False,1,5.66,
1296,Rev7,7,W045,PX-7500,CH-D,EXT-02,Extreme Edge,0.96,49.1,100.73,92.65,83.83,1073.8,True,True,True,True,0,0.0,
1297,Rev7,7,W045,PX-7500,CH-D,EXT-03,Extreme Edge,0.96,81.8,98.25,89.22,87.34,1040.6,True,True,True,True,1,4.41,arc_event
1298,Rev7,7,W045,PX-7500,CH-D,EXT-04,Extreme Edge,0.96,114.5,99.99,96.93,80.21,1089.5,True,True,True,True,0,0.0,
1299,Rev7,7,W045,PX-7500,CH-D,EXT-05,Extreme Edge,0.96,147.3,98.39,95.44,87.88,1013.0,True,True,True,True,0,0.0,
1300,Rev7,7,W045,PX-7500,CH-D,EXT-06,Extreme Edge,0.96,180.0,104.14,100.42,91.5,1078.2,False,False,True,True,0,0.0,
1301,Rev7,7,W045,PX-7500,CH-D,EXT-07,Extreme Edge,0.96,212.7,100.18,93.83,85.34,1066.5,True,True,True,True,3,11.76,polymer_residue
1302,Rev7,7,W045,PX-7500,CH-D,EXT-08,Extreme Edge,0.96,245.5,98.82,97.04,86.87,1065.8,True,True,True,True,0,0.0,
1303,Rev7,7,W045,PX-7500,CH-D,EXT-09,Extreme Edge,0.96,278.2,99.6,99.63,87.14,1148.3,True,False,True,False,1,1.97,
1304,Rev7,7,W045,PX-7500,CH-D,EXT-10,Extreme Edge,0.96,310.9,98.35,93.58,84.76,1080.6,True,True,True,True,0,0.0,
1305,Rev7,7,W045,PX-7500,CH-D,EXT-11,Extreme Edge,0.96,343.6,97.87,91.4,84.54,1017.5,True,True,True,True,1,3.45,
1306,Base,0,W046,AE-3200,CH-A,C1,Center,0.0,0.0,95.06,95.14,87.07,976.4,True,True,True,True,0,0.0,
1307,Base,0,W046,AE-3200,CH-A,MID-01,Mid,0.52,30.0,99.82,95.5,90.77,917.0,True,True,True,True,0,0.0,
1308,Base,0,W046,AE-3200,CH-A,MID-02,Mid,0.52,90.0,100.06,99.14,80.63,904.6,True,False,True,True,1,4.94,endpoint_late
1309,Base,0,W046,AE-3200,CH-A,MID-03,Mid,0.52,150.0,96.49,100.2,82.8,995.4,True,False,True,True,0,0.0,
1310,Base,0,W046,AE-3200,CH-A,MID-04,Mid,0.52,210.0,97.02,98.94,84.9,1035.0,True,False,True,True,0,0.0,
1311,Base,0,W046,AE-3200,CH-A,MID-05,Mid,0.52,270.0,96.39,97.14,90.01,867.3,True,True,True,False,0,0.0,
1312,Base,0,W046,AE-3200,CH-A,MID-06,Mid,0.52,330.0,100.02,95.82,77.38,879.4,True,True,False,False,0,0.0,
1313,Base,0,W046,AE-3200,CH-A,EDG-01,Edge,0.84,0.0,98.36,99.01,83.34,1018.2,True,False,True,True,0,0.0,
1314,Base,0,W046,AE-3200,CH-A,EDG-02,Edge,0.84,32.7,100.17,99.71,89.77,901.0,True,False,True,True,2,5.92,
1315,Base,0,W046,AE-3200,CH-A,EDG-03,Edge,0.84,65.5,100.76,97.88,91.35,924.7,True,False,True,True,1,3.76,pressure_spike
1316,Base,0,W046,AE-3200,CH-A,EDG-04,Edge,0.84,98.2,101.69,101.22,89.43,930.7,False,False,True,True,0,0.0,
1317,Base,0,W046,AE-3200,CH-A,EDG-05,Edge,0.84,130.9,101.61,95.0,92.54,943.1,False,True,True,True,1,3.17,
1318,Base,0,W046,AE-3200,CH-A,EDG-06,Edge,0.84,163.6,100.41,100.68,87.89,1001.7,True,False,True,True,0,0.0,
1319,Base,0,W046,AE-3200,CH-A,EDG-07,Edge,0.84,196.4,99.67,97.06,86.74,1044.4,True,True,True,True,0,0.0,
1320,Base,0,W046,AE-3200,CH-A,EDG-08,Edge,0.84,229.1,100.55,101.29,92.52,1091.3,True,False,True,False,0,0.0,
1321,Base,0,W046,AE-3200,CH-A,EDG-09,Edge,0.84,261.8,99.04,98.56,83.65,936.5,True,False,True,True,0,0.0,
1322,Base,0,W046,AE-3200,CH-A,EDG-10,Edge,0.84,294.5,102.02,96.08,88.51,1134.9,False,True,True,False,0,0.0,
1323,Base,0,W046,AE-3200,CH-A,EDG-11,Edge,0.84,327.3,102.43,100.19,97.68,1021.9,False,False,False,True,2,7.04,
1324,Base,0,W046,AE-3200,CH-A,EXT-01,Extreme Edge,0.96,16.4,100.2,98.52,89.3,982.4,True,False,True,True,1,5.0,polymer_residue
1325,Base,0,W046,AE-3200,CH-A,EXT-02,Extreme Edge,0.96,49.1,101.84,98.29,84.24,998.5,False,False,True,True,0,0.0,
1326,Base,0,W046,AE-3200,CH-A,EXT-03,Extreme Edge,0.96,81.8,99.89,99.69,77.17,965.0,True,False,False,True,0,0.0,
1327,Base,0,W046,AE-3200,CH-A,EXT-04,Extreme Edge,0.96,114.5,102.38,98.15,94.81,1015.6,False,False,False,True,1,5.91,
1328,Base,0,W046,AE-3200,CH-A,EXT-05,Extreme Edge,0.96,147.3,104.31,99.77,88.22,932.7,False,False,True,True,0,0.0,
1329,Base,0,W046,AE-3200,CH-A,EXT-06,Extreme Edge,0.96,180.0,102.0,96.74,89.83,960.9,False,True,True,True,2,4.01,polymer_residue
1330,Base,0,W046,AE-3200,CH-A,EXT-07,Extreme Edge,0.96,212.7,105.19,99.97,83.41,963.9,False,False,True,True,2,3.97,polymer_residue
1331,Base,0,W046,AE-3200,CH-A,EXT-08,Extreme Edge,0.96,245.5,103.74,96.85,84.66,969.3,False,True,True,True,1,2.08,
1332,Base,0,W046,AE-3200,CH-A,EXT-09,Extreme Edge,0.96,278.2,105.09,103.71,80.26,942.5,False,False,True,True,1,2.52,arc_event
1333,Base,0,W046,AE-3200,CH-A,EXT-10,Extreme Edge,0.96,310.9,99.98,96.8,86.39,996.7,True,True,True,True,1,2.69,polymer_residue
1334,Base,0,W046,AE-3200,CH-A,EXT-11,Extreme Edge,0.96,343.6,100.97,98.47,81.94,978.7,False,False,True,True,0,0.0,
1335,Rev8,8,W047,AE-3200,CH-A,C1,Center,0.0,0.0,98.47,92.25,92.63,1059.7,True,True,True,True,0,0.0,
1336,Rev8,8,W047,AE-3200,CH-A,MID-01,Mid,0.52,30.0,97.49,92.87,93.09,1115.6,True,True,True,False,0,0.0,
1337,Rev8,8,W047,AE-3200,CH-A,MID-02,Mid,0.52,90.0,100.6,96.99,93.68,1156.0,True,True,True,False,0,0.0,
1338,Rev8,8,W047,AE-3200,CH-A,MID-03,Mid,0.52,150.0,99.56,91.68,92.42,1095.9,True,True,True,False,1,5.13,polymer_residue
1339,Rev8,8,W047,AE-3200,CH-A,MID-04,Mid,0.52,210.0,99.53,91.48,84.84,1155.7,True,True,True,False,0,0.0,
1340,Rev8,8,W047,AE-3200,CH-A,MID-05,Mid,0.52,270.0,96.15,93.84,97.93,958.5,True,True,False,True,0,0.0,
1341,Rev8,8,W047,AE-3200,CH-A,MID-06,Mid,0.52,330.0,98.37,96.82,89.49,1098.8,True,True,True,False,1,4.28,
1342,Rev8,8,W047,AE-3200,CH-A,EDG-01,Edge,0.84,0.0,100.73,94.21,93.94,1140.6,True,True,True,False,0,0.0,
1343,Rev8,8,W047,AE-3200,CH-A,EDG-02,Edge,0.84,32.7,99.86,98.18,95.14,1107.6,True,False,False,False,1,5.22,
1344,Rev8,8,W047,AE-3200,CH-A,EDG-03,Edge,0.84,65.5,98.17,90.66,99.5,1181.9,True,True,False,False,2,8.94,
1345,Rev8,8,W047,AE-3200,CH-A,EDG-04,Edge,0.84,98.2,101.34,96.19,91.27,1202.5,False,True,True,False,3,18.77,
1346,Rev8,8,W047,AE-3200,CH-A,EDG-05,Edge,0.84,130.9,98.73,98.6,87.54,1093.2,True,False,True,False,0,0.0,
1347,Rev8,8,W047,AE-3200,CH-A,EDG-06,Edge,0.84,163.6,103.89,95.45,96.1,1058.0,False,True,False,True,0,0.0,
1348,Rev8,8,W047,AE-3200,CH-A,EDG-07,Edge,0.84,196.4,103.19,99.71,90.65,1199.9,False,False,True,False,0,0.0,
1349,Rev8,8,W047,AE-3200,CH-A,EDG-08,Edge,0.84,229.1,98.53,93.49,96.94,1185.5,True,True,False,False,1,2.63,
1350,Rev8,8,W047,AE-3200,CH-A,EDG-09,Edge,0.84,261.8,102.26,95.03,97.33,1094.8,False,True,False,False,0,0.0,
1351,Rev8,8,W047,AE-3200,CH-A,EDG-10,Edge,0.84,294.5,99.72,95.33,87.89,1201.4,True,True,True,False,2,10.46,
1352,Rev8,8,W047,AE-3200,CH-A,EDG-11,Edge,0.84,327.3,99.03,93.08,87.21,1162.5,True,True,True,False,1,2.32,
1353,Rev8,8,W047,AE-3200,CH-A,EXT-01,Extreme Edge,0.96,16.4,101.06,96.43,102.03,1121.1,False,True,False,False,0,0.0,
1354,Rev8,8,W047,AE-3200,CH-A,EXT-02,Extreme Edge,0.96,49.1,100.07,94.51,95.43,1046.2,True,True,False,True,0,0.0,
1355,Rev8,8,W047,AE-3200,CH-A,EXT-03,Extreme Edge,0.96,81.8,103.9,96.21,93.42,1120.6,False,True,True,False,1,2.05,endpoint_late
1356,Rev8,8,W047,AE-3200,CH-A,EXT-04,Extreme Edge,0.96,114.5,102.93,96.88,93.31,1226.8,False,True,True,False,1,5.56,polymer_residue
1357,Rev8,8,W047,AE-3200,CH-A,EXT-05,Extreme Edge,0.96,147.3,103.52,93.08,95.03,1123.4,False,True,False,False,0,0.0,
1358,Rev8,8,W047,AE-3200,CH-A,EXT-06,Extreme Edge,0.96,180.0,98.04,94.65,93.02,1131.0,True,True,True,False,0,0.0,
1359,Rev8,8,W047,AE-3200,CH-A,EXT-07,Extreme Edge,0.96,212.7,102.09,95.19,97.49,1075.1,False,True,False,True,2,3.8,
1360,Rev8,8,W047,AE-3200,CH-A,EXT-08,Extreme Edge,0.96,245.5,101.37,97.33,90.01,1106.0,False,True,True,False,1,4.3,
1361,Rev8,8,W047,AE-3200,CH-A,EXT-09,Extreme Edge,0.96,278.2,100.1,96.15,95.17,1162.2,True,True,False,False,1,2.68,polymer_residue
1362,Rev8,8,W047,AE-3200,CH-A,EXT-10,Extreme Edge,0.96,310.9,102.05,97.19,96.97,1134.5,False,True,False,False,0,0.0,
1363,Rev8,8,W047,AE-3200,CH-A,EXT-11,Extreme Edge,0.96,343.6,98.67,94.26,95.28,1114.9,True,True,False,False,2,3.74,
1364,Base,0,W048,AE-3200,CH-A,C1,Center,0.0,0.0,98.71,95.53,87.15,916.7,True,True,True,True,0,0.0,
1365,Base,0,W048,AE-3200,CH-A,MID-01,Mid,0.52,30.0,99.7,95.16,89.48,1086.3,True,True,True,True,0,0.0,
1366,Base,0,W048,AE-3200,CH-A,MID-02,Mid,0.52,90.0,95.95,96.31,83.88,931.6,True,True,True,True,0,0.0,
1367,Base,0,W048,AE-3200,CH-A,MID-03,Mid,0.52,150.0,99.01,94.93,83.77,950.8,True,True,True,True,2,7.91,polymer_residue
1368,Base,0,W048,AE-3200,CH-A,MID-04,Mid,0.52,210.0,97.57,98.76,80.47,924.4,True,False,True,True,0,0.0,
1369,Base,0,W048,AE-3200,CH-A,MID-05,Mid,0.52,270.0,100.71,95.95,82.33,936.2,True,True,True,True,0,0.0,
1370,Base,0,W048,AE-3200,CH-A,MID-06,Mid,0.52,330.0,96.48,94.01,95.51,985.0,True,True,False,True,0,0.0,
1371,Base,0,W048,AE-3200,CH-A,EDG-01,Edge,0.84,0.0,103.0,99.2,77.63,1025.3,False,False,False,True,0,0.0,
1372,Base,0,W048,AE-3200,CH-A,EDG-02,Edge,0.84,32.7,100.89,100.54,97.6,1035.4,False,False,False,True,0,0.0,
1373,Base,0,W048,AE-3200,CH-A,EDG-03,Edge,0.84,65.5,97.6,93.65,83.31,935.9,True,True,True,True,0,0.0,
1374,Base,0,W048,AE-3200,CH-A,EDG-04,Edge,0.84,98.2,97.42,100.28,91.96,878.7,True,False,True,False,0,0.0,
1375,Base,0,W048,AE-3200,CH-A,EDG-05,Edge,0.84,130.9,99.3,97.17,89.3,1034.3,True,True,True,True,0,0.0,
1376,Base,0,W048,AE-3200,CH-A,EDG-06,Edge,0.84,163.6,99.83,98.76,82.07,923.4,True,False,True,True,1,3.97,
1377,Base,0,W048,AE-3200,CH-A,EDG-07,Edge,0.84,196.4,100.5,95.48,90.51,1033.8,True,True,True,True,0,0.0,
1378,Base,0,W048,AE-3200,CH-A,EDG-08,Edge,0.84,229.1,96.36,100.35,92.58,939.8,True,False,True,True,0,0.0,
1379,Base,0,W048,AE-3200,CH-A,EDG-09,Edge,0.84,261.8,99.83,97.52,89.65,1044.8,True,True,True,True,0,0.0,
1380,Base,0,W048,AE-3200,CH-A,EDG-10,Edge,0.84,294.5,101.06,95.87,90.9,1065.7,False,True,True,True,0,0.0,
1381,Base,0,W048,AE-3200,CH-A,EDG-11,Edge,0.84,327.3,100.78,94.41,86.76,938.4,True,True,True,True,0,0.0,
1382,Base,0,W048,AE-3200,CH-A,EXT-01,Extreme Edge,0.96,16.4,103.61,98.48,83.99,1039.4,False,False,True,True,0,0.0,
1383,Base,0,W048,AE-3200,CH-A,EXT-02,Extreme Edge,0.96,49.1,98.09,98.81,92.43,844.4,True,False,True,False,0,0.0,
1384,Base,0,W048,AE-3200,CH-A,EXT-03,Extreme Edge,0.96,81.8,97.46,96.09,89.45,934.8,True,True,True,True,0,0.0,
1385,Base,0,W048,AE-3200,CH-A,EXT-04,Extreme Edge,0.96,114.5,101.81,99.48,89.64,1013.2,False,False,True,True,1,3.98,
1386,Base,0,W048,AE-3200,CH-A,EXT-05,Extreme Edge,0.96,147.3,98.99,101.43,89.8,915.5,True,False,True,True,0,0.0,
1387,Base,0,W048,AE-3200,CH-A,EXT-06,Extreme Edge,0.96,180.0,102.98,100.1,90.5,985.3,False,False,True,True,2,4.89,arc_event
1388,Base,0,W048,AE-3200,CH-A,EXT-07,Extreme Edge,0.96,212.7,100.71,96.41,89.69,1017.0,True,True,True,True,1,5.25,endpoint_late
1389,Base,0,W048,AE-3200,CH-A,EXT-08,Extreme Edge,0.96,245.5,102.62,99.11,89.57,920.3,False,False,True,True,1,3.16,pressure_spike
1390,Base,0,W048,AE-3200,CH-A,EXT-09,Extreme Edge,0.96,278.2,99.01,93.42,87.77,951.4,True,True,True,True,1,2.82,
1391,Base,0,W048,AE-3200,CH-A,EXT-10,Extreme Edge,0.96,310.9,99.48,96.97,87.39,978.4,True,True,True,True,0,0.0,
1392,Base,0,W048,AE-3200,CH-A,EXT-11,Extreme Edge,0.96,343.6,99.14,103.01,87.79,1017.7,True,False,True,True,1,2.61,polymer_residue
1393,Rev8,8,W049,AE-3200,CH-A,C1,Center,0.0,0.0,101.19,90.73,94.08,1038.2,False,True,True,True,0,0.0,
1394,Rev8,8,W049,AE-3200,CH-A,MID-01,Mid,0.52,30.0,99.89,91.42,94.2,978.4,True,True,True,True,0,0.0,
1395,Rev8,8,W049,AE-3200,CH-A,MID-02,Mid,0.52,90.0,100.54,93.19,95.58,958.5,True,True,False,True,1,6.19,
1396,Rev8,8,W049,AE-3200,CH-A,MID-03,Mid,0.52,150.0,101.16,96.68,94.32,941.6,False,True,True,True,1,4.02,
1397,Rev8,8,W049,AE-3200,CH-A,MID-04,Mid,0.52,210.0,97.95,94.47,95.22,1127.0,True,True,False,False,1,2.51,polymer_residue
1398,Rev8,8,W049,AE-3200,CH-A,MID-05,Mid,0.52,270.0,98.59,94.24,91.56,1007.3,True,True,True,True,0,0.0,
1399,Rev8,8,W049,AE-3200,CH-A,MID-06,Mid,0.52,330.0,100.23,92.38,88.57,991.5,True,True,True,True,0,0.0,
1400,Rev8,8,W049,AE-3200,CH-A,EDG-01,Edge,0.84,0.0,103.1,88.72,95.74,1082.8,False,True,False,True,0,0.0,
1401,Rev8,8,W049,AE-3200,CH-A,EDG-02,Edge,0.84,32.7,102.51,91.11,92.19,1059.7,False,True,True,True,0,0.0,
1402,Rev8,8,W049,AE-3200,CH-A,EDG-03,Edge,0.84,65.5,99.07,90.93,93.19,1102.7,True,True,True,False,1,2.8,polymer_residue
1403,Rev8,8,W049,AE-3200,CH-A,EDG-04,Edge,0.84,98.2,104.59,92.3,92.5,966.9,False,True,True,True,1,2.15,
1404,Rev8,8,W049,AE-3200,CH-A,EDG-05,Edge,0.84,130.9,100.86,94.05,100.07,1016.5,False,True,False,True,1,1.89,polymer_residue
1405,Rev8,8,W049,AE-3200,CH-A,EDG-06,Edge,0.84,163.6,102.69,90.83,95.99,997.8,False,True,False,True,2,4.16,
1406,Rev8,8,W049,AE-3200,CH-A,EDG-07,Edge,0.84,196.4,101.0,93.17,97.54,1221.2,False,True,False,False,1,4.03,polymer_residue
1407,Rev8,8,W049,AE-3200,CH-A,EDG-08,Edge,0.84,229.1,101.97,92.51,90.05,1103.7,False,True,True,False,0,0.0,
1408,Rev8,8,W049,AE-3200,CH-A,EDG-09,Edge,0.84,261.8,104.09,94.69,95.62,1026.0,False,True,False,True,1,1.98,polymer_residue
1409,Rev8,8,W049,AE-3200,CH-A,EDG-10,Edge,0.84,294.5,101.72,93.37,95.29,964.4,False,True,False,True,1,3.28,polymer_residue
1410,Rev8,8,W049,AE-3200,CH-A,EDG-11,Edge,0.84,327.3,102.56,94.06,86.63,1062.8,False,True,True,True,0,0.0,
1411,Rev8,8,W049,AE-3200,CH-A,EXT-01,Extreme Edge,0.96,16.4,101.91,92.57,98.94,1083.8,False,True,False,True,1,2.75,arc_event
1412,Rev8,8,W049,AE-3200,CH-A,EXT-02,Extreme Edge,0.96,49.1,105.5,98.08,93.14,1004.2,False,False,True,True,1,2.48,arc_event
1413,Rev8,8,W049,AE-3200,CH-A,EXT-03,Extreme Edge,0.96,81.8,106.22,93.24,95.25,1181.3,False,True,False,False,1,6.03,endpoint_late
1414,Rev8,8,W049,AE-3200,CH-A,EXT-04,Extreme Edge,0.96,114.5,101.88,93.39,100.03,1098.6,False,True,False,False,1,3.43,
1415,Rev8,8,W049,AE-3200,CH-A,EXT-05,Extreme Edge,0.96,147.3,103.8,93.63,97.26,1091.7,False,True,False,False,0,0.0,
1416,Rev8,8,W049,AE-3200,CH-A,EXT-06,Extreme Edge,0.96,180.0,101.52,92.5,100.07,1180.6,False,True,False,False,1,3.86,pressure_spike
1417,Rev8,8,W049,AE-3200,CH-A,EXT-07,Extreme Edge,0.96,212.7,103.89,89.69,88.14,1129.8,False,True,True,False,2,4.34,
1418,Rev8,8,W049,AE-3200,CH-A,EXT-08,Extreme Edge,0.96,245.5,100.82,93.99,103.26,1064.6,False,True,False,True,1,2.11,polymer_residue
1419,Rev8,8,W049,AE-3200,CH-A,EXT-09,Extreme Edge,0.96,278.2,101.87,95.79,98.79,1080.9,False,True,False,True,0,0.0,
1420,Rev8,8,W049,AE-3200,CH-A,EXT-10,Extreme Edge,0.96,310.9,103.88,89.8,95.94,1082.6,False,True,False,True,2,8.9,
1421,Rev8,8,W049,AE-3200,CH-A,EXT-11,Extreme Edge,0.96,343.6,106.42,93.63,104.16,1069.5,False,True,False,True,0,0.0,
1422,Rev11,11,W050,PX-7500,CH-D,C1,Center,0.0,0.0,95.86,95.76,98.36,1075.1,True,True,False,True,0,0.0,
1423,Rev11,11,W050,PX-7500,CH-D,MID-01,Mid,0.52,30.0,99.73,94.76,101.87,1165.2,True,True,False,False,0,0.0,
1424,Rev11,11,W050,PX-7500,CH-D,MID-02,Mid,0.52,90.0,100.37,95.28,96.97,1018.5,True,True,False,True,0,0.0,
1425,Rev11,11,W050,PX-7500,CH-D,MID-03,Mid,0.52,150.0,100.64,91.72,105.91,1147.9,True,True,False,False,1,4.33,endpoint_late
1426,Rev11,11,W050,PX-7500,CH-D,MID-04,Mid,0.52,210.0,99.02,89.84,102.48,1011.2,True,True,False,True,0,0.0,
1427,Rev11,11,W050,PX-7500,CH-D,MID-05,Mid,0.52,270.0,97.27,94.23,102.59,1040.2,True,True,False,True,0,0.0,
1428,Rev11,11,W050,PX-7500,CH-D,MID-06,Mid,0.52,330.0,99.64,95.35,100.85,1173.4,True,True,False,False,0,0.0,
1429,Rev11,11,W050,PX-7500,CH-D,EDG-01,Edge,0.84,0.0,99.39,95.06,100.04,1098.5,True,True,False,False,1,4.77,endpoint_late
1430,Rev11,11,W050,PX-7500,CH-D,EDG-02,Edge,0.84,32.7,100.61,94.53,102.63,1098.9,True,True,False,False,0,0.0,
1431,Rev11,11,W050,PX-7500,CH-D,EDG-03,Edge,0.84,65.5,98.64,97.54,107.81,1055.2,True,True,False,True,0,0.0,
1432,Rev11,11,W050,PX-7500,CH-D,EDG-04,Edge,0.84,98.2,100.5,95.23,101.75,1169.9,True,True,False,False,0,0.0,
1433,Rev11,11,W050,PX-7500,CH-D,EDG-05,Edge,0.84,130.9,100.45,91.71,96.81,982.8,True,True,False,True,0,0.0,
1434,Rev11,11,W050,PX-7500,CH-D,EDG-06,Edge,0.84,163.6,97.0,93.98,100.86,1137.8,True,True,False,False,1,3.98,
1435,Rev11,11,W050,PX-7500,CH-D,EDG-07,Edge,0.84,196.4,99.69,90.69,106.52,1121.8,True,True,False,False,1,5.46,polymer_residue
1436,Rev11,11,W050,PX-7500,CH-D,EDG-08,Edge,0.84,229.1,97.41,98.85,105.6,1053.3,True,False,False,True,0,0.0,
1437,Rev11,11,W050,PX-7500,CH-D,EDG-09,Edge,0.84,261.8,104.54,93.0,97.09,1039.7,False,True,False,True,1,6.4,
1438,Rev11,11,W050,PX-7500,CH-D,EDG-10,Edge,0.84,294.5,101.47,95.43,109.23,1101.8,False,True,False,False,0,0.0,
1439,Rev11,11,W050,PX-7500,CH-D,EDG-11,Edge,0.84,327.3,99.85,94.9,99.43,1128.1,True,True,False,False,0,0.0,
1440,Rev11,11,W050,PX-7500,CH-D,EXT-01,Extreme Edge,0.96,16.4,100.95,92.02,106.76,1098.2,False,True,False,False,0,0.0,
1441,Rev11,11,W050,PX-7500,CH-D,EXT-02,Extreme Edge,0.96,49.1,103.04,94.31,106.82,1064.6,False,True,False,True,2,9.55,polymer_residue
1442,Rev11,11,W050,PX-7500,CH-D,EXT-03,Extreme Edge,0.96,81.8,102.03,95.68,96.97,1071.5,False,True,False,True,3,14.91,endpoint_late
1443,Rev11,11,W050,PX-7500,CH-D,EXT-04,Extreme Edge,0.96,114.5,97.27,95.79,100.13,1283.9,True,True,False,False,1,4.41,
1444,Rev11,11,W050,PX-7500,CH-D,EXT-05,Extreme Edge,0.96,147.3,99.91,97.7,102.07,1122.2,True,False,False,False,0,0.0,
1445,Rev11,11,W050,PX-7500,CH-D,EXT-06,Extreme Edge,0.96,180.0,102.1,91.38,103.4,1039.9,False,True,False,True,0,0.0,
1446,Rev11,11,W050,PX-7500,CH-D,EXT-07,Extreme Edge,0.96,212.7,102.4,90.97,102.01,1227.9,False,True,False,False,0,0.0,
1447,Rev11,11,W050,PX-7500,CH-D,EXT-08,Extreme Edge,0.96,245.5,98.61,95.95,99.85,1071.3,True,True,False,True,2,6.11,
1448,Rev11,11,W050,PX-7500,CH-D,EXT-09,Extreme Edge,0.96,278.2,102.15,96.37,104.0,1084.2,False,True,False,True,0,0.0,
1449,Rev11,11,W050,PX-7500,CH-D,EXT-10,Extreme Edge,0.96,310.9,102.3,98.95,102.76,1088.2,False,False,False,True,0,0.0,
1450,Rev11,11,W050,PX-7500,CH-D,EXT-11,Extreme Edge,0.96,343.6,101.65,95.57,109.15,1090.7,False,True,False,False,1,3.92,
1451,Rev3,3,W051,PX-7500,CH-D,C1,Center,0.0,0.0,92.92,91.65,81.45,863.8,True,True,True,False,1,3.39,
1452,Rev3,3,W051,PX-7500,CH-D,MID-01,Mid,0.52,30.0,98.72,89.33,89.21,929.0,True,True,True,True,0,0.0,
1453,Rev3,3,W051,PX-7500,CH-D,MID-02,Mid,0.52,90.0,102.45,90.12,88.87,961.2,False,True,True,True,0,0.0,
1454,Rev3,3,W051,PX-7500,CH-D,MID-03,Mid,0.52,150.0,97.89,92.59,82.48,1004.9,True,True,True,True,0,0.0,
1455,Rev3,3,W051,PX-7500,CH-D,MID-04,Mid,0.52,210.0,96.17,98.33,78.31,898.1,True,False,True,True,2,9.49,endpoint_late
1456,Rev3,3,W051,PX-7500,CH-D,MID-05,Mid,0.52,270.0,98.51,100.05,88.47,823.4,True,False,True,False,2,7.47,esc_temp_drift
1457,Rev3,3,W051,PX-7500,CH-D,MID-06,Mid,0.52,330.0,95.67,95.61,88.37,1008.9,True,True,True,True,0,0.0,
1458,Rev3,3,W051,PX-7500,CH-D,EDG-01,Edge,0.84,0.0,100.0,96.18,90.8,968.8,True,True,True,True,0,0.0,
1459,Rev3,3,W051,PX-7500,CH-D,EDG-02,Edge,0.84,32.7,99.76,95.43,79.88,918.6,True,True,True,True,0,0.0,
1460,Rev3,3,W051,PX-7500,CH-D,EDG-03,Edge,0.84,65.5,101.12,93.07,82.61,1025.0,False,True,True,True,0,0.0,
1461,Rev3,3,W051,PX-7500,CH-D,EDG-04,Edge,0.84,98.2,98.77,97.29,83.12,914.0,True,True,True,True,0,0.0,
1462,Rev3,3,W051,PX-7500,CH-D,EDG-05,Edge,0.84,130.9,96.98,96.65,92.55,948.7,True,True,True,True,0,0.0,
1463,Rev3,3,W051,PX-7500,CH-D,EDG-06,Edge,0.84,163.6,102.43,96.26,86.21,1004.4,False,True,True,True,1,4.73,
1464,Rev3,3,W051,PX-7500,CH-D,EDG-07,Edge,0.84,196.4,99.29,95.16,89.81,878.1,True,True,True,False,1,5.81,polymer_residue
1465,Rev3,3,W051,PX-7500,CH-D,EDG-08,Edge,0.84,229.1,99.48,93.26,86.92,977.3,True,True,True,True,1,3.07,
1466,Rev3,3,W051,PX-7500,CH-D,EDG-09,Edge,0.84,261.8,99.65,90.67,87.18,941.0,True,True,True,True,0,0.0,
1467,Rev3,3,W051,PX-7500,CH-D,EDG-10,Edge,0.84,294.5,100.11,97.25,89.24,930.0,True,True,True,True,0,0.0,
1468,Rev3,3,W051,PX-7500,CH-D,EDG-11,Edge,0.84,327.3,101.09,96.4,88.82,975.8,False,True,True,True,0,0.0,
1469,Rev3,3,W051,PX-7500,CH-D,EXT-01,Extreme Edge,0.96,16.4,103.25,98.45,87.13,1035.7,False,False,True,True,1,5.01,arc_event
1470,Rev3,3,W051,PX-7500,CH-D,EXT-02,Extreme Edge,0.96,49.1,100.01,93.63,86.73,1053.9,True,True,True,True,0,0.0,
1471,Rev3,3,W051,PX-7500,CH-D,EXT-03,Extreme Edge,0.96,81.8,98.86,95.58,87.02,1010.0,True,True,True,True,0,0.0,
1472,Rev3,3,W051,PX-7500,CH-D,EXT-04,Extreme Edge,0.96,114.5,100.96,90.33,90.2,972.6,False,True,True,True,1,2.49,arc_event
1473,Rev3,3,W051,PX-7500,CH-D,EXT-05,Extreme Edge,0.96,147.3,101.53,93.74,97.56,890.2,False,True,False,True,0,0.0,
1474,Rev3,3,W051,PX-7500,CH-D,EXT-06,Extreme Edge,0.96,180.0,98.52,94.63,87.43,1009.9,True,True,True,True,0,0.0,
1475,Rev3,3,W051,PX-7500,CH-D,EXT-07,Extreme Edge,0.96,212.7,99.95,98.94,80.38,843.7,True,False,True,False,0,0.0,
1476,Rev3,3,W051,PX-7500,CH-D,EXT-08,Extreme Edge,0.96,245.5,95.97,99.96,81.84,994.9,True,False,True,True,0,0.0,
1477,Rev3,3,W051,PX-7500,CH-D,EXT-09,Extreme Edge,0.96,278.2,101.39,96.31,90.54,958.6,False,True,True,True,0,0.0,
1478,Rev3,3,W051,PX-7500,CH-D,EXT-10,Extreme Edge,0.96,310.9,102.79,96.66,85.31,866.8,False,True,True,False,0,0.0,
1479,Rev3,3,W051,PX-7500,CH-D,EXT-11,Extreme Edge,0.96,343.6,100.61,100.24,93.68,1052.4,True,False,True,True,0,0.0,
1480,Rev10,10,W052,PX-7500,CH-C,C1,Center,0.0,0.0,95.47,91.04,88.89,980.0,True,True,True,True,0,0.0,
1481,Rev10,10,W052,PX-7500,CH-C,MID-01,Mid,0.52,30.0,97.73,89.92,93.71,988.1,True,True,True,True,0,0.0,
1482,Rev10,10,W052,PX-7500,CH-C,MID-02,Mid,0.52,90.0,94.72,90.25,85.08,1023.3,True,True,True,True,0,0.0,
1483,Rev10,10,W052,PX-7500,CH-C,MID-03,Mid,0.52,150.0,95.36,90.61,93.28,980.8,True,True,True,True,0,0.0,
1484,Rev10,10,W052,PX-7500,CH-C,MID-04,Mid,0.52,210.0,97.09,86.17,93.02,999.7,True,False,True,True,0,0.0,
1485,Rev10,10,W052,PX-7500,CH-C,MID-05,Mid,0.52,270.0,101.09,89.27,92.65,1076.3,False,True,True,True,0,0.0,
1486,Rev10,10,W052,PX-7500,CH-C,MID-06,Mid,0.52,330.0,96.91,88.09,97.04,1037.8,True,True,False,True,0,0.0,
1487,Rev10,10,W052,PX-7500,CH-C,EDG-01,Edge,0.84,0.0,99.79,90.52,90.0,1108.4,True,True,True,False,0,0.0,
1488,Rev10,10,W052,PX-7500,CH-C,EDG-02,Edge,0.84,32.7,100.41,95.03,86.78,1069.0,True,True,True,True,0,0.0,
1489,Rev10,10,W052,PX-7500,CH-C,EDG-03,Edge,0.84,65.5,96.49,89.78,96.88,1153.9,True,True,False,False,2,3.9,
1490,Rev10,10,W052,PX-7500,CH-C,EDG-04,Edge,0.84,98.2,97.34,92.76,95.42,1060.1,True,True,False,True,0,0.0,
1491,Rev10,10,W052,PX-7500,CH-C,EDG-05,Edge,0.84,130.9,100.07,93.19,101.57,1077.9,True,True,False,True,1,3.31,pressure_spike
1492,Rev10,10,W052,PX-7500,CH-C,EDG-06,Edge,0.84,163.6,97.31,89.17,94.33,999.2,True,True,True,True,3,14.62,polymer_residue
1493,Rev10,10,W052,PX-7500,CH-C,EDG-07,Edge,0.84,196.4,98.66,86.48,91.27,1172.0,True,False,True,False,1,3.46,
1494,Rev10,10,W052,PX-7500,CH-C,EDG-08,Edge,0.84,229.1,101.93,90.55,92.37,1037.9,False,True,True,True,0,0.0,
1495,Rev10,10,W052,PX-7500,CH-C,EDG-09,Edge,0.84,261.8,100.62,89.59,101.32,1053.9,True,True,False,True,0,0.0,
1496,Rev10,10,W052,PX-7500,CH-C,EDG-10,Edge,0.84,294.5,101.22,89.47,107.01,990.3,False,True,False,True,0,0.0,
1497,Rev10,10,W052,PX-7500,CH-C,EDG-11,Edge,0.84,327.3,99.09,90.46,98.04,1093.0,True,True,False,False,1,4.1,endpoint_late
1498,Rev10,10,W052,PX-7500,CH-C,EXT-01,Extreme Edge,0.96,16.4,103.69,88.71,100.38,1044.8,False,True,False,True,1,4.1,polymer_residue
1499,Rev10,10,W052,PX-7500,CH-C,EXT-02,Extreme Edge,0.96,49.1,100.18,92.32,97.1,1117.6,True,True,False,False,2,12.22,arc_event
1500,Rev10,10,W052,PX-7500,CH-C,EXT-03,Extreme Edge,0.96,81.8,96.75,90.82,88.99,1136.8,True,True,True,False,1,2.4,
1501,Rev10,10,W052,PX-7500,CH-C,EXT-04,Extreme Edge,0.96,114.5,97.18,91.44,93.68,1075.0,True,True,True,True,2,12.69,
1502,Rev10,10,W052,PX-7500,CH-C,EXT-05,Extreme Edge,0.96,147.3,103.38,97.85,106.16,992.1,False,False,False,True,1,6.0,esc_temp_drift
1503,Rev10,10,W052,PX-7500,CH-C,EXT-06,Extreme Edge,0.96,180.0,99.3,94.22,102.7,1154.5,True,True,False,False,2,8.13,
1504,Rev10,10,W052,PX-7500,CH-C,EXT-07,Extreme Edge,0.96,212.7,102.67,91.55,100.43,1161.4,False,True,False,False,2,7.01,
1505,Rev10,10,W052,PX-7500,CH-C,EXT-08,Extreme Edge,0.96,245.5,97.82,88.55,99.82,994.1,True,True,False,True,0,0.0,
1506,Rev10,10,W052,PX-7500,CH-C,EXT-09,Extreme Edge,0.96,278.2,101.74,90.31,99.41,1066.2,False,True,False,True,0,0.0,
1507,Rev10,10,W052,PX-7500,CH-C,EXT-10,Extreme Edge,0.96,310.9,100.23,92.22,95.94,1031.1,True,True,False,True,0,0.0,
1508,Rev10,10,W052,PX-7500,CH-C,EXT-11,Extreme Edge,0.96,343.6,102.56,90.73,103.52,1162.0,False,True,False,False,1,6.32,polymer_residue
1509,Rev2,2,W053,PX-7500,CH-C,C1,Center,0.0,0.0,94.71,96.7,87.87,954.2,True,True,True,True,0,0.0,
1510,Rev2,2,W053,PX-7500,CH-C,MID-01,Mid,0.52,30.0,93.95,96.71,89.21,971.6,True,True,True,True,0,0.0,
1511,Rev2,2,W053,PX-7500,CH-C,MID-02,Mid,0.52,90.0,97.18,94.56,82.1,1050.8,True,True,True,True,0,0.0,
1512,Rev2,2,W053,PX-7500,CH-C,MID-03,Mid,0.52,150.0,97.47,95.34,85.27,1030.6,True,True,True,True,0,0.0,
1513,Rev2,2,W053,PX-7500,CH-C,MID-04,Mid,0.52,210.0,96.21,98.3,90.12,890.1,True,False,True,True,1,2.08,pressure_spike
1514,Rev2,2,W053,PX-7500,CH-C,MID-05,Mid,0.52,270.0,93.57,91.67,91.33,903.3,True,True,True,True,0,0.0,
1515,Rev2,2,W053,PX-7500,CH-C,MID-06,Mid,0.52,330.0,93.46,96.28,94.21,1043.0,True,True,True,True,0,0.0,
1516,Rev2,2,W053,PX-7500,CH-C,EDG-01,Edge,0.84,0.0,98.04,96.26,85.64,972.1,True,True,True,True,0,0.0,
1517,Rev2,2,W053,PX-7500,CH-C,EDG-02,Edge,0.84,32.7,95.09,94.88,97.07,867.2,True,True,False,False,0,0.0,
1518,Rev2,2,W053,PX-7500,CH-C,EDG-03,Edge,0.84,65.5,96.7,104.03,86.24,1037.7,True,False,True,True,0,0.0,
1519,Rev2,2,W053,PX-7500,CH-C,EDG-04,Edge,0.84,98.2,95.47,97.25,87.95,972.4,True,True,True,True,0,0.0,
1520,Rev2,2,W053,PX-7500,CH-C,EDG-05,Edge,0.84,130.9,99.96,95.34,95.27,872.3,True,True,False,False,5,20.42,
1521,Rev2,2,W053,PX-7500,CH-C,EDG-06,Edge,0.84,163.6,96.8,99.03,89.18,886.5,True,False,True,True,0,0.0,
1522,Rev2,2,W053,PX-7500,CH-C,EDG-07,Edge,0.84,196.4,97.25,95.69,93.67,1065.1,True,True,True,True,0,0.0,
1523,Rev2,2,W053,PX-7500,CH-C,EDG-08,Edge,0.84,229.1,96.82,94.61,89.74,889.2,True,True,True,True,0,0.0,
1524,Rev2,2,W053,PX-7500,CH-C,EDG-09,Edge,0.84,261.8,96.93,97.2,86.25,892.9,True,True,True,True,0,0.0,
1525,Rev2,2,W053,PX-7500,CH-C,EDG-10,Edge,0.84,294.5,97.72,95.15,82.61,962.9,True,True,True,True,1,3.61,
1526,Rev2,2,W053,PX-7500,CH-C,EDG-11,Edge,0.84,327.3,95.37,95.41,88.28,947.9,True,True,True,True,0,0.0,
1527,Rev2,2,W053,PX-7500,CH-C,EXT-01,Extreme Edge,0.96,16.4,97.75,96.07,94.75,885.6,True,True,False,True,1,4.65,pressure_spike
1528,Rev2,2,W053,PX-7500,CH-C,EXT-02,Extreme Edge,0.96,49.1,99.11,96.17,92.33,1038.4,True,True,True,True,2,10.58,polymer_residue
1529,Rev2,2,W053,PX-7500,CH-C,EXT-03,Extreme Edge,0.96,81.8,98.06,100.41,87.42,992.5,True,False,True,True,1,2.36,
1530,Rev2,2,W053,PX-7500,CH-C,EXT-04,Extreme Edge,0.96,114.5,98.74,94.59,90.22,784.7,True,True,True,False,0,0.0,
1531,Rev2,2,W053,PX-7500,CH-C,EXT-05,Extreme Edge,0.96,147.3,96.62,95.82,89.02,918.1,True,True,True,True,1,2.41,
1532,Rev2,2,W053,PX-7500,CH-C,EXT-06,Extreme Edge,0.96,180.0,96.29,98.68,93.02,973.5,True,False,True,True,1,4.09,esc_temp_drift
1533,Rev2,2,W053,PX-7500,CH-C,EXT-07,Extreme Edge,0.96,212.7,97.05,97.27,87.95,933.1,True,True,True,True,1,3.25,
1534,Rev2,2,W053,PX-7500,CH-C,EXT-08,Extreme Edge,0.96,245.5,96.82,99.46,88.43,971.5,True,False,True,True,0,0.0,
1535,Rev2,2,W053,PX-7500,CH-C,EXT-09,Extreme Edge,0.96,278.2,96.85,98.47,89.67,872.4,True,False,True,False,0,0.0,
1536,Rev2,2,W053,PX-7500,CH-C,EXT-10,Extreme Edge,0.96,310.9,98.6,98.68,92.01,926.6,True,False,True,True,2,8.58,arc_event
1537,Rev2,2,W053,PX-7500,CH-C,EXT-11,Extreme Edge,0.96,343.6,95.98,95.58,89.9,992.3,True,True,True,True,0,0.0,
1538,Rev5,5,W054,AE-3200,CH-B,C1,Center,0.0,0.0,100.38,90.96,75.29,1001.4,True,True,False,True,2,11.05,polymer_residue
1539,Rev5,5,W054,AE-3200,CH-B,MID-01,Mid,0.52,30.0,101.01,91.46,74.98,973.4,False,True,False,True,0,0.0,
1540,Rev5,5,W054,AE-3200,CH-B,MID-02,Mid,0.52,90.0,100.13,88.07,81.04,892.3,True,True,True,True,0,0.0,
1541,Rev5,5,W054,AE-3200,CH-B,MID-03,Mid,0.52,150.0,98.87,92.8,87.6,1027.4,True,True,True,True,0,0.0,
1542,Rev5,5,W054,AE-3200,CH-B,MID-04,Mid,0.52,210.0,100.72,93.3,87.75,1016.2,True,True,True,True,0,0.0,
1543,Rev5,5,W054,AE-3200,CH-B,MID-05,Mid,0.52,270.0,99.36,91.41,84.03,1020.1,True,True,True,True,0,0.0,
1544,Rev5,5,W054,AE-3200,CH-B,MID-06,Mid,0.52,330.0,98.51,90.0,87.2,971.2,True,True,True,True,0,0.0,
1545,Rev5,5,W054,AE-3200,CH-B,EDG-01,Edge,0.84,0.0,101.46,93.39,89.28,946.4,False,True,True,True,0,0.0,
1546,Rev5,5,W054,AE-3200,CH-B,EDG-02,Edge,0.84,32.7,98.78,94.27,86.44,907.8,True,True,True,True,0,0.0,
1547,Rev5,5,W054,AE-3200,CH-B,EDG-03,Edge,0.84,65.5,105.12,91.53,82.55,1071.0,False,True,True,True,0,0.0,
1548,Rev5,5,W054,AE-3200,CH-B,EDG-04,Edge,0.84,98.2,95.24,92.86,94.5,987.3,True,True,False,True,0,0.0,
1549,Rev5,5,W054,AE-3200,CH-B,EDG-05,Edge,0.84,130.9,100.55,93.3,87.98,1024.5,True,True,True,True,0,0.0,
1550,Rev5,5,W054,AE-3200,CH-B,EDG-06,Edge,0.84,163.6,100.52,94.11,79.08,960.3,True,True,True,True,0,0.0,
1551,Rev5,5,W054,AE-3200,CH-B,EDG-07,Edge,0.84,196.4,100.05,89.79,83.12,906.3,True,True,True,True,0,0.0,
1552,Rev5,5,W054,AE-3200,CH-B,EDG-08,Edge,0.84,229.1,97.26,95.19,85.06,1044.1,True,True,True,True,0,0.0,
1553,Rev5,5,W054,AE-3200,CH-B,EDG-09,Edge,0.84,261.8,100.4,94.82,84.31,896.2,True,True,True,True,0,0.0,
1554,Rev5,5,W054,AE-3200,CH-B,EDG-10,Edge,0.84,294.5,102.43,98.06,81.91,913.6,False,False,True,True,1,3.98,endpoint_late
1555,Rev5,5,W054,AE-3200,CH-B,EDG-11,Edge,0.84,327.3,95.89,93.35,81.18,967.2,True,True,True,True,0,0.0,
1556,Rev5,5,W054,AE-3200,CH-B,EXT-01,Extreme Edge,0.96,16.4,99.97,94.9,89.37,1018.9,True,True,True,True,0,0.0,
1557,Rev5,5,W054,AE-3200,CH-B,EXT-02,Extreme Edge,0.96,49.1,99.89,96.88,88.86,971.6,True,True,True,True,0,0.0,
1558,Rev5,5,W054,AE-3200,CH-B,EXT-03,Extreme Edge,0.96,81.8,103.65,92.67,86.76,1083.7,False,True,True,True,0,0.0,
1559,Rev5,5,W054,AE-3200,CH-B,EXT-04,Extreme Edge,0.96,114.5,102.55,94.83,91.9,1016.1,False,True,True,True,0,0.0,
1560,Rev5,5,W054,AE-3200,CH-B,EXT-05,Extreme Edge,0.96,147.3,102.42,97.28,90.38,979.5,False,True,True,True,0,0.0,
1561,Rev5,5,W054,AE-3200,CH-B,EXT-06,Extreme Edge,0.96,180.0,102.83,97.02,88.53,1031.4,False,True,True,True,1,3.16,
1562,Rev5,5,W054,AE-3200,CH-B,EXT-07,Extreme Edge,0.96,212.7,102.49,92.43,78.92,942.9,False,True,True,True,0,0.0,
1563,Rev5,5,W054,AE-3200,CH-B,EXT-08,Extreme Edge,0.96,245.5,100.26,94.75,81.67,1014.2,True,True,True,True,2,7.64,
1564,Rev5,5,W054,AE-3200,CH-B,EXT-09,Extreme Edge,0.96,278.2,95.45,99.79,90.05,1100.0,True,False,True,False,1,4.19,polymer_residue
1565,Rev5,5,W054,AE-3200,CH-B,EXT-10,Extreme Edge,0.96,310.9,104.33,93.09,80.22,917.7,False,True,True,True,1,2.69,
1566,Rev5,5,W054,AE-3200,CH-B,EXT-11,Extreme Edge,0.96,343.6,98.53,97.18,86.08,1005.5,True,True,True,True,0,0.0,
1567,Rev3,3,W055,PX-7500,CH-D,C1,Center,0.0,0.0,91.62,94.17,84.91,987.9,True,True,True,True,0,0.0,
1568,Rev3,3,W055,PX-7500,CH-D,MID-01,Mid,0.52,30.0,97.67,96.58,86.52,1015.9,True,True,True,True,0,0.0,
1569,Rev3,3,W055,PX-7500,CH-D,MID-02,Mid,0.52,90.0,96.31,94.66,87.51,925.6,True,True,True,True,1,4.44,
1570,Rev3,3,W055,PX-7500,CH-D,MID-03,Mid,0.52,150.0,96.34,94.98,87.57,998.4,True,True,True,True,0,0.0,
1571,Rev3,3,W055,PX-7500,CH-D,MID-04,Mid,0.52,210.0,94.94,97.86,85.04,992.6,True,False,True,True,0,0.0,
1572,Rev3,3,W055,PX-7500,CH-D,MID-05,Mid,0.52,270.0,95.25,87.91,94.44,1029.6,True,True,True,True,0,0.0,
1573,Rev3,3,W055,PX-7500,CH-D,MID-06,Mid,0.52,330.0,91.81,92.64,81.08,946.6,True,True,True,True,0,0.0,
1574,Rev3,3,W055,PX-7500,CH-D,EDG-01,Edge,0.84,0.0,97.17,93.37,86.89,1052.6,True,True,True,True,0,0.0,
1575,Rev3,3,W055,PX-7500,CH-D,EDG-02,Edge,0.84,32.7,96.18,93.97,88.69,972.8,True,True,True,True,1,3.33,polymer_residue
1576,Rev3,3,W055,PX-7500,CH-D,EDG-03,Edge,0.84,65.5,95.09,94.89,82.01,990.1,True,True,True,True,1,5.15,
1577,Rev3,3,W055,PX-7500,CH-D,EDG-04,Edge,0.84,98.2,96.99,97.59,86.53,1118.0,True,True,True,False,0,0.0,
1578,Rev3,3,W055,PX-7500,CH-D,EDG-05,Edge,0.84,130.9,95.19,98.21,90.41,1099.9,True,False,True,False,0,0.0,
1579,Rev3,3,W055,PX-7500,CH-D,EDG-06,Edge,0.84,163.6,99.09,94.1,88.7,936.9,True,True,True,True,1,5.35,
1580,Rev3,3,W055,PX-7500,CH-D,EDG-07,Edge,0.84,196.4,95.48,96.16,91.3,1104.7,True,True,True,False,0,0.0,
1581,Rev3,3,W055,PX-7500,CH-D,EDG-08,Edge,0.84,229.1,99.14,99.57,88.26,914.3,True,False,True,True,1,5.92,arc_event
1582,Rev3,3,W055,PX-7500,CH-D,EDG-09,Edge,0.84,261.8,95.59,96.87,86.38,990.7,True,True,True,True,0,0.0,
1583,Rev3,3,W055,PX-7500,CH-D,EDG-10,Edge,0.84,294.5,95.62,96.61,86.59,967.9,True,True,True,True,1,4.54,
1584,Rev3,3,W055,PX-7500,CH-D,EDG-11,Edge,0.84,327.3,100.16,97.37,91.05,1086.4,True,True,True,True,0,0.0,
1585,Rev3,3,W055,PX-7500,CH-D,EXT-01,Extreme Edge,0.96,16.4,99.74,95.06,82.57,997.8,True,True,True,True,1,2.92,polymer_residue
1586,Rev3,3,W055,PX-7500,CH-D,EXT-02,Extreme Edge,0.96,49.1,97.25,97.71,95.63,1021.4,True,False,False,True,0,0.0,
1587,Rev3,3,W055,PX-7500,CH-D,EXT-03,Extreme Edge,0.96,81.8,99.39,99.96,98.99,916.8,True,False,False,True,1,4.69,
1588,Rev3,3,W055,PX-7500,CH-D,EXT-04,Extreme Edge,0.96,114.5,100.57,95.49,89.64,919.7,True,True,True,True,0,0.0,
1589,Rev3,3,W055,PX-7500,CH-D,EXT-05,Extreme Edge,0.96,147.3,97.14,96.51,92.91,929.5,True,True,True,True,0,0.0,
1590,Rev3,3,W055,PX-7500,CH-D,EXT-06,Extreme Edge,0.96,180.0,100.79,96.99,86.94,945.7,True,True,True,True,0,0.0,
1591,Rev3,3,W055,PX-7500,CH-D,EXT-07,Extreme Edge,0.96,212.7,101.14,97.11,85.89,953.4,False,True,True,True,1,3.33,
1592,Rev3,3,W055,PX-7500,CH-D,EXT-08,Extreme Edge,0.96,245.5,100.27,98.41,87.58,986.8,True,False,True,True,3,12.06,
1593,Rev3,3,W055,PX-7500,CH-D,EXT-09,Extreme Edge,0.96,278.2,99.16,94.7,90.71,1055.7,True,True,True,True,1,1.86,
1594,Rev3,3,W055,PX-7500,CH-D,EXT-10,Extreme Edge,0.96,310.9,103.86,93.74,88.28,959.2,False,True,True,True,0,0.0,
1595,Rev3,3,W055,PX-7500,CH-D,EXT-11,Extreme Edge,0.96,343.6,95.19,99.82,87.95,901.2,True,False,True,True,2,9.09,arc_event
1596,Rev8,8,W056,AE-3200,CH-A,C1,Center,0.0,0.0,98.37,94.16,90.71,985.6,True,True,True,True,0,0.0,
1597,Rev8,8,W056,AE-3200,CH-A,MID-01,Mid,0.52,30.0,100.92,95.1,89.58,1125.1,False,True,True,False,0,0.0,
1598,Rev8,8,W056,AE-3200,CH-A,MID-02,Mid,0.52,90.0,101.36,93.36,90.31,1179.3,False,True,True,False,1,3.9,
1599,Rev8,8,W056,AE-3200,CH-A,MID-03,Mid,0.52,150.0,100.29,94.51,86.49,1025.6,True,True,True,True,0,0.0,
1600,Rev8,8,W056,AE-3200,CH-A,MID-04,Mid,0.52,210.0,99.96,96.54,94.84,1084.9,True,True,False,True,1,3.14,pressure_spike
1601,Rev8,8,W056,AE-3200,CH-A,MID-05,Mid,0.52,270.0,97.87,91.51,89.51,1061.6,True,True,True,True,0,0.0,
1602,Rev8,8,W056,AE-3200,CH-A,MID-06,Mid,0.52,330.0,101.3,92.75,98.5,1180.0,False,True,False,False,0,0.0,
1603,Rev8,8,W056,AE-3200,CH-A,EDG-01,Edge,0.84,0.0,103.74,93.88,88.1,1062.6,False,True,True,True,1,5.97,arc_event
1604,Rev8,8,W056,AE-3200,CH-A,EDG-02,Edge,0.84,32.7,99.73,97.22,87.56,975.9,True,True,True,True,0,0.0,
1605,Rev8,8,W056,AE-3200,CH-A,EDG-03,Edge,0.84,65.5,99.93,93.57,89.87,1090.6,True,True,True,False,1,6.22,
1606,Rev8,8,W056,AE-3200,CH-A,EDG-04,Edge,0.84,98.2,101.58,99.63,98.7,1089.4,False,False,False,True,0,0.0,
1607,Rev8,8,W056,AE-3200,CH-A,EDG-05,Edge,0.84,130.9,99.76,92.48,88.88,1052.0,True,True,True,True,1,2.77,polymer_residue
1608,Rev8,8,W056,AE-3200,CH-A,EDG-06,Edge,0.84,163.6,100.96,93.63,92.12,975.4,False,True,True,True,1,4.11,pressure_spike
1609,Rev8,8,W056,AE-3200,CH-A,EDG-07,Edge,0.84,196.4,103.55,92.04,94.84,1097.1,False,True,False,False,0,0.0,
1610,Rev8,8,W056,AE-3200,CH-A,EDG-08,Edge,0.84,229.1,105.38,94.7,90.84,1113.2,False,True,True,False,1,2.1,
1611,Rev8,8,W056,AE-3200,CH-A,EDG-09,Edge,0.84,261.8,100.77,95.05,87.79,1065.8,True,True,True,True,0,0.0,
1612,Rev8,8,W056,AE-3200,CH-A,EDG-10,Edge,0.84,294.5,103.14,93.99,95.0,1077.1,False,True,False,True,1,2.97,
1613,Rev8,8,W056,AE-3200,CH-A,EDG-11,Edge,0.84,327.3,101.66,91.87,80.54,1134.9,False,True,True,False,1,2.06,endpoint_late
1614,Rev8,8,W056,AE-3200,CH-A,EXT-01,Extreme Edge,0.96,16.4,103.06,98.31,93.54,1101.9,False,False,True,False,0,0.0,
1615,Rev8,8,W056,AE-3200,CH-A,EXT-02,Extreme Edge,0.96,49.1,100.31,92.72,96.47,1137.3,True,True,False,False,1,5.37,endpoint_late
1616,Rev8,8,W056,AE-3200,CH-A,EXT-03,Extreme Edge,0.96,81.8,100.27,101.76,89.14,1100.2,True,False,True,False,1,5.97,
1617,Rev8,8,W056,AE-3200,CH-A,EXT-04,Extreme Edge,0.96,114.5,100.9,96.46,96.82,1053.4,False,True,False,True,0,0.0,
1618,Rev8,8,W056,AE-3200,CH-A,EXT-05,Extreme Edge,0.96,147.3,104.28,94.79,87.06,1062.2,False,True,True,True,2,12.49,
1619,Rev8,8,W056,AE-3200,CH-A,EXT-06,Extreme Edge,0.96,180.0,102.88,97.95,93.61,1043.9,False,False,True,True,1,2.02,
1620,Rev8,8,W056,AE-3200,CH-A,EXT-07,Extreme Edge,0.96,212.7,106.34,91.97,92.52,1090.1,False,True,True,False,2,7.14,
1621,Rev8,8,W056,AE-3200,CH-A,EXT-08,Extreme Edge,0.96,245.5,101.46,96.33,91.64,1053.3,False,True,True,True,0,0.0,
1622,Rev8,8,W056,AE-3200,CH-A,EXT-09,Extreme Edge,0.96,278.2,103.78,95.51,96.08,1085.4,False,True,False,True,1,3.99,
1623,Rev8,8,W056,AE-3200,CH-A,EXT-10,Extreme Edge,0.96,310.9,101.95,93.02,98.42,1055.4,False,True,False,True,3,9.42,polymer_residue
1624,Rev8,8,W056,AE-3200,CH-A,EXT-11,Extreme Edge,0.96,343.6,101.96,94.34,98.13,1006.4,False,True,False,True,1,2.49,
1625,Rev1,1,W057,AE-3200,CH-B,C1,Center,0.0,0.0,95.96,95.38,85.89,956.5,True,True,True,True,0,0.0,
1626,Rev1,1,W057,AE-3200,CH-B,MID-01,Mid,0.52,30.0,96.41,98.19,90.9,914.5,True,False,True,True,0,0.0,
1627,Rev1,1,W057,AE-3200,CH-B,MID-02,Mid,0.52,90.0,95.51,97.49,87.88,981.8,True,True,True,True,0,0.0,
1628,Rev1,1,W057,AE-3200,CH-B,MID-03,Mid,0.52,150.0,94.27,98.71,94.62,1022.7,True,False,False,True,0,0.0,
1629,Rev1,1,W057,AE-3200,CH-B,MID-04,Mid,0.52,210.0,100.24,96.96,86.89,959.3,True,True,True,True,0,0.0,
1630,Rev1,1,W057,AE-3200,CH-B,MID-05,Mid,0.52,270.0,98.87,96.54,91.49,1015.8,True,True,True,True,0,0.0,
1631,Rev1,1,W057,AE-3200,CH-B,MID-06,Mid,0.52,330.0,95.26,94.92,82.82,987.9,True,True,True,True,1,4.24,pressure_spike
1632,Rev1,1,W057,AE-3200,CH-B,EDG-01,Edge,0.84,0.0,101.15,100.04,94.55,1016.7,False,False,False,True,0,0.0,
1633,Rev1,1,W057,AE-3200,CH-B,EDG-02,Edge,0.84,32.7,95.62,98.24,91.91,996.9,True,False,True,True,1,5.24,polymer_residue
1634,Rev1,1,W057,AE-3200,CH-B,EDG-03,Edge,0.84,65.5,96.74,99.41,87.62,945.2,True,False,True,True,0,0.0,
1635,Rev1,1,W057,AE-3200,CH-B,EDG-04,Edge,0.84,98.2,94.0,96.58,93.51,992.1,True,True,True,True,0,0.0,
1636,Rev1,1,W057,AE-3200,CH-B,EDG-05,Edge,0.84,130.9,97.29,97.02,86.77,987.1,True,True,True,True,0,0.0,
1637,Rev1,1,W057,AE-3200,CH-B,EDG-06,Edge,0.84,163.6,100.84,100.29,101.14,1062.1,False,False,False,True,0,0.0,
1638,Rev1,1,W057,AE-3200,CH-B,EDG-07,Edge,0.84,196.4,97.72,93.46,89.4,977.2,True,True,True,True,0,0.0,
1639,Rev1,1,W057,AE-3200,CH-B,EDG-08,Edge,0.84,229.1,94.98,102.01,97.34,971.0,True,False,False,True,0,0.0,
1640,Rev1,1,W057,AE-3200,CH-B,EDG-09,Edge,0.84,261.8,97.31,99.17,92.62,1010.8,True,False,True,True,1,4.74,polymer_residue
1641,Rev1,1,W057,AE-3200,CH-B,EDG-10,Edge,0.84,294.5,96.09,101.95,84.29,968.5,True,False,True,True,1,6.46,
1642,Rev1,1,W057,AE-3200,CH-B,EDG-11,Edge,0.84,327.3,100.11,98.6,89.33,1020.2,True,False,True,True,0,0.0,
1643,Rev1,1,W057,AE-3200,CH-B,EXT-01,Extreme Edge,0.96,16.4,102.13,98.48,88.74,1048.9,False,False,True,True,1,2.12,
1644,Rev1,1,W057,AE-3200,CH-B,EXT-02,Extreme Edge,0.96,49.1,100.76,93.69,96.15,1010.3,True,True,False,True,0,0.0,
1645,Rev1,1,W057,AE-3200,CH-B,EXT-03,Extreme Edge,0.96,81.8,103.3,99.25,90.41,1009.8,False,False,True,True,1,3.41,polymer_residue
1646,Rev1,1,W057,AE-3200,CH-B,EXT-04,Extreme Edge,0.96,114.5,102.53,99.01,95.19,986.7,False,False,False,True,1,5.25,
1647,Rev1,1,W057,AE-3200,CH-B,EXT-05,Extreme Edge,0.96,147.3,97.67,99.16,94.64,1026.7,True,False,False,True,1,5.6,polymer_residue
1648,Rev1,1,W057,AE-3200,CH-B,EXT-06,Extreme Edge,0.96,180.0,97.05,96.52,92.67,1006.9,True,True,True,True,0,0.0,
1649,Rev1,1,W057,AE-3200,CH-B,EXT-07,Extreme Edge,0.96,212.7,100.26,104.95,93.14,897.0,True,False,True,True,0,0.0,
1650,Rev1,1,W057,AE-3200,CH-B,EXT-08,Extreme Edge,0.96,245.5,98.6,96.66,89.74,1020.6,True,True,True,True,1,2.36,pressure_spike
1651,Rev1,1,W057,AE-3200,CH-B,EXT-09,Extreme Edge,0.96,278.2,101.27,100.1,88.62,1041.8,False,False,True,True,0,0.0,
1652,Rev1,1,W057,AE-3200,CH-B,EXT-10,Extreme Edge,0.96,310.9,100.31,100.82,93.77,971.0,True,False,True,True,1,3.55,
1653,Rev1,1,W057,AE-3200,CH-B,EXT-11,Extreme Edge,0.96,343.6,101.5,99.24,95.61,1035.7,False,False,False,True,1,5.99,polymer_residue
1654,Rev7,7,W058,PX-7500,CH-D,C1,Center,0.0,0.0,94.7,97.15,94.25,1008.7,True,True,True,True,0,0.0,
1655,Rev7,7,W058,PX-7500,CH-D,MID-01,Mid,0.52,30.0,98.4,94.84,77.12,1083.1,True,True,False,True,0,0.0,
1656,Rev7,7,W058,PX-7500,CH-D,MID-02,Mid,0.52,90.0,98.25,92.67,89.24,1017.8,True,True,True,True,0,0.0,
1657,Rev7,7,W058,PX-7500,CH-D,MID-03,Mid,0.52,150.0,99.43,93.87,91.23,1089.7,True,True,True,True,0,0.0,
1658,Rev7,7,W058,PX-7500,CH-D,MID-04,Mid,0.52,210.0,96.45,98.33,86.35,1060.0,True,False,True,True,0,0.0,
1659,Rev7,7,W058,PX-7500,CH-D,MID-05,Mid,0.52,270.0,98.37,93.42,83.08,1125.5,True,True,True,False,1,2.94,
1660,Rev7,7,W058,PX-7500,CH-D,MID-06,Mid,0.52,330.0,99.31,92.87,88.2,1157.3,True,True,True,False,0,0.0,
1661,Rev7,7,W058,PX-7500,CH-D,EDG-01,Edge,0.84,0.0,96.32,96.04,89.31,1120.5,True,True,True,False,0,0.0,
1662,Rev7,7,W058,PX-7500,CH-D,EDG-02,Edge,0.84,32.7,102.64,91.41,87.36,1144.3,False,True,True,False,1,4.83,endpoint_late
1663,Rev7,7,W058,PX-7500,CH-D,EDG-03,Edge,0.84,65.5,98.85,98.71,84.53,988.8,True,False,True,True,1,3.96,polymer_residue
1664,Rev7,7,W058,PX-7500,CH-D,EDG-04,Edge,0.84,98.2,98.69,100.89,94.22,1091.8,True,False,True,False,1,4.92,polymer_residue
1665,Rev7,7,W058,PX-7500,CH-D,EDG-05,Edge,0.84,130.9,99.72,99.73,85.07,989.4,True,False,True,True,1,1.82,
1666,Rev7,7,W058,PX-7500,CH-D,EDG-06,Edge,0.84,163.6,100.28,97.41,84.59,1079.1,True,True,True,True,0,0.0,
1667,Rev7,7,W058,PX-7500,CH-D,EDG-07,Edge,0.84,196.4,96.41,100.12,85.54,1123.2,True,False,True,False,0,0.0,
1668,Rev7,7,W058,PX-7500,CH-D,EDG-08,Edge,0.84,229.1,99.62,91.95,83.02,1105.8,True,True,True,False,0,0.0,
1669,Rev7,7,W058,PX-7500,CH-D,EDG-09,Edge,0.84,261.8,101.67,95.41,83.29,1243.4,False,True,True,False,2,12.89,
1670,Rev7,7,W058,PX-7500,CH-D,EDG-10,Edge,0.84,294.5,97.3,96.86,89.77,1139.5,True,True,True,False,0,0.0,
1671,Rev7,7,W058,PX-7500,CH-D,EDG-11,Edge,0.84,327.3,95.81,96.56,92.17,1019.4,True,True,True,True,2,9.45,polymer_residue
1672,Rev7,7,W058,PX-7500,CH-D,EXT-01,Extreme Edge,0.96,16.4,98.06,93.32,96.33,1183.9,True,True,False,False,1,2.77,
1673,Rev7,7,W058,PX-7500,CH-D,EXT-02,Extreme Edge,0.96,49.1,105.81,96.54,83.16,1046.8,False,True,True,True,1,2.1,polymer_residue
1674,Rev7,7,W058,PX-7500,CH-D,EXT-03,Extreme Edge,0.96,81.8,100.27,100.14,77.41,1024.2,True,False,False,True,1,2.46,
1675,Rev7,7,W058,PX-7500,CH-D,EXT-04,Extreme Edge,0.96,114.5,100.66,97.0,88.83,1040.5,True,True,True,True,2,6.25,
1676,Rev7,7,W058,PX-7500,CH-D,EXT-05,Extreme Edge,0.96,147.3,99.91,96.7,96.87,1032.5,True,True,False,True,2,7.97,arc_event
1677,Rev7,7,W058,PX-7500,CH-D,EXT-06,Extreme Edge,0.96,180.0,101.58,101.39,96.62,1023.8,False,False,False,True,1,5.29,polymer_residue
1678,Rev7,7,W058,PX-7500,CH-D,EXT-07,Extreme Edge,0.96,212.7,100.06,96.27,98.53,1148.5,True,True,False,False,1,5.68,polymer_residue
1679,Rev7,7,W058,PX-7500,CH-D,EXT-08,Extreme Edge,0.96,245.5,100.33,97.21,85.73,1144.5,True,True,True,False,0,0.0,
1680,Rev7,7,W058,PX-7500,CH-D,EXT-09,Extreme Edge,0.96,278.2,100.38,96.54,92.32,1061.3,True,True,True,True,0,0.0,
1681,Rev7,7,W058,PX-7500,CH-D,EXT-10,Extreme Edge,0.96,310.9,100.23,93.3,98.54,962.8,True,True,False,True,0,0.0,
1682,Rev7,7,W058,PX-7500,CH-D,EXT-11,Extreme Edge,0.96,343.6,101.82,96.08,84.03,984.8,False,True,True,True,0,0.0,
1683,Base,0,W059,AE-3200,CH-A,C1,Center,0.0,0.0,96.04,91.96,83.84,927.4,True,True,True,True,0,0.0,
1684,Base,0,W059,AE-3200,CH-A,MID-01,Mid,0.52,30.0,98.07,95.88,86.1,1104.7,True,True,True,False,0,0.0,
1685,Base,0,W059,AE-3200,CH-A,MID-02,Mid,0.52,90.0,98.42,95.45,85.2,931.3,True,True,True,True,0,0.0,
1686,Base,0,W059,AE-3200,CH-A,MID-03,Mid,0.52,150.0,100.73,97.0,86.52,1115.0,True,True,True,False,0,0.0,
1687,Base,0,W059,AE-3200,CH-A,MID-04,Mid,0.52,210.0,96.95,95.34,85.02,985.4,True,True,True,True,0,0.0,
1688,Base,0,W059,AE-3200,CH-A,MID-05,Mid,0.52,270.0,97.74,97.73,78.84,1022.2,True,False,True,True,0,0.0,
1689,Base,0,W059,AE-3200,CH-A,MID-06,Mid,0.52,330.0,96.61,94.51,72.68,1109.0,True,True,False,False,1,3.37,
1690,Base,0,W059,AE-3200,CH-A,EDG-01,Edge,0.84,0.0,97.54,95.61,90.83,1004.8,True,True,True,True,0,0.0,
1691,Base,0,W059,AE-3200,CH-A,EDG-02,Edge,0.84,32.7,102.65,95.95,89.67,1023.7,False,True,True,True,1,3.99,
1692,Base,0,W059,AE-3200,CH-A,EDG-03,Edge,0.84,65.5,99.66,95.44,86.27,1066.1,True,True,True,True,0,0.0,
1693,Base,0,W059,AE-3200,CH-A,EDG-04,Edge,0.84,98.2,96.07,102.86,78.14,1000.5,True,False,True,True,1,5.81,
1694,Base,0,W059,AE-3200,CH-A,EDG-05,Edge,0.84,130.9,100.64,97.94,81.36,1209.3,True,False,True,False,1,2.08,
1695,Base,0,W059,AE-3200,CH-A,EDG-06,Edge,0.84,163.6,98.21,97.27,83.69,1039.5,True,True,True,True,0,0.0,
1696,Base,0,W059,AE-3200,CH-A,EDG-07,Edge,0.84,196.4,99.44,93.34,88.15,1077.4,True,True,True,True,0,0.0,
1697,Base,0,W059,AE-3200,CH-A,EDG-08,Edge,0.84,229.1,97.95,93.52,85.75,994.8,True,True,True,True,0,0.0,
1698,Base,0,W059,AE-3200,CH-A,EDG-09,Edge,0.84,261.8,97.54,94.93,82.7,1095.9,True,True,True,False,1,2.0,polymer_residue
1699,Base,0,W059,AE-3200,CH-A,EDG-10,Edge,0.84,294.5,100.2,99.66,83.05,1156.6,True,False,True,False,2,9.95,arc_event
1700,Base,0,W059,AE-3200,CH-A,EDG-11,Edge,0.84,327.3,97.33,98.73,79.41,898.9,True,False,True,True,1,3.24,
1701,Base,0,W059,AE-3200,CH-A,EXT-01,Extreme Edge,0.96,16.4,99.27,93.5,84.2,1048.2,True,True,True,True,0,0.0,
1702,Base,0,W059,AE-3200,CH-A,EXT-02,Extreme Edge,0.96,49.1,98.48,96.79,82.89,1028.5,True,True,True,True,0,0.0,
1703,Base,0,W059,AE-3200,CH-A,EXT-03,Extreme Edge,0.96,81.8,101.57,98.87,86.65,921.7,False,False,True,True,3,14.56,polymer_residue
1704,Base,0,W059,AE-3200,CH-A,EXT-04,Extreme Edge,0.96,114.5,102.55,98.3,84.44,1181.7,False,False,True,False,0,0.0,
1705,Base,0,W059,AE-3200,CH-A,EXT-05,Extreme Edge,0.96,147.3,99.36,99.31,87.43,1031.9,True,False,True,True,1,4.99,
1706,Base,0,W059,AE-3200,CH-A,EXT-06,Extreme Edge,0.96,180.0,100.33,98.8,81.31,1066.9,True,False,True,True,1,5.61,
1707,Base,0,W059,AE-3200,CH-A,EXT-07,Extreme Edge,0.96,212.7,97.86,96.91,93.99,1014.8,True,True,True,True,0,0.0,
1708,Base,0,W059,AE-3200,CH-A,EXT-08,Extreme Edge,0.96,245.5,99.98,99.55,86.36,1136.9,True,False,True,False,1,5.87,polymer_residue
1709,Base,0,W059,AE-3200,CH-A,EXT-09,Extreme Edge,0.96,278.2,101.26,94.93,88.05,1090.7,False,True,True,False,2,9.0,polymer_residue
1710,Base,0,W059,AE-3200,CH-A,EXT-10,Extreme Edge,0.96,310.9,100.15,99.29,88.1,1195.7,True,False,True,False,0,0.0,
1711,Base,0,W059,AE-3200,CH-A,EXT-11,Extreme Edge,0.96,343.6,101.43,99.91,79.26,1106.3,False,False,True,False,2,5.67,
1712,Rev4,4,W060,AE-3200,CH-A,C1,Center,0.0,0.0,96.99,96.51,80.51,831.1,True,True,True,False,0,0.0,
1713,Rev4,4,W060,AE-3200,CH-A,MID-01,Mid,0.52,30.0,102.24,95.78,99.16,1065.0,False,True,False,True,0,0.0,
1714,Rev4,4,W060,AE-3200,CH-A,MID-02,Mid,0.52,90.0,98.37,99.3,90.97,927.3,True,False,True,True,1,1.89,arc_event
1715,Rev4,4,W060,AE-3200,CH-A,MID-03,Mid,0.52,150.0,101.27,99.46,87.03,1007.9,False,False,True,True,0,0.0,
1716,Rev4,4,W060,AE-3200,CH-A,MID-04,Mid,0.52,210.0,96.56,92.37,84.57,1098.7,True,True,True,False,2,6.0,pressure_spike
1717,Rev4,4,W060,AE-3200,CH-A,MID-05,Mid,0.52,270.0,96.14,93.87,84.22,877.2,True,True,True,False,1,2.45,polymer_residue
1718,Rev4,4,W060,AE-3200,CH-A,MID-06,Mid,0.52,330.0,100.87,93.49,84.25,981.3,False,True,True,True,0,0.0,
1719,Rev4,4,W060,AE-3200,CH-A,EDG-01,Edge,0.84,0.0,100.0,99.93,92.41,1050.4,True,False,True,True,0,0.0,
1720,Rev4,4,W060,AE-3200,CH-A,EDG-02,Edge,0.84,32.7,99.63,100.19,85.18,984.4,True,False,True,True,1,4.25,
1721,Rev4,4,W060,AE-3200,CH-A,EDG-03,Edge,0.84,65.5,99.9,96.93,93.67,944.9,True,True,True,True,0,0.0,
1722,Rev4,4,W060,AE-3200,CH-A,EDG-04,Edge,0.84,98.2,104.3,97.07,86.33,883.6,False,True,True,True,0,0.0,
1723,Rev4,4,W060,AE-3200,CH-A,EDG-05,Edge,0.84,130.9,102.18,97.12,96.58,995.8,False,True,False,True,3,11.02,polymer_residue
1724,Rev4,4,W060,AE-3200,CH-A,EDG-06,Edge,0.84,163.6,105.74,94.87,86.59,1023.9,False,True,True,True,0,0.0,
1725,Rev4,4,W060,AE-3200,CH-A,EDG-07,Edge,0.84,196.4,104.09,98.97,81.15,890.9,False,False,True,True,1,6.44,
1726,Rev4,4,W060,AE-3200,CH-A,EDG-08,Edge,0.84,229.1,99.76,98.69,90.54,1041.6,True,False,True,True,1,2.52,
1727,Rev4,4,W060,AE-3200,CH-A,EDG-09,Edge,0.84,261.8,98.33,96.23,95.5,955.5,True,True,False,True,0,0.0,
1728,Rev4,4,W060,AE-3200,CH-A,EDG-10,Edge,0.84,294.5,96.08,97.87,87.57,927.6,True,False,True,True,1,1.99,
1729,Rev4,4,W060,AE-3200,CH-A,EDG-11,Edge,0.84,327.3,102.81,98.78,98.09,973.4,False,False,False,True,0,0.0,
1730,Rev4,4,W060,AE-3200,CH-A,EXT-01,Extreme Edge,0.96,16.4,98.29,99.6,91.41,987.3,True,False,True,True,0,0.0,
1731,Rev4,4,W060,AE-3200,CH-A,EXT-02,Extreme Edge,0.96,49.1,101.55,96.78,86.06,1091.5,False,True,True,False,0,0.0,
1732,Rev4,4,W060,AE-3200,CH-A,EXT-03,Extreme Edge,0.96,81.8,100.35,97.64,90.89,864.6,True,False,True,False,1,4.72,endpoint_late
1733,Rev4,4,W060,AE-3200,CH-A,EXT-04,Extreme Edge,0.96,114.5,100.46,97.7,96.94,1018.8,True,False,False,True,3,18.3,polymer_residue
1734,Rev4,4,W060,AE-3200,CH-A,EXT-05,Extreme Edge,0.96,147.3,101.8,95.91,92.42,967.5,False,True,True,True,0,0.0,
1735,Rev4,4,W060,AE-3200,CH-A,EXT-06,Extreme Edge,0.96,180.0,103.88,98.54,89.22,1002.4,False,False,True,True,0,0.0,
1736,Rev4,4,W060,AE-3200,CH-A,EXT-07,Extreme Edge,0.96,212.7,98.23,98.28,92.9,1017.0,True,False,True,True,0,0.0,
1737,Rev4,4,W060,AE-3200,CH-A,EXT-08,Extreme Edge,0.96,245.5,103.17,95.85,94.15,1005.5,False,True,True,True,4,22.67,
1738,Rev4,4,W060,AE-3200,CH-A,EXT-09,Extreme Edge,0.96,278.2,99.74,101.24,92.22,1021.7,True,False,True,True,1,2.46,
1739,Rev4,4,W060,AE-3200,CH-A,EXT-10,Extreme Edge,0.96,310.9,100.04,97.91,87.42,963.8,True,False,True,True,1,4.34,arc_event
1740,Rev4,4,W060,AE-3200,CH-A,EXT-11,Extreme Edge,0.96,343.6,99.94,99.55,102.54,929.4,True,False,False,True,2,5.16,esc_temp_drift
1741,Rev2,2,W061,PX-7500,CH-C,C1,Center,0.0,0.0,98.6,97.08,87.02,963.9,True,True,True,True,0,0.0,
1742,Rev2,2,W061,PX-7500,CH-C,MID-01,Mid,0.52,30.0,95.58,99.58,89.25,875.9,True,False,True,False,0,0.0,
1743,Rev2,2,W061,PX-7500,CH-C,MID-02,Mid,0.52,90.0,96.52,96.13,93.51,1010.7,True,True,True,True,0,0.0,
1744,Rev2,2,W061,PX-7500,CH-C,MID-03,Mid,0.52,150.0,98.84,97.15,88.71,932.5,True,True,True,True,0,0.0,
1745,Rev2,2,W061,PX-7500,CH-C,MID-04,Mid,0.52,210.0,96.96,100.71,85.27,992.2,True,False,True,True,0,0.0,
1746,Rev2,2,W061,PX-7500,CH-C,MID-05,Mid,0.52,270.0,95.29,98.32,83.65,983.7,True,False,True,True,0,0.0,
1747,Rev2,2,W061,PX-7500,CH-C,MID-06,Mid,0.52,330.0,96.32,94.73,90.14,897.2,True,True,True,True,0,0.0,
1748,Rev2,2,W061,PX-7500,CH-C,EDG-01,Edge,0.84,0.0,96.36,96.17,94.47,921.3,True,True,True,True,0,0.0,
1749,Rev2,2,W061,PX-7500,CH-C,EDG-02,Edge,0.84,32.7,100.84,94.38,90.15,843.9,False,True,True,False,1,5.75,polymer_residue
1750,Rev2,2,W061,PX-7500,CH-C,EDG-03,Edge,0.84,65.5,96.48,98.09,86.85,927.8,True,False,True,True,1,6.43,
1751,Rev2,2,W061,PX-7500,CH-C,EDG-04,Edge,0.84,98.2,97.97,99.33,86.7,945.3,True,False,True,True,1,3.46,endpoint_late
1752,Rev2,2,W061,PX-7500,CH-C,EDG-05,Edge,0.84,130.9,101.63,99.08,95.24,916.4,False,False,False,True,1,5.96,esc_temp_drift
1753,Rev2,2,W061,PX-7500,CH-C,EDG-06,Edge,0.84,163.6,99.14,93.65,88.7,1027.1,True,True,True,True,1,3.76,
1754,Rev2,2,W061,PX-7500,CH-C,EDG-07,Edge,0.84,196.4,97.55,99.16,97.3,987.2,True,False,False,True,0,0.0,
1755,Rev2,2,W061,PX-7500,CH-C,EDG-08,Edge,0.84,229.1,96.75,98.05,83.84,1014.6,True,False,True,True,0,0.0,
1756,Rev2,2,W061,PX-7500,CH-C,EDG-09,Edge,0.84,261.8,99.11,99.4,89.11,940.2,True,False,True,True,0,0.0,
1757,Rev2,2,W061,PX-7500,CH-C,EDG-10,Edge,0.84,294.5,93.56,100.7,98.7,965.4,True,False,False,True,1,5.11,
1758,Rev2,2,W061,PX-7500,CH-C,EDG-11,Edge,0.84,327.3,97.73,95.24,92.35,895.6,True,True,True,True,0,0.0,
1759,Rev2,2,W061,PX-7500,CH-C,EXT-01,Extreme Edge,0.96,16.4,100.48,102.41,88.86,913.7,True,False,True,True,0,0.0,
1760,Rev2,2,W061,PX-7500,CH-C,EXT-02,Extreme Edge,0.96,49.1,99.47,97.05,90.82,942.5,True,True,True,True,0,0.0,
1761,Rev2,2,W061,PX-7500,CH-C,EXT-03,Extreme Edge,0.96,81.8,100.62,95.05,84.6,1005.4,True,True,True,True,0,0.0,
1762,Rev2,2,W061,PX-7500,CH-C,EXT-04,Extreme Edge,0.96,114.5,99.66,101.02,91.35,1050.3,True,False,True,True,0,0.0,
1763,Rev2,2,W061,PX-7500,CH-C,EXT-05,Extreme Edge,0.96,147.3,100.25,91.14,94.56,999.7,True,True,False,True,0,0.0,
1764,Rev2,2,W061,PX-7500,CH-C,EXT-06,Extreme Edge,0.96,180.0,98.21,98.32,93.25,943.8,True,False,True,True,0,0.0,
1765,Rev2,2,W061,PX-7500,CH-C,EXT-07,Extreme Edge,0.96,212.7,97.71,94.72,97.55,1064.7,True,True,False,True,2,10.36,esc_temp_drift
1766,Rev2,2,W061,PX-7500,CH-C,EXT-08,Extreme Edge,0.96,245.5,98.98,94.68,94.15,858.6,True,True,True,False,1,3.3,polymer_residue
1767,Rev2,2,W061,PX-7500,CH-C,EXT-09,Extreme Edge,0.96,278.2,94.31,98.0,85.01,1047.4,True,False,True,True,2,10.15,polymer_residue
1768,Rev2,2,W061,PX-7500,CH-C,EXT-10,Extreme Edge,0.96,310.9,101.54,100.75,99.29,947.5,False,False,False,True,1,4.01,endpoint_late
1769,Rev2,2,W061,PX-7500,CH-C,EXT-11,Extreme Edge,0.96,343.6,100.19,93.08,93.34,954.7,True,True,True,True,2,9.58,
1770,Rev11,11,W062,PX-7500,CH-D,C1,Center,0.0,0.0,94.54,91.47,92.23,1014.9,True,True,True,True,0,0.0,
1771,Rev11,11,W062,PX-7500,CH-D,MID-01,Mid,0.52,30.0,96.68,93.97,85.51,1009.8,True,True,True,True,1,5.64,polymer_residue
1772,Rev11,11,W062,PX-7500,CH-D,MID-02,Mid,0.52,90.0,99.49,98.11,88.89,1048.8,True,False,True,True,0,0.0,
1773,Rev11,11,W062,PX-7500,CH-D,MID-03,Mid,0.52,150.0,96.23,93.06,92.37,1053.4,True,True,True,True,0,0.0,
1774,Rev11,11,W062,PX-7500,CH-D,MID-04,Mid,0.52,210.0,95.07,92.49,92.2,831.0,True,True,True,False,0,0.0,
1775,Rev11,11,W062,PX-7500,CH-D,MID-05,Mid,0.52,270.0,95.9,97.13,90.07,1049.0,True,True,True,True,1,5.09,polymer_residue
1776,Rev11,11,W062,PX-7500,CH-D,MID-06,Mid,0.52,330.0,94.48,93.99,95.31,1002.2,True,True,False,True,0,0.0,
1777,Rev11,11,W062,PX-7500,CH-D,EDG-01,Edge,0.84,0.0,101.14,90.8,94.65,1022.2,False,True,False,True,2,5.43,
1778,Rev11,11,W062,PX-7500,CH-D,EDG-02,Edge,0.84,32.7,95.55,92.88,93.69,907.2,True,True,True,True,1,2.32,
1779,Rev11,11,W062,PX-7500,CH-D,EDG-03,Edge,0.84,65.5,99.9,93.15,90.19,1089.4,True,True,True,True,2,10.05,
1780,Rev11,11,W062,PX-7500,CH-D,EDG-04,Edge,0.84,98.2,98.48,96.72,87.3,1066.3,True,True,True,True,1,2.38,
1781,Rev11,11,W062,PX-7500,CH-D,EDG-05,Edge,0.84,130.9,97.56,96.67,88.74,1085.7,True,True,True,True,1,4.67,
1782,Rev11,11,W062,PX-7500,CH-D,EDG-06,Edge,0.84,163.6,98.25,93.77,91.71,972.5,True,True,True,True,0,0.0,
1783,Rev11,11,W062,PX-7500,CH-D,EDG-07,Edge,0.84,196.4,97.92,97.57,100.7,1072.6,True,True,False,True,0,0.0,
1784,Rev11,11,W062,PX-7500,CH-D,EDG-08,Edge,0.84,229.1,99.72,93.36,93.66,1101.1,True,True,True,False,1,3.94,
1785,Rev11,11,W062,PX-7500,CH-D,EDG-09,Edge,0.84,261.8,98.87,90.29,90.22,1089.6,True,True,True,True,0,0.0,
1786,Rev11,11,W062,PX-7500,CH-D,EDG-10,Edge,0.84,294.5,97.5,94.09,95.83,1060.7,True,True,False,True,0,0.0,
1787,Rev11,11,W062,PX-7500,CH-D,EDG-11,Edge,0.84,327.3,97.8,99.22,89.49,1172.2,True,False,True,False,0,0.0,
1788,Rev11,11,W062,PX-7500,CH-D,EXT-01,Extreme Edge,0.96,16.4,101.1,98.72,91.08,1067.7,False,False,True,True,1,5.95,pressure_spike
1789,Rev11,11,W062,PX-7500,CH-D,EXT-02,Extreme Edge,0.96,49.1,98.64,99.79,96.34,1107.4,True,False,False,False,1,1.85,endpoint_late
1790,Rev11,11,W062,PX-7500,CH-D,EXT-03,Extreme Edge,0.96,81.8,99.23,95.02,92.38,1062.1,True,True,True,True,0,0.0,
1791,Rev11,11,W062,PX-7500,CH-D,EXT-04,Extreme Edge,0.96,114.5,98.36,96.63,94.11,1088.6,True,True,True,True,0,0.0,
1792,Rev11,11,W062,PX-7500,CH-D,EXT-05,Extreme Edge,0.96,147.3,99.77,94.86,93.18,1055.9,True,True,True,True,0,0.0,
1793,Rev11,11,W062,PX-7500,CH-D,EXT-06,Extreme Edge,0.96,180.0,99.24,91.76,86.48,1025.9,True,True,True,True,2,10.91,polymer_residue
1794,Rev11,11,W062,PX-7500,CH-D,EXT-07,Extreme Edge,0.96,212.7,100.79,100.19,92.42,1090.7,True,False,True,False,0,0.0,
1795,Rev11,11,W062,PX-7500,CH-D,EXT-08,Extreme Edge,0.96,245.5,99.8,93.91,94.76,1043.2,True,True,False,True,0,0.0,
1796,Rev11,11,W062,PX-7500,CH-D,EXT-09,Extreme Edge,0.96,278.2,102.87,94.69,95.7,1073.9,False,True,False,True,0,0.0,
1797,Rev11,11,W062,PX-7500,CH-D,EXT-10,Extreme Edge,0.96,310.9,97.63,96.77,98.01,1068.7,True,True,False,True,0,0.0,
1798,Rev11,11,W062,PX-7500,CH-D,EXT-11,Extreme Edge,0.96,343.6,100.43,94.61,101.21,977.6,True,True,False,True,0,0.0,
1799,Rev2,2,W063,PX-7500,CH-C,C1,Center,0.0,0.0,98.07,97.26,82.7,998.1,True,True,True,True,0,0.0,
1800,Rev2,2,W063,PX-7500,CH-C,MID-01,Mid,0.52,30.0,97.62,97.96,89.82,905.6,True,False,True,True,0,0.0,
1801,Rev2,2,W063,PX-7500,CH-C,MID-02,Mid,0.52,90.0,99.52,98.75,89.33,908.7,True,False,True,True,0,0.0,
1802,Rev2,2,W063,PX-7500,CH-C,MID-03,Mid,0.52,150.0,97.7,95.87,83.23,998.6,True,True,True,True,0,0.0,
1803,Rev2,2,W063,PX-7500,CH-C,MID-04,Mid,0.52,210.0,99.46,96.22,89.88,977.7,True,True,True,True,0,0.0,
1804,Rev2,2,W063,PX-7500,CH-C,MID-05,Mid,0.52,270.0,98.81,98.34,88.1,979.7,True,False,True,True,0,0.0,
1805,Rev2,2,W063,PX-7500,CH-C,MID-06,Mid,0.52,330.0,99.66,98.46,90.22,892.2,True,False,True,True,0,0.0,
1806,Rev2,2,W063,PX-7500,CH-C,EDG-01,Edge,0.84,0.0,97.65,105.97,85.48,1002.5,True,False,True,True,1,3.28,pressure_spike
1807,Rev2,2,W063,PX-7500,CH-C,EDG-02,Edge,0.84,32.7,101.85,102.0,86.17,927.6,False,False,True,True,0,0.0,
1808,Rev2,2,W063,PX-7500,CH-C,EDG-03,Edge,0.84,65.5,97.05,97.24,92.02,943.8,True,True,True,True,1,6.17,polymer_residue
1809,Rev2,2,W063,PX-7500,CH-C,EDG-04,Edge,0.84,98.2,97.83,100.64,91.95,935.2,True,False,True,True,1,6.32,arc_event
1810,Rev2,2,W063,PX-7500,CH-C,EDG-05,Edge,0.84,130.9,102.28,97.45,93.76,927.2,False,True,True,True,0,0.0,
1811,Rev2,2,W063,PX-7500,CH-C,EDG-06,Edge,0.84,163.6,101.31,94.53,82.78,959.2,False,True,True,True,1,3.48,
1812,Rev2,2,W063,PX-7500,CH-C,EDG-07,Edge,0.84,196.4,99.38,96.74,90.86,1026.4,True,True,True,True,0,0.0,
1813,Rev2,2,W063,PX-7500,CH-C,EDG-08,Edge,0.84,229.1,96.92,98.09,87.65,985.0,True,False,True,True,1,3.35,pressure_spike
1814,Rev2,2,W063,PX-7500,CH-C,EDG-09,Edge,0.84,261.8,99.41,100.26,87.18,895.9,True,False,True,True,2,6.63,endpoint_late
1815,Rev2,2,W063,PX-7500,CH-C,EDG-10,Edge,0.84,294.5,101.23,96.74,84.06,891.7,False,True,True,True,1,3.79,
1816,Rev2,2,W063,PX-7500,CH-C,EDG-11,Edge,0.84,327.3,98.07,101.91,88.88,888.8,True,False,True,True,1,2.68,polymer_residue
1817,Rev2,2,W063,PX-7500,CH-C,EXT-01,Extreme Edge,0.96,16.4,100.28,102.05,85.04,1031.9,True,False,True,True,1,5.14,
1818,Rev2,2,W063,PX-7500,CH-C,EXT-02,Extreme Edge,0.96,49.1,102.28,98.67,91.14,870.9,False,False,True,False,0,0.0,
1819,Rev2,2,W063,PX-7500,CH-C,EXT-03,Extreme Edge,0.96,81.8,97.25,100.63,98.17,944.7,True,False,False,True,1,6.32,polymer_residue
1820,Rev2,2,W063,PX-7500,CH-C,EXT-04,Extreme Edge,0.96,114.5,100.88,98.38,92.13,950.1,False,False,True,True,0,0.0,
1821,Rev2,2,W063,PX-7500,CH-C,EXT-05,Extreme Edge,0.96,147.3,100.74,101.64,93.79,946.3,True,False,True,True,3,17.66,
1822,Rev2,2,W063,PX-7500,CH-C,EXT-06,Extreme Edge,0.96,180.0,103.91,97.39,90.69,955.9,False,True,True,True,0,0.0,
1823,Rev2,2,W063,PX-7500,CH-C,EXT-07,Extreme Edge,0.96,212.7,102.5,103.33,82.54,1028.3,False,False,True,True,2,5.5,
1824,Rev2,2,W063,PX-7500,CH-C,EXT-08,Extreme Edge,0.96,245.5,98.09,101.6,97.3,937.2,True,False,False,True,1,6.23,
1825,Rev2,2,W063,PX-7500,CH-C,EXT-09,Extreme Edge,0.96,278.2,98.02,100.4,87.47,1010.6,True,False,True,True,1,2.24,
1826,Rev2,2,W063,PX-7500,CH-C,EXT-10,Extreme Edge,0.96,310.9,100.8,100.25,89.51,852.6,False,False,True,False,1,3.31,
1827,Rev2,2,W063,PX-7500,CH-C,EXT-11,Extreme Edge,0.96,343.6,98.75,99.53,88.85,956.0,True,False,True,True,1,4.24,
1828,Rev8,8,W064,AE-3200,CH-A,C1,Center,0.0,0.0,96.59,88.17,85.79,1094.5,True,True,True,False,1,4.84,polymer_residue
1829,Rev8,8,W064,AE-3200,CH-A,MID-01,Mid,0.52,30.0,100.3,93.29,92.07,1142.1,True,True,True,False,1,5.84,
1830,Rev8,8,W064,AE-3200,CH-A,MID-02,Mid,0.52,90.0,101.42,93.85,84.34,1196.0,False,True,True,False,1,3.32,
1831,Rev8,8,W064,AE-3200,CH-A,MID-03,Mid,0.52,150.0,102.13,96.54,86.5,1175.6,False,True,True,False,1,5.41,
1832,Rev8,8,W064,AE-3200,CH-A,MID-04,Mid,0.52,210.0,96.99,91.44,86.14,1126.8,True,True,True,False,1,4.28,polymer_residue
1833,Rev8,8,W064,AE-3200,CH-A,MID-05,Mid,0.52,270.0,98.85,95.72,93.2,1120.7,True,True,True,False,1,4.33,endpoint_late
1834,Rev8,8,W064,AE-3200,CH-A,MID-06,Mid,0.52,330.0,99.38,91.28,85.49,1114.9,True,True,True,False,0,0.0,
1835,Rev8,8,W064,AE-3200,CH-A,EDG-01,Edge,0.84,0.0,101.85,94.58,89.78,1118.8,False,True,True,False,2,8.49,polymer_residue
1836,Rev8,8,W064,AE-3200,CH-A,EDG-02,Edge,0.84,32.7,99.31,94.3,90.45,1171.6,True,True,True,False,1,2.79,polymer_residue
1837,Rev8,8,W064,AE-3200,CH-A,EDG-03,Edge,0.84,65.5,100.06,96.35,93.34,1187.9,True,True,True,False,1,2.0,
1838,Rev8,8,W064,AE-3200,CH-A,EDG-04,Edge,0.84,98.2,102.91,93.58,94.38,1071.6,False,True,True,True,0,0.0,
1839,Rev8,8,W064,AE-3200,CH-A,EDG-05,Edge,0.84,130.9,101.47,94.72,91.19,1142.4,False,True,True,False,1,3.93,
1840,Rev8,8,W064,AE-3200,CH-A,EDG-06,Edge,0.84,163.6,100.85,97.39,89.71,1090.8,False,True,True,False,1,2.13,
1841,Rev8,8,W064,AE-3200,CH-A,EDG-07,Edge,0.84,196.4,100.51,91.99,95.09,1108.3,True,True,False,False,0,0.0,
1842,Rev8,8,W064,AE-3200,CH-A,EDG-08,Edge,0.84,229.1,103.91,99.52,97.12,1090.9,False,False,False,False,0,0.0,
1843,Rev8,8,W064,AE-3200,CH-A,EDG-09,Edge,0.84,261.8,100.28,95.4,89.49,1137.2,True,True,True,False,1,5.35,
1844,Rev8,8,W064,AE-3200,CH-A,EDG-10,Edge,0.84,294.5,100.87,98.23,85.05,1124.2,False,False,True,False,1,3.93,
1845,Rev8,8,W064,AE-3200,CH-A,EDG-11,Edge,0.84,327.3,101.15,95.82,94.27,1191.3,False,True,True,False,1,3.29,
1846,Rev8,8,W064,AE-3200,CH-A,EXT-01,Extreme Edge,0.96,16.4,97.22,94.88,94.7,1291.2,True,True,False,False,0,0.0,
1847,Rev8,8,W064,AE-3200,CH-A,EXT-02,Extreme Edge,0.96,49.1,100.26,91.88,93.15,1237.4,True,True,True,False,0,0.0,
1848,Rev8,8,W064,AE-3200,CH-A,EXT-03,Extreme Edge,0.96,81.8,101.97,98.09,91.82,952.4,False,False,True,True,1,4.68,pressure_spike
1849,Rev8,8,W064,AE-3200,CH-A,EXT-04,Extreme Edge,0.96,114.5,104.97,92.53,87.35,1070.2,False,True,True,True,0,0.0,
1850,Rev8,8,W064,AE-3200,CH-A,EXT-05,Extreme Edge,0.96,147.3,101.4,95.49,95.73,1054.4,False,True,False,True,0,0.0,
1851,Rev8,8,W064,AE-3200,CH-A,EXT-06,Extreme Edge,0.96,180.0,101.84,96.84,99.01,1100.0,False,True,False,False,0,0.0,
1852,Rev8,8,W064,AE-3200,CH-A,EXT-07,Extreme Edge,0.96,212.7,104.79,100.06,92.13,1237.0,False,False,True,False,0,0.0,
1853,Rev8,8,W064,AE-3200,CH-A,EXT-08,Extreme Edge,0.96,245.5,102.81,96.15,92.56,1188.3,False,True,True,False,1,2.98,
1854,Rev8,8,W064,AE-3200,CH-A,EXT-09,Extreme Edge,0.96,278.2,102.74,100.83,92.36,1154.9,False,False,True,False,0,0.0,
1855,Rev8,8,W064,AE-3200,CH-A,EXT-10,Extreme Edge,0.96,310.9,102.32,97.48,89.53,1077.3,False,True,True,True,0,0.0,
1856,Rev8,8,W064,AE-3200,CH-A,EXT-11,Extreme Edge,0.96,343.6,100.96,95.9,95.71,1189.1,False,True,False,False,1,2.67,polymer_residue
1857,Rev9,9,W065,AE-3200,CH-B,C1,Center,0.0,0.0,96.97,85.6,94.45,1174.9,True,False,True,False,0,0.0,
1858,Rev9,9,W065,AE-3200,CH-B,MID-01,Mid,0.52,30.0,99.15,88.63,96.06,1207.5,True,True,False,False,0,0.0,
1859,Rev9,9,W065,AE-3200,CH-B,MID-02,Mid,0.52,90.0,96.88,87.45,90.92,1161.5,True,True,True,False,0,0.0,
1860,Rev9,9,W065,AE-3200,CH-B,MID-03,Mid,0.52,150.0,92.66,89.12,91.09,1123.4,True,True,True,False,0,0.0,
1861,Rev9,9,W065,AE-3200,CH-B,MID-04,Mid,0.52,210.0,98.87,90.17,93.64,1037.4,True,True,True,True,0,0.0,
1862,Rev9,9,W065,AE-3200,CH-B,MID-05,Mid,0.52,270.0,96.15,87.53,99.0,1137.0,True,True,False,False,0,0.0,
1863,Rev9,9,W065,AE-3200,CH-B,MID-06,Mid,0.52,330.0,97.29,89.46,97.14,1112.0,True,True,False,False,0,0.0,
1864,Rev9,9,W065,AE-3200,CH-B,EDG-01,Edge,0.84,0.0,101.11,91.19,95.41,1187.2,False,True,False,False,1,4.97,arc_event
1865,Rev9,9,W065,AE-3200,CH-B,EDG-02,Edge,0.84,32.7,102.28,86.75,94.79,1198.9,False,False,False,False,1,5.45,
1866,Rev9,9,W065,AE-3200,CH-B,EDG-03,Edge,0.84,65.5,95.93,87.88,94.84,1078.8,True,True,False,True,0,0.0,
1867,Rev9,9,W065,AE-3200,CH-B,EDG-04,Edge,0.84,98.2,100.1,89.59,99.46,1011.3,True,True,False,True,0,0.0,
1868,Rev9,9,W065,AE-3200,CH-B,EDG-05,Edge,0.84,130.9,98.32,88.86,95.52,1018.2,True,True,False,True,0,0.0,
1869,Rev9,9,W065,AE-3200,CH-B,EDG-06,Edge,0.84,163.6,101.48,90.14,89.17,1135.1,False,True,True,False,1,3.23,
1870,Rev9,9,W065,AE-3200,CH-B,EDG-07,Edge,0.84,196.4,101.58,88.95,87.74,1038.6,False,True,True,True,0,0.0,
1871,Rev9,9,W065,AE-3200,CH-B,EDG-08,Edge,0.84,229.1,99.78,87.76,100.02,1143.2,True,True,False,False,0,0.0,
1872,Rev9,9,W065,AE-3200,CH-B,EDG-09,Edge,0.84,261.8,98.44,91.08,96.49,1160.6,True,True,False,False,0,0.0,
1873,Rev9,9,W065,AE-3200,CH-B,EDG-10,Edge,0.84,294.5,99.64,88.21,95.06,1041.0,True,True,False,True,0,0.0,
1874,Rev9,9,W065,AE-3200,CH-B,EDG-11,Edge,0.84,327.3,97.39,90.72,99.35,1018.8,True,True,False,True,1,6.14,polymer_residue
1875,Rev9,9,W065,AE-3200,CH-B,EXT-01,Extreme Edge,0.96,16.4,100.46,87.41,99.25,1233.7,True,True,False,False,1,2.82,polymer_residue
1876,Rev9,9,W065,AE-3200,CH-B,EXT-02,Extreme Edge,0.96,49.1,99.47,92.98,101.33,1079.2,True,True,False,True,0,0.0,
1877,Rev9,9,W065,AE-3200,CH-B,EXT-03,Extreme Edge,0.96,81.8,101.34,90.77,96.3,1134.8,False,True,False,False,0,0.0,
1878,Rev9,9,W065,AE-3200,CH-B,EXT-04,Extreme Edge,0.96,114.5,103.75,94.42,91.83,1168.0,False,True,True,False,2,7.41,arc_event
1879,Rev9,9,W065,AE-3200,CH-B,EXT-05,Extreme Edge,0.96,147.3,101.24,92.52,98.9,1201.8,False,True,False,False,2,12.85,esc_temp_drift
1880,Rev9,9,W065,AE-3200,CH-B,EXT-06,Extreme Edge,0.96,180.0,100.83,89.32,102.53,1121.0,False,True,False,False,0,0.0,
1881,Rev9,9,W065,AE-3200,CH-B,EXT-07,Extreme Edge,0.96,212.7,99.26,88.59,96.73,1160.0,True,True,False,False,2,4.18,
1882,Rev9,9,W065,AE-3200,CH-B,EXT-08,Extreme Edge,0.96,245.5,100.73,92.44,94.91,1111.0,True,True,False,False,0,0.0,
1883,Rev9,9,W065,AE-3200,CH-B,EXT-09,Extreme Edge,0.96,278.2,98.23,90.52,102.05,1147.3,True,True,False,False,0,0.0,
1884,Rev9,9,W065,AE-3200,CH-B,EXT-10,Extreme Edge,0.96,310.9,101.39,91.51,97.84,1134.1,False,True,False,False,0,0.0,
1885,Rev9,9,W065,AE-3200,CH-B,EXT-11,Extreme Edge,0.96,343.6,99.33,94.66,92.88,1149.2,True,True,True,False,2,7.63,polymer_residue
1886,Rev10,10,W066,PX-7500,CH-C,C1,Center,0.0,0.0,98.02,90.38,91.3,1055.6,True,True,True,True,0,0.0,
1887,Rev10,10,W066,PX-7500,CH-C,MID-01,Mid,0.52,30.0,99.61,83.92,92.94,1098.2,True,False,True,False,1,2.48,polymer_residue
1888,Rev10,10,W066,PX-7500,CH-C,MID-02,Mid,0.52,90.0,97.32,88.12,102.6,1120.9,True,True,False,False,1,5.13,polymer_residue
1889,Rev10,10,W066,PX-7500,CH-C,MID-03,Mid,0.52,150.0,95.01,95.94,97.83,1123.2,True,True,False,False,1,6.3,polymer_residue
1890,Rev10,10,W066,PX-7500,CH-C,MID-04,Mid,0.52,210.0,95.25,90.87,91.41,1071.3,True,True,True,True,0,0.0,
1891,Rev10,10,W066,PX-7500,CH-C,MID-05,Mid,0.52,270.0,98.57,94.67,91.43,1064.7,True,True,True,True,0,0.0,
1892,Rev10,10,W066,PX-7500,CH-C,MID-06,Mid,0.52,330.0,97.91,90.41,92.7,1027.6,True,True,True,True,0,0.0,
1893,Rev10,10,W066,PX-7500,CH-C,EDG-01,Edge,0.84,0.0,98.57,92.72,93.77,1043.4,True,True,True,True,0,0.0,
1894,Rev10,10,W066,PX-7500,CH-C,EDG-02,Edge,0.84,32.7,99.32,95.48,99.94,988.4,True,True,False,True,0,0.0,
1895,Rev10,10,W066,PX-7500,CH-C,EDG-03,Edge,0.84,65.5,99.11,98.54,100.5,1057.9,True,False,False,True,1,4.24,
1896,Rev10,10,W066,PX-7500,CH-C,EDG-04,Edge,0.84,98.2,100.21,93.29,95.31,1103.8,True,True,False,False,0,0.0,
1897,Rev10,10,W066,PX-7500,CH-C,EDG-05,Edge,0.84,130.9,102.04,91.96,97.77,1029.4,False,True,False,True,1,3.41,polymer_residue
1898,Rev10,10,W066,PX-7500,CH-C,EDG-06,Edge,0.84,163.6,94.54,91.95,101.36,1120.1,True,True,False,False,0,0.0,
1899,Rev10,10,W066,PX-7500,CH-C,EDG-07,Edge,0.84,196.4,99.8,95.6,96.84,1062.6,True,True,False,True,0,0.0,
1900,Rev10,10,W066,PX-7500,CH-C,EDG-08,Edge,0.84,229.1,98.07,93.19,100.12,1121.8,True,True,False,False,0,0.0,
1901,Rev10,10,W066,PX-7500,CH-C,EDG-09,Edge,0.84,261.8,96.66,92.21,93.52,1071.3,True,True,True,True,0,0.0,
1902,Rev10,10,W066,PX-7500,CH-C,EDG-10,Edge,0.84,294.5,97.53,96.17,97.59,965.1,True,True,False,True,2,4.76,
1903,Rev10,10,W066,PX-7500,CH-C,EDG-11,Edge,0.84,327.3,94.38,94.5,96.52,1102.6,True,True,False,False,1,6.48,polymer_residue
1904,Rev10,10,W066,PX-7500,CH-C,EXT-01,Extreme Edge,0.96,16.4,102.21,96.99,100.05,1092.7,False,True,False,False,1,2.95,esc_temp_drift
1905,Rev10,10,W066,PX-7500,CH-C,EXT-02,Extreme Edge,0.96,49.1,97.72,97.74,91.81,992.0,True,False,True,True,0,0.0,
1906,Rev10,10,W066,PX-7500,CH-C,EXT-03,Extreme Edge,0.96,81.8,102.91,97.82,95.58,1216.4,False,False,False,False,2,6.06,endpoint_late
1907,Rev10,10,W066,PX-7500,CH-C,EXT-04,Extreme Edge,0.96,114.5,95.27,95.29,97.5,1079.1,True,True,False,True,0,0.0,
1908,Rev10,10,W066,PX-7500,CH-C,EXT-05,Extreme Edge,0.96,147.3,100.04,92.96,95.42,1129.6,True,True,False,False,1,2.94,
1909,Rev10,10,W066,PX-7500,CH-C,EXT-06,Extreme Edge,0.96,180.0,99.14,95.17,97.76,1095.1,True,True,False,False,2,9.5,
1910,Rev10,10,W066,PX-7500,CH-C,EXT-07,Extreme Edge,0.96,212.7,97.21,97.41,97.11,1032.5,True,True,False,True,1,3.25,
1911,Rev10,10,W066,PX-7500,CH-C,EXT-08,Extreme Edge,0.96,245.5,98.32,93.82,98.03,1027.6,True,True,False,True,1,4.56,polymer_residue
1912,Rev10,10,W066,PX-7500,CH-C,EXT-09,Extreme Edge,0.96,278.2,99.68,96.48,93.53,1052.7,True,True,True,True,0,0.0,
1913,Rev10,10,W066,PX-7500,CH-C,EXT-10,Extreme Edge,0.96,310.9,101.16,96.96,104.92,1078.7,False,True,False,True,3,8.15,
1914,Rev10,10,W066,PX-7500,CH-C,EXT-11,Extreme Edge,0.96,343.6,98.37,94.83,89.69,1026.5,True,True,True,True,0,0.0,
1915,Rev2,2,W067,PX-7500,CH-C,C1,Center,0.0,0.0,94.02,96.16,85.77,851.7,True,True,True,False,0,0.0,
1916,Rev2,2,W067,PX-7500,CH-C,MID-01,Mid,0.52,30.0,96.89,92.93,84.51,971.8,True,True,True,True,0,0.0,
1917,Rev2,2,W067,PX-7500,CH-C,MID-02,Mid,0.52,90.0,92.86,97.14,85.63,921.3,True,True,True,True,0,0.0,
1918,Rev2,2,W067,PX-7500,CH-C,MID-03,Mid,0.52,150.0,89.29,96.13,90.6,923.5,False,True,True,True,0,0.0,
1919,Rev2,2,W067,PX-7500,CH-C,MID-04,Mid,0.52,210.0,94.61,95.8,86.09,885.3,True,True,True,True,1,4.92,
1920,Rev2,2,W067,PX-7500,CH-C,MID-05,Mid,0.52,270.0,95.52,94.2,95.36,863.7,True,True,False,False,0,0.0,
1921,Rev2,2,W067,PX-7500,CH-C,MID-06,Mid,0.52,330.0,95.27,97.19,88.84,864.6,True,True,True,False,0,0.0,
1922,Rev2,2,W067,PX-7500,CH-C,EDG-01,Edge,0.84,0.0,99.98,91.32,89.12,1007.8,True,True,True,True,1,2.55,arc_event
1923,Rev2,2,W067,PX-7500,CH-C,EDG-02,Edge,0.84,32.7,98.79,97.2,87.11,948.1,True,True,True,True,0,0.0,
1924,Rev2,2,W067,PX-7500,CH-C,EDG-03,Edge,0.84,65.5,98.46,98.9,90.6,942.9,True,False,True,True,0,0.0,
1925,Rev2,2,W067,PX-7500,CH-C,EDG-04,Edge,0.84,98.2,99.03,96.28,91.18,789.3,True,True,True,False,2,7.61,
1926,Rev2,2,W067,PX-7500,CH-C,EDG-05,Edge,0.84,130.9,94.42,97.65,93.85,950.9,True,False,True,True,0,0.0,
1927,Rev2,2,W067,PX-7500,CH-C,EDG-06,Edge,0.84,163.6,100.14,101.7,88.35,971.6,True,False,True,True,1,5.16,
1928,Rev2,2,W067,PX-7500,CH-C,EDG-07,Edge,0.84,196.4,99.59,95.86,90.64,970.9,True,True,True,True,0,0.0,
1929,Rev2,2,W067,PX-7500,CH-C,EDG-08,Edge,0.84,229.1,98.48,96.73,92.97,833.0,True,True,True,False,2,4.71,
1930,Rev2,2,W067,PX-7500,CH-C,EDG-09,Edge,0.84,261.8,97.16,98.83,92.79,988.8,True,False,True,True,0,0.0,
1931,Rev2,2,W067,PX-7500,CH-C,EDG-10,Edge,0.84,294.5,97.77,102.07,89.22,978.3,True,False,True,True,0,0.0,
1932,Rev2,2,W067,PX-7500,CH-C,EDG-11,Edge,0.84,327.3,98.7,98.91,88.01,1020.3,True,False,True,True,0,0.0,
1933,Rev2,2,W067,PX-7500,CH-C,EXT-01,Extreme Edge,0.96,16.4,99.55,94.74,89.37,841.0,True,True,True,False,0,0.0,
1934,Rev2,2,W067,PX-7500,CH-C,EXT-02,Extreme Edge,0.96,49.1,96.36,94.69,95.52,997.0,True,True,False,True,0,0.0,
1935,Rev2,2,W067,PX-7500,CH-C,EXT-03,Extreme Edge,0.96,81.8,97.14,98.4,92.43,959.0,True,False,True,True,0,0.0,
1936,Rev2,2,W067,PX-7500,CH-C,EXT-04,Extreme Edge,0.96,114.5,98.34,95.29,95.38,818.7,True,True,False,False,1,5.62,
1937,Rev2,2,W067,PX-7500,CH-C,EXT-05,Extreme Edge,0.96,147.3,101.02,98.33,92.96,937.7,False,False,True,True,0,0.0,
1938,Rev2,2,W067,PX-7500,CH-C,EXT-06,Extreme Edge,0.96,180.0,99.89,97.42,87.06,881.1,True,True,True,True,0,0.0,
1939,Rev2,2,W067,PX-7500,CH-C,EXT-07,Extreme Edge,0.96,212.7,99.68,99.13,93.86,935.8,True,False,True,True,0,0.0,
1940,Rev2,2,W067,PX-7500,CH-C,EXT-08,Extreme Edge,0.96,245.5,98.22,99.17,91.11,998.8,True,False,True,True,0,0.0,
1941,Rev2,2,W067,PX-7500,CH-C,EXT-09,Extreme Edge,0.96,278.2,99.71,91.47,86.81,927.9,True,True,True,True,1,4.99,polymer_residue
1942,Rev2,2,W067,PX-7500,CH-C,EXT-10,Extreme Edge,0.96,310.9,99.08,93.96,94.62,960.9,True,True,False,True,0,0.0,
1943,Rev2,2,W067,PX-7500,CH-C,EXT-11,Extreme Edge,0.96,343.6,100.04,96.07,83.76,978.1,True,True,True,True,0,0.0,
1944,Rev6,6,W068,PX-7500,CH-C,C1,Center,0.0,0.0,96.27,91.67,96.45,979.8,True,True,False,True,0,0.0,
1945,Rev6,6,W068,PX-7500,CH-C,MID-01,Mid,0.52,30.0,96.85,94.86,91.39,1056.3,True,True,True,True,0,0.0,
1946,Rev6,6,W068,PX-7500,CH-C,MID-02,Mid,0.52,90.0,97.35,93.06,89.43,997.9,True,True,True,True,0,0.0,
1947,Rev6,6,W068,PX-7500,CH-C,MID-03,Mid,0.52,150.0,97.49,96.01,89.46,1002.9,True,True,True,True,0,0.0,
1948,Rev6,6,W068,PX-7500,CH-C,MID-04,Mid,0.52,210.0,98.57,91.84,86.31,1078.0,True,True,True,True,0,0.0,
1949,Rev6,6,W068,PX-7500,CH-C,MID-05,Mid,0.52,270.0,95.31,94.7,83.5,1064.8,True,True,True,True,0,0.0,
1950,Rev6,6,W068,PX-7500,CH-C,MID-06,Mid,0.52,330.0,96.1,91.55,83.37,905.5,True,True,True,True,0,0.0,
1951,Rev6,6,W068,PX-7500,CH-C,EDG-01,Edge,0.84,0.0,100.78,94.91,87.45,1136.8,True,True,True,False,0,0.0,
1952,Rev6,6,W068,PX-7500,CH-C,EDG-02,Edge,0.84,32.7,99.5,96.69,92.27,1085.9,True,True,True,True,0,0.0,
1953,Rev6,6,W068,PX-7500,CH-C,EDG-03,Edge,0.84,65.5,99.83,93.89,88.61,1126.4,True,True,True,False,1,2.34,polymer_residue
1954,Rev6,6,W068,PX-7500,CH-C,EDG-04,Edge,0.84,98.2,98.85,92.64,89.51,1044.9,True,True,True,True,0,0.0,
1955,Rev6,6,W068,PX-7500,CH-C,EDG-05,Edge,0.84,130.9,100.84,96.09,89.56,941.1,False,True,True,True,1,2.67,polymer_residue
1956,Rev6,6,W068,PX-7500,CH-C,EDG-06,Edge,0.84,163.6,98.45,92.17,81.12,1115.4,True,True,True,False,1,4.57,
1957,Rev6,6,W068,PX-7500,CH-C,EDG-07,Edge,0.84,196.4,100.95,94.29,87.53,1046.8,False,True,True,True,2,10.07,
1958,Rev6,6,W068,PX-7500,CH-C,EDG-08,Edge,0.84,229.1,98.55,96.37,94.68,1062.7,True,True,False,True,1,5.31,
1959,Rev6,6,W068,PX-7500,CH-C,EDG-09,Edge,0.84,261.8,102.89,93.0,90.63,1057.0,False,True,True,True,2,5.3,pressure_spike
1960,Rev6,6,W068,PX-7500,CH-C,EDG-10,Edge,0.84,294.5,97.65,95.45,91.71,1064.7,True,True,True,True,0,0.0,
1961,Rev6,6,W068,PX-7500,CH-C,EDG-11,Edge,0.84,327.3,98.75,95.67,93.94,967.8,True,True,True,True,0,0.0,
1962,Rev6,6,W068,PX-7500,CH-C,EXT-01,Extreme Edge,0.96,16.4,101.75,90.82,87.91,991.2,False,True,True,True,1,3.23,
1963,Rev6,6,W068,PX-7500,CH-C,EXT-02,Extreme Edge,0.96,49.1,101.85,97.63,86.1,1021.9,False,False,True,True,1,4.33,esc_temp_drift
1964,Rev6,6,W068,PX-7500,CH-C,EXT-03,Extreme Edge,0.96,81.8,99.74,94.25,88.74,1112.2,True,True,True,False,0,0.0,
1965,Rev6,6,W068,PX-7500,CH-C,EXT-04,Extreme Edge,0.96,114.5,101.16,96.64,87.94,1052.1,False,True,True,True,0,0.0,
1966,Rev6,6,W068,PX-7500,CH-C,EXT-05,Extreme Edge,0.96,147.3,99.66,95.79,85.42,1045.1,True,True,True,True,0,0.0,
1967,Rev6,6,W068,PX-7500,CH-C,EXT-06,Extreme Edge,0.96,180.0,99.29,93.19,80.59,1060.8,True,True,True,True,0,0.0,
1968,Rev6,6,W068,PX-7500,CH-C,EXT-07,Extreme Edge,0.96,212.7,97.14,90.87,86.09,1019.5,True,True,True,True,2,12.17,arc_event
1969,Rev6,6,W068,PX-7500,CH-C,EXT-08,Extreme Edge,0.96,245.5,99.42,94.57,96.96,1006.5,True,True,False,True,1,3.31,
1970,Rev6,6,W068,PX-7500,CH-C,EXT-09,Extreme Edge,0.96,278.2,98.57,94.87,90.57,1061.7,True,True,True,True,0,0.0,
1971,Rev6,6,W068,PX-7500,CH-C,EXT-10,Extreme Edge,0.96,310.9,101.97,96.39,92.19,1068.1,False,True,True,True,2,8.73,
1972,Rev6,6,W068,PX-7500,CH-C,EXT-11,Extreme Edge,0.96,343.6,100.55,95.84,85.37,1003.8,True,True,True,True,1,1.9,
1973,Rev3,3,W069,PX-7500,CH-D,C1,Center,0.0,0.0,94.28,93.8,91.52,894.8,True,True,True,True,0,0.0,
1974,Rev3,3,W069,PX-7500,CH-D,MID-01,Mid,0.52,30.0,96.16,94.65,92.01,898.7,True,True,True,True,0,0.0,
1975,Rev3,3,W069,PX-7500,CH-D,MID-02,Mid,0.52,90.0,96.85,94.16,86.63,1001.2,True,True,True,True,0,0.0,
1976,Rev3,3,W069,PX-7500,CH-D,MID-03,Mid,0.52,150.0,95.0,95.08,87.63,897.1,True,True,True,True,0,0.0,
1977,Rev3,3,W069,PX-7500,CH-D,MID-04,Mid,0.52,210.0,96.51,94.76,90.48,875.9,True,True,True,False,2,12.81,
1978,Rev3,3,W069,PX-7500,CH-D,MID-05,Mid,0.52,270.0,98.4,90.99,84.69,927.7,True,True,True,True,0,0.0,
1979,Rev3,3,W069,PX-7500,CH-D,MID-06,Mid,0.52,330.0,97.47,97.07,85.54,869.5,True,True,True,False,0,0.0,
1980,Rev3,3,W069,PX-7500,CH-D,EDG-01,Edge,0.84,0.0,99.97,91.93,94.6,975.3,True,True,False,True,1,5.77,
1981,Rev3,3,W069,PX-7500,CH-D,EDG-02,Edge,0.84,32.7,97.5,94.86,91.27,995.6,True,True,True,True,1,5.89,
1982,Rev3,3,W069,PX-7500,CH-D,EDG-03,Edge,0.84,65.5,97.6,99.53,80.23,1016.5,True,False,True,True,2,6.93,polymer_residue
1983,Rev3,3,W069,PX-7500,CH-D,EDG-04,Edge,0.84,98.2,99.39,98.57,87.85,902.7,True,False,True,True,1,4.38,polymer_residue
1984,Rev3,3,W069,PX-7500,CH-D,EDG-05,Edge,0.84,130.9,97.83,97.58,87.85,871.0,True,True,True,False,0,0.0,
1985,Rev3,3,W069,PX-7500,CH-D,EDG-06,Edge,0.84,163.6,100.62,94.57,93.33,1071.3,True,True,True,True,1,2.5,polymer_residue
1986,Rev3,3,W069,PX-7500,CH-D,EDG-07,Edge,0.84,196.4,97.6,94.73,86.22,1092.1,True,True,True,False,1,3.18,endpoint_late
1987,Rev3,3,W069,PX-7500,CH-D,EDG-08,Edge,0.84,229.1,98.43,94.92,88.71,992.5,True,True,True,True,0,0.0,
1988,Rev3,3,W069,PX-7500,CH-D,EDG-09,Edge,0.84,261.8,97.96,99.63,87.7,902.4,True,False,True,True,1,5.47,
1989,Rev3,3,W069,PX-7500,CH-D,EDG-10,Edge,0.84,294.5,94.7,99.42,97.04,1146.4,True,False,False,False,0,0.0,
1990,Rev3,3,W069,PX-7500,CH-D,EDG-11,Edge,0.84,327.3,96.73,98.48,89.05,922.8,True,False,True,True,1,2.8,
1991,Rev3,3,W069,PX-7500,CH-D,EXT-01,Extreme Edge,0.96,16.4,97.68,92.04,89.08,1061.1,True,True,True,True,1,5.4,
1992,Rev3,3,W069,PX-7500,CH-D,EXT-02,Extreme Edge,0.96,49.1,99.09,92.67,95.32,1037.8,True,True,False,True,1,6.2,
1993,Rev3,3,W069,PX-7500,CH-D,EXT-03,Extreme Edge,0.96,81.8,96.45,93.85,91.83,973.4,True,True,True,True,1,4.55,arc_event
1994,Rev3,3,W069,PX-7500,CH-D,EXT-04,Extreme Edge,0.96,114.5,98.18,90.87,91.35,973.3,True,True,True,True,1,1.97,polymer_residue
1995,Rev3,3,W069,PX-7500,CH-D,EXT-05,Extreme Edge,0.96,147.3,100.08,95.47,95.86,1056.9,True,True,False,True,0,0.0,
1996,Rev3,3,W069,PX-7500,CH-D,EXT-06,Extreme Edge,0.96,180.0,99.09,91.74,89.38,1034.0,True,True,True,True,0,0.0,
1997,Rev3,3,W069,PX-7500,CH-D,EXT-07,Extreme Edge,0.96,212.7,98.04,95.87,93.41,997.9,True,True,True,True,1,1.89,
1998,Rev3,3,W069,PX-7500,CH-D,EXT-08,Extreme Edge,0.96,245.5,99.3,97.36,81.38,921.5,True,True,True,True,1,2.97,
1999,Rev3,3,W069,PX-7500,CH-D,EXT-09,Extreme Edge,0.96,278.2,97.75,93.49,100.4,969.4,True,True,False,True,0,0.0,
2000,Rev3,3,W069,PX-7500,CH-D,EXT-10,Extreme Edge,0.96,310.9,94.67,97.16,96.86,1001.4,True,True,False,True,0,0.0,
2001,Rev3,3,W069,PX-7500,CH-D,EXT-11,Extreme Edge,0.96,343.6,100.75,93.94,88.71,966.8,True,True,True,True,1,2.95,polymer_residue
2002,Rev9,9,W070,AE-3200,CH-B,C1,Center,0.0,0.0,98.68,88.44,91.02,1013.7,True,True,True,True,0,0.0,
2003,Rev9,9,W070,AE-3200,CH-B,MID-01,Mid,0.52,30.0,98.06,92.09,93.02,979.7,True,True,True,True,0,0.0,
2004,Rev9,9,W070,AE-3200,CH-B,MID-02,Mid,0.52,90.0,96.25,91.28,96.99,997.2,True,True,False,True,0,0.0,
2005,Rev9,9,W070,AE-3200,CH-B,MID-03,Mid,0.52,150.0,97.78,91.3,97.0,1134.0,True,True,False,False,0,0.0,
2006,Rev9,9,W070,AE-3200,CH-B,MID-04,Mid,0.52,210.0,100.89,87.0,98.84,1096.5,False,True,False,False,0,0.0,
2007,Rev9,9,W070,AE-3200,CH-B,MID-05,Mid,0.52,270.0,98.33,89.0,97.33,1159.7,True,True,False,False,0,0.0,
2008,Rev9,9,W070,AE-3200,CH-B,MID-06,Mid,0.52,330.0,100.15,88.73,93.82,1173.5,True,True,True,False,0,0.0,
2009,Rev9,9,W070,AE-3200,CH-B,EDG-01,Edge,0.84,0.0,103.23,84.58,100.64,1190.2,False,False,False,False,0,0.0,
2010,Rev9,9,W070,AE-3200,CH-B,EDG-02,Edge,0.84,32.7,98.0,87.93,95.44,1172.4,True,True,False,False,1,1.92,arc_event
2011,Rev9,9,W070,AE-3200,CH-B,EDG-03,Edge,0.84,65.5,97.55,95.34,96.77,1090.2,True,True,False,False,2,3.89,polymer_residue
2012,Rev9,9,W070,AE-3200,CH-B,EDG-04,Edge,0.84,98.2,99.53,93.64,101.18,1132.4,True,True,False,False,0,0.0,
2013,Rev9,9,W070,AE-3200,CH-B,EDG-05,Edge,0.84,130.9,97.16,90.37,99.94,1181.7,True,True,False,False,1,3.89,
2014,Rev9,9,W070,AE-3200,CH-B,EDG-06,Edge,0.84,163.6,105.97,91.33,89.44,1175.7,False,True,True,False,1,4.51,
2015,Rev9,9,W070,AE-3200,CH-B,EDG-07,Edge,0.84,196.4,100.47,88.54,99.22,1079.4,True,True,False,True,0,0.0,
2016,Rev9,9,W070,AE-3200,CH-B,EDG-08,Edge,0.84,229.1,98.23,89.46,100.8,1236.2,True,True,False,False,0,0.0,
2017,Rev9,9,W070,AE-3200,CH-B,EDG-09,Edge,0.84,261.8,103.01,95.34,95.44,1188.8,False,True,False,False,0,0.0,
2018,Rev9,9,W070,AE-3200,CH-B,EDG-10,Edge,0.84,294.5,99.25,88.76,97.26,1110.6,True,True,False,False,0,0.0,
2019,Rev9,9,W070,AE-3200,CH-B,EDG-11,Edge,0.84,327.3,99.19,93.93,102.98,1072.7,True,True,False,True,1,6.15,
2020,Rev9,9,W070,AE-3200,CH-B,EXT-01,Extreme Edge,0.96,16.4,100.14,94.55,102.36,1121.8,True,True,False,False,2,11.62,polymer_residue
2021,Rev9,9,W070,AE-3200,CH-B,EXT-02,Extreme Edge,0.96,49.1,100.05,91.54,101.36,1104.5,True,True,False,False,0,0.0,
2022,Rev9,9,W070,AE-3200,CH-B,EXT-03,Extreme Edge,0.96,81.8,99.53,92.73,96.19,1198.0,True,True,False,False,0,0.0,
2023,Rev9,9,W070,AE-3200,CH-B,EXT-04,Extreme Edge,0.96,114.5,102.58,92.33,103.03,1188.6,False,True,False,False,0,0.0,
2024,Rev9,9,W070,AE-3200,CH-B,EXT-05,Extreme Edge,0.96,147.3,102.7,90.36,107.73,1079.0,False,True,False,True,1,3.14,
2025,Rev9,9,W070,AE-3200,CH-B,EXT-06,Extreme Edge,0.96,180.0,99.38,90.64,100.25,1116.1,True,True,False,False,0,0.0,
2026,Rev9,9,W070,AE-3200,CH-B,EXT-07,Extreme Edge,0.96,212.7,102.06,91.24,106.31,1225.0,False,True,False,False,1,5.85,
2027,Rev9,9,W070,AE-3200,CH-B,EXT-08,Extreme Edge,0.96,245.5,102.53,91.77,98.57,1154.3,False,True,False,False,3,15.05,endpoint_late
2028,Rev9,9,W070,AE-3200,CH-B,EXT-09,Extreme Edge,0.96,278.2,99.45,88.69,98.47,1158.8,True,True,False,False,0,0.0,
2029,Rev9,9,W070,AE-3200,CH-B,EXT-10,Extreme Edge,0.96,310.9,99.85,91.47,94.33,1206.4,True,True,True,False,1,4.99,arc_event
2030,Rev9,9,W070,AE-3200,CH-B,EXT-11,Extreme Edge,0.96,343.6,100.03,89.47,99.09,1065.7,True,True,False,True,0,0.0,
2031,Rev8,8,W071,AE-3200,CH-A,C1,Center,0.0,0.0,97.55,91.22,96.39,956.4,True,True,False,True,0,0.0,
2032,Rev8,8,W071,AE-3200,CH-A,MID-01,Mid,0.52,30.0,103.5,92.73,87.94,1050.3,False,True,True,True,1,2.48,
2033,Rev8,8,W071,AE-3200,CH-A,MID-02,Mid,0.52,90.0,100.87,94.21,97.14,1066.1,False,True,False,True,1,4.15,arc_event
2034,Rev8,8,W071,AE-3200,CH-A,MID-03,Mid,0.52,150.0,99.09,95.12,90.93,1077.0,True,True,True,True,0,0.0,
2035,Rev8,8,W071,AE-3200,CH-A,MID-04,Mid,0.52,210.0,101.78,94.07,91.12,1053.3,False,True,True,True,1,2.58,
2036,Rev8,8,W071,AE-3200,CH-A,MID-05,Mid,0.52,270.0,101.65,93.71,84.93,1198.9,False,True,True,False,1,4.52,endpoint_late
2037,Rev8,8,W071,AE-3200,CH-A,MID-06,Mid,0.52,330.0,104.42,94.1,91.97,1107.5,False,True,True,False,1,3.75,
2038,Rev8,8,W071,AE-3200,CH-A,EDG-01,Edge,0.84,0.0,99.01,96.22,88.96,1030.9,True,True,True,True,1,3.47,endpoint_late
2039,Rev8,8,W071,AE-3200,CH-A,EDG-02,Edge,0.84,32.7,103.45,99.27,89.42,1183.0,False,False,True,False,2,4.48,arc_event
2040,Rev8,8,W071,AE-3200,CH-A,EDG-03,Edge,0.84,65.5,103.66,96.55,88.69,1156.3,False,True,True,False,0,0.0,
2041,Rev8,8,W071,AE-3200,CH-A,EDG-04,Edge,0.84,98.2,101.93,94.0,93.07,1033.7,False,True,True,True,1,5.74,
2042,Rev8,8,W071,AE-3200,CH-A,EDG-05,Edge,0.84,130.9,101.07,97.28,90.38,1103.1,False,True,True,False,2,7.74,
2043,Rev8,8,W071,AE-3200,CH-A,EDG-06,Edge,0.84,163.6,102.72,95.25,97.5,1148.5,False,True,False,False,1,5.75,esc_temp_drift
2044,Rev8,8,W071,AE-3200,CH-A,EDG-07,Edge,0.84,196.4,102.88,99.16,91.54,1070.4,False,False,True,True,3,8.62,esc_temp_drift
2045,Rev8,8,W071,AE-3200,CH-A,EDG-08,Edge,0.84,229.1,100.22,94.51,88.33,1129.1,True,True,True,False,0,0.0,
2046,Rev8,8,W071,AE-3200,CH-A,EDG-09,Edge,0.84,261.8,101.89,95.8,93.63,975.2,False,True,True,True,0,0.0,
2047,Rev8,8,W071,AE-3200,CH-A,EDG-10,Edge,0.84,294.5,102.53,97.88,99.5,1189.9,False,False,False,False,0,0.0,
2048,Rev8,8,W071,AE-3200,CH-A,EDG-11,Edge,0.84,327.3,101.49,93.52,100.25,1091.9,False,True,False,False,0,0.0,
2049,Rev8,8,W071,AE-3200,CH-A,EXT-01,Extreme Edge,0.96,16.4,104.03,95.36,91.49,1059.7,False,True,True,True,0,0.0,
2050,Rev8,8,W071,AE-3200,CH-A,EXT-02,Extreme Edge,0.96,49.1,104.2,94.12,85.23,1175.3,False,True,True,False,1,5.82,endpoint_late
2051,Rev8,8,W071,AE-3200,CH-A,EXT-03,Extreme Edge,0.96,81.8,102.65,93.72,101.37,1153.5,False,True,False,False,0,0.0,
2052,Rev8,8,W071,AE-3200,CH-A,EXT-04,Extreme Edge,0.96,114.5,104.09,98.15,94.77,1132.6,False,False,False,False,0,0.0,
2053,Rev8,8,W071,AE-3200,CH-A,EXT-05,Extreme Edge,0.96,147.3,104.14,95.74,99.13,1065.7,False,True,False,True,0,0.0,
2054,Rev8,8,W071,AE-3200,CH-A,EXT-06,Extreme Edge,0.96,180.0,100.07,97.45,100.34,1026.6,True,True,False,True,0,0.0,
2055,Rev8,8,W071,AE-3200,CH-A,EXT-07,Extreme Edge,0.96,212.7,103.84,98.03,95.34,1095.0,False,False,False,False,0,0.0,
2056,Rev8,8,W071,AE-3200,CH-A,EXT-08,Extreme Edge,0.96,245.5,99.22,102.49,91.71,1113.4,True,False,True,False,2,6.8,arc_event
2057,Rev8,8,W071,AE-3200,CH-A,EXT-09,Extreme Edge,0.96,278.2,104.53,96.17,98.4,1112.3,False,True,False,False,0,0.0,
2058,Rev8,8,W071,AE-3200,CH-A,EXT-10,Extreme Edge,0.96,310.9,105.48,98.51,99.34,1089.4,False,False,False,True,2,10.26,
2059,Rev8,8,W071,AE-3200,CH-A,EXT-11,Extreme Edge,0.96,343.6,98.09,95.75,95.67,1143.5,True,True,False,False,1,2.88,endpoint_late
2060,Rev6,6,W072,PX-7500,CH-C,C1,Center,0.0,0.0,93.8,94.01,85.18,950.6,True,True,True,True,0,0.0,
2061,Rev6,6,W072,PX-7500,CH-C,MID-01,Mid,0.52,30.0,96.1,93.94,93.39,903.9,True,True,True,True,0,0.0,
2062,Rev6,6,W072,PX-7500,CH-C,MID-02,Mid,0.52,90.0,100.09,96.43,85.04,894.9,True,True,True,True,0,0.0,
2063,Rev6,6,W072,PX-7500,CH-C,MID-03,Mid,0.52,150.0,99.72,93.19,82.86,1000.8,True,True,True,True,0,0.0,
2064,Rev6,6,W072,PX-7500,CH-C,MID-04,Mid,0.52,210.0,99.5,94.92,91.97,1017.8,True,True,True,True,0,0.0,
2065,Rev6,6,W072,PX-7500,CH-C,MID-05,Mid,0.52,270.0,96.43,94.16,83.81,933.5,True,True,True,True,0,0.0,
2066,Rev6,6,W072,PX-7500,CH-C,MID-06,Mid,0.52,330.0,95.24,95.33,87.48,886.6,True,True,True,True,1,4.03,
2067,Rev6,6,W072,PX-7500,CH-C,EDG-01,Edge,0.84,0.0,99.69,94.71,85.92,975.2,True,True,True,True,0,0.0,
2068,Rev6,6,W072,PX-7500,CH-C,EDG-02,Edge,0.84,32.7,98.92,96.53,87.88,1034.1,True,True,True,True,0,0.0,
2069,Rev6,6,W072,PX-7500,CH-C,EDG-03,Edge,0.84,65.5,97.6,98.3,88.61,1008.3,True,False,True,True,1,2.13,esc_temp_drift
2070,Rev6,6,W072,PX-7500,CH-C,EDG-04,Edge,0.84,98.2,99.94,92.45,87.39,1035.3,True,True,True,True,0,0.0,
2071,Rev6,6,W072,PX-7500,CH-C,EDG-05,Edge,0.84,130.9,100.48,96.52,83.56,969.4,True,True,True,True,1,5.06,arc_event
2072,Rev6,6,W072,PX-7500,CH-C,EDG-06,Edge,0.84,163.6,100.39,94.81,84.7,941.4,True,True,True,True,0,0.0,
2073,Rev6,6,W072,PX-7500,CH-C,EDG-07,Edge,0.84,196.4,100.14,97.68,83.44,1060.8,True,False,True,True,0,0.0,
2074,Rev6,6,W072,PX-7500,CH-C,EDG-08,Edge,0.84,229.1,99.22,93.69,86.66,922.5,True,True,True,True,0,0.0,
2075,Rev6,6,W072,PX-7500,CH-C,EDG-09,Edge,0.84,261.8,100.39,95.6,91.64,949.4,True,True,True,True,0,0.0,
2076,Rev6,6,W072,PX-7500,CH-C,EDG-10,Edge,0.84,294.5,95.51,94.88,88.29,1006.6,True,True,True,True,1,5.53,
2077,Rev6,6,W072,PX-7500,CH-C,EDG-11,Edge,0.84,327.3,101.63,97.21,92.51,970.3,False,True,True,True,2,9.45,polymer_residue
2078,Rev6,6,W072,PX-7500,CH-C,EXT-01,Extreme Edge,0.96,16.4,103.24,97.75,88.33,933.2,False,False,True,True,0,0.0,
2079,Rev6,6,W072,PX-7500,CH-C,EXT-02,Extreme Edge,0.96,49.1,99.48,101.73,89.26,1035.6,True,False,True,True,1,2.68,
2080,Rev6,6,W072,PX-7500,CH-C,EXT-03,Extreme Edge,0.96,81.8,96.89,94.95,93.0,1054.1,True,True,True,True,0,0.0,
2081,Rev6,6,W072,PX-7500,CH-C,EXT-04,Extreme Edge,0.96,114.5,101.41,96.72,91.04,1047.0,False,True,True,True,1,4.85,polymer_residue
2082,Rev6,6,W072,PX-7500,CH-C,EXT-05,Extreme Edge,0.96,147.3,97.85,98.58,91.4,956.5,True,False,True,True,1,5.7,polymer_residue
2083,Rev6,6,W072,PX-7500,CH-C,EXT-06,Extreme Edge,0.96,180.0,101.41,97.05,94.04,915.2,False,True,True,True,1,3.06,
2084,Rev6,6,W072,PX-7500,CH-C,EXT-07,Extreme Edge,0.96,212.7,99.07,93.06,84.57,995.1,True,True,True,True,0,0.0,
2085,Rev6,6,W072,PX-7500,CH-C,EXT-08,Extreme Edge,0.96,245.5,101.29,96.34,93.78,1086.2,False,True,True,True,1,4.68,arc_event
2086,Rev6,6,W072,PX-7500,CH-C,EXT-09,Extreme Edge,0.96,278.2,100.28,98.32,90.18,929.4,True,False,True,True,0,0.0,
2087,Rev6,6,W072,PX-7500,CH-C,EXT-10,Extreme Edge,0.96,310.9,99.54,98.63,92.64,1047.4,True,False,True,True,0,0.0,
2088,Rev6,6,W072,PX-7500,CH-C,EXT-11,Extreme Edge,0.96,343.6,101.94,100.18,87.56,953.1,False,False,True,True,0,0.0,
2089,Rev6,6,W073,PX-7500,CH-C,C1,Center,0.0,0.0,95.47,98.93,74.58,1088.9,True,False,False,True,0,0.0,
2090,Rev6,6,W073,PX-7500,CH-C,MID-01,Mid,0.52,30.0,97.51,93.36,88.58,1053.8,True,True,True,True,0,0.0,
2091,Rev6,6,W073,PX-7500,CH-C,MID-02,Mid,0.52,90.0,94.37,93.42,82.49,1062.5,True,True,True,True,0,0.0,
2092,Rev6,6,W073,PX-7500,CH-C,MID-03,Mid,0.52,150.0,97.27,95.42,84.48,951.2,True,True,True,True,0,0.0,
2093,Rev6,6,W073,PX-7500,CH-C,MID-04,Mid,0.52,210.0,97.18,92.51,78.88,1062.1,True,True,True,True,0,0.0,
2094,Rev6,6,W073,PX-7500,CH-C,MID-05,Mid,0.52,270.0,99.37,95.17,85.33,1073.8,True,True,True,True,0,0.0,
2095,Rev6,6,W073,PX-7500,CH-C,MID-06,Mid,0.52,330.0,93.25,92.81,81.26,1056.0,True,True,True,True,0,0.0,
2096,Rev6,6,W073,PX-7500,CH-C,EDG-01,Edge,0.84,0.0,100.61,97.97,81.82,978.4,True,False,True,True,0,0.0,
2097,Rev6,6,W073,PX-7500,CH-C,EDG-02,Edge,0.84,32.7,98.78,99.21,81.76,986.2,True,False,True,True,0,0.0,
2098,Rev6,6,W073,PX-7500,CH-C,EDG-03,Edge,0.84,65.5,101.94,92.04,88.34,1001.8,False,True,True,True,1,2.48,
2099,Rev6,6,W073,PX-7500,CH-C,EDG-04,Edge,0.84,98.2,98.19,91.16,90.31,954.0,True,True,True,True,0,0.0,
2100,Rev6,6,W073,PX-7500,CH-C,EDG-05,Edge,0.84,130.9,98.52,94.87,83.3,1048.4,True,True,True,True,0,0.0,
2101,Rev6,6,W073,PX-7500,CH-C,EDG-06,Edge,0.84,163.6,97.32,94.13,91.66,970.0,True,True,True,True,0,0.0,
2102,Rev6,6,W073,PX-7500,CH-C,EDG-07,Edge,0.84,196.4,100.77,95.58,90.71,1025.8,True,True,True,True,0,0.0,
2103,Rev6,6,W073,PX-7500,CH-C,EDG-08,Edge,0.84,229.1,99.83,93.99,83.87,1012.3,True,True,True,True,1,5.87,
2104,Rev6,6,W073,PX-7500,CH-C,EDG-09,Edge,0.84,261.8,98.12,96.13,79.79,956.2,True,True,True,True,0,0.0,
2105,Rev6,6,W073,PX-7500,CH-C,EDG-10,Edge,0.84,294.5,100.83,93.94,87.13,966.9,False,True,True,True,0,0.0,
2106,Rev6,6,W073,PX-7500,CH-C,EDG-11,Edge,0.84,327.3,96.67,97.69,84.28,1049.9,True,False,True,True,1,4.87,
2107,Rev6,6,W073,PX-7500,CH-C,EXT-01,Extreme Edge,0.96,16.4,97.82,94.87,84.36,980.7,True,True,True,True,2,6.27,polymer_residue
2108,Rev6,6,W073,PX-7500,CH-C,EXT-02,Extreme Edge,0.96,49.1,99.64,97.83,90.23,933.3,True,False,True,True,1,3.52,polymer_residue
2109,Rev6,6,W073,PX-7500,CH-C,EXT-03,Extreme Edge,0.96,81.8,100.72,93.49,86.94,980.4,True,True,True,True,1,3.27,
2110,Rev6,6,W073,PX-7500,CH-C,EXT-04,Extreme Edge,0.96,114.5,102.02,95.7,78.72,985.6,False,True,True,True,0,0.0,
2111,Rev6,6,W073,PX-7500,CH-C,EXT-05,Extreme Edge,0.96,147.3,102.96,94.79,85.73,976.0,False,True,True,True,0,0.0,
2112,Rev6,6,W073,PX-7500,CH-C,EXT-06,Extreme Edge,0.96,180.0,100.02,97.74,93.04,1030.6,True,False,True,True,0,0.0,
2113,Rev6,6,W073,PX-7500,CH-C,EXT-07,Extreme Edge,0.96,212.7,98.07,98.16,73.69,872.6,True,False,False,False,0,0.0,
2114,Rev6,6,W073,PX-7500,CH-C,EXT-08,Extreme Edge,0.96,245.5,100.28,96.06,91.26,1045.0,True,True,True,True,1,2.28,esc_temp_drift
2115,Rev6,6,W073,PX-7500,CH-C,EXT-09,Extreme Edge,0.96,278.2,100.83,99.51,90.91,1033.4,False,False,True,True,0,0.0,
2116,Rev6,6,W073,PX-7500,CH-C,EXT-10,Extreme Edge,0.96,310.9,101.41,95.8,82.64,1063.4,False,True,True,True,1,2.09,polymer_residue
2117,Rev6,6,W073,PX-7500,CH-C,EXT-11,Extreme Edge,0.96,343.6,102.94,97.13,83.28,1007.1,False,True,True,True,0,0.0,
2118,Rev4,4,W074,AE-3200,CH-A,C1,Center,0.0,0.0,102.2,94.33,90.27,955.0,False,True,True,True,0,0.0,
2119,Rev4,4,W074,AE-3200,CH-A,MID-01,Mid,0.52,30.0,98.66,92.7,92.13,953.6,True,True,True,True,0,0.0,
2120,Rev4,4,W074,AE-3200,CH-A,MID-02,Mid,0.52,90.0,98.87,96.11,83.44,963.9,True,True,True,True,0,0.0,
2121,Rev4,4,W074,AE-3200,CH-A,MID-03,Mid,0.52,150.0,95.94,94.84,88.43,1020.2,True,True,True,True,0,0.0,
2122,Rev4,4,W074,AE-3200,CH-A,MID-04,Mid,0.52,210.0,100.54,94.45,79.67,1105.3,True,True,True,False,0,0.0,
2123,Rev4,4,W074,AE-3200,CH-A,MID-05,Mid,0.52,270.0,100.09,94.49,86.25,947.7,True,True,True,True,0,0.0,
2124,Rev4,4,W074,AE-3200,CH-A,MID-06,Mid,0.52,330.0,99.64,91.35,90.52,1034.4,True,True,True,True,0,0.0,
2125,Rev4,4,W074,AE-3200,CH-A,EDG-01,Edge,0.84,0.0,99.86,98.12,91.52,958.2,True,False,True,True,0,0.0,
2126,Rev4,4,W074,AE-3200,CH-A,EDG-02,Edge,0.84,32.7,99.02,94.07,85.22,976.2,True,True,True,True,0,0.0,
2127,Rev4,4,W074,AE-3200,CH-A,EDG-03,Edge,0.84,65.5,98.66,96.18,94.65,1054.3,True,True,False,True,0,0.0,
2128,Rev4,4,W074,AE-3200,CH-A,EDG-04,Edge,0.84,98.2,100.5,100.24,88.43,990.9,True,False,True,True,1,3.48,polymer_residue
2129,Rev4,4,W074,AE-3200,CH-A,EDG-05,Edge,0.84,130.9,96.73,94.53,92.9,1001.6,True,True,True,True,0,0.0,
2130,Rev4,4,W074,AE-3200,CH-A,EDG-06,Edge,0.84,163.6,98.2,96.92,93.97,1044.1,True,True,True,True,0,0.0,
2131,Rev4,4,W074,AE-3200,CH-A,EDG-07,Edge,0.84,196.4,102.36,99.24,86.52,960.9,False,False,True,True,0,0.0,
2132,Rev4,4,W074,AE-3200,CH-A,EDG-08,Edge,0.84,229.1,100.21,96.86,88.24,1004.7,True,True,True,True,0,0.0,
2133,Rev4,4,W074,AE-3200,CH-A,EDG-09,Edge,0.84,261.8,97.72,97.14,87.59,1016.7,True,True,True,True,0,0.0,
2134,Rev4,4,W074,AE-3200,CH-A,EDG-10,Edge,0.84,294.5,98.39,99.94,89.48,946.6,True,False,True,True,0,0.0,
2135,Rev4,4,W074,AE-3200,CH-A,EDG-11,Edge,0.84,327.3,99.57,96.3,85.55,914.2,True,True,True,True,0,0.0,
2136,Rev4,4,W074,AE-3200,CH-A,EXT-01,Extreme Edge,0.96,16.4,99.81,95.98,94.6,1072.8,True,True,False,True,0,0.0,
2137,Rev4,4,W074,AE-3200,CH-A,EXT-02,Extreme Edge,0.96,49.1,97.79,98.43,92.78,1098.0,True,False,True,False,1,2.8,
2138,Rev4,4,W074,AE-3200,CH-A,EXT-03,Extreme Edge,0.96,81.8,103.67,97.16,84.52,975.8,False,True,True,True,0,0.0,
2139,Rev4,4,W074,AE-3200,CH-A,EXT-04,Extreme Edge,0.96,114.5,100.99,95.76,88.61,1039.2,False,True,True,True,2,6.99,endpoint_late
2140,Rev4,4,W074,AE-3200,CH-A,EXT-05,Extreme Edge,0.96,147.3,102.76,96.83,91.74,1040.3,False,True,True,True,1,2.97,
2141,Rev4,4,W074,AE-3200,CH-A,EXT-06,Extreme Edge,0.96,180.0,99.51,98.72,90.73,1080.1,True,False,True,True,1,2.22,
2142,Rev4,4,W074,AE-3200,CH-A,EXT-07,Extreme Edge,0.96,212.7,104.65,102.04,84.87,976.1,False,False,True,True,1,6.29,endpoint_late
2143,Rev4,4,W074,AE-3200,CH-A,EXT-08,Extreme Edge,0.96,245.5,99.7,95.32,94.73,946.4,True,True,False,True,1,3.49,
2144,Rev4,4,W074,AE-3200,CH-A,EXT-09,Extreme Edge,0.96,278.2,100.21,96.3,94.89,1056.9,True,True,False,True,0,0.0,
2145,Rev4,4,W074,AE-3200,CH-A,EXT-10,Extreme Edge,0.96,310.9,99.31,100.96,100.58,1039.0,True,False,False,True,0,0.0,
2146,Rev4,4,W074,AE-3200,CH-A,EXT-11,Extreme Edge,0.96,343.6,100.31,99.51,93.37,972.0,True,False,True,True,0,0.0,
2147,Rev8,8,W075,AE-3200,CH-A,C1,Center,0.0,0.0,97.37,93.6,95.65,920.6,True,True,False,True,0,0.0,
2148,Rev8,8,W075,AE-3200,CH-A,MID-01,Mid,0.52,30.0,96.6,89.64,91.99,949.5,True,True,True,True,0,0.0,
2149,Rev8,8,W075,AE-3200,CH-A,MID-02,Mid,0.52,90.0,98.22,91.0,93.93,1019.8,True,True,True,True,0,0.0,
2150,Rev8,8,W075,AE-3200,CH-A,MID-03,Mid,0.52,150.0,96.82,94.26,96.26,1100.3,True,True,False,False,1,2.52,polymer_residue
2151,Rev8,8,W075,AE-3200,CH-A,MID-04,Mid,0.52,210.0,95.77,89.92,82.9,946.9,True,True,True,True,0,0.0,
2152,Rev8,8,W075,AE-3200,CH-A,MID-05,Mid,0.52,270.0,96.88,91.37,92.34,980.8,True,True,True,True,1,4.6,polymer_residue
2153,Rev8,8,W075,AE-3200,CH-A,MID-06,Mid,0.52,330.0,101.28,94.63,91.23,946.7,False,True,True,True,0,0.0,
2154,Rev8,8,W075,AE-3200,CH-A,EDG-01,Edge,0.84,0.0,102.43,91.11,90.61,971.8,False,True,True,True,1,2.12,
2155,Rev8,8,W075,AE-3200,CH-A,EDG-02,Edge,0.84,32.7,100.89,96.77,94.65,926.9,False,True,False,True,0,0.0,
2156,Rev8,8,W075,AE-3200,CH-A,EDG-03,Edge,0.84,65.5,98.69,93.16,96.99,1038.9,True,True,False,True,0,0.0,
2157,Rev8,8,W075,AE-3200,CH-A,EDG-04,Edge,0.84,98.2,101.96,95.67,99.55,961.2,False,True,False,True,1,3.09,
2158,Rev8,8,W075,AE-3200,CH-A,EDG-05,Edge,0.84,130.9,104.56,91.57,101.95,974.1,False,True,False,True,3,13.4,polymer_residue
2159,Rev8,8,W075,AE-3200,CH-A,EDG-06,Edge,0.84,163.6,100.74,94.36,99.79,1091.0,True,True,False,False,1,6.18,
2160,Rev8,8,W075,AE-3200,CH-A,EDG-07,Edge,0.84,196.4,102.17,95.64,96.11,1076.1,False,True,False,True,0,0.0,
2161,Rev8,8,W075,AE-3200,CH-A,EDG-08,Edge,0.84,229.1,100.61,91.07,93.55,961.5,True,True,True,True,0,0.0,
2162,Rev8,8,W075,AE-3200,CH-A,EDG-09,Edge,0.84,261.8,101.92,95.46,107.0,1035.1,False,True,False,True,0,0.0,
2163,Rev8,8,W075,AE-3200,CH-A,EDG-10,Edge,0.84,294.5,100.85,97.52,106.71,1013.4,False,True,False,True,1,1.9,polymer_residue
2164,Rev8,8,W075,AE-3200,CH-A,EDG-11,Edge,0.84,327.3,102.5,91.35,90.65,969.2,False,True,True,True,2,5.09,esc_temp_drift
2165,Rev8,8,W075,AE-3200,CH-A,EXT-01,Extreme Edge,0.96,16.4,100.4,92.9,96.86,1093.9,True,True,False,False,0,0.0,
2166,Rev8,8,W075,AE-3200,CH-A,EXT-02,Extreme Edge,0.96,49.1,101.25,93.33,98.82,1070.7,False,True,False,True,1,3.13,esc_temp_drift
2167,Rev8,8,W075,AE-3200,CH-A,EXT-03,Extreme Edge,0.96,81.8,97.75,93.73,96.37,1034.6,True,True,False,True,0,0.0,
2168,Rev8,8,W075,AE-3200,CH-A,EXT-04,Extreme Edge,0.96,114.5,103.29,94.44,99.22,1041.0,False,True,False,True,1,4.41,polymer_residue
2169,Rev8,8,W075,AE-3200,CH-A,EXT-05,Extreme Edge,0.96,147.3,100.62,95.84,99.1,1000.7,True,True,False,True,1,4.99,polymer_residue
2170,Rev8,8,W075,AE-3200,CH-A,EXT-06,Extreme Edge,0.96,180.0,102.2,99.77,104.01,965.7,False,False,False,True,0,0.0,
2171,Rev8,8,W075,AE-3200,CH-A,EXT-07,Extreme Edge,0.96,212.7,102.67,96.94,102.7,1108.5,False,True,False,False,3,18.88,
2172,Rev8,8,W075,AE-3200,CH-A,EXT-08,Extreme Edge,0.96,245.5,100.82,96.14,102.31,1094.9,False,True,False,False,1,3.4,
2173,Rev8,8,W075,AE-3200,CH-A,EXT-09,Extreme Edge,0.96,278.2,102.84,95.61,96.41,1075.3,False,True,False,True,0,0.0,
2174,Rev8,8,W075,AE-3200,CH-A,EXT-10,Extreme Edge,0.96,310.9,105.71,90.35,95.47,1027.6,False,True,False,True,1,5.42,
2175,Rev8,8,W075,AE-3200,CH-A,EXT-11,Extreme Edge,0.96,343.6,99.74,97.52,93.21,982.8,True,True,True,True,0,0.0,
2176,Rev5,5,W076,AE-3200,CH-B,C1,Center,0.0,0.0,99.05,89.33,86.99,1035.7,True,True,True,True,0,0.0,
2177,Rev5,5,W076,AE-3200,CH-B,MID-01,Mid,0.52,30.0,98.89,88.94,79.15,890.3,True,True,True,True,0,0.0,
2178,Rev5,5,W076,AE-3200,CH-B,MID-02,Mid,0.52,90.0,100.89,92.72,83.54,873.1,False,True,True,False,0,0.0,
2179,Rev5,5,W076,AE-3200,CH-B,MID-03,Mid,0.52,150.0,97.39,92.57,87.83,975.8,True,True,True,True,0,0.0,
2180,Rev5,5,W076,AE-3200,CH-B,MID-04,Mid,0.52,210.0,95.54,89.26,82.46,1021.7,True,True,True,True,1,5.01,
2181,Rev5,5,W076,AE-3200,CH-B,MID-05,Mid,0.52,270.0,96.8,90.81,79.69,963.6,True,True,True,True,0,0.0,
2182,Rev5,5,W076,AE-3200,CH-B,MID-06,Mid,0.52,330.0,99.57,94.23,79.53,944.1,True,True,True,True,0,0.0,
2183,Rev5,5,W076,AE-3200,CH-B,EDG-01,Edge,0.84,0.0,98.91,92.29,81.0,984.3,True,True,True,True,0,0.0,
2184,Rev5,5,W076,AE-3200,CH-B,EDG-02,Edge,0.84,32.7,100.96,88.47,84.72,938.6,False,True,True,True,1,3.34,arc_event
2185,Rev5,5,W076,AE-3200,CH-B,EDG-03,Edge,0.84,65.5,102.36,95.35,85.34,987.4,False,True,True,True,0,0.0,
2186,Rev5,5,W076,AE-3200,CH-B,EDG-04,Edge,0.84,98.2,98.66,92.89,86.81,761.5,True,True,True,False,1,2.58,polymer_residue
2187,Rev5,5,W076,AE-3200,CH-B,EDG-05,Edge,0.84,130.9,103.56,92.65,88.81,838.3,False,True,True,False,1,3.23,endpoint_late
2188,Rev5,5,W076,AE-3200,CH-B,EDG-06,Edge,0.84,163.6,101.55,95.02,80.95,861.0,False,True,True,False,0,0.0,
2189,Rev5,5,W076,AE-3200,CH-B,EDG-07,Edge,0.84,196.4,101.78,95.63,82.2,991.4,False,True,True,True,0,0.0,
2190,Rev5,5,W076,AE-3200,CH-B,EDG-08,Edge,0.84,229.1,99.48,93.93,81.51,933.2,True,True,True,True,0,0.0,
2191,Rev5,5,W076,AE-3200,CH-B,EDG-09,Edge,0.84,261.8,101.46,94.79,91.6,888.4,False,True,True,True,1,5.86,
2192,Rev5,5,W076,AE-3200,CH-B,EDG-10,Edge,0.84,294.5,97.82,92.11,86.86,1106.7,True,True,True,False,0,0.0,
2193,Rev5,5,W076,AE-3200,CH-B,EDG-11,Edge,0.84,327.3,101.64,92.16,87.6,930.8,False,True,True,True,1,2.55,
2194,Rev5,5,W076,AE-3200,CH-B,EXT-01,Extreme Edge,0.96,16.4,102.16,93.4,81.22,1117.1,False,True,True,False,1,5.27,polymer_residue
2195,Rev5,5,W076,AE-3200,CH-B,EXT-02,Extreme Edge,0.96,49.1,98.09,90.76,87.86,962.0,True,True,True,True,0,0.0,
2196,Rev5,5,W076,AE-3200,CH-B,EXT-03,Extreme Edge,0.96,81.8,102.43,94.48,87.3,919.2,False,True,True,True,0,0.0,
2197,Rev5,5,W076,AE-3200,CH-B,EXT-04,Extreme Edge,0.96,114.5,103.71,91.69,86.68,891.5,False,True,True,True,1,4.96,
2198,Rev5,5,W076,AE-3200,CH-B,EXT-05,Extreme Edge,0.96,147.3,98.01,93.66,80.48,965.8,True,True,True,True,0,0.0,
2199,Rev5,5,W076,AE-3200,CH-B,EXT-06,Extreme Edge,0.96,180.0,99.2,91.73,87.72,962.9,True,True,True,True,1,6.07,pressure_spike
2200,Rev5,5,W076,AE-3200,CH-B,EXT-07,Extreme Edge,0.96,212.7,102.54,92.0,88.82,874.2,False,True,True,False,0,0.0,
2201,Rev5,5,W076,AE-3200,CH-B,EXT-08,Extreme Edge,0.96,245.5,101.08,95.6,91.04,1119.9,False,True,True,False,1,4.71,
2202,Rev5,5,W076,AE-3200,CH-B,EXT-09,Extreme Edge,0.96,278.2,101.5,93.71,87.15,909.8,False,True,True,True,1,3.04,
2203,Rev5,5,W076,AE-3200,CH-B,EXT-10,Extreme Edge,0.96,310.9,102.44,92.95,89.14,1011.6,False,True,True,True,0,0.0,
2204,Rev5,5,W076,AE-3200,CH-B,EXT-11,Extreme Edge,0.96,343.6,105.28,96.37,95.16,847.2,False,True,False,False,2,11.82,polymer_residue
2205,Rev4,4,W077,AE-3200,CH-A,C1,Center,0.0,0.0,94.12,97.32,91.01,975.7,True,True,True,True,0,0.0,
2206,Rev4,4,W077,AE-3200,CH-A,MID-01,Mid,0.52,30.0,93.84,98.58,89.96,1027.3,True,False,True,True,1,6.41,arc_event
2207,Rev4,4,W077,AE-3200,CH-A,MID-02,Mid,0.52,90.0,94.42,94.26,89.96,1022.5,True,True,True,True,0,0.0,
2208,Rev4,4,W077,AE-3200,CH-A,MID-03,Mid,0.52,150.0,95.15,100.36,90.47,989.1,True,False,True,True,0,0.0,
2209,Rev4,4,W077,AE-3200,CH-A,MID-04,Mid,0.52,210.0,92.69,94.83,90.78,1016.2,True,True,True,True,0,0.0,
2210,Rev4,4,W077,AE-3200,CH-A,MID-05,Mid,0.52,270.0,91.04,102.37,84.71,962.5,False,False,True,True,0,0.0,
2211,Rev4,4,W077,AE-3200,CH-A,MID-06,Mid,0.52,330.0,93.93,91.56,86.25,920.1,True,True,True,True,0,0.0,
2212,Rev4,4,W077,AE-3200,CH-A,EDG-01,Edge,0.84,0.0,102.24,96.68,92.89,1047.5,False,True,True,True,0,0.0,
2213,Rev4,4,W077,AE-3200,CH-A,EDG-02,Edge,0.84,32.7,96.93,100.29,99.75,965.0,True,False,False,True,0,0.0,
2214,Rev4,4,W077,AE-3200,CH-A,EDG-03,Edge,0.84,65.5,94.72,98.86,90.65,1016.7,True,False,True,True,0,0.0,
2215,Rev4,4,W077,AE-3200,CH-A,EDG-04,Edge,0.84,98.2,95.41,98.18,90.21,933.8,True,False,True,True,2,8.08,arc_event
2216,Rev4,4,W077,AE-3200,CH-A,EDG-05,Edge,0.84,130.9,100.6,94.48,89.76,1001.7,True,True,True,True,0,0.0,
2217,Rev4,4,W077,AE-3200,CH-A,EDG-06,Edge,0.84,163.6,98.31,96.14,92.25,938.0,True,True,True,True,2,12.89,
2218,Rev4,4,W077,AE-3200,CH-A,EDG-07,Edge,0.84,196.4,99.21,99.61,87.6,1021.7,True,False,True,True,0,0.0,
2219,Rev4,4,W077,AE-3200,CH-A,EDG-08,Edge,0.84,229.1,98.18,100.66,90.38,891.0,True,False,True,True,0,0.0,
2220,Rev4,4,W077,AE-3200,CH-A,EDG-09,Edge,0.84,261.8,100.28,97.7,90.78,1043.1,True,False,True,True,0,0.0,
2221,Rev4,4,W077,AE-3200,CH-A,EDG-10,Edge,0.84,294.5,100.05,99.76,89.92,923.5,True,False,True,True,3,10.8,
2222,Rev4,4,W077,AE-3200,CH-A,EDG-11,Edge,0.84,327.3,99.43,97.2,89.32,1098.1,True,True,True,False,2,3.8,polymer_residue
2223,Rev4,4,W077,AE-3200,CH-A,EXT-01,Extreme Edge,0.96,16.4,101.23,101.58,98.37,1059.0,False,False,False,True,1,6.3,arc_event
2224,Rev4,4,W077,AE-3200,CH-A,EXT-02,Extreme Edge,0.96,49.1,101.67,99.43,88.49,913.6,False,False,True,True,0,0.0,
2225,Rev4,4,W077,AE-3200,CH-A,EXT-03,Extreme Edge,0.96,81.8,99.03,98.48,87.52,917.4,True,False,True,True,0,0.0,
2226,Rev4,4,W077,AE-3200,CH-A,EXT-04,Extreme Edge,0.96,114.5,99.08,98.09,94.3,919.6,True,False,True,True,0,0.0,
2227,Rev4,4,W077,AE-3200,CH-A,EXT-05,Extreme Edge,0.96,147.3,96.35,97.88,94.87,933.1,True,False,False,True,2,6.04,polymer_residue
2228,Rev4,4,W077,AE-3200,CH-A,EXT-06,Extreme Edge,0.96,180.0,98.73,98.63,89.16,993.0,True,False,True,True,1,6.5,
2229,Rev4,4,W077,AE-3200,CH-A,EXT-07,Extreme Edge,0.96,212.7,96.88,102.23,93.03,930.6,True,False,True,True,0,0.0,
2230,Rev4,4,W077,AE-3200,CH-A,EXT-08,Extreme Edge,0.96,245.5,96.33,100.21,95.34,979.4,True,False,False,True,0,0.0,
2231,Rev4,4,W077,AE-3200,CH-A,EXT-09,Extreme Edge,0.96,278.2,98.95,100.58,86.77,966.7,True,False,True,True,1,2.88,polymer_residue
2232,Rev4,4,W077,AE-3200,CH-A,EXT-10,Extreme Edge,0.96,310.9,102.19,101.6,92.85,1024.3,False,False,True,True,0,0.0,
2233,Rev4,4,W077,AE-3200,CH-A,EXT-11,Extreme Edge,0.96,343.6,98.06,100.03,98.11,985.0,True,False,False,True,1,5.39,polymer_residue
2234,Rev1,1,W078,AE-3200,CH-B,C1,Center,0.0,0.0,92.89,95.59,80.15,902.1,True,True,True,True,0,0.0,
2235,Rev1,1,W078,AE-3200,CH-B,MID-01,Mid,0.52,30.0,94.61,97.67,79.86,1017.2,True,False,True,True,1,3.65,arc_event
2236,Rev1,1,W078,AE-3200,CH-B,MID-02,Mid,0.52,90.0,94.92,102.64,72.69,971.9,True,False,False,True,1,3.31,esc_temp_drift
2237,Rev1,1,W078,AE-3200,CH-B,MID-03,Mid,0.52,150.0,93.72,96.48,75.28,930.3,True,True,False,True,0,0.0,
2238,Rev1,1,W078,AE-3200,CH-B,MID-04,Mid,0.52,210.0,95.97,94.41,74.43,880.8,True,True,False,True,0,0.0,
2239,Rev1,1,W078,AE-3200,CH-B,MID-05,Mid,0.52,270.0,93.51,99.41,67.58,1030.7,True,False,False,True,0,0.0,
2240,Rev1,1,W078,AE-3200,CH-B,MID-06,Mid,0.52,330.0,97.24,94.56,73.11,965.1,True,True,False,True,1,6.1,esc_temp_drift
2241,Rev1,1,W078,AE-3200,CH-B,EDG-01,Edge,0.84,0.0,96.41,97.27,79.5,989.0,True,True,True,True,0,0.0,
2242,Rev1,1,W078,AE-3200,CH-B,EDG-02,Edge,0.84,32.7,98.6,99.91,77.21,934.5,True,False,False,True,0,0.0,
2243,Rev1,1,W078,AE-3200,CH-B,EDG-03,Edge,0.84,65.5,95.03,100.86,82.52,934.5,True,False,True,True,1,4.23,polymer_residue
2244,Rev1,1,W078,AE-3200,CH-B,EDG-04,Edge,0.84,98.2,94.59,99.67,75.43,923.9,True,False,False,True,1,6.17,
2245,Rev1,1,W078,AE-3200,CH-B,EDG-05,Edge,0.84,130.9,96.15,98.02,76.88,948.4,True,False,False,True,0,0.0,
2246,Rev1,1,W078,AE-3200,CH-B,EDG-06,Edge,0.84,163.6,95.03,98.91,82.93,951.1,True,False,True,True,0,0.0,
2247,Rev1,1,W078,AE-3200,CH-B,EDG-07,Edge,0.84,196.4,93.56,98.93,76.93,1000.1,True,False,False,True,0,0.0,
2248,Rev1,1,W078,AE-3200,CH-B,EDG-08,Edge,0.84,229.1,96.25,100.37,78.34,987.9,True,False,True,True,0,0.0,
2249,Rev1,1,W078,AE-3200,CH-B,EDG-09,Edge,0.84,261.8,95.51,99.72,79.32,943.0,True,False,True,True,0,0.0,
2250,Rev1,1,W078,AE-3200,CH-B,EDG-10,Edge,0.84,294.5,99.05,103.42,76.72,1027.2,True,False,False,True,0,0.0,
2251,Rev1,1,W078,AE-3200,CH-B,EDG-11,Edge,0.84,327.3,96.48,100.78,82.8,1035.9,True,False,True,True,1,4.11,
2252,Rev1,1,W078,AE-3200,CH-B,EXT-01,Extreme Edge,0.96,16.4,98.05,100.6,79.02,947.4,True,False,True,True,0,0.0,
2253,Rev1,1,W078,AE-3200,CH-B,EXT-02,Extreme Edge,0.96,49.1,96.04,102.07,86.17,984.0,True,False,True,True,0,0.0,
2254,Rev1,1,W078,AE-3200,CH-B,EXT-03,Extreme Edge,0.96,81.8,100.21,95.68,80.89,1059.0,True,True,True,True,1,5.16,
2255,Rev1,1,W078,AE-3200,CH-B,EXT-04,Extreme Edge,0.96,114.5,97.73,97.71,76.18,998.1,True,False,False,True,0,0.0,
2256,Rev1,1,W078,AE-3200,CH-B,EXT-05,Extreme Edge,0.96,147.3,96.93,98.57,84.49,948.6,True,False,True,True,1,3.81,pressure_spike
2257,Rev1,1,W078,AE-3200,CH-B,EXT-06,Extreme Edge,0.96,180.0,95.23,97.19,81.06,985.0,True,True,True,True,1,2.59,arc_event
2258,Rev1,1,W078,AE-3200,CH-B,EXT-07,Extreme Edge,0.96,212.7,97.39,98.59,79.52,1039.0,True,False,True,True,0,0.0,
2259,Rev1,1,W078,AE-3200,CH-B,EXT-08,Extreme Edge,0.96,245.5,99.83,99.57,76.56,979.1,True,False,False,True,1,3.24,
2260,Rev1,1,W078,AE-3200,CH-B,EXT-09,Extreme Edge,0.96,278.2,97.67,101.67,80.85,822.4,True,False,True,False,0,0.0,
2261,Rev1,1,W078,AE-3200,CH-B,EXT-10,Extreme Edge,0.96,310.9,98.58,98.48,80.46,951.1,True,False,True,True,1,3.59,endpoint_late
2262,Rev1,1,W078,AE-3200,CH-B,EXT-11,Extreme Edge,0.96,343.6,96.48,103.6,75.69,943.7,True,False,False,True,2,7.75,esc_temp_drift
2263,Rev5,5,W079,AE-3200,CH-B,C1,Center,0.0,0.0,98.64,93.1,75.75,889.6,True,True,False,True,0,0.0,
2264,Rev5,5,W079,AE-3200,CH-B,MID-01,Mid,0.52,30.0,94.7,93.24,83.11,916.8,True,True,True,True,0,0.0,
2265,Rev5,5,W079,AE-3200,CH-B,MID-02,Mid,0.52,90.0,102.15,97.03,84.95,915.4,False,True,True,True,0,0.0,
2266,Rev5,5,W079,AE-3200,CH-B,MID-03,Mid,0.52,150.0,99.54,91.27,87.16,915.1,True,True,True,True,0,0.0,
2267,Rev5,5,W079,AE-3200,CH-B,MID-04,Mid,0.52,210.0,97.12,93.19,90.31,1000.2,True,True,True,True,0,0.0,
2268,Rev5,5,W079,AE-3200,CH-B,MID-05,Mid,0.52,270.0,100.53,95.21,82.72,941.0,True,True,True,True,0,0.0,
2269,Rev5,5,W079,AE-3200,CH-B,MID-06,Mid,0.52,330.0,96.7,94.37,76.01,1044.4,True,True,False,True,0,0.0,
2270,Rev5,5,W079,AE-3200,CH-B,EDG-01,Edge,0.84,0.0,101.38,98.22,86.17,939.7,False,False,True,True,0,0.0,
2271,Rev5,5,W079,AE-3200,CH-B,EDG-02,Edge,0.84,32.7,101.93,96.47,89.3,1062.2,False,True,True,True,0,0.0,
2272,Rev5,5,W079,AE-3200,CH-B,EDG-03,Edge,0.84,65.5,102.0,94.55,92.84,1004.7,False,True,True,True,0,0.0,
2273,Rev5,5,W079,AE-3200,CH-B,EDG-04,Edge,0.84,98.2,100.99,93.63,80.75,1135.6,False,True,True,False,3,10.39,pressure_spike
2274,Rev5,5,W079,AE-3200,CH-B,EDG-05,Edge,0.84,130.9,100.35,93.97,87.96,916.8,True,True,True,True,1,2.49,
2275,Rev5,5,W079,AE-3200,CH-B,EDG-06,Edge,0.84,163.6,102.92,96.65,88.97,970.8,False,True,True,True,1,3.33,polymer_residue
2276,Rev5,5,W079,AE-3200,CH-B,EDG-07,Edge,0.84,196.4,100.92,93.12,92.28,1040.6,False,True,True,True,0,0.0,
2277,Rev5,5,W079,AE-3200,CH-B,EDG-08,Edge,0.84,229.1,101.76,95.68,78.09,892.1,False,True,True,True,0,0.0,
2278,Rev5,5,W079,AE-3200,CH-B,EDG-09,Edge,0.84,261.8,105.3,95.01,84.54,945.3,False,True,True,True,0,0.0,
2279,Rev5,5,W079,AE-3200,CH-B,EDG-10,Edge,0.84,294.5,100.71,93.04,88.99,991.0,True,True,True,True,0,0.0,
2280,Rev5,5,W079,AE-3200,CH-B,EDG-11,Edge,0.84,327.3,100.08,95.64,84.28,996.6,True,True,True,True,0,0.0,
2281,Rev5,5,W079,AE-3200,CH-B,EXT-01,Extreme Edge,0.96,16.4,103.13,96.09,89.03,989.9,False,True,True,True,0,0.0,
2282,Rev5,5,W079,AE-3200,CH-B,EXT-02,Extreme Edge,0.96,49.1,98.08,100.06,83.84,1080.7,True,False,True,True,2,8.19,
2283,Rev5,5,W079,AE-3200,CH-B,EXT-03,Extreme Edge,0.96,81.8,103.6,95.63,82.26,1036.4,False,True,True,True,1,3.12,
2284,Rev5,5,W079,AE-3200,CH-B,EXT-04,Extreme Edge,0.96,114.5,101.44,98.77,91.07,975.3,False,False,True,True,2,6.74,
2285,Rev5,5,W079,AE-3200,CH-B,EXT-05,Extreme Edge,0.96,147.3,100.04,94.92,87.15,1044.8,True,True,True,True,0,0.0,
2286,Rev5,5,W079,AE-3200,CH-B,EXT-06,Extreme Edge,0.96,180.0,102.81,97.51,99.72,972.0,False,True,False,True,2,4.09,
2287,Rev5,5,W079,AE-3200,CH-B,EXT-07,Extreme Edge,0.96,212.7,102.66,100.51,89.24,1053.9,False,False,True,True,1,2.94,
2288,Rev5,5,W079,AE-3200,CH-B,EXT-08,Extreme Edge,0.96,245.5,102.3,93.52,80.9,1008.6,False,True,True,True,1,5.98,
2289,Rev5,5,W079,AE-3200,CH-B,EXT-09,Extreme Edge,0.96,278.2,102.88,97.55,92.47,871.1,False,True,True,False,0,0.0,
2290,Rev5,5,W079,AE-3200,CH-B,EXT-10,Extreme Edge,0.96,310.9,102.0,95.85,91.44,955.7,False,True,True,True,3,18.05,
2291,Rev5,5,W079,AE-3200,CH-B,EXT-11,Extreme Edge,0.96,343.6,103.43,97.03,83.12,967.3,False,True,True,True,0,0.0,
2292,Rev4,4,W080,AE-3200,CH-A,C1,Center,0.0,0.0,95.46,94.27,83.92,1005.1,True,True,True,True,0,0.0,
2293,Rev4,4,W080,AE-3200,CH-A,MID-01,Mid,0.52,30.0,95.17,95.1,86.12,1010.5,True,True,True,True,0,0.0,
2294,Rev4,4,W080,AE-3200,CH-A,MID-02,Mid,0.52,90.0,95.38,96.72,90.33,922.3,True,True,True,True,1,4.57,endpoint_late
2295,Rev4,4,W080,AE-3200,CH-A,MID-03,Mid,0.52,150.0,99.55,98.08,86.51,910.1,True,False,True,True,0,0.0,
2296,Rev4,4,W080,AE-3200,CH-A,MID-04,Mid,0.52,210.0,93.35,97.28,87.49,952.6,True,True,True,True,0,0.0,
2297,Rev4,4,W080,AE-3200,CH-A,MID-05,Mid,0.52,270.0,97.84,91.49,86.11,939.3,True,True,True,True,0,0.0,
2298,Rev4,4,W080,AE-3200,CH-A,MID-06,Mid,0.52,330.0,95.11,94.78,76.72,1016.1,True,True,False,True,1,6.0,polymer_residue
2299,Rev4,4,W080,AE-3200,CH-A,EDG-01,Edge,0.84,0.0,98.7,93.35,95.09,847.5,True,True,False,False,1,2.52,esc_temp_drift
2300,Rev4,4,W080,AE-3200,CH-A,EDG-02,Edge,0.84,32.7,99.35,95.14,91.97,946.6,True,True,True,True,0,0.0,
2301,Rev4,4,W080,AE-3200,CH-A,EDG-03,Edge,0.84,65.5,101.05,98.24,86.36,960.6,False,False,True,True,0,0.0,
2302,Rev4,4,W080,AE-3200,CH-A,EDG-04,Edge,0.84,98.2,98.53,94.91,90.79,1064.6,True,True,True,True,1,3.7,esc_temp_drift
2303,Rev4,4,W080,AE-3200,CH-A,EDG-05,Edge,0.84,130.9,97.53,97.98,92.68,978.6,True,False,True,True,2,5.53,
2304,Rev4,4,W080,AE-3200,CH-A,EDG-06,Edge,0.84,163.6,97.93,97.15,92.78,976.2,True,True,True,True,0,0.0,
2305,Rev4,4,W080,AE-3200,CH-A,EDG-07,Edge,0.84,196.4,97.46,94.59,93.19,1026.7,True,True,True,True,0,0.0,
2306,Rev4,4,W080,AE-3200,CH-A,EDG-08,Edge,0.84,229.1,97.54,93.87,83.48,1050.7,True,True,True,True,0,0.0,
2307,Rev4,4,W080,AE-3200,CH-A,EDG-09,Edge,0.84,261.8,101.27,89.7,92.64,948.9,False,True,True,True,0,0.0,
2308,Rev4,4,W080,AE-3200,CH-A,EDG-10,Edge,0.84,294.5,97.56,103.87,86.53,1022.6,True,False,True,True,0,0.0,
2309,Rev4,4,W080,AE-3200,CH-A,EDG-11,Edge,0.84,327.3,100.3,94.84,86.82,988.4,True,True,True,True,0,0.0,
2310,Rev4,4,W080,AE-3200,CH-A,EXT-01,Extreme Edge,0.96,16.4,98.82,97.92,89.54,1040.4,True,False,True,True,1,3.92,
2311,Rev4,4,W080,AE-3200,CH-A,EXT-02,Extreme Edge,0.96,49.1,98.81,93.65,86.73,1063.0,True,True,True,True,0,0.0,
2312,Rev4,4,W080,AE-3200,CH-A,EXT-03,Extreme Edge,0.96,81.8,97.7,97.35,88.5,898.4,True,True,True,True,2,11.7,polymer_residue
2313,Rev4,4,W080,AE-3200,CH-A,EXT-04,Extreme Edge,0.96,114.5,98.42,101.87,94.04,939.0,True,False,True,True,1,4.29,
2314,Rev4,4,W080,AE-3200,CH-A,EXT-05,Extreme Edge,0.96,147.3,98.43,98.73,84.89,962.0,True,False,True,True,0,0.0,
2315,Rev4,4,W080,AE-3200,CH-A,EXT-06,Extreme Edge,0.96,180.0,96.45,97.5,87.88,940.1,True,True,True,True,0,0.0,
2316,Rev4,4,W080,AE-3200,CH-A,EXT-07,Extreme Edge,0.96,212.7,100.31,97.47,90.42,943.6,True,True,True,True,0,0.0,
2317,Rev4,4,W080,AE-3200,CH-A,EXT-08,Extreme Edge,0.96,245.5,100.05,96.01,88.71,1061.3,True,True,True,True,0,0.0,
2318,Rev4,4,W080,AE-3200,CH-A,EXT-09,Extreme Edge,0.96,278.2,102.35,98.78,95.54,965.9,False,False,False,True,1,5.35,arc_event
2319,Rev4,4,W080,AE-3200,CH-A,EXT-10,Extreme Edge,0.96,310.9,101.67,100.1,90.99,936.7,False,False,True,True,1,3.63,
2320,Rev4,4,W080,AE-3200,CH-A,EXT-11,Extreme Edge,0.96,343.6,102.27,99.29,80.21,1121.7,False,False,True,False,1,5.7,polymer_residue
2321,Rev3,3,W081,PX-7500,CH-D,C1,Center,0.0,0.0,95.09,95.5,84.34,910.6,True,True,True,True,0,0.0,
2322,Rev3,3,W081,PX-7500,CH-D,MID-01,Mid,0.52,30.0,97.08,92.16,91.89,992.1,True,True,True,True,0,0.0,
2323,Rev3,3,W081,PX-7500,CH-D,MID-02,Mid,0.52,90.0,96.05,90.63,81.3,922.2,True,True,True,True,0,0.0,
2324,Rev3,3,W081,PX-7500,CH-D,MID-03,Mid,0.52,150.0,94.54,95.31,87.56,1023.0,True,True,True,True,0,0.0,
2325,Rev3,3,W081,PX-7500,CH-D,MID-04,Mid,0.52,210.0,93.31,94.7,84.04,893.8,True,True,True,True,0,0.0,
2326,Rev3,3,W081,PX-7500,CH-D,MID-05,Mid,0.52,270.0,97.38,92.37,88.45,980.9,True,True,True,True,0,0.0,
2327,Rev3,3,W081,PX-7500,CH-D,MID-06,Mid,0.52,330.0,95.84,93.91,83.5,885.8,True,True,True,True,0,0.0,
2328,Rev3,3,W081,PX-7500,CH-D,EDG-01,Edge,0.84,0.0,98.88,96.41,91.37,968.3,True,True,True,True,0,0.0,
2329,Rev3,3,W081,PX-7500,CH-D,EDG-02,Edge,0.84,32.7,100.63,99.31,93.2,972.8,True,False,True,True,0,0.0,
2330,Rev3,3,W081,PX-7500,CH-D,EDG-03,Edge,0.84,65.5,99.33,91.5,93.28,955.2,True,True,True,True,0,0.0,
2331,Rev3,3,W081,PX-7500,CH-D,EDG-04,Edge,0.84,98.2,97.14,98.11,92.8,859.6,True,False,True,False,0,0.0,
2332,Rev3,3,W081,PX-7500,CH-D,EDG-05,Edge,0.84,130.9,98.69,93.21,91.76,949.2,True,True,True,True,0,0.0,
2333,Rev3,3,W081,PX-7500,CH-D,EDG-06,Edge,0.84,163.6,100.58,96.65,94.01,896.5,True,True,True,True,0,0.0,
2334,Rev3,3,W081,PX-7500,CH-D,EDG-07,Edge,0.84,196.4,98.82,94.84,92.69,1079.1,True,True,True,True,0,0.0,
2335,Rev3,3,W081,PX-7500,CH-D,EDG-08,Edge,0.84,229.1,99.75,97.65,77.59,971.4,True,False,False,True,1,5.11,
2336,Rev3,3,W081,PX-7500,CH-D,EDG-09,Edge,0.84,261.8,97.0,95.77,87.59,917.5,True,True,True,True,2,9.7,
2337,Rev3,3,W081,PX-7500,CH-D,EDG-10,Edge,0.84,294.5,99.07,96.44,88.1,1028.2,True,True,True,True,0,0.0,
2338,Rev3,3,W081,PX-7500,CH-D,EDG-11,Edge,0.84,327.3,99.26,93.61,94.25,982.6,True,True,True,True,0,0.0,
2339,Rev3,3,W081,PX-7500,CH-D,EXT-01,Extreme Edge,0.96,16.4,99.25,96.32,90.81,891.9,True,True,True,True,0,0.0,
2340,Rev3,3,W081,PX-7500,CH-D,EXT-02,Extreme Edge,0.96,49.1,98.46,97.05,89.85,999.5,True,True,True,True,1,6.0,polymer_residue
2341,Rev3,3,W081,PX-7500,CH-D,EXT-03,Extreme Edge,0.96,81.8,99.47,96.67,88.21,977.6,True,True,True,True,0,0.0,
2342,Rev3,3,W081,PX-7500,CH-D,EXT-04,Extreme Edge,0.96,114.5,99.88,96.52,97.1,1034.0,True,True,False,True,0,0.0,
2343,Rev3,3,W081,PX-7500,CH-D,EXT-05,Extreme Edge,0.96,147.3,100.36,99.73,88.46,944.9,True,False,True,True,0,0.0,
2344,Rev3,3,W081,PX-7500,CH-D,EXT-06,Extreme Edge,0.96,180.0,96.41,99.04,85.58,1024.6,True,False,True,True,0,0.0,
2345,Rev3,3,W081,PX-7500,CH-D,EXT-07,Extreme Edge,0.96,212.7,98.62,97.87,95.15,949.3,True,False,False,True,0,0.0,
2346,Rev3,3,W081,PX-7500,CH-D,EXT-08,Extreme Edge,0.96,245.5,97.43,99.86,86.99,907.3,True,False,True,True,0,0.0,
2347,Rev3,3,W081,PX-7500,CH-D,EXT-09,Extreme Edge,0.96,278.2,97.08,98.2,92.99,906.1,True,False,True,True,2,5.74,polymer_residue
2348,Rev3,3,W081,PX-7500,CH-D,EXT-10,Extreme Edge,0.96,310.9,98.86,99.81,88.95,927.6,True,False,True,True,0,0.0,
2349,Rev3,3,W081,PX-7500,CH-D,EXT-11,Extreme Edge,0.96,343.6,100.42,95.05,95.66,946.9,True,True,False,True,1,6.17,
2350,Rev6,6,W082,PX-7500,CH-C,C1,Center,0.0,0.0,96.48,91.1,82.27,1015.7,True,True,True,True,0,0.0,
2351,Rev6,6,W082,PX-7500,CH-C,MID-01,Mid,0.52,30.0,97.61,91.6,85.66,1035.3,True,True,True,True,0,0.0,
2352,Rev6,6,W082,PX-7500,CH-C,MID-02,Mid,0.52,90.0,97.1,95.09,83.31,1057.8,True,True,True,True,0,0.0,
2353,Rev6,6,W082,PX-7500,CH-C,MID-03,Mid,0.52,150.0,98.13,89.47,89.87,1066.2,True,True,True,True,0,0.0,
2354,Rev6,6,W082,PX-7500,CH-C,MID-04,Mid,0.52,210.0,94.66,93.01,89.11,958.7,True,True,True,True,0,0.0,
2355,Rev6,6,W082,PX-7500,CH-C,MID-05,Mid,0.52,270.0,96.73,92.76,86.42,1156.0,True,True,True,False,0,0.0,
2356,Rev6,6,W082,PX-7500,CH-C,MID-06,Mid,0.52,330.0,98.46,96.22,88.52,1070.8,True,True,True,True,0,0.0,
2357,Rev6,6,W082,PX-7500,CH-C,EDG-01,Edge,0.84,0.0,98.26,95.7,81.16,1135.0,True,True,True,False,0,0.0,
2358,Rev6,6,W082,PX-7500,CH-C,EDG-02,Edge,0.84,32.7,99.43,96.05,95.71,1021.6,True,True,False,True,0,0.0,
2359,Rev6,6,W082,PX-7500,CH-C,EDG-03,Edge,0.84,65.5,98.82,94.9,86.75,1122.8,True,True,True,False,0,0.0,
2360,Rev6,6,W082,PX-7500,CH-C,EDG-04,Edge,0.84,98.2,98.12,95.62,87.02,1031.5,True,True,True,True,1,3.01,
2361,Rev6,6,W082,PX-7500,CH-C,EDG-05,Edge,0.84,130.9,98.55,94.9,87.93,992.3,True,True,True,True,0,0.0,
2362,Rev6,6,W082,PX-7500,CH-C,EDG-06,Edge,0.84,163.6,100.08,94.01,82.01,1198.5,True,True,True,False,1,5.41,
2363,Rev6,6,W082,PX-7500,CH-C,EDG-07,Edge,0.84,196.4,94.88,94.39,89.48,1047.2,True,True,True,True,0,0.0,
2364,Rev6,6,W082,PX-7500,CH-C,EDG-08,Edge,0.84,229.1,98.75,94.86,88.07,1118.2,True,True,True,False,1,4.3,
2365,Rev6,6,W082,PX-7500,CH-C,EDG-09,Edge,0.84,261.8,99.16,96.54,92.9,1053.6,True,True,True,True,0,0.0,
2366,Rev6,6,W082,PX-7500,CH-C,EDG-10,Edge,0.84,294.5,98.3,96.72,81.93,1182.6,True,True,True,False,0,0.0,
2367,Rev6,6,W082,PX-7500,CH-C,EDG-11,Edge,0.84,327.3,95.43,94.83,88.76,1155.7,True,True,True,False,2,7.02,pressure_spike
2368,Rev6,6,W082,PX-7500,CH-C,EXT-01,Extreme Edge,0.96,16.4,99.65,94.32,93.4,1122.0,True,True,True,False,1,3.1,
2369,Rev6,6,W082,PX-7500,CH-C,EXT-02,Extreme Edge,0.96,49.1,99.95,100.79,94.24,1163.6,True,False,True,False,2,12.5,polymer_residue
2370,Rev6,6,W082,PX-7500,CH-C,EXT-03,Extreme Edge,0.96,81.8,96.78,98.41,91.08,1010.8,True,False,True,True,1,2.7,
2371,Rev6,6,W082,PX-7500,CH-C,EXT-04,Extreme Edge,0.96,114.5,102.3,94.52,83.3,1171.1,False,True,True,False,0,0.0,
2372,Rev6,6,W082,PX-7500,CH-C,EXT-05,Extreme Edge,0.96,147.3,102.25,96.87,85.79,1078.8,False,True,True,True,0,0.0,
2373,Rev6,6,W082,PX-7500,CH-C,EXT-06,Extreme Edge,0.96,180.0,103.16,97.58,95.24,1073.4,False,True,False,True,1,5.62,polymer_residue
2374,Rev6,6,W082,PX-7500,CH-C,EXT-07,Extreme Edge,0.96,212.7,99.07,97.15,88.0,1076.9,True,True,True,True,1,4.53,polymer_residue
2375,Rev6,6,W082,PX-7500,CH-C,EXT-08,Extreme Edge,0.96,245.5,99.23,94.48,89.51,1146.2,True,True,True,False,1,2.98,
2376,Rev6,6,W082,PX-7500,CH-C,EXT-09,Extreme Edge,0.96,278.2,99.67,91.15,95.05,988.7,True,True,False,True,2,11.18,polymer_residue
2377,Rev6,6,W082,PX-7500,CH-C,EXT-10,Extreme Edge,0.96,310.9,97.96,94.95,90.58,994.3,True,True,True,True,0,0.0,
2378,Rev6,6,W082,PX-7500,CH-C,EXT-11,Extreme Edge,0.96,343.6,97.95,91.5,86.04,1115.7,True,True,True,False,1,3.2,
2379,Rev8,8,W083,AE-3200,CH-A,C1,Center,0.0,0.0,100.35,90.21,88.58,1157.5,True,True,True,False,1,5.03,
2380,Rev8,8,W083,AE-3200,CH-A,MID-01,Mid,0.52,30.0,99.36,94.05,92.38,1172.2,True,True,True,False,0,0.0,
2381,Rev8,8,W083,AE-3200,CH-A,MID-02,Mid,0.52,90.0,99.52,95.98,97.32,974.6,True,True,False,True,0,0.0,
2382,Rev8,8,W083,AE-3200,CH-A,MID-03,Mid,0.52,150.0,103.88,95.29,88.64,1030.2,False,True,True,True,0,0.0,
2383,Rev8,8,W083,AE-3200,CH-A,MID-04,Mid,0.52,210.0,101.92,91.56,91.73,1213.6,False,True,True,False,0,0.0,
2384,Rev8,8,W083,AE-3200,CH-A,MID-05,Mid,0.52,270.0,99.72,93.75,86.85,1049.9,True,True,True,True,0,0.0,
2385,Rev8,8,W083,AE-3200,CH-A,MID-06,Mid,0.52,330.0,98.76,101.77,85.39,1041.4,True,False,True,True,0,0.0,
2386,Rev8,8,W083,AE-3200,CH-A,EDG-01,Edge,0.84,0.0,101.66,93.87,93.42,1148.6,False,True,True,False,1,5.89,
2387,Rev8,8,W083,AE-3200,CH-A,EDG-02,Edge,0.84,32.7,103.05,94.84,92.55,1101.4,False,True,True,False,0,0.0,
2388,Rev8,8,W083,AE-3200,CH-A,EDG-03,Edge,0.84,65.5,99.66,96.7,90.96,1118.9,True,True,True,False,1,3.89,polymer_residue
2389,Rev8,8,W083,AE-3200,CH-A,EDG-04,Edge,0.84,98.2,102.21,94.9,89.05,1168.8,False,True,True,False,0,0.0,
2390,Rev8,8,W083,AE-3200,CH-A,EDG-05,Edge,0.84,130.9,100.81,96.53,89.99,1019.5,False,True,True,True,0,0.0,
2391,Rev8,8,W083,AE-3200,CH-A,EDG-06,Edge,0.84,163.6,104.23,94.54,93.38,1103.2,False,True,True,False,0,0.0,
2392,Rev8,8,W083,AE-3200,CH-A,EDG-07,Edge,0.84,196.4,101.01,98.23,91.73,1091.2,False,False,True,False,1,3.98,
2393,Rev8,8,W083,AE-3200,CH-A,EDG-08,Edge,0.84,229.1,104.5,94.23,91.9,966.4,False,True,True,True,0,0.0,
2394,Rev8,8,W083,AE-3200,CH-A,EDG-09,Edge,0.84,261.8,104.09,93.17,99.57,1223.6,False,True,False,False,0,0.0,
2395,Rev8,8,W083,AE-3200,CH-A,EDG-10,Edge,0.84,294.5,102.03,90.22,93.34,1183.3,False,True,True,False,1,4.24,
2396,Rev8,8,W083,AE-3200,CH-A,EDG-11,Edge,0.84,327.3,104.21,97.54,95.82,1119.9,False,True,False,False,0,0.0,
2397,Rev8,8,W083,AE-3200,CH-A,EXT-01,Extreme Edge,0.96,16.4,103.42,96.79,91.24,1085.2,False,True,True,True,0,0.0,
2398,Rev8,8,W083,AE-3200,CH-A,EXT-02,Extreme Edge,0.96,49.1,103.49,91.15,94.05,1102.8,False,True,True,False,1,2.39,polymer_residue
2399,Rev8,8,W083,AE-3200,CH-A,EXT-03,Extreme Edge,0.96,81.8,102.07,93.46,106.76,1188.4,False,True,False,False,1,4.2,
2400,Rev8,8,W083,AE-3200,CH-A,EXT-04,Extreme Edge,0.96,114.5,103.39,93.82,93.4,1053.5,False,True,True,True,1,5.84,
2401,Rev8,8,W083,AE-3200,CH-A,EXT-05,Extreme Edge,0.96,147.3,104.26,94.52,92.09,1102.9,False,True,True,False,0,0.0,
2402,Rev8,8,W083,AE-3200,CH-A,EXT-06,Extreme Edge,0.96,180.0,102.46,92.13,96.35,1075.2,False,True,False,True,1,3.36,
2403,Rev8,8,W083,AE-3200,CH-A,EXT-07,Extreme Edge,0.96,212.7,104.38,100.06,99.63,1081.2,False,False,False,True,0,0.0,
2404,Rev8,8,W083,AE-3200,CH-A,EXT-08,Extreme Edge,0.96,245.5,102.94,99.38,92.18,1047.8,False,False,True,True,0,0.0,
2405,Rev8,8,W083,AE-3200,CH-A,EXT-09,Extreme Edge,0.96,278.2,103.56,93.37,95.76,1049.1,False,True,False,True,5,31.56,polymer_residue
2406,Rev8,8,W083,AE-3200,CH-A,EXT-10,Extreme Edge,0.96,310.9,102.96,96.49,99.25,1213.8,False,True,False,False,1,4.03,arc_event
2407,Rev8,8,W083,AE-3200,CH-A,EXT-11,Extreme Edge,0.96,343.6,104.11,91.08,90.46,1151.4,False,True,True,False,1,3.46,
2408,Rev6,6,W084,PX-7500,CH-C,C1,Center,0.0,0.0,94.57,94.69,85.96,890.2,True,True,True,True,0,0.0,
2409,Rev6,6,W084,PX-7500,CH-C,MID-01,Mid,0.52,30.0,92.96,94.32,87.47,1047.3,True,True,True,True,0,0.0,
2410,Rev6,6,W084,PX-7500,CH-C,MID-02,Mid,0.52,90.0,100.14,95.37,87.84,1004.1,True,True,True,True,0,0.0,
2411,Rev6,6,W084,PX-7500,CH-C,MID-03,Mid,0.52,150.0,97.42,96.6,92.91,926.4,True,True,True,True,0,0.0,
2412,Rev6,6,W084,PX-7500,CH-C,MID-04,Mid,0.52,210.0,98.75,88.89,85.41,1057.8,True,True,True,True,0,0.0,
2413,Rev6,6,W084,PX-7500,CH-C,MID-05,Mid,0.52,270.0,99.65,96.67,85.16,907.2,True,True,True,True,0,0.0,
2414,Rev6,6,W084,PX-7500,CH-C,MID-06,Mid,0.52,330.0,96.49,86.96,87.63,1010.2,True,True,True,True,0,0.0,
2415,Rev6,6,W084,PX-7500,CH-C,EDG-01,Edge,0.84,0.0,100.91,93.99,101.48,1008.8,False,True,False,True,0,0.0,
2416,Rev6,6,W084,PX-7500,CH-C,EDG-02,Edge,0.84,32.7,97.11,96.23,88.61,967.5,True,True,True,True,1,3.83,
2417,Rev6,6,W084,PX-7500,CH-C,EDG-03,Edge,0.84,65.5,97.38,94.54,89.87,974.9,True,True,True,True,1,4.72,polymer_residue
2418,Rev6,6,W084,PX-7500,CH-C,EDG-04,Edge,0.84,98.2,97.15,92.27,92.08,906.4,True,True,True,True,0,0.0,
2419,Rev6,6,W084,PX-7500,CH-C,EDG-05,Edge,0.84,130.9,99.17,93.79,88.34,1074.8,True,True,True,True,2,10.72,
2420,Rev6,6,W084,PX-7500,CH-C,EDG-06,Edge,0.84,163.6,98.4,94.56,95.38,1041.5,True,True,False,True,0,0.0,
2421,Rev6,6,W084,PX-7500,CH-C,EDG-07,Edge,0.84,196.4,97.67,95.68,86.91,1074.1,True,True,True,True,0,0.0,
2422,Rev6,6,W084,PX-7500,CH-C,EDG-08,Edge,0.84,229.1,98.44,93.68,93.5,1020.3,True,True,True,True,2,10.57,polymer_residue
2423,Rev6,6,W084,PX-7500,CH-C,EDG-09,Edge,0.84,261.8,102.33,94.79,97.35,958.3,False,True,False,True,0,0.0,
2424,Rev6,6,W084,PX-7500,CH-C,EDG-10,Edge,0.84,294.5,98.49,94.67,90.02,1048.9,True,True,True,True,0,0.0,
2425,Rev6,6,W084,PX-7500,CH-C,EDG-11,Edge,0.84,327.3,96.63,94.4,86.3,1049.6,True,True,True,True,1,3.31,esc_temp_drift
2426,Rev6,6,W084,PX-7500,CH-C,EXT-01,Extreme Edge,0.96,16.4,98.71,95.41,90.94,996.7,True,True,True,True,1,5.73,polymer_residue
2427,Rev6,6,W084,PX-7500,CH-C,EXT-02,Extreme Edge,0.96,49.1,102.62,90.14,95.69,997.6,False,True,False,True,1,2.67,pressure_spike
2428,Rev6,6,W084,PX-7500,CH-C,EXT-03,Extreme Edge,0.96,81.8,101.78,95.13,90.15,1025.9,False,True,True,True,0,0.0,
2429,Rev6,6,W084,PX-7500,CH-C,EXT-04,Extreme Edge,0.96,114.5,101.23,92.02,96.46,1015.8,False,True,False,True,2,8.53,
2430,Rev6,6,W084,PX-7500,CH-C,EXT-05,Extreme Edge,0.96,147.3,99.6,97.77,94.58,1033.8,True,False,False,True,3,12.25,endpoint_late
2431,Rev6,6,W084,PX-7500,CH-C,EXT-06,Extreme Edge,0.96,180.0,98.29,95.72,88.32,992.8,True,True,True,True,1,3.14,
2432,Rev6,6,W084,PX-7500,CH-C,EXT-07,Extreme Edge,0.96,212.7,101.7,96.52,86.23,1132.5,False,True,True,False,0,0.0,
2433,Rev6,6,W084,PX-7500,CH-C,EXT-08,Extreme Edge,0.96,245.5,98.89,94.54,87.3,1058.8,True,True,True,True,0,0.0,
2434,Rev6,6,W084,PX-7500,CH-C,EXT-09,Extreme Edge,0.96,278.2,101.33,93.13,91.62,902.6,False,True,True,True,2,12.83,
2435,Rev6,6,W084,PX-7500,CH-C,EXT-10,Extreme Edge,0.96,310.9,98.08,96.25,83.2,1094.2,True,True,True,False,0,0.0,
2436,Rev6,6,W084,PX-7500,CH-C,EXT-11,Extreme Edge,0.96,343.6,97.29,94.54,91.57,1113.3,True,True,True,False,1,6.34,arc_event
2437,Rev3,3,W085,PX-7500,CH-D,C1,Center,0.0,0.0,93.24,95.21,84.75,856.4,True,True,True,False,0,0.0,
2438,Rev3,3,W085,PX-7500,CH-D,MID-01,Mid,0.52,30.0,96.09,98.23,86.37,934.5,True,False,True,True,0,0.0,
2439,Rev3,3,W085,PX-7500,CH-D,MID-02,Mid,0.52,90.0,96.11,97.86,91.16,926.8,True,False,True,True,0,0.0,
2440,Rev3,3,W085,PX-7500,CH-D,MID-03,Mid,0.52,150.0,98.2,96.79,82.56,994.0,True,True,True,True,0,0.0,
2441,Rev3,3,W085,PX-7500,CH-D,MID-04,Mid,0.52,210.0,97.52,95.44,88.44,857.0,True,True,True,False,0,0.0,
2442,Rev3,3,W085,PX-7500,CH-D,MID-05,Mid,0.52,270.0,95.51,99.23,81.6,867.2,True,False,True,False,0,0.0,
2443,Rev3,3,W085,PX-7500,CH-D,MID-06,Mid,0.52,330.0,96.12,96.06,87.77,940.1,True,True,True,True,0,0.0,
2444,Rev3,3,W085,PX-7500,CH-D,EDG-01,Edge,0.84,0.0,96.4,92.95,84.69,932.1,True,True,True,True,0,0.0,
2445,Rev3,3,W085,PX-7500,CH-D,EDG-02,Edge,0.84,32.7,99.99,99.91,88.76,876.1,True,False,True,False,1,4.97,polymer_residue
2446,Rev3,3,W085,PX-7500,CH-D,EDG-03,Edge,0.84,65.5,100.17,102.67,91.41,1012.3,True,False,True,True,1,5.34,polymer_residue
2447,Rev3,3,W085,PX-7500,CH-D,EDG-04,Edge,0.84,98.2,99.57,102.98,94.32,934.7,True,False,True,True,0,0.0,
2448,Rev3,3,W085,PX-7500,CH-D,EDG-05,Edge,0.84,130.9,95.91,99.21,96.16,942.6,True,False,False,True,1,2.21,arc_event
2449,Rev3,3,W085,PX-7500,CH-D,EDG-06,Edge,0.84,163.6,96.98,99.44,91.66,916.0,True,False,True,True,0,0.0,
2450,Rev3,3,W085,PX-7500,CH-D,EDG-07,Edge,0.84,196.4,98.89,104.06,92.49,872.8,True,False,True,False,1,4.55,polymer_residue
2451,Rev3,3,W085,PX-7500,CH-D,EDG-08,Edge,0.84,229.1,97.51,99.74,97.78,839.1,True,False,False,False,1,6.4,
2452,Rev3,3,W085,PX-7500,CH-D,EDG-09,Edge,0.84,261.8,96.16,93.81,89.45,984.0,True,True,True,True,1,3.54,
2453,Rev3,3,W085,PX-7500,CH-D,EDG-10,Edge,0.84,294.5,97.99,100.5,89.4,937.7,True,False,True,True,0,0.0,
2454,Rev3,3,W085,PX-7500,CH-D,EDG-11,Edge,0.84,327.3,98.44,105.56,85.77,962.3,True,False,True,True,2,8.07,
2455,Rev3,3,W085,PX-7500,CH-D,EXT-01,Extreme Edge,0.96,16.4,99.72,103.88,98.28,952.2,True,False,False,True,2,6.08,
2456,Rev3,3,W085,PX-7500,CH-D,EXT-02,Extreme Edge,0.96,49.1,100.71,103.01,93.72,978.4,True,False,True,True,1,5.56,pressure_spike
2457,Rev3,3,W085,PX-7500,CH-D,EXT-03,Extreme Edge,0.96,81.8,98.26,104.31,93.65,929.3,True,False,True,True,2,5.58,
2458,Rev3,3,W085,PX-7500,CH-D,EXT-04,Extreme Edge,0.96,114.5,96.81,98.06,92.14,1004.9,True,False,True,True,0,0.0,
2459,Rev3,3,W085,PX-7500,CH-D,EXT-05,Extreme Edge,0.96,147.3,98.67,98.92,93.09,913.7,True,False,True,True,1,6.08,
2460,Rev3,3,W085,PX-7500,CH-D,EXT-06,Extreme Edge,0.96,180.0,100.27,104.27,94.12,981.6,True,False,True,True,1,5.42,polymer_residue
2461,Rev3,3,W085,PX-7500,CH-D,EXT-07,Extreme Edge,0.96,212.7,100.54,97.08,84.57,1039.1,True,True,True,True,0,0.0,
2462,Rev3,3,W085,PX-7500,CH-D,EXT-08,Extreme Edge,0.96,245.5,98.54,102.92,87.46,893.3,True,False,True,True,0,0.0,
2463,Rev3,3,W085,PX-7500,CH-D,EXT-09,Extreme Edge,0.96,278.2,96.27,103.03,90.92,954.6,True,False,True,True,2,10.85,polymer_residue
2464,Rev3,3,W085,PX-7500,CH-D,EXT-10,Extreme Edge,0.96,310.9,96.75,103.75,85.72,926.9,True,False,True,True,2,6.31,polymer_residue
2465,Rev3,3,W085,PX-7500,CH-D,EXT-11,Extreme Edge,0.96,343.6,100.18,104.31,91.34,930.6,True,False,True,True,0,0.0,
2466,Rev1,1,W086,AE-3200,CH-B,C1,Center,0.0,0.0,91.3,95.15,76.68,878.4,False,True,False,False,2,4.53,polymer_residue
2467,Rev1,1,W086,AE-3200,CH-B,MID-01,Mid,0.52,30.0,95.85,94.43,84.8,814.8,True,True,True,False,0,0.0,
2468,Rev1,1,W086,AE-3200,CH-B,MID-02,Mid,0.52,90.0,90.12,91.77,85.86,987.0,False,True,True,True,1,5.01,polymer_residue
2469,Rev1,1,W086,AE-3200,CH-B,MID-03,Mid,0.52,150.0,93.29,93.83,85.12,866.2,True,True,True,False,0,0.0,
2470,Rev1,1,W086,AE-3200,CH-B,MID-04,Mid,0.52,210.0,95.52,95.9,84.7,803.3,True,True,True,False,1,2.21,
2471,Rev1,1,W086,AE-3200,CH-B,MID-05,Mid,0.52,270.0,95.22,91.76,86.39,693.1,True,True,True,False,1,2.59,polymer_residue
2472,Rev1,1,W086,AE-3200,CH-B,MID-06,Mid,0.52,330.0,92.42,91.21,83.06,892.7,True,True,True,True,0,0.0,
2473,Rev1,1,W086,AE-3200,CH-B,EDG-01,Edge,0.84,0.0,98.39,94.13,83.76,912.9,True,True,True,True,0,0.0,
2474,Rev1,1,W086,AE-3200,CH-B,EDG-02,Edge,0.84,32.7,97.85,93.01,96.7,907.6,True,True,False,True,1,5.9,
2475,Rev1,1,W086,AE-3200,CH-B,EDG-03,Edge,0.84,65.5,95.41,99.07,89.83,852.7,True,False,True,False,1,2.98,
2476,Rev1,1,W086,AE-3200,CH-B,EDG-04,Edge,0.84,98.2,91.02,98.32,90.42,809.9,False,False,True,False,1,5.29,pressure_spike
2477,Rev1,1,W086,AE-3200,CH-B,EDG-05,Edge,0.84,130.9,97.88,97.29,84.95,851.1,True,True,True,False,1,6.48,
2478,Rev1,1,W086,AE-3200,CH-B,EDG-06,Edge,0.84,163.6,98.91,92.76,83.97,912.7,True,True,True,True,0,0.0,
2479,Rev1,1,W086,AE-3200,CH-B,EDG-07,Edge,0.84,196.4,97.69,95.9,90.45,840.3,True,True,True,False,0,0.0,
2480,Rev1,1,W086,AE-3200,CH-B,EDG-08,Edge,0.84,229.1,93.41,97.87,86.99,870.8,True,False,True,False,1,5.26,
2481,Rev1,1,W086,AE-3200,CH-B,EDG-09,Edge,0.84,261.8,98.08,96.26,88.23,925.6,True,True,True,True,1,2.09,endpoint_late
2482,Rev1,1,W086,AE-3200,CH-B,EDG-10,Edge,0.84,294.5,94.65,93.49,89.42,901.8,True,True,True,True,0,0.0,
2483,Rev1,1,W086,AE-3200,CH-B,EDG-11,Edge,0.84,327.3,97.77,92.64,78.86,829.0,True,True,True,False,0,0.0,
2484,Rev1,1,W086,AE-3200,CH-B,EXT-01,Extreme Edge,0.96,16.4,96.28,95.31,84.98,837.5,True,True,True,False,1,2.58,pressure_spike
2485,Rev1,1,W086,AE-3200,CH-B,EXT-02,Extreme Edge,0.96,49.1,99.74,93.49,84.94,917.6,True,True,True,True,2,6.76,
2486,Rev1,1,W086,AE-3200,CH-B,EXT-03,Extreme Edge,0.96,81.8,98.08,102.73,89.69,805.0,True,False,True,False,1,3.27,
2487,Rev1,1,W086,AE-3200,CH-B,EXT-04,Extreme Edge,0.96,114.5,96.17,96.43,92.58,785.0,True,True,True,False,1,5.72,endpoint_late
2488,Rev1,1,W086,AE-3200,CH-B,EXT-05,Extreme Edge,0.96,147.3,95.31,93.19,82.93,933.2,True,True,True,True,1,3.43,polymer_residue
2489,Rev1,1,W086,AE-3200,CH-B,EXT-06,Extreme Edge,0.96,180.0,97.0,94.18,90.54,906.6,True,True,True,True,0,0.0,
2490,Rev1,1,W086,AE-3200,CH-B,EXT-07,Extreme Edge,0.96,212.7,97.22,95.18,85.82,934.6,True,True,True,True,1,4.13,polymer_residue
2491,Rev1,1,W086,AE-3200,CH-B,EXT-08,Extreme Edge,0.96,245.5,97.56,95.43,90.52,911.9,True,True,True,True,1,6.23,
2492,Rev1,1,W086,AE-3200,CH-B,EXT-09,Extreme Edge,0.96,278.2,98.18,94.97,86.14,863.7,True,True,True,False,1,4.13,arc_event
2493,Rev1,1,W086,AE-3200,CH-B,EXT-10,Extreme Edge,0.96,310.9,98.53,94.49,83.7,877.2,True,True,True,False,0,0.0,
2494,Rev1,1,W086,AE-3200,CH-B,EXT-11,Extreme Edge,0.96,343.6,96.75,93.58,82.3,865.0,True,True,True,False,2,4.86,
2495,Base,0,W087,AE-3200,CH-A,C1,Center,0.0,0.0,94.17,98.29,85.5,936.3,True,False,True,True,0,0.0,
2496,Base,0,W087,AE-3200,CH-A,MID-01,Mid,0.52,30.0,98.87,93.73,86.0,862.0,True,True,True,False,0,0.0,
2497,Base,0,W087,AE-3200,CH-A,MID-02,Mid,0.52,90.0,95.1,98.31,87.68,948.2,True,False,True,True,1,5.73,esc_temp_drift
2498,Base,0,W087,AE-3200,CH-A,MID-03,Mid,0.52,150.0,100.28,95.52,86.93,1026.5,True,True,True,True,1,5.72,arc_event
2499,Base,0,W087,AE-3200,CH-A,MID-04,Mid,0.52,210.0,96.97,96.46,83.49,951.1,True,True,True,True,0,0.0,
2500,Base,0,W087,AE-3200,CH-A,MID-05,Mid,0.52,270.0,98.03,93.17,80.6,1008.2,True,True,True,True,0,0.0,
2501,Base,0,W087,AE-3200,CH-A,MID-06,Mid,0.52,330.0,100.65,99.46,86.06,990.4,True,False,True,True,0,0.0,
2502,Base,0,W087,AE-3200,CH-A,EDG-01,Edge,0.84,0.0,100.51,100.58,88.82,1040.2,True,False,True,True,1,3.61,polymer_residue
2503,Base,0,W087,AE-3200,CH-A,EDG-02,Edge,0.84,32.7,100.77,91.48,91.23,1028.0,True,True,True,True,1,4.28,
2504,Base,0,W087,AE-3200,CH-A,EDG-03,Edge,0.84,65.5,97.42,98.21,90.04,992.4,True,False,True,True,1,3.19,polymer_residue
2505,Base,0,W087,AE-3200,CH-A,EDG-04,Edge,0.84,98.2,101.26,101.73,87.15,961.6,False,False,True,True,1,3.34,
2506,Base,0,W087,AE-3200,CH-A,EDG-05,Edge,0.84,130.9,99.34,97.78,90.13,931.8,True,False,True,True,0,0.0,
2507,Base,0,W087,AE-3200,CH-A,EDG-06,Edge,0.84,163.6,103.18,100.77,93.48,898.3,False,False,True,True,1,3.86,endpoint_late
2508,Base,0,W087,AE-3200,CH-A,EDG-07,Edge,0.84,196.4,99.16,96.12,91.56,941.0,True,True,True,True,1,3.47,
2509,Base,0,W087,AE-3200,CH-A,EDG-08,Edge,0.84,229.1,101.25,94.77,86.75,945.3,False,True,True,True,0,0.0,
2510,Base,0,W087,AE-3200,CH-A,EDG-09,Edge,0.84,261.8,99.3,95.82,86.11,1015.9,True,True,True,True,0,0.0,
2511,Base,0,W087,AE-3200,CH-A,EDG-10,Edge,0.84,294.5,101.89,97.33,88.02,1010.6,False,True,True,True,0,0.0,
2512,Base,0,W087,AE-3200,CH-A,EDG-11,Edge,0.84,327.3,100.01,98.68,92.37,1069.9,True,False,True,True,0,0.0,
2513,Base,0,W087,AE-3200,CH-A,EXT-01,Extreme Edge,0.96,16.4,99.44,100.03,86.38,992.7,True,False,True,True,1,3.08,
2514,Base,0,W087,AE-3200,CH-A,EXT-02,Extreme Edge,0.96,49.1,100.02,103.97,93.7,996.8,True,False,True,True,0,0.0,
2515,Base,0,W087,AE-3200,CH-A,EXT-03,Extreme Edge,0.96,81.8,97.43,99.93,90.6,999.9,True,False,True,True,0,0.0,
2516,Base,0,W087,AE-3200,CH-A,EXT-04,Extreme Edge,0.96,114.5,98.1,100.33,94.64,986.0,True,False,False,True,2,8.06,polymer_residue
2517,Base,0,W087,AE-3200,CH-A,EXT-05,Extreme Edge,0.96,147.3,99.77,100.5,86.98,955.2,True,False,True,True,3,18.66,
2518,Base,0,W087,AE-3200,CH-A,EXT-06,Extreme Edge,0.96,180.0,102.48,98.97,83.71,916.0,False,False,True,True,1,4.59,polymer_residue
2519,Base,0,W087,AE-3200,CH-A,EXT-07,Extreme Edge,0.96,212.7,104.13,98.36,86.88,1073.1,False,False,True,True,0,0.0,
2520,Base,0,W087,AE-3200,CH-A,EXT-08,Extreme Edge,0.96,245.5,101.11,97.62,97.02,1099.6,False,False,False,False,1,2.87,
2521,Base,0,W087,AE-3200,CH-A,EXT-09,Extreme Edge,0.96,278.2,104.24,100.0,86.68,1060.4,False,False,True,True,2,8.96,
2522,Base,0,W087,AE-3200,CH-A,EXT-10,Extreme Edge,0.96,310.9,100.63,101.99,93.64,1003.8,True,False,True,True,2,4.49,
2523,Base,0,W087,AE-3200,CH-A,EXT-11,Extreme Edge,0.96,343.6,100.59,99.04,89.24,999.3,True,False,True,True,1,2.39,arc_event
2524,Rev8,8,W088,AE-3200,CH-A,C1,Center,0.0,0.0,99.93,96.34,87.93,1125.4,True,True,True,False,0,0.0,
2525,Rev8,8,W088,AE-3200,CH-A,MID-01,Mid,0.52,30.0,99.01,89.32,91.89,949.9,True,True,True,True,0,0.0,
2526,Rev8,8,W088,AE-3200,CH-A,MID-02,Mid,0.52,90.0,99.22,88.75,85.83,1017.2,True,True,True,True,0,0.0,
2527,Rev8,8,W088,AE-3200,CH-A,MID-03,Mid,0.52,150.0,97.6,93.29,97.03,1042.7,True,True,False,True,0,0.0,
2528,Rev8,8,W088,AE-3200,CH-A,MID-04,Mid,0.52,210.0,98.48,89.83,89.54,1024.5,True,True,True,True,0,0.0,
2529,Rev8,8,W088,AE-3200,CH-A,MID-05,Mid,0.52,270.0,98.55,89.74,86.2,946.1,True,True,True,True,0,0.0,
2530,Rev8,8,W088,AE-3200,CH-A,MID-06,Mid,0.52,330.0,101.2,87.94,88.68,882.9,False,True,True,True,3,10.32,
2531,Rev8,8,W088,AE-3200,CH-A,EDG-01,Edge,0.84,0.0,103.16,91.44,93.35,939.9,False,True,True,True,0,0.0,
2532,Rev8,8,W088,AE-3200,CH-A,EDG-02,Edge,0.84,32.7,107.49,90.95,86.57,983.4,False,True,True,True,1,4.24,
2533,Rev8,8,W088,AE-3200,CH-A,EDG-03,Edge,0.84,65.5,102.44,89.06,97.13,814.5,False,True,False,False,0,0.0,
2534,Rev8,8,W088,AE-3200,CH-A,EDG-04,Edge,0.84,98.2,104.92,92.62,97.04,1109.1,False,True,False,False,1,5.04,
2535,Rev8,8,W088,AE-3200,CH-A,EDG-05,Edge,0.84,130.9,104.32,94.87,91.02,964.9,False,True,True,True,1,1.81,polymer_residue
2536,Rev8,8,W088,AE-3200,CH-A,EDG-06,Edge,0.84,163.6,103.15,96.0,89.91,1146.6,False,True,True,False,0,0.0,
2537,Rev8,8,W088,AE-3200,CH-A,EDG-07,Edge,0.84,196.4,101.69,94.09,84.72,1069.6,False,True,True,True,0,0.0,
2538,Rev8,8,W088,AE-3200,CH-A,EDG-08,Edge,0.84,229.1,103.73,93.19,95.34,1016.8,False,True,False,True,1,6.44,
2539,Rev8,8,W088,AE-3200,CH-A,EDG-09,Edge,0.84,261.8,97.39,95.94,95.29,1049.8,True,True,False,True,0,0.0,
2540,Rev8,8,W088,AE-3200,CH-A,EDG-10,Edge,0.84,294.5,103.39,96.39,89.78,953.4,False,True,True,True,2,7.03,polymer_residue
2541,Rev8,8,W088,AE-3200,CH-A,EDG-11,Edge,0.84,327.3,103.86,94.58,85.23,1092.2,False,True,True,False,1,2.91,polymer_residue
2542,Rev8,8,W088,AE-3200,CH-A,EXT-01,Extreme Edge,0.96,16.4,103.77,91.09,92.15,1018.7,False,True,True,True,0,0.0,
2543,Rev8,8,W088,AE-3200,CH-A,EXT-02,Extreme Edge,0.96,49.1,105.23,93.63,91.24,972.8,False,True,True,True,0,0.0,
2544,Rev8,8,W088,AE-3200,CH-A,EXT-03,Extreme Edge,0.96,81.8,104.06,98.52,84.8,964.6,False,False,True,True,4,7.2,
2545,Rev8,8,W088,AE-3200,CH-A,EXT-04,Extreme Edge,0.96,114.5,105.75,92.74,98.66,1005.0,False,True,False,True,0,0.0,
2546,Rev8,8,W088,AE-3200,CH-A,EXT-05,Extreme Edge,0.96,147.3,98.07,97.3,92.24,864.4,True,True,True,False,0,0.0,
2547,Rev8,8,W088,AE-3200,CH-A,EXT-06,Extreme Edge,0.96,180.0,101.56,97.21,85.1,1041.3,False,True,True,True,1,3.81,
2548,Rev8,8,W088,AE-3200,CH-A,EXT-07,Extreme Edge,0.96,212.7,103.34,99.67,93.79,1066.2,False,False,True,True,1,4.54,polymer_residue
2549,Rev8,8,W088,AE-3200,CH-A,EXT-08,Extreme Edge,0.96,245.5,99.75,95.67,87.61,1096.3,True,True,True,False,1,6.43,polymer_residue
2550,Rev8,8,W088,AE-3200,CH-A,EXT-09,Extreme Edge,0.96,278.2,105.78,93.92,91.06,1034.7,False,True,True,True,2,10.29,arc_event
2551,Rev8,8,W088,AE-3200,CH-A,EXT-10,Extreme Edge,0.96,310.9,102.59,93.65,98.63,1061.2,False,True,False,True,1,3.87,
2552,Rev8,8,W088,AE-3200,CH-A,EXT-11,Extreme Edge,0.96,343.6,105.69,90.49,94.16,944.5,False,True,True,True,2,3.81,
2553,Rev2,2,W089,PX-7500,CH-C,C1,Center,0.0,0.0,95.86,97.05,88.35,855.2,True,True,True,False,1,2.7,
2554,Rev2,2,W089,PX-7500,CH-C,MID-01,Mid,0.52,30.0,93.19,96.19,91.16,875.1,True,True,True,False,0,0.0,
2555,Rev2,2,W089,PX-7500,CH-C,MID-02,Mid,0.52,90.0,91.91,99.45,87.55,918.0,True,False,True,True,1,5.06,esc_temp_drift
2556,Rev2,2,W089,PX-7500,CH-C,MID-03,Mid,0.52,150.0,93.7,99.8,87.37,953.1,True,False,True,True,0,0.0,
2557,Rev2,2,W089,PX-7500,CH-C,MID-04,Mid,0.52,210.0,93.47,100.88,93.03,952.2,True,False,True,True,1,3.08,
2558,Rev2,2,W089,PX-7500,CH-C,MID-05,Mid,0.52,270.0,91.21,96.07,89.28,975.3,False,True,True,True,1,3.0,
2559,Rev2,2,W089,PX-7500,CH-C,MID-06,Mid,0.52,330.0,93.89,101.03,96.72,956.8,True,False,False,True,0,0.0,
2560,Rev2,2,W089,PX-7500,CH-C,EDG-01,Edge,0.84,0.0,96.79,99.34,91.53,963.2,True,False,True,True,0,0.0,
2561,Rev2,2,W089,PX-7500,CH-C,EDG-02,Edge,0.84,32.7,98.51,100.84,95.58,1030.5,True,False,False,True,1,2.37,pressure_spike
2562,Rev2,2,W089,PX-7500,CH-C,EDG-03,Edge,0.84,65.5,93.53,96.62,88.17,1070.3,True,True,True,True,0,0.0,
2563,Rev2,2,W089,PX-7500,CH-C,EDG-04,Edge,0.84,98.2,97.13,96.4,94.39,942.5,True,True,True,True,1,4.84,esc_temp_drift
2564,Rev2,2,W089,PX-7500,CH-C,EDG-05,Edge,0.84,130.9,94.44,100.79,101.98,950.4,True,False,False,True,2,10.13,
2565,Rev2,2,W089,PX-7500,CH-C,EDG-06,Edge,0.84,163.6,97.44,99.98,90.66,949.9,True,False,True,True,0,0.0,
2566,Rev2,2,W089,PX-7500,CH-C,EDG-07,Edge,0.84,196.4,94.9,94.18,88.03,1109.4,True,True,True,False,0,0.0,
2567,Rev2,2,W089,PX-7500,CH-C,EDG-08,Edge,0.84,229.1,97.27,101.81,98.92,876.1,True,False,False,False,1,4.0,arc_event
2568,Rev2,2,W089,PX-7500,CH-C,EDG-09,Edge,0.84,261.8,94.32,94.98,94.01,942.2,True,True,True,True,1,4.94,polymer_residue
2569,Rev2,2,W089,PX-7500,CH-C,EDG-10,Edge,0.84,294.5,96.77,100.24,88.81,958.2,True,False,True,True,2,4.56,polymer_residue
2570,Rev2,2,W089,PX-7500,CH-C,EDG-11,Edge,0.84,327.3,97.38,99.83,97.17,828.1,True,False,False,False,2,4.39,polymer_residue
2571,Rev2,2,W089,PX-7500,CH-C,EXT-01,Extreme Edge,0.96,16.4,99.37,98.95,92.08,1002.0,True,False,True,True,0,0.0,
2572,Rev2,2,W089,PX-7500,CH-C,EXT-02,Extreme Edge,0.96,49.1,98.59,104.18,89.65,875.3,True,False,True,False,0,0.0,
2573,Rev2,2,W089,PX-7500,CH-C,EXT-03,Extreme Edge,0.96,81.8,94.72,99.83,95.05,933.8,True,False,False,True,1,4.14,
2574,Rev2,2,W089,PX-7500,CH-C,EXT-04,Extreme Edge,0.96,114.5,95.94,99.28,96.13,1026.7,True,False,False,True,1,6.31,
2575,Rev2,2,W089,PX-7500,CH-C,EXT-05,Extreme Edge,0.96,147.3,96.83,97.85,92.98,1037.3,True,False,True,True,1,5.68,polymer_residue
2576,Rev2,2,W089,PX-7500,CH-C,EXT-06,Extreme Edge,0.96,180.0,95.29,99.46,105.71,1020.1,True,False,False,True,1,3.58,
2577,Rev2,2,W089,PX-7500,CH-C,EXT-07,Extreme Edge,0.96,212.7,97.81,101.88,82.99,986.3,True,False,True,True,1,6.42,endpoint_late
2578,Rev2,2,W089,PX-7500,CH-C,EXT-08,Extreme Edge,0.96,245.5,99.85,98.99,95.73,820.6,True,False,False,False,0,0.0,
2579,Rev2,2,W089,PX-7500,CH-C,EXT-09,Extreme Edge,0.96,278.2,100.69,100.38,88.06,960.9,True,False,True,True,0,0.0,
2580,Rev2,2,W089,PX-7500,CH-C,EXT-10,Extreme Edge,0.96,310.9,94.49,101.39,93.06,1051.1,True,False,True,True,0,0.0,
2581,Rev2,2,W089,PX-7500,CH-C,EXT-11,Extreme Edge,0.96,343.6,95.0,100.95,91.15,1019.1,True,False,True,True,0,0.0,
2582,Rev7,7,W090,PX-7500,CH-D,C1,Center,0.0,0.0,96.89,94.03,84.11,1132.0,True,True,True,False,0,0.0,
2583,Rev7,7,W090,PX-7500,CH-D,MID-01,Mid,0.52,30.0,98.5,94.37,76.31,1001.7,True,True,False,True,0,0.0,
2584,Rev7,7,W090,PX-7500,CH-D,MID-02,Mid,0.52,90.0,98.65,96.5,85.88,1137.3,True,True,True,False,0,0.0,
2585,Rev7,7,W090,PX-7500,CH-D,MID-03,Mid,0.52,150.0,100.6,93.01,86.36,1101.4,True,True,True,False,1,3.78,
2586,Rev7,7,W090,PX-7500,CH-D,MID-04,Mid,0.52,210.0,98.77,96.05,78.62,1026.1,True,True,True,True,0,0.0,
2587,Rev7,7,W090,PX-7500,CH-D,MID-05,Mid,0.52,270.0,98.92,98.02,73.03,1000.1,True,False,False,True,0,0.0,
2588,Rev7,7,W090,PX-7500,CH-D,MID-06,Mid,0.52,330.0,96.96,94.63,82.27,931.0,True,True,True,True,0,0.0,
2589,Rev7,7,W090,PX-7500,CH-D,EDG-01,Edge,0.84,0.0,101.52,96.64,89.57,1059.5,False,True,True,True,1,4.22,esc_temp_drift
2590,Rev7,7,W090,PX-7500,CH-D,EDG-02,Edge,0.84,32.7,99.74,96.65,88.44,1172.6,True,True,True,False,0,0.0,
2591,Rev7,7,W090,PX-7500,CH-D,EDG-03,Edge,0.84,65.5,100.81,101.62,81.73,1143.5,False,False,True,False,1,3.81,arc_event
2592,Rev7,7,W090,PX-7500,CH-D,EDG-04,Edge,0.84,98.2,101.16,100.42,86.8,1040.1,False,False,True,True,0,0.0,
2593,Rev7,7,W090,PX-7500,CH-D,EDG-05,Edge,0.84,130.9,98.01,97.65,82.81,1098.3,True,False,True,False,2,5.3,
2594,Rev7,7,W090,PX-7500,CH-D,EDG-06,Edge,0.84,163.6,101.61,94.49,89.68,1037.1,False,True,True,True,1,4.66,
2595,Rev7,7,W090,PX-7500,CH-D,EDG-07,Edge,0.84,196.4,101.06,98.06,84.73,1105.7,False,False,True,False,2,12.09,
2596,Rev7,7,W090,PX-7500,CH-D,EDG-08,Edge,0.84,229.1,98.3,97.28,83.18,1010.6,True,True,True,True,0,0.0,
2597,Rev7,7,W090,PX-7500,CH-D,EDG-09,Edge,0.84,261.8,101.55,92.16,84.82,1063.7,False,True,True,True,0,0.0,
2598,Rev7,7,W090,PX-7500,CH-D,EDG-10,Edge,0.84,294.5,100.93,96.56,84.3,1134.8,False,True,True,False,1,3.45,polymer_residue
2599,Rev7,7,W090,PX-7500,CH-D,EDG-11,Edge,0.84,327.3,98.35,95.35,82.81,1079.9,True,True,True,True,1,6.35,polymer_residue
2600,Rev7,7,W090,PX-7500,CH-D,EXT-01,Extreme Edge,0.96,16.4,103.48,98.8,84.93,978.3,False,False,True,True,1,5.65,
2601,Rev7,7,W090,PX-7500,CH-D,EXT-02,Extreme Edge,0.96,49.1,99.32,95.72,86.72,1013.4,True,True,True,True,0,0.0,
2602,Rev7,7,W090,PX-7500,CH-D,EXT-03,Extreme Edge,0.96,81.8,100.78,100.86,83.67,1053.3,True,False,True,True,0,0.0,
2603,Rev7,7,W090,PX-7500,CH-D,EXT-04,Extreme Edge,0.96,114.5,100.63,95.9,83.87,1078.9,True,True,True,True,0,0.0,
2604,Rev7,7,W090,PX-7500,CH-D,EXT-05,Extreme Edge,0.96,147.3,101.06,102.82,84.85,1014.6,False,False,True,True,0,0.0,
2605,Rev7,7,W090,PX-7500,CH-D,EXT-06,Extreme Edge,0.96,180.0,101.69,98.1,86.44,1106.4,False,False,True,False,0,0.0,
2606,Rev7,7,W090,PX-7500,CH-D,EXT-07,Extreme Edge,0.96,212.7,98.44,94.37,87.71,1156.5,True,True,True,False,2,5.63,
2607,Rev7,7,W090,PX-7500,CH-D,EXT-08,Extreme Edge,0.96,245.5,103.86,96.25,88.4,1120.6,False,True,True,False,2,6.68,
2608,Rev7,7,W090,PX-7500,CH-D,EXT-09,Extreme Edge,0.96,278.2,102.85,97.2,87.7,1076.7,False,True,True,True,0,0.0,
2609,Rev7,7,W090,PX-7500,CH-D,EXT-10,Extreme Edge,0.96,310.9,103.48,96.95,84.07,1185.7,False,True,True,False,0,0.0,
2610,Rev7,7,W090,PX-7500,CH-D,EXT-11,Extreme Edge,0.96,343.6,98.07,95.59,82.26,1067.6,True,True,True,True,0,0.0,
2611,Base,0,W091,AE-3200,CH-A,C1,Center,0.0,0.0,93.48,95.73,87.95,1033.0,True,True,True,True,1,3.63,polymer_residue
2612,Base,0,W091,AE-3200,CH-A,MID-01,Mid,0.52,30.0,97.03,97.64,83.99,1019.2,True,False,True,True,0,0.0,
2613,Base,0,W091,AE-3200,CH-A,MID-02,Mid,0.52,90.0,97.2,99.33,82.99,978.4,True,False,True,True,0,0.0,
2614,Base,0,W091,AE-3200,CH-A,MID-03,Mid,0.52,150.0,94.68,97.24,90.74,1071.7,True,True,True,True,0,0.0,
2615,Base,0,W091,AE-3200,CH-A,MID-04,Mid,0.52,210.0,98.42,93.42,82.48,1005.1,True,True,True,True,0,0.0,
2616,Base,0,W091,AE-3200,CH-A,MID-05,Mid,0.52,270.0,97.34,98.6,83.22,864.0,True,False,True,False,0,0.0,
2617,Base,0,W091,AE-3200,CH-A,MID-06,Mid,0.52,330.0,95.1,99.71,88.54,878.3,True,False,True,False,0,0.0,
2618,Base,0,W091,AE-3200,CH-A,EDG-01,Edge,0.84,0.0,99.85,95.63,83.05,997.1,True,True,True,True,0,0.0,
2619,Base,0,W091,AE-3200,CH-A,EDG-02,Edge,0.84,32.7,99.72,96.6,86.36,935.7,True,True,True,True,1,2.89,polymer_residue
2620,Base,0,W091,AE-3200,CH-A,EDG-03,Edge,0.84,65.5,99.88,96.76,90.03,1059.5,True,True,True,True,1,4.09,endpoint_late
2621,Base,0,W091,AE-3200,CH-A,EDG-04,Edge,0.84,98.2,99.65,99.43,82.25,995.3,True,False,True,True,0,0.0,
2622,Base,0,W091,AE-3200,CH-A,EDG-05,Edge,0.84,130.9,100.98,95.74,91.47,995.6,False,True,True,True,0,0.0,
2623,Base,0,W091,AE-3200,CH-A,EDG-06,Edge,0.84,163.6,100.27,98.81,85.94,1026.8,True,False,True,True,0,0.0,
2624,Base,0,W091,AE-3200,CH-A,EDG-07,Edge,0.84,196.4,96.68,97.44,87.15,1026.1,True,True,True,True,0,0.0,
2625,Base,0,W091,AE-3200,CH-A,EDG-08,Edge,0.84,229.1,99.7,101.76,86.78,917.2,True,False,True,True,2,12.01,endpoint_late
2626,Base,0,W091,AE-3200,CH-A,EDG-09,Edge,0.84,261.8,101.35,105.75,98.37,1034.4,False,False,False,True,0,0.0,
2627,Base,0,W091,AE-3200,CH-A,EDG-10,Edge,0.84,294.5,100.55,99.39,95.88,1056.2,True,False,False,True,0,0.0,
2628,Base,0,W091,AE-3200,CH-A,EDG-11,Edge,0.84,327.3,99.2,99.08,87.66,946.9,True,False,True,True,1,3.98,
2629,Base,0,W091,AE-3200,CH-A,EXT-01,Extreme Edge,0.96,16.4,97.44,98.96,92.87,1057.8,True,False,True,True,0,0.0,
2630,Base,0,W091,AE-3200,CH-A,EXT-02,Extreme Edge,0.96,49.1,100.65,94.67,89.31,964.5,True,True,True,True,1,2.35,arc_event
2631,Base,0,W091,AE-3200,CH-A,EXT-03,Extreme Edge,0.96,81.8,101.59,103.69,95.05,919.0,False,False,False,True,2,6.5,
2632,Base,0,W091,AE-3200,CH-A,EXT-04,Extreme Edge,0.96,114.5,102.43,99.52,90.1,997.2,False,False,True,True,0,0.0,
2633,Base,0,W091,AE-3200,CH-A,EXT-05,Extreme Edge,0.96,147.3,100.46,96.55,91.15,971.3,True,True,True,True,2,4.54,
2634,Base,0,W091,AE-3200,CH-A,EXT-06,Extreme Edge,0.96,180.0,103.82,99.41,91.74,1079.5,False,False,True,True,0,0.0,
2635,Base,0,W091,AE-3200,CH-A,EXT-07,Extreme Edge,0.96,212.7,99.68,96.13,97.19,881.1,True,True,False,True,1,5.25,
2636,Base,0,W091,AE-3200,CH-A,EXT-08,Extreme Edge,0.96,245.5,95.93,99.12,97.54,1053.3,True,False,False,True,1,4.26,
2637,Base,0,W091,AE-3200,CH-A,EXT-09,Extreme Edge,0.96,278.2,98.69,100.08,86.25,1074.8,True,False,True,True,2,4.91,polymer_residue
2638,Base,0,W091,AE-3200,CH-A,EXT-10,Extreme Edge,0.96,310.9,101.01,95.98,91.13,954.0,False,True,True,True,0,0.0,
2639,Base,0,W091,AE-3200,CH-A,EXT-11,Extreme Edge,0.96,343.6,101.07,96.77,87.22,930.2,False,True,True,True,2,4.23,
2640,Rev8,8,W092,AE-3200,CH-A,C1,Center,0.0,0.0,98.51,88.92,92.35,970.2,True,True,True,True,0,0.0,
2641,Rev8,8,W092,AE-3200,CH-A,MID-01,Mid,0.52,30.0,97.15,88.3,104.18,1149.3,True,True,False,False,1,1.91,arc_event
2642,Rev8,8,W092,AE-3200,CH-A,MID-02,Mid,0.52,90.0,99.99,89.93,97.95,995.1,True,True,False,True,0,0.0,
2643,Rev8,8,W092,AE-3200,CH-A,MID-03,Mid,0.52,150.0,96.22,93.63,101.68,1114.0,True,True,False,False,0,0.0,
2644,Rev8,8,W092,AE-3200,CH-A,MID-04,Mid,0.52,210.0,98.75,91.47,98.29,1107.2,True,True,False,False,0,0.0,
2645,Rev8,8,W092,AE-3200,CH-A,MID-05,Mid,0.52,270.0,98.62,89.7,98.02,1039.7,True,True,False,True,0,0.0,
2646,Rev8,8,W092,AE-3200,CH-A,MID-06,Mid,0.52,330.0,99.5,91.1,99.35,1023.9,True,True,False,True,0,0.0,
2647,Rev8,8,W092,AE-3200,CH-A,EDG-01,Edge,0.84,0.0,100.14,94.84,100.16,1081.1,True,True,False,True,0,0.0,
2648,Rev8,8,W092,AE-3200,CH-A,EDG-02,Edge,0.84,32.7,101.42,93.45,96.22,997.3,False,True,False,True,1,3.89,
2649,Rev8,8,W092,AE-3200,CH-A,EDG-03,Edge,0.84,65.5,99.92,93.12,95.89,1082.3,True,True,False,True,0,0.0,
2650,Rev8,8,W092,AE-3200,CH-A,EDG-04,Edge,0.84,98.2,101.78,93.36,104.23,1118.5,False,True,False,False,0,0.0,
2651,Rev8,8,W092,AE-3200,CH-A,EDG-05,Edge,0.84,130.9,105.07,94.48,101.63,938.3,False,True,False,True,3,18.11,polymer_residue
2652,Rev8,8,W092,AE-3200,CH-A,EDG-06,Edge,0.84,163.6,101.01,92.85,100.99,1135.7,False,True,False,False,1,2.23,arc_event
2653,Rev8,8,W092,AE-3200,CH-A,EDG-07,Edge,0.84,196.4,104.88,97.43,101.61,1139.0,False,True,False,False,3,6.22,
2654,Rev8,8,W092,AE-3200,CH-A,EDG-08,Edge,0.84,229.1,103.15,94.72,105.03,1121.2,False,True,False,False,1,3.77,
2655,Rev8,8,W092,AE-3200,CH-A,EDG-09,Edge,0.84,261.8,99.09,90.57,88.23,970.6,True,True,True,True,1,5.37,endpoint_late
2656,Rev8,8,W092,AE-3200,CH-A,EDG-10,Edge,0.84,294.5,100.43,94.14,94.95,1089.2,True,True,False,True,1,3.39,polymer_residue
2657,Rev8,8,W092,AE-3200,CH-A,EDG-11,Edge,0.84,327.3,100.74,95.04,97.96,1084.3,True,True,False,True,0,0.0,
2658,Rev8,8,W092,AE-3200,CH-A,EXT-01,Extreme Edge,0.96,16.4,104.64,90.89,104.87,1074.1,False,True,False,True,1,2.26,polymer_residue
2659,Rev8,8,W092,AE-3200,CH-A,EXT-02,Extreme Edge,0.96,49.1,101.7,90.44,97.81,1076.7,False,True,False,True,0,0.0,
2660,Rev8,8,W092,AE-3200,CH-A,EXT-03,Extreme Edge,0.96,81.8,101.11,94.81,100.91,1108.3,False,True,False,False,5,30.71,
2661,Rev8,8,W092,AE-3200,CH-A,EXT-04,Extreme Edge,0.96,114.5,105.32,95.15,97.26,1127.3,False,True,False,False,0,0.0,
2662,Rev8,8,W092,AE-3200,CH-A,EXT-05,Extreme Edge,0.96,147.3,100.06,94.37,98.17,1035.0,True,True,False,True,2,12.2,polymer_residue
2663,Rev8,8,W092,AE-3200,CH-A,EXT-06,Extreme Edge,0.96,180.0,106.13,92.7,97.81,1040.8,False,True,False,True,2,6.02,arc_event
2664,Rev8,8,W092,AE-3200,CH-A,EXT-07,Extreme Edge,0.96,212.7,103.69,91.52,105.59,1021.7,False,True,False,True,1,4.48,pressure_spike
2665,Rev8,8,W092,AE-3200,CH-A,EXT-08,Extreme Edge,0.96,245.5,101.05,96.5,95.05,1067.8,False,True,False,True,0,0.0,
2666,Rev8,8,W092,AE-3200,CH-A,EXT-09,Extreme Edge,0.96,278.2,105.36,91.25,93.73,1140.3,False,True,True,False,1,1.88,
2667,Rev8,8,W092,AE-3200,CH-A,EXT-10,Extreme Edge,0.96,310.9,100.04,93.52,103.88,1152.8,True,True,False,False,0,0.0,
2668,Rev8,8,W092,AE-3200,CH-A,EXT-11,Extreme Edge,0.96,343.6,106.39,93.39,103.44,1079.4,False,True,False,True,1,2.49,pressure_spike
2669,Rev11,11,W093,PX-7500,CH-D,C1,Center,0.0,0.0,95.08,89.78,89.96,1020.5,True,True,True,True,0,0.0,
2670,Rev11,11,W093,PX-7500,CH-D,MID-01,Mid,0.52,30.0,93.4,90.44,94.55,1134.3,True,True,False,False,0,0.0,
2671,Rev11,11,W093,PX-7500,CH-D,MID-02,Mid,0.52,90.0,96.67,93.3,99.84,1011.6,True,True,False,True,0,0.0,
2672,Rev11,11,W093,PX-7500,CH-D,MID-03,Mid,0.52,150.0,96.53,89.59,85.12,1032.8,True,True,True,True,0,0.0,
2673,Rev11,11,W093,PX-7500,CH-D,MID-04,Mid,0.52,210.0,96.35,93.16,91.98,1102.0,True,True,True,False,1,2.22,
2674,Rev11,11,W093,PX-7500,CH-D,MID-05,Mid,0.52,270.0,96.89,94.84,92.52,1016.2,True,True,True,True,0,0.0,
2675,Rev11,11,W093,PX-7500,CH-D,MID-06,Mid,0.52,330.0,95.01,94.1,97.58,1107.4,True,True,False,False,2,4.37,
2676,Rev11,11,W093,PX-7500,CH-D,EDG-01,Edge,0.84,0.0,100.39,97.13,99.29,1076.7,True,True,False,True,0,0.0,
2677,Rev11,11,W093,PX-7500,CH-D,EDG-02,Edge,0.84,32.7,98.5,90.22,101.06,1096.3,True,True,False,False,0,0.0,
2678,Rev11,11,W093,PX-7500,CH-D,EDG-03,Edge,0.84,65.5,99.63,90.75,94.26,1025.3,True,True,True,True,0,0.0,
2679,Rev11,11,W093,PX-7500,CH-D,EDG-04,Edge,0.84,98.2,100.77,92.47,90.68,1000.9,True,True,True,True,0,0.0,
2680,Rev11,11,W093,PX-7500,CH-D,EDG-05,Edge,0.84,130.9,96.98,93.73,97.12,1194.9,True,True,False,False,1,3.13,polymer_residue
2681,Rev11,11,W093,PX-7500,CH-D,EDG-06,Edge,0.84,163.6,96.89,88.74,95.82,1126.5,True,True,False,False,2,8.43,polymer_residue
2682,Rev11,11,W093,PX-7500,CH-D,EDG-07,Edge,0.84,196.4,96.98,95.83,96.54,1188.5,True,True,False,False,0,0.0,
2683,Rev11,11,W093,PX-7500,CH-D,EDG-08,Edge,0.84,229.1,99.22,94.41,98.55,1138.1,True,True,False,False,2,4.4,polymer_residue
2684,Rev11,11,W093,PX-7500,CH-D,EDG-09,Edge,0.84,261.8,99.63,97.26,98.25,1111.1,True,True,False,False,0,0.0,
2685,Rev11,11,W093,PX-7500,CH-D,EDG-10,Edge,0.84,294.5,97.42,91.17,95.61,1105.8,True,True,False,False,0,0.0,
2686,Rev11,11,W093,PX-7500,CH-D,EDG-11,Edge,0.84,327.3,97.16,96.61,89.56,1168.7,True,True,True,False,0,0.0,
2687,Rev11,11,W093,PX-7500,CH-D,EXT-01,Extreme Edge,0.96,16.4,98.22,92.29,91.6,1015.2,True,True,True,True,0,0.0,
2688,Rev11,11,W093,PX-7500,CH-D,EXT-02,Extreme Edge,0.96,49.1,98.72,93.82,86.46,1079.2,True,True,True,True,2,5.14,pressure_spike
2689,Rev11,11,W093,PX-7500,CH-D,EXT-03,Extreme Edge,0.96,81.8,99.98,92.64,90.03,1110.0,True,True,True,False,2,6.35,
2690,Rev11,11,W093,PX-7500,CH-D,EXT-04,Extreme Edge,0.96,114.5,100.29,96.39,99.11,1099.0,True,True,False,False,1,5.95,pressure_spike
2691,Rev11,11,W093,PX-7500,CH-D,EXT-05,Extreme Edge,0.96,147.3,97.99,96.06,92.48,1129.3,True,True,True,False,0,0.0,
2692,Rev11,11,W093,PX-7500,CH-D,EXT-06,Extreme Edge,0.96,180.0,99.13,94.28,104.06,1132.5,True,True,False,False,1,2.38,pressure_spike
2693,Rev11,11,W093,PX-7500,CH-D,EXT-07,Extreme Edge,0.96,212.7,98.63,94.96,104.54,1086.2,True,True,False,True,0,0.0,
2694,Rev11,11,W093,PX-7500,CH-D,EXT-08,Extreme Edge,0.96,245.5,97.88,95.15,99.89,1135.1,True,True,False,False,1,4.84,arc_event
2695,Rev11,11,W093,PX-7500,CH-D,EXT-09,Extreme Edge,0.96,278.2,97.37,92.95,96.45,1105.5,True,True,False,False,2,10.46,
2696,Rev11,11,W093,PX-7500,CH-D,EXT-10,Extreme Edge,0.96,310.9,99.43,91.69,95.53,1139.0,True,True,False,False,1,2.62,polymer_residue
2697,Rev11,11,W093,PX-7500,CH-D,EXT-11,Extreme Edge,0.96,343.6,98.41,89.11,101.56,1063.7,True,True,False,True,1,4.45,polymer_residue
2698,Rev9,9,W094,AE-3200,CH-B,C1,Center,0.0,0.0,93.5,87.72,88.6,1066.6,True,True,True,True,0,0.0,
2699,Rev9,9,W094,AE-3200,CH-B,MID-01,Mid,0.52,30.0,95.06,90.96,87.83,1202.6,True,True,True,False,0,0.0,
2700,Rev9,9,W094,AE-3200,CH-B,MID-02,Mid,0.52,90.0,99.18,95.44,92.88,1196.9,True,True,True,False,0,0.0,
2701,Rev9,9,W094,AE-3200,CH-B,MID-03,Mid,0.52,150.0,94.74,93.01,90.73,1118.1,True,True,True,False,0,0.0,
2702,Rev9,9,W094,AE-3200,CH-B,MID-04,Mid,0.52,210.0,99.05,90.68,94.6,965.5,True,True,False,True,1,3.02,polymer_residue
2703,Rev9,9,W094,AE-3200,CH-B,MID-05,Mid,0.52,270.0,95.8,87.34,94.58,1024.3,True,True,False,True,0,0.0,
2704,Rev9,9,W094,AE-3200,CH-B,MID-06,Mid,0.52,330.0,97.89,87.53,92.74,1014.2,True,True,True,True,0,0.0,
2705,Rev9,9,W094,AE-3200,CH-B,EDG-01,Edge,0.84,0.0,100.21,88.9,94.68,1233.1,True,True,False,False,0,0.0,
2706,Rev9,9,W094,AE-3200,CH-B,EDG-02,Edge,0.84,32.7,100.02,90.63,96.32,1146.9,True,True,False,False,0,0.0,
2707,Rev9,9,W094,AE-3200,CH-B,EDG-03,Edge,0.84,65.5,102.32,92.78,96.46,1164.9,False,True,False,False,0,0.0,
2708,Rev9,9,W094,AE-3200,CH-B,EDG-04,Edge,0.84,98.2,104.61,94.59,102.05,1162.5,False,True,False,False,1,4.12,polymer_residue
2709,Rev9,9,W094,AE-3200,CH-B,EDG-05,Edge,0.84,130.9,101.6,91.25,94.07,1125.6,False,True,True,False,1,2.46,
2710,Rev9,9,W094,AE-3200,CH-B,EDG-06,Edge,0.84,163.6,99.39,91.29,98.07,1147.3,True,True,False,False,0,0.0,
2711,Rev9,9,W094,AE-3200,CH-B,EDG-07,Edge,0.84,196.4,102.83,90.31,92.07,1090.6,False,True,True,False,1,4.28,arc_event
2712,Rev9,9,W094,AE-3200,CH-B,EDG-08,Edge,0.84,229.1,100.94,86.69,90.46,1088.1,False,False,True,True,1,1.95,polymer_residue
2713,Rev9,9,W094,AE-3200,CH-B,EDG-09,Edge,0.84,261.8,99.09,92.67,94.86,1119.9,True,True,False,False,1,4.02,polymer_residue
2714,Rev9,9,W094,AE-3200,CH-B,EDG-10,Edge,0.84,294.5,99.37,90.58,93.01,1050.6,True,True,True,True,1,3.34,polymer_residue
2715,Rev9,9,W094,AE-3200,CH-B,EDG-11,Edge,0.84,327.3,99.67,90.22,92.56,1060.2,True,True,True,True,0,0.0,
2716,Rev9,9,W094,AE-3200,CH-B,EXT-01,Extreme Edge,0.96,16.4,103.67,86.31,92.05,1195.1,False,False,True,False,1,2.31,
2717,Rev9,9,W094,AE-3200,CH-B,EXT-02,Extreme Edge,0.96,49.1,101.92,89.96,95.33,1037.3,False,True,False,True,2,4.35,polymer_residue
2718,Rev9,9,W094,AE-3200,CH-B,EXT-03,Extreme Edge,0.96,81.8,106.52,94.73,93.5,1135.3,False,True,True,False,0,0.0,
2719,Rev9,9,W094,AE-3200,CH-B,EXT-04,Extreme Edge,0.96,114.5,100.28,93.4,90.95,1030.8,True,True,True,True,1,5.58,polymer_residue
2720,Rev9,9,W094,AE-3200,CH-B,EXT-05,Extreme Edge,0.96,147.3,105.09,94.57,93.74,1093.6,False,True,True,False,0,0.0,
2721,Rev9,9,W094,AE-3200,CH-B,EXT-06,Extreme Edge,0.96,180.0,102.5,96.97,103.55,1122.2,False,True,False,False,2,12.84,
2722,Rev9,9,W094,AE-3200,CH-B,EXT-07,Extreme Edge,0.96,212.7,100.37,95.04,93.53,1174.4,True,True,True,False,1,3.11,
2723,Rev9,9,W094,AE-3200,CH-B,EXT-08,Extreme Edge,0.96,245.5,105.07,88.04,86.81,1123.0,False,True,True,False,0,0.0,
2724,Rev9,9,W094,AE-3200,CH-B,EXT-09,Extreme Edge,0.96,278.2,102.94,92.28,95.5,1050.4,False,True,False,True,0,0.0,
2725,Rev9,9,W094,AE-3200,CH-B,EXT-10,Extreme Edge,0.96,310.9,98.39,89.81,90.54,1109.0,True,True,True,False,0,0.0,
2726,Rev9,9,W094,AE-3200,CH-B,EXT-11,Extreme Edge,0.96,343.6,98.93,91.29,98.98,1119.7,True,True,False,False,0,0.0,
2727,Rev2,2,W095,PX-7500,CH-C,C1,Center,0.0,0.0,96.12,94.49,84.94,978.9,True,True,True,True,0,0.0,
2728,Rev2,2,W095,PX-7500,CH-C,MID-01,Mid,0.52,30.0,94.28,97.59,89.1,1009.9,True,True,True,True,0,0.0,
2729,Rev2,2,W095,PX-7500,CH-C,MID-02,Mid,0.52,90.0,92.22,92.88,89.03,1009.2,True,True,True,True,0,0.0,
2730,Rev2,2,W095,PX-7500,CH-C,MID-03,Mid,0.52,150.0,91.01,95.52,93.44,817.2,False,True,True,False,0,0.0,
2731,Rev2,2,W095,PX-7500,CH-C,MID-04,Mid,0.52,210.0,95.89,95.54,93.63,1016.7,True,True,True,True,0,0.0,
2732,Rev2,2,W095,PX-7500,CH-C,MID-05,Mid,0.52,270.0,96.19,96.2,93.24,845.5,True,True,True,False,0,0.0,
2733,Rev2,2,W095,PX-7500,CH-C,MID-06,Mid,0.52,330.0,95.64,92.17,89.66,854.7,True,True,True,False,2,9.46,
2734,Rev2,2,W095,PX-7500,CH-C,EDG-01,Edge,0.84,0.0,98.12,100.63,96.57,977.2,True,False,False,True,2,10.0,esc_temp_drift
2735,Rev2,2,W095,PX-7500,CH-C,EDG-02,Edge,0.84,32.7,98.74,96.23,91.15,1012.3,True,True,True,True,0,0.0,
2736,Rev2,2,W095,PX-7500,CH-C,EDG-03,Edge,0.84,65.5,96.38,101.09,100.66,954.1,True,False,False,True,0,0.0,
2737,Rev2,2,W095,PX-7500,CH-C,EDG-04,Edge,0.84,98.2,99.8,101.31,93.76,1074.0,True,False,True,True,1,1.82,
2738,Rev2,2,W095,PX-7500,CH-C,EDG-05,Edge,0.84,130.9,97.77,99.53,89.22,989.0,True,False,True,True,1,4.11,
2739,Rev2,2,W095,PX-7500,CH-C,EDG-06,Edge,0.84,163.6,99.47,99.43,97.66,936.8,True,False,False,True,2,9.37,
2740,Rev2,2,W095,PX-7500,CH-C,EDG-07,Edge,0.84,196.4,98.99,98.53,89.09,990.6,True,False,True,True,0,0.0,
2741,Rev2,2,W095,PX-7500,CH-C,EDG-08,Edge,0.84,229.1,97.21,99.73,93.77,961.0,True,False,True,True,0,0.0,
2742,Rev2,2,W095,PX-7500,CH-C,EDG-09,Edge,0.84,261.8,97.9,98.76,85.38,911.9,True,False,True,True,2,3.98,
2743,Rev2,2,W095,PX-7500,CH-C,EDG-10,Edge,0.84,294.5,96.97,96.1,89.32,1052.2,True,True,True,True,0,0.0,
2744,Rev2,2,W095,PX-7500,CH-C,EDG-11,Edge,0.84,327.3,95.81,96.42,92.82,1063.8,True,True,True,True,0,0.0,
2745,Rev2,2,W095,PX-7500,CH-C,EXT-01,Extreme Edge,0.96,16.4,97.52,97.76,97.01,1043.3,True,False,False,True,0,0.0,
2746,Rev2,2,W095,PX-7500,CH-C,EXT-02,Extreme Edge,0.96,49.1,95.25,99.81,95.64,1006.4,True,False,False,True,0,0.0,
2747,Rev2,2,W095,PX-7500,CH-C,EXT-03,Extreme Edge,0.96,81.8,97.54,96.26,96.7,1048.4,True,True,False,True,1,3.83,polymer_residue
2748,Rev2,2,W095,PX-7500,CH-C,EXT-04,Extreme Edge,0.96,114.5,98.63,100.78,90.76,979.7,True,False,True,True,1,5.17,polymer_residue
2749,Rev2,2,W095,PX-7500,CH-C,EXT-05,Extreme Edge,0.96,147.3,98.37,100.61,93.7,1007.9,True,False,True,True,0,0.0,
2750,Rev2,2,W095,PX-7500,CH-C,EXT-06,Extreme Edge,0.96,180.0,98.28,96.21,97.1,959.1,True,True,False,True,1,5.88,
2751,Rev2,2,W095,PX-7500,CH-C,EXT-07,Extreme Edge,0.96,212.7,96.01,98.62,91.19,987.6,True,False,True,True,1,5.59,pressure_spike
2752,Rev2,2,W095,PX-7500,CH-C,EXT-08,Extreme Edge,0.96,245.5,92.66,100.21,96.21,906.6,True,False,False,True,4,23.9,arc_event
2753,Rev2,2,W095,PX-7500,CH-C,EXT-09,Extreme Edge,0.96,278.2,100.88,100.24,95.37,1083.9,False,False,False,True,3,11.95,
2754,Rev2,2,W095,PX-7500,CH-C,EXT-10,Extreme Edge,0.96,310.9,101.21,96.36,96.81,1069.8,False,True,False,True,0,0.0,
2755,Rev2,2,W095,PX-7500,CH-C,EXT-11,Extreme Edge,0.96,343.6,100.5,98.67,92.85,913.0,True,False,True,True,1,4.61,
2756,Rev6,6,W096,PX-7500,CH-C,C1,Center,0.0,0.0,98.06,91.87,78.79,1031.3,True,True,True,True,0,0.0,
2757,Rev6,6,W096,PX-7500,CH-C,MID-01,Mid,0.52,30.0,98.05,88.45,80.45,948.9,True,True,True,True,1,3.76,polymer_residue
2758,Rev6,6,W096,PX-7500,CH-C,MID-02,Mid,0.52,90.0,96.22,95.81,82.12,955.7,True,True,True,True,0,0.0,
2759,Rev6,6,W096,PX-7500,CH-C,MID-03,Mid,0.52,150.0,96.48,91.11,87.05,1013.4,True,True,True,True,0,0.0,
2760,Rev6,6,W096,PX-7500,CH-C,MID-04,Mid,0.52,210.0,98.55,94.0,86.02,939.8,True,True,True,True,0,0.0,
2761,Rev6,6,W096,PX-7500,CH-C,MID-05,Mid,0.52,270.0,98.9,92.5,79.38,990.4,True,True,True,True,0,0.0,
2762,Rev6,6,W096,PX-7500,CH-C,MID-06,Mid,0.52,330.0,97.02,95.43,80.98,938.3,True,True,True,True,2,9.43,
2763,Rev6,6,W096,PX-7500,CH-C,EDG-01,Edge,0.84,0.0,100.28,91.09,83.38,995.5,True,True,True,True,0,0.0,
2764,Rev6,6,W096,PX-7500,CH-C,EDG-02,Edge,0.84,32.7,99.76,95.03,83.21,1086.8,True,True,True,True,1,3.98,
2765,Rev6,6,W096,PX-7500,CH-C,EDG-03,Edge,0.84,65.5,98.28,94.27,89.85,963.0,True,True,True,True,0,0.0,
2766,Rev6,6,W096,PX-7500,CH-C,EDG-04,Edge,0.84,98.2,96.63,94.2,82.03,1099.9,True,True,True,False,1,5.92,
2767,Rev6,6,W096,PX-7500,CH-C,EDG-05,Edge,0.84,130.9,101.6,94.2,89.25,986.0,False,True,True,True,1,4.76,
2768,Rev6,6,W096,PX-7500,CH-C,EDG-06,Edge,0.84,163.6,94.34,98.45,86.61,1115.4,True,False,True,False,2,12.06,arc_event
2769,Rev6,6,W096,PX-7500,CH-C,EDG-07,Edge,0.84,196.4,104.05,97.26,84.51,891.0,False,True,True,True,0,0.0,
2770,Rev6,6,W096,PX-7500,CH-C,EDG-08,Edge,0.84,229.1,99.28,96.43,80.54,987.4,True,True,True,True,1,4.38,
2771,Rev6,6,W096,PX-7500,CH-C,EDG-09,Edge,0.84,261.8,99.09,94.75,85.57,1052.7,True,True,True,True,2,3.62,polymer_residue
2772,Rev6,6,W096,PX-7500,CH-C,EDG-10,Edge,0.84,294.5,99.1,91.27,86.29,998.7,True,True,True,True,1,3.03,arc_event
2773,Rev6,6,W096,PX-7500,CH-C,EDG-11,Edge,0.84,327.3,101.24,91.37,90.47,1016.1,False,True,True,True,0,0.0,
2774,Rev6,6,W096,PX-7500,CH-C,EXT-01,Extreme Edge,0.96,16.4,99.65,91.99,86.3,977.2,True,True,True,True,0,0.0,
2775,Rev6,6,W096,PX-7500,CH-C,EXT-02,Extreme Edge,0.96,49.1,101.35,93.37,82.88,1007.0,False,True,True,True,2,8.91,polymer_residue
2776,Rev6,6,W096,PX-7500,CH-C,EXT-03,Extreme Edge,0.96,81.8,100.15,93.37,88.3,1084.2,True,True,True,True,0,0.0,
2777,Rev6,6,W096,PX-7500,CH-C,EXT-04,Extreme Edge,0.96,114.5,101.76,92.29,89.3,999.7,False,True,True,True,0,0.0,
2778,Rev6,6,W096,PX-7500,CH-C,EXT-05,Extreme Edge,0.96,147.3,98.6,96.74,90.02,1030.0,True,True,True,True,1,5.33,polymer_residue
2779,Rev6,6,W096,PX-7500,CH-C,EXT-06,Extreme Edge,0.96,180.0,102.47,89.19,89.31,927.4,False,True,True,True,1,5.49,
2780,Rev6,6,W096,PX-7500,CH-C,EXT-07,Extreme Edge,0.96,212.7,104.3,93.53,83.17,1025.5,False,True,True,True,0,0.0,
2781,Rev6,6,W096,PX-7500,CH-C,EXT-08,Extreme Edge,0.96,245.5,98.78,92.3,88.6,961.9,True,True,True,True,1,3.68,polymer_residue
2782,Rev6,6,W096,PX-7500,CH-C,EXT-09,Extreme Edge,0.96,278.2,100.33,95.41,88.11,1138.6,True,True,True,False,0,0.0,
2783,Rev6,6,W096,PX-7500,CH-C,EXT-10,Extreme Edge,0.96,310.9,103.65,92.4,92.65,1064.6,False,True,True,True,1,3.3,pressure_spike
2784,Rev6,6,W096,PX-7500,CH-C,EXT-11,Extreme Edge,0.96,343.6,100.46,90.33,90.47,1003.5,True,True,True,True,1,6.12,
2785,Rev5,5,W097,AE-3200,CH-B,C1,Center,0.0,0.0,97.79,92.35,81.43,924.8,True,True,True,True,1,2.43,
2786,Rev5,5,W097,AE-3200,CH-B,MID-01,Mid,0.52,30.0,96.99,89.56,78.39,939.0,True,True,True,True,0,0.0,
2787,Rev5,5,W097,AE-3200,CH-B,MID-02,Mid,0.52,90.0,95.3,96.15,89.57,979.9,True,True,True,True,0,0.0,
2788,Rev5,5,W097,AE-3200,CH-B,MID-03,Mid,0.52,150.0,97.57,93.28,91.72,915.1,True,True,True,True,0,0.0,
2789,Rev5,5,W097,AE-3200,CH-B,MID-04,Mid,0.52,210.0,98.9,92.66,87.89,1015.1,True,True,True,True,0,0.0,
2790,Rev5,5,W097,AE-3200,CH-B,MID-05,Mid,0.52,270.0,99.29,90.65,88.0,914.4,True,True,True,True,0,0.0,
2791,Rev5,5,W097,AE-3200,CH-B,MID-06,Mid,0.52,330.0,98.19,90.93,89.79,978.2,True,True,True,True,1,4.56,arc_event
2792,Rev5,5,W097,AE-3200,CH-B,EDG-01,Edge,0.84,0.0,98.17,94.33,88.71,1003.0,True,True,True,True,1,6.21,
2793,Rev5,5,W097,AE-3200,CH-B,EDG-02,Edge,0.84,32.7,100.02,99.42,92.22,971.3,True,False,True,True,1,5.65,polymer_residue
2794,Rev5,5,W097,AE-3200,CH-B,EDG-03,Edge,0.84,65.5,100.0,97.0,88.32,1008.7,True,True,True,True,0,0.0,
2795,Rev5,5,W097,AE-3200,CH-B,EDG-04,Edge,0.84,98.2,99.3,97.66,86.85,914.5,True,False,True,True,0,0.0,
2796,Rev5,5,W097,AE-3200,CH-B,EDG-05,Edge,0.84,130.9,95.16,92.72,84.95,902.5,True,True,True,True,0,0.0,
2797,Rev5,5,W097,AE-3200,CH-B,EDG-06,Edge,0.84,163.6,99.23,98.81,88.26,1027.9,True,False,True,True,2,8.79,
2798,Rev5,5,W097,AE-3200,CH-B,EDG-07,Edge,0.84,196.4,96.94,94.18,89.59,959.8,True,True,True,True,1,2.64,
2799,Rev5,5,W097,AE-3200,CH-B,EDG-08,Edge,0.84,229.1,100.35,93.23,91.48,1004.4,True,True,True,True,1,5.39,
2800,Rev5,5,W097,AE-3200,CH-B,EDG-09,Edge,0.84,261.8,99.62,93.33,93.04,943.5,True,True,True,True,0,0.0,
2801,Rev5,5,W097,AE-3200,CH-B,EDG-10,Edge,0.84,294.5,98.16,97.85,85.96,1022.9,True,False,True,True,1,2.51,
2802,Rev5,5,W097,AE-3200,CH-B,EDG-11,Edge,0.84,327.3,98.28,94.21,89.35,950.0,True,True,True,True,0,0.0,
2803,Rev5,5,W097,AE-3200,CH-B,EXT-01,Extreme Edge,0.96,16.4,98.88,95.6,93.23,970.0,True,True,True,True,2,9.17,
2804,Rev5,5,W097,AE-3200,CH-B,EXT-02,Extreme Edge,0.96,49.1,99.52,94.75,89.25,852.3,True,True,True,False,1,1.81,esc_temp_drift
2805,Rev5,5,W097,AE-3200,CH-B,EXT-03,Extreme Edge,0.96,81.8,100.08,95.8,87.9,983.1,True,True,True,True,0,0.0,
2806,Rev5,5,W097,AE-3200,CH-B,EXT-04,Extreme Edge,0.96,114.5,102.07,95.21,86.02,929.2,False,True,True,True,1,3.18,
2807,Rev5,5,W097,AE-3200,CH-B,EXT-05,Extreme Edge,0.96,147.3,101.93,99.05,90.42,1032.2,False,False,True,True,1,2.42,endpoint_late
2808,Rev5,5,W097,AE-3200,CH-B,EXT-06,Extreme Edge,0.96,180.0,99.55,91.33,81.13,996.9,True,True,True,True,0,0.0,
2809,Rev5,5,W097,AE-3200,CH-B,EXT-07,Extreme Edge,0.96,212.7,99.45,93.33,87.65,954.9,True,True,True,True,0,0.0,
2810,Rev5,5,W097,AE-3200,CH-B,EXT-08,Extreme Edge,0.96,245.5,101.49,95.44,85.68,900.4,False,True,True,True,1,3.07,
2811,Rev5,5,W097,AE-3200,CH-B,EXT-09,Extreme Edge,0.96,278.2,100.46,92.45,84.08,1049.3,True,True,True,True,1,4.17,esc_temp_drift
2812,Rev5,5,W097,AE-3200,CH-B,EXT-10,Extreme Edge,0.96,310.9,98.87,99.89,87.04,956.5,True,False,True,True,0,0.0,
2813,Rev5,5,W097,AE-3200,CH-B,EXT-11,Extreme Edge,0.96,343.6,97.13,100.89,78.34,916.4,True,False,True,True,0,0.0,
2814,Rev1,1,W098,AE-3200,CH-B,C1,Center,0.0,0.0,92.37,95.67,81.64,916.4,True,True,True,True,0,0.0,
2815,Rev1,1,W098,AE-3200,CH-B,MID-01,Mid,0.52,30.0,92.47,99.55,84.39,969.6,True,False,True,True,0,0.0,
2816,Rev1,1,W098,AE-3200,CH-B,MID-02,Mid,0.52,90.0,94.66,97.68,75.99,918.6,True,False,False,True,1,4.62,
2817,Rev1,1,W098,AE-3200,CH-B,MID-03,Mid,0.52,150.0,92.85,100.9,78.11,850.4,True,False,True,False,1,6.03,polymer_residue
2818,Rev1,1,W098,AE-3200,CH-B,MID-04,Mid,0.52,210.0,93.03,99.37,81.36,940.7,True,False,True,True,0,0.0,
2819,Rev1,1,W098,AE-3200,CH-B,MID-05,Mid,0.52,270.0,93.96,95.63,79.97,1004.4,True,True,True,True,1,4.16,
2820,Rev1,1,W098,AE-3200,CH-B,MID-06,Mid,0.52,330.0,92.85,100.63,68.77,996.3,True,False,False,True,1,2.52,polymer_residue
2821,Rev1,1,W098,AE-3200,CH-B,EDG-01,Edge,0.84,0.0,92.98,99.89,76.29,842.5,True,False,False,False,2,11.33,
2822,Rev1,1,W098,AE-3200,CH-B,EDG-02,Edge,0.84,32.7,96.28,97.41,79.92,960.2,True,True,True,True,0,0.0,
2823,Rev1,1,W098,AE-3200,CH-B,EDG-03,Edge,0.84,65.5,93.71,100.38,91.01,910.0,True,False,True,True,1,5.49,
2824,Rev1,1,W098,AE-3200,CH-B,EDG-04,Edge,0.84,98.2,97.35,102.66,81.88,1054.1,True,False,True,True,0,0.0,
2825,Rev1,1,W098,AE-3200,CH-B,EDG-05,Edge,0.84,130.9,95.38,101.59,82.45,973.7,True,False,True,True,1,4.37,
2826,Rev1,1,W098,AE-3200,CH-B,EDG-06,Edge,0.84,163.6,99.05,99.16,75.67,1136.7,True,False,False,False,0,0.0,
2827,Rev1,1,W098,AE-3200,CH-B,EDG-07,Edge,0.84,196.4,94.05,103.78,80.96,933.3,True,False,True,True,1,3.65,polymer_residue
2828,Rev1,1,W098,AE-3200,CH-B,EDG-08,Edge,0.84,229.1,95.55,98.24,79.94,1063.8,True,False,True,True,2,12.41,polymer_residue
2829,Rev1,1,W098,AE-3200,CH-B,EDG-09,Edge,0.84,261.8,94.64,99.18,85.19,1020.5,True,False,True,True,1,4.79,polymer_residue
2830,Rev1,1,W098,AE-3200,CH-B,EDG-10,Edge,0.84,294.5,98.66,102.89,84.22,938.8,True,False,True,True,1,2.91,polymer_residue
2831,Rev1,1,W098,AE-3200,CH-B,EDG-11,Edge,0.84,327.3,94.71,102.91,85.03,908.2,True,False,True,True,1,4.5,esc_temp_drift
2832,Rev1,1,W098,AE-3200,CH-B,EXT-01,Extreme Edge,0.96,16.4,99.64,100.63,79.84,972.0,True,False,True,True,0,0.0,
2833,Rev1,1,W098,AE-3200,CH-B,EXT-02,Extreme Edge,0.96,49.1,94.03,100.28,85.04,905.6,True,False,True,True,0,0.0,
2834,Rev1,1,W098,AE-3200,CH-B,EXT-03,Extreme Edge,0.96,81.8,95.67,102.16,86.89,979.2,True,False,True,True,0,0.0,
2835,Rev1,1,W098,AE-3200,CH-B,EXT-04,Extreme Edge,0.96,114.5,95.32,101.75,85.91,958.8,True,False,True,True,0,0.0,
2836,Rev1,1,W098,AE-3200,CH-B,EXT-05,Extreme Edge,0.96,147.3,100.03,104.4,83.21,918.6,True,False,True,True,1,3.71,arc_event
2837,Rev1,1,W098,AE-3200,CH-B,EXT-06,Extreme Edge,0.96,180.0,95.69,100.11,81.9,935.6,True,False,True,True,1,3.34,pressure_spike
2838,Rev1,1,W098,AE-3200,CH-B,EXT-07,Extreme Edge,0.96,212.7,96.78,101.15,89.11,982.9,True,False,True,True,1,2.42,
2839,Rev1,1,W098,AE-3200,CH-B,EXT-08,Extreme Edge,0.96,245.5,92.56,100.49,87.29,970.8,True,False,True,True,0,0.0,
2840,Rev1,1,W098,AE-3200,CH-B,EXT-09,Extreme Edge,0.96,278.2,95.7,102.5,79.59,947.6,True,False,True,True,0,0.0,
2841,Rev1,1,W098,AE-3200,CH-B,EXT-10,Extreme Edge,0.96,310.9,98.79,99.15,87.32,865.4,True,False,True,False,1,2.74,
2842,Rev1,1,W098,AE-3200,CH-B,EXT-11,Extreme Edge,0.96,343.6,98.36,99.21,88.05,907.0,True,False,True,True,2,11.87,polymer_residue
2843,Rev1,1,W099,AE-3200,CH-B,C1,Center,0.0,0.0,90.81,96.27,77.34,930.1,False,True,False,True,1,3.87,pressure_spike
2844,Rev1,1,W099,AE-3200,CH-B,MID-01,Mid,0.52,30.0,94.8,95.86,82.5,887.3,True,True,True,True,0,0.0,
2845,Rev1,1,W099,AE-3200,CH-B,MID-02,Mid,0.52,90.0,95.44,98.42,79.74,965.6,True,False,True,True,1,4.91,pressure_spike
2846,Rev1,1,W099,AE-3200,CH-B,MID-03,Mid,0.52,150.0,97.1,98.57,69.05,892.2,True,False,False,True,3,12.14,pressure_spike
2847,Rev1,1,W099,AE-3200,CH-B,MID-04,Mid,0.52,210.0,94.94,102.49,83.15,982.2,True,False,True,True,0,0.0,
2848,Rev1,1,W099,AE-3200,CH-B,MID-05,Mid,0.52,270.0,94.94,99.78,78.97,979.3,True,False,True,True,0,0.0,
2849,Rev1,1,W099,AE-3200,CH-B,MID-06,Mid,0.52,330.0,95.95,95.34,80.32,998.4,True,True,True,True,0,0.0,
2850,Rev1,1,W099,AE-3200,CH-B,EDG-01,Edge,0.84,0.0,93.36,102.0,78.25,1014.3,True,False,True,True,1,4.93,polymer_residue
2851,Rev1,1,W099,AE-3200,CH-B,EDG-02,Edge,0.84,32.7,95.94,103.44,93.9,950.8,True,False,True,True,0,0.0,
2852,Rev1,1,W099,AE-3200,CH-B,EDG-03,Edge,0.84,65.5,96.69,97.76,87.15,1019.4,True,False,True,True,0,0.0,
2853,Rev1,1,W099,AE-3200,CH-B,EDG-04,Edge,0.84,98.2,97.68,97.22,84.21,945.4,True,True,True,True,0,0.0,
2854,Rev1,1,W099,AE-3200,CH-B,EDG-05,Edge,0.84,130.9,92.91,100.43,80.43,931.5,True,False,True,True,1,5.25,
2855,Rev1,1,W099,AE-3200,CH-B,EDG-06,Edge,0.84,163.6,94.69,98.22,85.94,1059.1,True,False,True,True,0,0.0,
2856,Rev1,1,W099,AE-3200,CH-B,EDG-07,Edge,0.84,196.4,94.6,99.0,87.99,959.1,True,False,True,True,0,0.0,
2857,Rev1,1,W099,AE-3200,CH-B,EDG-08,Edge,0.84,229.1,98.56,104.15,86.17,1037.9,True,False,True,True,1,4.61,
2858,Rev1,1,W099,AE-3200,CH-B,EDG-09,Edge,0.84,261.8,95.54,100.58,85.65,955.7,True,False,True,True,1,3.57,polymer_residue
2859,Rev1,1,W099,AE-3200,CH-B,EDG-10,Edge,0.84,294.5,95.26,96.95,82.12,1002.5,True,True,True,True,1,6.25,
2860,Rev1,1,W099,AE-3200,CH-B,EDG-11,Edge,0.84,327.3,96.59,99.87,85.8,990.6,True,False,True,True,1,5.77,
2861,Rev1,1,W099,AE-3200,CH-B,EXT-01,Extreme Edge,0.96,16.4,100.34,101.51,92.58,922.1,True,False,True,True,1,6.0,
2862,Rev1,1,W099,AE-3200,CH-B,EXT-02,Extreme Edge,0.96,49.1,98.71,102.26,86.83,944.2,True,False,True,True,1,5.07,
2863,Rev1,1,W099,AE-3200,CH-B,EXT-03,Extreme Edge,0.96,81.8,97.39,98.09,79.14,979.6,True,False,True,True,1,5.06,
2864,Rev1,1,W099,AE-3200,CH-B,EXT-04,Extreme Edge,0.96,114.5,95.09,97.28,84.67,932.9,True,True,True,True,0,0.0,
2865,Rev1,1,W099,AE-3200,CH-B,EXT-05,Extreme Edge,0.96,147.3,97.46,98.52,80.72,1023.8,True,False,True,True,2,12.7,
2866,Rev1,1,W099,AE-3200,CH-B,EXT-06,Extreme Edge,0.96,180.0,97.6,98.89,83.58,991.6,True,False,True,True,0,0.0,
2867,Rev1,1,W099,AE-3200,CH-B,EXT-07,Extreme Edge,0.96,212.7,102.04,98.28,93.27,1006.9,False,False,True,True,1,5.84,
2868,Rev1,1,W099,AE-3200,CH-B,EXT-08,Extreme Edge,0.96,245.5,94.68,99.71,88.05,979.5,True,False,True,True,0,0.0,
2869,Rev1,1,W099,AE-3200,CH-B,EXT-09,Extreme Edge,0.96,278.2,95.21,102.99,88.17,1058.7,True,False,True,True,0,0.0,
2870,Rev1,1,W099,AE-3200,CH-B,EXT-10,Extreme Edge,0.96,310.9,95.88,102.09,84.77,982.1,True,False,True,True,0,0.0,
2871,Rev1,1,W099,AE-3200,CH-B,EXT-11,Extreme Edge,0.96,343.6,98.42,103.63,83.93,1014.1,True,False,True,True,3,10.71,arc_event
2872,Rev1,1,W100,AE-3200,CH-B,C1,Center,0.0,0.0,94.16,96.5,77.97,1036.3,True,True,False,True,0,0.0,
2873,Rev1,1,W100,AE-3200,CH-B,MID-01,Mid,0.52,30.0,93.11,98.9,82.78,1018.4,True,False,True,True,0,0.0,
2874,Rev1,1,W100,AE-3200,CH-B,MID-02,Mid,0.52,90.0,97.81,96.32,76.35,909.6,True,True,False,True,0,0.0,
2875,Rev1,1,W100,AE-3200,CH-B,MID-03,Mid,0.52,150.0,98.34,98.89,86.2,942.3,True,False,True,True,0,0.0,
2876,Rev1,1,W100,AE-3200,CH-B,MID-04,Mid,0.52,210.0,95.18,97.64,85.39,964.7,True,False,True,True,0,0.0,
2877,Rev1,1,W100,AE-3200,CH-B,MID-05,Mid,0.52,270.0,91.07,98.59,85.7,958.3,False,False,True,True,0,0.0,
2878,Rev1,1,W100,AE-3200,CH-B,MID-06,Mid,0.52,330.0,93.89,93.66,78.89,940.2,True,True,True,True,0,0.0,
2879,Rev1,1,W100,AE-3200,CH-B,EDG-01,Edge,0.84,0.0,99.09,99.88,88.77,905.2,True,False,True,True,2,9.64,
2880,Rev1,1,W100,AE-3200,CH-B,EDG-02,Edge,0.84,32.7,94.9,97.21,88.53,984.6,True,True,True,True,0,0.0,
2881,Rev1,1,W100,AE-3200,CH-B,EDG-03,Edge,0.84,65.5,95.26,100.59,82.71,1071.9,True,False,True,True,0,0.0,
2882,Rev1,1,W100,AE-3200,CH-B,EDG-04,Edge,0.84,98.2,97.85,100.93,89.54,970.0,True,False,True,True,0,0.0,
2883,Rev1,1,W100,AE-3200,CH-B,EDG-05,Edge,0.84,130.9,98.25,103.02,91.44,915.9,True,False,True,True,1,2.61,
2884,Rev1,1,W100,AE-3200,CH-B,EDG-06,Edge,0.84,163.6,95.37,101.15,86.15,1068.8,True,False,True,True,2,3.68,
2885,Rev1,1,W100,AE-3200,CH-B,EDG-07,Edge,0.84,196.4,94.89,101.88,78.17,902.3,True,False,True,True,1,4.67,
2886,Rev1,1,W100,AE-3200,CH-B,EDG-08,Edge,0.84,229.1,95.56,101.15,89.88,1085.2,True,False,True,True,0,0.0,
2887,Rev1,1,W100,AE-3200,CH-B,EDG-09,Edge,0.84,261.8,94.28,99.85,88.81,890.6,True,False,True,True,2,12.73,
2888,Rev1,1,W100,AE-3200,CH-B,EDG-10,Edge,0.84,294.5,97.9,102.75,80.48,1074.0,True,False,True,True,0,0.0,
2889,Rev1,1,W100,AE-3200,CH-B,EDG-11,Edge,0.84,327.3,94.91,99.21,77.04,934.2,True,False,False,True,1,4.34,
2890,Rev1,1,W100,AE-3200,CH-B,EXT-01,Extreme Edge,0.96,16.4,101.26,99.97,90.9,1100.2,False,False,True,False,1,6.07,
2891,Rev1,1,W100,AE-3200,CH-B,EXT-02,Extreme Edge,0.96,49.1,93.13,94.39,84.29,950.0,True,True,True,True,0,0.0,
2892,Rev1,1,W100,AE-3200,CH-B,EXT-03,Extreme Edge,0.96,81.8,94.61,103.41,91.82,1078.7,True,False,True,True,0,0.0,
2893,Rev1,1,W100,AE-3200,CH-B,EXT-04,Extreme Edge,0.96,114.5,97.62,97.34,90.44,978.9,True,True,True,True,1,2.15,esc_temp_drift
2894,Rev1,1,W100,AE-3200,CH-B,EXT-05,Extreme Edge,0.96,147.3,97.8,98.27,86.0,964.5,True,False,True,True,1,3.33,polymer_residue
2895,Rev1,1,W100,AE-3200,CH-B,EXT-06,Extreme Edge,0.96,180.0,94.8,99.85,88.65,945.3,True,False,True,True,1,6.29,
2896,Rev1,1,W100,AE-3200,CH-B,EXT-07,Extreme Edge,0.96,212.7,95.55,99.57,78.36,960.3,True,False,True,True,0,0.0,
2897,Rev1,1,W100,AE-3200,CH-B,EXT-08,Extreme Edge,0.96,245.5,93.57,100.8,81.21,999.3,True,False,True,True,1,4.56,polymer_residue
2898,Rev1,1,W100,AE-3200,CH-B,EXT-09,Extreme Edge,0.96,278.2,93.54,101.33,82.73,924.4,True,False,True,True,2,4.41,
2899,Rev1,1,W100,AE-3200,CH-B,EXT-10,Extreme Edge,0.96,310.9,95.76,99.33,89.84,965.8,True,False,True,True,0,0.0,
2900,Rev1,1,W100,AE-3200,CH-B,EXT-11,Extreme Edge,0.96,343.6,96.91,100.44,86.29,1084.3,True,False,True,True,1,3.81,
2901,Rev11,11,W101,PX-7500,CH-D,C1,Center,0.0,0.0,98.97,91.03,97.98,1100.4,True,True,False,False,0,0.0,
2902,Rev11,11,W101,PX-7500,CH-D,MID-01,Mid,0.52,30.0,95.27,94.48,97.43,1001.8,True,True,False,True,1,2.7,
2903,Rev11,11,W101,PX-7500,CH-D,MID-02,Mid,0.52,90.0,99.12,93.54,92.96,1096.2,True,True,True,False,0,0.0,
2904,Rev11,11,W101,PX-7500,CH-D,MID-03,Mid,0.52,150.0,94.59,94.38,98.43,1111.2,True,True,False,False,0,0.0,
2905,Rev11,11,W101,PX-7500,CH-D,MID-04,Mid,0.52,210.0,101.66,94.84,97.28,1117.5,False,True,False,False,0,0.0,
2906,Rev11,11,W101,PX-7500,CH-D,MID-05,Mid,0.52,270.0,97.69,91.02,97.85,1194.2,True,True,False,False,1,3.76,polymer_residue
2907,Rev11,11,W101,PX-7500,CH-D,MID-06,Mid,0.52,330.0,95.91,93.57,91.33,1182.0,True,True,True,False,0,0.0,
2908,Rev11,11,W101,PX-7500,CH-D,EDG-01,Edge,0.84,0.0,101.31,96.04,92.96,1140.2,False,True,True,False,3,7.47,
2909,Rev11,11,W101,PX-7500,CH-D,EDG-02,Edge,0.84,32.7,102.96,94.76,97.25,1213.2,False,True,False,False,1,3.87,polymer_residue
2910,Rev11,11,W101,PX-7500,CH-D,EDG-03,Edge,0.84,65.5,98.23,98.02,98.6,1126.8,True,False,False,False,3,6.35,
2911,Rev11,11,W101,PX-7500,CH-D,EDG-04,Edge,0.84,98.2,98.27,98.64,104.81,1160.3,True,False,False,False,0,0.0,
2912,Rev11,11,W101,PX-7500,CH-D,EDG-05,Edge,0.84,130.9,101.33,91.03,98.67,1104.0,False,True,False,False,1,1.88,polymer_residue
2913,Rev11,11,W101,PX-7500,CH-D,EDG-06,Edge,0.84,163.6,100.04,93.3,104.23,1122.1,True,True,False,False,0,0.0,
2914,Rev11,11,W101,PX-7500,CH-D,EDG-07,Edge,0.84,196.4,102.29,95.33,108.73,1102.4,False,True,False,False,0,0.0,
2915,Rev11,11,W101,PX-7500,CH-D,EDG-08,Edge,0.84,229.1,101.54,94.72,96.18,1145.0,False,True,False,False,2,8.06,
2916,Rev11,11,W101,PX-7500,CH-D,EDG-09,Edge,0.84,261.8,97.12,92.93,97.81,1075.5,True,True,False,True,0,0.0,
2917,Rev11,11,W101,PX-7500,CH-D,EDG-10,Edge,0.84,294.5,103.77,94.67,99.84,1153.4,False,True,False,False,1,5.69,polymer_residue
2918,Rev11,11,W101,PX-7500,CH-D,EDG-11,Edge,0.84,327.3,100.93,92.66,95.64,1167.4,False,True,False,False,0,0.0,
2919,Rev11,11,W101,PX-7500,CH-D,EXT-01,Extreme Edge,0.96,16.4,99.96,93.32,98.25,1099.4,True,True,False,False,3,15.49,
2920,Rev11,11,W101,PX-7500,CH-D,EXT-02,Extreme Edge,0.96,49.1,104.58,93.04,98.82,1083.9,False,True,False,True,0,0.0,
2921,Rev11,11,W101,PX-7500,CH-D,EXT-03,Extreme Edge,0.96,81.8,101.55,98.14,98.81,1051.9,False,False,False,True,1,3.52,
2922,Rev11,11,W101,PX-7500,CH-D,EXT-04,Extreme Edge,0.96,114.5,99.18,93.0,93.62,1182.7,True,True,True,False,2,9.66,
2923,Rev11,11,W101,PX-7500,CH-D,EXT-05,Extreme Edge,0.96,147.3,99.35,99.98,105.1,1160.4,True,False,False,False,0,0.0,
2924,Rev11,11,W101,PX-7500,CH-D,EXT-06,Extreme Edge,0.96,180.0,102.7,95.62,98.02,1176.7,False,True,False,False,2,9.04,
2925,Rev11,11,W101,PX-7500,CH-D,EXT-07,Extreme Edge,0.96,212.7,102.3,100.08,103.84,1165.1,False,False,False,False,1,5.65,polymer_residue
2926,Rev11,11,W101,PX-7500,CH-D,EXT-08,Extreme Edge,0.96,245.5,100.7,93.9,105.59,1118.1,True,True,False,False,1,2.54,esc_temp_drift
2927,Rev11,11,W101,PX-7500,CH-D,EXT-09,Extreme Edge,0.96,278.2,103.05,95.28,99.91,1050.5,False,True,False,True,1,5.6,
2928,Rev11,11,W101,PX-7500,CH-D,EXT-10,Extreme Edge,0.96,310.9,99.97,98.28,102.18,1075.6,True,False,False,True,1,4.32,polymer_residue
2929,Rev11,11,W101,PX-7500,CH-D,EXT-11,Extreme Edge,0.96,343.6,100.49,93.38,97.5,1071.4,True,True,False,True,1,3.13,
2930,Rev10,10,W102,PX-7500,CH-C,C1,Center,0.0,0.0,96.04,91.56,98.24,1100.4,True,True,False,False,0,0.0,
2931,Rev10,10,W102,PX-7500,CH-C,MID-01,Mid,0.52,30.0,93.42,87.67,97.24,1082.4,True,True,False,True,1,2.92,
2932,Rev10,10,W102,PX-7500,CH-C,MID-02,Mid,0.52,90.0,96.84,91.43,87.98,1030.1,True,True,True,True,0,0.0,
2933,Rev10,10,W102,PX-7500,CH-C,MID-03,Mid,0.52,150.0,99.37,94.46,97.95,1021.1,True,True,False,True,0,0.0,
2934,Rev10,10,W102,PX-7500,CH-C,MID-04,Mid,0.52,210.0,96.64,92.72,106.03,1057.0,True,True,False,True,0,0.0,
2935,Rev10,10,W102,PX-7500,CH-C,MID-05,Mid,0.52,270.0,94.98,90.73,97.17,1026.6,True,True,False,True,0,0.0,
2936,Rev10,10,W102,PX-7500,CH-C,MID-06,Mid,0.52,330.0,94.57,96.6,92.25,905.9,True,True,True,True,0,0.0,
2937,Rev10,10,W102,PX-7500,CH-C,EDG-01,Edge,0.84,0.0,100.51,92.39,99.8,1007.9,True,True,False,True,0,0.0,
2938,Rev10,10,W102,PX-7500,CH-C,EDG-02,Edge,0.84,32.7,95.45,92.58,93.93,1157.0,True,True,True,False,0,0.0,
2939,Rev10,10,W102,PX-7500,CH-C,EDG-03,Edge,0.84,65.5,101.18,90.82,96.85,1085.2,False,True,False,True,1,6.28,
2940,Rev10,10,W102,PX-7500,CH-C,EDG-04,Edge,0.84,98.2,99.1,93.73,97.69,1111.0,True,True,False,False,0,0.0,
2941,Rev10,10,W102,PX-7500,CH-C,EDG-05,Edge,0.84,130.9,101.12,93.25,100.23,1094.2,False,True,False,False,0,0.0,
2942,Rev10,10,W102,PX-7500,CH-C,EDG-06,Edge,0.84,163.6,100.36,92.42,102.39,1002.4,True,True,False,True,0,0.0,
2943,Rev10,10,W102,PX-7500,CH-C,EDG-07,Edge,0.84,196.4,99.64,92.14,96.79,1086.3,True,True,False,True,3,8.47,
2944,Rev10,10,W102,PX-7500,CH-C,EDG-08,Edge,0.84,229.1,102.01,93.3,101.25,1239.1,False,True,False,False,1,4.46,
2945,Rev10,10,W102,PX-7500,CH-C,EDG-09,Edge,0.84,261.8,101.91,95.86,98.66,1083.6,False,True,False,True,0,0.0,
2946,Rev10,10,W102,PX-7500,CH-C,EDG-10,Edge,0.84,294.5,98.3,94.77,95.46,1113.6,True,True,False,False,0,0.0,
2947,Rev10,10,W102,PX-7500,CH-C,EDG-11,Edge,0.84,327.3,98.34,95.19,101.66,1016.1,True,True,False,True,0,0.0,
2948,Rev10,10,W102,PX-7500,CH-C,EXT-01,Extreme Edge,0.96,16.4,100.81,92.06,98.17,1070.2,False,True,False,True,0,0.0,
2949,Rev10,10,W102,PX-7500,CH-C,EXT-02,Extreme Edge,0.96,49.1,101.58,93.92,102.03,1023.3,False,True,False,True,2,3.86,esc_temp_drift
2950,Rev10,10,W102,PX-7500,CH-C,EXT-03,Extreme Edge,0.96,81.8,98.94,92.31,100.81,1023.4,True,True,False,True,2,9.08,pressure_spike
2951,Rev10,10,W102,PX-7500,CH-C,EXT-04,Extreme Edge,0.96,114.5,99.2,91.09,98.7,1127.3,True,True,False,False,2,10.97,
2952,Rev10,10,W102,PX-7500,CH-C,EXT-05,Extreme Edge,0.96,147.3,98.72,90.82,92.11,1008.0,True,True,True,True,2,5.68,polymer_residue
2953,Rev10,10,W102,PX-7500,CH-C,EXT-06,Extreme Edge,0.96,180.0,101.31,93.23,102.11,1115.8,False,True,False,False,0,0.0,
2954,Rev10,10,W102,PX-7500,CH-C,EXT-07,Extreme Edge,0.96,212.7,101.38,92.49,105.4,1029.3,False,True,False,True,1,3.86,arc_event
2955,Rev10,10,W102,PX-7500,CH-C,EXT-08,Extreme Edge,0.96,245.5,102.78,92.88,100.86,1137.3,False,True,False,False,1,4.9,polymer_residue
2956,Rev10,10,W102,PX-7500,CH-C,EXT-09,Extreme Edge,0.96,278.2,98.72,93.55,97.5,977.8,True,True,False,True,0,0.0,
2957,Rev10,10,W102,PX-7500,CH-C,EXT-10,Extreme Edge,0.96,310.9,99.31,98.59,98.76,1094.2,True,False,False,False,1,3.85,pressure_spike
2958,Rev10,10,W102,PX-7500,CH-C,EXT-11,Extreme Edge,0.96,343.6,99.6,94.39,100.14,951.5,True,True,False,True,0,0.0,
2959,Rev2,2,W103,PX-7500,CH-C,C1,Center,0.0,0.0,95.45,94.14,82.65,954.4,True,True,True,True,0,0.0,
2960,Rev2,2,W103,PX-7500,CH-C,MID-01,Mid,0.52,30.0,94.6,92.13,89.23,1031.4,True,True,True,True,0,0.0,
2961,Rev2,2,W103,PX-7500,CH-C,MID-02,Mid,0.52,90.0,99.92,92.55,92.77,956.9,True,True,True,True,1,4.6,arc_event
2962,Rev2,2,W103,PX-7500,CH-C,MID-03,Mid,0.52,150.0,93.06,97.95,93.25,982.8,True,False,True,True,0,0.0,
2963,Rev2,2,W103,PX-7500,CH-C,MID-04,Mid,0.52,210.0,97.1,93.94,85.77,787.1,True,True,True,False,0,0.0,
2964,Rev2,2,W103,PX-7500,CH-C,MID-05,Mid,0.52,270.0,93.83,94.25,96.62,951.8,True,True,False,True,0,0.0,
2965,Rev2,2,W103,PX-7500,CH-C,MID-06,Mid,0.52,330.0,96.66,94.47,89.05,827.1,True,True,True,False,0,0.0,
2966,Rev2,2,W103,PX-7500,CH-C,EDG-01,Edge,0.84,0.0,97.37,95.69,86.81,934.6,True,True,True,True,0,0.0,
2967,Rev2,2,W103,PX-7500,CH-C,EDG-02,Edge,0.84,32.7,97.28,96.41,90.52,987.2,True,True,True,True,1,4.38,
2968,Rev2,2,W103,PX-7500,CH-C,EDG-03,Edge,0.84,65.5,98.28,99.79,97.88,918.8,True,False,False,True,1,4.36,polymer_residue
2969,Rev2,2,W103,PX-7500,CH-C,EDG-04,Edge,0.84,98.2,95.92,94.41,92.11,962.3,True,True,True,True,1,3.61,endpoint_late
2970,Rev2,2,W103,PX-7500,CH-C,EDG-05,Edge,0.84,130.9,98.04,94.12,92.61,921.7,True,True,True,True,1,2.56,endpoint_late
2971,Rev2,2,W103,PX-7500,CH-C,EDG-06,Edge,0.84,163.6,99.48,97.34,82.62,1039.8,True,True,True,True,0,0.0,
2972,Rev2,2,W103,PX-7500,CH-C,EDG-07,Edge,0.84,196.4,101.41,96.51,94.06,1013.8,False,True,True,True,1,3.31,polymer_residue
2973,Rev2,2,W103,PX-7500,CH-C,EDG-08,Edge,0.84,229.1,97.75,95.73,89.79,938.2,True,True,True,True,0,0.0,
2974,Rev2,2,W103,PX-7500,CH-C,EDG-09,Edge,0.84,261.8,98.59,95.11,83.72,948.1,True,True,True,True,3,10.55,
2975,Rev2,2,W103,PX-7500,CH-C,EDG-10,Edge,0.84,294.5,96.86,103.14,86.21,1007.0,True,False,True,True,0,0.0,
2976,Rev2,2,W103,PX-7500,CH-C,EDG-11,Edge,0.84,327.3,97.76,93.22,86.08,993.0,True,True,True,True,0,0.0,
2977,Rev2,2,W103,PX-7500,CH-C,EXT-01,Extreme Edge,0.96,16.4,99.58,100.12,83.31,985.8,True,False,True,True,1,4.32,
2978,Rev2,2,W103,PX-7500,CH-C,EXT-02,Extreme Edge,0.96,49.1,101.61,93.58,92.9,1006.9,False,True,True,True,3,13.35,
2979,Rev2,2,W103,PX-7500,CH-C,EXT-03,Extreme Edge,0.96,81.8,98.82,95.84,85.03,994.1,True,True,True,True,1,2.54,polymer_residue
2980,Rev2,2,W103,PX-7500,CH-C,EXT-04,Extreme Edge,0.96,114.5,99.02,99.46,88.83,976.1,True,False,True,True,0,0.0,
2981,Rev2,2,W103,PX-7500,CH-C,EXT-05,Extreme Edge,0.96,147.3,100.48,95.91,90.88,879.5,True,True,True,False,0,0.0,
2982,Rev2,2,W103,PX-7500,CH-C,EXT-06,Extreme Edge,0.96,180.0,99.44,99.29,87.38,975.5,True,False,True,True,0,0.0,
2983,Rev2,2,W103,PX-7500,CH-C,EXT-07,Extreme Edge,0.96,212.7,100.69,100.08,89.94,921.0,True,False,True,True,0,0.0,
2984,Rev2,2,W103,PX-7500,CH-C,EXT-08,Extreme Edge,0.96,245.5,101.25,96.31,86.31,920.6,False,True,True,True,1,2.07,arc_event
2985,Rev2,2,W103,PX-7500,CH-C,EXT-09,Extreme Edge,0.96,278.2,101.99,93.99,97.52,995.5,False,True,False,True,0,0.0,
2986,Rev2,2,W103,PX-7500,CH-C,EXT-10,Extreme Edge,0.96,310.9,101.12,97.13,90.17,980.5,False,True,True,True,1,6.35,
2987,Rev2,2,W103,PX-7500,CH-C,EXT-11,Extreme Edge,0.96,343.6,93.78,96.6,94.5,940.4,True,True,True,True,0,0.0,
2988,Rev4,4,W104,AE-3200,CH-A,C1,Center,0.0,0.0,93.3,92.74,90.64,880.0,True,True,True,True,0,0.0,
2989,Rev4,4,W104,AE-3200,CH-A,MID-01,Mid,0.52,30.0,95.02,92.91,89.46,943.7,True,True,True,True,0,0.0,
2990,Rev4,4,W104,AE-3200,CH-A,MID-02,Mid,0.52,90.0,97.15,92.47,87.54,814.5,True,True,True,False,0,0.0,
2991,Rev4,4,W104,AE-3200,CH-A,MID-03,Mid,0.52,150.0,94.53,97.47,99.06,1017.3,True,True,False,True,0,0.0,
2992,Rev4,4,W104,AE-3200,CH-A,MID-04,Mid,0.52,210.0,95.33,96.15,97.15,1020.5,True,True,False,True,1,5.51,polymer_residue
2993,Rev4,4,W104,AE-3200,CH-A,MID-05,Mid,0.52,270.0,96.42,96.16,91.13,961.6,True,True,True,True,0,0.0,
2994,Rev4,4,W104,AE-3200,CH-A,MID-06,Mid,0.52,330.0,96.05,95.39,95.69,967.2,True,True,False,True,0,0.0,
2995,Rev4,4,W104,AE-3200,CH-A,EDG-01,Edge,0.84,0.0,98.85,98.12,90.36,930.2,True,False,True,True,1,3.87,polymer_residue
2996,Rev4,4,W104,AE-3200,CH-A,EDG-02,Edge,0.84,32.7,96.86,97.97,85.2,909.0,True,False,True,True,0,0.0,
2997,Rev4,4,W104,AE-3200,CH-A,EDG-03,Edge,0.84,65.5,100.7,95.79,89.38,970.3,True,True,True,True,0,0.0,
2998,Rev4,4,W104,AE-3200,CH-A,EDG-04,Edge,0.84,98.2,98.4,97.58,91.15,953.0,True,True,True,True,0,0.0,
2999,Rev4,4,W104,AE-3200,CH-A,EDG-05,Edge,0.84,130.9,98.68,99.15,99.7,954.8,True,False,False,True,2,10.66,polymer_residue
3000,Rev4,4,W104,AE-3200,CH-A,EDG-06,Edge,0.84,163.6,99.32,97.2,96.08,938.5,True,True,False,True,0,0.0,
3001,Rev4,4,W104,AE-3200,CH-A,EDG-07,Edge,0.84,196.4,99.73,98.31,90.73,862.7,True,False,True,False,1,1.98,esc_temp_drift
3002,Rev4,4,W104,AE-3200,CH-A,EDG-08,Edge,0.84,229.1,100.17,95.2,93.39,1022.7,True,True,True,True,0,0.0,
3003,Rev4,4,W104,AE-3200,CH-A,EDG-09,Edge,0.84,261.8,97.37,97.27,96.7,1000.2,True,True,False,True,1,3.36,polymer_residue
3004,Rev4,4,W104,AE-3200,CH-A,EDG-10,Edge,0.84,294.5,100.16,96.97,95.05,872.1,True,True,False,False,0,0.0,
3005,Rev4,4,W104,AE-3200,CH-A,EDG-11,Edge,0.84,327.3,97.83,103.03,91.6,1058.4,True,False,True,True,1,4.57,polymer_residue
3006,Rev4,4,W104,AE-3200,CH-A,EXT-01,Extreme Edge,0.96,16.4,99.05,98.75,100.19,994.3,True,False,False,True,0,0.0,
3007,Rev4,4,W104,AE-3200,CH-A,EXT-02,Extreme Edge,0.96,49.1,98.18,98.82,100.34,1031.6,True,False,False,True,0,0.0,
3008,Rev4,4,W104,AE-3200,CH-A,EXT-03,Extreme Edge,0.96,81.8,99.79,99.61,98.51,787.5,True,False,False,False,1,2.1,
3009,Rev4,4,W104,AE-3200,CH-A,EXT-04,Extreme Edge,0.96,114.5,97.62,96.52,96.88,967.7,True,True,False,True,1,6.49,polymer_residue
3010,Rev4,4,W104,AE-3200,CH-A,EXT-05,Extreme Edge,0.96,147.3,98.54,101.68,97.67,849.3,True,False,False,False,0,0.0,
3011,Rev4,4,W104,AE-3200,CH-A,EXT-06,Extreme Edge,0.96,180.0,100.22,99.22,90.92,942.1,True,False,True,True,2,8.89,
3012,Rev4,4,W104,AE-3200,CH-A,EXT-07,Extreme Edge,0.96,212.7,99.54,97.55,82.13,1047.9,True,True,True,True,0,0.0,
3013,Rev4,4,W104,AE-3200,CH-A,EXT-08,Extreme Edge,0.96,245.5,97.15,98.13,96.07,942.9,True,False,False,True,2,4.68,pressure_spike
3014,Rev4,4,W104,AE-3200,CH-A,EXT-09,Extreme Edge,0.96,278.2,97.32,96.94,93.27,959.2,True,True,True,True,0,0.0,
3015,Rev4,4,W104,AE-3200,CH-A,EXT-10,Extreme Edge,0.96,310.9,100.25,99.85,87.99,829.5,True,False,True,False,2,7.22,
3016,Rev4,4,W104,AE-3200,CH-A,EXT-11,Extreme Edge,0.96,343.6,100.24,96.62,91.61,905.5,True,True,True,True,0,0.0,
3017,Rev10,10,W105,PX-7500,CH-C,C1,Center,0.0,0.0,93.61,90.23,95.7,1066.6,True,True,False,True,0,0.0,
3018,Rev10,10,W105,PX-7500,CH-C,MID-01,Mid,0.52,30.0,99.08,93.26,91.34,1036.5,True,True,True,True,0,0.0,
3019,Rev10,10,W105,PX-7500,CH-C,MID-02,Mid,0.52,90.0,97.44,95.44,102.87,1115.1,True,True,False,False,0,0.0,
3020,Rev10,10,W105,PX-7500,CH-C,MID-03,Mid,0.52,150.0,98.25,93.73,106.0,1059.7,True,True,False,True,0,0.0,
3021,Rev10,10,W105,PX-7500,CH-C,MID-04,Mid,0.52,210.0,92.38,96.5,100.48,1116.4,True,True,False,False,0,0.0,
3022,Rev10,10,W105,PX-7500,CH-C,MID-05,Mid,0.52,270.0,97.25,92.71,98.98,1098.9,True,True,False,False,0,0.0,
3023,Rev10,10,W105,PX-7500,CH-C,MID-06,Mid,0.52,330.0,93.69,94.95,105.85,1176.6,True,True,False,False,0,0.0,
3024,Rev10,10,W105,PX-7500,CH-C,EDG-01,Edge,0.84,0.0,100.47,93.83,103.57,1143.7,True,True,False,False,1,6.37,polymer_residue
3025,Rev10,10,W105,PX-7500,CH-C,EDG-02,Edge,0.84,32.7,99.93,93.7,94.79,1091.2,True,True,False,False,0,0.0,
3026,Rev10,10,W105,PX-7500,CH-C,EDG-03,Edge,0.84,65.5,99.98,93.76,102.93,1133.0,True,True,False,False,0,0.0,
3027,Rev10,10,W105,PX-7500,CH-C,EDG-04,Edge,0.84,98.2,98.26,90.6,105.03,1123.4,True,True,False,False,2,12.8,polymer_residue
3028,Rev10,10,W105,PX-7500,CH-C,EDG-05,Edge,0.84,130.9,100.67,97.35,95.26,1033.0,True,True,False,True,1,2.97,polymer_residue
3029,Rev10,10,W105,PX-7500,CH-C,EDG-06,Edge,0.84,163.6,97.7,90.27,98.84,1177.1,True,True,False,False,2,9.09,
3030,Rev10,10,W105,PX-7500,CH-C,EDG-07,Edge,0.84,196.4,99.32,93.7,101.15,1181.8,True,True,False,False,2,10.39,pressure_spike
3031,Rev10,10,W105,PX-7500,CH-C,EDG-08,Edge,0.84,229.1,92.11,97.63,100.32,1067.9,True,False,False,True,0,0.0,
3032,Rev10,10,W105,PX-7500,CH-C,EDG-09,Edge,0.84,261.8,96.77,89.42,101.63,1127.4,True,True,False,False,1,5.45,esc_temp_drift
3033,Rev10,10,W105,PX-7500,CH-C,EDG-10,Edge,0.84,294.5,96.16,96.18,97.41,1147.0,True,True,False,False,2,10.16,
3034,Rev10,10,W105,PX-7500,CH-C,EDG-11,Edge,0.84,327.3,100.45,91.37,95.15,1143.7,True,True,False,False,0,0.0,
3035,Rev10,10,W105,PX-7500,CH-C,EXT-01,Extreme Edge,0.96,16.4,98.73,94.29,105.33,1145.1,True,True,False,False,0,0.0,
3036,Rev10,10,W105,PX-7500,CH-C,EXT-02,Extreme Edge,0.96,49.1,97.48,92.52,104.34,1001.3,True,True,False,True,1,1.86,
3037,Rev10,10,W105,PX-7500,CH-C,EXT-03,Extreme Edge,0.96,81.8,98.39,93.62,96.26,1073.4,True,True,False,True,0,0.0,
3038,Rev10,10,W105,PX-7500,CH-C,EXT-04,Extreme Edge,0.96,114.5,94.95,95.99,107.63,1125.0,True,True,False,False,1,3.24,
3039,Rev10,10,W105,PX-7500,CH-C,EXT-05,Extreme Edge,0.96,147.3,98.1,95.98,96.29,1121.6,True,True,False,False,0,0.0,
3040,Rev10,10,W105,PX-7500,CH-C,EXT-06,Extreme Edge,0.96,180.0,97.23,96.22,99.35,1160.9,True,True,False,False,0,0.0,
3041,Rev10,10,W105,PX-7500,CH-C,EXT-07,Extreme Edge,0.96,212.7,98.18,98.55,105.76,1134.6,True,False,False,False,1,3.15,
3042,Rev10,10,W105,PX-7500,CH-C,EXT-08,Extreme Edge,0.96,245.5,99.62,94.82,97.12,1067.3,True,True,False,True,3,8.76,
3043,Rev10,10,W105,PX-7500,CH-C,EXT-09,Extreme Edge,0.96,278.2,99.6,95.05,102.85,1009.2,True,True,False,True,2,12.0,
3044,Rev10,10,W105,PX-7500,CH-C,EXT-10,Extreme Edge,0.96,310.9,97.75,94.39,96.44,996.5,True,True,False,True,1,2.87,polymer_residue
3045,Rev10,10,W105,PX-7500,CH-C,EXT-11,Extreme Edge,0.96,343.6,98.04,97.17,104.6,1152.3,True,True,False,False,0,0.0,
3046,Rev3,3,W106,PX-7500,CH-D,C1,Center,0.0,0.0,96.28,91.13,87.25,890.5,True,True,True,True,0,0.0,
3047,Rev3,3,W106,PX-7500,CH-D,MID-01,Mid,0.52,30.0,95.97,94.07,92.54,874.0,True,True,True,False,0,0.0,
3048,Rev3,3,W106,PX-7500,CH-D,MID-02,Mid,0.52,90.0,96.16,93.5,87.75,889.9,True,True,True,True,0,0.0,
3049,Rev3,3,W106,PX-7500,CH-D,MID-03,Mid,0.52,150.0,93.73,96.72,86.19,962.1,True,True,True,True,0,0.0,
3050,Rev3,3,W106,PX-7500,CH-D,MID-04,Mid,0.52,210.0,91.05,94.34,81.88,812.0,False,True,True,False,1,4.96,
3051,Rev3,3,W106,PX-7500,CH-D,MID-05,Mid,0.52,270.0,96.25,93.68,84.36,961.5,True,True,True,True,0,0.0,
3052,Rev3,3,W106,PX-7500,CH-D,MID-06,Mid,0.52,330.0,97.6,93.47,83.59,1019.1,True,True,True,True,0,0.0,
3053,Rev3,3,W106,PX-7500,CH-D,EDG-01,Edge,0.84,0.0,94.75,96.41,89.05,849.3,True,True,True,False,1,4.49,
3054,Rev3,3,W106,PX-7500,CH-D,EDG-02,Edge,0.84,32.7,99.7,98.06,91.49,925.6,True,False,True,True,1,5.05,polymer_residue
3055,Rev3,3,W106,PX-7500,CH-D,EDG-03,Edge,0.84,65.5,98.21,95.01,89.87,974.4,True,True,True,True,0,0.0,
3056,Rev3,3,W106,PX-7500,CH-D,EDG-04,Edge,0.84,98.2,98.04,97.25,88.02,1019.8,True,True,True,True,0,0.0,
3057,Rev3,3,W106,PX-7500,CH-D,EDG-05,Edge,0.84,130.9,101.89,98.65,85.95,946.8,False,False,True,True,0,0.0,
3058,Rev3,3,W106,PX-7500,CH-D,EDG-06,Edge,0.84,163.6,94.73,93.96,86.4,919.8,True,True,True,True,0,0.0,
3059,Rev3,3,W106,PX-7500,CH-D,EDG-07,Edge,0.84,196.4,101.08,96.59,91.8,891.8,False,True,True,True,0,0.0,
3060,Rev3,3,W106,PX-7500,CH-D,EDG-08,Edge,0.84,229.1,99.99,98.24,88.91,988.9,True,False,True,True,2,12.3,
3061,Rev3,3,W106,PX-7500,CH-D,EDG-09,Edge,0.84,261.8,95.95,94.17,90.3,976.6,True,True,True,True,0,0.0,
3062,Rev3,3,W106,PX-7500,CH-D,EDG-10,Edge,0.84,294.5,97.89,96.03,87.04,962.9,True,True,True,True,0,0.0,
3063,Rev3,3,W106,PX-7500,CH-D,EDG-11,Edge,0.84,327.3,99.38,99.47,90.05,958.2,True,False,True,True,1,5.64,
3064,Rev3,3,W106,PX-7500,CH-D,EXT-01,Extreme Edge,0.96,16.4,96.74,96.13,91.37,910.2,True,True,True,True,0,0.0,
3065,Rev3,3,W106,PX-7500,CH-D,EXT-02,Extreme Edge,0.96,49.1,95.63,99.83,92.87,889.3,True,False,True,True,0,0.0,
3066,Rev3,3,W106,PX-7500,CH-D,EXT-03,Extreme Edge,0.96,81.8,98.6,102.59,91.43,1003.4,True,False,True,True,0,0.0,
3067,Rev3,3,W106,PX-7500,CH-D,EXT-04,Extreme Edge,0.96,114.5,97.33,94.93,85.08,834.1,True,True,True,False,1,6.43,polymer_residue
3068,Rev3,3,W106,PX-7500,CH-D,EXT-05,Extreme Edge,0.96,147.3,96.86,100.46,77.48,937.6,True,False,False,True,0,0.0,
3069,Rev3,3,W106,PX-7500,CH-D,EXT-06,Extreme Edge,0.96,180.0,97.06,99.81,87.24,1015.4,True,False,True,True,0,0.0,
3070,Rev3,3,W106,PX-7500,CH-D,EXT-07,Extreme Edge,0.96,212.7,99.97,96.22,91.89,1020.8,True,True,True,True,0,0.0,
3071,Rev3,3,W106,PX-7500,CH-D,EXT-08,Extreme Edge,0.96,245.5,99.92,99.29,95.56,956.8,True,False,False,True,0,0.0,
3072,Rev3,3,W106,PX-7500,CH-D,EXT-09,Extreme Edge,0.96,278.2,96.51,96.95,93.82,1020.1,True,True,True,True,1,3.9,esc_temp_drift
3073,Rev3,3,W106,PX-7500,CH-D,EXT-10,Extreme Edge,0.96,310.9,100.33,98.17,94.21,1000.6,True,False,True,True,1,2.16,
3074,Rev3,3,W106,PX-7500,CH-D,EXT-11,Extreme Edge,0.96,343.6,94.78,99.46,89.11,930.3,True,False,True,True,0,0.0,
3075,Rev2,2,W107,PX-7500,CH-C,C1,Center,0.0,0.0,94.33,97.04,79.76,972.7,True,True,True,True,1,2.59,arc_event
3076,Rev2,2,W107,PX-7500,CH-C,MID-01,Mid,0.52,30.0,95.42,94.93,88.19,920.9,True,True,True,True,0,0.0,
3077,Rev2,2,W107,PX-7500,CH-C,MID-02,Mid,0.52,90.0,97.17,97.4,90.22,1077.0,True,True,True,True,1,2.86,
3078,Rev2,2,W107,PX-7500,CH-C,MID-03,Mid,0.52,150.0,96.03,96.0,82.36,958.2,True,True,True,True,1,2.79,pressure_spike
3079,Rev2,2,W107,PX-7500,CH-C,MID-04,Mid,0.52,210.0,98.39,100.18,89.26,1015.0,True,False,True,True,0,0.0,
3080,Rev2,2,W107,PX-7500,CH-C,MID-05,Mid,0.52,270.0,94.81,95.42,89.87,1016.6,True,True,True,True,0,0.0,
3081,Rev2,2,W107,PX-7500,CH-C,MID-06,Mid,0.52,330.0,95.88,95.57,82.67,1061.3,True,True,True,True,0,0.0,
3082,Rev2,2,W107,PX-7500,CH-C,EDG-01,Edge,0.84,0.0,100.33,95.95,90.85,1039.5,True,True,True,True,1,4.3,
3083,Rev2,2,W107,PX-7500,CH-C,EDG-02,Edge,0.84,32.7,97.93,96.56,92.63,1013.0,True,True,True,True,1,4.55,
3084,Rev2,2,W107,PX-7500,CH-C,EDG-03,Edge,0.84,65.5,98.18,98.18,85.82,997.9,True,False,True,True,0,0.0,
3085,Rev2,2,W107,PX-7500,CH-C,EDG-04,Edge,0.84,98.2,101.01,99.88,85.5,1010.0,False,False,True,True,0,0.0,
3086,Rev2,2,W107,PX-7500,CH-C,EDG-05,Edge,0.84,130.9,98.38,94.92,95.5,1051.0,True,True,False,True,0,0.0,
3087,Rev2,2,W107,PX-7500,CH-C,EDG-06,Edge,0.84,163.6,95.36,94.07,86.44,1126.5,True,True,True,False,0,0.0,
3088,Rev2,2,W107,PX-7500,CH-C,EDG-07,Edge,0.84,196.4,99.11,99.89,83.53,1082.4,True,False,True,True,1,5.58,pressure_spike
3089,Rev2,2,W107,PX-7500,CH-C,EDG-08,Edge,0.84,229.1,99.49,99.29,91.58,1039.1,True,False,True,True,0,0.0,
3090,Rev2,2,W107,PX-7500,CH-C,EDG-09,Edge,0.84,261.8,97.86,95.98,85.75,1017.1,True,True,True,True,0,0.0,
3091,Rev2,2,W107,PX-7500,CH-C,EDG-10,Edge,0.84,294.5,99.0,101.42,90.94,1122.3,True,False,True,False,3,17.23,
3092,Rev2,2,W107,PX-7500,CH-C,EDG-11,Edge,0.84,327.3,94.81,97.07,95.73,1047.7,True,True,False,True,1,1.88,polymer_residue
3093,Rev2,2,W107,PX-7500,CH-C,EXT-01,Extreme Edge,0.96,16.4,97.19,95.53,86.84,1103.2,True,True,True,False,0,0.0,
3094,Rev2,2,W107,PX-7500,CH-C,EXT-02,Extreme Edge,0.96,49.1,99.1,99.4,88.76,1029.7,True,False,True,True,1,4.69,
3095,Rev2,2,W107,PX-7500,CH-C,EXT-03,Extreme Edge,0.96,81.8,95.23,98.14,74.4,988.4,True,False,False,True,0,0.0,
3096,Rev2,2,W107,PX-7500,CH-C,EXT-04,Extreme Edge,0.96,114.5,100.64,99.31,88.37,1057.2,True,False,True,True,1,3.49,
3097,Rev2,2,W107,PX-7500,CH-C,EXT-05,Extreme Edge,0.96,147.3,100.39,95.54,93.67,1094.4,True,True,True,False,0,0.0,
3098,Rev2,2,W107,PX-7500,CH-C,EXT-06,Extreme Edge,0.96,180.0,99.33,97.86,91.85,1053.9,True,False,True,True,0,0.0,
3099,Rev2,2,W107,PX-7500,CH-C,EXT-07,Extreme Edge,0.96,212.7,99.8,98.4,86.84,1047.4,True,False,True,True,3,10.64,
3100,Rev2,2,W107,PX-7500,CH-C,EXT-08,Extreme Edge,0.96,245.5,97.38,97.01,91.19,1028.7,True,True,True,True,1,4.83,
3101,Rev2,2,W107,PX-7500,CH-C,EXT-09,Extreme Edge,0.96,278.2,98.12,98.48,90.48,1070.8,True,False,True,True,1,5.88,
3102,Rev2,2,W107,PX-7500,CH-C,EXT-10,Extreme Edge,0.96,310.9,92.44,99.04,89.88,1127.1,True,False,True,False,1,2.05,polymer_residue
3103,Rev2,2,W107,PX-7500,CH-C,EXT-11,Extreme Edge,0.96,343.6,97.9,97.36,91.02,979.9,True,True,True,True,0,0.0,
3104,Base,0,W108,AE-3200,CH-A,C1,Center,0.0,0.0,93.46,92.96,82.86,929.6,True,True,True,True,0,0.0,
3105,Base,0,W108,AE-3200,CH-A,MID-01,Mid,0.52,30.0,97.18,92.76,85.26,959.4,True,True,True,True,0,0.0,
3106,Base,0,W108,AE-3200,CH-A,MID-02,Mid,0.52,90.0,101.34,96.2,74.92,1001.0,False,True,False,True,0,0.0,
3107,Base,0,W108,AE-3200,CH-A,MID-03,Mid,0.52,150.0,99.63,93.05,89.04,950.3,True,True,True,True,1,4.32,polymer_residue
3108,Base,0,W108,AE-3200,CH-A,MID-04,Mid,0.52,210.0,96.76,97.12,84.72,1019.1,True,True,True,True,0,0.0,
3109,Base,0,W108,AE-3200,CH-A,MID-05,Mid,0.52,270.0,95.92,96.56,77.33,947.2,True,True,False,True,0,0.0,
3110,Base,0,W108,AE-3200,CH-A,MID-06,Mid,0.52,330.0,96.31,91.98,90.0,955.1,True,True,True,True,0,0.0,
3111,Base,0,W108,AE-3200,CH-A,EDG-01,Edge,0.84,0.0,98.77,97.37,84.49,972.4,True,True,True,True,2,11.63,arc_event
3112,Base,0,W108,AE-3200,CH-A,EDG-02,Edge,0.84,32.7,97.46,98.17,88.14,1066.5,True,False,True,True,0,0.0,
3113,Base,0,W108,AE-3200,CH-A,EDG-03,Edge,0.84,65.5,100.61,95.22,84.96,980.8,True,True,True,True,2,10.25,arc_event
3114,Base,0,W108,AE-3200,CH-A,EDG-04,Edge,0.84,98.2,101.32,94.55,94.29,1031.0,False,True,True,True,1,2.83,polymer_residue
3115,Base,0,W108,AE-3200,CH-A,EDG-05,Edge,0.84,130.9,99.36,95.99,88.4,1032.2,True,True,True,True,0,0.0,
3116,Base,0,W108,AE-3200,CH-A,EDG-06,Edge,0.84,163.6,98.97,97.85,88.59,901.5,True,False,True,True,0,0.0,
3117,Base,0,W108,AE-3200,CH-A,EDG-07,Edge,0.84,196.4,99.05,95.77,84.65,923.0,True,True,True,True,1,2.94,polymer_residue
3118,Base,0,W108,AE-3200,CH-A,EDG-08,Edge,0.84,229.1,99.35,95.78,88.97,992.7,True,True,True,True,0,0.0,
3119,Base,0,W108,AE-3200,CH-A,EDG-09,Edge,0.84,261.8,100.09,96.92,85.03,969.3,True,True,True,True,0,0.0,
3120,Base,0,W108,AE-3200,CH-A,EDG-10,Edge,0.84,294.5,98.48,95.84,85.34,864.9,True,True,True,False,1,4.9,
3121,Base,0,W108,AE-3200,CH-A,EDG-11,Edge,0.84,327.3,98.34,91.18,94.1,895.9,True,True,True,True,1,2.96,polymer_residue
3122,Base,0,W108,AE-3200,CH-A,EXT-01,Extreme Edge,0.96,16.4,100.13,97.59,92.76,1012.6,True,True,True,True,0,0.0,
3123,Base,0,W108,AE-3200,CH-A,EXT-02,Extreme Edge,0.96,49.1,101.18,93.34,94.5,1105.8,False,True,False,False,0,0.0,
3124,Base,0,W108,AE-3200,CH-A,EXT-03,Extreme Edge,0.96,81.8,95.56,99.19,90.31,1083.9,True,False,True,True,2,11.87,polymer_residue
3125,Base,0,W108,AE-3200,CH-A,EXT-04,Extreme Edge,0.96,114.5,98.82,99.26,87.73,1086.7,True,False,True,True,1,3.6,endpoint_late
3126,Base,0,W108,AE-3200,CH-A,EXT-05,Extreme Edge,0.96,147.3,102.55,94.99,92.9,1061.1,False,True,True,True,2,10.99,
3127,Base,0,W108,AE-3200,CH-A,EXT-06,Extreme Edge,0.96,180.0,99.21,94.21,88.84,1048.9,True,True,True,True,0,0.0,
3128,Base,0,W108,AE-3200,CH-A,EXT-07,Extreme Edge,0.96,212.7,100.11,93.61,87.72,1089.6,True,True,True,True,2,3.88,pressure_spike
3129,Base,0,W108,AE-3200,CH-A,EXT-08,Extreme Edge,0.96,245.5,102.9,95.86,82.24,1122.2,False,True,True,False,1,3.72,esc_temp_drift
3130,Base,0,W108,AE-3200,CH-A,EXT-09,Extreme Edge,0.96,278.2,100.64,97.82,92.76,1047.3,True,False,True,True,2,12.85,polymer_residue
3131,Base,0,W108,AE-3200,CH-A,EXT-10,Extreme Edge,0.96,310.9,97.78,95.24,92.12,1017.6,True,True,True,True,0,0.0,
3132,Base,0,W108,AE-3200,CH-A,EXT-11,Extreme Edge,0.96,343.6,99.37,91.18,93.82,1024.5,True,True,True,True,1,3.31,
3133,Rev11,11,W109,PX-7500,CH-D,C1,Center,0.0,0.0,99.24,93.83,85.93,1112.2,True,True,True,False,0,0.0,
3134,Rev11,11,W109,PX-7500,CH-D,MID-01,Mid,0.52,30.0,101.99,90.64,96.25,1119.3,False,True,False,False,0,0.0,
3135,Rev11,11,W109,PX-7500,CH-D,MID-02,Mid,0.52,90.0,99.56,90.3,94.1,1101.1,True,True,True,False,0,0.0,
3136,Rev11,11,W109,PX-7500,CH-D,MID-03,Mid,0.52,150.0,99.34,89.79,97.95,1171.4,True,True,False,False,2,12.59,
3137,Rev11,11,W109,PX-7500,CH-D,MID-04,Mid,0.52,210.0,100.22,92.76,90.7,1125.2,True,True,True,False,0,0.0,
3138,Rev11,11,W109,PX-7500,CH-D,MID-05,Mid,0.52,270.0,100.65,93.84,96.63,1023.4,True,True,False,True,1,5.01,polymer_residue
3139,Rev11,11,W109,PX-7500,CH-D,MID-06,Mid,0.52,330.0,96.02,93.59,94.57,1231.2,True,True,False,False,1,3.68,
3140,Rev11,11,W109,PX-7500,CH-D,EDG-01,Edge,0.84,0.0,99.4,94.17,89.08,1043.9,True,True,True,True,0,0.0,
3141,Rev11,11,W109,PX-7500,CH-D,EDG-02,Edge,0.84,32.7,100.03,97.48,93.49,1091.7,True,True,True,False,0,0.0,
3142,Rev11,11,W109,PX-7500,CH-D,EDG-03,Edge,0.84,65.5,104.44,94.91,87.75,1233.7,False,True,True,False,1,2.32,polymer_residue
3143,Rev11,11,W109,PX-7500,CH-D,EDG-04,Edge,0.84,98.2,102.13,92.53,95.65,1107.3,False,True,False,False,1,5.59,
3144,Rev11,11,W109,PX-7500,CH-D,EDG-05,Edge,0.84,130.9,97.67,94.47,95.0,1212.9,True,True,False,False,2,7.72,polymer_residue
3145,Rev11,11,W109,PX-7500,CH-D,EDG-06,Edge,0.84,163.6,99.94,97.49,97.08,1187.9,True,True,False,False,0,0.0,
3146,Rev11,11,W109,PX-7500,CH-D,EDG-07,Edge,0.84,196.4,101.98,100.8,99.75,1184.6,False,False,False,False,0,0.0,
3147,Rev11,11,W109,PX-7500,CH-D,EDG-08,Edge,0.84,229.1,98.05,91.81,98.52,1140.6,True,True,False,False,0,0.0,
3148,Rev11,11,W109,PX-7500,CH-D,EDG-09,Edge,0.84,261.8,99.95,97.47,93.07,1021.0,True,True,True,True,2,12.73,
3149,Rev11,11,W109,PX-7500,CH-D,EDG-10,Edge,0.84,294.5,103.59,97.87,93.47,1093.1,False,False,True,False,1,2.06,endpoint_late
3150,Rev11,11,W109,PX-7500,CH-D,EDG-11,Edge,0.84,327.3,101.25,95.12,92.59,1205.6,False,True,True,False,0,0.0,
3151,Rev11,11,W109,PX-7500,CH-D,EXT-01,Extreme Edge,0.96,16.4,102.31,94.03,98.89,1063.3,False,True,False,True,1,3.81,
3152,Rev11,11,W109,PX-7500,CH-D,EXT-02,Extreme Edge,0.96,49.1,100.02,88.64,88.94,1126.6,True,True,True,False,0,0.0,
3153,Rev11,11,W109,PX-7500,CH-D,EXT-03,Extreme Edge,0.96,81.8,103.19,93.81,100.14,1077.9,False,True,False,True,2,6.36,esc_temp_drift
3154,Rev11,11,W109,PX-7500,CH-D,EXT-04,Extreme Edge,0.96,114.5,100.06,97.4,93.38,1141.9,True,True,True,False,0,0.0,
3155,Rev11,11,W109,PX-7500,CH-D,EXT-05,Extreme Edge,0.96,147.3,99.69,93.31,99.67,1053.0,True,True,False,True,0,0.0,
3156,Rev11,11,W109,PX-7500,CH-D,EXT-06,Extreme Edge,0.96,180.0,104.01,101.34,103.58,1136.8,False,False,False,False,1,5.04,polymer_residue
3157,Rev11,11,W109,PX-7500,CH-D,EXT-07,Extreme Edge,0.96,212.7,101.62,98.84,98.64,1123.7,False,False,False,False,1,5.36,esc_temp_drift
3158,Rev11,11,W109,PX-7500,CH-D,EXT-08,Extreme Edge,0.96,245.5,100.61,98.47,95.7,1108.4,True,False,False,False,0,0.0,
3159,Rev11,11,W109,PX-7500,CH-D,EXT-09,Extreme Edge,0.96,278.2,101.24,93.66,89.5,1150.5,False,True,True,False,0,0.0,
3160,Rev11,11,W109,PX-7500,CH-D,EXT-10,Extreme Edge,0.96,310.9,100.26,91.12,102.59,1105.6,True,True,False,False,0,0.0,
3161,Rev11,11,W109,PX-7500,CH-D,EXT-11,Extreme Edge,0.96,343.6,99.75,94.85,94.54,1160.6,True,True,False,False,1,3.36,polymer_residue
3162,Rev7,7,W110,PX-7500,CH-D,C1,Center,0.0,0.0,97.99,93.08,80.89,1091.9,True,True,True,False,0,0.0,
3163,Rev7,7,W110,PX-7500,CH-D,MID-01,Mid,0.52,30.0,94.23,89.93,88.96,978.4,True,True,True,True,0,0.0,
3164,Rev7,7,W110,PX-7500,CH-D,MID-02,Mid,0.52,90.0,98.16,94.29,77.92,1004.9,True,True,False,True,0,0.0,
3165,Rev7,7,W110,PX-7500,CH-D,MID-03,Mid,0.52,150.0,99.71,91.83,83.22,1012.6,True,True,True,True,0,0.0,
3166,Rev7,7,W110,PX-7500,CH-D,MID-04,Mid,0.52,210.0,98.39,97.41,86.06,1156.8,True,True,True,False,0,0.0,
3167,Rev7,7,W110,PX-7500,CH-D,MID-05,Mid,0.52,270.0,96.81,96.29,85.46,1074.1,True,True,True,True,0,0.0,
3168,Rev7,7,W110,PX-7500,CH-D,MID-06,Mid,0.52,330.0,99.42,93.0,85.16,1012.1,True,True,True,True,0,0.0,
3169,Rev7,7,W110,PX-7500,CH-D,EDG-01,Edge,0.84,0.0,101.78,97.98,92.64,1124.8,False,False,True,False,2,7.58,
3170,Rev7,7,W110,PX-7500,CH-D,EDG-02,Edge,0.84,32.7,98.88,97.63,91.28,1133.2,True,False,True,False,0,0.0,
3171,Rev7,7,W110,PX-7500,CH-D,EDG-03,Edge,0.84,65.5,97.27,95.18,89.36,1171.1,True,True,True,False,0,0.0,
3172,Rev7,7,W110,PX-7500,CH-D,EDG-04,Edge,0.84,98.2,95.47,98.48,94.68,1052.4,True,False,False,True,0,0.0,
3173,Rev7,7,W110,PX-7500,CH-D,EDG-05,Edge,0.84,130.9,101.54,98.33,88.76,1217.4,False,False,True,False,0,0.0,
3174,Rev7,7,W110,PX-7500,CH-D,EDG-06,Edge,0.84,163.6,100.62,99.67,89.67,1125.8,True,False,True,False,2,6.77,polymer_residue
3175,Rev7,7,W110,PX-7500,CH-D,EDG-07,Edge,0.84,196.4,100.03,95.57,88.16,1041.9,True,True,True,True,0,0.0,
3176,Rev7,7,W110,PX-7500,CH-D,EDG-08,Edge,0.84,229.1,100.85,97.94,87.72,1105.4,False,False,True,False,2,10.79,polymer_residue
3177,Rev7,7,W110,PX-7500,CH-D,EDG-09,Edge,0.84,261.8,97.45,98.99,87.07,1108.9,True,False,True,False,0,0.0,
3178,Rev7,7,W110,PX-7500,CH-D,EDG-10,Edge,0.84,294.5,100.06,96.94,95.86,1102.1,True,True,False,False,1,4.79,polymer_residue
3179,Rev7,7,W110,PX-7500,CH-D,EDG-11,Edge,0.84,327.3,101.32,99.5,84.03,1103.6,False,False,True,False,0,0.0,
3180,Rev7,7,W110,PX-7500,CH-D,EXT-01,Extreme Edge,0.96,16.4,98.17,94.63,85.24,1046.3,True,True,True,True,0,0.0,
3181,Rev7,7,W110,PX-7500,CH-D,EXT-02,Extreme Edge,0.96,49.1,99.73,96.87,85.69,1151.4,True,True,True,False,0,0.0,
3182,Rev7,7,W110,PX-7500,CH-D,EXT-03,Extreme Edge,0.96,81.8,100.53,91.49,85.43,1060.2,True,True,True,True,0,0.0,
3183,Rev7,7,W110,PX-7500,CH-D,EXT-04,Extreme Edge,0.96,114.5,103.19,94.2,86.63,1049.3,False,True,True,True,0,0.0,
3184,Rev7,7,W110,PX-7500,CH-D,EXT-05,Extreme Edge,0.96,147.3,101.06,92.46,88.49,1068.6,False,True,True,True,1,3.81,polymer_residue
3185,Rev7,7,W110,PX-7500,CH-D,EXT-06,Extreme Edge,0.96,180.0,101.83,93.69,90.44,1069.0,False,True,True,True,1,3.92,arc_event
3186,Rev7,7,W110,PX-7500,CH-D,EXT-07,Extreme Edge,0.96,212.7,101.25,96.47,90.54,1145.8,False,True,True,False,0,0.0,
3187,Rev7,7,W110,PX-7500,CH-D,EXT-08,Extreme Edge,0.96,245.5,103.22,96.64,87.12,1045.5,False,True,True,True,0,0.0,
3188,Rev7,7,W110,PX-7500,CH-D,EXT-09,Extreme Edge,0.96,278.2,103.56,98.96,89.96,1139.3,False,False,True,False,3,17.82,
3189,Rev7,7,W110,PX-7500,CH-D,EXT-10,Extreme Edge,0.96,310.9,106.66,102.19,89.59,1083.1,False,False,True,True,1,2.72,
3190,Rev7,7,W110,PX-7500,CH-D,EXT-11,Extreme Edge,0.96,343.6,99.37,94.16,90.44,1089.0,True,True,True,True,1,3.87,polymer_residue
3191,Rev9,9,W111,AE-3200,CH-B,C1,Center,0.0,0.0,97.6,90.54,100.51,1121.5,True,True,False,False,0,0.0,
3192,Rev9,9,W111,AE-3200,CH-B,MID-01,Mid,0.52,30.0,99.98,91.22,85.62,1121.0,True,True,True,False,0,0.0,
3193,Rev9,9,W111,AE-3200,CH-B,MID-02,Mid,0.52,90.0,91.15,88.88,94.7,1132.7,False,True,False,False,2,11.55,
3194,Rev9,9,W111,AE-3200,CH-B,MID-03,Mid,0.52,150.0,92.26,90.77,92.51,1068.9,True,True,True,True,0,0.0,
3195,Rev9,9,W111,AE-3200,CH-B,MID-04,Mid,0.52,210.0,96.82,89.51,95.57,1088.5,True,True,False,True,0,0.0,
3196,Rev9,9,W111,AE-3200,CH-B,MID-05,Mid,0.52,270.0,99.44,86.59,89.71,1152.3,True,False,True,False,0,0.0,
3197,Rev9,9,W111,AE-3200,CH-B,MID-06,Mid,0.52,330.0,93.35,89.98,83.44,1002.1,True,True,True,True,0,0.0,
3198,Rev9,9,W111,AE-3200,CH-B,EDG-01,Edge,0.84,0.0,98.45,93.84,93.82,1065.6,True,True,True,True,0,0.0,
3199,Rev9,9,W111,AE-3200,CH-B,EDG-02,Edge,0.84,32.7,100.26,90.46,91.41,1111.8,True,True,True,False,1,4.65,
3200,Rev9,9,W111,AE-3200,CH-B,EDG-03,Edge,0.84,65.5,96.16,91.12,99.06,1165.2,True,True,False,False,1,3.84,
3201,Rev9,9,W111,AE-3200,CH-B,EDG-04,Edge,0.84,98.2,100.09,91.59,93.31,1124.2,True,True,True,False,0,0.0,
3202,Rev9,9,W111,AE-3200,CH-B,EDG-05,Edge,0.84,130.9,98.08,91.45,99.86,1064.8,True,True,False,True,1,3.27,polymer_residue
3203,Rev9,9,W111,AE-3200,CH-B,EDG-06,Edge,0.84,163.6,100.23,91.7,99.68,1048.4,True,True,False,True,2,12.89,polymer_residue
3204,Rev9,9,W111,AE-3200,CH-B,EDG-07,Edge,0.84,196.4,95.79,94.11,91.45,1105.1,True,True,True,False,0,0.0,
3205,Rev9,9,W111,AE-3200,CH-B,EDG-08,Edge,0.84,229.1,97.59,95.34,90.21,1140.5,True,True,True,False,0,0.0,
3206,Rev9,9,W111,AE-3200,CH-B,EDG-09,Edge,0.84,261.8,97.64,95.03,92.09,1115.3,True,True,True,False,1,3.16,
3207,Rev9,9,W111,AE-3200,CH-B,EDG-10,Edge,0.84,294.5,97.24,91.96,94.98,1129.7,True,True,False,False,0,0.0,
3208,Rev9,9,W111,AE-3200,CH-B,EDG-11,Edge,0.84,327.3,95.45,94.29,91.32,1052.7,True,True,True,True,0,0.0,
3209,Rev9,9,W111,AE-3200,CH-B,EXT-01,Extreme Edge,0.96,16.4,97.93,95.3,90.0,1141.1,True,True,True,False,0,0.0,
3210,Rev9,9,W111,AE-3200,CH-B,EXT-02,Extreme Edge,0.96,49.1,97.71,91.2,92.66,1095.5,True,True,True,False,0,0.0,
3211,Rev9,9,W111,AE-3200,CH-B,EXT-03,Extreme Edge,0.96,81.8,99.94,93.61,92.58,1074.4,True,True,True,True,2,6.04,polymer_residue
3212,Rev9,9,W111,AE-3200,CH-B,EXT-04,Extreme Edge,0.96,114.5,98.64,93.16,92.07,1141.6,True,True,True,False,0,0.0,
3213,Rev9,9,W111,AE-3200,CH-B,EXT-05,Extreme Edge,0.96,147.3,98.45,92.12,88.68,1099.9,True,True,True,False,0,0.0,
3214,Rev9,9,W111,AE-3200,CH-B,EXT-06,Extreme Edge,0.96,180.0,97.63,93.74,92.46,1118.2,True,True,True,False,0,0.0,
3215,Rev9,9,W111,AE-3200,CH-B,EXT-07,Extreme Edge,0.96,212.7,98.22,92.93,94.4,1241.0,True,True,True,False,2,11.07,
3216,Rev9,9,W111,AE-3200,CH-B,EXT-08,Extreme Edge,0.96,245.5,97.82,92.48,87.27,1137.5,True,True,True,False,1,3.83,
3217,Rev9,9,W111,AE-3200,CH-B,EXT-09,Extreme Edge,0.96,278.2,97.74,91.01,93.96,1077.6,True,True,True,True,1,2.53,endpoint_late
3218,Rev9,9,W111,AE-3200,CH-B,EXT-10,Extreme Edge,0.96,310.9,93.3,97.63,100.31,1205.2,True,False,False,False,0,0.0,
3219,Rev9,9,W111,AE-3200,CH-B,EXT-11,Extreme Edge,0.96,343.6,94.4,94.98,102.96,1093.6,True,True,False,False,3,9.81,
3220,Rev6,6,W112,PX-7500,CH-C,C1,Center,0.0,0.0,98.27,95.3,88.49,944.6,True,True,True,True,0,0.0,
3221,Rev6,6,W112,PX-7500,CH-C,MID-01,Mid,0.52,30.0,101.39,93.83,76.33,1009.4,False,True,False,True,1,5.1,polymer_residue
3222,Rev6,6,W112,PX-7500,CH-C,MID-02,Mid,0.52,90.0,96.38,90.89,77.9,1055.6,True,True,False,True,1,3.58,
3223,Rev6,6,W112,PX-7500,CH-C,MID-03,Mid,0.52,150.0,96.51,95.5,88.27,938.4,True,True,True,True,0,0.0,
3224,Rev6,6,W112,PX-7500,CH-C,MID-04,Mid,0.52,210.0,97.02,94.67,89.07,1057.8,True,True,True,True,0,0.0,
3225,Rev6,6,W112,PX-7500,CH-C,MID-05,Mid,0.52,270.0,101.52,92.63,87.08,997.4,False,True,True,True,1,4.41,endpoint_late
3226,Rev6,6,W112,PX-7500,CH-C,MID-06,Mid,0.52,330.0,99.44,91.73,83.73,980.8,True,True,True,True,0,0.0,
3227,Rev6,6,W112,PX-7500,CH-C,EDG-01,Edge,0.84,0.0,98.95,100.47,83.11,932.2,True,False,True,True,0,0.0,
3228,Rev6,6,W112,PX-7500,CH-C,EDG-02,Edge,0.84,32.7,97.24,94.92,77.53,973.7,True,True,False,True,0,0.0,
3229,Rev6,6,W112,PX-7500,CH-C,EDG-03,Edge,0.84,65.5,99.54,95.46,89.15,1089.8,True,True,True,True,0,0.0,
3230,Rev6,6,W112,PX-7500,CH-C,EDG-04,Edge,0.84,98.2,102.01,93.75,83.45,1046.3,False,True,True,True,0,0.0,
3231,Rev6,6,W112,PX-7500,CH-C,EDG-05,Edge,0.84,130.9,100.49,90.73,83.28,1006.1,True,True,True,True,0,0.0,
3232,Rev6,6,W112,PX-7500,CH-C,EDG-06,Edge,0.84,163.6,98.76,99.7,89.49,1059.2,True,False,True,True,2,7.45,
3233,Rev6,6,W112,PX-7500,CH-C,EDG-07,Edge,0.84,196.4,99.88,93.78,92.27,950.8,True,True,True,True,0,0.0,
3234,Rev6,6,W112,PX-7500,CH-C,EDG-08,Edge,0.84,229.1,98.88,96.08,87.86,1003.1,True,True,True,True,1,2.97,polymer_residue
3235,Rev6,6,W112,PX-7500,CH-C,EDG-09,Edge,0.84,261.8,98.6,99.19,85.48,1037.9,True,False,True,True,0,0.0,
3236,Rev6,6,W112,PX-7500,CH-C,EDG-10,Edge,0.84,294.5,95.18,96.64,86.7,1038.8,True,True,True,True,0,0.0,
3237,Rev6,6,W112,PX-7500,CH-C,EDG-11,Edge,0.84,327.3,97.5,98.72,89.35,1022.9,True,False,True,True,0,0.0,
3238,Rev6,6,W112,PX-7500,CH-C,EXT-01,Extreme Edge,0.96,16.4,102.32,97.65,90.7,961.1,False,False,True,True,1,1.81,
3239,Rev6,6,W112,PX-7500,CH-C,EXT-02,Extreme Edge,0.96,49.1,103.56,96.17,84.52,941.1,False,True,True,True,1,5.48,polymer_residue
3240,Rev6,6,W112,PX-7500,CH-C,EXT-03,Extreme Edge,0.96,81.8,100.36,95.79,81.21,1066.6,True,True,True,True,2,5.54,
3241,Rev6,6,W112,PX-7500,CH-C,EXT-04,Extreme Edge,0.96,114.5,97.48,98.59,83.5,1064.4,True,False,True,True,1,5.98,polymer_residue
3242,Rev6,6,W112,PX-7500,CH-C,EXT-05,Extreme Edge,0.96,147.3,98.88,100.05,77.47,1069.8,True,False,False,True,0,0.0,
3243,Rev6,6,W112,PX-7500,CH-C,EXT-06,Extreme Edge,0.96,180.0,100.22,94.37,88.83,961.5,True,True,True,True,1,3.89,
3244,Rev6,6,W112,PX-7500,CH-C,EXT-07,Extreme Edge,0.96,212.7,101.55,96.34,87.05,1006.3,False,True,True,True,0,0.0,
3245,Rev6,6,W112,PX-7500,CH-C,EXT-08,Extreme Edge,0.96,245.5,98.84,98.33,81.13,1016.7,True,False,True,True,1,5.06,
3246,Rev6,6,W112,PX-7500,CH-C,EXT-09,Extreme Edge,0.96,278.2,99.7,99.67,83.26,994.0,True,False,True,True,0,0.0,
3247,Rev6,6,W112,PX-7500,CH-C,EXT-10,Extreme Edge,0.96,310.9,100.08,96.09,87.91,1059.0,True,True,True,True,0,0.0,
3248,Rev6,6,W112,PX-7500,CH-C,EXT-11,Extreme Edge,0.96,343.6,101.61,98.24,79.95,973.2,False,False,True,True,2,5.54,
3249,Rev4,4,W113,AE-3200,CH-A,C1,Center,0.0,0.0,96.49,96.89,85.1,989.4,True,True,True,True,0,0.0,
3250,Rev4,4,W113,AE-3200,CH-A,MID-01,Mid,0.52,30.0,97.55,97.41,84.25,954.8,True,True,True,True,1,5.63,
3251,Rev4,4,W113,AE-3200,CH-A,MID-02,Mid,0.52,90.0,101.35,97.73,97.65,980.9,False,False,False,True,3,5.62,polymer_residue
3252,Rev4,4,W113,AE-3200,CH-A,MID-03,Mid,0.52,150.0,95.98,97.37,89.72,896.6,True,True,True,True,1,3.16,
3253,Rev4,4,W113,AE-3200,CH-A,MID-04,Mid,0.52,210.0,95.26,96.68,84.6,985.5,True,True,True,True,0,0.0,
3254,Rev4,4,W113,AE-3200,CH-A,MID-05,Mid,0.52,270.0,96.17,95.02,87.28,948.7,True,True,True,True,0,0.0,
3255,Rev4,4,W113,AE-3200,CH-A,MID-06,Mid,0.52,330.0,101.12,97.51,92.9,955.6,False,True,True,True,0,0.0,
3256,Rev4,4,W113,AE-3200,CH-A,EDG-01,Edge,0.84,0.0,102.84,105.79,89.51,881.8,False,False,True,True,1,5.17,
3257,Rev4,4,W113,AE-3200,CH-A,EDG-02,Edge,0.84,32.7,98.57,97.35,85.03,987.1,True,True,True,True,0,0.0,
3258,Rev4,4,W113,AE-3200,CH-A,EDG-03,Edge,0.84,65.5,100.42,105.45,90.85,1081.7,True,False,True,True,1,2.11,
3259,Rev4,4,W113,AE-3200,CH-A,EDG-04,Edge,0.84,98.2,101.71,97.82,95.83,966.3,False,False,False,True,2,9.73,pressure_spike
3260,Rev4,4,W113,AE-3200,CH-A,EDG-05,Edge,0.84,130.9,98.93,98.62,97.25,982.8,True,False,False,True,0,0.0,
3261,Rev4,4,W113,AE-3200,CH-A,EDG-06,Edge,0.84,163.6,99.62,101.12,86.38,1027.0,True,False,True,True,1,3.15,polymer_residue
3262,Rev4,4,W113,AE-3200,CH-A,EDG-07,Edge,0.84,196.4,99.39,99.49,97.05,1029.3,True,False,False,True,1,4.12,polymer_residue
3263,Rev4,4,W113,AE-3200,CH-A,EDG-08,Edge,0.84,229.1,94.53,101.28,101.51,983.4,True,False,False,True,2,6.24,
3264,Rev4,4,W113,AE-3200,CH-A,EDG-09,Edge,0.84,261.8,102.41,98.62,93.76,1014.3,False,False,True,True,1,5.81,
3265,Rev4,4,W113,AE-3200,CH-A,EDG-10,Edge,0.84,294.5,98.05,100.09,94.97,1040.0,True,False,False,True,0,0.0,
3266,Rev4,4,W113,AE-3200,CH-A,EDG-11,Edge,0.84,327.3,96.44,100.34,91.91,1046.6,True,False,True,True,1,3.53,polymer_residue
3267,Rev4,4,W113,AE-3200,CH-A,EXT-01,Extreme Edge,0.96,16.4,97.27,98.6,90.55,1040.2,True,False,True,True,1,2.61,
3268,Rev4,4,W113,AE-3200,CH-A,EXT-02,Extreme Edge,0.96,49.1,101.36,100.09,89.1,936.1,False,False,True,True,0,0.0,
3269,Rev4,4,W113,AE-3200,CH-A,EXT-03,Extreme Edge,0.96,81.8,100.29,103.93,86.55,1021.8,True,False,True,True,0,0.0,
3270,Rev4,4,W113,AE-3200,CH-A,EXT-04,Extreme Edge,0.96,114.5,101.64,100.15,87.85,956.1,False,False,True,True,1,4.25,
3271,Rev4,4,W113,AE-3200,CH-A,EXT-05,Extreme Edge,0.96,147.3,101.09,102.69,91.41,1055.0,False,False,True,True,1,3.65,polymer_residue
3272,Rev4,4,W113,AE-3200,CH-A,EXT-06,Extreme Edge,0.96,180.0,102.65,103.14,91.53,986.4,False,False,True,True,0,0.0,
3273,Rev4,4,W113,AE-3200,CH-A,EXT-07,Extreme Edge,0.96,212.7,100.96,103.88,96.27,1086.2,False,False,False,True,4,12.48,polymer_residue
3274,Rev4,4,W113,AE-3200,CH-A,EXT-08,Extreme Edge,0.96,245.5,100.38,101.3,95.1,977.0,True,False,False,True,0,0.0,
3275,Rev4,4,W113,AE-3200,CH-A,EXT-09,Extreme Edge,0.96,278.2,98.68,101.88,94.26,1076.4,True,False,True,True,1,6.09,esc_temp_drift
3276,Rev4,4,W113,AE-3200,CH-A,EXT-10,Extreme Edge,0.96,310.9,96.52,100.59,87.27,1055.4,True,False,True,True,0,0.0,
3277,Rev4,4,W113,AE-3200,CH-A,EXT-11,Extreme Edge,0.96,343.6,101.08,100.54,92.16,887.9,False,False,True,True,1,3.42,
3278,Rev9,9,W114,AE-3200,CH-B,C1,Center,0.0,0.0,97.49,90.75,90.22,1007.8,True,True,True,True,0,0.0,
3279,Rev9,9,W114,AE-3200,CH-B,MID-01,Mid,0.52,30.0,99.95,92.65,90.85,1129.9,True,True,True,False,1,4.16,
3280,Rev9,9,W114,AE-3200,CH-B,MID-02,Mid,0.52,90.0,98.97,94.16,82.38,1103.6,True,True,True,False,2,3.61,
3281,Rev9,9,W114,AE-3200,CH-B,MID-03,Mid,0.52,150.0,98.42,88.53,92.4,1102.8,True,True,True,False,0,0.0,
3282,Rev9,9,W114,AE-3200,CH-B,MID-04,Mid,0.52,210.0,98.4,90.15,95.07,1090.0,True,True,False,True,0,0.0,
3283,Rev9,9,W114,AE-3200,CH-B,MID-05,Mid,0.52,270.0,97.21,86.46,92.67,1259.0,True,False,True,False,0,0.0,
3284,Rev9,9,W114,AE-3200,CH-B,MID-06,Mid,0.52,330.0,101.44,88.11,92.12,1088.7,False,True,True,True,0,0.0,
3285,Rev9,9,W114,AE-3200,CH-B,EDG-01,Edge,0.84,0.0,98.39,95.29,99.51,1056.4,True,True,False,True,1,3.37,polymer_residue
3286,Rev9,9,W114,AE-3200,CH-B,EDG-02,Edge,0.84,32.7,97.15,95.14,88.11,1103.6,True,True,True,False,0,0.0,
3287,Rev9,9,W114,AE-3200,CH-B,EDG-03,Edge,0.84,65.5,103.43,92.07,96.56,1119.8,False,True,False,False,0,0.0,
3288,Rev9,9,W114,AE-3200,CH-B,EDG-04,Edge,0.84,98.2,99.9,92.63,92.11,1150.5,True,True,True,False,0,0.0,
3289,Rev9,9,W114,AE-3200,CH-B,EDG-05,Edge,0.84,130.9,98.04,92.95,86.47,1026.3,True,True,True,True,0,0.0,
3290,Rev9,9,W114,AE-3200,CH-B,EDG-06,Edge,0.84,163.6,102.0,94.1,93.71,1064.9,False,True,True,True,0,0.0,
3291,Rev9,9,W114,AE-3200,CH-B,EDG-07,Edge,0.84,196.4,100.99,93.55,98.36,1154.3,False,True,False,False,0,0.0,
3292,Rev9,9,W114,AE-3200,CH-B,EDG-08,Edge,0.84,229.1,101.08,89.05,98.44,1183.8,False,True,False,False,1,4.77,
3293,Rev9,9,W114,AE-3200,CH-B,EDG-09,Edge,0.84,261.8,96.12,88.69,97.48,1170.6,True,True,False,False,0,0.0,
3294,Rev9,9,W114,AE-3200,CH-B,EDG-10,Edge,0.84,294.5,101.25,88.14,96.15,1119.5,False,True,False,False,1,4.43,
3295,Rev9,9,W114,AE-3200,CH-B,EDG-11,Edge,0.84,327.3,97.68,90.62,94.04,1070.8,True,True,True,True,0,0.0,
3296,Rev9,9,W114,AE-3200,CH-B,EXT-01,Extreme Edge,0.96,16.4,98.29,89.16,95.52,1021.1,True,True,False,True,1,6.05,polymer_residue
3297,Rev9,9,W114,AE-3200,CH-B,EXT-02,Extreme Edge,0.96,49.1,105.3,92.65,94.97,1013.0,False,True,False,True,1,4.38,
3298,Rev9,9,W114,AE-3200,CH-B,EXT-03,Extreme Edge,0.96,81.8,101.63,90.65,93.01,1208.4,False,True,True,False,1,4.46,polymer_residue
3299,Rev9,9,W114,AE-3200,CH-B,EXT-04,Extreme Edge,0.96,114.5,101.68,92.15,90.14,1129.1,False,True,True,False,1,5.15,polymer_residue
3300,Rev9,9,W114,AE-3200,CH-B,EXT-05,Extreme Edge,0.96,147.3,101.63,91.5,92.09,1087.3,False,True,True,True,1,3.48,polymer_residue
3301,Rev9,9,W114,AE-3200,CH-B,EXT-06,Extreme Edge,0.96,180.0,98.54,91.66,95.22,1128.4,True,True,False,False,2,8.6,
3302,Rev9,9,W114,AE-3200,CH-B,EXT-07,Extreme Edge,0.96,212.7,104.57,90.22,89.48,1019.9,False,True,True,True,2,9.16,
3303,Rev9,9,W114,AE-3200,CH-B,EXT-08,Extreme Edge,0.96,245.5,101.56,89.96,91.27,1048.5,False,True,True,True,0,0.0,
3304,Rev9,9,W114,AE-3200,CH-B,EXT-09,Extreme Edge,0.96,278.2,96.97,92.84,99.01,1090.1,True,True,False,False,0,0.0,
3305,Rev9,9,W114,AE-3200,CH-B,EXT-10,Extreme Edge,0.96,310.9,99.7,94.46,98.04,1144.1,True,True,False,False,0,0.0,
3306,Rev9,9,W114,AE-3200,CH-B,EXT-11,Extreme Edge,0.96,343.6,103.99,93.56,92.09,1249.6,False,True,True,False,0,0.0,
3307,Rev9,9,W115,AE-3200,CH-B,C1,Center,0.0,0.0,94.6,90.64,87.06,1072.0,True,True,True,True,0,0.0,
3308,Rev9,9,W115,AE-3200,CH-B,MID-01,Mid,0.52,30.0,97.35,91.6,96.67,1061.2,True,True,False,True,1,5.64,
3309,Rev9,9,W115,AE-3200,CH-B,MID-02,Mid,0.52,90.0,97.15,92.76,94.35,1082.1,True,True,True,True,1,4.56,arc_event
3310,Rev9,9,W115,AE-3200,CH-B,MID-03,Mid,0.52,150.0,99.14,82.41,93.93,1168.6,True,False,True,False,2,6.49,
3311,Rev9,9,W115,AE-3200,CH-B,MID-04,Mid,0.52,210.0,97.88,90.34,86.33,1131.1,True,True,True,False,0,0.0,
3312,Rev9,9,W115,AE-3200,CH-B,MID-05,Mid,0.52,270.0,99.72,89.11,95.22,1062.9,True,True,False,True,1,4.34,
3313,Rev9,9,W115,AE-3200,CH-B,MID-06,Mid,0.52,330.0,100.75,87.25,87.52,1077.6,True,True,True,True,0,0.0,
3314,Rev9,9,W115,AE-3200,CH-B,EDG-01,Edge,0.84,0.0,99.55,89.53,94.63,1113.3,True,True,False,False,0,0.0,
3315,Rev9,9,W115,AE-3200,CH-B,EDG-02,Edge,0.84,32.7,98.44,92.09,96.36,1042.6,True,True,False,True,2,9.31,
3316,Rev9,9,W115,AE-3200,CH-B,EDG-03,Edge,0.84,65.5,105.21,89.55,92.86,1118.7,False,True,True,False,0,0.0,
3317,Rev9,9,W115,AE-3200,CH-B,EDG-04,Edge,0.84,98.2,98.33,91.13,93.32,1170.3,True,True,True,False,0,0.0,
3318,Rev9,9,W115,AE-3200,CH-B,EDG-05,Edge,0.84,130.9,102.0,95.77,94.63,1007.1,False,True,False,True,0,0.0,
3319,Rev9,9,W115,AE-3200,CH-B,EDG-06,Edge,0.84,163.6,104.13,90.96,90.94,1129.1,False,True,True,False,1,2.97,esc_temp_drift
3320,Rev9,9,W115,AE-3200,CH-B,EDG-07,Edge,0.84,196.4,102.14,90.24,97.36,1078.1,False,True,False,True,0,0.0,
3321,Rev9,9,W115,AE-3200,CH-B,EDG-08,Edge,0.84,229.1,97.74,89.97,97.15,961.7,True,True,False,True,1,2.76,polymer_residue
3322,Rev9,9,W115,AE-3200,CH-B,EDG-09,Edge,0.84,261.8,99.64,88.65,88.36,1099.3,True,True,True,False,0,0.0,
3323,Rev9,9,W115,AE-3200,CH-B,EDG-10,Edge,0.84,294.5,99.44,91.37,95.9,1034.8,True,True,False,True,0,0.0,
3324,Rev9,9,W115,AE-3200,CH-B,EDG-11,Edge,0.84,327.3,97.05,85.43,93.74,1046.2,True,False,True,True,1,5.4,polymer_residue
3325,Rev9,9,W115,AE-3200,CH-B,EXT-01,Extreme Edge,0.96,16.4,104.9,91.73,99.93,1067.3,False,True,False,True,0,0.0,
3326,Rev9,9,W115,AE-3200,CH-B,EXT-02,Extreme Edge,0.96,49.1,102.07,91.5,95.73,1082.7,False,True,False,True,1,6.15,
3327,Rev9,9,W115,AE-3200,CH-B,EXT-03,Extreme Edge,0.96,81.8,102.21,96.24,100.41,1028.4,False,True,False,True,1,3.3,polymer_residue
3328,Rev9,9,W115,AE-3200,CH-B,EXT-04,Extreme Edge,0.96,114.5,102.71,90.52,94.56,1035.1,False,True,False,True,1,3.96,polymer_residue
3329,Rev9,9,W115,AE-3200,CH-B,EXT-05,Extreme Edge,0.96,147.3,100.78,93.81,98.53,1015.2,True,True,False,True,0,0.0,
3330,Rev9,9,W115,AE-3200,CH-B,EXT-06,Extreme Edge,0.96,180.0,100.44,94.05,100.93,1045.7,True,True,False,True,0,0.0,
3331,Rev9,9,W115,AE-3200,CH-B,EXT-07,Extreme Edge,0.96,212.7,102.31,91.24,92.7,1095.8,False,True,True,False,0,0.0,
3332,Rev9,9,W115,AE-3200,CH-B,EXT-08,Extreme Edge,0.96,245.5,101.16,90.28,97.3,1116.0,False,True,False,False,3,17.6,
3333,Rev9,9,W115,AE-3200,CH-B,EXT-09,Extreme Edge,0.96,278.2,103.5,97.17,99.8,1096.6,False,True,False,False,0,0.0,
3334,Rev9,9,W115,AE-3200,CH-B,EXT-10,Extreme Edge,0.96,310.9,98.72,89.88,97.63,1054.4,True,True,False,True,2,12.11,polymer_residue
3335,Rev9,9,W115,AE-3200,CH-B,EXT-11,Extreme Edge,0.96,343.6,101.32,91.78,99.0,1038.1,False,True,False,True,1,4.16,polymer_residue
3336,Rev1,1,W116,AE-3200,CH-B,C1,Center,0.0,0.0,92.19,91.39,81.59,1003.9,True,True,True,True,0,0.0,
3337,Rev1,1,W116,AE-3200,CH-B,MID-01,Mid,0.52,30.0,93.26,96.63,86.19,825.1,True,True,True,False,1,4.82,polymer_residue
3338,Rev1,1,W116,AE-3200,CH-B,MID-02,Mid,0.52,90.0,96.36,97.36,83.1,973.0,True,True,True,True,0,0.0,
3339,Rev1,1,W116,AE-3200,CH-B,MID-03,Mid,0.52,150.0,92.85,94.34,83.57,1007.6,True,True,True,True,0,0.0,
3340,Rev1,1,W116,AE-3200,CH-B,MID-04,Mid,0.52,210.0,92.6,94.64,90.12,925.5,True,True,True,True,0,0.0,
3341,Rev1,1,W116,AE-3200,CH-B,MID-05,Mid,0.52,270.0,92.64,100.02,79.67,903.6,True,False,True,True,0,0.0,
3342,Rev1,1,W116,AE-3200,CH-B,MID-06,Mid,0.52,330.0,91.26,99.02,80.64,907.4,False,False,True,True,0,0.0,
3343,Rev1,1,W116,AE-3200,CH-B,EDG-01,Edge,0.84,0.0,94.86,101.27,90.61,931.2,True,False,True,True,2,12.9,endpoint_late
3344,Rev1,1,W116,AE-3200,CH-B,EDG-02,Edge,0.84,32.7,97.32,104.2,88.93,994.2,True,False,True,True,2,4.69,endpoint_late
3345,Rev1,1,W116,AE-3200,CH-B,EDG-03,Edge,0.84,65.5,98.19,97.43,89.15,983.2,True,True,True,True,1,5.1,
3346,Rev1,1,W116,AE-3200,CH-B,EDG-04,Edge,0.84,98.2,94.98,96.38,80.38,951.5,True,True,True,True,1,2.8,polymer_residue
3347,Rev1,1,W116,AE-3200,CH-B,EDG-05,Edge,0.84,130.9,93.5,101.08,84.9,982.2,True,False,True,True,0,0.0,
3348,Rev1,1,W116,AE-3200,CH-B,EDG-06,Edge,0.84,163.6,95.1,96.76,85.83,894.5,True,True,True,True,1,3.23,
3349,Rev1,1,W116,AE-3200,CH-B,EDG-07,Edge,0.84,196.4,97.75,98.56,84.4,983.9,True,False,True,True,0,0.0,
3350,Rev1,1,W116,AE-3200,CH-B,EDG-08,Edge,0.84,229.1,94.57,102.47,78.12,947.2,True,False,True,True,1,2.36,arc_event
3351,Rev1,1,W116,AE-3200,CH-B,EDG-09,Edge,0.84,261.8,94.86,100.54,86.49,935.1,True,False,True,True,1,2.2,polymer_residue
3352,Rev1,1,W116,AE-3200,CH-B,EDG-10,Edge,0.84,294.5,95.83,97.01,85.59,944.3,True,True,True,True,2,11.08,polymer_residue
3353,Rev1,1,W116,AE-3200,CH-B,EDG-11,Edge,0.84,327.3,95.67,101.25,82.55,897.4,True,False,True,True,1,2.06,pressure_spike
3354,Rev1,1,W116,AE-3200,CH-B,EXT-01,Extreme Edge,0.96,16.4,98.25,102.47,88.81,903.5,True,False,True,True,0,0.0,
3355,Rev1,1,W116,AE-3200,CH-B,EXT-02,Extreme Edge,0.96,49.1,97.56,101.27,84.96,843.6,True,False,True,False,0,0.0,
3356,Rev1,1,W116,AE-3200,CH-B,EXT-03,Extreme Edge,0.96,81.8,94.9,96.18,87.46,886.5,True,True,True,True,0,0.0,
3357,Rev1,1,W116,AE-3200,CH-B,EXT-04,Extreme Edge,0.96,114.5,93.53,100.7,88.26,880.8,True,False,True,True,0,0.0,
3358,Rev1,1,W116,AE-3200,CH-B,EXT-05,Extreme Edge,0.96,147.3,94.77,100.13,90.4,947.3,True,False,True,True,2,11.35,polymer_residue
3359,Rev1,1,W116,AE-3200,CH-B,EXT-06,Extreme Edge,0.96,180.0,96.83,100.89,83.62,987.8,True,False,True,True,1,5.44,arc_event
3360,Rev1,1,W116,AE-3200,CH-B,EXT-07,Extreme Edge,0.96,212.7,95.51,95.92,84.06,925.7,True,True,True,True,2,12.3,
3361,Rev1,1,W116,AE-3200,CH-B,EXT-08,Extreme Edge,0.96,245.5,94.66,97.16,90.78,1061.0,True,True,True,True,1,4.52,polymer_residue
3362,Rev1,1,W116,AE-3200,CH-B,EXT-09,Extreme Edge,0.96,278.2,95.77,101.17,85.42,917.5,True,False,True,True,1,3.7,
3363,Rev1,1,W116,AE-3200,CH-B,EXT-10,Extreme Edge,0.96,310.9,97.99,98.11,85.89,860.0,True,False,True,False,0,0.0,
3364,Rev1,1,W116,AE-3200,CH-B,EXT-11,Extreme Edge,0.96,343.6,94.69,94.24,86.58,1012.9,True,True,True,True,2,7.39,esc_temp_drift
3365,Rev3,3,W117,PX-7500,CH-D,C1,Center,0.0,0.0,91.61,91.01,84.38,929.3,True,True,True,True,0,0.0,
3366,Rev3,3,W117,PX-7500,CH-D,MID-01,Mid,0.52,30.0,92.58,89.77,93.6,991.3,True,True,True,True,0,0.0,
3367,Rev3,3,W117,PX-7500,CH-D,MID-02,Mid,0.52,90.0,96.6,94.61,92.94,954.5,True,True,True,True,0,0.0,
3368,Rev3,3,W117,PX-7500,CH-D,MID-03,Mid,0.52,150.0,96.69,90.22,94.99,974.7,True,True,False,True,0,0.0,
3369,Rev3,3,W117,PX-7500,CH-D,MID-04,Mid,0.52,210.0,95.29,96.75,87.58,932.3,True,True,True,True,0,0.0,
3370,Rev3,3,W117,PX-7500,CH-D,MID-05,Mid,0.52,270.0,96.54,89.39,83.91,913.6,True,True,True,True,0,0.0,
3371,Rev3,3,W117,PX-7500,CH-D,MID-06,Mid,0.52,330.0,93.68,93.65,85.68,999.2,True,True,True,True,1,2.18,polymer_residue
3372,Rev3,3,W117,PX-7500,CH-D,EDG-01,Edge,0.84,0.0,96.63,94.16,87.71,878.9,True,True,True,False,0,0.0,
3373,Rev3,3,W117,PX-7500,CH-D,EDG-02,Edge,0.84,32.7,98.96,92.35,89.3,913.5,True,True,True,True,0,0.0,
3374,Rev3,3,W117,PX-7500,CH-D,EDG-03,Edge,0.84,65.5,98.29,92.14,92.25,924.1,True,True,True,True,0,0.0,
3375,Rev3,3,W117,PX-7500,CH-D,EDG-04,Edge,0.84,98.2,97.71,89.18,82.01,1019.4,True,True,True,True,0,0.0,
3376,Rev3,3,W117,PX-7500,CH-D,EDG-05,Edge,0.84,130.9,95.8,96.4,96.05,989.9,True,True,False,True,0,0.0,
3377,Rev3,3,W117,PX-7500,CH-D,EDG-06,Edge,0.84,163.6,98.97,95.97,86.62,922.2,True,True,True,True,0,0.0,
3378,Rev3,3,W117,PX-7500,CH-D,EDG-07,Edge,0.84,196.4,97.96,91.36,89.23,998.7,True,True,True,True,1,2.57,endpoint_late
3379,Rev3,3,W117,PX-7500,CH-D,EDG-08,Edge,0.84,229.1,98.26,91.93,82.79,1001.2,True,True,True,True,0,0.0,
3380,Rev3,3,W117,PX-7500,CH-D,EDG-09,Edge,0.84,261.8,97.32,90.71,94.81,974.7,True,True,False,True,0,0.0,
3381,Rev3,3,W117,PX-7500,CH-D,EDG-10,Edge,0.84,294.5,94.72,92.32,87.62,921.1,True,True,True,True,0,0.0,
3382,Rev3,3,W117,PX-7500,CH-D,EDG-11,Edge,0.84,327.3,101.04,99.14,85.75,1007.4,False,False,True,True,0,0.0,
3383,Rev3,3,W117,PX-7500,CH-D,EXT-01,Extreme Edge,0.96,16.4,97.18,92.74,91.4,1119.0,True,True,True,False,1,3.76,
3384,Rev3,3,W117,PX-7500,CH-D,EXT-02,Extreme Edge,0.96,49.1,100.45,91.08,90.71,993.0,True,True,True,True,0,0.0,
3385,Rev3,3,W117,PX-7500,CH-D,EXT-03,Extreme Edge,0.96,81.8,96.82,95.05,93.62,892.0,True,True,True,True,1,2.67,
3386,Rev3,3,W117,PX-7500,CH-D,EXT-04,Extreme Edge,0.96,114.5,100.85,92.93,94.63,978.7,False,True,False,True,2,8.92,arc_event
3387,Rev3,3,W117,PX-7500,CH-D,EXT-05,Extreme Edge,0.96,147.3,100.28,92.84,88.27,989.3,True,True,True,True,0,0.0,
3388,Rev3,3,W117,PX-7500,CH-D,EXT-06,Extreme Edge,0.96,180.0,99.2,94.37,87.26,948.3,True,True,True,True,1,2.04,polymer_residue
3389,Rev3,3,W117,PX-7500,CH-D,EXT-07,Extreme Edge,0.96,212.7,98.85,98.43,93.53,980.4,True,False,True,True,1,4.6,polymer_residue
3390,Rev3,3,W117,PX-7500,CH-D,EXT-08,Extreme Edge,0.96,245.5,101.46,93.84,84.56,1052.5,False,True,True,True,1,4.4,
3391,Rev3,3,W117,PX-7500,CH-D,EXT-09,Extreme Edge,0.96,278.2,98.96,89.7,99.77,1034.7,True,True,False,True,0,0.0,
3392,Rev3,3,W117,PX-7500,CH-D,EXT-10,Extreme Edge,0.96,310.9,99.14,96.41,94.45,1006.6,True,True,True,True,0,0.0,
3393,Rev3,3,W117,PX-7500,CH-D,EXT-11,Extreme Edge,0.96,343.6,98.8,93.4,90.65,1054.9,True,True,True,True,0,0.0,
3394,Rev7,7,W118,PX-7500,CH-D,C1,Center,0.0,0.0,96.18,91.62,86.81,1106.6,True,True,True,False,0,0.0,
3395,Rev7,7,W118,PX-7500,CH-D,MID-01,Mid,0.52,30.0,99.49,97.74,82.22,1053.3,True,False,True,True,0,0.0,
3396,Rev7,7,W118,PX-7500,CH-D,MID-02,Mid,0.52,90.0,95.22,98.35,85.74,1023.9,True,False,True,True,0,0.0,
3397,Rev7,7,W118,PX-7500,CH-D,MID-03,Mid,0.52,150.0,94.93,92.21,86.88,964.8,True,True,True,True,0,0.0,
3398,Rev7,7,W118,PX-7500,CH-D,MID-04,Mid,0.52,210.0,96.55,90.49,90.19,979.1,True,True,True,True,0,0.0,
3399,Rev7,7,W118,PX-7500,CH-D,MID-05,Mid,0.52,270.0,96.49,94.83,84.73,957.0,True,True,True,True,1,3.28,polymer_residue
3400,Rev7,7,W118,PX-7500,CH-D,MID-06,Mid,0.52,330.0,98.03,94.55,83.33,932.4,True,True,True,True,0,0.0,
3401,Rev7,7,W118,PX-7500,CH-D,EDG-01,Edge,0.84,0.0,97.71,98.62,80.33,1070.4,True,False,True,True,0,0.0,
3402,Rev7,7,W118,PX-7500,CH-D,EDG-02,Edge,0.84,32.7,98.7,97.12,85.81,950.5,True,True,True,True,0,0.0,
3403,Rev7,7,W118,PX-7500,CH-D,EDG-03,Edge,0.84,65.5,98.33,92.99,89.55,1120.4,True,True,True,False,0,0.0,
3404,Rev7,7,W118,PX-7500,CH-D,EDG-04,Edge,0.84,98.2,98.18,97.5,86.91,1101.1,True,True,True,False,0,0.0,
3405,Rev7,7,W118,PX-7500,CH-D,EDG-05,Edge,0.84,130.9,99.58,97.07,87.44,1026.3,True,True,True,True,1,5.8,polymer_residue
3406,Rev7,7,W118,PX-7500,CH-D,EDG-06,Edge,0.84,163.6,97.32,92.11,83.19,1054.5,True,True,True,True,0,0.0,
3407,Rev7,7,W118,PX-7500,CH-D,EDG-07,Edge,0.84,196.4,100.25,98.06,88.32,1024.4,True,False,True,True,0,0.0,
3408,Rev7,7,W118,PX-7500,CH-D,EDG-08,Edge,0.84,229.1,97.6,98.27,88.41,951.8,True,False,True,True,1,3.88,polymer_residue
3409,Rev7,7,W118,PX-7500,CH-D,EDG-09,Edge,0.84,261.8,98.69,93.35,76.99,1083.2,True,True,False,True,0,0.0,
3410,Rev7,7,W118,PX-7500,CH-D,EDG-10,Edge,0.84,294.5,104.73,97.3,89.28,972.7,False,True,True,True,0,0.0,
3411,Rev7,7,W118,PX-7500,CH-D,EDG-11,Edge,0.84,327.3,103.71,95.41,86.55,999.9,False,True,True,True,1,5.41,esc_temp_drift
3412,Rev7,7,W118,PX-7500,CH-D,EXT-01,Extreme Edge,0.96,16.4,101.46,97.02,86.73,1018.5,False,True,True,True,1,6.14,
3413,Rev7,7,W118,PX-7500,CH-D,EXT-02,Extreme Edge,0.96,49.1,105.12,95.26,94.19,1004.5,False,True,True,True,0,0.0,
3414,Rev7,7,W118,PX-7500,CH-D,EXT-03,Extreme Edge,0.96,81.8,102.05,97.75,79.65,989.6,False,False,True,True,1,3.69,
3415,Rev7,7,W118,PX-7500,CH-D,EXT-04,Extreme Edge,0.96,114.5,98.08,94.79,88.4,1052.0,True,True,True,True,1,2.99,polymer_residue
3416,Rev7,7,W118,PX-7500,CH-D,EXT-05,Extreme Edge,0.96,147.3,100.16,92.82,83.33,1025.3,True,True,True,True,0,0.0,
3417,Rev7,7,W118,PX-7500,CH-D,EXT-06,Extreme Edge,0.96,180.0,97.67,96.5,90.54,1089.6,True,True,True,True,0,0.0,
3418,Rev7,7,W118,PX-7500,CH-D,EXT-07,Extreme Edge,0.96,212.7,101.3,97.77,81.58,1045.2,False,False,True,True,0,0.0,
3419,Rev7,7,W118,PX-7500,CH-D,EXT-08,Extreme Edge,0.96,245.5,102.91,95.3,91.98,1067.4,False,True,True,True,1,4.92,
3420,Rev7,7,W118,PX-7500,CH-D,EXT-09,Extreme Edge,0.96,278.2,103.52,95.48,92.97,1060.8,False,True,True,True,1,2.47,
3421,Rev7,7,W118,PX-7500,CH-D,EXT-10,Extreme Edge,0.96,310.9,100.12,102.64,79.49,1083.3,True,False,True,True,0,0.0,
3422,Rev7,7,W118,PX-7500,CH-D,EXT-11,Extreme Edge,0.96,343.6,101.3,96.49,89.3,1075.0,False,True,True,True,1,3.34,
3423,Rev11,11,W119,PX-7500,CH-D,C1,Center,0.0,0.0,96.1,90.63,93.13,1051.0,True,True,True,True,1,4.35,polymer_residue
3424,Rev11,11,W119,PX-7500,CH-D,MID-01,Mid,0.52,30.0,97.16,89.25,103.58,1042.7,True,True,False,True,1,1.85,polymer_residue
3425,Rev11,11,W119,PX-7500,CH-D,MID-02,Mid,0.52,90.0,97.58,94.88,90.3,1103.2,True,True,True,False,0,0.0,
3426,Rev11,11,W119,PX-7500,CH-D,MID-03,Mid,0.52,150.0,97.54,95.1,96.82,957.9,True,True,False,True,0,0.0,
3427,Rev11,11,W119,PX-7500,CH-D,MID-04,Mid,0.52,210.0,98.4,92.36,97.44,1080.7,True,True,False,True,0,0.0,
3428,Rev11,11,W119,PX-7500,CH-D,MID-05,Mid,0.52,270.0,99.1,90.92,100.56,1042.3,True,True,False,True,0,0.0,
3429,Rev11,11,W119,PX-7500,CH-D,MID-06,Mid,0.52,330.0,99.27,95.06,91.62,999.5,True,True,True,True,0,0.0,
3430,Rev11,11,W119,PX-7500,CH-D,EDG-01,Edge,0.84,0.0,98.82,96.7,105.91,956.1,True,True,False,True,0,0.0,
3431,Rev11,11,W119,PX-7500,CH-D,EDG-02,Edge,0.84,32.7,101.18,94.36,98.63,1029.9,False,True,False,True,1,2.07,arc_event
3432,Rev11,11,W119,PX-7500,CH-D,EDG-03,Edge,0.84,65.5,100.23,98.05,103.54,1186.0,True,False,False,False,1,5.36,polymer_residue
3433,Rev11,11,W119,PX-7500,CH-D,EDG-04,Edge,0.84,98.2,101.6,96.62,101.69,1096.7,False,True,False,False,0,0.0,
3434,Rev11,11,W119,PX-7500,CH-D,EDG-05,Edge,0.84,130.9,97.56,95.94,105.95,1136.4,True,True,False,False,0,0.0,
3435,Rev11,11,W119,PX-7500,CH-D,EDG-06,Edge,0.84,163.6,100.48,94.67,104.62,1126.3,True,True,False,False,1,2.52,
3436,Rev11,11,W119,PX-7500,CH-D,EDG-07,Edge,0.84,196.4,99.85,94.81,95.11,994.7,True,True,False,True,1,6.47,
3437,Rev11,11,W119,PX-7500,CH-D,EDG-08,Edge,0.84,229.1,103.19,91.09,104.58,1114.9,False,True,False,False,0,0.0,
3438,Rev11,11,W119,PX-7500,CH-D,EDG-09,Edge,0.84,261.8,98.06,94.52,96.5,1013.6,True,True,False,True,0,0.0,
3439,Rev11,11,W119,PX-7500,CH-D,EDG-10,Edge,0.84,294.5,98.31,97.6,94.89,1041.4,True,False,False,True,0,0.0,
3440,Rev11,11,W119,PX-7500,CH-D,EDG-11,Edge,0.84,327.3,104.12,101.26,104.08,951.1,False,False,False,True,0,0.0,
3441,Rev11,11,W119,PX-7500,CH-D,EXT-01,Extreme Edge,0.96,16.4,100.28,90.02,100.2,1127.4,True,True,False,False,4,14.63,
3442,Rev11,11,W119,PX-7500,CH-D,EXT-02,Extreme Edge,0.96,49.1,99.56,99.77,103.73,989.5,True,False,False,True,3,18.48,polymer_residue
3443,Rev11,11,W119,PX-7500,CH-D,EXT-03,Extreme Edge,0.96,81.8,99.96,97.04,102.06,1110.8,True,True,False,False,0,0.0,
3444,Rev11,11,W119,PX-7500,CH-D,EXT-04,Extreme Edge,0.96,114.5,100.01,91.99,100.82,1023.1,True,True,False,True,1,4.23,arc_event
3445,Rev11,11,W119,PX-7500,CH-D,EXT-05,Extreme Edge,0.96,147.3,101.59,97.02,93.09,994.1,False,True,True,True,0,0.0,
3446,Rev11,11,W119,PX-7500,CH-D,EXT-06,Extreme Edge,0.96,180.0,100.05,100.6,100.4,1119.6,True,False,False,False,1,4.34,
3447,Rev11,11,W119,PX-7500,CH-D,EXT-07,Extreme Edge,0.96,212.7,99.93,93.36,97.29,1142.8,True,True,False,False,4,13.16,polymer_residue
3448,Rev11,11,W119,PX-7500,CH-D,EXT-08,Extreme Edge,0.96,245.5,103.05,93.68,105.79,1061.4,False,True,False,True,1,2.95,esc_temp_drift
3449,Rev11,11,W119,PX-7500,CH-D,EXT-09,Extreme Edge,0.96,278.2,101.01,96.61,93.57,1047.1,False,True,True,True,0,0.0,
3450,Rev11,11,W119,PX-7500,CH-D,EXT-10,Extreme Edge,0.96,310.9,102.05,97.49,100.67,1060.2,False,True,False,True,2,9.82,esc_temp_drift
3451,Rev11,11,W119,PX-7500,CH-D,EXT-11,Extreme Edge,0.96,343.6,103.66,98.12,94.52,1071.2,False,False,False,True,2,7.32,polymer_residue
3452,Rev2,2,W120,PX-7500,CH-C,C1,Center,0.0,0.0,95.97,95.52,84.38,894.4,True,True,True,True,0,0.0,
3453,Rev2,2,W120,PX-7500,CH-C,MID-01,Mid,0.52,30.0,91.33,94.29,87.79,892.3,False,True,True,True,1,2.39,
3454,Rev2,2,W120,PX-7500,CH-C,MID-02,Mid,0.52,90.0,98.45,91.19,94.38,901.3,True,True,True,True,0,0.0,
3455,Rev2,2,W120,PX-7500,CH-C,MID-03,Mid,0.52,150.0,99.05,94.9,82.69,871.9,True,True,True,False,1,4.0,
3456,Rev2,2,W120,PX-7500,CH-C,MID-04,Mid,0.52,210.0,97.98,95.66,94.53,981.7,True,True,False,True,0,0.0,
3457,Rev2,2,W120,PX-7500,CH-C,MID-05,Mid,0.52,270.0,96.74,94.4,92.51,954.1,True,True,True,True,0,0.0,
3458,Rev2,2,W120,PX-7500,CH-C,MID-06,Mid,0.52,330.0,94.22,99.0,89.41,880.7,True,False,True,True,0,0.0,
3459,Rev2,2,W120,PX-7500,CH-C,EDG-01,Edge,0.84,0.0,95.83,99.1,92.48,874.5,True,False,True,False,0,0.0,
3460,Rev2,2,W120,PX-7500,CH-C,EDG-02,Edge,0.84,32.7,98.92,99.75,97.82,789.4,True,False,False,False,0,0.0,
3461,Rev2,2,W120,PX-7500,CH-C,EDG-03,Edge,0.84,65.5,99.56,101.33,93.68,871.4,True,False,True,False,0,0.0,
3462,Rev2,2,W120,PX-7500,CH-C,EDG-04,Edge,0.84,98.2,97.64,95.38,91.99,994.8,True,True,True,True,1,3.96,pressure_spike
3463,Rev2,2,W120,PX-7500,CH-C,EDG-05,Edge,0.84,130.9,99.12,97.1,88.39,972.9,True,True,True,True,0,0.0,
3464,Rev2,2,W120,PX-7500,CH-C,EDG-06,Edge,0.84,163.6,94.53,96.29,98.83,943.8,True,True,False,True,0,0.0,
3465,Rev2,2,W120,PX-7500,CH-C,EDG-07,Edge,0.84,196.4,98.05,97.11,89.91,942.0,True,True,True,True,2,4.23,polymer_residue
3466,Rev2,2,W120,PX-7500,CH-C,EDG-08,Edge,0.84,229.1,97.37,93.16,94.71,1025.4,True,True,False,True,3,11.52,pressure_spike
3467,Rev2,2,W120,PX-7500,CH-C,EDG-09,Edge,0.84,261.8,97.73,95.67,93.11,918.3,True,True,True,True,2,6.37,
3468,Rev2,2,W120,PX-7500,CH-C,EDG-10,Edge,0.84,294.5,96.54,95.16,97.1,1031.7,True,True,False,True,0,0.0,
3469,Rev2,2,W120,PX-7500,CH-C,EDG-11,Edge,0.84,327.3,99.14,93.48,90.96,815.8,True,True,True,False,1,4.17,esc_temp_drift
3470,Rev2,2,W120,PX-7500,CH-C,EXT-01,Extreme Edge,0.96,16.4,97.14,96.97,91.73,994.2,True,True,True,True,0,0.0,
3471,Rev2,2,W120,PX-7500,CH-C,EXT-02,Extreme Edge,0.96,49.1,99.94,94.97,88.62,786.5,True,True,True,False,0,0.0,
3472,Rev2,2,W120,PX-7500,CH-C,EXT-03,Extreme Edge,0.96,81.8,101.64,99.22,89.44,916.9,False,False,True,True,0,0.0,
3473,Rev2,2,W120,PX-7500,CH-C,EXT-04,Extreme Edge,0.96,114.5,99.8,100.44,89.14,951.4,True,False,True,True,0,0.0,
3474,Rev2,2,W120,PX-7500,CH-C,EXT-05,Extreme Edge,0.96,147.3,100.49,95.74,99.22,965.5,True,True,False,True,0,0.0,
3475,Rev2,2,W120,PX-7500,CH-C,EXT-06,Extreme Edge,0.96,180.0,97.13,97.73,91.67,1002.3,True,False,True,True,0,0.0,
3476,Rev2,2,W120,PX-7500,CH-C,EXT-07,Extreme Edge,0.96,212.7,98.84,94.7,93.52,1060.6,True,True,True,True,0,0.0,
3477,Rev2,2,W120,PX-7500,CH-C,EXT-08,Extreme Edge,0.96,245.5,101.18,96.54,87.4,910.9,False,True,True,True,0,0.0,
3478,Rev2,2,W120,PX-7500,CH-C,EXT-09,Extreme Edge,0.96,278.2,97.46,98.69,97.5,1080.6,True,False,False,True,0,0.0,
3479,Rev2,2,W120,PX-7500,CH-C,EXT-10,Extreme Edge,0.96,310.9,97.94,95.65,92.43,999.5,True,True,True,True,3,14.37,polymer_residue
3480,Rev2,2,W120,PX-7500,CH-C,EXT-11,Extreme Edge,0.96,343.6,95.6,97.01,97.43,959.2,True,True,False,True,0,0.0,
3481,Rev7,7,W121,PX-7500,CH-D,C1,Center,0.0,0.0,93.37,94.6,88.94,926.4,True,True,True,True,0,0.0,
3482,Rev7,7,W121,PX-7500,CH-D,MID-01,Mid,0.52,30.0,96.14,95.96,94.0,1045.2,True,True,True,True,0,0.0,
3483,Rev7,7,W121,PX-7500,CH-D,MID-02,Mid,0.52,90.0,97.87,96.66,90.79,1004.9,True,True,True,True,0,0.0,
3484,Rev7,7,W121,PX-7500,CH-D,MID-03,Mid,0.52,150.0,98.58,93.27,87.66,1034.5,True,True,True,True,0,0.0,
3485,Rev7,7,W121,PX-7500,CH-D,MID-04,Mid,0.52,210.0,96.14,98.31,86.71,989.6,True,False,True,True,0,0.0,
3486,Rev7,7,W121,PX-7500,CH-D,MID-05,Mid,0.52,270.0,95.53,94.28,84.51,950.3,True,True,True,True,0,0.0,
3487,Rev7,7,W121,PX-7500,CH-D,MID-06,Mid,0.52,330.0,95.46,93.69,90.56,953.3,True,True,True,True,0,0.0,
3488,Rev7,7,W121,PX-7500,CH-D,EDG-01,Edge,0.84,0.0,97.31,94.85,93.61,985.1,True,True,True,True,1,6.4,
3489,Rev7,7,W121,PX-7500,CH-D,EDG-02,Edge,0.84,32.7,98.01,98.06,90.49,991.6,True,False,True,True,0,0.0,
3490,Rev7,7,W121,PX-7500,CH-D,EDG-03,Edge,0.84,65.5,98.76,97.05,87.87,1086.0,True,True,True,True,1,6.48,endpoint_late
3491,Rev7,7,W121,PX-7500,CH-D,EDG-04,Edge,0.84,98.2,95.28,97.88,92.35,1044.6,True,False,True,True,1,5.15,polymer_residue
3492,Rev7,7,W121,PX-7500,CH-D,EDG-05,Edge,0.84,130.9,99.27,98.97,93.07,1133.1,True,False,True,False,0,0.0,
3493,Rev7,7,W121,PX-7500,CH-D,EDG-06,Edge,0.84,163.6,97.45,94.86,90.91,1110.0,True,True,True,False,3,16.96,
3494,Rev7,7,W121,PX-7500,CH-D,EDG-07,Edge,0.84,196.4,100.17,97.8,97.26,1046.2,True,False,False,True,2,9.07,
3495,Rev7,7,W121,PX-7500,CH-D,EDG-08,Edge,0.84,229.1,98.26,98.85,93.98,1139.9,True,False,True,False,0,0.0,
3496,Rev7,7,W121,PX-7500,CH-D,EDG-09,Edge,0.84,261.8,98.02,99.75,93.61,1012.3,True,False,True,True,0,0.0,
3497,Rev7,7,W121,PX-7500,CH-D,EDG-10,Edge,0.84,294.5,100.14,96.51,86.45,1030.0,True,True,True,True,2,11.27,
3498,Rev7,7,W121,PX-7500,CH-D,EDG-11,Edge,0.84,327.3,100.29,94.98,93.92,1101.0,True,True,True,False,0,0.0,
3499,Rev7,7,W121,PX-7500,CH-D,EXT-01,Extreme Edge,0.96,16.4,100.11,94.28,92.45,1065.6,True,True,True,True,0,0.0,
3500,Rev7,7,W121,PX-7500,CH-D,EXT-02,Extreme Edge,0.96,49.1,102.35,99.33,90.14,1014.7,False,False,True,True,0,0.0,
3501,Rev7,7,W121,PX-7500,CH-D,EXT-03,Extreme Edge,0.96,81.8,98.13,98.79,94.78,1020.5,True,False,False,True,1,3.18,
3502,Rev7,7,W121,PX-7500,CH-D,EXT-04,Extreme Edge,0.96,114.5,97.94,95.21,96.99,1094.9,True,True,False,False,1,4.08,
3503,Rev7,7,W121,PX-7500,CH-D,EXT-05,Extreme Edge,0.96,147.3,100.28,92.02,89.63,1056.6,True,True,True,True,2,9.97,esc_temp_drift
3504,Rev7,7,W121,PX-7500,CH-D,EXT-06,Extreme Edge,0.96,180.0,99.19,100.0,96.46,1060.5,True,False,False,True,0,0.0,
3505,Rev7,7,W121,PX-7500,CH-D,EXT-07,Extreme Edge,0.96,212.7,97.47,99.89,97.13,1095.8,True,False,False,False,1,2.6,pressure_spike
3506,Rev7,7,W121,PX-7500,CH-D,EXT-08,Extreme Edge,0.96,245.5,98.77,98.5,98.01,1003.6,True,False,False,True,2,9.68,polymer_residue
3507,Rev7,7,W121,PX-7500,CH-D,EXT-09,Extreme Edge,0.96,278.2,100.07,97.61,95.3,1104.6,True,False,False,False,1,4.91,polymer_residue
3508,Rev7,7,W121,PX-7500,CH-D,EXT-10,Extreme Edge,0.96,310.9,103.96,100.07,98.19,1036.5,False,False,False,True,1,5.98,polymer_residue
3509,Rev7,7,W121,PX-7500,CH-D,EXT-11,Extreme Edge,0.96,343.6,99.88,97.5,91.52,1129.5,True,True,True,False,2,10.14,polymer_residue
3510,Rev11,11,W122,PX-7500,CH-D,C1,Center,0.0,0.0,98.57,89.31,86.84,999.5,True,True,True,True,0,0.0,
3511,Rev11,11,W122,PX-7500,CH-D,MID-01,Mid,0.52,30.0,102.97,91.66,93.53,1012.4,False,True,True,True,0,0.0,
3512,Rev11,11,W122,PX-7500,CH-D,MID-02,Mid,0.52,90.0,102.1,93.59,99.89,1106.1,False,True,False,False,0,0.0,
3513,Rev11,11,W122,PX-7500,CH-D,MID-03,Mid,0.52,150.0,98.03,91.67,94.72,1000.5,True,True,False,True,0,0.0,
3514,Rev11,11,W122,PX-7500,CH-D,MID-04,Mid,0.52,210.0,101.04,92.98,96.43,971.4,False,True,False,True,1,1.8,
3515,Rev11,11,W122,PX-7500,CH-D,MID-05,Mid,0.52,270.0,103.34,92.13,91.79,1070.7,False,True,True,True,0,0.0,
3516,Rev11,11,W122,PX-7500,CH-D,MID-06,Mid,0.52,330.0,100.88,95.37,101.12,1086.4,False,True,False,True,1,2.54,
3517,Rev11,11,W122,PX-7500,CH-D,EDG-01,Edge,0.84,0.0,100.18,90.34,94.84,1059.7,True,True,False,True,0,0.0,
3518,Rev11,11,W122,PX-7500,CH-D,EDG-02,Edge,0.84,32.7,104.33,97.16,89.96,1052.2,False,True,True,True,1,6.25,endpoint_late
3519,Rev11,11,W122,PX-7500,CH-D,EDG-03,Edge,0.84,65.5,99.2,95.42,95.63,1018.7,True,True,False,True,1,2.82,
3520,Rev11,11,W122,PX-7500,CH-D,EDG-04,Edge,0.84,98.2,102.12,92.44,97.73,1019.5,False,True,False,True,1,2.79,
3521,Rev11,11,W122,PX-7500,CH-D,EDG-05,Edge,0.84,130.9,95.34,93.42,98.38,996.8,True,True,False,True,0,0.0,
3522,Rev11,11,W122,PX-7500,CH-D,EDG-06,Edge,0.84,163.6,101.88,91.79,102.02,989.0,False,True,False,True,1,2.02,
3523,Rev11,11,W122,PX-7500,CH-D,EDG-07,Edge,0.84,196.4,101.61,91.06,88.1,1020.8,False,True,True,True,0,0.0,
3524,Rev11,11,W122,PX-7500,CH-D,EDG-08,Edge,0.84,229.1,102.18,91.97,87.66,1129.7,False,True,True,False,0,0.0,
3525,Rev11,11,W122,PX-7500,CH-D,EDG-09,Edge,0.84,261.8,102.62,89.2,102.53,975.1,False,True,False,True,0,0.0,
3526,Rev11,11,W122,PX-7500,CH-D,EDG-10,Edge,0.84,294.5,102.69,97.69,98.12,1027.0,False,False,False,True,2,6.06,
3527,Rev11,11,W122,PX-7500,CH-D,EDG-11,Edge,0.84,327.3,101.97,93.43,92.41,1000.7,False,True,True,True,0,0.0,
3528,Rev11,11,W122,PX-7500,CH-D,EXT-01,Extreme Edge,0.96,16.4,101.72,93.11,92.48,1147.8,False,True,True,False,0,0.0,
3529,Rev11,11,W122,PX-7500,CH-D,EXT-02,Extreme Edge,0.96,49.1,106.38,98.9,95.48,1077.2,False,False,False,True,0,0.0,
3530,Rev11,11,W122,PX-7500,CH-D,EXT-03,Extreme Edge,0.96,81.8,102.69,90.09,102.57,1081.5,False,True,False,True,2,6.49,
3531,Rev11,11,W122,PX-7500,CH-D,EXT-04,Extreme Edge,0.96,114.5,103.49,96.98,88.8,983.8,False,True,True,True,3,7.02,
3532,Rev11,11,W122,PX-7500,CH-D,EXT-05,Extreme Edge,0.96,147.3,103.71,96.9,95.49,1155.5,False,True,False,False,2,3.89,polymer_residue
3533,Rev11,11,W122,PX-7500,CH-D,EXT-06,Extreme Edge,0.96,180.0,100.93,91.6,95.91,1084.3,False,True,False,True,1,4.3,
3534,Rev11,11,W122,PX-7500,CH-D,EXT-07,Extreme Edge,0.96,212.7,103.11,91.93,95.65,940.0,False,True,False,True,1,6.5,esc_temp_drift
3535,Rev11,11,W122,PX-7500,CH-D,EXT-08,Extreme Edge,0.96,245.5,103.99,94.63,100.37,1123.4,False,True,False,False,0,0.0,
3536,Rev11,11,W122,PX-7500,CH-D,EXT-09,Extreme Edge,0.96,278.2,104.25,92.65,94.39,1084.8,False,True,True,True,1,5.29,polymer_residue
3537,Rev11,11,W122,PX-7500,CH-D,EXT-10,Extreme Edge,0.96,310.9,101.31,92.25,103.62,1012.0,False,True,False,True,1,2.98,polymer_residue
3538,Rev11,11,W122,PX-7500,CH-D,EXT-11,Extreme Edge,0.96,343.6,97.94,93.53,100.88,1153.3,True,True,False,False,0,0.0,
3539,Rev3,3,W123,PX-7500,CH-D,C1,Center,0.0,0.0,92.97,93.51,88.6,922.0,True,True,True,True,0,0.0,
3540,Rev3,3,W123,PX-7500,CH-D,MID-01,Mid,0.52,30.0,95.6,97.28,82.8,985.1,True,True,True,True,0,0.0,
3541,Rev3,3,W123,PX-7500,CH-D,MID-02,Mid,0.52,90.0,94.48,96.15,82.9,1013.9,True,True,True,True,0,0.0,
3542,Rev3,3,W123,PX-7500,CH-D,MID-03,Mid,0.52,150.0,94.19,97.01,88.88,1089.6,True,True,True,True,0,0.0,
3543,Rev3,3,W123,PX-7500,CH-D,MID-04,Mid,0.52,210.0,97.21,100.16,86.57,945.0,True,False,True,True,1,5.62,polymer_residue
3544,Rev3,3,W123,PX-7500,CH-D,MID-05,Mid,0.52,270.0,95.46,97.41,96.04,883.0,True,True,False,True,0,0.0,
3545,Rev3,3,W123,PX-7500,CH-D,MID-06,Mid,0.52,330.0,96.86,103.47,83.53,1032.5,True,False,True,True,0,0.0,
3546,Rev3,3,W123,PX-7500,CH-D,EDG-01,Edge,0.84,0.0,94.4,97.17,91.63,983.0,True,True,True,True,0,0.0,
3547,Rev3,3,W123,PX-7500,CH-D,EDG-02,Edge,0.84,32.7,97.3,92.93,85.99,1044.9,True,True,True,True,0,0.0,
3548,Rev3,3,W123,PX-7500,CH-D,EDG-03,Edge,0.84,65.5,92.74,98.54,82.98,934.4,True,False,True,True,1,5.45,polymer_residue
3549,Rev3,3,W123,PX-7500,CH-D,EDG-04,Edge,0.84,98.2,96.71,96.19,87.96,944.6,True,True,True,True,1,5.08,
3550,Rev3,3,W123,PX-7500,CH-D,EDG-05,Edge,0.84,130.9,97.24,99.1,83.39,1006.8,True,False,True,True,0,0.0,
3551,Rev3,3,W123,PX-7500,CH-D,EDG-06,Edge,0.84,163.6,97.03,94.38,92.27,1117.3,True,True,True,False,2,7.56,polymer_residue
3552,Rev3,3,W123,PX-7500,CH-D,EDG-07,Edge,0.84,196.4,97.62,98.05,92.7,953.0,True,False,True,True,2,10.9,
3553,Rev3,3,W123,PX-7500,CH-D,EDG-08,Edge,0.84,229.1,95.99,98.51,90.81,1006.2,True,False,True,True,0,0.0,
3554,Rev3,3,W123,PX-7500,CH-D,EDG-09,Edge,0.84,261.8,95.75,99.35,86.6,1033.2,True,False,True,True,0,0.0,
3555,Rev3,3,W123,PX-7500,CH-D,EDG-10,Edge,0.84,294.5,95.58,97.73,90.04,968.5,True,False,True,True,2,10.77,polymer_residue
3556,Rev3,3,W123,PX-7500,CH-D,EDG-11,Edge,0.84,327.3,99.29,97.98,84.1,947.6,True,False,True,True,0,0.0,
3557,Rev3,3,W123,PX-7500,CH-D,EXT-01,Extreme Edge,0.96,16.4,98.38,98.99,93.23,1041.6,True,False,True,True,1,6.34,
3558,Rev3,3,W123,PX-7500,CH-D,EXT-02,Extreme Edge,0.96,49.1,96.89,99.89,93.58,979.8,True,False,True,True,0,0.0,
3559,Rev3,3,W123,PX-7500,CH-D,EXT-03,Extreme Edge,0.96,81.8,93.89,100.85,90.26,1035.8,True,False,True,True,1,2.03,
3560,Rev3,3,W123,PX-7500,CH-D,EXT-04,Extreme Edge,0.96,114.5,99.94,97.34,91.83,1030.3,True,True,True,True,0,0.0,
3561,Rev3,3,W123,PX-7500,CH-D,EXT-05,Extreme Edge,0.96,147.3,97.66,96.27,91.29,902.5,True,True,True,True,0,0.0,
3562,Rev3,3,W123,PX-7500,CH-D,EXT-06,Extreme Edge,0.96,180.0,98.61,101.3,91.67,1001.3,True,False,True,True,0,0.0,
3563,Rev3,3,W123,PX-7500,CH-D,EXT-07,Extreme Edge,0.96,212.7,96.97,98.06,95.38,1003.5,True,False,False,True,0,0.0,
3564,Rev3,3,W123,PX-7500,CH-D,EXT-08,Extreme Edge,0.96,245.5,95.39,101.41,94.94,1137.7,True,False,False,False,1,3.37,polymer_residue
3565,Rev3,3,W123,PX-7500,CH-D,EXT-09,Extreme Edge,0.96,278.2,100.11,97.86,95.2,913.8,True,False,False,True,0,0.0,
3566,Rev3,3,W123,PX-7500,CH-D,EXT-10,Extreme Edge,0.96,310.9,97.91,96.93,83.87,1051.1,True,True,True,True,0,0.0,
3567,Rev3,3,W123,PX-7500,CH-D,EXT-11,Extreme Edge,0.96,343.6,98.25,99.01,91.78,1040.6,True,False,True,True,1,5.55,polymer_residue
3568,Rev3,3,W124,PX-7500,CH-D,C1,Center,0.0,0.0,91.85,96.99,82.46,944.1,True,True,True,True,0,0.0,
3569,Rev3,3,W124,PX-7500,CH-D,MID-01,Mid,0.52,30.0,99.73,102.81,92.91,918.7,True,False,True,True,0,0.0,
3570,Rev3,3,W124,PX-7500,CH-D,MID-02,Mid,0.52,90.0,96.92,95.66,80.05,899.0,True,True,True,True,0,0.0,
3571,Rev3,3,W124,PX-7500,CH-D,MID-03,Mid,0.52,150.0,97.2,95.78,90.33,1041.1,True,True,True,True,0,0.0,
3572,Rev3,3,W124,PX-7500,CH-D,MID-04,Mid,0.52,210.0,95.57,96.49,86.51,963.1,True,True,True,True,0,0.0,
3573,Rev3,3,W124,PX-7500,CH-D,MID-05,Mid,0.52,270.0,96.95,96.39,89.11,980.9,True,True,True,True,1,5.5,
3574,Rev3,3,W124,PX-7500,CH-D,MID-06,Mid,0.52,330.0,97.39,94.35,80.9,937.1,True,True,True,True,0,0.0,
3575,Rev3,3,W124,PX-7500,CH-D,EDG-01,Edge,0.84,0.0,98.15,99.27,89.21,967.0,True,False,True,True,2,7.92,
3576,Rev3,3,W124,PX-7500,CH-D,EDG-02,Edge,0.84,32.7,99.15,101.19,83.25,932.7,True,False,True,True,3,10.65,
3577,Rev3,3,W124,PX-7500,CH-D,EDG-03,Edge,0.84,65.5,98.06,98.55,90.59,976.8,True,False,True,True,0,0.0,
3578,Rev3,3,W124,PX-7500,CH-D,EDG-04,Edge,0.84,98.2,97.25,100.23,76.42,936.6,True,False,False,True,0,0.0,
3579,Rev3,3,W124,PX-7500,CH-D,EDG-05,Edge,0.84,130.9,98.14,99.47,82.43,960.3,True,False,True,True,0,0.0,
3580,Rev3,3,W124,PX-7500,CH-D,EDG-06,Edge,0.84,163.6,96.42,99.06,91.3,877.2,True,False,True,False,0,0.0,
3581,Rev3,3,W124,PX-7500,CH-D,EDG-07,Edge,0.84,196.4,100.09,97.98,87.94,928.1,True,False,True,True,0,0.0,
3582,Rev3,3,W124,PX-7500,CH-D,EDG-08,Edge,0.84,229.1,97.73,103.09,88.51,1002.9,True,False,True,True,1,6.06,
3583,Rev3,3,W124,PX-7500,CH-D,EDG-09,Edge,0.84,261.8,98.83,99.34,93.9,944.2,True,False,True,True,0,0.0,
3584,Rev3,3,W124,PX-7500,CH-D,EDG-10,Edge,0.84,294.5,96.79,97.58,89.95,934.4,True,True,True,True,1,4.01,
3585,Rev3,3,W124,PX-7500,CH-D,EDG-11,Edge,0.84,327.3,100.95,99.84,86.16,883.7,False,False,True,True,0,0.0,
3586,Rev3,3,W124,PX-7500,CH-D,EXT-01,Extreme Edge,0.96,16.4,97.61,96.99,91.38,806.2,True,True,True,False,0,0.0,
3587,Rev3,3,W124,PX-7500,CH-D,EXT-02,Extreme Edge,0.96,49.1,103.46,103.1,95.51,1016.0,False,False,False,True,1,2.99,
3588,Rev3,3,W124,PX-7500,CH-D,EXT-03,Extreme Edge,0.96,81.8,96.22,103.28,98.23,966.9,True,False,False,True,1,3.43,
3589,Rev3,3,W124,PX-7500,CH-D,EXT-04,Extreme Edge,0.96,114.5,98.76,102.06,87.36,1004.6,True,False,True,True,0,0.0,
3590,Rev3,3,W124,PX-7500,CH-D,EXT-05,Extreme Edge,0.96,147.3,98.85,101.56,94.3,884.6,True,False,True,True,0,0.0,
3591,Rev3,3,W124,PX-7500,CH-D,EXT-06,Extreme Edge,0.96,180.0,99.25,101.46,87.26,930.6,True,False,True,True,0,0.0,
3592,Rev3,3,W124,PX-7500,CH-D,EXT-07,Extreme Edge,0.96,212.7,99.79,96.42,91.95,899.9,True,True,True,True,1,2.6,
3593,Rev3,3,W124,PX-7500,CH-D,EXT-08,Extreme Edge,0.96,245.5,95.12,97.1,87.75,895.4,True,True,True,True,1,4.52,
3594,Rev3,3,W124,PX-7500,CH-D,EXT-09,Extreme Edge,0.96,278.2,95.46,100.85,87.42,945.5,True,False,True,True,0,0.0,
3595,Rev3,3,W124,PX-7500,CH-D,EXT-10,Extreme Edge,0.96,310.9,97.77,95.36,97.55,949.7,True,True,False,True,0,0.0,
3596,Rev3,3,W124,PX-7500,CH-D,EXT-11,Extreme Edge,0.96,343.6,97.54,94.2,91.11,963.0,True,True,True,True,0,0.0,
3597,Rev10,10,W125,PX-7500,CH-C,C1,Center,0.0,0.0,96.49,88.86,96.22,1057.0,True,True,False,True,0,0.0,
3598,Rev10,10,W125,PX-7500,CH-C,MID-01,Mid,0.52,30.0,95.56,87.05,94.51,1134.4,True,True,False,False,1,6.18,pressure_spike
3599,Rev10,10,W125,PX-7500,CH-C,MID-02,Mid,0.52,90.0,92.06,90.92,86.77,1027.1,True,True,True,True,0,0.0,
3600,Rev10,10,W125,PX-7500,CH-C,MID-03,Mid,0.52,150.0,92.2,90.42,97.97,1045.3,True,True,False,True,0,0.0,
3601,Rev10,10,W125,PX-7500,CH-C,MID-04,Mid,0.52,210.0,94.12,85.46,97.56,937.9,True,False,False,True,0,0.0,
3602,Rev10,10,W125,PX-7500,CH-C,MID-05,Mid,0.52,270.0,93.13,94.78,91.7,969.0,True,True,True,True,0,0.0,
3603,Rev10,10,W125,PX-7500,CH-C,MID-06,Mid,0.52,330.0,94.45,85.09,96.3,1012.0,True,False,False,True,1,4.3,polymer_residue
3604,Rev10,10,W125,PX-7500,CH-C,EDG-01,Edge,0.84,0.0,97.96,88.46,88.24,1117.5,True,True,True,False,1,5.47,esc_temp_drift
3605,Rev10,10,W125,PX-7500,CH-C,EDG-02,Edge,0.84,32.7,96.5,87.62,104.77,1042.2,True,True,False,True,0,0.0,
3606,Rev10,10,W125,PX-7500,CH-C,EDG-03,Edge,0.84,65.5,97.12,88.57,95.42,1047.5,True,True,False,True,1,1.91,pressure_spike
3607,Rev10,10,W125,PX-7500,CH-C,EDG-04,Edge,0.84,98.2,100.73,86.83,98.74,1055.5,True,True,False,True,1,5.44,
3608,Rev10,10,W125,PX-7500,CH-C,EDG-05,Edge,0.84,130.9,94.09,91.67,95.12,1089.9,True,True,False,True,1,3.81,
3609,Rev10,10,W125,PX-7500,CH-C,EDG-06,Edge,0.84,163.6,96.02,94.86,97.37,1083.1,True,True,False,True,0,0.0,
3610,Rev10,10,W125,PX-7500,CH-C,EDG-07,Edge,0.84,196.4,94.16,88.32,96.07,1031.7,True,True,False,True,1,3.36,
3611,Rev10,10,W125,PX-7500,CH-C,EDG-08,Edge,0.84,229.1,93.87,92.26,94.31,1047.2,True,True,True,True,1,5.37,esc_temp_drift
3612,Rev10,10,W125,PX-7500,CH-C,EDG-09,Edge,0.84,261.8,98.77,91.41,95.23,1132.4,True,True,False,False,0,0.0,
3613,Rev10,10,W125,PX-7500,CH-C,EDG-10,Edge,0.84,294.5,93.27,93.87,95.3,1133.9,True,True,False,False,1,4.79,esc_temp_drift
3614,Rev10,10,W125,PX-7500,CH-C,EDG-11,Edge,0.84,327.3,98.49,90.21,101.72,1018.2,True,True,False,True,2,6.62,polymer_residue
3615,Rev10,10,W125,PX-7500,CH-C,EXT-01,Extreme Edge,0.96,16.4,97.22,87.67,94.21,932.8,True,True,True,True,0,0.0,
3616,Rev10,10,W125,PX-7500,CH-C,EXT-02,Extreme Edge,0.96,49.1,99.03,92.34,94.98,1046.3,True,True,False,True,0,0.0,
3617,Rev10,10,W125,PX-7500,CH-C,EXT-03,Extreme Edge,0.96,81.8,98.89,89.79,102.05,1035.5,True,True,False,True,1,4.77,
3618,Rev10,10,W125,PX-7500,CH-C,EXT-04,Extreme Edge,0.96,114.5,98.31,97.02,91.6,1143.3,True,True,True,False,0,0.0,
3619,Rev10,10,W125,PX-7500,CH-C,EXT-05,Extreme Edge,0.96,147.3,97.7,90.29,103.32,932.1,True,True,False,True,0,0.0,
3620,Rev10,10,W125,PX-7500,CH-C,EXT-06,Extreme Edge,0.96,180.0,96.74,89.28,91.65,1067.5,True,True,True,True,1,5.58,polymer_residue
3621,Rev10,10,W125,PX-7500,CH-C,EXT-07,Extreme Edge,0.96,212.7,95.23,87.34,101.57,1057.1,True,True,False,True,0,0.0,
3622,Rev10,10,W125,PX-7500,CH-C,EXT-08,Extreme Edge,0.96,245.5,95.04,91.96,97.95,1110.3,True,True,False,False,0,0.0,
3623,Rev10,10,W125,PX-7500,CH-C,EXT-09,Extreme Edge,0.96,278.2,95.71,93.39,89.63,1081.9,True,True,True,True,0,0.0,
3624,Rev10,10,W125,PX-7500,CH-C,EXT-10,Extreme Edge,0.96,310.9,98.42,94.16,96.25,1078.9,True,True,False,True,0,0.0,
3625,Rev10,10,W125,PX-7500,CH-C,EXT-11,Extreme Edge,0.96,343.6,95.59,96.73,99.32,1010.0,True,True,False,True,2,11.28,endpoint_late
3626,Rev11,11,W126,PX-7500,CH-D,C1,Center,0.0,0.0,95.26,94.42,95.27,1037.3,True,True,False,True,0,0.0,
3627,Rev11,11,W126,PX-7500,CH-D,MID-01,Mid,0.52,30.0,96.99,93.83,96.01,999.6,True,True,False,True,1,6.42,
3628,Rev11,11,W126,PX-7500,CH-D,MID-02,Mid,0.52,90.0,93.34,90.11,100.25,1133.9,True,True,False,False,1,5.19,pressure_spike
3629,Rev11,11,W126,PX-7500,CH-D,MID-03,Mid,0.52,150.0,96.1,92.97,91.46,1000.6,True,True,True,True,0,0.0,
3630,Rev11,11,W126,PX-7500,CH-D,MID-04,Mid,0.52,210.0,99.49,89.21,97.64,1074.0,True,True,False,True,0,0.0,
3631,Rev11,11,W126,PX-7500,CH-D,MID-05,Mid,0.52,270.0,98.71,91.82,93.08,1046.5,True,True,True,True,0,0.0,
3632,Rev11,11,W126,PX-7500,CH-D,MID-06,Mid,0.52,330.0,97.35,93.73,99.09,1054.9,True,True,False,True,0,0.0,
3633,Rev11,11,W126,PX-7500,CH-D,EDG-01,Edge,0.84,0.0,101.03,92.54,102.64,1149.8,False,True,False,False,2,5.51,
3634,Rev11,11,W126,PX-7500,CH-D,EDG-02,Edge,0.84,32.7,101.66,94.64,105.48,1051.1,False,True,False,True,1,4.84,
3635,Rev11,11,W126,PX-7500,CH-D,EDG-03,Edge,0.84,65.5,98.54,91.85,97.73,1072.9,True,True,False,True,0,0.0,
3636,Rev11,11,W126,PX-7500,CH-D,EDG-04,Edge,0.84,98.2,98.38,95.02,98.02,1104.9,True,True,False,False,0,0.0,
3637,Rev11,11,W126,PX-7500,CH-D,EDG-05,Edge,0.84,130.9,100.39,94.65,100.49,1133.6,True,True,False,False,2,8.04,polymer_residue
3638,Rev11,11,W126,PX-7500,CH-D,EDG-06,Edge,0.84,163.6,97.81,93.39,93.05,1055.4,True,True,True,True,0,0.0,
3639,Rev11,11,W126,PX-7500,CH-D,EDG-07,Edge,0.84,196.4,98.15,86.61,101.27,1071.7,True,False,False,True,1,2.48,polymer_residue
3640,Rev11,11,W126,PX-7500,CH-D,EDG-08,Edge,0.84,229.1,100.97,91.79,93.57,1165.9,False,True,True,False,1,3.87,polymer_residue
3641,Rev11,11,W126,PX-7500,CH-D,EDG-09,Edge,0.84,261.8,99.01,89.45,94.77,1094.2,True,True,False,False,1,6.1,polymer_residue
3642,Rev11,11,W126,PX-7500,CH-D,EDG-10,Edge,0.84,294.5,101.17,91.22,104.49,1081.0,False,True,False,True,0,0.0,
3643,Rev11,11,W126,PX-7500,CH-D,EDG-11,Edge,0.84,327.3,95.62,93.38,97.93,1154.4,True,True,False,False,0,0.0,
3644,Rev11,11,W126,PX-7500,CH-D,EXT-01,Extreme Edge,0.96,16.4,104.1,94.44,107.32,1158.3,False,True,False,False,0,0.0,
3645,Rev11,11,W126,PX-7500,CH-D,EXT-02,Extreme Edge,0.96,49.1,101.94,96.43,98.93,1048.3,False,True,False,True,0,0.0,
3646,Rev11,11,W126,PX-7500,CH-D,EXT-03,Extreme Edge,0.96,81.8,100.07,97.11,98.07,1091.0,True,True,False,False,1,2.55,polymer_residue
3647,Rev11,11,W126,PX-7500,CH-D,EXT-04,Extreme Edge,0.96,114.5,98.62,92.62,98.59,1233.1,True,True,False,False,1,3.62,
3648,Rev11,11,W126,PX-7500,CH-D,EXT-05,Extreme Edge,0.96,147.3,102.09,91.49,95.22,1028.4,False,True,False,True,2,3.65,polymer_residue
3649,Rev11,11,W126,PX-7500,CH-D,EXT-06,Extreme Edge,0.96,180.0,100.12,97.34,106.0,1098.1,True,True,False,False,0,0.0,
3650,Rev11,11,W126,PX-7500,CH-D,EXT-07,Extreme Edge,0.96,212.7,102.77,94.54,97.71,1131.5,False,True,False,False,1,6.39,
3651,Rev11,11,W126,PX-7500,CH-D,EXT-08,Extreme Edge,0.96,245.5,99.83,90.43,102.22,1160.5,True,True,False,False,0,0.0,
3652,Rev11,11,W126,PX-7500,CH-D,EXT-09,Extreme Edge,0.96,278.2,100.75,97.5,104.57,1045.1,True,True,False,True,0,0.0,
3653,Rev11,11,W126,PX-7500,CH-D,EXT-10,Extreme Edge,0.96,310.9,100.23,91.51,98.58,1111.5,True,True,False,False,1,4.19,
3654,Rev11,11,W126,PX-7500,CH-D,EXT-11,Extreme Edge,0.96,343.6,97.67,92.87,95.35,1120.5,True,True,False,False,2,12.59,
3655,Rev11,11,W127,PX-7500,CH-D,C1,Center,0.0,0.0,99.31,90.34,94.68,1138.0,True,True,False,False,0,0.0,
3656,Rev11,11,W127,PX-7500,CH-D,MID-01,Mid,0.52,30.0,99.58,93.12,94.16,1173.0,True,True,True,False,0,0.0,
3657,Rev11,11,W127,PX-7500,CH-D,MID-02,Mid,0.52,90.0,99.1,91.29,103.62,1061.4,True,True,False,True,0,0.0,
3658,Rev11,11,W127,PX-7500,CH-D,MID-03,Mid,0.52,150.0,97.43,93.6,94.85,1128.7,True,True,False,False,0,0.0,
3659,Rev11,11,W127,PX-7500,CH-D,MID-04,Mid,0.52,210.0,99.1,92.09,102.21,1058.7,True,True,False,True,0,0.0,
3660,Rev11,11,W127,PX-7500,CH-D,MID-05,Mid,0.52,270.0,98.41,91.53,99.45,1134.8,True,True,False,False,0,0.0,
3661,Rev11,11,W127,PX-7500,CH-D,MID-06,Mid,0.52,330.0,98.37,91.78,101.54,1056.3,True,True,False,True,0,0.0,
3662,Rev11,11,W127,PX-7500,CH-D,EDG-01,Edge,0.84,0.0,102.0,99.7,100.71,1070.0,False,False,False,True,1,3.76,
3663,Rev11,11,W127,PX-7500,CH-D,EDG-02,Edge,0.84,32.7,101.75,94.28,100.77,1122.9,False,True,False,False,1,4.92,
3664,Rev11,11,W127,PX-7500,CH-D,EDG-03,Edge,0.84,65.5,101.39,97.3,103.17,1114.2,False,True,False,False,1,1.88,
3665,Rev11,11,W127,PX-7500,CH-D,EDG-04,Edge,0.84,98.2,99.71,93.26,103.09,1117.8,True,True,False,False,0,0.0,
3666,Rev11,11,W127,PX-7500,CH-D,EDG-05,Edge,0.84,130.9,101.43,95.68,101.25,1154.1,False,True,False,False,0,0.0,
3667,Rev11,11,W127,PX-7500,CH-D,EDG-06,Edge,0.84,163.6,98.52,95.05,99.64,1127.2,True,True,False,False,0,0.0,
3668,Rev11,11,W127,PX-7500,CH-D,EDG-07,Edge,0.84,196.4,100.01,93.21,100.0,1070.0,True,True,False,True,0,0.0,
3669,Rev11,11,W127,PX-7500,CH-D,EDG-08,Edge,0.84,229.1,102.53,92.2,98.44,1008.0,False,True,False,True,2,8.88,esc_temp_drift
3670,Rev11,11,W127,PX-7500,CH-D,EDG-09,Edge,0.84,261.8,97.85,95.74,99.18,1099.1,True,True,False,False,4,17.58,polymer_residue
3671,Rev11,11,W127,PX-7500,CH-D,EDG-10,Edge,0.84,294.5,97.64,94.98,107.84,1102.3,True,True,False,False,2,9.94,arc_event
3672,Rev11,11,W127,PX-7500,CH-D,EDG-11,Edge,0.84,327.3,99.53,95.0,96.65,1119.5,True,True,False,False,1,6.25,
3673,Rev11,11,W127,PX-7500,CH-D,EXT-01,Extreme Edge,0.96,16.4,100.34,97.33,102.8,1163.2,True,True,False,False,1,3.06,
3674,Rev11,11,W127,PX-7500,CH-D,EXT-02,Extreme Edge,0.96,49.1,100.97,95.67,100.16,1186.3,False,True,False,False,1,5.43,polymer_residue
3675,Rev11,11,W127,PX-7500,CH-D,EXT-03,Extreme Edge,0.96,81.8,101.46,98.14,101.43,1079.2,False,False,False,True,0,0.0,
3676,Rev11,11,W127,PX-7500,CH-D,EXT-04,Extreme Edge,0.96,114.5,100.15,90.89,107.04,1253.7,True,True,False,False,0,0.0,
3677,Rev11,11,W127,PX-7500,CH-D,EXT-05,Extreme Edge,0.96,147.3,100.09,95.49,105.11,1272.5,True,True,False,False,4,11.5,polymer_residue
3678,Rev11,11,W127,PX-7500,CH-D,EXT-06,Extreme Edge,0.96,180.0,100.95,96.55,103.97,1176.2,False,True,False,False,1,5.21,polymer_residue
3679,Rev11,11,W127,PX-7500,CH-D,EXT-07,Extreme Edge,0.96,212.7,101.4,93.37,101.22,1026.5,False,True,False,True,1,3.8,esc_temp_drift
3680,Rev11,11,W127,PX-7500,CH-D,EXT-08,Extreme Edge,0.96,245.5,99.14,96.34,103.5,1014.5,True,True,False,True,0,0.0,
3681,Rev11,11,W127,PX-7500,CH-D,EXT-09,Extreme Edge,0.96,278.2,102.35,92.3,95.65,1054.7,False,True,False,True,2,12.57,polymer_residue
3682,Rev11,11,W127,PX-7500,CH-D,EXT-10,Extreme Edge,0.96,310.9,98.4,93.92,108.59,1142.5,True,True,False,False,0,0.0,
3683,Rev11,11,W127,PX-7500,CH-D,EXT-11,Extreme Edge,0.96,343.6,98.6,94.01,107.63,1098.5,True,True,False,False,1,5.29,polymer_residue
3684,Base,0,W128,AE-3200,CH-A,C1,Center,0.0,0.0,100.9,94.54,89.72,929.2,False,True,True,True,1,3.47,
3685,Base,0,W128,AE-3200,CH-A,MID-01,Mid,0.52,30.0,97.52,94.89,87.57,888.6,True,True,True,True,0,0.0,
3686,Base,0,W128,AE-3200,CH-A,MID-02,Mid,0.52,90.0,98.02,98.25,91.12,859.3,True,False,True,False,0,0.0,
3687,Base,0,W128,AE-3200,CH-A,MID-03,Mid,0.52,150.0,92.09,97.19,92.14,929.5,True,True,True,True,0,0.0,
3688,Base,0,W128,AE-3200,CH-A,MID-04,Mid,0.52,210.0,95.05,98.56,80.9,935.8,True,False,True,True,2,10.71,polymer_residue
3689,Base,0,W128,AE-3200,CH-A,MID-05,Mid,0.52,270.0,95.42,97.44,89.47,883.1,True,True,True,True,0,0.0,
3690,Base,0,W128,AE-3200,CH-A,MID-06,Mid,0.52,330.0,100.9,99.76,82.12,877.1,False,False,True,False,1,5.39,
3691,Base,0,W128,AE-3200,CH-A,EDG-01,Edge,0.84,0.0,101.02,101.12,89.86,979.3,False,False,True,True,0,0.0,
3692,Base,0,W128,AE-3200,CH-A,EDG-02,Edge,0.84,32.7,100.16,97.79,86.98,988.4,True,False,True,True,0,0.0,
3693,Base,0,W128,AE-3200,CH-A,EDG-03,Edge,0.84,65.5,98.8,101.54,86.37,989.2,True,False,True,True,0,0.0,
3694,Base,0,W128,AE-3200,CH-A,EDG-04,Edge,0.84,98.2,100.43,103.66,91.04,1046.3,True,False,True,True,1,2.76,endpoint_late
3695,Base,0,W128,AE-3200,CH-A,EDG-05,Edge,0.84,130.9,100.37,99.09,92.16,1007.6,True,False,True,True,0,0.0,
3696,Base,0,W128,AE-3200,CH-A,EDG-06,Edge,0.84,163.6,99.37,102.98,89.43,1002.1,True,False,True,True,1,6.06,polymer_residue
3697,Base,0,W128,AE-3200,CH-A,EDG-07,Edge,0.84,196.4,99.75,101.44,89.71,922.1,True,False,True,True,0,0.0,
3698,Base,0,W128,AE-3200,CH-A,EDG-08,Edge,0.84,229.1,92.98,100.36,94.35,905.4,True,False,True,True,0,0.0,
3699,Base,0,W128,AE-3200,CH-A,EDG-09,Edge,0.84,261.8,99.48,95.01,85.94,917.0,True,True,True,True,0,0.0,
3700,Base,0,W128,AE-3200,CH-A,EDG-10,Edge,0.84,294.5,102.33,97.46,89.7,1070.4,False,True,True,True,1,4.16,
3701,Base,0,W128,AE-3200,CH-A,EDG-11,Edge,0.84,327.3,101.16,97.35,93.95,999.7,False,True,True,True,1,3.54,
3702,Base,0,W128,AE-3200,CH-A,EXT-01,Extreme Edge,0.96,16.4,95.63,96.47,89.31,952.2,True,True,True,True,0,0.0,
3703,Base,0,W128,AE-3200,CH-A,EXT-02,Extreme Edge,0.96,49.1,97.03,101.22,86.41,999.3,True,False,True,True,2,12.64,polymer_residue
3704,Base,0,W128,AE-3200,CH-A,EXT-03,Extreme Edge,0.96,81.8,101.63,99.07,92.75,1040.7,False,False,True,True,1,6.25,
3705,Base,0,W128,AE-3200,CH-A,EXT-04,Extreme Edge,0.96,114.5,99.94,103.29,84.19,961.5,True,False,True,True,1,6.35,
3706,Base,0,W128,AE-3200,CH-A,EXT-05,Extreme Edge,0.96,147.3,100.56,103.26,81.61,995.8,True,False,True,True,1,4.83,arc_event
3707,Base,0,W128,AE-3200,CH-A,EXT-06,Extreme Edge,0.96,180.0,103.28,102.11,92.72,988.3,False,False,True,True,0,0.0,
3708,Base,0,W128,AE-3200,CH-A,EXT-07,Extreme Edge,0.96,212.7,101.15,101.32,89.54,974.6,False,False,True,True,0,0.0,
3709,Base,0,W128,AE-3200,CH-A,EXT-08,Extreme Edge,0.96,245.5,102.49,104.44,94.08,990.8,False,False,True,True,2,5.63,polymer_residue
3710,Base,0,W128,AE-3200,CH-A,EXT-09,Extreme Edge,0.96,278.2,98.24,101.4,90.8,1042.8,True,False,True,True,2,8.82,endpoint_late
3711,Base,0,W128,AE-3200,CH-A,EXT-10,Extreme Edge,0.96,310.9,101.32,100.01,86.85,870.6,False,False,True,False,0,0.0,
3712,Base,0,W128,AE-3200,CH-A,EXT-11,Extreme Edge,0.96,343.6,99.13,100.91,87.93,1070.4,True,False,True,True,1,5.47,
3713,Rev9,9,W129,AE-3200,CH-B,C1,Center,0.0,0.0,97.62,92.74,94.5,1123.2,True,True,True,False,1,4.4,
3714,Rev9,9,W129,AE-3200,CH-B,MID-01,Mid,0.52,30.0,104.08,93.07,99.8,1119.8,False,True,False,False,0,0.0,
3715,Rev9,9,W129,AE-3200,CH-B,MID-02,Mid,0.52,90.0,97.2,89.01,96.89,1046.6,True,True,False,True,1,3.5,
3716,Rev9,9,W129,AE-3200,CH-B,MID-03,Mid,0.52,150.0,102.18,89.95,91.04,1018.6,False,True,True,True,0,0.0,
3717,Rev9,9,W129,AE-3200,CH-B,MID-04,Mid,0.52,210.0,98.82,91.66,93.99,1034.7,True,True,True,True,0,0.0,
3718,Rev9,9,W129,AE-3200,CH-B,MID-05,Mid,0.52,270.0,99.22,93.21,89.11,1003.0,True,True,True,True,0,0.0,
3719,Rev9,9,W129,AE-3200,CH-B,MID-06,Mid,0.52,330.0,100.47,90.7,97.17,1076.6,True,True,False,True,0,0.0,
3720,Rev9,9,W129,AE-3200,CH-B,EDG-01,Edge,0.84,0.0,100.19,95.79,87.8,1074.9,True,True,True,True,0,0.0,
3721,Rev9,9,W129,AE-3200,CH-B,EDG-02,Edge,0.84,32.7,102.6,93.06,99.43,1135.0,False,True,False,False,0,0.0,
3722,Rev9,9,W129,AE-3200,CH-B,EDG-03,Edge,0.84,65.5,98.59,88.76,99.91,1095.5,True,True,False,False,1,5.03,polymer_residue
3723,Rev9,9,W129,AE-3200,CH-B,EDG-04,Edge,0.84,98.2,97.82,95.8,101.36,968.7,True,True,False,True,0,0.0,
3724,Rev9,9,W129,AE-3200,CH-B,EDG-05,Edge,0.84,130.9,100.4,95.51,91.96,1098.1,True,True,True,False,0,0.0,
3725,Rev9,9,W129,AE-3200,CH-B,EDG-06,Edge,0.84,163.6,101.34,91.64,98.14,1023.8,False,True,False,True,1,2.11,polymer_residue
3726,Rev9,9,W129,AE-3200,CH-B,EDG-07,Edge,0.84,196.4,97.41,90.71,99.14,1061.2,True,True,False,True,1,5.91,polymer_residue
3727,Rev9,9,W129,AE-3200,CH-B,EDG-08,Edge,0.84,229.1,100.68,91.13,96.8,1118.3,True,True,False,False,1,2.03,
3728,Rev9,9,W129,AE-3200,CH-B,EDG-09,Edge,0.84,261.8,100.92,90.73,98.15,1204.6,False,True,False,False,1,2.71,
3729,Rev9,9,W129,AE-3200,CH-B,EDG-10,Edge,0.84,294.5,97.94,92.77,92.57,1177.6,True,True,True,False,0,0.0,
3730,Rev9,9,W129,AE-3200,CH-B,EDG-11,Edge,0.84,327.3,100.57,93.21,99.39,1048.9,True,True,False,True,0,0.0,
3731,Rev9,9,W129,AE-3200,CH-B,EXT-01,Extreme Edge,0.96,16.4,100.73,95.07,104.15,1034.2,True,True,False,True,3,17.03,pressure_spike
3732,Rev9,9,W129,AE-3200,CH-B,EXT-02,Extreme Edge,0.96,49.1,100.14,96.12,96.98,1081.3,True,True,False,True,1,3.72,
3733,Rev9,9,W129,AE-3200,CH-B,EXT-03,Extreme Edge,0.96,81.8,102.18,92.28,95.52,1093.2,False,True,False,False,1,1.85,
3734,Rev9,9,W129,AE-3200,CH-B,EXT-04,Extreme Edge,0.96,114.5,99.97,88.67,103.26,1058.9,True,True,False,True,0,0.0,
3735,Rev9,9,W129,AE-3200,CH-B,EXT-05,Extreme Edge,0.96,147.3,100.9,94.06,99.54,1050.7,False,True,False,True,2,5.41,
3736,Rev9,9,W129,AE-3200,CH-B,EXT-06,Extreme Edge,0.96,180.0,105.37,94.37,103.87,1066.3,False,True,False,True,1,4.61,
3737,Rev9,9,W129,AE-3200,CH-B,EXT-07,Extreme Edge,0.96,212.7,105.32,95.93,93.4,1108.3,False,True,True,False,1,5.11,polymer_residue
3738,Rev9,9,W129,AE-3200,CH-B,EXT-08,Extreme Edge,0.96,245.5,99.98,90.23,87.72,1125.7,True,True,True,False,0,0.0,
3739,Rev9,9,W129,AE-3200,CH-B,EXT-09,Extreme Edge,0.96,278.2,99.29,91.84,104.18,1046.9,True,True,False,True,1,3.18,
3740,Rev9,9,W129,AE-3200,CH-B,EXT-10,Extreme Edge,0.96,310.9,100.55,93.13,99.07,1179.9,True,True,False,False,1,2.48,polymer_residue
3741,Rev9,9,W129,AE-3200,CH-B,EXT-11,Extreme Edge,0.96,343.6,103.4,92.01,98.75,1028.3,False,True,False,True,0,0.0,
3742,Base,0,W130,AE-3200,CH-A,C1,Center,0.0,0.0,92.56,99.59,85.54,1044.1,True,False,True,True,0,0.0,
3743,Base,0,W130,AE-3200,CH-A,MID-01,Mid,0.52,30.0,97.61,97.26,88.72,947.0,True,True,True,True,1,4.54,polymer_residue
3744,Base,0,W130,AE-3200,CH-A,MID-02,Mid,0.52,90.0,95.88,94.47,81.99,1029.4,True,True,True,True,0,0.0,
3745,Base,0,W130,AE-3200,CH-A,MID-03,Mid,0.52,150.0,101.58,95.9,82.12,1084.6,False,True,True,True,0,0.0,
3746,Base,0,W130,AE-3200,CH-A,MID-04,Mid,0.52,210.0,94.73,96.46,86.23,1035.6,True,True,True,True,0,0.0,
3747,Base,0,W130,AE-3200,CH-A,MID-05,Mid,0.52,270.0,96.22,98.34,86.4,1045.5,True,False,True,True,2,12.27,pressure_spike
3748,Base,0,W130,AE-3200,CH-A,MID-06,Mid,0.52,330.0,95.05,96.39,87.33,950.4,True,True,True,True,1,5.59,endpoint_late
3749,Base,0,W130,AE-3200,CH-A,EDG-01,Edge,0.84,0.0,98.0,99.41,84.33,1091.5,True,False,True,False,1,5.14,polymer_residue
3750,Base,0,W130,AE-3200,CH-A,EDG-02,Edge,0.84,32.7,96.51,98.44,88.82,1030.0,True,False,True,True,0,0.0,
3751,Base,0,W130,AE-3200,CH-A,EDG-03,Edge,0.84,65.5,96.44,95.3,88.43,998.5,True,True,True,True,0,0.0,
3752,Base,0,W130,AE-3200,CH-A,EDG-04,Edge,0.84,98.2,98.78,97.57,81.21,1109.2,True,True,True,False,1,2.65,esc_temp_drift
3753,Base,0,W130,AE-3200,CH-A,EDG-05,Edge,0.84,130.9,98.63,98.03,84.73,1092.2,True,False,True,False,2,11.43,
3754,Base,0,W130,AE-3200,CH-A,EDG-06,Edge,0.84,163.6,97.16,102.1,86.92,1065.7,True,False,True,True,0,0.0,
3755,Base,0,W130,AE-3200,CH-A,EDG-07,Edge,0.84,196.4,101.7,96.28,86.86,926.4,False,True,True,True,0,0.0,
3756,Base,0,W130,AE-3200,CH-A,EDG-08,Edge,0.84,229.1,94.77,100.12,86.46,1019.7,True,False,True,True,1,4.24,polymer_residue
3757,Base,0,W130,AE-3200,CH-A,EDG-09,Edge,0.84,261.8,98.21,96.11,83.78,1126.0,True,True,True,False,3,12.85,polymer_residue
3758,Base,0,W130,AE-3200,CH-A,EDG-10,Edge,0.84,294.5,97.5,99.63,82.56,986.1,True,False,True,True,1,3.49,polymer_residue
3759,Base,0,W130,AE-3200,CH-A,EDG-11,Edge,0.84,327.3,100.26,98.63,82.3,948.6,True,False,True,True,1,5.77,polymer_residue
3760,Base,0,W130,AE-3200,CH-A,EXT-01,Extreme Edge,0.96,16.4,97.65,98.35,87.97,963.9,True,False,True,True,0,0.0,
3761,Base,0,W130,AE-3200,CH-A,EXT-02,Extreme Edge,0.96,49.1,100.54,102.79,88.8,987.8,True,False,True,True,0,0.0,
3762,Base,0,W130,AE-3200,CH-A,EXT-03,Extreme Edge,0.96,81.8,102.31,98.42,85.99,1072.2,False,False,True,True,1,2.35,polymer_residue
3763,Base,0,W130,AE-3200,CH-A,EXT-04,Extreme Edge,0.96,114.5,98.27,96.78,80.65,1067.6,True,True,True,True,0,0.0,
3764,Base,0,W130,AE-3200,CH-A,EXT-05,Extreme Edge,0.96,147.3,99.46,97.86,85.56,1053.6,True,False,True,True,0,0.0,
3765,Base,0,W130,AE-3200,CH-A,EXT-06,Extreme Edge,0.96,180.0,99.58,99.73,92.85,1008.2,True,False,True,True,0,0.0,
3766,Base,0,W130,AE-3200,CH-A,EXT-07,Extreme Edge,0.96,212.7,99.32,101.22,89.05,981.9,True,False,True,True,0,0.0,
3767,Base,0,W130,AE-3200,CH-A,EXT-08,Extreme Edge,0.96,245.5,102.53,95.67,98.55,1062.2,False,True,False,True,2,4.42,
3768,Base,0,W130,AE-3200,CH-A,EXT-09,Extreme Edge,0.96,278.2,99.34,101.95,90.69,1093.1,True,False,True,False,3,11.0,
3769,Base,0,W130,AE-3200,CH-A,EXT-10,Extreme Edge,0.96,310.9,99.88,98.13,85.56,1067.7,True,False,True,True,1,4.88,
3770,Base,0,W130,AE-3200,CH-A,EXT-11,Extreme Edge,0.96,343.6,99.72,101.02,87.01,1048.8,True,False,True,True,0,0.0,
3771,Rev5,5,W131,AE-3200,CH-B,C1,Center,0.0,0.0,94.56,89.73,81.04,933.9,True,True,True,True,0,0.0,
3772,Rev5,5,W131,AE-3200,CH-B,MID-01,Mid,0.52,30.0,96.27,91.93,88.57,933.1,True,True,True,True,0,0.0,
3773,Rev5,5,W131,AE-3200,CH-B,MID-02,Mid,0.52,90.0,94.86,89.35,85.14,942.0,True,True,True,True,0,0.0,
3774,Rev5,5,W131,AE-3200,CH-B,MID-03,Mid,0.52,150.0,101.22,88.85,89.0,917.9,False,True,True,True,0,0.0,
3775,Rev5,5,W131,AE-3200,CH-B,MID-04,Mid,0.52,210.0,98.3,92.0,87.66,1082.5,True,True,True,True,0,0.0,
3776,Rev5,5,W131,AE-3200,CH-B,MID-05,Mid,0.52,270.0,95.68,93.32,87.48,1017.5,True,True,True,True,0,0.0,
3777,Rev5,5,W131,AE-3200,CH-B,MID-06,Mid,0.52,330.0,98.87,91.31,92.17,996.8,True,True,True,True,0,0.0,
3778,Rev5,5,W131,AE-3200,CH-B,EDG-01,Edge,0.84,0.0,92.93,91.65,87.08,968.3,True,True,True,True,0,0.0,
3779,Rev5,5,W131,AE-3200,CH-B,EDG-02,Edge,0.84,32.7,99.33,94.25,97.15,1067.7,True,True,False,True,1,2.77,polymer_residue
3780,Rev5,5,W131,AE-3200,CH-B,EDG-03,Edge,0.84,65.5,98.7,93.42,87.99,980.9,True,True,True,True,0,0.0,
3781,Rev5,5,W131,AE-3200,CH-B,EDG-04,Edge,0.84,98.2,102.31,95.37,92.0,974.2,False,True,True,True,1,5.71,
3782,Rev5,5,W131,AE-3200,CH-B,EDG-05,Edge,0.84,130.9,99.93,92.56,87.15,1013.1,True,True,True,True,1,3.84,polymer_residue
3783,Rev5,5,W131,AE-3200,CH-B,EDG-06,Edge,0.84,163.6,97.02,90.99,85.91,889.3,True,True,True,True,2,11.15,
3784,Rev5,5,W131,AE-3200,CH-B,EDG-07,Edge,0.84,196.4,100.1,91.72,81.73,994.4,True,True,True,True,1,4.03,pressure_spike
3785,Rev5,5,W131,AE-3200,CH-B,EDG-08,Edge,0.84,229.1,100.54,93.66,84.33,1054.5,True,True,True,True,0,0.0,
3786,Rev5,5,W131,AE-3200,CH-B,EDG-09,Edge,0.84,261.8,99.39,88.72,94.37,1009.9,True,True,True,True,0,0.0,
3787,Rev5,5,W131,AE-3200,CH-B,EDG-10,Edge,0.84,294.5,100.73,96.13,86.72,1042.4,True,True,True,True,2,10.67,polymer_residue
3788,Rev5,5,W131,AE-3200,CH-B,EDG-11,Edge,0.84,327.3,97.66,93.83,88.87,1024.2,True,True,True,True,0,0.0,
3789,Rev5,5,W131,AE-3200,CH-B,EXT-01,Extreme Edge,0.96,16.4,102.02,94.01,93.0,989.8,False,True,True,True,1,2.43,pressure_spike
3790,Rev5,5,W131,AE-3200,CH-B,EXT-02,Extreme Edge,0.96,49.1,99.72,94.88,91.28,1140.9,True,True,True,False,0,0.0,
3791,Rev5,5,W131,AE-3200,CH-B,EXT-03,Extreme Edge,0.96,81.8,99.36,90.1,92.95,1031.3,True,True,True,True,0,0.0,
3792,Rev5,5,W131,AE-3200,CH-B,EXT-04,Extreme Edge,0.96,114.5,100.48,93.04,92.42,1019.5,True,True,True,True,0,0.0,
3793,Rev5,5,W131,AE-3200,CH-B,EXT-05,Extreme Edge,0.96,147.3,100.43,93.59,87.52,1025.8,True,True,True,True,0,0.0,
3794,Rev5,5,W131,AE-3200,CH-B,EXT-06,Extreme Edge,0.96,180.0,100.76,93.31,92.7,890.4,True,True,True,True,0,0.0,
3795,Rev5,5,W131,AE-3200,CH-B,EXT-07,Extreme Edge,0.96,212.7,97.4,90.99,80.04,1024.3,True,True,True,True,1,3.27,
3796,Rev5,5,W131,AE-3200,CH-B,EXT-08,Extreme Edge,0.96,245.5,98.34,86.51,90.02,969.6,True,False,True,True,1,5.17,polymer_residue
3797,Rev5,5,W131,AE-3200,CH-B,EXT-09,Extreme Edge,0.96,278.2,102.12,90.24,84.83,1025.6,False,True,True,True,0,0.0,
3798,Rev5,5,W131,AE-3200,CH-B,EXT-10,Extreme Edge,0.96,310.9,96.38,94.3,86.79,919.6,True,True,True,True,2,7.48,
3799,Rev5,5,W131,AE-3200,CH-B,EXT-11,Extreme Edge,0.96,343.6,100.13,88.48,87.22,902.4,True,True,True,True,0,0.0,
3800,Rev8,8,W132,AE-3200,CH-A,C1,Center,0.0,0.0,100.06,93.86,86.63,1124.1,True,True,True,False,1,4.95,
3801,Rev8,8,W132,AE-3200,CH-A,MID-01,Mid,0.52,30.0,102.9,92.12,83.3,1074.4,False,True,True,True,0,0.0,
3802,Rev8,8,W132,AE-3200,CH-A,MID-02,Mid,0.52,90.0,100.84,96.05,89.36,1017.3,False,True,True,True,0,0.0,
3803,Rev8,8,W132,AE-3200,CH-A,MID-03,Mid,0.52,150.0,97.48,99.37,86.32,1019.5,True,False,True,True,0,0.0,
3804,Rev8,8,W132,AE-3200,CH-A,MID-04,Mid,0.52,210.0,103.56,94.13,93.89,1096.0,False,True,True,False,0,0.0,
3805,Rev8,8,W132,AE-3200,CH-A,MID-05,Mid,0.52,270.0,101.73,94.59,98.63,1101.3,False,True,False,False,2,3.84,endpoint_late
3806,Rev8,8,W132,AE-3200,CH-A,MID-06,Mid,0.52,330.0,99.92,92.72,97.43,983.6,True,True,False,True,0,0.0,
3807,Rev8,8,W132,AE-3200,CH-A,EDG-01,Edge,0.84,0.0,101.3,93.58,95.37,1091.7,False,True,False,False,0,0.0,
3808,Rev8,8,W132,AE-3200,CH-A,EDG-02,Edge,0.84,32.7,100.91,92.34,91.96,1003.6,False,True,True,True,1,4.19,polymer_residue
3809,Rev8,8,W132,AE-3200,CH-A,EDG-03,Edge,0.84,65.5,101.78,89.72,95.61,1150.5,False,True,False,False,2,4.18,
3810,Rev8,8,W132,AE-3200,CH-A,EDG-04,Edge,0.84,98.2,101.1,98.11,94.62,1105.8,False,False,False,False,1,5.37,polymer_residue
3811,Rev8,8,W132,AE-3200,CH-A,EDG-05,Edge,0.84,130.9,102.44,93.48,92.92,1116.7,False,True,True,False,0,0.0,
3812,Rev8,8,W132,AE-3200,CH-A,EDG-06,Edge,0.84,163.6,104.9,96.13,95.05,948.5,False,True,False,True,1,5.62,polymer_residue
3813,Rev8,8,W132,AE-3200,CH-A,EDG-07,Edge,0.84,196.4,101.97,97.32,96.77,1070.9,False,True,False,True,2,12.72,polymer_residue
3814,Rev8,8,W132,AE-3200,CH-A,EDG-08,Edge,0.84,229.1,101.65,94.12,92.12,1052.9,False,True,True,True,0,0.0,
3815,Rev8,8,W132,AE-3200,CH-A,EDG-09,Edge,0.84,261.8,100.81,93.83,94.38,1165.6,False,True,True,False,0,0.0,
3816,Rev8,8,W132,AE-3200,CH-A,EDG-10,Edge,0.84,294.5,101.9,94.36,89.09,1163.1,False,True,True,False,1,4.67,arc_event
3817,Rev8,8,W132,AE-3200,CH-A,EDG-11,Edge,0.84,327.3,98.81,96.22,95.64,1137.3,True,True,False,False,0,0.0,
3818,Rev8,8,W132,AE-3200,CH-A,EXT-01,Extreme Edge,0.96,16.4,102.77,91.86,96.79,1142.9,False,True,False,False,3,8.51,
3819,Rev8,8,W132,AE-3200,CH-A,EXT-02,Extreme Edge,0.96,49.1,103.13,97.45,97.29,1027.3,False,True,False,True,1,2.96,arc_event
3820,Rev8,8,W132,AE-3200,CH-A,EXT-03,Extreme Edge,0.96,81.8,103.29,93.53,98.93,1120.2,False,True,False,False,0,0.0,
3821,Rev8,8,W132,AE-3200,CH-A,EXT-04,Extreme Edge,0.96,114.5,103.2,94.22,94.93,1014.8,False,True,False,True,1,4.03,polymer_residue
3822,Rev8,8,W132,AE-3200,CH-A,EXT-05,Extreme Edge,0.96,147.3,104.47,95.26,92.62,1144.4,False,True,True,False,0,0.0,
3823,Rev8,8,W132,AE-3200,CH-A,EXT-06,Extreme Edge,0.96,180.0,100.5,96.67,95.29,1061.7,True,True,False,True,1,2.28,endpoint_late
3824,Rev8,8,W132,AE-3200,CH-A,EXT-07,Extreme Edge,0.96,212.7,104.69,95.37,98.5,1125.8,False,True,False,False,0,0.0,
3825,Rev8,8,W132,AE-3200,CH-A,EXT-08,Extreme Edge,0.96,245.5,103.59,98.85,93.98,1043.6,False,False,True,True,1,3.57,
3826,Rev8,8,W132,AE-3200,CH-A,EXT-09,Extreme Edge,0.96,278.2,103.35,93.37,96.95,1055.1,False,True,False,True,0,0.0,
3827,Rev8,8,W132,AE-3200,CH-A,EXT-10,Extreme Edge,0.96,310.9,104.21,97.48,89.46,987.4,False,True,True,True,0,0.0,
3828,Rev8,8,W132,AE-3200,CH-A,EXT-11,Extreme Edge,0.96,343.6,105.86,95.83,93.1,1103.3,False,True,True,False,0,0.0,
3829,Rev11,11,W133,PX-7500,CH-D,C1,Center,0.0,0.0,93.41,92.81,101.15,1075.0,True,True,False,True,1,3.84,
3830,Rev11,11,W133,PX-7500,CH-D,MID-01,Mid,0.52,30.0,96.57,93.14,98.51,972.6,True,True,False,True,0,0.0,
3831,Rev11,11,W133,PX-7500,CH-D,MID-02,Mid,0.52,90.0,96.62,93.22,95.0,1131.6,True,True,False,False,1,5.32,
3832,Rev11,11,W133,PX-7500,CH-D,MID-03,Mid,0.52,150.0,100.52,95.46,93.86,928.3,True,True,True,True,0,0.0,
3833,Rev11,11,W133,PX-7500,CH-D,MID-04,Mid,0.52,210.0,100.84,89.67,98.09,1122.0,False,True,False,False,0,0.0,
3834,Rev11,11,W133,PX-7500,CH-D,MID-05,Mid,0.52,270.0,100.04,94.06,99.36,1123.4,True,True,False,False,0,0.0,
3835,Rev11,11,W133,PX-7500,CH-D,MID-06,Mid,0.52,330.0,98.7,93.93,91.32,1033.7,True,True,True,True,0,0.0,
3836,Rev11,11,W133,PX-7500,CH-D,EDG-01,Edge,0.84,0.0,101.42,92.56,97.42,1076.4,False,True,False,True,1,3.23,polymer_residue
3837,Rev11,11,W133,PX-7500,CH-D,EDG-02,Edge,0.84,32.7,98.93,95.95,98.87,1147.4,True,True,False,False,0,0.0,
3838,Rev11,11,W133,PX-7500,CH-D,EDG-03,Edge,0.84,65.5,102.59,96.7,102.81,1139.6,False,True,False,False,1,4.16,polymer_residue
3839,Rev11,11,W133,PX-7500,CH-D,EDG-04,Edge,0.84,98.2,101.4,97.63,100.98,1049.4,False,False,False,True,2,12.11,
3840,Rev11,11,W133,PX-7500,CH-D,EDG-05,Edge,0.84,130.9,100.43,95.58,98.74,1107.3,True,True,False,False,1,3.61,arc_event
3841,Rev11,11,W133,PX-7500,CH-D,EDG-06,Edge,0.84,163.6,98.39,94.95,102.03,1081.9,True,True,False,True,1,5.54,
3842,Rev11,11,W133,PX-7500,CH-D,EDG-07,Edge,0.84,196.4,100.1,91.39,93.44,1187.1,True,True,True,False,0,0.0,
3843,Rev11,11,W133,PX-7500,CH-D,EDG-08,Edge,0.84,229.1,100.58,97.66,96.76,1103.7,True,False,False,False,1,3.85,
3844,Rev11,11,W133,PX-7500,CH-D,EDG-09,Edge,0.84,261.8,99.43,99.33,95.96,1148.5,True,False,False,False,1,5.55,
3845,Rev11,11,W133,PX-7500,CH-D,EDG-10,Edge,0.84,294.5,102.23,95.62,94.58,1109.8,False,True,False,False,0,0.0,
3846,Rev11,11,W133,PX-7500,CH-D,EDG-11,Edge,0.84,327.3,99.28,91.28,99.48,1007.0,True,True,False,True,1,2.49,
3847,Rev11,11,W133,PX-7500,CH-D,EXT-01,Extreme Edge,0.96,16.4,101.86,96.2,99.18,1145.4,False,True,False,False,0,0.0,
3848,Rev11,11,W133,PX-7500,CH-D,EXT-02,Extreme Edge,0.96,49.1,96.2,93.74,99.36,1103.2,True,True,False,False,1,5.66,polymer_residue
3849,Rev11,11,W133,PX-7500,CH-D,EXT-03,Extreme Edge,0.96,81.8,101.79,94.48,94.41,985.3,False,True,True,True,0,0.0,
3850,Rev11,11,W133,PX-7500,CH-D,EXT-04,Extreme Edge,0.96,114.5,103.64,95.47,102.89,1045.3,False,True,False,True,3,13.04,esc_temp_drift
3851,Rev11,11,W133,PX-7500,CH-D,EXT-05,Extreme Edge,0.96,147.3,102.98,99.21,99.19,1037.2,False,False,False,True,2,12.9,pressure_spike
3852,Rev11,11,W133,PX-7500,CH-D,EXT-06,Extreme Edge,0.96,180.0,102.38,95.68,97.33,929.9,False,True,False,True,0,0.0,
3853,Rev11,11,W133,PX-7500,CH-D,EXT-07,Extreme Edge,0.96,212.7,100.1,96.8,98.27,1088.5,True,True,False,True,1,3.91,
3854,Rev11,11,W133,PX-7500,CH-D,EXT-08,Extreme Edge,0.96,245.5,101.68,93.95,101.1,1172.7,False,True,False,False,0,0.0,
3855,Rev11,11,W133,PX-7500,CH-D,EXT-09,Extreme Edge,0.96,278.2,98.36,96.29,94.95,1081.8,True,True,False,True,1,6.48,pressure_spike
3856,Rev11,11,W133,PX-7500,CH-D,EXT-10,Extreme Edge,0.96,310.9,102.09,98.48,95.44,1076.1,False,False,False,True,3,14.52,endpoint_late
3857,Rev11,11,W133,PX-7500,CH-D,EXT-11,Extreme Edge,0.96,343.6,103.08,101.3,97.7,1118.2,False,False,False,False,1,3.64,pressure_spike
3858,Rev9,9,W134,AE-3200,CH-B,C1,Center,0.0,0.0,96.54,94.2,91.1,1024.1,True,True,True,True,1,4.73,esc_temp_drift
3859,Rev9,9,W134,AE-3200,CH-B,MID-01,Mid,0.52,30.0,99.0,86.43,86.2,1041.4,True,False,True,True,0,0.0,
3860,Rev9,9,W134,AE-3200,CH-B,MID-02,Mid,0.52,90.0,95.0,89.81,90.62,1064.7,True,True,True,True,0,0.0,
3861,Rev9,9,W134,AE-3200,CH-B,MID-03,Mid,0.52,150.0,97.2,91.25,93.66,996.0,True,True,True,True,0,0.0,
3862,Rev9,9,W134,AE-3200,CH-B,MID-04,Mid,0.52,210.0,98.28,89.07,84.92,1019.8,True,True,True,True,0,0.0,
3863,Rev9,9,W134,AE-3200,CH-B,MID-05,Mid,0.52,270.0,92.01,91.62,98.74,1136.0,True,True,False,False,0,0.0,
3864,Rev9,9,W134,AE-3200,CH-B,MID-06,Mid,0.52,330.0,93.56,89.07,99.06,1040.2,True,True,False,True,1,3.89,endpoint_late
3865,Rev9,9,W134,AE-3200,CH-B,EDG-01,Edge,0.84,0.0,96.87,92.82,91.74,1015.2,True,True,True,True,1,6.17,arc_event
3866,Rev9,9,W134,AE-3200,CH-B,EDG-02,Edge,0.84,32.7,93.84,90.18,103.26,998.9,True,True,False,True,0,0.0,
3867,Rev9,9,W134,AE-3200,CH-B,EDG-03,Edge,0.84,65.5,96.27,94.96,95.53,1003.4,True,True,False,True,1,5.02,
3868,Rev9,9,W134,AE-3200,CH-B,EDG-04,Edge,0.84,98.2,97.08,90.68,95.17,996.2,True,True,False,True,0,0.0,
3869,Rev9,9,W134,AE-3200,CH-B,EDG-05,Edge,0.84,130.9,97.21,92.04,99.13,1053.9,True,True,False,True,1,4.91,
3870,Rev9,9,W134,AE-3200,CH-B,EDG-06,Edge,0.84,163.6,95.26,94.98,89.15,1123.6,True,True,True,False,0,0.0,
3871,Rev9,9,W134,AE-3200,CH-B,EDG-07,Edge,0.84,196.4,99.1,93.61,95.96,1107.7,True,True,False,False,1,2.27,pressure_spike
3872,Rev9,9,W134,AE-3200,CH-B,EDG-08,Edge,0.84,229.1,96.15,94.57,94.27,1055.7,True,True,True,True,0,0.0,
3873,Rev9,9,W134,AE-3200,CH-B,EDG-09,Edge,0.84,261.8,98.8,92.72,90.15,1091.0,True,True,True,False,0,0.0,
3874,Rev9,9,W134,AE-3200,CH-B,EDG-10,Edge,0.84,294.5,99.98,90.53,97.87,1089.1,True,True,False,True,0,0.0,
3875,Rev9,9,W134,AE-3200,CH-B,EDG-11,Edge,0.84,327.3,98.06,88.77,100.35,1033.4,True,True,False,True,1,4.59,
3876,Rev9,9,W134,AE-3200,CH-B,EXT-01,Extreme Edge,0.96,16.4,96.76,90.32,91.06,1157.5,True,True,True,False,0,0.0,
3877,Rev9,9,W134,AE-3200,CH-B,EXT-02,Extreme Edge,0.96,49.1,96.08,92.28,98.19,985.8,True,True,False,True,2,4.26,polymer_residue
3878,Rev9,9,W134,AE-3200,CH-B,EXT-03,Extreme Edge,0.96,81.8,96.8,91.78,98.83,1032.9,True,True,False,True,1,4.91,
3879,Rev9,9,W134,AE-3200,CH-B,EXT-04,Extreme Edge,0.96,114.5,98.21,87.22,92.71,1039.0,True,True,True,True,1,4.39,
3880,Rev9,9,W134,AE-3200,CH-B,EXT-05,Extreme Edge,0.96,147.3,96.57,93.05,101.34,1028.6,True,True,False,True,0,0.0,
3881,Rev9,9,W134,AE-3200,CH-B,EXT-06,Extreme Edge,0.96,180.0,94.51,90.78,97.55,1076.2,True,True,False,True,0,0.0,
3882,Rev9,9,W134,AE-3200,CH-B,EXT-07,Extreme Edge,0.96,212.7,94.56,95.76,101.79,1068.6,True,True,False,True,2,11.37,polymer_residue
3883,Rev9,9,W134,AE-3200,CH-B,EXT-08,Extreme Edge,0.96,245.5,95.1,94.5,97.97,1024.0,True,True,False,True,1,6.33,
3884,Rev9,9,W134,AE-3200,CH-B,EXT-09,Extreme Edge,0.96,278.2,102.1,93.41,94.41,1133.2,False,True,True,False,0,0.0,
3885,Rev9,9,W134,AE-3200,CH-B,EXT-10,Extreme Edge,0.96,310.9,101.46,96.92,95.16,1021.7,False,True,False,True,2,7.48,esc_temp_drift
3886,Rev9,9,W134,AE-3200,CH-B,EXT-11,Extreme Edge,0.96,343.6,98.82,89.33,102.49,1100.4,True,True,False,False,0,0.0,
3887,Rev7,7,W135,PX-7500,CH-D,C1,Center,0.0,0.0,98.93,96.4,85.02,1033.9,True,True,True,True,1,2.21,
3888,Rev7,7,W135,PX-7500,CH-D,MID-01,Mid,0.52,30.0,98.24,93.97,80.51,1012.2,True,True,True,True,0,0.0,
3889,Rev7,7,W135,PX-7500,CH-D,MID-02,Mid,0.52,90.0,100.69,95.54,87.73,1029.8,True,True,True,True,0,0.0,
3890,Rev7,7,W135,PX-7500,CH-D,MID-03,Mid,0.52,150.0,97.29,91.21,88.35,1007.5,True,True,True,True,0,0.0,
3891,Rev7,7,W135,PX-7500,CH-D,MID-04,Mid,0.52,210.0,99.42,93.04,89.17,999.8,True,True,True,True,1,4.24,polymer_residue
3892,Rev7,7,W135,PX-7500,CH-D,MID-05,Mid,0.52,270.0,102.01,97.05,90.1,958.6,False,True,True,True,0,0.0,
3893,Rev7,7,W135,PX-7500,CH-D,MID-06,Mid,0.52,330.0,101.34,89.46,93.42,965.8,False,True,True,True,0,0.0,
3894,Rev7,7,W135,PX-7500,CH-D,EDG-01,Edge,0.84,0.0,103.14,94.44,79.95,1086.6,False,True,True,True,0,0.0,
3895,Rev7,7,W135,PX-7500,CH-D,EDG-02,Edge,0.84,32.7,103.52,97.73,93.07,1017.0,False,False,True,True,0,0.0,
3896,Rev7,7,W135,PX-7500,CH-D,EDG-03,Edge,0.84,65.5,102.09,99.71,88.29,1044.4,False,False,True,True,0,0.0,
3897,Rev7,7,W135,PX-7500,CH-D,EDG-04,Edge,0.84,98.2,101.15,94.28,84.21,1016.3,False,True,True,True,0,0.0,
3898,Rev7,7,W135,PX-7500,CH-D,EDG-05,Edge,0.84,130.9,103.13,96.27,90.51,978.9,False,True,True,True,0,0.0,
3899,Rev7,7,W135,PX-7500,CH-D,EDG-06,Edge,0.84,163.6,102.18,96.94,92.65,1012.5,False,True,True,True,0,0.0,
3900,Rev7,7,W135,PX-7500,CH-D,EDG-07,Edge,0.84,196.4,102.63,96.64,83.43,1015.0,False,True,True,True,0,0.0,
3901,Rev7,7,W135,PX-7500,CH-D,EDG-08,Edge,0.84,229.1,102.48,99.27,94.75,936.5,False,False,False,True,3,14.6,esc_temp_drift
3902,Rev7,7,W135,PX-7500,CH-D,EDG-09,Edge,0.84,261.8,102.16,96.3,87.45,1015.1,False,True,True,True,1,6.4,polymer_residue
3903,Rev7,7,W135,PX-7500,CH-D,EDG-10,Edge,0.84,294.5,101.37,96.75,88.73,967.3,False,True,True,True,1,3.43,
3904,Rev7,7,W135,PX-7500,CH-D,EDG-11,Edge,0.84,327.3,101.55,96.5,89.27,1116.3,False,True,True,False,0,0.0,
3905,Rev7,7,W135,PX-7500,CH-D,EXT-01,Extreme Edge,0.96,16.4,104.32,97.56,93.91,1093.2,False,True,True,False,1,3.32,
3906,Rev7,7,W135,PX-7500,CH-D,EXT-02,Extreme Edge,0.96,49.1,102.93,95.69,92.95,1019.9,False,True,True,True,0,0.0,
3907,Rev7,7,W135,PX-7500,CH-D,EXT-03,Extreme Edge,0.96,81.8,100.82,96.86,90.96,1103.0,False,True,True,False,0,0.0,
3908,Rev7,7,W135,PX-7500,CH-D,EXT-04,Extreme Edge,0.96,114.5,101.91,96.98,92.05,1058.8,False,True,True,True,0,0.0,
3909,Rev7,7,W135,PX-7500,CH-D,EXT-05,Extreme Edge,0.96,147.3,103.17,93.59,89.56,1084.3,False,True,True,True,0,0.0,
3910,Rev7,7,W135,PX-7500,CH-D,EXT-06,Extreme Edge,0.96,180.0,101.66,94.09,83.89,1084.7,False,True,True,True,0,0.0,
3911,Rev7,7,W135,PX-7500,CH-D,EXT-07,Extreme Edge,0.96,212.7,104.52,102.14,89.15,1079.6,False,False,True,True,1,6.17,polymer_residue
3912,Rev7,7,W135,PX-7500,CH-D,EXT-08,Extreme Edge,0.96,245.5,98.18,95.59,93.01,986.0,True,True,True,True,0,0.0,
3913,Rev7,7,W135,PX-7500,CH-D,EXT-09,Extreme Edge,0.96,278.2,104.91,94.01,88.94,1096.8,False,True,True,False,1,3.49,
3914,Rev7,7,W135,PX-7500,CH-D,EXT-10,Extreme Edge,0.96,310.9,103.5,100.83,87.84,1001.3,False,False,True,True,0,0.0,
3915,Rev7,7,W135,PX-7500,CH-D,EXT-11,Extreme Edge,0.96,343.6,105.02,99.8,90.72,946.2,False,False,True,True,0,0.0,
3916,Rev6,6,W136,PX-7500,CH-C,C1,Center,0.0,0.0,97.52,98.54,84.6,887.3,True,False,True,True,2,12.36,polymer_residue
3917,Rev6,6,W136,PX-7500,CH-C,MID-01,Mid,0.52,30.0,99.13,95.81,90.51,967.9,True,True,True,True,0,0.0,
3918,Rev6,6,W136,PX-7500,CH-C,MID-02,Mid,0.52,90.0,100.41,100.48,94.82,1083.1,True,False,False,True,1,5.66,
3919,Rev6,6,W136,PX-7500,CH-C,MID-03,Mid,0.52,150.0,95.93,96.24,83.8,1082.3,True,True,True,True,0,0.0,
3920,Rev6,6,W136,PX-7500,CH-C,MID-04,Mid,0.52,210.0,95.82,95.86,88.31,1076.3,True,True,True,True,1,5.2,polymer_residue
3921,Rev6,6,W136,PX-7500,CH-C,MID-05,Mid,0.52,270.0,100.74,95.88,84.41,1061.7,True,True,True,True,0,0.0,
3922,Rev6,6,W136,PX-7500,CH-C,MID-06,Mid,0.52,330.0,101.03,95.08,77.88,1038.0,False,True,False,True,0,0.0,
3923,Rev6,6,W136,PX-7500,CH-C,EDG-01,Edge,0.84,0.0,99.9,92.11,90.11,1015.3,True,True,True,True,2,4.29,
3924,Rev6,6,W136,PX-7500,CH-C,EDG-02,Edge,0.84,32.7,100.86,96.89,96.25,1138.9,False,True,False,False,2,8.12,polymer_residue
3925,Rev6,6,W136,PX-7500,CH-C,EDG-03,Edge,0.84,65.5,99.73,94.67,85.94,1059.1,True,True,True,True,0,0.0,
3926,Rev6,6,W136,PX-7500,CH-C,EDG-04,Edge,0.84,98.2,102.14,97.8,92.68,973.9,False,False,True,True,0,0.0,
3927,Rev6,6,W136,PX-7500,CH-C,EDG-05,Edge,0.84,130.9,98.58,97.1,83.73,1123.2,True,True,True,False,2,10.52,esc_temp_drift
3928,Rev6,6,W136,PX-7500,CH-C,EDG-06,Edge,0.84,163.6,102.4,95.42,93.42,981.5,False,True,True,True,1,5.46,
3929,Rev6,6,W136,PX-7500,CH-C,EDG-07,Edge,0.84,196.4,98.92,92.06,93.54,1042.9,True,True,True,True,0,0.0,
3930,Rev6,6,W136,PX-7500,CH-C,EDG-08,Edge,0.84,229.1,101.08,93.94,86.87,1152.5,False,True,True,False,1,5.3,
3931,Rev6,6,W136,PX-7500,CH-C,EDG-09,Edge,0.84,261.8,100.53,97.53,84.42,1007.4,True,True,True,True,0,0.0,
3932,Rev6,6,W136,PX-7500,CH-C,EDG-10,Edge,0.84,294.5,99.65,95.68,90.29,1098.0,True,True,True,False,0,0.0,
3933,Rev6,6,W136,PX-7500,CH-C,EDG-11,Edge,0.84,327.3,101.1,93.06,86.56,983.0,False,True,True,True,0,0.0,
3934,Rev6,6,W136,PX-7500,CH-C,EXT-01,Extreme Edge,0.96,16.4,103.23,100.07,87.54,966.4,False,False,True,True,1,5.05,esc_temp_drift
3935,Rev6,6,W136,PX-7500,CH-C,EXT-02,Extreme Edge,0.96,49.1,104.04,102.83,83.77,1115.5,False,False,True,False,3,11.01,
3936,Rev6,6,W136,PX-7500,CH-C,EXT-03,Extreme Edge,0.96,81.8,100.84,95.33,89.1,1092.0,False,True,True,False,0,0.0,
3937,Rev6,6,W136,PX-7500,CH-C,EXT-04,Extreme Edge,0.96,114.5,99.07,95.8,97.91,1004.1,True,True,False,True,1,1.96,
3938,Rev6,6,W136,PX-7500,CH-C,EXT-05,Extreme Edge,0.96,147.3,102.09,95.55,83.15,1097.2,False,True,True,False,0,0.0,
3939,Rev6,6,W136,PX-7500,CH-C,EXT-06,Extreme Edge,0.96,180.0,103.76,93.55,88.38,1033.9,False,True,True,True,1,4.15,pressure_spike
3940,Rev6,6,W136,PX-7500,CH-C,EXT-07,Extreme Edge,0.96,212.7,100.08,100.1,90.84,981.7,True,False,True,True,0,0.0,
3941,Rev6,6,W136,PX-7500,CH-C,EXT-08,Extreme Edge,0.96,245.5,101.51,99.36,87.88,1076.6,False,False,True,True,2,5.55,polymer_residue
3942,Rev6,6,W136,PX-7500,CH-C,EXT-09,Extreme Edge,0.96,278.2,103.28,95.18,91.36,1044.9,False,True,True,True,0,0.0,
3943,Rev6,6,W136,PX-7500,CH-C,EXT-10,Extreme Edge,0.96,310.9,99.26,102.66,94.07,1070.7,True,False,True,True,2,8.41,polymer_residue
3944,Rev6,6,W136,PX-7500,CH-C,EXT-11,Extreme Edge,0.96,343.6,97.15,92.19,86.59,1097.0,True,True,True,False,2,11.91,
3945,Rev11,11,W137,PX-7500,CH-D,C1,Center,0.0,0.0,93.76,89.71,90.37,1056.6,True,True,True,True,0,0.0,
3946,Rev11,11,W137,PX-7500,CH-D,MID-01,Mid,0.52,30.0,101.09,91.42,107.22,1065.0,False,True,False,True,0,0.0,
3947,Rev11,11,W137,PX-7500,CH-D,MID-02,Mid,0.52,90.0,100.71,90.39,108.16,1010.1,True,True,False,True,0,0.0,
3948,Rev11,11,W137,PX-7500,CH-D,MID-03,Mid,0.52,150.0,94.47,91.26,94.33,1036.8,True,True,True,True,0,0.0,
3949,Rev11,11,W137,PX-7500,CH-D,MID-04,Mid,0.52,210.0,99.16,90.32,98.0,1074.9,True,True,False,True,0,0.0,
3950,Rev11,11,W137,PX-7500,CH-D,MID-05,Mid,0.52,270.0,95.88,92.9,99.65,1046.9,True,True,False,True,0,0.0,
3951,Rev11,11,W137,PX-7500,CH-D,MID-06,Mid,0.52,330.0,98.16,88.99,105.05,1127.0,True,True,False,False,0,0.0,
3952,Rev11,11,W137,PX-7500,CH-D,EDG-01,Edge,0.84,0.0,101.21,93.78,111.05,1060.6,False,True,False,True,1,2.61,polymer_residue
3953,Rev11,11,W137,PX-7500,CH-D,EDG-02,Edge,0.84,32.7,101.01,95.76,102.18,1142.7,False,True,False,False,0,0.0,
3954,Rev11,11,W137,PX-7500,CH-D,EDG-03,Edge,0.84,65.5,100.45,96.21,102.68,1076.3,True,True,False,True,2,10.42,
3955,Rev11,11,W137,PX-7500,CH-D,EDG-04,Edge,0.84,98.2,97.85,96.77,103.05,1080.1,True,True,False,True,0,0.0,
3956,Rev11,11,W137,PX-7500,CH-D,EDG-05,Edge,0.84,130.9,104.05,96.71,103.88,1042.8,False,True,False,True,0,0.0,
3957,Rev11,11,W137,PX-7500,CH-D,EDG-06,Edge,0.84,163.6,95.49,96.3,104.72,1128.3,True,True,False,False,2,9.42,pressure_spike
3958,Rev11,11,W137,PX-7500,CH-D,EDG-07,Edge,0.84,196.4,101.1,94.38,103.34,1079.4,False,True,False,True,2,6.62,
3959,Rev11,11,W137,PX-7500,CH-D,EDG-08,Edge,0.84,229.1,101.45,96.35,105.29,1153.0,False,True,False,False,2,5.62,polymer_residue
3960,Rev11,11,W137,PX-7500,CH-D,EDG-09,Edge,0.84,261.8,99.4,91.45,103.44,1084.8,True,True,False,True,0,0.0,
3961,Rev11,11,W137,PX-7500,CH-D,EDG-10,Edge,0.84,294.5,101.69,92.02,102.82,1036.5,False,True,False,True,2,5.72,esc_temp_drift
3962,Rev11,11,W137,PX-7500,CH-D,EDG-11,Edge,0.84,327.3,98.75,97.16,101.06,1070.7,True,True,False,True,1,6.38,pressure_spike
3963,Rev11,11,W137,PX-7500,CH-D,EXT-01,Extreme Edge,0.96,16.4,99.66,98.59,103.33,1125.7,True,False,False,False,3,10.52,polymer_residue
3964,Rev11,11,W137,PX-7500,CH-D,EXT-02,Extreme Edge,0.96,49.1,102.65,92.31,100.9,1100.0,False,True,False,False,0,0.0,
3965,Rev11,11,W137,PX-7500,CH-D,EXT-03,Extreme Edge,0.96,81.8,98.84,94.98,105.54,1021.4,True,True,False,True,0,0.0,
3966,Rev11,11,W137,PX-7500,CH-D,EXT-04,Extreme Edge,0.96,114.5,101.03,94.73,100.84,1129.3,False,True,False,False,0,0.0,
3967,Rev11,11,W137,PX-7500,CH-D,EXT-05,Extreme Edge,0.96,147.3,99.53,98.27,107.73,1019.8,True,False,False,True,1,3.34,
3968,Rev11,11,W137,PX-7500,CH-D,EXT-06,Extreme Edge,0.96,180.0,98.75,93.86,102.32,1061.5,True,True,False,True,0,0.0,
3969,Rev11,11,W137,PX-7500,CH-D,EXT-07,Extreme Edge,0.96,212.7,102.92,96.02,99.9,1086.4,False,True,False,True,0,0.0,
3970,Rev11,11,W137,PX-7500,CH-D,EXT-08,Extreme Edge,0.96,245.5,102.34,95.66,104.83,956.9,False,True,False,True,1,4.22,endpoint_late
3971,Rev11,11,W137,PX-7500,CH-D,EXT-09,Extreme Edge,0.96,278.2,103.38,95.71,107.95,1093.0,False,True,False,False,0,0.0,
3972,Rev11,11,W137,PX-7500,CH-D,EXT-10,Extreme Edge,0.96,310.9,101.21,93.98,107.96,1049.3,False,True,False,True,1,4.8,polymer_residue
3973,Rev11,11,W137,PX-7500,CH-D,EXT-11,Extreme Edge,0.96,343.6,102.34,97.02,112.0,1188.0,False,True,False,False,1,6.07,
3974,Rev10,10,W138,PX-7500,CH-C,C1,Center,0.0,0.0,95.82,91.67,89.16,1021.7,True,True,True,True,1,4.63,
3975,Rev10,10,W138,PX-7500,CH-C,MID-01,Mid,0.52,30.0,97.37,88.5,94.43,1065.6,True,True,True,True,0,0.0,
3976,Rev10,10,W138,PX-7500,CH-C,MID-02,Mid,0.52,90.0,98.52,92.36,87.51,1013.8,True,True,True,True,0,0.0,
3977,Rev10,10,W138,PX-7500,CH-C,MID-03,Mid,0.52,150.0,94.6,90.06,93.4,993.6,True,True,True,True,0,0.0,
3978,Rev10,10,W138,PX-7500,CH-C,MID-04,Mid,0.52,210.0,98.37,95.16,100.64,1050.2,True,True,False,True,1,2.26,polymer_residue
3979,Rev10,10,W138,PX-7500,CH-C,MID-05,Mid,0.52,270.0,101.22,89.46,97.39,984.9,False,True,False,True,0,0.0,
3980,Rev10,10,W138,PX-7500,CH-C,MID-06,Mid,0.52,330.0,96.58,88.53,99.26,979.1,True,True,False,True,1,3.84,
3981,Rev10,10,W138,PX-7500,CH-C,EDG-01,Edge,0.84,0.0,98.19,94.57,93.17,925.8,True,True,True,True,0,0.0,
3982,Rev10,10,W138,PX-7500,CH-C,EDG-02,Edge,0.84,32.7,97.36,97.08,94.24,1042.1,True,True,True,True,0,0.0,
3983,Rev10,10,W138,PX-7500,CH-C,EDG-03,Edge,0.84,65.5,98.21,94.42,91.02,1017.7,True,True,True,True,0,0.0,
3984,Rev10,10,W138,PX-7500,CH-C,EDG-04,Edge,0.84,98.2,99.69,93.64,94.98,1019.2,True,True,False,True,0,0.0,
3985,Rev10,10,W138,PX-7500,CH-C,EDG-05,Edge,0.84,130.9,100.89,95.55,101.64,1038.4,False,True,False,True,0,0.0,
3986,Rev10,10,W138,PX-7500,CH-C,EDG-06,Edge,0.84,163.6,97.23,93.76,93.24,938.5,True,True,True,True,1,2.21,
3987,Rev10,10,W138,PX-7500,CH-C,EDG-07,Edge,0.84,196.4,95.03,91.71,92.08,1049.9,True,True,True,True,0,0.0,
3988,Rev10,10,W138,PX-7500,CH-C,EDG-08,Edge,0.84,229.1,99.62,93.92,89.38,1025.5,True,True,True,True,0,0.0,
3989,Rev10,10,W138,PX-7500,CH-C,EDG-09,Edge,0.84,261.8,100.26,94.05,93.17,1143.5,True,True,True,False,0,0.0,
3990,Rev10,10,W138,PX-7500,CH-C,EDG-10,Edge,0.84,294.5,101.28,90.08,97.71,1077.4,False,True,False,True,0,0.0,
3991,Rev10,10,W138,PX-7500,CH-C,EDG-11,Edge,0.84,327.3,102.75,86.41,99.78,1027.2,False,False,False,True,0,0.0,
3992,Rev10,10,W138,PX-7500,CH-C,EXT-01,Extreme Edge,0.96,16.4,100.25,91.75,101.52,1126.0,True,True,False,False,1,6.32,endpoint_late
3993,Rev10,10,W138,PX-7500,CH-C,EXT-02,Extreme Edge,0.96,49.1,100.68,89.05,97.19,1099.6,True,True,False,False,0,0.0,
3994,Rev10,10,W138,PX-7500,CH-C,EXT-03,Extreme Edge,0.96,81.8,100.23,94.11,97.41,1096.3,True,True,False,False,1,5.33,
3995,Rev10,10,W138,PX-7500,CH-C,EXT-04,Extreme Edge,0.96,114.5,102.41,91.67,97.74,993.1,False,True,False,True,0,0.0,
3996,Rev10,10,W138,PX-7500,CH-C,EXT-05,Extreme Edge,0.96,147.3,101.43,94.23,88.97,986.0,False,True,True,True,0,0.0,
3997,Rev10,10,W138,PX-7500,CH-C,EXT-06,Extreme Edge,0.96,180.0,102.94,91.15,93.27,1031.7,False,True,True,True,0,0.0,
3998,Rev10,10,W138,PX-7500,CH-C,EXT-07,Extreme Edge,0.96,212.7,101.8,92.46,93.94,989.3,False,True,True,True,0,0.0,
3999,Rev10,10,W138,PX-7500,CH-C,EXT-08,Extreme Edge,0.96,245.5,100.47,91.31,96.9,1059.0,True,True,False,True,0,0.0,
4000,Rev10,10,W138,PX-7500,CH-C,EXT-09,Extreme Edge,0.96,278.2,100.81,94.63,109.68,1032.3,False,True,False,True,0,0.0,
4001,Rev10,10,W138,PX-7500,CH-C,EXT-10,Extreme Edge,0.96,310.9,100.83,96.85,92.27,1040.5,False,True,True,True,0,0.0,
4002,Rev10,10,W138,PX-7500,CH-C,EXT-11,Extreme Edge,0.96,343.6,101.59,94.52,97.02,1094.7,False,True,False,False,1,3.78,arc_event
4003,Rev9,9,W139,AE-3200,CH-B,C1,Center,0.0,0.0,98.61,87.87,90.26,1110.5,True,True,True,False,0,0.0,
4004,Rev9,9,W139,AE-3200,CH-B,MID-01,Mid,0.52,30.0,94.55,93.08,87.8,1095.7,True,True,True,False,0,0.0,
4005,Rev9,9,W139,AE-3200,CH-B,MID-02,Mid,0.52,90.0,96.63,90.08,99.69,1207.4,True,True,False,False,1,3.69,
4006,Rev9,9,W139,AE-3200,CH-B,MID-03,Mid,0.52,150.0,97.66,91.93,88.14,1055.2,True,True,True,True,0,0.0,
4007,Rev9,9,W139,AE-3200,CH-B,MID-04,Mid,0.52,210.0,98.15,89.33,85.87,1084.1,True,True,True,True,1,2.84,
4008,Rev9,9,W139,AE-3200,CH-B,MID-05,Mid,0.52,270.0,102.76,91.86,90.87,1243.6,False,True,True,False,0,0.0,
4009,Rev9,9,W139,AE-3200,CH-B,MID-06,Mid,0.52,330.0,97.94,95.2,92.63,1139.4,True,True,True,False,1,2.69,pressure_spike
4010,Rev9,9,W139,AE-3200,CH-B,EDG-01,Edge,0.84,0.0,101.59,93.29,89.18,1106.9,False,True,True,False,0,0.0,
4011,Rev9,9,W139,AE-3200,CH-B,EDG-02,Edge,0.84,32.7,99.5,94.21,93.39,1273.5,True,True,True,False,0,0.0,
4012,Rev9,9,W139,AE-3200,CH-B,EDG-03,Edge,0.84,65.5,99.9,91.3,92.93,1292.6,True,True,True,False,0,0.0,
4013,Rev9,9,W139,AE-3200,CH-B,EDG-04,Edge,0.84,98.2,95.48,91.53,88.08,1143.6,True,True,True,False,0,0.0,
4014,Rev9,9,W139,AE-3200,CH-B,EDG-05,Edge,0.84,130.9,97.96,92.33,96.75,1215.1,True,True,False,False,0,0.0,
4015,Rev9,9,W139,AE-3200,CH-B,EDG-06,Edge,0.84,163.6,96.46,89.57,86.82,1213.4,True,True,True,False,0,0.0,
4016,Rev9,9,W139,AE-3200,CH-B,EDG-07,Edge,0.84,196.4,100.9,90.69,93.79,1145.8,False,True,True,False,0,0.0,
4017,Rev9,9,W139,AE-3200,CH-B,EDG-08,Edge,0.84,229.1,98.68,91.34,90.52,1186.4,True,True,True,False,1,4.84,polymer_residue
4018,Rev9,9,W139,AE-3200,CH-B,EDG-09,Edge,0.84,261.8,101.17,87.36,95.75,1105.5,False,True,False,False,1,3.46,polymer_residue
4019,Rev9,9,W139,AE-3200,CH-B,EDG-10,Edge,0.84,294.5,99.9,93.48,99.14,1172.8,True,True,False,False,0,0.0,
4020,Rev9,9,W139,AE-3200,CH-B,EDG-11,Edge,0.84,327.3,98.32,90.86,90.21,1138.2,True,True,True,False,1,6.07,esc_temp_drift
4021,Rev9,9,W139,AE-3200,CH-B,EXT-01,Extreme Edge,0.96,16.4,98.6,92.49,105.67,1211.4,True,True,False,False,0,0.0,
4022,Rev9,9,W139,AE-3200,CH-B,EXT-02,Extreme Edge,0.96,49.1,100.59,93.62,92.25,1056.2,True,True,True,True,1,2.32,
4023,Rev9,9,W139,AE-3200,CH-B,EXT-03,Extreme Edge,0.96,81.8,98.77,89.89,99.94,1118.4,True,True,False,False,1,5.13,polymer_residue
4024,Rev9,9,W139,AE-3200,CH-B,EXT-04,Extreme Edge,0.96,114.5,101.23,88.03,93.77,1205.1,False,True,True,False,1,4.51,polymer_residue
4025,Rev9,9,W139,AE-3200,CH-B,EXT-05,Extreme Edge,0.96,147.3,101.16,90.48,95.61,1191.9,False,True,False,False,3,5.41,pressure_spike
4026,Rev9,9,W139,AE-3200,CH-B,EXT-06,Extreme Edge,0.96,180.0,97.34,90.61,88.9,1096.4,True,True,True,False,1,4.24,polymer_residue
4027,Rev9,9,W139,AE-3200,CH-B,EXT-07,Extreme Edge,0.96,212.7,99.12,90.75,94.21,1144.3,True,True,True,False,1,6.38,
4028,Rev9,9,W139,AE-3200,CH-B,EXT-08,Extreme Edge,0.96,245.5,99.01,91.31,88.16,1235.5,True,True,True,False,1,5.19,
4029,Rev9,9,W139,AE-3200,CH-B,EXT-09,Extreme Edge,0.96,278.2,98.78,92.7,89.16,1141.8,True,True,True,False,0,0.0,
4030,Rev9,9,W139,AE-3200,CH-B,EXT-10,Extreme Edge,0.96,310.9,103.07,93.27,98.29,1226.9,False,True,False,False,1,5.71,
4031,Rev9,9,W139,AE-3200,CH-B,EXT-11,Extreme Edge,0.96,343.6,103.32,89.14,89.66,1269.3,False,True,True,False,2,4.07,
4032,Rev5,5,W140,AE-3200,CH-B,C1,Center,0.0,0.0,96.56,89.32,85.79,1054.6,True,True,True,True,0,0.0,
4033,Rev5,5,W140,AE-3200,CH-B,MID-01,Mid,0.52,30.0,95.24,96.47,90.93,971.2,True,True,True,True,0,0.0,
4034,Rev5,5,W140,AE-3200,CH-B,MID-02,Mid,0.52,90.0,98.55,93.3,85.47,972.9,True,True,True,True,0,0.0,
4035,Rev5,5,W140,AE-3200,CH-B,MID-03,Mid,0.52,150.0,96.97,98.58,90.83,1031.3,True,False,True,True,0,0.0,
4036,Rev5,5,W140,AE-3200,CH-B,MID-04,Mid,0.52,210.0,100.71,97.12,89.66,963.3,True,True,True,True,0,0.0,
4037,Rev5,5,W140,AE-3200,CH-B,MID-05,Mid,0.52,270.0,96.25,92.48,87.49,867.9,True,True,True,False,0,0.0,
4038,Rev5,5,W140,AE-3200,CH-B,MID-06,Mid,0.52,330.0,98.59,91.35,88.92,976.4,True,True,True,True,0,0.0,
4039,Rev5,5,W140,AE-3200,CH-B,EDG-01,Edge,0.84,0.0,100.47,96.47,92.56,1017.7,True,True,True,True,0,0.0,
4040,Rev5,5,W140,AE-3200,CH-B,EDG-02,Edge,0.84,32.7,98.02,98.67,87.91,1137.3,True,False,True,False,0,0.0,
4041,Rev5,5,W140,AE-3200,CH-B,EDG-03,Edge,0.84,65.5,102.07,95.7,96.63,1065.8,False,True,False,True,0,0.0,
4042,Rev5,5,W140,AE-3200,CH-B,EDG-04,Edge,0.84,98.2,98.54,96.11,87.06,941.4,True,True,True,True,1,3.62,
4043,Rev5,5,W140,AE-3200,CH-B,EDG-05,Edge,0.84,130.9,101.29,96.78,97.04,1021.7,False,True,False,True,2,8.28,
4044,Rev5,5,W140,AE-3200,CH-B,EDG-06,Edge,0.84,163.6,98.68,101.33,87.93,990.6,True,False,True,True,1,2.35,polymer_residue
4045,Rev5,5,W140,AE-3200,CH-B,EDG-07,Edge,0.84,196.4,102.53,97.19,82.85,980.8,False,True,True,True,2,10.47,
4046,Rev5,5,W140,AE-3200,CH-B,EDG-08,Edge,0.84,229.1,99.18,99.58,84.33,1154.9,True,False,True,False,0,0.0,
4047,Rev5,5,W140,AE-3200,CH-B,EDG-09,Edge,0.84,261.8,100.77,98.11,85.59,1143.0,True,False,True,False,1,5.71,
4048,Rev5,5,W140,AE-3200,CH-B,EDG-10,Edge,0.84,294.5,99.04,94.59,86.58,1058.2,True,True,True,True,0,0.0,
4049,Rev5,5,W140,AE-3200,CH-B,EDG-11,Edge,0.84,327.3,101.6,95.71,80.69,884.7,False,True,True,True,0,0.0,
4050,Rev5,5,W140,AE-3200,CH-B,EXT-01,Extreme Edge,0.96,16.4,99.34,95.22,92.06,1042.9,True,True,True,True,0,0.0,
4051,Rev5,5,W140,AE-3200,CH-B,EXT-02,Extreme Edge,0.96,49.1,101.93,97.54,86.33,1062.6,False,True,True,True,2,6.83,polymer_residue
4052,Rev5,5,W140,AE-3200,CH-B,EXT-03,Extreme Edge,0.96,81.8,98.93,96.97,79.8,979.2,True,True,True,True,0,0.0,
4053,Rev5,5,W140,AE-3200,CH-B,EXT-04,Extreme Edge,0.96,114.5,99.76,96.51,86.61,1004.0,True,True,True,True,1,6.48,
4054,Rev5,5,W140,AE-3200,CH-B,EXT-05,Extreme Edge,0.96,147.3,105.31,101.41,84.92,1052.5,False,False,True,True,0,0.0,
4055,Rev5,5,W140,AE-3200,CH-B,EXT-06,Extreme Edge,0.96,180.0,103.03,98.43,99.43,1070.1,False,False,False,True,0,0.0,
4056,Rev5,5,W140,AE-3200,CH-B,EXT-07,Extreme Edge,0.96,212.7,100.7,100.03,93.15,1137.5,True,False,True,False,0,0.0,
4057,Rev5,5,W140,AE-3200,CH-B,EXT-08,Extreme Edge,0.96,245.5,99.99,95.6,96.03,1047.6,True,True,False,True,0,0.0,
4058,Rev5,5,W140,AE-3200,CH-B,EXT-09,Extreme Edge,0.96,278.2,102.66,94.1,86.12,1075.0,False,True,True,True,0,0.0,
4059,Rev5,5,W140,AE-3200,CH-B,EXT-10,Extreme Edge,0.96,310.9,103.17,96.24,86.92,1098.4,False,True,True,False,1,5.48,
4060,Rev5,5,W140,AE-3200,CH-B,EXT-11,Extreme Edge,0.96,343.6,100.54,100.55,93.09,1081.9,True,False,True,True,0,0.0,
4061,Rev3,3,W141,PX-7500,CH-D,C1,Center,0.0,0.0,95.86,88.06,83.68,1011.9,True,True,True,True,0,0.0,
4062,Rev3,3,W141,PX-7500,CH-D,MID-01,Mid,0.52,30.0,95.4,98.17,84.31,945.8,True,False,True,True,0,0.0,
4063,Rev3,3,W141,PX-7500,CH-D,MID-02,Mid,0.52,90.0,96.0,94.16,80.35,868.1,True,True,True,False,0,0.0,
4064,Rev3,3,W141,PX-7500,CH-D,MID-03,Mid,0.52,150.0,94.03,94.05,86.62,1006.2,True,True,True,True,0,0.0,
4065,Rev3,3,W141,PX-7500,CH-D,MID-04,Mid,0.52,210.0,93.87,94.64,95.84,993.7,True,True,False,True,0,0.0,
4066,Rev3,3,W141,PX-7500,CH-D,MID-05,Mid,0.52,270.0,93.63,93.83,88.75,951.5,True,True,True,True,0,0.0,
4067,Rev3,3,W141,PX-7500,CH-D,MID-06,Mid,0.52,330.0,93.72,97.05,77.8,1053.0,True,True,False,True,1,6.27,
4068,Rev3,3,W141,PX-7500,CH-D,EDG-01,Edge,0.84,0.0,95.83,94.91,86.19,934.5,True,True,True,True,0,0.0,
4069,Rev3,3,W141,PX-7500,CH-D,EDG-02,Edge,0.84,32.7,96.42,96.96,79.38,918.2,True,True,True,True,0,0.0,
4070,Rev3,3,W141,PX-7500,CH-D,EDG-03,Edge,0.84,65.5,98.93,96.54,95.49,899.0,True,True,False,True,2,6.43,
4071,Rev3,3,W141,PX-7500,CH-D,EDG-04,Edge,0.84,98.2,98.64,94.33,94.77,977.8,True,True,False,True,0,0.0,
4072,Rev3,3,W141,PX-7500,CH-D,EDG-05,Edge,0.84,130.9,96.73,97.49,83.8,1004.0,True,True,True,True,1,4.02,
4073,Rev3,3,W141,PX-7500,CH-D,EDG-06,Edge,0.84,163.6,96.87,98.18,93.05,995.2,True,False,True,True,2,5.57,pressure_spike
4074,Rev3,3,W141,PX-7500,CH-D,EDG-07,Edge,0.84,196.4,95.75,95.96,82.24,866.3,True,True,True,False,1,2.31,
4075,Rev3,3,W141,PX-7500,CH-D,EDG-08,Edge,0.84,229.1,95.26,92.83,92.34,900.4,True,True,True,True,0,0.0,
4076,Rev3,3,W141,PX-7500,CH-D,EDG-09,Edge,0.84,261.8,97.24,95.4,86.59,897.6,True,True,True,True,0,0.0,
4077,Rev3,3,W141,PX-7500,CH-D,EDG-10,Edge,0.84,294.5,98.74,99.53,90.82,1018.3,True,False,True,True,0,0.0,
4078,Rev3,3,W141,PX-7500,CH-D,EDG-11,Edge,0.84,327.3,98.51,97.42,81.78,983.1,True,True,True,True,0,0.0,
4079,Rev3,3,W141,PX-7500,CH-D,EXT-01,Extreme Edge,0.96,16.4,98.4,95.2,90.04,897.2,True,True,True,True,1,4.76,
4080,Rev3,3,W141,PX-7500,CH-D,EXT-02,Extreme Edge,0.96,49.1,97.62,91.97,93.74,872.6,True,True,True,False,1,6.23,
4081,Rev3,3,W141,PX-7500,CH-D,EXT-03,Extreme Edge,0.96,81.8,97.42,94.17,87.13,935.0,True,True,True,True,0,0.0,
4082,Rev3,3,W141,PX-7500,CH-D,EXT-04,Extreme Edge,0.96,114.5,99.34,98.2,86.14,885.3,True,False,True,True,0,0.0,
4083,Rev3,3,W141,PX-7500,CH-D,EXT-05,Extreme Edge,0.96,147.3,95.32,97.73,96.11,1052.6,True,False,False,True,3,7.93,polymer_residue
4084,Rev3,3,W141,PX-7500,CH-D,EXT-06,Extreme Edge,0.96,180.0,96.88,94.26,86.36,834.3,True,True,True,False,1,2.79,arc_event
4085,Rev3,3,W141,PX-7500,CH-D,EXT-07,Extreme Edge,0.96,212.7,101.81,97.58,88.7,937.6,False,True,True,True,0,0.0,
4086,Rev3,3,W141,PX-7500,CH-D,EXT-08,Extreme Edge,0.96,245.5,100.01,101.16,89.12,964.3,True,False,True,True,1,2.95,
4087,Rev3,3,W141,PX-7500,CH-D,EXT-09,Extreme Edge,0.96,278.2,97.56,95.85,93.84,998.7,True,True,True,True,1,4.16,polymer_residue
4088,Rev3,3,W141,PX-7500,CH-D,EXT-10,Extreme Edge,0.96,310.9,100.28,98.83,88.39,985.6,True,False,True,True,0,0.0,
4089,Rev3,3,W141,PX-7500,CH-D,EXT-11,Extreme Edge,0.96,343.6,100.1,99.39,87.64,1000.0,True,False,True,True,1,5.98,
4090,Base,0,W142,AE-3200,CH-A,C1,Center,0.0,0.0,97.82,96.08,80.11,1048.6,True,True,True,True,0,0.0,
4091,Base,0,W142,AE-3200,CH-A,MID-01,Mid,0.52,30.0,95.39,93.27,81.74,1017.4,True,True,True,True,0,0.0,
4092,Base,0,W142,AE-3200,CH-A,MID-02,Mid,0.52,90.0,96.97,93.49,83.23,1022.3,True,True,True,True,1,2.08,
4093,Base,0,W142,AE-3200,CH-A,MID-03,Mid,0.52,150.0,94.41,99.04,75.96,1079.8,True,False,False,True,0,0.0,
4094,Base,0,W142,AE-3200,CH-A,MID-04,Mid,0.52,210.0,97.29,97.45,79.87,1077.8,True,True,True,True,0,0.0,
4095,Base,0,W142,AE-3200,CH-A,MID-05,Mid,0.52,270.0,98.79,96.4,77.92,964.0,True,True,False,True,0,0.0,
4096,Base,0,W142,AE-3200,CH-A,MID-06,Mid,0.52,330.0,95.14,94.95,76.88,902.1,True,True,False,True,0,0.0,
4097,Base,0,W142,AE-3200,CH-A,EDG-01,Edge,0.84,0.0,99.8,97.03,79.23,1100.6,True,True,True,False,1,1.91,
4098,Base,0,W142,AE-3200,CH-A,EDG-02,Edge,0.84,32.7,99.15,100.8,86.3,1108.4,True,False,True,False,0,0.0,
4099,Base,0,W142,AE-3200,CH-A,EDG-03,Edge,0.84,65.5,98.78,98.33,79.51,1064.5,True,False,True,True,0,0.0,
4100,Base,0,W142,AE-3200,CH-A,EDG-04,Edge,0.84,98.2,101.21,100.7,88.01,1075.7,False,False,True,True,1,4.74,
4101,Base,0,W142,AE-3200,CH-A,EDG-05,Edge,0.84,130.9,98.32,97.49,86.75,1118.2,True,True,True,False,0,0.0,
4102,Base,0,W142,AE-3200,CH-A,EDG-06,Edge,0.84,163.6,94.26,97.0,85.65,1014.2,True,True,True,True,1,2.01,
4103,Base,0,W142,AE-3200,CH-A,EDG-07,Edge,0.84,196.4,97.23,101.83,90.07,832.7,True,False,True,False,0,0.0,
4104,Base,0,W142,AE-3200,CH-A,EDG-08,Edge,0.84,229.1,97.97,97.54,86.13,1131.9,True,True,True,False,0,0.0,
4105,Base,0,W142,AE-3200,CH-A,EDG-09,Edge,0.84,261.8,97.33,97.51,84.12,1125.3,True,True,True,False,0,0.0,
4106,Base,0,W142,AE-3200,CH-A,EDG-10,Edge,0.84,294.5,96.06,96.79,88.73,1113.4,True,True,True,False,1,2.52,polymer_residue
4107,Base,0,W142,AE-3200,CH-A,EDG-11,Edge,0.84,327.3,99.14,100.45,79.7,1068.4,True,False,True,True,0,0.0,
4108,Base,0,W142,AE-3200,CH-A,EXT-01,Extreme Edge,0.96,16.4,101.39,98.87,80.01,1036.3,False,False,True,True,2,4.49,
4109,Base,0,W142,AE-3200,CH-A,EXT-02,Extreme Edge,0.96,49.1,99.57,101.15,87.69,1062.7,True,False,True,True,0,0.0,
4110,Base,0,W142,AE-3200,CH-A,EXT-03,Extreme Edge,0.96,81.8,101.05,98.84,90.22,1011.2,False,False,True,True,0,0.0,
4111,Base,0,W142,AE-3200,CH-A,EXT-04,Extreme Edge,0.96,114.5,97.22,98.07,91.71,1076.6,True,False,True,True,1,2.61,esc_temp_drift
4112,Base,0,W142,AE-3200,CH-A,EXT-05,Extreme Edge,0.96,147.3,99.03,99.18,87.26,1006.7,True,False,True,True,1,3.7,
4113,Base,0,W142,AE-3200,CH-A,EXT-06,Extreme Edge,0.96,180.0,98.52,100.65,94.46,1013.3,True,False,True,True,1,5.65,
4114,Base,0,W142,AE-3200,CH-A,EXT-07,Extreme Edge,0.96,212.7,101.89,104.08,86.97,1069.0,False,False,True,True,0,0.0,
4115,Base,0,W142,AE-3200,CH-A,EXT-08,Extreme Edge,0.96,245.5,104.08,100.1,89.46,999.1,False,False,True,True,1,5.89,arc_event
4116,Base,0,W142,AE-3200,CH-A,EXT-09,Extreme Edge,0.96,278.2,100.81,100.7,84.91,1010.2,False,False,True,True,2,3.73,
4117,Base,0,W142,AE-3200,CH-A,EXT-10,Extreme Edge,0.96,310.9,98.44,101.29,74.47,980.3,True,False,False,True,1,4.49,polymer_residue
4118,Base,0,W142,AE-3200,CH-A,EXT-11,Extreme Edge,0.96,343.6,97.73,94.93,83.8,992.3,True,True,True,True,1,3.16,polymer_residue
4119,Rev10,10,W143,PX-7500,CH-C,C1,Center,0.0,0.0,93.79,88.5,96.28,1020.8,True,True,False,True,0,0.0,
4120,Rev10,10,W143,PX-7500,CH-C,MID-01,Mid,0.52,30.0,95.91,87.49,102.59,1039.2,True,True,False,True,0,0.0,
4121,Rev10,10,W143,PX-7500,CH-C,MID-02,Mid,0.52,90.0,96.2,87.1,93.74,1039.8,True,True,True,True,0,0.0,
4122,Rev10,10,W143,PX-7500,CH-C,MID-03,Mid,0.52,150.0,94.8,87.88,91.81,954.6,True,True,True,True,0,0.0,
4123,Rev10,10,W143,PX-7500,CH-C,MID-04,Mid,0.52,210.0,95.96,90.67,95.37,1078.3,True,True,False,True,0,0.0,
4124,Rev10,10,W143,PX-7500,CH-C,MID-05,Mid,0.52,270.0,94.06,86.1,88.55,1024.8,True,False,True,True,0,0.0,
4125,Rev10,10,W143,PX-7500,CH-C,MID-06,Mid,0.52,330.0,97.46,89.8,94.12,1060.7,True,True,True,True,1,3.75,
4126,Rev10,10,W143,PX-7500,CH-C,EDG-01,Edge,0.84,0.0,96.67,89.25,95.85,1114.4,True,True,False,False,0,0.0,
4127,Rev10,10,W143,PX-7500,CH-C,EDG-02,Edge,0.84,32.7,94.33,93.03,97.5,1081.3,True,True,False,True,3,14.26,
4128,Rev10,10,W143,PX-7500,CH-C,EDG-03,Edge,0.84,65.5,98.39,83.56,103.85,1132.8,True,False,False,False,2,10.45,polymer_residue
4129,Rev10,10,W143,PX-7500,CH-C,EDG-04,Edge,0.84,98.2,98.69,91.93,94.59,1015.5,True,True,False,True,1,1.9,esc_temp_drift
4130,Rev10,10,W143,PX-7500,CH-C,EDG-05,Edge,0.84,130.9,103.89,90.09,98.77,1154.8,False,True,False,False,1,4.86,endpoint_late
4131,Rev10,10,W143,PX-7500,CH-C,EDG-06,Edge,0.84,163.6,100.17,96.11,97.34,976.8,True,True,False,True,3,9.08,
4132,Rev10,10,W143,PX-7500,CH-C,EDG-07,Edge,0.84,196.4,101.06,90.74,98.86,1005.6,False,True,False,True,1,3.58,
4133,Rev10,10,W143,PX-7500,CH-C,EDG-08,Edge,0.84,229.1,95.43,92.21,98.2,1065.6,True,True,False,True,1,3.32,
4134,Rev10,10,W143,PX-7500,CH-C,EDG-09,Edge,0.84,261.8,100.05,92.15,89.59,1016.0,True,True,True,True,0,0.0,
4135,Rev10,10,W143,PX-7500,CH-C,EDG-10,Edge,0.84,294.5,101.32,86.14,98.7,974.6,False,False,False,True,1,4.82,
4136,Rev10,10,W143,PX-7500,CH-C,EDG-11,Edge,0.84,327.3,98.48,88.61,96.22,1037.6,True,True,False,True,0,0.0,
4137,Rev10,10,W143,PX-7500,CH-C,EXT-01,Extreme Edge,0.96,16.4,99.71,90.18,93.86,1053.4,True,True,True,True,0,0.0,
4138,Rev10,10,W143,PX-7500,CH-C,EXT-02,Extreme Edge,0.96,49.1,97.23,89.97,102.43,995.3,True,True,False,True,1,4.44,endpoint_late
4139,Rev10,10,W143,PX-7500,CH-C,EXT-03,Extreme Edge,0.96,81.8,99.54,94.65,107.08,1052.5,True,True,False,True,1,2.81,polymer_residue
4140,Rev10,10,W143,PX-7500,CH-C,EXT-04,Extreme Edge,0.96,114.5,100.16,89.11,97.28,1037.3,True,True,False,True,0,0.0,
4141,Rev10,10,W143,PX-7500,CH-C,EXT-05,Extreme Edge,0.96,147.3,102.01,88.69,102.07,983.7,False,True,False,True,0,0.0,
4142,Rev10,10,W143,PX-7500,CH-C,EXT-06,Extreme Edge,0.96,180.0,97.75,86.72,92.91,1038.4,True,False,True,True,0,0.0,
4143,Rev10,10,W143,PX-7500,CH-C,EXT-07,Extreme Edge,0.96,212.7,101.41,89.91,103.15,925.4,False,True,False,True,1,5.31,polymer_residue
4144,Rev10,10,W143,PX-7500,CH-C,EXT-08,Extreme Edge,0.96,245.5,99.4,94.17,103.71,986.2,True,True,False,True,1,3.51,
4145,Rev10,10,W143,PX-7500,CH-C,EXT-09,Extreme Edge,0.96,278.2,99.11,91.19,106.96,1095.5,True,True,False,False,0,0.0,
4146,Rev10,10,W143,PX-7500,CH-C,EXT-10,Extreme Edge,0.96,310.9,99.07,91.58,101.33,986.2,True,True,False,True,0,0.0,
4147,Rev10,10,W143,PX-7500,CH-C,EXT-11,Extreme Edge,0.96,343.6,101.45,90.81,90.34,1027.2,False,True,True,True,1,4.65,arc_event
4148,Rev3,3,W144,PX-7500,CH-D,C1,Center,0.0,0.0,94.91,88.85,89.44,908.3,True,True,True,True,0,0.0,
4149,Rev3,3,W144,PX-7500,CH-D,MID-01,Mid,0.52,30.0,96.1,92.81,91.68,868.0,True,True,True,False,0,0.0,
4150,Rev3,3,W144,PX-7500,CH-D,MID-02,Mid,0.52,90.0,95.75,93.17,89.45,927.6,True,True,True,True,0,0.0,
4151,Rev3,3,W144,PX-7500,CH-D,MID-03,Mid,0.52,150.0,96.01,94.65,90.94,907.8,True,True,True,True,1,5.47,
4152,Rev3,3,W144,PX-7500,CH-D,MID-04,Mid,0.52,210.0,96.69,95.78,92.45,935.4,True,True,True,True,0,0.0,
4153,Rev3,3,W144,PX-7500,CH-D,MID-05,Mid,0.52,270.0,91.87,93.79,89.16,1004.4,True,True,True,True,0,0.0,
4154,Rev3,3,W144,PX-7500,CH-D,MID-06,Mid,0.52,330.0,99.68,93.78,87.14,738.9,True,True,True,False,0,0.0,
4155,Rev3,3,W144,PX-7500,CH-D,EDG-01,Edge,0.84,0.0,103.51,96.68,90.95,881.2,False,True,True,True,1,2.14,polymer_residue
4156,Rev3,3,W144,PX-7500,CH-D,EDG-02,Edge,0.84,32.7,100.45,97.65,90.68,887.7,True,False,True,True,1,4.67,arc_event
4157,Rev3,3,W144,PX-7500,CH-D,EDG-03,Edge,0.84,65.5,100.1,100.92,92.71,960.1,True,False,True,True,0,0.0,
4158,Rev3,3,W144,PX-7500,CH-D,EDG-04,Edge,0.84,98.2,98.15,97.55,93.25,794.5,True,True,True,False,0,0.0,
4159,Rev3,3,W144,PX-7500,CH-D,EDG-05,Edge,0.84,130.9,98.22,97.37,86.83,939.0,True,True,True,True,0,0.0,
4160,Rev3,3,W144,PX-7500,CH-D,EDG-06,Edge,0.84,163.6,95.82,96.08,87.74,977.5,True,True,True,True,1,2.47,
4161,Rev3,3,W144,PX-7500,CH-D,EDG-07,Edge,0.84,196.4,100.22,92.48,89.77,863.5,True,True,True,False,0,0.0,
4162,Rev3,3,W144,PX-7500,CH-D,EDG-08,Edge,0.84,229.1,100.95,96.18,93.67,970.4,False,True,True,True,0,0.0,
4163,Rev3,3,W144,PX-7500,CH-D,EDG-09,Edge,0.84,261.8,98.49,99.24,97.01,968.5,True,False,False,True,0,0.0,
4164,Rev3,3,W144,PX-7500,CH-D,EDG-10,Edge,0.84,294.5,99.19,96.6,95.25,1034.1,True,True,False,True,0,0.0,
4165,Rev3,3,W144,PX-7500,CH-D,EDG-11,Edge,0.84,327.3,96.77,97.8,92.13,984.2,True,False,True,True,1,2.89,endpoint_late
4166,Rev3,3,W144,PX-7500,CH-D,EXT-01,Extreme Edge,0.96,16.4,100.14,96.83,94.5,948.5,True,True,True,True,0,0.0,
4167,Rev3,3,W144,PX-7500,CH-D,EXT-02,Extreme Edge,0.96,49.1,101.09,96.2,90.83,1038.5,False,True,True,True,2,8.5,
4168,Rev3,3,W144,PX-7500,CH-D,EXT-03,Extreme Edge,0.96,81.8,99.28,96.23,94.85,847.3,True,True,False,False,0,0.0,
4169,Rev3,3,W144,PX-7500,CH-D,EXT-04,Extreme Edge,0.96,114.5,97.23,98.6,92.09,1005.3,True,False,True,True,2,3.75,arc_event
4170,Rev3,3,W144,PX-7500,CH-D,EXT-05,Extreme Edge,0.96,147.3,99.88,98.41,95.4,974.5,True,False,False,True,2,6.21,polymer_residue
4171,Rev3,3,W144,PX-7500,CH-D,EXT-06,Extreme Edge,0.96,180.0,98.92,97.83,94.71,942.4,True,False,False,True,0,0.0,
4172,Rev3,3,W144,PX-7500,CH-D,EXT-07,Extreme Edge,0.96,212.7,100.92,96.49,97.99,907.7,False,True,False,True,1,2.91,esc_temp_drift
4173,Rev3,3,W144,PX-7500,CH-D,EXT-08,Extreme Edge,0.96,245.5,99.02,97.02,93.62,967.6,True,True,True,True,1,2.09,
4174,Rev3,3,W144,PX-7500,CH-D,EXT-09,Extreme Edge,0.96,278.2,100.32,97.72,96.51,1012.5,True,False,False,True,0,0.0,
4175,Rev3,3,W144,PX-7500,CH-D,EXT-10,Extreme Edge,0.96,310.9,100.03,96.52,94.39,1003.8,True,True,True,True,0,0.0,
4176,Rev3,3,W144,PX-7500,CH-D,EXT-11,Extreme Edge,0.96,343.6,102.18,96.4,86.43,825.9,False,True,True,False,0,0.0,
4177,Rev1,1,W145,AE-3200,CH-B,C1,Center,0.0,0.0,92.45,98.34,87.93,849.3,True,False,True,False,1,5.69,polymer_residue
4178,Rev1,1,W145,AE-3200,CH-B,MID-01,Mid,0.52,30.0,97.42,103.98,91.75,877.5,True,False,True,False,0,0.0,
4179,Rev1,1,W145,AE-3200,CH-B,MID-02,Mid,0.52,90.0,95.93,96.49,84.8,928.3,True,True,True,True,0,0.0,
4180,Rev1,1,W145,AE-3200,CH-B,MID-03,Mid,0.52,150.0,94.22,100.09,94.26,877.2,True,False,True,False,0,0.0,
4181,Rev1,1,W145,AE-3200,CH-B,MID-04,Mid,0.52,210.0,94.97,98.83,87.51,915.4,True,False,True,True,0,0.0,
4182,Rev1,1,W145,AE-3200,CH-B,MID-05,Mid,0.52,270.0,95.96,100.41,84.92,931.5,True,False,True,True,0,0.0,
4183,Rev1,1,W145,AE-3200,CH-B,MID-06,Mid,0.52,330.0,97.6,100.44,83.73,974.2,True,False,True,True,1,6.36,polymer_residue
4184,Rev1,1,W145,AE-3200,CH-B,EDG-01,Edge,0.84,0.0,94.8,97.71,88.87,942.9,True,False,True,True,0,0.0,
4185,Rev1,1,W145,AE-3200,CH-B,EDG-02,Edge,0.84,32.7,94.93,99.97,85.16,974.9,True,False,True,True,0,0.0,
4186,Rev1,1,W145,AE-3200,CH-B,EDG-03,Edge,0.84,65.5,97.94,99.91,83.88,799.7,True,False,True,False,0,0.0,
4187,Rev1,1,W145,AE-3200,CH-B,EDG-04,Edge,0.84,98.2,95.38,98.08,84.35,928.9,True,False,True,True,0,0.0,
4188,Rev1,1,W145,AE-3200,CH-B,EDG-05,Edge,0.84,130.9,93.93,105.59,83.32,958.7,True,False,True,True,0,0.0,
4189,Rev1,1,W145,AE-3200,CH-B,EDG-06,Edge,0.84,163.6,95.3,99.07,82.5,826.9,True,False,True,False,0,0.0,
4190,Rev1,1,W145,AE-3200,CH-B,EDG-07,Edge,0.84,196.4,98.46,103.4,83.36,874.0,True,False,True,False,0,0.0,
4191,Rev1,1,W145,AE-3200,CH-B,EDG-08,Edge,0.84,229.1,94.2,102.48,81.24,967.9,True,False,True,True,2,6.41,polymer_residue
4192,Rev1,1,W145,AE-3200,CH-B,EDG-09,Edge,0.84,261.8,94.62,99.29,95.29,910.0,True,False,False,True,0,0.0,
4193,Rev1,1,W145,AE-3200,CH-B,EDG-10,Edge,0.84,294.5,97.37,100.45,88.85,1015.8,True,False,True,True,0,0.0,
4194,Rev1,1,W145,AE-3200,CH-B,EDG-11,Edge,0.84,327.3,94.83,102.39,90.58,864.1,True,False,True,False,3,15.48,
4195,Rev1,1,W145,AE-3200,CH-B,EXT-01,Extreme Edge,0.96,16.4,96.73,102.02,80.87,965.9,True,False,True,True,1,6.2,
4196,Rev1,1,W145,AE-3200,CH-B,EXT-02,Extreme Edge,0.96,49.1,97.63,102.91,90.06,999.2,True,False,True,True,0,0.0,
4197,Rev1,1,W145,AE-3200,CH-B,EXT-03,Extreme Edge,0.96,81.8,96.0,97.87,88.72,875.5,True,False,True,False,0,0.0,
4198,Rev1,1,W145,AE-3200,CH-B,EXT-04,Extreme Edge,0.96,114.5,100.12,100.83,92.23,915.3,True,False,True,True,2,10.2,polymer_residue
4199,Rev1,1,W145,AE-3200,CH-B,EXT-05,Extreme Edge,0.96,147.3,97.13,106.15,85.45,1096.9,True,False,True,False,1,3.2,
4200,Rev1,1,W145,AE-3200,CH-B,EXT-06,Extreme Edge,0.96,180.0,95.83,104.43,88.34,908.3,True,False,True,True,0,0.0,
4201,Rev1,1,W145,AE-3200,CH-B,EXT-07,Extreme Edge,0.96,212.7,96.1,102.49,81.41,841.1,True,False,True,False,0,0.0,
4202,Rev1,1,W145,AE-3200,CH-B,EXT-08,Extreme Edge,0.96,245.5,99.13,105.02,84.29,907.2,True,False,True,True,0,0.0,
4203,Rev1,1,W145,AE-3200,CH-B,EXT-09,Extreme Edge,0.96,278.2,97.68,104.07,90.01,962.8,True,False,True,True,0,0.0,
4204,Rev1,1,W145,AE-3200,CH-B,EXT-10,Extreme Edge,0.96,310.9,95.32,105.34,81.75,848.0,True,False,True,False,0,0.0,
4205,Rev1,1,W145,AE-3200,CH-B,EXT-11,Extreme Edge,0.96,343.6,95.62,101.01,84.93,930.6,True,False,True,True,0,0.0,
4206,Rev9,9,W146,AE-3200,CH-B,C1,Center,0.0,0.0,92.73,84.46,96.53,1018.2,True,False,False,True,1,5.45,pressure_spike
4207,Rev9,9,W146,AE-3200,CH-B,MID-01,Mid,0.52,30.0,93.33,88.97,89.44,1063.9,True,True,True,True,0,0.0,
4208,Rev9,9,W146,AE-3200,CH-B,MID-02,Mid,0.52,90.0,97.94,90.53,98.66,1013.4,True,True,False,True,1,4.08,
4209,Rev9,9,W146,AE-3200,CH-B,MID-03,Mid,0.52,150.0,97.26,89.42,99.44,1093.5,True,True,False,False,1,4.91,
4210,Rev9,9,W146,AE-3200,CH-B,MID-04,Mid,0.52,210.0,93.69,89.12,98.8,1058.4,True,True,False,True,0,0.0,
4211,Rev9,9,W146,AE-3200,CH-B,MID-05,Mid,0.52,270.0,95.06,86.08,87.11,1005.1,True,False,True,True,1,5.44,
4212,Rev9,9,W146,AE-3200,CH-B,MID-06,Mid,0.52,330.0,95.62,89.0,95.45,950.0,True,True,False,True,0,0.0,
4213,Rev9,9,W146,AE-3200,CH-B,EDG-01,Edge,0.84,0.0,95.77,88.19,96.41,1065.1,True,True,False,True,0,0.0,
4214,Rev9,9,W146,AE-3200,CH-B,EDG-02,Edge,0.84,32.7,97.46,89.42,92.09,1129.5,True,True,True,False,1,4.32,
4215,Rev9,9,W146,AE-3200,CH-B,EDG-03,Edge,0.84,65.5,96.54,91.19,95.18,1135.2,True,True,False,False,0,0.0,
4216,Rev9,9,W146,AE-3200,CH-B,EDG-04,Edge,0.84,98.2,96.87,87.56,96.42,1151.6,True,True,False,False,0,0.0,
4217,Rev9,9,W146,AE-3200,CH-B,EDG-05,Edge,0.84,130.9,97.84,94.56,96.82,1116.0,True,True,False,False,2,12.86,arc_event
4218,Rev9,9,W146,AE-3200,CH-B,EDG-06,Edge,0.84,163.6,97.54,92.04,93.82,1135.1,True,True,True,False,0,0.0,
4219,Rev9,9,W146,AE-3200,CH-B,EDG-07,Edge,0.84,196.4,96.79,90.56,102.7,1136.8,True,True,False,False,0,0.0,
4220,Rev9,9,W146,AE-3200,CH-B,EDG-08,Edge,0.84,229.1,96.25,89.31,97.43,1005.5,True,True,False,True,0,0.0,
4221,Rev9,9,W146,AE-3200,CH-B,EDG-09,Edge,0.84,261.8,100.5,89.06,97.74,1073.7,True,True,False,True,0,0.0,
4222,Rev9,9,W146,AE-3200,CH-B,EDG-10,Edge,0.84,294.5,96.69,90.02,96.22,1196.1,True,True,False,False,0,0.0,
4223,Rev9,9,W146,AE-3200,CH-B,EDG-11,Edge,0.84,327.3,97.93,88.38,103.75,1087.7,True,True,False,True,1,4.01,polymer_residue
4224,Rev9,9,W146,AE-3200,CH-B,EXT-01,Extreme Edge,0.96,16.4,97.48,91.16,89.82,1226.3,True,True,True,False,3,5.76,
4225,Rev9,9,W146,AE-3200,CH-B,EXT-02,Extreme Edge,0.96,49.1,96.51,91.8,100.7,1174.7,True,True,False,False,2,6.17,arc_event
4226,Rev9,9,W146,AE-3200,CH-B,EXT-03,Extreme Edge,0.96,81.8,95.49,89.0,93.84,1066.1,True,True,True,True,1,3.86,
4227,Rev9,9,W146,AE-3200,CH-B,EXT-04,Extreme Edge,0.96,114.5,101.94,91.32,97.67,1048.6,False,True,False,True,0,0.0,
4228,Rev9,9,W146,AE-3200,CH-B,EXT-05,Extreme Edge,0.96,147.3,98.14,88.37,97.71,1185.6,True,True,False,False,0,0.0,
4229,Rev9,9,W146,AE-3200,CH-B,EXT-06,Extreme Edge,0.96,180.0,97.05,90.27,101.05,1140.7,True,True,False,False,3,18.08,
4230,Rev9,9,W146,AE-3200,CH-B,EXT-07,Extreme Edge,0.96,212.7,97.14,93.5,103.07,1093.1,True,True,False,False,0,0.0,
4231,Rev9,9,W146,AE-3200,CH-B,EXT-08,Extreme Edge,0.96,245.5,101.29,90.24,98.29,1032.4,False,True,False,True,0,0.0,
4232,Rev9,9,W146,AE-3200,CH-B,EXT-09,Extreme Edge,0.96,278.2,97.71,92.5,96.15,1090.7,True,True,False,False,2,6.12,polymer_residue
4233,Rev9,9,W146,AE-3200,CH-B,EXT-10,Extreme Edge,0.96,310.9,97.75,94.98,93.82,1105.5,True,True,True,False,1,3.62,
4234,Rev9,9,W146,AE-3200,CH-B,EXT-11,Extreme Edge,0.96,343.6,98.71,87.26,101.58,1135.7,True,True,False,False,0,0.0,
4235,Rev11,11,W147,PX-7500,CH-D,C1,Center,0.0,0.0,97.06,90.66,98.45,1086.5,True,True,False,True,1,2.39,endpoint_late
4236,Rev11,11,W147,PX-7500,CH-D,MID-01,Mid,0.52,30.0,99.55,93.62,97.12,1046.6,True,True,False,True,0,0.0,
4237,Rev11,11,W147,PX-7500,CH-D,MID-02,Mid,0.52,90.0,101.03,88.33,96.86,1064.6,False,True,False,True,2,11.75,pressure_spike
4238,Rev11,11,W147,PX-7500,CH-D,MID-03,Mid,0.52,150.0,94.75,88.82,85.49,1037.6,True,True,True,True,1,6.08,arc_event
4239,Rev11,11,W147,PX-7500,CH-D,MID-04,Mid,0.52,210.0,98.6,95.25,97.98,1087.7,True,True,False,True,0,0.0,
4240,Rev11,11,W147,PX-7500,CH-D,MID-05,Mid,0.52,270.0,101.21,95.61,99.37,1039.9,False,True,False,True,1,5.08,
4241,Rev11,11,W147,PX-7500,CH-D,MID-06,Mid,0.52,330.0,100.8,92.03,92.25,1093.2,True,True,True,False,1,5.22,
4242,Rev11,11,W147,PX-7500,CH-D,EDG-01,Edge,0.84,0.0,99.84,97.17,96.17,1156.0,True,True,False,False,0,0.0,
4243,Rev11,11,W147,PX-7500,CH-D,EDG-02,Edge,0.84,32.7,104.93,95.24,94.3,1204.6,False,True,True,False,2,6.58,polymer_residue
4244,Rev11,11,W147,PX-7500,CH-D,EDG-03,Edge,0.84,65.5,102.76,95.67,101.1,1116.9,False,True,False,False,2,7.69,polymer_residue
4245,Rev11,11,W147,PX-7500,CH-D,EDG-04,Edge,0.84,98.2,105.17,94.92,103.8,1136.5,False,True,False,False,0,0.0,
4246,Rev11,11,W147,PX-7500,CH-D,EDG-05,Edge,0.84,130.9,101.66,93.93,97.7,1137.4,False,True,False,False,1,6.38,
4247,Rev11,11,W147,PX-7500,CH-D,EDG-06,Edge,0.84,163.6,100.89,93.5,97.42,1126.2,False,True,False,False,1,3.34,
4248,Rev11,11,W147,PX-7500,CH-D,EDG-07,Edge,0.84,196.4,105.63,92.33,98.6,1203.5,False,True,False,False,1,3.42,
4249,Rev11,11,W147,PX-7500,CH-D,EDG-08,Edge,0.84,229.1,107.01,95.77,93.17,1089.6,False,True,True,True,0,0.0,
4250,Rev11,11,W147,PX-7500,CH-D,EDG-09,Edge,0.84,261.8,100.95,88.48,90.29,1165.2,False,True,True,False,0,0.0,
4251,Rev11,11,W147,PX-7500,CH-D,EDG-10,Edge,0.84,294.5,103.27,92.18,105.85,1078.3,False,True,False,True,1,4.1,
4252,Rev11,11,W147,PX-7500,CH-D,EDG-11,Edge,0.84,327.3,104.63,96.17,110.18,1131.3,False,True,False,False,0,0.0,
4253,Rev11,11,W147,PX-7500,CH-D,EXT-01,Extreme Edge,0.96,16.4,103.96,96.47,103.59,1045.0,False,True,False,True,2,5.36,
4254,Rev11,11,W147,PX-7500,CH-D,EXT-02,Extreme Edge,0.96,49.1,102.2,96.02,98.57,1111.7,False,True,False,False,1,4.17,endpoint_late
4255,Rev11,11,W147,PX-7500,CH-D,EXT-03,Extreme Edge,0.96,81.8,101.83,94.09,101.5,1045.9,False,True,False,True,3,18.41,
4256,Rev11,11,W147,PX-7500,CH-D,EXT-04,Extreme Edge,0.96,114.5,103.69,95.73,102.91,1211.6,False,True,False,False,1,6.49,
4257,Rev11,11,W147,PX-7500,CH-D,EXT-05,Extreme Edge,0.96,147.3,107.35,94.12,98.82,1093.3,False,True,False,False,2,9.73,esc_temp_drift
4258,Rev11,11,W147,PX-7500,CH-D,EXT-06,Extreme Edge,0.96,180.0,100.55,97.07,93.87,1021.9,True,True,True,True,0,0.0,
4259,Rev11,11,W147,PX-7500,CH-D,EXT-07,Extreme Edge,0.96,212.7,103.98,93.05,98.11,1201.1,False,True,False,False,0,0.0,
4260,Rev11,11,W147,PX-7500,CH-D,EXT-08,Extreme Edge,0.96,245.5,103.32,93.92,96.56,1199.8,False,True,False,False,2,7.04,
4261,Rev11,11,W147,PX-7500,CH-D,EXT-09,Extreme Edge,0.96,278.2,104.26,94.84,96.61,1066.3,False,True,False,True,1,6.12,esc_temp_drift
4262,Rev11,11,W147,PX-7500,CH-D,EXT-10,Extreme Edge,0.96,310.9,102.13,97.41,95.15,1086.8,False,True,False,True,1,4.07,
4263,Rev11,11,W147,PX-7500,CH-D,EXT-11,Extreme Edge,0.96,343.6,106.02,99.7,95.18,1206.4,False,False,False,False,0,0.0,
4264,Rev1,1,W148,AE-3200,CH-B,C1,Center,0.0,0.0,91.8,101.19,78.71,861.5,True,False,True,False,0,0.0,
4265,Rev1,1,W148,AE-3200,CH-B,MID-01,Mid,0.52,30.0,93.55,99.24,79.87,1008.0,True,False,True,True,0,0.0,
4266,Rev1,1,W148,AE-3200,CH-B,MID-02,Mid,0.52,90.0,95.68,102.22,81.65,964.8,True,False,True,True,0,0.0,
4267,Rev1,1,W148,AE-3200,CH-B,MID-03,Mid,0.52,150.0,93.46,102.44,82.41,903.9,True,False,True,True,0,0.0,
4268,Rev1,1,W148,AE-3200,CH-B,MID-04,Mid,0.52,210.0,97.76,100.01,84.74,949.8,True,False,True,True,0,0.0,
4269,Rev1,1,W148,AE-3200,CH-B,MID-05,Mid,0.52,270.0,95.64,97.63,86.75,935.7,True,False,True,True,1,6.46,pressure_spike
4270,Rev1,1,W148,AE-3200,CH-B,MID-06,Mid,0.52,330.0,96.77,100.34,85.18,902.5,True,False,True,True,0,0.0,
4271,Rev1,1,W148,AE-3200,CH-B,EDG-01,Edge,0.84,0.0,102.38,98.95,91.44,934.1,False,False,True,True,1,5.6,
4272,Rev1,1,W148,AE-3200,CH-B,EDG-02,Edge,0.84,32.7,101.49,98.25,80.22,936.5,False,False,True,True,1,5.5,
4273,Rev1,1,W148,AE-3200,CH-B,EDG-03,Edge,0.84,65.5,98.65,98.79,88.03,1031.6,True,False,True,True,0,0.0,
4274,Rev1,1,W148,AE-3200,CH-B,EDG-04,Edge,0.84,98.2,100.26,101.8,90.86,994.2,True,False,True,True,0,0.0,
4275,Rev1,1,W148,AE-3200,CH-B,EDG-05,Edge,0.84,130.9,98.59,97.22,81.14,784.0,True,True,True,False,0,0.0,
4276,Rev1,1,W148,AE-3200,CH-B,EDG-06,Edge,0.84,163.6,98.59,96.97,84.83,960.7,True,True,True,True,0,0.0,
4277,Rev1,1,W148,AE-3200,CH-B,EDG-07,Edge,0.84,196.4,99.78,96.82,78.38,955.2,True,True,True,True,1,3.08,
4278,Rev1,1,W148,AE-3200,CH-B,EDG-08,Edge,0.84,229.1,101.25,96.22,87.04,919.1,False,True,True,True,2,10.9,polymer_residue
4279,Rev1,1,W148,AE-3200,CH-B,EDG-09,Edge,0.84,261.8,96.36,98.14,88.52,958.4,True,False,True,True,0,0.0,
4280,Rev1,1,W148,AE-3200,CH-B,EDG-10,Edge,0.84,294.5,96.33,99.71,82.08,885.5,True,False,True,True,2,8.17,
4281,Rev1,1,W148,AE-3200,CH-B,EDG-11,Edge,0.84,327.3,98.67,94.36,95.27,940.6,True,True,False,True,3,18.57,
4282,Rev1,1,W148,AE-3200,CH-B,EXT-01,Extreme Edge,0.96,16.4,98.19,96.39,90.5,984.0,True,True,True,True,0,0.0,
4283,Rev1,1,W148,AE-3200,CH-B,EXT-02,Extreme Edge,0.96,49.1,100.3,100.13,83.34,893.5,True,False,True,True,2,10.06,endpoint_late
4284,Rev1,1,W148,AE-3200,CH-B,EXT-03,Extreme Edge,0.96,81.8,100.14,100.22,88.6,996.2,True,False,True,True,3,19.06,
4285,Rev1,1,W148,AE-3200,CH-B,EXT-04,Extreme Edge,0.96,114.5,98.9,98.5,89.62,972.6,True,False,True,True,1,1.87,
4286,Rev1,1,W148,AE-3200,CH-B,EXT-05,Extreme Edge,0.96,147.3,99.61,98.57,83.58,931.9,True,False,True,True,1,3.31,
4287,Rev1,1,W148,AE-3200,CH-B,EXT-06,Extreme Edge,0.96,180.0,98.15,102.08,91.15,903.7,True,False,True,True,1,4.55,polymer_residue
4288,Rev1,1,W148,AE-3200,CH-B,EXT-07,Extreme Edge,0.96,212.7,99.82,98.04,75.5,821.2,True,False,False,False,2,7.97,polymer_residue
4289,Rev1,1,W148,AE-3200,CH-B,EXT-08,Extreme Edge,0.96,245.5,99.85,104.94,91.87,843.5,True,False,True,False,0,0.0,
4290,Rev1,1,W148,AE-3200,CH-B,EXT-09,Extreme Edge,0.96,278.2,100.47,98.61,87.99,904.1,True,False,True,True,0,0.0,
4291,Rev1,1,W148,AE-3200,CH-B,EXT-10,Extreme Edge,0.96,310.9,98.42,102.39,91.77,911.7,True,False,True,True,0,0.0,
4292,Rev1,1,W148,AE-3200,CH-B,EXT-11,Extreme Edge,0.96,343.6,99.01,100.77,82.68,1041.8,True,False,True,True,3,11.11,
4293,Rev1,1,W149,AE-3200,CH-B,C1,Center,0.0,0.0,91.45,98.95,88.24,906.7,False,False,True,True,0,0.0,
4294,Rev1,1,W149,AE-3200,CH-B,MID-01,Mid,0.52,30.0,95.18,95.7,77.51,985.3,True,True,False,True,2,6.92,pressure_spike
4295,Rev1,1,W149,AE-3200,CH-B,MID-02,Mid,0.52,90.0,95.27,96.68,75.1,943.5,True,True,False,True,1,6.13,endpoint_late
4296,Rev1,1,W149,AE-3200,CH-B,MID-03,Mid,0.52,150.0,92.86,97.65,85.68,978.8,True,False,True,True,0,0.0,
4297,Rev1,1,W149,AE-3200,CH-B,MID-04,Mid,0.52,210.0,95.73,98.42,81.47,962.1,True,False,True,True,0,0.0,
4298,Rev1,1,W149,AE-3200,CH-B,MID-05,Mid,0.52,270.0,92.12,91.29,74.69,950.4,True,True,False,True,0,0.0,
4299,Rev1,1,W149,AE-3200,CH-B,MID-06,Mid,0.52,330.0,94.74,96.82,81.91,963.4,True,True,True,True,0,0.0,
4300,Rev1,1,W149,AE-3200,CH-B,EDG-01,Edge,0.84,0.0,93.3,101.81,85.64,917.5,True,False,True,True,0,0.0,
4301,Rev1,1,W149,AE-3200,CH-B,EDG-02,Edge,0.84,32.7,94.58,100.78,83.25,1037.3,True,False,True,True,0,0.0,
4302,Rev1,1,W149,AE-3200,CH-B,EDG-03,Edge,0.84,65.5,94.57,104.46,76.75,879.5,True,False,False,False,0,0.0,
4303,Rev1,1,W149,AE-3200,CH-B,EDG-04,Edge,0.84,98.2,97.4,102.69,84.49,904.8,True,False,True,True,0,0.0,
4304,Rev1,1,W149,AE-3200,CH-B,EDG-05,Edge,0.84,130.9,94.85,98.33,77.31,864.3,True,False,False,False,1,3.42,polymer_residue
4305,Rev1,1,W149,AE-3200,CH-B,EDG-06,Edge,0.84,163.6,93.31,96.27,84.8,888.9,True,True,True,True,0,0.0,
4306,Rev1,1,W149,AE-3200,CH-B,EDG-07,Edge,0.84,196.4,95.51,95.9,83.41,978.3,True,True,True,True,0,0.0,
4307,Rev1,1,W149,AE-3200,CH-B,EDG-08,Edge,0.84,229.1,94.55,98.04,78.0,1033.8,True,False,True,True,1,6.0,
4308,Rev1,1,W149,AE-3200,CH-B,EDG-09,Edge,0.84,261.8,98.39,98.76,81.93,1017.7,True,False,True,True,0,0.0,
4309,Rev1,1,W149,AE-3200,CH-B,EDG-10,Edge,0.84,294.5,96.71,99.82,88.59,1065.7,True,False,True,True,0,0.0,
4310,Rev1,1,W149,AE-3200,CH-B,EDG-11,Edge,0.84,327.3,97.36,99.95,81.38,895.1,True,False,True,True,1,5.49,
4311,Rev1,1,W149,AE-3200,CH-B,EXT-01,Extreme Edge,0.96,16.4,97.74,99.43,83.85,999.6,True,False,True,True,0,0.0,
4312,Rev1,1,W149,AE-3200,CH-B,EXT-02,Extreme Edge,0.96,49.1,98.09,97.27,90.67,973.3,True,True,True,True,1,3.57,
4313,Rev1,1,W149,AE-3200,CH-B,EXT-03,Extreme Edge,0.96,81.8,99.86,95.65,83.31,940.1,True,True,True,True,0,0.0,
4314,Rev1,1,W149,AE-3200,CH-B,EXT-04,Extreme Edge,0.96,114.5,95.73,101.51,78.21,827.6,True,False,True,False,0,0.0,
4315,Rev1,1,W149,AE-3200,CH-B,EXT-05,Extreme Edge,0.96,147.3,96.02,102.16,83.15,980.2,True,False,True,True,0,0.0,
4316,Rev1,1,W149,AE-3200,CH-B,EXT-06,Extreme Edge,0.96,180.0,98.04,101.42,83.79,869.5,True,False,True,False,1,2.19,arc_event
4317,Rev1,1,W149,AE-3200,CH-B,EXT-07,Extreme Edge,0.96,212.7,96.32,103.09,81.35,941.0,True,False,True,True,1,3.81,endpoint_late
4318,Rev1,1,W149,AE-3200,CH-B,EXT-08,Extreme Edge,0.96,245.5,97.76,98.7,89.72,840.8,True,False,True,False,2,4.26,pressure_spike
4319,Rev1,1,W149,AE-3200,CH-B,EXT-09,Extreme Edge,0.96,278.2,98.09,100.48,85.0,996.8,True,False,True,True,1,4.19,pressure_spike
4320,Rev1,1,W149,AE-3200,CH-B,EXT-10,Extreme Edge,0.96,310.9,96.19,103.46,84.15,979.0,True,False,True,True,0,0.0,
4321,Rev1,1,W149,AE-3200,CH-B,EXT-11,Extreme Edge,0.96,343.6,96.46,101.12,92.07,997.0,True,False,True,True,2,5.78,pressure_spike
4322,Rev4,4,W150,AE-3200,CH-A,C1,Center,0.0,0.0,95.7,92.95,87.6,918.7,True,True,True,True,0,0.0,
4323,Rev4,4,W150,AE-3200,CH-A,MID-01,Mid,0.52,30.0,96.8,92.99,92.11,948.0,True,True,True,True,0,0.0,
4324,Rev4,4,W150,AE-3200,CH-A,MID-02,Mid,0.52,90.0,95.02,91.54,90.3,912.7,True,True,True,True,0,0.0,
4325,Rev4,4,W150,AE-3200,CH-A,MID-03,Mid,0.52,150.0,95.37,93.41,97.31,930.4,True,True,False,True,1,6.26,pressure_spike
4326,Rev4,4,W150,AE-3200,CH-A,MID-04,Mid,0.52,210.0,98.2,94.35,96.49,965.1,True,True,False,True,1,6.32,
4327,Rev4,4,W150,AE-3200,CH-A,MID-05,Mid,0.52,270.0,99.13,94.36,89.34,904.4,True,True,True,True,0,0.0,
4328,Rev4,4,W150,AE-3200,CH-A,MID-06,Mid,0.52,330.0,98.05,91.35,89.78,846.5,True,True,True,False,0,0.0,
4329,Rev4,4,W150,AE-3200,CH-A,EDG-01,Edge,0.84,0.0,97.32,93.34,86.11,924.9,True,True,True,True,0,0.0,
4330,Rev4,4,W150,AE-3200,CH-A,EDG-02,Edge,0.84,32.7,99.34,93.34,93.48,989.3,True,True,True,True,1,6.13,polymer_residue
4331,Rev4,4,W150,AE-3200,CH-A,EDG-03,Edge,0.84,65.5,97.95,93.49,89.75,1038.3,True,True,True,True,0,0.0,
4332,Rev4,4,W150,AE-3200,CH-A,EDG-04,Edge,0.84,98.2,99.22,92.58,88.31,866.1,True,True,True,False,0,0.0,
4333,Rev4,4,W150,AE-3200,CH-A,EDG-05,Edge,0.84,130.9,98.45,91.63,96.39,884.6,True,True,False,True,1,5.11,arc_event
4334,Rev4,4,W150,AE-3200,CH-A,EDG-06,Edge,0.84,163.6,99.11,96.54,93.71,917.4,True,True,True,True,0,0.0,
4335,Rev4,4,W150,AE-3200,CH-A,EDG-07,Edge,0.84,196.4,99.09,93.62,95.59,914.8,True,True,False,True,0,0.0,
4336,Rev4,4,W150,AE-3200,CH-A,EDG-08,Edge,0.84,229.1,99.44,97.44,101.27,972.2,True,True,False,True,0,0.0,
4337,Rev4,4,W150,AE-3200,CH-A,EDG-09,Edge,0.84,261.8,100.68,95.16,87.93,982.4,True,True,True,True,0,0.0,
4338,Rev4,4,W150,AE-3200,CH-A,EDG-10,Edge,0.84,294.5,102.96,94.35,92.54,874.1,False,True,True,False,1,6.17,
4339,Rev4,4,W150,AE-3200,CH-A,EDG-11,Edge,0.84,327.3,101.51,97.06,96.48,987.2,False,True,False,True,1,2.33,arc_event
4340,Rev4,4,W150,AE-3200,CH-A,EXT-01,Extreme Edge,0.96,16.4,99.19,95.13,97.34,990.4,True,True,False,True,2,9.55,polymer_residue
4341,Rev4,4,W150,AE-3200,CH-A,EXT-02,Extreme Edge,0.96,49.1,98.78,95.34,91.8,1044.7,True,True,True,True,0,0.0,
4342,Rev4,4,W150,AE-3200,CH-A,EXT-03,Extreme Edge,0.96,81.8,97.66,97.78,98.2,999.5,True,False,False,True,0,0.0,
4343,Rev4,4,W150,AE-3200,CH-A,EXT-04,Extreme Edge,0.96,114.5,101.17,100.6,95.98,892.8,False,False,False,True,2,8.55,
4344,Rev4,4,W150,AE-3200,CH-A,EXT-05,Extreme Edge,0.96,147.3,102.26,94.72,94.32,886.3,False,True,True,True,0,0.0,
4345,Rev4,4,W150,AE-3200,CH-A,EXT-06,Extreme Edge,0.96,180.0,99.35,95.83,95.21,987.7,True,True,False,True,0,0.0,
4346,Rev4,4,W150,AE-3200,CH-A,EXT-07,Extreme Edge,0.96,212.7,101.41,93.79,88.69,984.7,False,True,True,True,1,3.67,esc_temp_drift
4347,Rev4,4,W150,AE-3200,CH-A,EXT-08,Extreme Edge,0.96,245.5,99.94,96.09,89.48,884.0,True,True,True,True,0,0.0,
4348,Rev4,4,W150,AE-3200,CH-A,EXT-09,Extreme Edge,0.96,278.2,98.86,96.14,92.69,865.4,True,True,True,False,2,7.32,
4349,Rev4,4,W150,AE-3200,CH-A,EXT-10,Extreme Edge,0.96,310.9,101.09,96.8,92.75,910.1,False,True,True,True,1,3.36,
4350,Rev4,4,W150,AE-3200,CH-A,EXT-11,Extreme Edge,0.96,343.6,101.49,92.78,92.47,1012.9,False,True,True,True,1,3.7,
4351,Rev4,4,W151,AE-3200,CH-A,C1,Center,0.0,0.0,96.54,93.12,86.23,861.6,True,True,True,False,0,0.0,
4352,Rev4,4,W151,AE-3200,CH-A,MID-01,Mid,0.52,30.0,95.43,97.54,84.82,921.6,True,True,True,True,0,0.0,
4353,Rev4,4,W151,AE-3200,CH-A,MID-02,Mid,0.52,90.0,98.01,95.5,78.19,978.4,True,True,True,True,0,0.0,
4354,Rev4,4,W151,AE-3200,CH-A,MID-03,Mid,0.52,150.0,96.83,96.4,87.43,979.2,True,True,True,True,0,0.0,
4355,Rev4,4,W151,AE-3200,CH-A,MID-04,Mid,0.52,210.0,102.27,95.65,83.97,841.5,False,True,True,False,1,3.99,
4356,Rev4,4,W151,AE-3200,CH-A,MID-05,Mid,0.52,270.0,97.74,98.2,87.68,1023.4,True,False,True,True,1,5.21,polymer_residue
4357,Rev4,4,W151,AE-3200,CH-A,MID-06,Mid,0.52,330.0,98.22,92.45,76.7,897.9,True,True,False,True,0,0.0,
4358,Rev4,4,W151,AE-3200,CH-A,EDG-01,Edge,0.84,0.0,99.48,99.43,87.87,984.4,True,False,True,True,1,2.14,
4359,Rev4,4,W151,AE-3200,CH-A,EDG-02,Edge,0.84,32.7,97.75,93.29,91.04,961.9,True,True,True,True,0,0.0,
4360,Rev4,4,W151,AE-3200,CH-A,EDG-03,Edge,0.84,65.5,96.54,94.57,92.56,1036.8,True,True,True,True,0,0.0,
4361,Rev4,4,W151,AE-3200,CH-A,EDG-04,Edge,0.84,98.2,96.76,98.29,91.97,965.9,True,False,True,True,0,0.0,
4362,Rev4,4,W151,AE-3200,CH-A,EDG-05,Edge,0.84,130.9,96.6,92.7,79.51,913.4,True,True,True,True,0,0.0,
4363,Rev4,4,W151,AE-3200,CH-A,EDG-06,Edge,0.84,163.6,99.93,94.66,85.62,865.9,True,True,True,False,1,2.82,
4364,Rev4,4,W151,AE-3200,CH-A,EDG-07,Edge,0.84,196.4,99.3,93.81,93.12,958.3,True,True,True,True,0,0.0,
4365,Rev4,4,W151,AE-3200,CH-A,EDG-08,Edge,0.84,229.1,101.08,98.47,81.1,1020.8,False,False,True,True,1,2.63,esc_temp_drift
4366,Rev4,4,W151,AE-3200,CH-A,EDG-09,Edge,0.84,261.8,99.35,92.99,87.36,957.4,True,True,True,True,0,0.0,
4367,Rev4,4,W151,AE-3200,CH-A,EDG-10,Edge,0.84,294.5,99.21,97.98,84.52,960.2,True,False,True,True,0,0.0,
4368,Rev4,4,W151,AE-3200,CH-A,EDG-11,Edge,0.84,327.3,97.45,101.12,89.31,935.8,True,False,True,True,1,4.45,polymer_residue
4369,Rev4,4,W151,AE-3200,CH-A,EXT-01,Extreme Edge,0.96,16.4,98.23,96.96,88.77,968.0,True,True,True,True,0,0.0,
4370,Rev4,4,W151,AE-3200,CH-A,EXT-02,Extreme Edge,0.96,49.1,99.68,98.05,90.67,1072.7,True,False,True,True,1,4.12,polymer_residue
4371,Rev4,4,W151,AE-3200,CH-A,EXT-03,Extreme Edge,0.96,81.8,97.34,99.48,93.36,878.8,True,False,True,False,0,0.0,
4372,Rev4,4,W151,AE-3200,CH-A,EXT-04,Extreme Edge,0.96,114.5,97.99,97.1,86.65,916.1,True,True,True,True,1,3.16,polymer_residue
4373,Rev4,4,W151,AE-3200,CH-A,EXT-05,Extreme Edge,0.96,147.3,98.68,99.9,95.56,930.7,True,False,False,True,0,0.0,
4374,Rev4,4,W151,AE-3200,CH-A,EXT-06,Extreme Edge,0.96,180.0,101.85,96.29,91.44,1082.7,False,True,True,True,0,0.0,
4375,Rev4,4,W151,AE-3200,CH-A,EXT-07,Extreme Edge,0.96,212.7,97.4,94.99,84.01,948.9,True,True,True,True,1,1.89,
4376,Rev4,4,W151,AE-3200,CH-A,EXT-08,Extreme Edge,0.96,245.5,98.71,99.86,81.27,915.3,True,False,True,True,1,3.81,polymer_residue
4377,Rev4,4,W151,AE-3200,CH-A,EXT-09,Extreme Edge,0.96,278.2,99.18,99.84,92.31,1010.6,True,False,True,True,0,0.0,
4378,Rev4,4,W151,AE-3200,CH-A,EXT-10,Extreme Edge,0.96,310.9,100.82,99.21,86.38,1009.5,False,False,True,True,0,0.0,
4379,Rev4,4,W151,AE-3200,CH-A,EXT-11,Extreme Edge,0.96,343.6,98.64,100.14,89.12,1051.7,True,False,True,True,1,6.08,pressure_spike
4380,Rev9,9,W152,AE-3200,CH-B,C1,Center,0.0,0.0,99.6,90.57,102.84,1125.3,True,True,False,False,0,0.0,
4381,Rev9,9,W152,AE-3200,CH-B,MID-01,Mid,0.52,30.0,96.45,92.05,94.95,1147.4,True,True,False,False,1,3.08,
4382,Rev9,9,W152,AE-3200,CH-B,MID-02,Mid,0.52,90.0,97.4,94.71,92.69,1035.6,True,True,True,True,0,0.0,
4383,Rev9,9,W152,AE-3200,CH-B,MID-03,Mid,0.52,150.0,98.72,88.46,90.51,1155.9,True,True,True,False,0,0.0,
4384,Rev9,9,W152,AE-3200,CH-B,MID-04,Mid,0.52,210.0,98.06,94.32,85.76,1115.0,True,True,True,False,0,0.0,
4385,Rev9,9,W152,AE-3200,CH-B,MID-05,Mid,0.52,270.0,101.6,93.33,89.95,1144.5,False,True,True,False,0,0.0,
4386,Rev9,9,W152,AE-3200,CH-B,MID-06,Mid,0.52,330.0,93.07,91.91,91.92,1096.8,True,True,True,False,0,0.0,
4387,Rev9,9,W152,AE-3200,CH-B,EDG-01,Edge,0.84,0.0,99.94,95.2,93.38,1178.0,True,True,True,False,0,0.0,
4388,Rev9,9,W152,AE-3200,CH-B,EDG-02,Edge,0.84,32.7,99.0,95.11,96.68,1052.3,True,True,False,True,0,0.0,
4389,Rev9,9,W152,AE-3200,CH-B,EDG-03,Edge,0.84,65.5,101.87,97.02,95.56,1139.2,False,True,False,False,0,0.0,
4390,Rev9,9,W152,AE-3200,CH-B,EDG-04,Edge,0.84,98.2,100.19,95.15,103.45,1203.5,True,True,False,False,0,0.0,
4391,Rev9,9,W152,AE-3200,CH-B,EDG-05,Edge,0.84,130.9,100.13,88.63,99.59,1052.4,True,True,False,True,0,0.0,
4392,Rev9,9,W152,AE-3200,CH-B,EDG-06,Edge,0.84,163.6,99.3,93.4,98.68,1120.0,True,True,False,False,0,0.0,
4393,Rev9,9,W152,AE-3200,CH-B,EDG-07,Edge,0.84,196.4,99.2,93.49,99.49,1072.2,True,True,False,True,0,0.0,
4394,Rev9,9,W152,AE-3200,CH-B,EDG-08,Edge,0.84,229.1,98.25,95.75,94.24,1195.0,True,True,True,False,1,4.44,
4395,Rev9,9,W152,AE-3200,CH-B,EDG-09,Edge,0.84,261.8,98.13,94.87,94.55,1146.3,True,True,False,False,1,2.99,
4396,Rev9,9,W152,AE-3200,CH-B,EDG-10,Edge,0.84,294.5,99.01,92.59,95.49,1207.1,True,True,False,False,0,0.0,
4397,Rev9,9,W152,AE-3200,CH-B,EDG-11,Edge,0.84,327.3,97.21,93.66,96.51,1152.8,True,True,False,False,0,0.0,
4398,Rev9,9,W152,AE-3200,CH-B,EXT-01,Extreme Edge,0.96,16.4,103.55,91.17,97.3,992.0,False,True,False,True,1,4.52,esc_temp_drift
4399,Rev9,9,W152,AE-3200,CH-B,EXT-02,Extreme Edge,0.96,49.1,100.2,95.77,104.02,1140.8,True,True,False,False,0,0.0,
4400,Rev9,9,W152,AE-3200,CH-B,EXT-03,Extreme Edge,0.96,81.8,98.38,100.41,102.32,1092.0,True,False,False,False,0,0.0,
4401,Rev9,9,W152,AE-3200,CH-B,EXT-04,Extreme Edge,0.96,114.5,102.43,95.09,101.59,1153.5,False,True,False,False,1,2.72,
4402,Rev9,9,W152,AE-3200,CH-B,EXT-05,Extreme Edge,0.96,147.3,104.14,95.96,98.28,1082.8,False,True,False,True,0,0.0,
4403,Rev9,9,W152,AE-3200,CH-B,EXT-06,Extreme Edge,0.96,180.0,103.51,93.47,102.7,1224.2,False,True,False,False,0,0.0,
4404,Rev9,9,W152,AE-3200,CH-B,EXT-07,Extreme Edge,0.96,212.7,103.97,98.76,94.7,1085.9,False,False,False,True,2,9.2,
4405,Rev9,9,W152,AE-3200,CH-B,EXT-08,Extreme Edge,0.96,245.5,100.06,94.09,99.15,1179.9,True,True,False,False,2,11.33,
4406,Rev9,9,W152,AE-3200,CH-B,EXT-09,Extreme Edge,0.96,278.2,101.16,94.23,90.55,1206.4,False,True,True,False,1,2.11,esc_temp_drift
4407,Rev9,9,W152,AE-3200,CH-B,EXT-10,Extreme Edge,0.96,310.9,101.94,95.33,104.05,1107.1,False,True,False,False,0,0.0,
4408,Rev9,9,W152,AE-3200,CH-B,EXT-11,Extreme Edge,0.96,343.6,102.46,98.31,97.55,1171.3,False,False,False,False,1,4.07,polymer_residue
4409,Rev1,1,W153,AE-3200,CH-B,C1,Center,0.0,0.0,94.38,97.54,71.34,892.2,True,True,False,True,0,0.0,
4410,Rev1,1,W153,AE-3200,CH-B,MID-01,Mid,0.52,30.0,94.99,101.01,70.71,949.3,True,False,False,True,0,0.0,
4411,Rev1,1,W153,AE-3200,CH-B,MID-02,Mid,0.52,90.0,95.76,97.0,80.21,1022.3,True,True,True,True,1,2.37,
4412,Rev1,1,W153,AE-3200,CH-B,MID-03,Mid,0.52,150.0,95.93,98.12,81.67,986.7,True,False,True,True,0,0.0,
4413,Rev1,1,W153,AE-3200,CH-B,MID-04,Mid,0.52,210.0,95.05,94.99,75.6,977.9,True,True,False,True,0,0.0,
4414,Rev1,1,W153,AE-3200,CH-B,MID-05,Mid,0.52,270.0,98.5,95.4,81.88,962.3,True,True,True,True,0,0.0,
4415,Rev1,1,W153,AE-3200,CH-B,MID-06,Mid,0.52,330.0,94.85,97.99,82.87,875.3,True,False,True,False,0,0.0,
4416,Rev1,1,W153,AE-3200,CH-B,EDG-01,Edge,0.84,0.0,92.82,97.19,80.2,883.8,True,True,True,True,1,4.48,polymer_residue
4417,Rev1,1,W153,AE-3200,CH-B,EDG-02,Edge,0.84,32.7,99.03,96.48,78.88,873.3,True,True,True,False,0,0.0,
4418,Rev1,1,W153,AE-3200,CH-B,EDG-03,Edge,0.84,65.5,99.1,97.85,83.84,954.8,True,False,True,True,0,0.0,
4419,Rev1,1,W153,AE-3200,CH-B,EDG-04,Edge,0.84,98.2,97.66,102.84,84.96,934.6,True,False,True,True,1,6.34,
4420,Rev1,1,W153,AE-3200,CH-B,EDG-05,Edge,0.84,130.9,94.21,100.33,90.42,881.8,True,False,True,True,0,0.0,
4421,Rev1,1,W153,AE-3200,CH-B,EDG-06,Edge,0.84,163.6,97.21,98.56,85.92,1052.9,True,False,True,True,0,0.0,
4422,Rev1,1,W153,AE-3200,CH-B,EDG-07,Edge,0.84,196.4,95.81,97.3,84.62,939.1,True,True,True,True,0,0.0,
4423,Rev1,1,W153,AE-3200,CH-B,EDG-08,Edge,0.84,229.1,93.28,104.27,80.8,1006.3,True,False,True,True,1,3.77,
4424,Rev1,1,W153,AE-3200,CH-B,EDG-09,Edge,0.84,261.8,93.88,104.86,83.95,987.8,True,False,True,True,1,2.15,polymer_residue
4425,Rev1,1,W153,AE-3200,CH-B,EDG-10,Edge,0.84,294.5,97.28,103.66,82.94,914.9,True,False,True,True,2,4.5,
4426,Rev1,1,W153,AE-3200,CH-B,EDG-11,Edge,0.84,327.3,97.68,100.43,79.51,889.8,True,False,True,True,0,0.0,
4427,Rev1,1,W153,AE-3200,CH-B,EXT-01,Extreme Edge,0.96,16.4,98.41,99.26,76.6,1055.2,True,False,False,True,0,0.0,
4428,Rev1,1,W153,AE-3200,CH-B,EXT-02,Extreme Edge,0.96,49.1,97.32,97.57,79.72,947.2,True,True,True,True,0,0.0,
4429,Rev1,1,W153,AE-3200,CH-B,EXT-03,Extreme Edge,0.96,81.8,101.76,96.37,85.82,856.4,False,True,True,False,1,2.74,
4430,Rev1,1,W153,AE-3200,CH-B,EXT-04,Extreme Edge,0.96,114.5,100.01,101.38,83.46,980.6,True,False,True,True,1,6.06,pressure_spike
4431,Rev1,1,W153,AE-3200,CH-B,EXT-05,Extreme Edge,0.96,147.3,100.09,99.85,80.91,925.0,True,False,True,True,0,0.0,
4432,Rev1,1,W153,AE-3200,CH-B,EXT-06,Extreme Edge,0.96,180.0,95.95,100.26,86.41,906.8,True,False,True,True,0,0.0,
4433,Rev1,1,W153,AE-3200,CH-B,EXT-07,Extreme Edge,0.96,212.7,98.36,97.85,82.24,949.7,True,False,True,True,0,0.0,
4434,Rev1,1,W153,AE-3200,CH-B,EXT-08,Extreme Edge,0.96,245.5,96.13,97.91,82.31,898.0,True,False,True,True,1,4.4,esc_temp_drift
4435,Rev1,1,W153,AE-3200,CH-B,EXT-09,Extreme Edge,0.96,278.2,97.45,100.33,87.15,1041.5,True,False,True,True,0,0.0,
4436,Rev1,1,W153,AE-3200,CH-B,EXT-10,Extreme Edge,0.96,310.9,99.21,97.84,90.27,991.1,True,False,True,True,0,0.0,
4437,Rev1,1,W153,AE-3200,CH-B,EXT-11,Extreme Edge,0.96,343.6,97.05,101.45,85.92,920.0,True,False,True,True,0,0.0,
4438,Base,0,W154,AE-3200,CH-A,C1,Center,0.0,0.0,98.59,97.14,89.64,1016.7,True,True,True,True,0,0.0,
4439,Base,0,W154,AE-3200,CH-A,MID-01,Mid,0.52,30.0,100.5,99.84,81.82,1048.2,True,False,True,True,0,0.0,
4440,Base,0,W154,AE-3200,CH-A,MID-02,Mid,0.52,90.0,97.75,96.96,84.46,1042.0,True,True,True,True,0,0.0,
4441,Base,0,W154,AE-3200,CH-A,MID-03,Mid,0.52,150.0,99.57,94.49,82.83,986.1,True,True,True,True,0,0.0,
4442,Base,0,W154,AE-3200,CH-A,MID-04,Mid,0.52,210.0,98.09,99.08,77.95,1048.6,True,False,False,True,0,0.0,
4443,Base,0,W154,AE-3200,CH-A,MID-05,Mid,0.52,270.0,97.96,96.95,82.03,829.4,True,True,True,False,0,0.0,
4444,Base,0,W154,AE-3200,CH-A,MID-06,Mid,0.52,330.0,98.15,96.16,77.81,984.1,True,True,False,True,0,0.0,
4445,Base,0,W154,AE-3200,CH-A,EDG-01,Edge,0.84,0.0,98.81,101.66,80.59,1087.9,True,False,True,True,1,2.21,
4446,Base,0,W154,AE-3200,CH-A,EDG-02,Edge,0.84,32.7,98.1,99.23,83.82,1059.4,True,False,True,True,1,4.45,polymer_residue
4447,Base,0,W154,AE-3200,CH-A,EDG-03,Edge,0.84,65.5,101.45,99.73,80.99,1053.2,False,False,True,True,0,0.0,
4448,Base,0,W154,AE-3200,CH-A,EDG-04,Edge,0.84,98.2,100.63,97.61,83.41,989.1,True,False,True,True,0,0.0,
4449,Base,0,W154,AE-3200,CH-A,EDG-05,Edge,0.84,130.9,96.56,99.72,84.52,942.0,True,False,True,True,1,3.84,polymer_residue
4450,Base,0,W154,AE-3200,CH-A,EDG-06,Edge,0.84,163.6,101.68,101.14,86.05,894.1,False,False,True,True,0,0.0,
4451,Base,0,W154,AE-3200,CH-A,EDG-07,Edge,0.84,196.4,98.41,99.99,90.3,1096.8,True,False,True,False,1,3.67,
4452,Base,0,W154,AE-3200,CH-A,EDG-08,Edge,0.84,229.1,101.92,97.92,88.15,1084.8,False,False,True,True,0,0.0,
4453,Base,0,W154,AE-3200,CH-A,EDG-09,Edge,0.84,261.8,100.76,97.46,80.89,949.1,True,True,True,True,2,7.3,
4454,Base,0,W154,AE-3200,CH-A,EDG-10,Edge,0.84,294.5,98.67,99.21,86.65,1048.4,True,False,True,True,0,0.0,
4455,Base,0,W154,AE-3200,CH-A,EDG-11,Edge,0.84,327.3,100.48,101.48,84.33,997.3,True,False,True,True,0,0.0,
4456,Base,0,W154,AE-3200,CH-A,EXT-01,Extreme Edge,0.96,16.4,103.11,101.84,86.8,1014.0,False,False,True,True,0,0.0,
4457,Base,0,W154,AE-3200,CH-A,EXT-02,Extreme Edge,0.96,49.1,102.3,95.22,86.6,969.1,False,True,True,True,0,0.0,
4458,Base,0,W154,AE-3200,CH-A,EXT-03,Extreme Edge,0.96,81.8,103.79,99.2,86.09,1168.5,False,False,True,False,1,4.24,
4459,Base,0,W154,AE-3200,CH-A,EXT-04,Extreme Edge,0.96,114.5,99.76,98.67,82.88,997.0,True,False,True,True,0,0.0,
4460,Base,0,W154,AE-3200,CH-A,EXT-05,Extreme Edge,0.96,147.3,98.94,99.04,89.73,1105.5,True,False,True,False,0,0.0,
4461,Base,0,W154,AE-3200,CH-A,EXT-06,Extreme Edge,0.96,180.0,101.18,97.58,83.4,1021.5,False,True,True,True,1,3.83,
4462,Base,0,W154,AE-3200,CH-A,EXT-07,Extreme Edge,0.96,212.7,103.61,97.63,84.29,991.7,False,False,True,True,0,0.0,
4463,Base,0,W154,AE-3200,CH-A,EXT-08,Extreme Edge,0.96,245.5,104.22,101.49,85.24,847.2,False,False,True,False,1,3.04,polymer_residue
4464,Base,0,W154,AE-3200,CH-A,EXT-09,Extreme Edge,0.96,278.2,100.89,99.6,92.9,1033.6,False,False,True,True,0,0.0,
4465,Base,0,W154,AE-3200,CH-A,EXT-10,Extreme Edge,0.96,310.9,103.38,99.51,97.57,1230.1,False,False,False,False,2,11.64,
4466,Base,0,W154,AE-3200,CH-A,EXT-11,Extreme Edge,0.96,343.6,95.16,98.72,87.13,1099.8,True,False,True,False,0,0.0,
4467,Rev1,1,W155,AE-3200,CH-B,C1,Center,0.0,0.0,91.24,101.5,71.68,991.7,False,False,False,True,0,0.0,
4468,Rev1,1,W155,AE-3200,CH-B,MID-01,Mid,0.52,30.0,93.66,95.49,70.23,1026.2,True,True,False,True,0,0.0,
4469,Rev1,1,W155,AE-3200,CH-B,MID-02,Mid,0.52,90.0,95.16,95.1,83.61,943.5,True,True,True,True,0,0.0,
4470,Rev1,1,W155,AE-3200,CH-B,MID-03,Mid,0.52,150.0,93.9,96.93,76.09,937.7,True,True,False,True,1,3.46,endpoint_late
4471,Rev1,1,W155,AE-3200,CH-B,MID-04,Mid,0.52,210.0,93.01,96.0,83.29,985.9,True,True,True,True,0,0.0,
4472,Rev1,1,W155,AE-3200,CH-B,MID-05,Mid,0.52,270.0,96.3,98.36,83.33,987.2,True,False,True,True,1,2.94,
4473,Rev1,1,W155,AE-3200,CH-B,MID-06,Mid,0.52,330.0,93.06,99.62,73.93,910.2,True,False,False,True,0,0.0,
4474,Rev1,1,W155,AE-3200,CH-B,EDG-01,Edge,0.84,0.0,95.4,100.62,78.92,1017.1,True,False,True,True,0,0.0,
4475,Rev1,1,W155,AE-3200,CH-B,EDG-02,Edge,0.84,32.7,93.48,97.76,78.64,1063.5,True,False,True,True,0,0.0,
4476,Rev1,1,W155,AE-3200,CH-B,EDG-03,Edge,0.84,65.5,96.92,100.31,74.9,1061.2,True,False,False,True,0,0.0,
4477,Rev1,1,W155,AE-3200,CH-B,EDG-04,Edge,0.84,98.2,95.58,97.8,82.11,947.3,True,False,True,True,2,4.7,polymer_residue
4478,Rev1,1,W155,AE-3200,CH-B,EDG-05,Edge,0.84,130.9,95.06,95.74,82.79,995.2,True,True,True,True,0,0.0,
4479,Rev1,1,W155,AE-3200,CH-B,EDG-06,Edge,0.84,163.6,91.66,92.86,78.55,1090.3,True,True,True,False,1,2.64,polymer_residue
4480,Rev1,1,W155,AE-3200,CH-B,EDG-07,Edge,0.84,196.4,96.37,101.18,82.41,938.9,True,False,True,True,1,2.01,
4481,Rev1,1,W155,AE-3200,CH-B,EDG-08,Edge,0.84,229.1,98.01,98.06,76.22,919.1,True,False,False,True,0,0.0,
4482,Rev1,1,W155,AE-3200,CH-B,EDG-09,Edge,0.84,261.8,97.56,99.27,81.28,955.6,True,False,True,True,0,0.0,
4483,Rev1,1,W155,AE-3200,CH-B,EDG-10,Edge,0.84,294.5,95.36,100.67,82.94,853.8,True,False,True,False,0,0.0,
4484,Rev1,1,W155,AE-3200,CH-B,EDG-11,Edge,0.84,327.3,98.51,97.52,88.16,1003.5,True,True,True,True,0,0.0,
4485,Rev1,1,W155,AE-3200,CH-B,EXT-01,Extreme Edge,0.96,16.4,97.75,100.49,79.82,1066.2,True,False,True,True,0,0.0,
4486,Rev1,1,W155,AE-3200,CH-B,EXT-02,Extreme Edge,0.96,49.1,97.08,95.96,82.04,875.3,True,True,True,False,1,3.74,
4487,Rev1,1,W155,AE-3200,CH-B,EXT-03,Extreme Edge,0.96,81.8,98.32,100.84,77.19,926.8,True,False,False,True,3,9.7,polymer_residue
4488,Rev1,1,W155,AE-3200,CH-B,EXT-04,Extreme Edge,0.96,114.5,97.96,102.4,83.73,925.5,True,False,True,True,1,5.52,
4489,Rev1,1,W155,AE-3200,CH-B,EXT-05,Extreme Edge,0.96,147.3,94.09,97.76,88.16,1041.3,True,False,True,True,0,0.0,
4490,Rev1,1,W155,AE-3200,CH-B,EXT-06,Extreme Edge,0.96,180.0,96.18,100.37,76.1,936.3,True,False,False,True,2,6.05,polymer_residue
4491,Rev1,1,W155,AE-3200,CH-B,EXT-07,Extreme Edge,0.96,212.7,93.34,100.18,74.13,1002.4,True,False,False,True,1,3.53,
4492,Rev1,1,W155,AE-3200,CH-B,EXT-08,Extreme Edge,0.96,245.5,89.05,99.54,90.22,1003.9,False,False,True,True,0,0.0,
4493,Rev1,1,W155,AE-3200,CH-B,EXT-09,Extreme Edge,0.96,278.2,96.67,100.64,83.67,1033.0,True,False,True,True,2,11.75,esc_temp_drift
4494,Rev1,1,W155,AE-3200,CH-B,EXT-10,Extreme Edge,0.96,310.9,97.34,96.4,78.3,957.6,True,True,True,True,1,5.32,
4495,Rev1,1,W155,AE-3200,CH-B,EXT-11,Extreme Edge,0.96,343.6,94.23,98.49,76.44,1060.4,True,False,False,True,1,2.14,
4496,Rev11,11,W156,PX-7500,CH-D,C1,Center,0.0,0.0,96.73,87.8,91.65,1100.4,True,True,True,False,0,0.0,
4497,Rev11,11,W156,PX-7500,CH-D,MID-01,Mid,0.52,30.0,98.05,92.07,95.74,1015.1,True,True,False,True,0,0.0,
4498,Rev11,11,W156,PX-7500,CH-D,MID-02,Mid,0.52,90.0,97.15,91.66,93.14,1160.1,True,True,True,False,0,0.0,
4499,Rev11,11,W156,PX-7500,CH-D,MID-03,Mid,0.52,150.0,99.21,92.2,91.59,1076.9,True,True,True,True,0,0.0,
4500,Rev11,11,W156,PX-7500,CH-D,MID-04,Mid,0.52,210.0,94.88,93.32,96.57,980.3,True,True,False,True,0,0.0,
4501,Rev11,11,W156,PX-7500,CH-D,MID-05,Mid,0.52,270.0,94.35,92.03,91.91,1096.4,True,True,True,False,0,0.0,
4502,Rev11,11,W156,PX-7500,CH-D,MID-06,Mid,0.52,330.0,96.71,94.82,95.9,1069.0,True,True,False,True,0,0.0,
4503,Rev11,11,W156,PX-7500,CH-D,EDG-01,Edge,0.84,0.0,101.84,93.74,92.8,980.7,False,True,True,True,2,8.03,
4504,Rev11,11,W156,PX-7500,CH-D,EDG-02,Edge,0.84,32.7,104.09,88.45,90.21,1039.7,False,True,True,True,2,10.47,polymer_residue
4505,Rev11,11,W156,PX-7500,CH-D,EDG-03,Edge,0.84,65.5,98.66,91.81,100.22,1033.6,True,True,False,True,1,3.36,
4506,Rev11,11,W156,PX-7500,CH-D,EDG-04,Edge,0.84,98.2,98.27,95.15,86.94,1141.0,True,True,True,False,1,3.74,esc_temp_drift
4507,Rev11,11,W156,PX-7500,CH-D,EDG-05,Edge,0.84,130.9,98.67,93.24,88.75,1082.6,True,True,True,True,0,0.0,
4508,Rev11,11,W156,PX-7500,CH-D,EDG-06,Edge,0.84,163.6,99.19,94.1,92.1,914.7,True,True,True,True,0,0.0,
4509,Rev11,11,W156,PX-7500,CH-D,EDG-07,Edge,0.84,196.4,99.95,91.85,92.54,1005.2,True,True,True,True,0,0.0,
4510,Rev11,11,W156,PX-7500,CH-D,EDG-08,Edge,0.84,229.1,96.36,95.36,98.78,1117.0,True,True,False,False,1,4.91,polymer_residue
4511,Rev11,11,W156,PX-7500,CH-D,EDG-09,Edge,0.84,261.8,97.61,92.76,97.11,899.9,True,True,False,True,1,2.17,polymer_residue
4512,Rev11,11,W156,PX-7500,CH-D,EDG-10,Edge,0.84,294.5,97.4,92.35,101.74,1171.8,True,True,False,False,0,0.0,
4513,Rev11,11,W156,PX-7500,CH-D,EDG-11,Edge,0.84,327.3,99.41,93.18,96.87,1133.2,True,True,False,False,0,0.0,
4514,Rev11,11,W156,PX-7500,CH-D,EXT-01,Extreme Edge,0.96,16.4,101.58,96.79,93.26,1113.7,False,True,True,False,0,0.0,
4515,Rev11,11,W156,PX-7500,CH-D,EXT-02,Extreme Edge,0.96,49.1,93.2,94.98,98.43,1183.3,True,True,False,False,3,8.43,polymer_residue
4516,Rev11,11,W156,PX-7500,CH-D,EXT-03,Extreme Edge,0.96,81.8,100.46,95.19,102.51,1030.0,True,True,False,True,1,1.97,
4517,Rev11,11,W156,PX-7500,CH-D,EXT-04,Extreme Edge,0.96,114.5,104.33,95.58,94.14,1033.9,False,True,True,True,1,3.19,
4518,Rev11,11,W156,PX-7500,CH-D,EXT-05,Extreme Edge,0.96,147.3,99.92,92.33,100.3,1166.6,True,True,False,False,0,0.0,
4519,Rev11,11,W156,PX-7500,CH-D,EXT-06,Extreme Edge,0.96,180.0,99.31,91.1,98.87,1051.6,True,True,False,True,1,3.77,
4520,Rev11,11,W156,PX-7500,CH-D,EXT-07,Extreme Edge,0.96,212.7,96.93,94.16,96.69,1042.1,True,True,False,True,1,3.71,pressure_spike
4521,Rev11,11,W156,PX-7500,CH-D,EXT-08,Extreme Edge,0.96,245.5,99.2,95.48,93.78,1076.4,True,True,True,True,0,0.0,
4522,Rev11,11,W156,PX-7500,CH-D,EXT-09,Extreme Edge,0.96,278.2,100.59,96.64,95.54,1080.0,True,True,False,True,0,0.0,
4523,Rev11,11,W156,PX-7500,CH-D,EXT-10,Extreme Edge,0.96,310.9,101.41,96.91,94.88,1106.6,False,True,False,False,0,0.0,
4524,Rev11,11,W156,PX-7500,CH-D,EXT-11,Extreme Edge,0.96,343.6,100.89,93.78,86.27,1061.1,False,True,True,True,1,3.65,
4525,Rev8,8,W157,AE-3200,CH-A,C1,Center,0.0,0.0,98.38,86.53,89.51,1044.1,True,False,True,True,0,0.0,
4526,Rev8,8,W157,AE-3200,CH-A,MID-01,Mid,0.52,30.0,101.73,93.03,96.66,1116.9,False,True,False,False,0,0.0,
4527,Rev8,8,W157,AE-3200,CH-A,MID-02,Mid,0.52,90.0,99.13,92.16,96.85,1092.9,True,True,False,False,2,9.55,arc_event
4528,Rev8,8,W157,AE-3200,CH-A,MID-03,Mid,0.52,150.0,99.19,90.25,94.84,1020.3,True,True,False,True,0,0.0,
4529,Rev8,8,W157,AE-3200,CH-A,MID-04,Mid,0.52,210.0,99.78,88.65,97.22,999.9,True,True,False,True,0,0.0,
4530,Rev8,8,W157,AE-3200,CH-A,MID-05,Mid,0.52,270.0,102.4,95.56,84.34,1029.5,False,True,True,True,0,0.0,
4531,Rev8,8,W157,AE-3200,CH-A,MID-06,Mid,0.52,330.0,102.46,92.17,93.98,1072.4,False,True,True,True,0,0.0,
4532,Rev8,8,W157,AE-3200,CH-A,EDG-01,Edge,0.84,0.0,101.97,94.05,92.02,1065.8,False,True,True,True,0,0.0,
4533,Rev8,8,W157,AE-3200,CH-A,EDG-02,Edge,0.84,32.7,101.89,92.01,97.56,998.0,False,True,False,True,1,3.28,polymer_residue
4534,Rev8,8,W157,AE-3200,CH-A,EDG-03,Edge,0.84,65.5,101.77,94.69,91.51,1063.6,False,True,True,True,1,3.38,polymer_residue
4535,Rev8,8,W157,AE-3200,CH-A,EDG-04,Edge,0.84,98.2,105.31,95.87,96.49,1085.7,False,True,False,True,0,0.0,
4536,Rev8,8,W157,AE-3200,CH-A,EDG-05,Edge,0.84,130.9,103.11,90.82,94.91,1009.7,False,True,False,True,0,0.0,
4537,Rev8,8,W157,AE-3200,CH-A,EDG-06,Edge,0.84,163.6,100.68,88.54,97.08,1155.2,True,True,False,False,0,0.0,
4538,Rev8,8,W157,AE-3200,CH-A,EDG-07,Edge,0.84,196.4,101.53,93.98,100.98,1107.3,False,True,False,False,3,16.57,
4539,Rev8,8,W157,AE-3200,CH-A,EDG-08,Edge,0.84,229.1,101.0,95.58,91.81,1062.5,False,True,True,True,0,0.0,
4540,Rev8,8,W157,AE-3200,CH-A,EDG-09,Edge,0.84,261.8,103.53,91.65,94.09,1070.4,False,True,True,True,1,5.68,
4541,Rev8,8,W157,AE-3200,CH-A,EDG-10,Edge,0.84,294.5,106.45,93.36,96.48,1081.8,False,True,False,True,1,6.1,arc_event
4542,Rev8,8,W157,AE-3200,CH-A,EDG-11,Edge,0.84,327.3,102.51,96.7,99.24,1081.0,False,True,False,True,2,4.65,polymer_residue
4543,Rev8,8,W157,AE-3200,CH-A,EXT-01,Extreme Edge,0.96,16.4,103.98,94.99,100.44,1116.0,False,True,False,False,2,7.75,polymer_residue
4544,Rev8,8,W157,AE-3200,CH-A,EXT-02,Extreme Edge,0.96,49.1,104.2,97.48,92.05,1196.4,False,True,True,False,1,5.12,pressure_spike
4545,Rev8,8,W157,AE-3200,CH-A,EXT-03,Extreme Edge,0.96,81.8,103.37,88.83,99.37,1104.7,False,True,False,False,0,0.0,
4546,Rev8,8,W157,AE-3200,CH-A,EXT-04,Extreme Edge,0.96,114.5,101.32,96.46,97.69,1036.2,False,True,False,True,0,0.0,
4547,Rev8,8,W157,AE-3200,CH-A,EXT-05,Extreme Edge,0.96,147.3,106.58,91.51,100.47,1105.1,False,True,False,False,3,11.45,arc_event
4548,Rev8,8,W157,AE-3200,CH-A,EXT-06,Extreme Edge,0.96,180.0,102.23,94.27,91.82,1030.3,False,True,True,True,0,0.0,
4549,Rev8,8,W157,AE-3200,CH-A,EXT-07,Extreme Edge,0.96,212.7,103.77,97.98,84.0,1096.9,False,False,True,False,1,6.39,
4550,Rev8,8,W157,AE-3200,CH-A,EXT-08,Extreme Edge,0.96,245.5,105.3,93.03,97.86,1083.6,False,True,False,True,1,5.65,
4551,Rev8,8,W157,AE-3200,CH-A,EXT-09,Extreme Edge,0.96,278.2,101.35,95.3,92.97,1005.9,False,True,True,True,0,0.0,
4552,Rev8,8,W157,AE-3200,CH-A,EXT-10,Extreme Edge,0.96,310.9,105.75,91.49,103.66,995.3,False,True,False,True,0,0.0,
4553,Rev8,8,W157,AE-3200,CH-A,EXT-11,Extreme Edge,0.96,343.6,104.96,92.26,99.02,1152.2,False,True,False,False,1,2.32,polymer_residue
4554,Rev10,10,W158,PX-7500,CH-C,C1,Center,0.0,0.0,92.35,84.93,90.5,1003.5,True,False,True,True,0,0.0,
4555,Rev10,10,W158,PX-7500,CH-C,MID-01,Mid,0.52,30.0,93.49,89.31,92.23,1145.5,True,True,True,False,0,0.0,
4556,Rev10,10,W158,PX-7500,CH-C,MID-02,Mid,0.52,90.0,98.74,87.76,97.56,1102.2,True,True,False,False,0,0.0,
4557,Rev10,10,W158,PX-7500,CH-C,MID-03,Mid,0.52,150.0,97.61,91.5,92.06,1060.1,True,True,True,True,0,0.0,
4558,Rev10,10,W158,PX-7500,CH-C,MID-04,Mid,0.52,210.0,96.19,88.5,89.64,1025.2,True,True,True,True,0,0.0,
4559,Rev10,10,W158,PX-7500,CH-C,MID-05,Mid,0.52,270.0,96.7,87.4,96.35,1016.0,True,True,False,True,1,3.97,polymer_residue
4560,Rev10,10,W158,PX-7500,CH-C,MID-06,Mid,0.52,330.0,96.01,89.77,90.0,1058.1,True,True,True,True,0,0.0,
4561,Rev10,10,W158,PX-7500,CH-C,EDG-01,Edge,0.84,0.0,94.81,87.38,99.95,1094.7,True,True,False,False,1,5.77,arc_event
4562,Rev10,10,W158,PX-7500,CH-C,EDG-02,Edge,0.84,32.7,100.32,89.5,95.02,1044.1,True,True,False,True,0,0.0,
4563,Rev10,10,W158,PX-7500,CH-C,EDG-03,Edge,0.84,65.5,98.75,93.13,96.89,1119.6,True,True,False,False,1,4.79,
4564,Rev10,10,W158,PX-7500,CH-C,EDG-04,Edge,0.84,98.2,99.46,91.41,90.28,1050.1,True,True,True,True,0,0.0,
4565,Rev10,10,W158,PX-7500,CH-C,EDG-05,Edge,0.84,130.9,101.74,87.36,100.9,1027.0,False,True,False,True,0,0.0,
4566,Rev10,10,W158,PX-7500,CH-C,EDG-06,Edge,0.84,163.6,98.51,92.1,102.58,1167.9,True,True,False,False,0,0.0,
4567,Rev10,10,W158,PX-7500,CH-C,EDG-07,Edge,0.84,196.4,98.36,95.22,92.49,1136.5,True,True,True,False,0,0.0,
4568,Rev10,10,W158,PX-7500,CH-C,EDG-08,Edge,0.84,229.1,97.08,92.04,103.18,1061.5,True,True,False,True,1,4.01,
4569,Rev10,10,W158,PX-7500,CH-C,EDG-09,Edge,0.84,261.8,100.79,92.75,96.72,1039.6,True,True,False,True,1,6.1,polymer_residue
4570,Rev10,10,W158,PX-7500,CH-C,EDG-10,Edge,0.84,294.5,97.9,92.12,97.7,1089.9,True,True,False,True,0,0.0,
4571,Rev10,10,W158,PX-7500,CH-C,EDG-11,Edge,0.84,327.3,98.01,88.04,94.87,976.1,True,True,False,True,0,0.0,
4572,Rev10,10,W158,PX-7500,CH-C,EXT-01,Extreme Edge,0.96,16.4,101.51,89.89,96.3,1153.3,False,True,False,False,0,0.0,
4573,Rev10,10,W158,PX-7500,CH-C,EXT-02,Extreme Edge,0.96,49.1,100.21,90.51,102.9,941.2,True,True,False,True,1,3.35,arc_event
4574,Rev10,10,W158,PX-7500,CH-C,EXT-03,Extreme Edge,0.96,81.8,100.85,88.15,97.61,994.4,False,True,False,True,0,0.0,
4575,Rev10,10,W158,PX-7500,CH-C,EXT-04,Extreme Edge,0.96,114.5,99.29,89.66,102.73,1031.7,True,True,False,True,1,6.39,pressure_spike
4576,Rev10,10,W158,PX-7500,CH-C,EXT-05,Extreme Edge,0.96,147.3,99.21,91.39,98.96,1075.5,True,True,False,True,0,0.0,
4577,Rev10,10,W158,PX-7500,CH-C,EXT-06,Extreme Edge,0.96,180.0,99.22,93.41,91.19,1069.4,True,True,True,True,0,0.0,
4578,Rev10,10,W158,PX-7500,CH-C,EXT-07,Extreme Edge,0.96,212.7,98.33,92.74,94.38,1091.9,True,True,True,False,1,5.48,
4579,Rev10,10,W158,PX-7500,CH-C,EXT-08,Extreme Edge,0.96,245.5,99.19,90.14,96.44,1076.1,True,True,False,True,1,4.28,esc_temp_drift
4580,Rev10,10,W158,PX-7500,CH-C,EXT-09,Extreme Edge,0.96,278.2,97.64,88.41,90.09,1088.6,True,True,True,True,1,6.38,
4581,Rev10,10,W158,PX-7500,CH-C,EXT-10,Extreme Edge,0.96,310.9,98.25,92.43,94.63,1201.9,True,True,False,False,3,6.35,
4582,Rev10,10,W158,PX-7500,CH-C,EXT-11,Extreme Edge,0.96,343.6,100.91,93.53,99.43,1099.4,False,True,False,False,0,0.0,
4583,Rev10,10,W159,PX-7500,CH-C,C1,Center,0.0,0.0,96.86,88.43,95.5,951.9,True,True,False,True,1,3.45,
4584,Rev10,10,W159,PX-7500,CH-C,MID-01,Mid,0.52,30.0,98.7,88.11,87.45,1094.2,True,True,True,False,0,0.0,
4585,Rev10,10,W159,PX-7500,CH-C,MID-02,Mid,0.52,90.0,95.58,90.39,93.07,978.5,True,True,True,True,0,0.0,
4586,Rev10,10,W159,PX-7500,CH-C,MID-03,Mid,0.52,150.0,94.93,92.16,89.26,1078.2,True,True,True,True,0,0.0,
4587,Rev10,10,W159,PX-7500,CH-C,MID-04,Mid,0.52,210.0,96.78,86.59,103.6,1113.9,True,False,False,False,0,0.0,
4588,Rev10,10,W159,PX-7500,CH-C,MID-05,Mid,0.52,270.0,97.94,89.47,91.32,945.4,True,True,True,True,0,0.0,
4589,Rev10,10,W159,PX-7500,CH-C,MID-06,Mid,0.52,330.0,96.98,91.66,94.95,1123.7,True,True,False,False,0,0.0,
4590,Rev10,10,W159,PX-7500,CH-C,EDG-01,Edge,0.84,0.0,98.98,91.08,95.76,1072.0,True,True,False,True,0,0.0,
4591,Rev10,10,W159,PX-7500,CH-C,EDG-02,Edge,0.84,32.7,96.54,87.93,88.26,1000.0,True,True,True,True,0,0.0,
4592,Rev10,10,W159,PX-7500,CH-C,EDG-03,Edge,0.84,65.5,96.84,85.66,93.0,965.1,True,False,True,True,1,5.53,polymer_residue
4593,Rev10,10,W159,PX-7500,CH-C,EDG-04,Edge,0.84,98.2,99.85,89.48,97.31,958.3,True,True,False,True,1,4.4,
4594,Rev10,10,W159,PX-7500,CH-C,EDG-05,Edge,0.84,130.9,97.85,88.09,99.96,1091.7,True,True,False,False,0,0.0,
4595,Rev10,10,W159,PX-7500,CH-C,EDG-06,Edge,0.84,163.6,98.63,91.43,94.34,1055.9,True,True,True,True,1,4.8,
4596,Rev10,10,W159,PX-7500,CH-C,EDG-07,Edge,0.84,196.4,97.25,88.99,96.52,1123.9,True,True,False,False,0,0.0,
4597,Rev10,10,W159,PX-7500,CH-C,EDG-08,Edge,0.84,229.1,99.37,92.6,93.1,957.3,True,True,True,True,0,0.0,
4598,Rev10,10,W159,PX-7500,CH-C,EDG-09,Edge,0.84,261.8,100.54,91.05,89.96,1084.3,True,True,True,True,0,0.0,
4599,Rev10,10,W159,PX-7500,CH-C,EDG-10,Edge,0.84,294.5,99.73,90.32,97.98,998.0,True,True,False,True,0,0.0,
4600,Rev10,10,W159,PX-7500,CH-C,EDG-11,Edge,0.84,327.3,97.77,89.52,100.35,1110.8,True,True,False,False,0,0.0,
4601,Rev10,10,W159,PX-7500,CH-C,EXT-01,Extreme Edge,0.96,16.4,101.05,89.61,94.23,1037.6,False,True,True,True,1,5.87,polymer_residue
4602,Rev10,10,W159,PX-7500,CH-C,EXT-02,Extreme Edge,0.96,49.1,100.9,94.23,104.03,1086.2,False,True,False,True,0,0.0,
4603,Rev10,10,W159,PX-7500,CH-C,EXT-03,Extreme Edge,0.96,81.8,99.72,91.0,97.55,1073.2,True,True,False,True,1,3.74,pressure_spike
4604,Rev10,10,W159,PX-7500,CH-C,EXT-04,Extreme Edge,0.96,114.5,100.49,93.05,91.37,897.1,True,True,True,True,0,0.0,
4605,Rev10,10,W159,PX-7500,CH-C,EXT-05,Extreme Edge,0.96,147.3,98.14,91.54,100.25,1021.8,True,True,False,True,0,0.0,
4606,Rev10,10,W159,PX-7500,CH-C,EXT-06,Extreme Edge,0.96,180.0,99.92,95.0,95.28,1132.4,True,True,False,False,3,8.18,
4607,Rev10,10,W159,PX-7500,CH-C,EXT-07,Extreme Edge,0.96,212.7,96.46,90.04,102.13,1090.6,True,True,False,False,0,0.0,
4608,Rev10,10,W159,PX-7500,CH-C,EXT-08,Extreme Edge,0.96,245.5,97.98,89.52,96.21,1080.4,True,True,False,True,0,0.0,
4609,Rev10,10,W159,PX-7500,CH-C,EXT-09,Extreme Edge,0.96,278.2,100.37,87.0,98.5,946.6,True,True,False,True,0,0.0,
4610,Rev10,10,W159,PX-7500,CH-C,EXT-10,Extreme Edge,0.96,310.9,101.45,93.26,105.82,1065.2,False,True,False,True,1,5.03,polymer_residue
4611,Rev10,10,W159,PX-7500,CH-C,EXT-11,Extreme Edge,0.96,343.6,97.66,86.42,91.34,1175.9,True,False,True,False,2,4.77,
4612,Rev11,11,W160,PX-7500,CH-D,C1,Center,0.0,0.0,95.96,90.05,93.46,997.6,True,True,True,True,0,0.0,
4613,Rev11,11,W160,PX-7500,CH-D,MID-01,Mid,0.52,30.0,99.12,93.69,95.55,1024.1,True,True,False,True,0,0.0,
4614,Rev11,11,W160,PX-7500,CH-D,MID-02,Mid,0.52,90.0,100.4,96.97,92.8,1010.8,True,True,True,True,0,0.0,
4615,Rev11,11,W160,PX-7500,CH-D,MID-03,Mid,0.52,150.0,101.9,93.1,96.56,1107.7,False,True,False,False,0,0.0,
4616,Rev11,11,W160,PX-7500,CH-D,MID-04,Mid,0.52,210.0,100.09,94.79,90.49,1116.5,True,True,True,False,0,0.0,
4617,Rev11,11,W160,PX-7500,CH-D,MID-05,Mid,0.52,270.0,99.35,98.04,95.62,1009.5,True,False,False,True,0,0.0,
4618,Rev11,11,W160,PX-7500,CH-D,MID-06,Mid,0.52,330.0,99.25,97.44,100.22,893.6,True,True,False,True,0,0.0,
4619,Rev11,11,W160,PX-7500,CH-D,EDG-01,Edge,0.84,0.0,103.27,96.79,105.76,1064.6,False,True,False,True,0,0.0,
4620,Rev11,11,W160,PX-7500,CH-D,EDG-02,Edge,0.84,32.7,100.52,97.47,95.69,1153.2,True,True,False,False,2,4.32,polymer_residue
4621,Rev11,11,W160,PX-7500,CH-D,EDG-03,Edge,0.84,65.5,100.09,95.09,100.45,1120.5,True,True,False,False,1,2.58,
4622,Rev11,11,W160,PX-7500,CH-D,EDG-04,Edge,0.84,98.2,98.38,98.11,102.68,1032.5,True,False,False,True,0,0.0,
4623,Rev11,11,W160,PX-7500,CH-D,EDG-05,Edge,0.84,130.9,97.22,95.58,97.9,1108.7,True,True,False,False,1,4.66,pressure_spike
4624,Rev11,11,W160,PX-7500,CH-D,EDG-06,Edge,0.84,163.6,100.44,97.16,99.8,1103.5,True,True,False,False,0,0.0,
4625,Rev11,11,W160,PX-7500,CH-D,EDG-07,Edge,0.84,196.4,100.5,94.23,98.75,1050.7,True,True,False,True,1,2.8,polymer_residue
4626,Rev11,11,W160,PX-7500,CH-D,EDG-08,Edge,0.84,229.1,101.89,97.49,100.18,1192.0,False,True,False,False,0,0.0,
4627,Rev11,11,W160,PX-7500,CH-D,EDG-09,Edge,0.84,261.8,102.98,93.17,95.17,1025.0,False,True,False,True,2,8.64,polymer_residue
4628,Rev11,11,W160,PX-7500,CH-D,EDG-10,Edge,0.84,294.5,101.41,97.52,94.11,1139.3,False,True,True,False,0,0.0,
4629,Rev11,11,W160,PX-7500,CH-D,EDG-11,Edge,0.84,327.3,99.33,91.24,101.89,1068.7,True,True,False,True,0,0.0,
4630,Rev11,11,W160,PX-7500,CH-D,EXT-01,Extreme Edge,0.96,16.4,102.96,96.75,93.62,987.9,False,True,True,True,2,6.21,polymer_residue
4631,Rev11,11,W160,PX-7500,CH-D,EXT-02,Extreme Edge,0.96,49.1,103.6,101.56,100.39,1113.9,False,False,False,False,1,3.91,polymer_residue
4632,Rev11,11,W160,PX-7500,CH-D,EXT-03,Extreme Edge,0.96,81.8,103.25,95.44,98.45,1100.1,False,True,False,False,0,0.0,
4633,Rev11,11,W160,PX-7500,CH-D,EXT-04,Extreme Edge,0.96,114.5,104.04,99.78,99.79,1185.1,False,False,False,False,0,0.0,
4634,Rev11,11,W160,PX-7500,CH-D,EXT-05,Extreme Edge,0.96,147.3,103.69,100.35,100.46,1143.3,False,False,False,False,0,0.0,
4635,Rev11,11,W160,PX-7500,CH-D,EXT-06,Extreme Edge,0.96,180.0,103.06,95.5,101.43,1025.3,False,True,False,True,0,0.0,
4636,Rev11,11,W160,PX-7500,CH-D,EXT-07,Extreme Edge,0.96,212.7,102.75,98.16,100.37,1127.8,False,False,False,False,2,5.94,arc_event
4637,Rev11,11,W160,PX-7500,CH-D,EXT-08,Extreme Edge,0.96,245.5,104.55,98.21,104.08,1062.4,False,False,False,True,2,7.54,polymer_residue
4638,Rev11,11,W160,PX-7500,CH-D,EXT-09,Extreme Edge,0.96,278.2,100.41,99.52,102.75,1052.5,True,False,False,True,0,0.0,
4639,Rev11,11,W160,PX-7500,CH-D,EXT-10,Extreme Edge,0.96,310.9,101.69,97.1,103.96,1080.5,False,True,False,True,0,0.0,
4640,Rev11,11,W160,PX-7500,CH-D,EXT-11,Extreme Edge,0.96,343.6,101.71,99.82,95.12,1026.5,False,False,False,True,1,3.11,
4641,Rev7,7,W161,PX-7500,CH-D,C1,Center,0.0,0.0,96.41,91.95,91.39,969.5,True,True,True,True,0,0.0,
4642,Rev7,7,W161,PX-7500,CH-D,MID-01,Mid,0.52,30.0,99.46,92.42,95.5,902.6,True,True,False,True,0,0.0,
4643,Rev7,7,W161,PX-7500,CH-D,MID-02,Mid,0.52,90.0,98.89,92.14,89.88,981.8,True,True,True,True,1,4.85,pressure_spike
4644,Rev7,7,W161,PX-7500,CH-D,MID-03,Mid,0.52,150.0,97.69,92.93,85.58,1006.6,True,True,True,True,0,0.0,
4645,Rev7,7,W161,PX-7500,CH-D,MID-04,Mid,0.52,210.0,100.39,89.47,85.21,912.8,True,True,True,True,0,0.0,
4646,Rev7,7,W161,PX-7500,CH-D,MID-05,Mid,0.52,270.0,97.56,92.25,93.16,949.2,True,True,True,True,0,0.0,
4647,Rev7,7,W161,PX-7500,CH-D,MID-06,Mid,0.52,330.0,98.85,94.67,88.53,787.4,True,True,True,False,0,0.0,
4648,Rev7,7,W161,PX-7500,CH-D,EDG-01,Edge,0.84,0.0,98.18,94.26,84.65,951.9,True,True,True,True,1,3.44,polymer_residue
4649,Rev7,7,W161,PX-7500,CH-D,EDG-02,Edge,0.84,32.7,100.37,96.11,93.76,875.5,True,True,True,False,0,0.0,
4650,Rev7,7,W161,PX-7500,CH-D,EDG-03,Edge,0.84,65.5,101.07,95.25,92.27,924.3,False,True,True,True,1,5.65,polymer_residue
4651,Rev7,7,W161,PX-7500,CH-D,EDG-04,Edge,0.84,98.2,97.0,97.91,86.27,1031.8,True,False,True,True,1,5.0,
4652,Rev7,7,W161,PX-7500,CH-D,EDG-05,Edge,0.84,130.9,96.32,95.72,92.15,959.1,True,True,True,True,0,0.0,
4653,Rev7,7,W161,PX-7500,CH-D,EDG-06,Edge,0.84,163.6,101.03,97.87,85.08,962.0,False,False,True,True,0,0.0,
4654,Rev7,7,W161,PX-7500,CH-D,EDG-07,Edge,0.84,196.4,98.67,95.44,83.24,907.2,True,True,True,True,0,0.0,
4655,Rev7,7,W161,PX-7500,CH-D,EDG-08,Edge,0.84,229.1,97.85,92.19,90.34,1000.3,True,True,True,True,0,0.0,
4656,Rev7,7,W161,PX-7500,CH-D,EDG-09,Edge,0.84,261.8,97.87,93.27,92.07,974.0,True,True,True,True,0,0.0,
4657,Rev7,7,W161,PX-7500,CH-D,EDG-10,Edge,0.84,294.5,100.29,92.22,84.88,888.3,True,True,True,True,0,0.0,
4658,Rev7,7,W161,PX-7500,CH-D,EDG-11,Edge,0.84,327.3,102.06,97.38,87.06,1008.2,False,True,True,True,3,8.51,esc_temp_drift
4659,Rev7,7,W161,PX-7500,CH-D,EXT-01,Extreme Edge,0.96,16.4,99.16,96.67,81.29,959.1,True,True,True,True,0,0.0,
4660,Rev7,7,W161,PX-7500,CH-D,EXT-02,Extreme Edge,0.96,49.1,101.86,95.95,92.16,937.9,False,True,True,True,0,0.0,
4661,Rev7,7,W161,PX-7500,CH-D,EXT-03,Extreme Edge,0.96,81.8,99.37,94.4,89.27,968.9,True,True,True,True,0,0.0,
4662,Rev7,7,W161,PX-7500,CH-D,EXT-04,Extreme Edge,0.96,114.5,99.4,92.46,83.48,1095.4,True,True,True,False,2,6.37,
4663,Rev7,7,W161,PX-7500,CH-D,EXT-05,Extreme Edge,0.96,147.3,100.98,92.11,81.83,1027.8,False,True,True,True,2,9.75,pressure_spike
4664,Rev7,7,W161,PX-7500,CH-D,EXT-06,Extreme Edge,0.96,180.0,97.78,93.5,89.73,925.1,True,True,True,True,0,0.0,
4665,Rev7,7,W161,PX-7500,CH-D,EXT-07,Extreme Edge,0.96,212.7,99.73,95.76,89.19,961.2,True,True,True,True,0,0.0,
4666,Rev7,7,W161,PX-7500,CH-D,EXT-08,Extreme Edge,0.96,245.5,98.21,94.34,88.44,1017.0,True,True,True,True,0,0.0,
4667,Rev7,7,W161,PX-7500,CH-D,EXT-09,Extreme Edge,0.96,278.2,101.16,96.6,85.44,957.2,False,True,True,True,0,0.0,
4668,Rev7,7,W161,PX-7500,CH-D,EXT-10,Extreme Edge,0.96,310.9,99.39,96.74,83.1,982.4,True,True,True,True,1,3.55,
4669,Rev7,7,W161,PX-7500,CH-D,EXT-11,Extreme Edge,0.96,343.6,101.2,93.73,92.7,946.4,False,True,True,True,0,0.0,
4670,Rev10,10,W162,PX-7500,CH-C,C1,Center,0.0,0.0,96.83,93.44,83.65,986.7,True,True,True,True,1,5.55,endpoint_late
4671,Rev10,10,W162,PX-7500,CH-C,MID-01,Mid,0.52,30.0,98.85,91.52,90.82,1052.2,True,True,True,True,2,6.49,
4672,Rev10,10,W162,PX-7500,CH-C,MID-02,Mid,0.52,90.0,95.41,90.65,93.42,1004.3,True,True,True,True,1,1.95,
4673,Rev10,10,W162,PX-7500,CH-C,MID-03,Mid,0.52,150.0,94.67,86.63,87.9,944.6,True,False,True,True,1,3.75,
4674,Rev10,10,W162,PX-7500,CH-C,MID-04,Mid,0.52,210.0,98.75,90.06,83.12,1024.7,True,True,True,True,0,0.0,
4675,Rev10,10,W162,PX-7500,CH-C,MID-05,Mid,0.52,270.0,98.98,88.69,94.04,1070.8,True,True,True,True,0,0.0,
4676,Rev10,10,W162,PX-7500,CH-C,MID-06,Mid,0.52,330.0,96.81,92.5,89.21,1021.3,True,True,True,True,0,0.0,
4677,Rev10,10,W162,PX-7500,CH-C,EDG-01,Edge,0.84,0.0,97.9,91.83,94.83,1100.6,True,True,False,False,0,0.0,
4678,Rev10,10,W162,PX-7500,CH-C,EDG-02,Edge,0.84,32.7,99.48,92.95,93.98,1117.6,True,True,True,False,0,0.0,
4679,Rev10,10,W162,PX-7500,CH-C,EDG-03,Edge,0.84,65.5,93.87,90.83,94.05,980.1,True,True,True,True,0,0.0,
4680,Rev10,10,W162,PX-7500,CH-C,EDG-04,Edge,0.84,98.2,99.36,91.63,95.73,1004.2,True,True,False,True,1,4.1,
4681,Rev10,10,W162,PX-7500,CH-C,EDG-05,Edge,0.84,130.9,101.72,90.07,87.63,947.8,False,True,True,True,1,6.28,
4682,Rev10,10,W162,PX-7500,CH-C,EDG-06,Edge,0.84,163.6,99.69,88.31,95.04,947.0,True,True,False,True,1,6.15,polymer_residue
4683,Rev10,10,W162,PX-7500,CH-C,EDG-07,Edge,0.84,196.4,102.18,86.97,86.52,960.4,False,True,True,True,0,0.0,
4684,Rev10,10,W162,PX-7500,CH-C,EDG-08,Edge,0.84,229.1,99.02,89.18,98.25,1127.1,True,True,False,False,0,0.0,
4685,Rev10,10,W162,PX-7500,CH-C,EDG-09,Edge,0.84,261.8,98.58,93.41,86.4,1148.3,True,True,True,False,0,0.0,
4686,Rev10,10,W162,PX-7500,CH-C,EDG-10,Edge,0.84,294.5,99.3,97.43,94.93,1076.0,True,True,False,True,0,0.0,
4687,Rev10,10,W162,PX-7500,CH-C,EDG-11,Edge,0.84,327.3,98.46,91.88,93.81,1039.1,True,True,True,True,0,0.0,
4688,Rev10,10,W162,PX-7500,CH-C,EXT-01,Extreme Edge,0.96,16.4,100.66,90.79,97.84,1046.0,True,True,False,True,3,15.4,
4689,Rev10,10,W162,PX-7500,CH-C,EXT-02,Extreme Edge,0.96,49.1,99.96,89.3,90.24,1071.9,True,True,True,True,1,3.88,polymer_residue
4690,Rev10,10,W162,PX-7500,CH-C,EXT-03,Extreme Edge,0.96,81.8,101.27,93.53,91.52,1031.6,False,True,True,True,1,5.4,
4691,Rev10,10,W162,PX-7500,CH-C,EXT-04,Extreme Edge,0.96,114.5,102.4,92.55,100.61,897.6,False,True,False,True,2,6.09,
4692,Rev10,10,W162,PX-7500,CH-C,EXT-05,Extreme Edge,0.96,147.3,98.64,90.86,98.41,1064.3,True,True,False,True,0,0.0,
4693,Rev10,10,W162,PX-7500,CH-C,EXT-06,Extreme Edge,0.96,180.0,102.52,85.98,94.5,1087.1,False,False,False,True,0,0.0,
4694,Rev10,10,W162,PX-7500,CH-C,EXT-07,Extreme Edge,0.96,212.7,104.85,90.8,90.54,1136.4,False,True,True,False,1,5.52,endpoint_late
4695,Rev10,10,W162,PX-7500,CH-C,EXT-08,Extreme Edge,0.96,245.5,97.06,88.94,91.72,1033.1,True,True,True,True,0,0.0,
4696,Rev10,10,W162,PX-7500,CH-C,EXT-09,Extreme Edge,0.96,278.2,104.82,89.58,89.24,1073.8,False,True,True,True,0,0.0,
4697,Rev10,10,W162,PX-7500,CH-C,EXT-10,Extreme Edge,0.96,310.9,98.18,90.72,91.13,1073.5,True,True,True,True,0,0.0,
4698,Rev10,10,W162,PX-7500,CH-C,EXT-11,Extreme Edge,0.96,343.6,97.29,87.81,97.22,1034.6,True,True,False,True,1,6.33,polymer_residue
4699,Rev8,8,W163,AE-3200,CH-A,C1,Center,0.0,0.0,93.2,90.74,85.88,1036.0,True,True,True,True,0,0.0,
4700,Rev8,8,W163,AE-3200,CH-A,MID-01,Mid,0.52,30.0,99.1,94.35,94.31,1000.7,True,True,True,True,0,0.0,
4701,Rev8,8,W163,AE-3200,CH-A,MID-02,Mid,0.52,90.0,97.39,96.13,94.22,1080.8,True,True,True,True,0,0.0,
4702,Rev8,8,W163,AE-3200,CH-A,MID-03,Mid,0.52,150.0,98.19,85.78,90.05,1072.0,True,False,True,True,0,0.0,
4703,Rev8,8,W163,AE-3200,CH-A,MID-04,Mid,0.52,210.0,97.82,90.71,90.35,1024.5,True,True,True,True,0,0.0,
4704,Rev8,8,W163,AE-3200,CH-A,MID-05,Mid,0.52,270.0,97.24,90.5,87.0,981.9,True,True,True,True,0,0.0,
4705,Rev8,8,W163,AE-3200,CH-A,MID-06,Mid,0.52,330.0,96.39,91.48,92.18,1125.5,True,True,True,False,0,0.0,
4706,Rev8,8,W163,AE-3200,CH-A,EDG-01,Edge,0.84,0.0,101.83,99.49,94.84,1015.6,False,False,False,True,0,0.0,
4707,Rev8,8,W163,AE-3200,CH-A,EDG-02,Edge,0.84,32.7,97.98,91.88,92.47,1017.8,True,True,True,True,0,0.0,
4708,Rev8,8,W163,AE-3200,CH-A,EDG-03,Edge,0.84,65.5,97.61,91.02,91.56,1142.1,True,True,True,False,1,6.06,
4709,Rev8,8,W163,AE-3200,CH-A,EDG-04,Edge,0.84,98.2,99.04,93.21,90.65,1027.8,True,True,True,True,0,0.0,
4710,Rev8,8,W163,AE-3200,CH-A,EDG-05,Edge,0.84,130.9,100.77,93.51,89.9,1126.8,True,True,True,False,0,0.0,
4711,Rev8,8,W163,AE-3200,CH-A,EDG-06,Edge,0.84,163.6,99.38,92.05,88.45,1105.6,True,True,True,False,1,2.26,polymer_residue
4712,Rev8,8,W163,AE-3200,CH-A,EDG-07,Edge,0.84,196.4,98.53,94.0,91.05,1036.6,True,True,True,True,0,0.0,
4713,Rev8,8,W163,AE-3200,CH-A,EDG-08,Edge,0.84,229.1,95.32,90.25,87.88,1122.1,True,True,True,False,0,0.0,
4714,Rev8,8,W163,AE-3200,CH-A,EDG-09,Edge,0.84,261.8,99.97,92.19,86.09,976.8,True,True,True,True,0,0.0,
4715,Rev8,8,W163,AE-3200,CH-A,EDG-10,Edge,0.84,294.5,99.41,94.26,83.2,1055.5,True,True,True,True,0,0.0,
4716,Rev8,8,W163,AE-3200,CH-A,EDG-11,Edge,0.84,327.3,99.69,89.76,83.72,1117.3,True,True,True,False,0,0.0,
4717,Rev8,8,W163,AE-3200,CH-A,EXT-01,Extreme Edge,0.96,16.4,101.65,93.2,95.21,1127.7,False,True,False,False,0,0.0,
4718,Rev8,8,W163,AE-3200,CH-A,EXT-02,Extreme Edge,0.96,49.1,102.77,94.18,100.02,1059.9,False,True,False,True,0,0.0,
4719,Rev8,8,W163,AE-3200,CH-A,EXT-03,Extreme Edge,0.96,81.8,102.36,95.86,87.88,1008.8,False,True,True,True,0,0.0,
4720,Rev8,8,W163,AE-3200,CH-A,EXT-04,Extreme Edge,0.96,114.5,102.07,93.68,94.93,1003.6,False,True,False,True,0,0.0,
4721,Rev8,8,W163,AE-3200,CH-A,EXT-05,Extreme Edge,0.96,147.3,100.09,89.79,90.39,999.6,True,True,True,True,0,0.0,
4722,Rev8,8,W163,AE-3200,CH-A,EXT-06,Extreme Edge,0.96,180.0,100.29,93.74,85.56,1028.9,True,True,True,True,0,0.0,
4723,Rev8,8,W163,AE-3200,CH-A,EXT-07,Extreme Edge,0.96,212.7,98.84,90.12,89.95,1152.2,True,True,True,False,1,3.6,polymer_residue
4724,Rev8,8,W163,AE-3200,CH-A,EXT-08,Extreme Edge,0.96,245.5,101.18,92.53,95.57,1092.3,False,True,False,False,1,5.56,
4725,Rev8,8,W163,AE-3200,CH-A,EXT-09,Extreme Edge,0.96,278.2,99.59,99.2,90.08,941.4,True,False,True,True,0,0.0,
4726,Rev8,8,W163,AE-3200,CH-A,EXT-10,Extreme Edge,0.96,310.9,99.79,92.58,90.37,1185.0,True,True,True,False,1,4.62,
4727,Rev8,8,W163,AE-3200,CH-A,EXT-11,Extreme Edge,0.96,343.6,99.74,91.33,86.9,1031.5,True,True,True,True,3,18.59,arc_event
4728,Rev10,10,W164,PX-7500,CH-C,C1,Center,0.0,0.0,96.53,93.29,92.26,1063.2,True,True,True,True,0,0.0,
4729,Rev10,10,W164,PX-7500,CH-C,MID-01,Mid,0.52,30.0,95.36,90.37,99.03,982.0,True,True,False,True,0,0.0,
4730,Rev10,10,W164,PX-7500,CH-C,MID-02,Mid,0.52,90.0,95.79,91.14,95.27,1083.7,True,True,False,True,0,0.0,
4731,Rev10,10,W164,PX-7500,CH-C,MID-03,Mid,0.52,150.0,96.7,93.62,101.69,1085.8,True,True,False,True,0,0.0,
4732,Rev10,10,W164,PX-7500,CH-C,MID-04,Mid,0.52,210.0,97.44,88.73,101.36,1018.5,True,True,False,True,0,0.0,
4733,Rev10,10,W164,PX-7500,CH-C,MID-05,Mid,0.52,270.0,96.53,91.27,99.34,1063.7,True,True,False,True,1,3.21,
4734,Rev10,10,W164,PX-7500,CH-C,MID-06,Mid,0.52,330.0,96.41,90.52,98.07,986.1,True,True,False,True,0,0.0,
4735,Rev10,10,W164,PX-7500,CH-C,EDG-01,Edge,0.84,0.0,99.23,95.17,94.47,1050.1,True,True,True,True,0,0.0,
4736,Rev10,10,W164,PX-7500,CH-C,EDG-02,Edge,0.84,32.7,101.47,92.74,107.41,1034.8,False,True,False,True,1,4.82,polymer_residue
4737,Rev10,10,W164,PX-7500,CH-C,EDG-03,Edge,0.84,65.5,101.45,92.02,99.42,1030.4,False,True,False,True,0,0.0,
4738,Rev10,10,W164,PX-7500,CH-C,EDG-04,Edge,0.84,98.2,95.12,88.21,93.99,1030.0,True,True,True,True,0,0.0,
4739,Rev10,10,W164,PX-7500,CH-C,EDG-05,Edge,0.84,130.9,102.69,92.96,100.06,1068.1,False,True,False,True,1,5.37,
4740,Rev10,10,W164,PX-7500,CH-C,EDG-06,Edge,0.84,163.6,100.01,94.58,100.57,1034.3,True,True,False,True,0,0.0,
4741,Rev10,10,W164,PX-7500,CH-C,EDG-07,Edge,0.84,196.4,96.22,92.92,97.66,1060.1,True,True,False,True,0,0.0,
4742,Rev10,10,W164,PX-7500,CH-C,EDG-08,Edge,0.84,229.1,101.27,94.51,98.06,1036.7,False,True,False,True,0,0.0,
4743,Rev10,10,W164,PX-7500,CH-C,EDG-09,Edge,0.84,261.8,98.4,93.31,103.7,1086.6,True,True,False,True,0,0.0,
4744,Rev10,10,W164,PX-7500,CH-C,EDG-10,Edge,0.84,294.5,96.8,94.57,94.28,996.5,True,True,True,True,1,5.83,polymer_residue
4745,Rev10,10,W164,PX-7500,CH-C,EDG-11,Edge,0.84,327.3,99.96,96.1,96.92,1118.2,True,True,False,False,0,0.0,
4746,Rev10,10,W164,PX-7500,CH-C,EXT-01,Extreme Edge,0.96,16.4,98.59,96.11,103.69,985.3,True,True,False,True,1,2.55,polymer_residue
4747,Rev10,10,W164,PX-7500,CH-C,EXT-02,Extreme Edge,0.96,49.1,98.36,96.84,100.26,969.4,True,True,False,True,1,5.82,polymer_residue
4748,Rev10,10,W164,PX-7500,CH-C,EXT-03,Extreme Edge,0.96,81.8,99.28,90.21,103.15,1085.3,True,True,False,True,0,0.0,
4749,Rev10,10,W164,PX-7500,CH-C,EXT-04,Extreme Edge,0.96,114.5,99.36,94.69,93.96,1042.6,True,True,True,True,0,0.0,
4750,Rev10,10,W164,PX-7500,CH-C,EXT-05,Extreme Edge,0.96,147.3,95.97,95.49,106.7,939.5,True,True,False,True,1,4.02,
4751,Rev10,10,W164,PX-7500,CH-C,EXT-06,Extreme Edge,0.96,180.0,101.65,96.31,100.81,1077.4,False,True,False,True,1,4.25,polymer_residue
4752,Rev10,10,W164,PX-7500,CH-C,EXT-07,Extreme Edge,0.96,212.7,99.57,91.98,92.93,1108.6,True,True,True,False,1,3.52,polymer_residue
4753,Rev10,10,W164,PX-7500,CH-C,EXT-08,Extreme Edge,0.96,245.5,100.57,92.06,90.28,1079.2,True,True,True,True,0,0.0,
4754,Rev10,10,W164,PX-7500,CH-C,EXT-09,Extreme Edge,0.96,278.2,100.98,91.39,103.24,1040.7,False,True,False,True,0,0.0,
4755,Rev10,10,W164,PX-7500,CH-C,EXT-10,Extreme Edge,0.96,310.9,98.17,94.09,89.32,1080.9,True,True,True,True,0,0.0,
4756,Rev10,10,W164,PX-7500,CH-C,EXT-11,Extreme Edge,0.96,343.6,98.3,90.11,100.78,998.5,True,True,False,True,1,3.36,
4757,Rev6,6,W165,PX-7500,CH-C,C1,Center,0.0,0.0,97.68,96.14,85.31,968.5,True,True,True,True,0,0.0,
4758,Rev6,6,W165,PX-7500,CH-C,MID-01,Mid,0.52,30.0,101.2,91.16,86.76,979.4,False,True,True,True,0,0.0,
4759,Rev6,6,W165,PX-7500,CH-C,MID-02,Mid,0.52,90.0,99.51,92.7,81.64,938.3,True,True,True,True,0,0.0,
4760,Rev6,6,W165,PX-7500,CH-C,MID-03,Mid,0.52,150.0,100.55,91.85,91.2,1066.2,True,True,True,True,0,0.0,
4761,Rev6,6,W165,PX-7500,CH-C,MID-04,Mid,0.52,210.0,98.34,87.96,91.57,961.9,True,True,True,True,0,0.0,
4762,Rev6,6,W165,PX-7500,CH-C,MID-05,Mid,0.52,270.0,102.56,91.87,83.43,990.2,False,True,True,True,0,0.0,
4763,Rev6,6,W165,PX-7500,CH-C,MID-06,Mid,0.52,330.0,98.1,97.86,78.62,1041.6,True,False,True,True,1,6.43,arc_event
4764,Rev6,6,W165,PX-7500,CH-C,EDG-01,Edge,0.84,0.0,101.7,97.34,85.19,998.2,False,True,True,True,2,10.1,
4765,Rev6,6,W165,PX-7500,CH-C,EDG-02,Edge,0.84,32.7,102.74,92.68,93.16,936.1,False,True,True,True,1,2.32,
4766,Rev6,6,W165,PX-7500,CH-C,EDG-03,Edge,0.84,65.5,101.63,95.31,89.81,1046.7,False,True,True,True,1,3.08,
4767,Rev6,6,W165,PX-7500,CH-C,EDG-04,Edge,0.84,98.2,99.71,94.62,80.77,1045.5,True,True,True,True,2,6.67,endpoint_late
4768,Rev6,6,W165,PX-7500,CH-C,EDG-05,Edge,0.84,130.9,105.55,96.09,81.25,1039.0,False,True,True,True,0,0.0,
4769,Rev6,6,W165,PX-7500,CH-C,EDG-06,Edge,0.84,163.6,100.32,91.49,90.66,1035.2,True,True,True,True,0,0.0,
4770,Rev6,6,W165,PX-7500,CH-C,EDG-07,Edge,0.84,196.4,102.38,92.75,82.74,940.9,False,True,True,True,0,0.0,
4771,Rev6,6,W165,PX-7500,CH-C,EDG-08,Edge,0.84,229.1,100.58,97.63,87.97,873.2,True,False,True,False,0,0.0,
4772,Rev6,6,W165,PX-7500,CH-C,EDG-09,Edge,0.84,261.8,106.45,99.1,87.05,1079.2,False,False,True,True,0,0.0,
4773,Rev6,6,W165,PX-7500,CH-C,EDG-10,Edge,0.84,294.5,102.42,97.22,85.57,981.7,False,True,True,True,0,0.0,
4774,Rev6,6,W165,PX-7500,CH-C,EDG-11,Edge,0.84,327.3,103.74,96.81,86.66,997.5,False,True,True,True,1,3.31,
4775,Rev6,6,W165,PX-7500,CH-C,EXT-01,Extreme Edge,0.96,16.4,105.45,92.16,87.36,1009.8,False,True,True,True,1,2.54,
4776,Rev6,6,W165,PX-7500,CH-C,EXT-02,Extreme Edge,0.96,49.1,104.2,99.11,89.62,988.7,False,False,True,True,2,4.22,esc_temp_drift
4777,Rev6,6,W165,PX-7500,CH-C,EXT-03,Extreme Edge,0.96,81.8,105.67,97.78,88.02,986.9,False,False,True,True,2,5.36,
4778,Rev6,6,W165,PX-7500,CH-C,EXT-04,Extreme Edge,0.96,114.5,101.89,101.12,92.98,1034.4,False,False,True,True,0,0.0,
4779,Rev6,6,W165,PX-7500,CH-C,EXT-05,Extreme Edge,0.96,147.3,100.23,96.46,85.3,1000.9,True,True,True,True,1,3.26,
4780,Rev6,6,W165,PX-7500,CH-C,EXT-06,Extreme Edge,0.96,180.0,103.21,98.0,85.44,980.4,False,False,True,True,1,3.29,
4781,Rev6,6,W165,PX-7500,CH-C,EXT-07,Extreme Edge,0.96,212.7,103.31,91.96,86.36,966.1,False,True,True,True,0,0.0,
4782,Rev6,6,W165,PX-7500,CH-C,EXT-08,Extreme Edge,0.96,245.5,100.84,99.56,90.65,922.8,False,False,True,True,2,10.55,
4783,Rev6,6,W165,PX-7500,CH-C,EXT-09,Extreme Edge,0.96,278.2,104.4,93.74,90.73,1138.0,False,True,True,False,0,0.0,
4784,Rev6,6,W165,PX-7500,CH-C,EXT-10,Extreme Edge,0.96,310.9,102.19,96.55,91.63,1078.0,False,True,True,True,0,0.0,
4785,Rev6,6,W165,PX-7500,CH-C,EXT-11,Extreme Edge,0.96,343.6,103.6,90.36,90.4,983.6,False,True,True,True,0,0.0,
4786,Rev4,4,W166,AE-3200,CH-A,C1,Center,0.0,0.0,100.48,92.96,96.41,851.9,True,True,False,False,2,10.97,polymer_residue
4787,Rev4,4,W166,AE-3200,CH-A,MID-01,Mid,0.52,30.0,98.56,95.86,87.38,868.6,True,True,True,False,0,0.0,
4788,Rev4,4,W166,AE-3200,CH-A,MID-02,Mid,0.52,90.0,97.28,98.41,92.25,875.8,True,False,True,False,0,0.0,
4789,Rev4,4,W166,AE-3200,CH-A,MID-03,Mid,0.52,150.0,96.18,94.92,87.18,863.9,True,True,True,False,0,0.0,
4790,Rev4,4,W166,AE-3200,CH-A,MID-04,Mid,0.52,210.0,96.95,97.5,93.69,952.2,True,True,True,True,0,0.0,
4791,Rev4,4,W166,AE-3200,CH-A,MID-05,Mid,0.52,270.0,95.93,93.76,85.68,722.5,True,True,True,False,0,0.0,
4792,Rev4,4,W166,AE-3200,CH-A,MID-06,Mid,0.52,330.0,98.76,97.82,89.59,966.5,True,False,True,True,0,0.0,
4793,Rev4,4,W166,AE-3200,CH-A,EDG-01,Edge,0.84,0.0,100.08,96.66,93.92,979.9,True,True,True,True,1,3.66,
4794,Rev4,4,W166,AE-3200,CH-A,EDG-02,Edge,0.84,32.7,100.25,93.92,93.72,1031.2,True,True,True,True,1,2.14,pressure_spike
4795,Rev4,4,W166,AE-3200,CH-A,EDG-03,Edge,0.84,65.5,101.74,91.21,96.13,881.6,False,True,False,True,2,7.82,
4796,Rev4,4,W166,AE-3200,CH-A,EDG-04,Edge,0.84,98.2,97.53,94.89,93.15,876.9,True,True,True,False,1,4.14,
4797,Rev4,4,W166,AE-3200,CH-A,EDG-05,Edge,0.84,130.9,100.01,95.36,97.04,992.0,True,True,False,True,0,0.0,
4798,Rev4,4,W166,AE-3200,CH-A,EDG-06,Edge,0.84,163.6,99.04,91.97,96.36,911.6,True,True,False,True,0,0.0,
4799,Rev4,4,W166,AE-3200,CH-A,EDG-07,Edge,0.84,196.4,100.92,96.71,86.28,966.5,False,True,True,True,0,0.0,
4800,Rev4,4,W166,AE-3200,CH-A,EDG-08,Edge,0.84,229.1,99.7,97.21,93.31,852.5,True,True,True,False,0,0.0,
4801,Rev4,4,W166,AE-3200,CH-A,EDG-09,Edge,0.84,261.8,96.28,96.07,98.54,962.8,True,True,False,True,0,0.0,
4802,Rev4,4,W166,AE-3200,CH-A,EDG-10,Edge,0.84,294.5,97.63,94.84,83.17,965.5,True,True,True,True,1,2.76,
4803,Rev4,4,W166,AE-3200,CH-A,EDG-11,Edge,0.84,327.3,96.84,99.25,91.86,979.6,True,False,True,True,1,1.94,
4804,Rev4,4,W166,AE-3200,CH-A,EXT-01,Extreme Edge,0.96,16.4,102.03,91.66,91.98,903.2,False,True,True,True,0,0.0,
4805,Rev4,4,W166,AE-3200,CH-A,EXT-02,Extreme Edge,0.96,49.1,99.04,99.02,97.95,938.7,True,False,False,True,1,3.68,pressure_spike
4806,Rev4,4,W166,AE-3200,CH-A,EXT-03,Extreme Edge,0.96,81.8,101.81,96.04,94.02,1039.1,False,True,True,True,0,0.0,
4807,Rev4,4,W166,AE-3200,CH-A,EXT-04,Extreme Edge,0.96,114.5,98.9,99.75,94.44,1066.0,True,False,True,True,0,0.0,
4808,Rev4,4,W166,AE-3200,CH-A,EXT-05,Extreme Edge,0.96,147.3,100.68,93.51,91.94,974.6,True,True,True,True,1,5.89,arc_event
4809,Rev4,4,W166,AE-3200,CH-A,EXT-06,Extreme Edge,0.96,180.0,102.62,94.07,92.84,977.2,False,True,True,True,1,2.94,polymer_residue
4810,Rev4,4,W166,AE-3200,CH-A,EXT-07,Extreme Edge,0.96,212.7,103.02,99.94,100.13,984.3,False,False,False,True,0,0.0,
4811,Rev4,4,W166,AE-3200,CH-A,EXT-08,Extreme Edge,0.96,245.5,100.09,98.83,89.81,910.5,True,False,True,True,0,0.0,
4812,Rev4,4,W166,AE-3200,CH-A,EXT-09,Extreme Edge,0.96,278.2,101.0,94.28,93.16,961.9,False,True,True,True,0,0.0,
4813,Rev4,4,W166,AE-3200,CH-A,EXT-10,Extreme Edge,0.96,310.9,100.57,97.91,104.19,1030.4,True,False,False,True,1,3.7,pressure_spike
4814,Rev4,4,W166,AE-3200,CH-A,EXT-11,Extreme Edge,0.96,343.6,99.06,102.36,90.59,932.1,True,False,True,True,1,5.73,
4815,Rev10,10,W167,PX-7500,CH-C,C1,Center,0.0,0.0,93.72,86.77,95.67,976.0,True,False,False,True,2,10.04,polymer_residue
4816,Rev10,10,W167,PX-7500,CH-C,MID-01,Mid,0.52,30.0,100.04,86.55,90.43,1054.2,True,False,True,True,0,0.0,
4817,Rev10,10,W167,PX-7500,CH-C,MID-02,Mid,0.52,90.0,100.77,88.72,91.25,975.4,True,True,True,True,0,0.0,
4818,Rev10,10,W167,PX-7500,CH-C,MID-03,Mid,0.52,150.0,97.61,92.44,95.92,1000.5,True,True,False,True,0,0.0,
4819,Rev10,10,W167,PX-7500,CH-C,MID-04,Mid,0.52,210.0,94.38,94.35,89.83,1003.6,True,True,True,True,0,0.0,
4820,Rev10,10,W167,PX-7500,CH-C,MID-05,Mid,0.52,270.0,95.99,88.23,93.17,926.9,True,True,True,True,0,0.0,
4821,Rev10,10,W167,PX-7500,CH-C,MID-06,Mid,0.52,330.0,98.28,92.99,105.73,1159.5,True,True,False,False,0,0.0,
4822,Rev10,10,W167,PX-7500,CH-C,EDG-01,Edge,0.84,0.0,101.95,90.31,96.64,992.2,False,True,False,True,0,0.0,
4823,Rev10,10,W167,PX-7500,CH-C,EDG-02,Edge,0.84,32.7,101.45,91.85,98.47,1077.6,False,True,False,True,0,0.0,
4824,Rev10,10,W167,PX-7500,CH-C,EDG-03,Edge,0.84,65.5,95.25,87.46,101.26,1102.4,True,True,False,False,1,5.36,
4825,Rev10,10,W167,PX-7500,CH-C,EDG-04,Edge,0.84,98.2,102.6,93.78,95.74,1084.9,False,True,False,True,1,5.32,polymer_residue
4826,Rev10,10,W167,PX-7500,CH-C,EDG-05,Edge,0.84,130.9,98.6,91.17,97.17,972.5,True,True,False,True,0,0.0,
4827,Rev10,10,W167,PX-7500,CH-C,EDG-06,Edge,0.84,163.6,101.42,91.39,99.71,1009.7,False,True,False,True,0,0.0,
4828,Rev10,10,W167,PX-7500,CH-C,EDG-07,Edge,0.84,196.4,99.99,93.58,97.2,1109.4,True,True,False,False,0,0.0,
4829,Rev10,10,W167,PX-7500,CH-C,EDG-08,Edge,0.84,229.1,96.22,91.56,97.43,1167.3,True,True,False,False,1,4.33,
4830,Rev10,10,W167,PX-7500,CH-C,EDG-09,Edge,0.84,261.8,100.23,93.38,103.66,1087.5,True,True,False,True,0,0.0,
4831,Rev10,10,W167,PX-7500,CH-C,EDG-10,Edge,0.84,294.5,100.39,92.58,101.38,1089.2,True,True,False,True,1,6.4,
4832,Rev10,10,W167,PX-7500,CH-C,EDG-11,Edge,0.84,327.3,99.43,93.19,102.81,1038.9,True,True,False,True,0,0.0,
4833,Rev10,10,W167,PX-7500,CH-C,EXT-01,Extreme Edge,0.96,16.4,102.64,93.05,100.09,1165.8,False,True,False,False,1,6.11,
4834,Rev10,10,W167,PX-7500,CH-C,EXT-02,Extreme Edge,0.96,49.1,99.1,93.58,105.34,1082.4,True,True,False,True,0,0.0,
4835,Rev10,10,W167,PX-7500,CH-C,EXT-03,Extreme Edge,0.96,81.8,104.09,92.3,102.76,1068.9,False,True,False,True,0,0.0,
4836,Rev10,10,W167,PX-7500,CH-C,EXT-04,Extreme Edge,0.96,114.5,100.2,91.71,101.39,1104.5,True,True,False,False,1,1.95,
4837,Rev10,10,W167,PX-7500,CH-C,EXT-05,Extreme Edge,0.96,147.3,101.95,94.43,106.39,1094.8,False,True,False,False,2,4.27,
4838,Rev10,10,W167,PX-7500,CH-C,EXT-06,Extreme Edge,0.96,180.0,100.4,94.12,99.59,1108.3,True,True,False,False,2,5.16,
4839,Rev10,10,W167,PX-7500,CH-C,EXT-07,Extreme Edge,0.96,212.7,101.31,92.9,103.21,1089.2,False,True,False,True,0,0.0,
4840,Rev10,10,W167,PX-7500,CH-C,EXT-08,Extreme Edge,0.96,245.5,100.06,90.82,105.51,999.2,True,True,False,True,0,0.0,
4841,Rev10,10,W167,PX-7500,CH-C,EXT-09,Extreme Edge,0.96,278.2,100.31,92.31,98.53,1139.2,True,True,False,False,2,5.42,
4842,Rev10,10,W167,PX-7500,CH-C,EXT-10,Extreme Edge,0.96,310.9,100.62,93.28,100.42,1062.5,True,True,False,True,1,2.55,esc_temp_drift
4843,Rev10,10,W167,PX-7500,CH-C,EXT-11,Extreme Edge,0.96,343.6,98.51,95.7,91.1,1092.4,True,True,True,False,0,0.0,
4844,Rev5,5,W168,AE-3200,CH-B,C1,Center,0.0,0.0,97.04,92.83,79.98,968.0,True,True,True,True,0,0.0,
4845,Rev5,5,W168,AE-3200,CH-B,MID-01,Mid,0.52,30.0,98.54,94.3,81.91,1000.4,True,True,True,True,0,0.0,
4846,Rev5,5,W168,AE-3200,CH-B,MID-02,Mid,0.52,90.0,95.21,95.29,84.83,1065.2,True,True,True,True,0,0.0,
4847,Rev5,5,W168,AE-3200,CH-B,MID-03,Mid,0.52,150.0,100.22,90.33,72.89,943.5,True,True,False,True,1,6.22,polymer_residue
4848,Rev5,5,W168,AE-3200,CH-B,MID-04,Mid,0.52,210.0,98.38,95.8,83.93,940.9,True,True,True,True,1,3.21,
4849,Rev5,5,W168,AE-3200,CH-B,MID-05,Mid,0.52,270.0,101.1,95.34,84.82,873.5,False,True,True,False,1,3.76,esc_temp_drift
4850,Rev5,5,W168,AE-3200,CH-B,MID-06,Mid,0.52,330.0,98.43,90.23,86.27,784.4,True,True,True,False,0,0.0,
4851,Rev5,5,W168,AE-3200,CH-B,EDG-01,Edge,0.84,0.0,100.44,97.03,85.13,916.5,True,True,True,True,0,0.0,
4852,Rev5,5,W168,AE-3200,CH-B,EDG-02,Edge,0.84,32.7,102.32,97.18,83.06,931.6,False,True,True,True,0,0.0,
4853,Rev5,5,W168,AE-3200,CH-B,EDG-03,Edge,0.84,65.5,102.97,92.68,89.41,927.1,False,True,True,True,1,4.84,
4854,Rev5,5,W168,AE-3200,CH-B,EDG-04,Edge,0.84,98.2,99.56,98.82,88.57,1053.1,True,False,True,True,2,6.74,polymer_residue
4855,Rev5,5,W168,AE-3200,CH-B,EDG-05,Edge,0.84,130.9,99.82,102.2,88.86,938.9,True,False,True,True,0,0.0,
4856,Rev5,5,W168,AE-3200,CH-B,EDG-06,Edge,0.84,163.6,98.75,91.32,80.25,1040.7,True,True,True,True,0,0.0,
4857,Rev5,5,W168,AE-3200,CH-B,EDG-07,Edge,0.84,196.4,98.25,95.16,84.9,928.3,True,True,True,True,0,0.0,
4858,Rev5,5,W168,AE-3200,CH-B,EDG-08,Edge,0.84,229.1,101.81,88.94,88.52,980.2,False,True,True,True,0,0.0,
4859,Rev5,5,W168,AE-3200,CH-B,EDG-09,Edge,0.84,261.8,100.8,95.41,82.44,1024.1,False,True,True,True,0,0.0,
4860,Rev5,5,W168,AE-3200,CH-B,EDG-10,Edge,0.84,294.5,101.76,97.1,87.42,910.9,False,True,True,True,2,10.98,polymer_residue
4861,Rev5,5,W168,AE-3200,CH-B,EDG-11,Edge,0.84,327.3,101.25,91.0,80.71,923.8,False,True,True,True,0,0.0,
4862,Rev5,5,W168,AE-3200,CH-B,EXT-01,Extreme Edge,0.96,16.4,97.92,96.12,88.87,1001.4,True,True,True,True,2,7.21,
4863,Rev5,5,W168,AE-3200,CH-B,EXT-02,Extreme Edge,0.96,49.1,95.04,92.72,84.08,933.4,True,True,True,True,0,0.0,
4864,Rev5,5,W168,AE-3200,CH-B,EXT-03,Extreme Edge,0.96,81.8,101.44,96.88,84.15,1092.4,False,True,True,False,0,0.0,
4865,Rev5,5,W168,AE-3200,CH-B,EXT-04,Extreme Edge,0.96,114.5,99.93,98.32,85.92,899.9,True,False,True,True,1,3.17,
4866,Rev5,5,W168,AE-3200,CH-B,EXT-05,Extreme Edge,0.96,147.3,103.08,91.85,89.5,937.1,False,True,True,True,0,0.0,
4867,Rev5,5,W168,AE-3200,CH-B,EXT-06,Extreme Edge,0.96,180.0,102.31,95.23,85.85,944.3,False,True,True,True,0,0.0,
4868,Rev5,5,W168,AE-3200,CH-B,EXT-07,Extreme Edge,0.96,212.7,102.58,94.65,85.43,980.5,False,True,True,True,0,0.0,
4869,Rev5,5,W168,AE-3200,CH-B,EXT-08,Extreme Edge,0.96,245.5,101.75,94.66,87.62,975.3,False,True,True,True,1,5.45,esc_temp_drift
4870,Rev5,5,W168,AE-3200,CH-B,EXT-09,Extreme Edge,0.96,278.2,104.12,98.09,90.84,936.9,False,False,True,True,1,2.38,endpoint_late
4871,Rev5,5,W168,AE-3200,CH-B,EXT-10,Extreme Edge,0.96,310.9,101.32,93.76,89.94,1051.0,False,True,True,True,1,3.18,esc_temp_drift
4872,Rev5,5,W168,AE-3200,CH-B,EXT-11,Extreme Edge,0.96,343.6,101.3,97.73,91.6,953.8,False,False,True,True,0,0.0,
4873,Rev1,1,W169,AE-3200,CH-B,C1,Center,0.0,0.0,91.81,95.21,75.35,995.3,True,True,False,True,0,0.0,
4874,Rev1,1,W169,AE-3200,CH-B,MID-01,Mid,0.52,30.0,95.38,98.99,91.31,1031.2,True,False,True,True,0,0.0,
4875,Rev1,1,W169,AE-3200,CH-B,MID-02,Mid,0.52,90.0,93.35,95.23,89.75,946.0,True,True,True,True,0,0.0,
4876,Rev1,1,W169,AE-3200,CH-B,MID-03,Mid,0.52,150.0,95.68,97.48,88.17,935.0,True,True,True,True,0,0.0,
4877,Rev1,1,W169,AE-3200,CH-B,MID-04,Mid,0.52,210.0,94.19,99.16,78.88,941.3,True,False,True,True,0,0.0,
4878,Rev1,1,W169,AE-3200,CH-B,MID-05,Mid,0.52,270.0,95.64,97.92,81.71,947.3,True,False,True,True,0,0.0,
4879,Rev1,1,W169,AE-3200,CH-B,MID-06,Mid,0.52,330.0,93.12,96.07,77.64,960.0,True,True,False,True,1,5.57,arc_event
4880,Rev1,1,W169,AE-3200,CH-B,EDG-01,Edge,0.84,0.0,96.61,100.78,93.13,991.2,True,False,True,True,0,0.0,
4881,Rev1,1,W169,AE-3200,CH-B,EDG-02,Edge,0.84,32.7,94.66,99.58,88.46,891.4,True,False,True,True,1,2.59,
4882,Rev1,1,W169,AE-3200,CH-B,EDG-03,Edge,0.84,65.5,100.92,99.11,84.7,955.4,False,False,True,True,0,0.0,
4883,Rev1,1,W169,AE-3200,CH-B,EDG-04,Edge,0.84,98.2,96.14,100.2,78.98,896.5,True,False,True,True,1,2.44,polymer_residue
4884,Rev1,1,W169,AE-3200,CH-B,EDG-05,Edge,0.84,130.9,92.4,99.16,86.16,958.1,True,False,True,True,0,0.0,
4885,Rev1,1,W169,AE-3200,CH-B,EDG-06,Edge,0.84,163.6,101.82,99.28,80.62,842.1,False,False,True,False,0,0.0,
4886,Rev1,1,W169,AE-3200,CH-B,EDG-07,Edge,0.84,196.4,96.61,99.09,82.44,990.9,True,False,True,True,0,0.0,
4887,Rev1,1,W169,AE-3200,CH-B,EDG-08,Edge,0.84,229.1,96.29,103.45,88.35,960.6,True,False,True,True,1,6.29,
4888,Rev1,1,W169,AE-3200,CH-B,EDG-09,Edge,0.84,261.8,101.45,99.92,89.22,1012.0,False,False,True,True,0,0.0,
4889,Rev1,1,W169,AE-3200,CH-B,EDG-10,Edge,0.84,294.5,98.52,99.32,83.16,978.2,True,False,True,True,2,12.24,
4890,Rev1,1,W169,AE-3200,CH-B,EDG-11,Edge,0.84,327.3,96.13,99.19,84.02,898.5,True,False,True,True,0,0.0,
4891,Rev1,1,W169,AE-3200,CH-B,EXT-01,Extreme Edge,0.96,16.4,97.21,98.96,94.2,998.9,True,False,True,True,0,0.0,
4892,Rev1,1,W169,AE-3200,CH-B,EXT-02,Extreme Edge,0.96,49.1,97.14,99.04,86.41,968.6,True,False,True,True,0,0.0,
4893,Rev1,1,W169,AE-3200,CH-B,EXT-03,Extreme Edge,0.96,81.8,98.49,97.18,80.68,1035.8,True,True,True,True,1,5.62,arc_event
4894,Rev1,1,W169,AE-3200,CH-B,EXT-04,Extreme Edge,0.96,114.5,101.13,100.97,81.7,995.9,False,False,True,True,1,3.55,arc_event
4895,Rev1,1,W169,AE-3200,CH-B,EXT-05,Extreme Edge,0.96,147.3,94.86,99.49,82.26,948.8,True,False,True,True,0,0.0,
4896,Rev1,1,W169,AE-3200,CH-B,EXT-06,Extreme Edge,0.96,180.0,96.8,99.35,88.19,986.7,True,False,True,True,0,0.0,
4897,Rev1,1,W169,AE-3200,CH-B,EXT-07,Extreme Edge,0.96,212.7,100.94,96.23,80.58,919.8,False,True,True,True,3,16.45,esc_temp_drift
4898,Rev1,1,W169,AE-3200,CH-B,EXT-08,Extreme Edge,0.96,245.5,98.36,98.06,83.34,1027.8,True,False,True,True,1,2.75,polymer_residue
4899,Rev1,1,W169,AE-3200,CH-B,EXT-09,Extreme Edge,0.96,278.2,95.52,100.0,84.95,996.6,True,False,True,True,1,6.39,polymer_residue
4900,Rev1,1,W169,AE-3200,CH-B,EXT-10,Extreme Edge,0.96,310.9,98.16,101.31,86.84,999.9,True,False,True,True,0,0.0,
4901,Rev1,1,W169,AE-3200,CH-B,EXT-11,Extreme Edge,0.96,343.6,95.63,98.46,93.6,1004.0,True,False,True,True,0,0.0,
4902,Rev6,6,W170,PX-7500,CH-C,C1,Center,0.0,0.0,96.78,88.94,100.24,1073.3,True,True,False,True,0,0.0,
4903,Rev6,6,W170,PX-7500,CH-C,MID-01,Mid,0.52,30.0,95.91,91.97,86.42,967.8,True,True,True,True,0,0.0,
4904,Rev6,6,W170,PX-7500,CH-C,MID-02,Mid,0.52,90.0,97.58,93.71,89.57,1009.8,True,True,True,True,0,0.0,
4905,Rev6,6,W170,PX-7500,CH-C,MID-03,Mid,0.52,150.0,95.5,94.23,82.03,1021.6,True,True,True,True,0,0.0,
4906,Rev6,6,W170,PX-7500,CH-C,MID-04,Mid,0.52,210.0,98.76,97.02,84.71,1028.6,True,True,True,True,0,0.0,
4907,Rev6,6,W170,PX-7500,CH-C,MID-05,Mid,0.52,270.0,97.29,89.22,86.18,946.3,True,True,True,True,0,0.0,
4908,Rev6,6,W170,PX-7500,CH-C,MID-06,Mid,0.52,330.0,96.77,99.25,91.19,1005.6,True,False,True,True,0,0.0,
4909,Rev6,6,W170,PX-7500,CH-C,EDG-01,Edge,0.84,0.0,101.81,96.41,92.65,1018.2,False,True,True,True,0,0.0,
4910,Rev6,6,W170,PX-7500,CH-C,EDG-02,Edge,0.84,32.7,94.67,94.9,89.77,1072.3,True,True,True,True,1,5.07,
4911,Rev6,6,W170,PX-7500,CH-C,EDG-03,Edge,0.84,65.5,97.56,91.99,94.37,948.8,True,True,True,True,0,0.0,
4912,Rev6,6,W170,PX-7500,CH-C,EDG-04,Edge,0.84,98.2,99.49,95.52,90.32,1083.1,True,True,True,True,1,4.93,
4913,Rev6,6,W170,PX-7500,CH-C,EDG-05,Edge,0.84,130.9,101.25,97.06,86.57,1049.0,False,True,True,True,0,0.0,
4914,Rev6,6,W170,PX-7500,CH-C,EDG-06,Edge,0.84,163.6,93.78,95.04,83.49,1018.4,True,True,True,True,1,3.33,endpoint_late
4915,Rev6,6,W170,PX-7500,CH-C,EDG-07,Edge,0.84,196.4,96.36,96.29,86.9,989.0,True,True,True,True,0,0.0,
4916,Rev6,6,W170,PX-7500,CH-C,EDG-08,Edge,0.84,229.1,99.79,95.12,94.14,1052.4,True,True,True,True,1,2.98,
4917,Rev6,6,W170,PX-7500,CH-C,EDG-09,Edge,0.84,261.8,99.17,93.06,91.66,1017.9,True,True,True,True,0,0.0,
4918,Rev6,6,W170,PX-7500,CH-C,EDG-10,Edge,0.84,294.5,96.1,94.07,90.69,1099.5,True,True,True,False,1,5.82,arc_event
4919,Rev6,6,W170,PX-7500,CH-C,EDG-11,Edge,0.84,327.3,102.28,90.28,97.44,1055.9,False,True,False,True,0,0.0,
4920,Rev6,6,W170,PX-7500,CH-C,EXT-01,Extreme Edge,0.96,16.4,100.79,96.0,94.41,953.1,True,True,True,True,1,5.35,
4921,Rev6,6,W170,PX-7500,CH-C,EXT-02,Extreme Edge,0.96,49.1,98.7,96.01,88.34,1015.3,True,True,True,True,0,0.0,
4922,Rev6,6,W170,PX-7500,CH-C,EXT-03,Extreme Edge,0.96,81.8,95.48,94.63,94.49,1083.2,True,True,True,True,0,0.0,
4923,Rev6,6,W170,PX-7500,CH-C,EXT-04,Extreme Edge,0.96,114.5,98.01,96.25,92.0,1058.5,True,True,True,True,2,4.43,
4924,Rev6,6,W170,PX-7500,CH-C,EXT-05,Extreme Edge,0.96,147.3,98.48,93.04,87.61,1030.4,True,True,True,True,0,0.0,
4925,Rev6,6,W170,PX-7500,CH-C,EXT-06,Extreme Edge,0.96,180.0,101.77,95.09,93.88,1133.1,False,True,True,False,2,11.62,
4926,Rev6,6,W170,PX-7500,CH-C,EXT-07,Extreme Edge,0.96,212.7,101.05,97.05,92.15,1009.2,False,True,True,True,1,6.35,pressure_spike
4927,Rev6,6,W170,PX-7500,CH-C,EXT-08,Extreme Edge,0.96,245.5,100.03,94.32,94.1,968.8,True,True,True,True,0,0.0,
4928,Rev6,6,W170,PX-7500,CH-C,EXT-09,Extreme Edge,0.96,278.2,100.71,96.72,94.45,980.1,True,True,True,True,0,0.0,
4929,Rev6,6,W170,PX-7500,CH-C,EXT-10,Extreme Edge,0.96,310.9,99.09,94.19,89.15,1123.3,True,True,True,False,0,0.0,
4930,Rev6,6,W170,PX-7500,CH-C,EXT-11,Extreme Edge,0.96,343.6,99.98,95.02,92.28,1034.5,True,True,True,True,0,0.0,
4931,Rev7,7,W171,PX-7500,CH-D,C1,Center,0.0,0.0,93.42,89.07,88.75,1095.3,True,True,True,False,0,0.0,
4932,Rev7,7,W171,PX-7500,CH-D,MID-01,Mid,0.52,30.0,93.24,95.28,92.65,1039.2,True,True,True,True,0,0.0,
4933,Rev7,7,W171,PX-7500,CH-D,MID-02,Mid,0.52,90.0,96.38,94.47,86.98,943.5,True,True,True,True,1,4.68,endpoint_late
4934,Rev7,7,W171,PX-7500,CH-D,MID-03,Mid,0.52,150.0,99.28,89.58,90.21,988.1,True,True,True,True,0,0.0,
4935,Rev7,7,W171,PX-7500,CH-D,MID-04,Mid,0.52,210.0,95.09,94.48,91.4,1149.2,True,True,True,False,0,0.0,
4936,Rev7,7,W171,PX-7500,CH-D,MID-05,Mid,0.52,270.0,96.47,92.89,89.01,1154.0,True,True,True,False,0,0.0,
4937,Rev7,7,W171,PX-7500,CH-D,MID-06,Mid,0.52,330.0,97.07,95.65,86.67,954.7,True,True,True,True,0,0.0,
4938,Rev7,7,W171,PX-7500,CH-D,EDG-01,Edge,0.84,0.0,100.17,92.16,86.04,1086.2,True,True,True,True,1,3.58,esc_temp_drift
4939,Rev7,7,W171,PX-7500,CH-D,EDG-02,Edge,0.84,32.7,94.76,94.9,95.1,1094.7,True,True,False,False,0,0.0,
4940,Rev7,7,W171,PX-7500,CH-D,EDG-03,Edge,0.84,65.5,100.38,95.53,90.9,1060.6,True,True,True,True,0,0.0,
4941,Rev7,7,W171,PX-7500,CH-D,EDG-04,Edge,0.84,98.2,96.47,91.64,85.8,1039.8,True,True,True,True,0,0.0,
4942,Rev7,7,W171,PX-7500,CH-D,EDG-05,Edge,0.84,130.9,99.6,93.94,83.89,1026.9,True,True,True,True,0,0.0,
4943,Rev7,7,W171,PX-7500,CH-D,EDG-06,Edge,0.84,163.6,99.57,92.55,87.27,1057.5,True,True,True,True,1,1.93,polymer_residue
4944,Rev7,7,W171,PX-7500,CH-D,EDG-07,Edge,0.84,196.4,101.25,92.8,91.5,1058.9,False,True,True,True,0,0.0,
4945,Rev7,7,W171,PX-7500,CH-D,EDG-08,Edge,0.84,229.1,98.51,98.54,86.39,1100.3,True,False,True,False,0,0.0,
4946,Rev7,7,W171,PX-7500,CH-D,EDG-09,Edge,0.84,261.8,98.52,94.03,91.29,1120.2,True,True,True,False,1,1.98,polymer_residue
4947,Rev7,7,W171,PX-7500,CH-D,EDG-10,Edge,0.84,294.5,98.79,93.37,85.62,1056.8,True,True,True,True,0,0.0,
4948,Rev7,7,W171,PX-7500,CH-D,EDG-11,Edge,0.84,327.3,99.75,97.43,92.37,1010.5,True,True,True,True,1,4.71,
4949,Rev7,7,W171,PX-7500,CH-D,EXT-01,Extreme Edge,0.96,16.4,98.79,98.27,89.61,1114.7,True,False,True,False,3,15.35,esc_temp_drift
4950,Rev7,7,W171,PX-7500,CH-D,EXT-02,Extreme Edge,0.96,49.1,100.67,97.43,94.22,1005.2,True,True,True,True,2,10.09,polymer_residue
4951,Rev7,7,W171,PX-7500,CH-D,EXT-03,Extreme Edge,0.96,81.8,98.19,94.14,85.4,986.9,True,True,True,True,0,0.0,
4952,Rev7,7,W171,PX-7500,CH-D,EXT-04,Extreme Edge,0.96,114.5,99.64,96.86,86.93,1160.6,True,True,True,False,1,5.87,
4953,Rev7,7,W171,PX-7500,CH-D,EXT-05,Extreme Edge,0.96,147.3,100.47,97.1,95.91,1093.4,True,True,False,False,1,2.65,
4954,Rev7,7,W171,PX-7500,CH-D,EXT-06,Extreme Edge,0.96,180.0,97.3,92.14,82.6,1097.7,True,True,True,False,1,5.33,
4955,Rev7,7,W171,PX-7500,CH-D,EXT-07,Extreme Edge,0.96,212.7,101.45,94.75,96.2,964.4,False,True,False,True,0,0.0,
4956,Rev7,7,W171,PX-7500,CH-D,EXT-08,Extreme Edge,0.96,245.5,100.77,97.63,84.02,1161.0,True,False,True,False,3,7.08,
4957,Rev7,7,W171,PX-7500,CH-D,EXT-09,Extreme Edge,0.96,278.2,97.95,95.49,82.35,1116.4,True,True,True,False,1,3.97,polymer_residue
4958,Rev7,7,W171,PX-7500,CH-D,EXT-10,Extreme Edge,0.96,310.9,96.72,98.04,87.32,1146.0,True,False,True,False,2,9.57,polymer_residue
4959,Rev7,7,W171,PX-7500,CH-D,EXT-11,Extreme Edge,0.96,343.6,100.22,98.08,84.46,1045.8,True,False,True,True,1,3.04,
4960,Rev7,7,W172,PX-7500,CH-D,C1,Center,0.0,0.0,99.89,91.53,85.42,979.0,True,True,True,True,0,0.0,
4961,Rev7,7,W172,PX-7500,CH-D,MID-01,Mid,0.52,30.0,98.94,91.0,93.36,1045.8,True,True,True,True,0,0.0,
4962,Rev7,7,W172,PX-7500,CH-D,MID-02,Mid,0.52,90.0,101.08,91.87,90.12,1091.1,False,True,True,False,0,0.0,
4963,Rev7,7,W172,PX-7500,CH-D,MID-03,Mid,0.52,150.0,99.57,96.59,86.08,1201.8,True,True,True,False,0,0.0,
4964,Rev7,7,W172,PX-7500,CH-D,MID-04,Mid,0.52,210.0,98.66,93.2,81.32,1090.6,True,True,True,False,0,0.0,
4965,Rev7,7,W172,PX-7500,CH-D,MID-05,Mid,0.52,270.0,98.34,93.47,86.77,1079.9,True,True,True,True,0,0.0,
4966,Rev7,7,W172,PX-7500,CH-D,MID-06,Mid,0.52,330.0,97.62,95.36,85.8,1105.2,True,True,True,False,0,0.0,
4967,Rev7,7,W172,PX-7500,CH-D,EDG-01,Edge,0.84,0.0,103.12,102.66,82.42,1024.7,False,False,True,True,2,10.45,polymer_residue
4968,Rev7,7,W172,PX-7500,CH-D,EDG-02,Edge,0.84,32.7,101.03,97.83,91.48,1036.3,False,False,True,True,2,10.81,polymer_residue
4969,Rev7,7,W172,PX-7500,CH-D,EDG-03,Edge,0.84,65.5,101.48,101.19,77.72,1056.2,False,False,False,True,1,1.95,
4970,Rev7,7,W172,PX-7500,CH-D,EDG-04,Edge,0.84,98.2,98.14,91.12,95.18,1088.7,True,True,False,True,0,0.0,
4971,Rev7,7,W172,PX-7500,CH-D,EDG-05,Edge,0.84,130.9,101.41,99.67,88.28,1041.8,False,False,True,True,0,0.0,
4972,Rev7,7,W172,PX-7500,CH-D,EDG-06,Edge,0.84,163.6,98.36,93.46,90.04,1041.4,True,True,True,True,0,0.0,
4973,Rev7,7,W172,PX-7500,CH-D,EDG-07,Edge,0.84,196.4,99.93,91.25,84.61,1095.5,True,True,True,False,1,2.44,polymer_residue
4974,Rev7,7,W172,PX-7500,CH-D,EDG-08,Edge,0.84,229.1,103.39,94.51,90.2,1193.7,False,True,True,False,1,2.18,
4975,Rev7,7,W172,PX-7500,CH-D,EDG-09,Edge,0.84,261.8,98.92,97.0,89.49,1028.4,True,True,True,True,1,3.19,
4976,Rev7,7,W172,PX-7500,CH-D,EDG-10,Edge,0.84,294.5,99.81,97.78,92.35,1176.6,True,False,True,False,0,0.0,
4977,Rev7,7,W172,PX-7500,CH-D,EDG-11,Edge,0.84,327.3,98.26,95.39,90.93,1026.3,True,True,True,True,3,16.52,polymer_residue
4978,Rev7,7,W172,PX-7500,CH-D,EXT-01,Extreme Edge,0.96,16.4,103.47,91.01,90.71,1042.8,False,True,True,True,1,3.11,
4979,Rev7,7,W172,PX-7500,CH-D,EXT-02,Extreme Edge,0.96,49.1,98.34,98.76,89.12,1029.1,True,False,True,True,1,2.67,
4980,Rev7,7,W172,PX-7500,CH-D,EXT-03,Extreme Edge,0.96,81.8,100.72,95.58,91.54,985.1,True,True,True,True,1,2.18,pressure_spike
4981,Rev7,7,W172,PX-7500,CH-D,EXT-04,Extreme Edge,0.96,114.5,100.7,102.07,89.6,1063.9,True,False,True,True,0,0.0,
4982,Rev7,7,W172,PX-7500,CH-D,EXT-05,Extreme Edge,0.96,147.3,103.18,98.22,96.27,1055.9,False,False,False,True,1,2.12,
4983,Rev7,7,W172,PX-7500,CH-D,EXT-06,Extreme Edge,0.96,180.0,104.36,93.85,89.94,984.4,False,True,True,True,0,0.0,
4984,Rev7,7,W172,PX-7500,CH-D,EXT-07,Extreme Edge,0.96,212.7,99.43,100.08,90.1,1123.0,True,False,True,False,0,0.0,
4985,Rev7,7,W172,PX-7500,CH-D,EXT-08,Extreme Edge,0.96,245.5,98.49,98.1,90.25,1095.8,True,False,True,False,3,9.98,polymer_residue
4986,Rev7,7,W172,PX-7500,CH-D,EXT-09,Extreme Edge,0.96,278.2,102.3,97.46,89.14,1065.7,False,True,True,True,0,0.0,
4987,Rev7,7,W172,PX-7500,CH-D,EXT-10,Extreme Edge,0.96,310.9,100.21,93.75,92.09,1177.9,True,True,True,False,1,5.38,esc_temp_drift
4988,Rev7,7,W172,PX-7500,CH-D,EXT-11,Extreme Edge,0.96,343.6,99.89,93.08,92.13,1135.3,True,True,True,False,1,3.24,endpoint_late
4989,Rev4,4,W173,AE-3200,CH-A,C1,Center,0.0,0.0,93.99,94.92,88.21,846.0,True,True,True,False,1,3.77,
4990,Rev4,4,W173,AE-3200,CH-A,MID-01,Mid,0.52,30.0,94.38,96.37,89.58,1028.6,True,True,True,True,0,0.0,
4991,Rev4,4,W173,AE-3200,CH-A,MID-02,Mid,0.52,90.0,102.45,98.2,85.0,971.2,False,False,True,True,0,0.0,
4992,Rev4,4,W173,AE-3200,CH-A,MID-03,Mid,0.52,150.0,97.46,95.67,93.3,983.6,True,True,True,True,0,0.0,
4993,Rev4,4,W173,AE-3200,CH-A,MID-04,Mid,0.52,210.0,97.05,99.6,86.72,975.7,True,False,True,True,0,0.0,
4994,Rev4,4,W173,AE-3200,CH-A,MID-05,Mid,0.52,270.0,102.18,97.49,93.86,950.5,False,True,True,True,0,0.0,
4995,Rev4,4,W173,AE-3200,CH-A,MID-06,Mid,0.52,330.0,95.39,92.82,84.67,912.2,True,True,True,True,0,0.0,
4996,Rev4,4,W173,AE-3200,CH-A,EDG-01,Edge,0.84,0.0,101.16,98.12,88.74,1064.2,False,False,True,True,0,0.0,
4997,Rev4,4,W173,AE-3200,CH-A,EDG-02,Edge,0.84,32.7,100.27,96.78,88.37,1090.8,True,True,True,False,0,0.0,
4998,Rev4,4,W173,AE-3200,CH-A,EDG-03,Edge,0.84,65.5,97.97,100.91,88.79,1045.3,True,False,True,True,0,0.0,
4999,Rev4,4,W173,AE-3200,CH-A,EDG-04,Edge,0.84,98.2,98.11,99.2,88.36,926.0,True,False,True,True,0,0.0,
5000,Rev4,4,W173,AE-3200,CH-A,EDG-05,Edge,0.84,130.9,101.72,99.06,87.7,1018.9,False,False,True,True,0,0.0,
5001,Rev4,4,W173,AE-3200,CH-A,EDG-06,Edge,0.84,163.6,97.77,100.68,99.57,1021.7,True,False,False,True,0,0.0,
5002,Rev4,4,W173,AE-3200,CH-A,EDG-07,Edge,0.84,196.4,99.63,99.8,85.44,940.0,True,False,True,True,0,0.0,
5003,Rev4,4,W173,AE-3200,CH-A,EDG-08,Edge,0.84,229.1,98.87,98.01,93.42,941.7,True,False,True,True,0,0.0,
5004,Rev4,4,W173,AE-3200,CH-A,EDG-09,Edge,0.84,261.8,99.73,102.66,90.27,1075.4,True,False,True,True,0,0.0,
5005,Rev4,4,W173,AE-3200,CH-A,EDG-10,Edge,0.84,294.5,100.25,96.12,83.38,978.1,True,True,True,True,2,9.5,
5006,Rev4,4,W173,AE-3200,CH-A,EDG-11,Edge,0.84,327.3,101.1,101.21,95.41,1005.8,False,False,False,True,0,0.0,
5007,Rev4,4,W173,AE-3200,CH-A,EXT-01,Extreme Edge,0.96,16.4,100.09,95.19,93.81,1005.8,True,True,True,True,2,10.87,
5008,Rev4,4,W173,AE-3200,CH-A,EXT-02,Extreme Edge,0.96,49.1,103.15,96.59,92.03,910.8,False,True,True,True,0,0.0,
5009,Rev4,4,W173,AE-3200,CH-A,EXT-03,Extreme Edge,0.96,81.8,103.58,98.72,93.04,995.4,False,False,True,True,1,4.53,
5010,Rev4,4,W173,AE-3200,CH-A,EXT-04,Extreme Edge,0.96,114.5,97.96,98.57,95.15,924.3,True,False,False,True,0,0.0,
5011,Rev4,4,W173,AE-3200,CH-A,EXT-05,Extreme Edge,0.96,147.3,100.0,99.51,85.42,1009.7,True,False,True,True,1,4.51,
5012,Rev4,4,W173,AE-3200,CH-A,EXT-06,Extreme Edge,0.96,180.0,104.18,100.37,90.02,1001.6,False,False,True,True,1,2.98,
5013,Rev4,4,W173,AE-3200,CH-A,EXT-07,Extreme Edge,0.96,212.7,103.32,103.03,93.98,964.7,False,False,True,True,0,0.0,
5014,Rev4,4,W173,AE-3200,CH-A,EXT-08,Extreme Edge,0.96,245.5,100.8,102.1,87.14,959.1,False,False,True,True,0,0.0,
5015,Rev4,4,W173,AE-3200,CH-A,EXT-09,Extreme Edge,0.96,278.2,100.53,102.6,92.01,1027.6,True,False,True,True,0,0.0,
5016,Rev4,4,W173,AE-3200,CH-A,EXT-10,Extreme Edge,0.96,310.9,101.2,97.24,93.35,972.6,False,True,True,True,1,5.25,polymer_residue
5017,Rev4,4,W173,AE-3200,CH-A,EXT-11,Extreme Edge,0.96,343.6,98.65,100.45,87.47,1017.8,True,False,True,True,1,5.14,polymer_residue
5018,Rev3,3,W174,PX-7500,CH-D,C1,Center,0.0,0.0,95.0,96.71,85.08,898.2,True,True,True,True,0,0.0,
5019,Rev3,3,W174,PX-7500,CH-D,MID-01,Mid,0.52,30.0,97.31,96.17,87.47,1038.6,True,True,True,True,1,3.38,
5020,Rev3,3,W174,PX-7500,CH-D,MID-02,Mid,0.52,90.0,94.39,99.19,87.63,965.0,True,False,True,True,0,0.0,
5021,Rev3,3,W174,PX-7500,CH-D,MID-03,Mid,0.52,150.0,95.55,98.78,89.57,952.1,True,False,True,True,1,3.41,arc_event
5022,Rev3,3,W174,PX-7500,CH-D,MID-04,Mid,0.52,210.0,98.88,95.11,90.28,1001.1,True,True,True,True,0,0.0,
5023,Rev3,3,W174,PX-7500,CH-D,MID-05,Mid,0.52,270.0,94.4,95.63,91.08,966.9,True,True,True,True,1,5.93,polymer_residue
5024,Rev3,3,W174,PX-7500,CH-D,MID-06,Mid,0.52,330.0,96.61,93.66,89.25,900.1,True,True,True,True,0,0.0,
5025,Rev3,3,W174,PX-7500,CH-D,EDG-01,Edge,0.84,0.0,99.96,96.94,90.27,1060.9,True,True,True,True,0,0.0,
5026,Rev3,3,W174,PX-7500,CH-D,EDG-02,Edge,0.84,32.7,96.05,93.88,84.44,1053.2,True,True,True,True,0,0.0,
5027,Rev3,3,W174,PX-7500,CH-D,EDG-03,Edge,0.84,65.5,97.93,99.43,91.68,906.1,True,False,True,True,1,4.02,polymer_residue
5028,Rev3,3,W174,PX-7500,CH-D,EDG-04,Edge,0.84,98.2,97.16,93.6,95.48,995.6,True,True,False,True,0,0.0,
5029,Rev3,3,W174,PX-7500,CH-D,EDG-05,Edge,0.84,130.9,95.63,98.65,94.91,998.0,True,False,False,True,2,11.07,
5030,Rev3,3,W174,PX-7500,CH-D,EDG-06,Edge,0.84,163.6,101.01,101.52,95.7,1064.6,False,False,False,True,2,12.56,
5031,Rev3,3,W174,PX-7500,CH-D,EDG-07,Edge,0.84,196.4,98.83,97.75,87.45,930.9,True,False,True,True,1,2.53,
5032,Rev3,3,W174,PX-7500,CH-D,EDG-08,Edge,0.84,229.1,97.6,101.14,93.21,1053.2,True,False,True,True,1,2.13,pressure_spike
5033,Rev3,3,W174,PX-7500,CH-D,EDG-09,Edge,0.84,261.8,101.7,98.5,95.44,913.5,False,False,False,True,1,2.21,
5034,Rev3,3,W174,PX-7500,CH-D,EDG-10,Edge,0.84,294.5,97.56,100.78,87.46,1069.7,True,False,True,True,1,3.68,endpoint_late
5035,Rev3,3,W174,PX-7500,CH-D,EDG-11,Edge,0.84,327.3,97.66,98.73,93.82,972.8,True,False,True,True,1,4.99,polymer_residue
5036,Rev3,3,W174,PX-7500,CH-D,EXT-01,Extreme Edge,0.96,16.4,100.57,94.85,89.52,1038.5,True,True,True,True,1,5.55,
5037,Rev3,3,W174,PX-7500,CH-D,EXT-02,Extreme Edge,0.96,49.1,98.74,96.47,97.47,1007.3,True,True,False,True,0,0.0,
5038,Rev3,3,W174,PX-7500,CH-D,EXT-03,Extreme Edge,0.96,81.8,98.41,98.67,91.05,984.3,True,False,True,True,2,6.96,arc_event
5039,Rev3,3,W174,PX-7500,CH-D,EXT-04,Extreme Edge,0.96,114.5,95.77,92.38,94.3,1013.9,True,True,True,True,0,0.0,
5040,Rev3,3,W174,PX-7500,CH-D,EXT-05,Extreme Edge,0.96,147.3,99.8,98.84,92.4,923.4,True,False,True,True,2,11.54,pressure_spike
5041,Rev3,3,W174,PX-7500,CH-D,EXT-06,Extreme Edge,0.96,180.0,96.81,99.85,93.28,1031.4,True,False,True,True,0,0.0,
5042,Rev3,3,W174,PX-7500,CH-D,EXT-07,Extreme Edge,0.96,212.7,97.29,99.43,94.21,960.3,True,False,True,True,1,5.64,esc_temp_drift
5043,Rev3,3,W174,PX-7500,CH-D,EXT-08,Extreme Edge,0.96,245.5,103.68,96.17,89.99,1007.0,False,True,True,True,2,8.29,esc_temp_drift
5044,Rev3,3,W174,PX-7500,CH-D,EXT-09,Extreme Edge,0.96,278.2,99.66,95.96,87.71,1071.4,True,True,True,True,1,1.92,polymer_residue
5045,Rev3,3,W174,PX-7500,CH-D,EXT-10,Extreme Edge,0.96,310.9,97.43,93.14,97.35,1026.0,True,True,False,True,3,15.72,polymer_residue
5046,Rev3,3,W174,PX-7500,CH-D,EXT-11,Extreme Edge,0.96,343.6,95.92,102.25,83.64,992.1,True,False,True,True,0,0.0,
5047,Base,0,W175,AE-3200,CH-A,C1,Center,0.0,0.0,99.91,93.39,87.96,915.4,True,True,True,True,0,0.0,
5048,Base,0,W175,AE-3200,CH-A,MID-01,Mid,0.52,30.0,96.12,95.33,91.2,1062.1,True,True,True,True,0,0.0,
5049,Base,0,W175,AE-3200,CH-A,MID-02,Mid,0.52,90.0,96.26,90.54,89.15,987.7,True,True,True,True,0,0.0,
5050,Base,0,W175,AE-3200,CH-A,MID-03,Mid,0.52,150.0,102.49,94.51,86.63,1074.2,False,True,True,True,0,0.0,
5051,Base,0,W175,AE-3200,CH-A,MID-04,Mid,0.52,210.0,97.87,90.68,85.17,978.8,True,True,True,True,1,5.75,
5052,Base,0,W175,AE-3200,CH-A,MID-05,Mid,0.52,270.0,99.79,94.65,98.86,1005.4,True,True,False,True,0,0.0,
5053,Base,0,W175,AE-3200,CH-A,MID-06,Mid,0.52,330.0,100.91,96.66,85.86,1076.4,False,True,True,True,0,0.0,
5054,Base,0,W175,AE-3200,CH-A,EDG-01,Edge,0.84,0.0,101.65,97.98,90.67,1015.3,False,False,True,True,1,4.57,polymer_residue
5055,Base,0,W175,AE-3200,CH-A,EDG-02,Edge,0.84,32.7,101.04,94.96,94.88,1022.4,False,True,False,True,2,12.05,polymer_residue
5056,Base,0,W175,AE-3200,CH-A,EDG-03,Edge,0.84,65.5,101.41,98.92,90.05,1002.3,False,False,True,True,0,0.0,
5057,Base,0,W175,AE-3200,CH-A,EDG-04,Edge,0.84,98.2,97.36,95.21,86.68,1000.5,True,True,True,True,0,0.0,
5058,Base,0,W175,AE-3200,CH-A,EDG-05,Edge,0.84,130.9,101.91,96.93,87.96,1020.7,False,True,True,True,0,0.0,
5059,Base,0,W175,AE-3200,CH-A,EDG-06,Edge,0.84,163.6,103.72,96.69,88.17,1112.5,False,True,True,False,0,0.0,
5060,Base,0,W175,AE-3200,CH-A,EDG-07,Edge,0.84,196.4,99.02,98.7,96.93,1019.7,True,False,False,True,0,0.0,
5061,Base,0,W175,AE-3200,CH-A,EDG-08,Edge,0.84,229.1,101.57,98.79,89.81,867.4,False,False,True,False,3,16.02,polymer_residue
5062,Base,0,W175,AE-3200,CH-A,EDG-09,Edge,0.84,261.8,104.31,94.61,87.6,1063.9,False,True,True,True,0,0.0,
5063,Base,0,W175,AE-3200,CH-A,EDG-10,Edge,0.84,294.5,98.15,99.05,83.83,1058.5,True,False,True,True,2,7.54,
5064,Base,0,W175,AE-3200,CH-A,EDG-11,Edge,0.84,327.3,97.3,100.3,90.66,1027.4,True,False,True,True,1,3.09,polymer_residue
5065,Base,0,W175,AE-3200,CH-A,EXT-01,Extreme Edge,0.96,16.4,104.88,95.54,80.98,1104.4,False,True,True,False,1,4.15,
5066,Base,0,W175,AE-3200,CH-A,EXT-02,Extreme Edge,0.96,49.1,100.81,97.84,94.91,1086.9,False,False,False,True,1,4.67,
5067,Base,0,W175,AE-3200,CH-A,EXT-03,Extreme Edge,0.96,81.8,103.75,93.49,87.95,1027.4,False,True,True,True,1,4.42,pressure_spike
5068,Base,0,W175,AE-3200,CH-A,EXT-04,Extreme Edge,0.96,114.5,100.39,96.83,88.14,1138.0,True,True,True,False,0,0.0,
5069,Base,0,W175,AE-3200,CH-A,EXT-05,Extreme Edge,0.96,147.3,102.67,98.38,86.19,1016.6,False,False,True,True,1,5.85,
5070,Base,0,W175,AE-3200,CH-A,EXT-06,Extreme Edge,0.96,180.0,101.67,101.93,83.57,1057.6,False,False,True,True,0,0.0,
5071,Base,0,W175,AE-3200,CH-A,EXT-07,Extreme Edge,0.96,212.7,102.65,97.53,93.78,1095.8,False,True,True,False,0,0.0,
5072,Base,0,W175,AE-3200,CH-A,EXT-08,Extreme Edge,0.96,245.5,102.09,95.61,91.73,1029.7,False,True,True,True,0,0.0,
5073,Base,0,W175,AE-3200,CH-A,EXT-09,Extreme Edge,0.96,278.2,100.58,97.8,93.89,989.8,True,False,True,True,0,0.0,
5074,Base,0,W175,AE-3200,CH-A,EXT-10,Extreme Edge,0.96,310.9,101.35,100.0,93.73,951.2,False,False,True,True,1,2.1,
5075,Base,0,W175,AE-3200,CH-A,EXT-11,Extreme Edge,0.96,343.6,105.15,96.75,90.67,1023.5,False,True,True,True,1,6.16,
5076,Rev4,4,W176,AE-3200,CH-A,C1,Center,0.0,0.0,94.5,102.18,84.15,879.7,True,False,True,False,3,14.92,
5077,Rev4,4,W176,AE-3200,CH-A,MID-01,Mid,0.52,30.0,99.24,95.52,78.95,1025.0,True,True,True,True,0,0.0,
5078,Rev4,4,W176,AE-3200,CH-A,MID-02,Mid,0.52,90.0,97.96,98.24,77.43,956.9,True,False,False,True,1,2.23,
5079,Rev4,4,W176,AE-3200,CH-A,MID-03,Mid,0.52,150.0,95.32,101.38,82.76,1017.3,True,False,True,True,0,0.0,
5080,Rev4,4,W176,AE-3200,CH-A,MID-04,Mid,0.52,210.0,97.87,98.6,89.84,992.5,True,False,True,True,0,0.0,
5081,Rev4,4,W176,AE-3200,CH-A,MID-05,Mid,0.52,270.0,100.07,95.92,80.1,964.2,True,True,True,True,0,0.0,
5082,Rev4,4,W176,AE-3200,CH-A,MID-06,Mid,0.52,330.0,96.04,97.03,84.59,946.6,True,True,True,True,0,0.0,
5083,Rev4,4,W176,AE-3200,CH-A,EDG-01,Edge,0.84,0.0,97.26,103.42,83.8,997.1,True,False,True,True,0,0.0,
5084,Rev4,4,W176,AE-3200,CH-A,EDG-02,Edge,0.84,32.7,99.41,99.76,88.6,1015.6,True,False,True,True,0,0.0,
5085,Rev4,4,W176,AE-3200,CH-A,EDG-03,Edge,0.84,65.5,93.77,94.92,91.46,1011.2,True,True,True,True,0,0.0,
5086,Rev4,4,W176,AE-3200,CH-A,EDG-04,Edge,0.84,98.2,97.89,96.23,85.55,1049.5,True,True,True,True,1,2.37,
5087,Rev4,4,W176,AE-3200,CH-A,EDG-05,Edge,0.84,130.9,97.72,97.61,91.52,972.2,True,False,True,True,0,0.0,
5088,Rev4,4,W176,AE-3200,CH-A,EDG-06,Edge,0.84,163.6,99.17,97.93,87.03,1013.9,True,False,True,True,1,1.83,arc_event
5089,Rev4,4,W176,AE-3200,CH-A,EDG-07,Edge,0.84,196.4,97.8,99.46,79.65,1003.7,True,False,True,True,0,0.0,
5090,Rev4,4,W176,AE-3200,CH-A,EDG-08,Edge,0.84,229.1,100.12,98.12,88.18,936.1,True,False,True,True,0,0.0,
5091,Rev4,4,W176,AE-3200,CH-A,EDG-09,Edge,0.84,261.8,96.6,98.38,80.3,965.2,True,False,True,True,1,3.17,polymer_residue
5092,Rev4,4,W176,AE-3200,CH-A,EDG-10,Edge,0.84,294.5,98.94,99.28,75.04,1025.9,True,False,False,True,0,0.0,
5093,Rev4,4,W176,AE-3200,CH-A,EDG-11,Edge,0.84,327.3,98.91,97.96,83.27,953.1,True,False,True,True,2,11.17,polymer_residue
5094,Rev4,4,W176,AE-3200,CH-A,EXT-01,Extreme Edge,0.96,16.4,101.02,98.51,86.83,1014.6,False,False,True,True,2,12.95,
5095,Rev4,4,W176,AE-3200,CH-A,EXT-02,Extreme Edge,0.96,49.1,95.15,96.2,84.01,1013.4,True,True,True,True,2,4.03,polymer_residue
5096,Rev4,4,W176,AE-3200,CH-A,EXT-03,Extreme Edge,0.96,81.8,100.99,98.91,83.84,1110.7,False,False,True,False,3,8.77,
5097,Rev4,4,W176,AE-3200,CH-A,EXT-04,Extreme Edge,0.96,114.5,98.81,100.89,86.74,1052.4,True,False,True,True,1,4.2,
5098,Rev4,4,W176,AE-3200,CH-A,EXT-05,Extreme Edge,0.96,147.3,102.4,100.69,85.91,1032.2,False,False,True,True,0,0.0,
5099,Rev4,4,W176,AE-3200,CH-A,EXT-06,Extreme Edge,0.96,180.0,97.88,103.4,85.02,1050.5,True,False,True,True,2,5.75,
5100,Rev4,4,W176,AE-3200,CH-A,EXT-07,Extreme Edge,0.96,212.7,98.63,98.66,84.07,934.9,True,False,True,True,0,0.0,
5101,Rev4,4,W176,AE-3200,CH-A,EXT-08,Extreme Edge,0.96,245.5,98.68,99.97,81.89,871.4,True,False,True,False,1,5.5,
5102,Rev4,4,W176,AE-3200,CH-A,EXT-09,Extreme Edge,0.96,278.2,99.58,102.42,83.82,909.7,True,False,True,True,0,0.0,
5103,Rev4,4,W176,AE-3200,CH-A,EXT-10,Extreme Edge,0.96,310.9,102.27,100.93,88.53,967.4,False,False,True,True,1,6.33,
5104,Rev4,4,W176,AE-3200,CH-A,EXT-11,Extreme Edge,0.96,343.6,99.94,96.81,84.76,981.1,True,True,True,True,0,0.0,
5105,Rev9,9,W177,AE-3200,CH-B,C1,Center,0.0,0.0,98.11,86.77,101.13,1010.3,True,False,False,True,0,0.0,
5106,Rev9,9,W177,AE-3200,CH-B,MID-01,Mid,0.52,30.0,96.26,85.95,100.06,1001.6,True,False,False,True,0,0.0,
5107,Rev9,9,W177,AE-3200,CH-B,MID-02,Mid,0.52,90.0,93.89,89.45,99.75,1061.0,True,True,False,True,0,0.0,
5108,Rev9,9,W177,AE-3200,CH-B,MID-03,Mid,0.52,150.0,97.15,89.99,95.18,1033.7,True,True,False,True,0,0.0,
5109,Rev9,9,W177,AE-3200,CH-B,MID-04,Mid,0.52,210.0,95.55,87.33,96.38,1087.0,True,True,False,True,1,2.33,polymer_residue
5110,Rev9,9,W177,AE-3200,CH-B,MID-05,Mid,0.52,270.0,97.44,90.81,95.64,967.5,True,True,False,True,0,0.0,
5111,Rev9,9,W177,AE-3200,CH-B,MID-06,Mid,0.52,330.0,96.24,93.25,95.44,1100.7,True,True,False,False,0,0.0,
5112,Rev9,9,W177,AE-3200,CH-B,EDG-01,Edge,0.84,0.0,99.88,93.68,99.1,1030.4,True,True,False,True,0,0.0,
5113,Rev9,9,W177,AE-3200,CH-B,EDG-02,Edge,0.84,32.7,96.29,88.62,91.27,1036.3,True,True,True,True,0,0.0,
5114,Rev9,9,W177,AE-3200,CH-B,EDG-03,Edge,0.84,65.5,99.65,91.71,94.03,943.5,True,True,True,True,0,0.0,
5115,Rev9,9,W177,AE-3200,CH-B,EDG-04,Edge,0.84,98.2,102.81,91.81,93.52,1073.9,False,True,True,True,1,3.85,polymer_residue
5116,Rev9,9,W177,AE-3200,CH-B,EDG-05,Edge,0.84,130.9,99.01,92.27,99.09,1066.3,True,True,False,True,1,2.0,
5117,Rev9,9,W177,AE-3200,CH-B,EDG-06,Edge,0.84,163.6,100.29,92.14,97.87,978.9,True,True,False,True,1,6.43,
5118,Rev9,9,W177,AE-3200,CH-B,EDG-07,Edge,0.84,196.4,97.92,91.47,97.02,1086.4,True,True,False,True,2,6.34,endpoint_late
5119,Rev9,9,W177,AE-3200,CH-B,EDG-08,Edge,0.84,229.1,98.47,89.44,97.37,1030.1,True,True,False,True,0,0.0,
5120,Rev9,9,W177,AE-3200,CH-B,EDG-09,Edge,0.84,261.8,97.41,89.63,92.43,1120.9,True,True,True,False,0,0.0,
5121,Rev9,9,W177,AE-3200,CH-B,EDG-10,Edge,0.84,294.5,98.72,89.9,91.14,1126.4,True,True,True,False,0,0.0,
5122,Rev9,9,W177,AE-3200,CH-B,EDG-11,Edge,0.84,327.3,101.32,89.13,93.38,1026.4,False,True,True,True,2,11.2,pressure_spike
5123,Rev9,9,W177,AE-3200,CH-B,EXT-01,Extreme Edge,0.96,16.4,100.93,86.4,93.49,1131.4,False,False,True,False,1,1.96,
5124,Rev9,9,W177,AE-3200,CH-B,EXT-02,Extreme Edge,0.96,49.1,97.42,91.12,100.58,1012.3,True,True,False,True,2,4.14,
5125,Rev9,9,W177,AE-3200,CH-B,EXT-03,Extreme Edge,0.96,81.8,98.01,97.26,92.95,1112.7,True,True,True,False,0,0.0,
5126,Rev9,9,W177,AE-3200,CH-B,EXT-04,Extreme Edge,0.96,114.5,100.83,91.73,101.62,1106.3,False,True,False,False,0,0.0,
5127,Rev9,9,W177,AE-3200,CH-B,EXT-05,Extreme Edge,0.96,147.3,99.35,96.71,96.49,1068.6,True,True,False,True,2,8.55,
5128,Rev9,9,W177,AE-3200,CH-B,EXT-06,Extreme Edge,0.96,180.0,99.05,91.69,97.98,1063.5,True,True,False,True,0,0.0,
5129,Rev9,9,W177,AE-3200,CH-B,EXT-07,Extreme Edge,0.96,212.7,100.23,94.75,85.84,1021.3,True,True,True,True,0,0.0,
5130,Rev9,9,W177,AE-3200,CH-B,EXT-08,Extreme Edge,0.96,245.5,100.79,90.41,92.79,1019.6,True,True,True,True,1,2.89,
5131,Rev9,9,W177,AE-3200,CH-B,EXT-09,Extreme Edge,0.96,278.2,97.84,92.97,88.59,1132.5,True,True,True,False,0,0.0,
5132,Rev9,9,W177,AE-3200,CH-B,EXT-10,Extreme Edge,0.96,310.9,99.91,92.94,98.45,1116.8,True,True,False,False,0,0.0,
5133,Rev9,9,W177,AE-3200,CH-B,EXT-11,Extreme Edge,0.96,343.6,99.35,91.06,100.31,1059.9,True,True,False,True,0,0.0,
5134,Rev9,9,W178,AE-3200,CH-B,C1,Center,0.0,0.0,97.4,88.79,90.4,996.5,True,True,True,True,0,0.0,
5135,Rev9,9,W178,AE-3200,CH-B,MID-01,Mid,0.52,30.0,100.93,90.37,92.75,1030.2,False,True,True,True,0,0.0,
5136,Rev9,9,W178,AE-3200,CH-B,MID-02,Mid,0.52,90.0,94.55,90.01,93.23,990.4,True,True,True,True,0,0.0,
5137,Rev9,9,W178,AE-3200,CH-B,MID-03,Mid,0.52,150.0,100.08,88.04,100.32,1052.5,True,True,False,True,1,2.01,
5138,Rev9,9,W178,AE-3200,CH-B,MID-04,Mid,0.52,210.0,91.9,86.86,91.73,1152.5,True,True,True,False,1,2.91,polymer_residue
5139,Rev9,9,W178,AE-3200,CH-B,MID-05,Mid,0.52,270.0,98.56,90.55,92.14,1094.0,True,True,True,False,0,0.0,
5140,Rev9,9,W178,AE-3200,CH-B,MID-06,Mid,0.52,330.0,97.68,88.76,84.86,1067.8,True,True,True,True,1,2.45,
5141,Rev9,9,W178,AE-3200,CH-B,EDG-01,Edge,0.84,0.0,98.81,92.19,96.35,1032.2,True,True,False,True,0,0.0,
5142,Rev9,9,W178,AE-3200,CH-B,EDG-02,Edge,0.84,32.7,100.2,87.84,95.21,1131.7,True,True,False,False,0,0.0,
5143,Rev9,9,W178,AE-3200,CH-B,EDG-03,Edge,0.84,65.5,97.53,91.97,91.26,986.7,True,True,True,True,2,8.39,
5144,Rev9,9,W178,AE-3200,CH-B,EDG-04,Edge,0.84,98.2,100.69,92.21,96.3,1074.6,True,True,False,True,0,0.0,
5145,Rev9,9,W178,AE-3200,CH-B,EDG-05,Edge,0.84,130.9,98.06,90.93,94.35,1055.4,True,True,True,True,2,8.44,arc_event
5146,Rev9,9,W178,AE-3200,CH-B,EDG-06,Edge,0.84,163.6,101.59,89.72,96.06,1136.5,False,True,False,False,0,0.0,
5147,Rev9,9,W178,AE-3200,CH-B,EDG-07,Edge,0.84,196.4,99.27,90.27,88.91,1124.2,True,True,True,False,3,7.69,arc_event
5148,Rev9,9,W178,AE-3200,CH-B,EDG-08,Edge,0.84,229.1,102.28,92.28,93.71,1160.4,False,True,True,False,0,0.0,
5149,Rev9,9,W178,AE-3200,CH-B,EDG-09,Edge,0.84,261.8,97.2,94.82,92.36,1110.7,True,True,True,False,1,2.96,
5150,Rev9,9,W178,AE-3200,CH-B,EDG-10,Edge,0.84,294.5,101.19,94.46,97.32,1069.2,False,True,False,True,0,0.0,
5151,Rev9,9,W178,AE-3200,CH-B,EDG-11,Edge,0.84,327.3,96.82,93.84,94.25,1142.4,True,True,True,False,0,0.0,
5152,Rev9,9,W178,AE-3200,CH-B,EXT-01,Extreme Edge,0.96,16.4,98.59,92.44,99.14,1014.6,True,True,False,True,2,6.69,
5153,Rev9,9,W178,AE-3200,CH-B,EXT-02,Extreme Edge,0.96,49.1,104.16,89.67,101.05,1106.5,False,True,False,False,1,2.38,
5154,Rev9,9,W178,AE-3200,CH-B,EXT-03,Extreme Edge,0.96,81.8,99.96,95.18,92.13,1141.1,True,True,True,False,0,0.0,
5155,Rev9,9,W178,AE-3200,CH-B,EXT-04,Extreme Edge,0.96,114.5,102.29,96.09,102.86,1115.4,False,True,False,False,2,11.09,
5156,Rev9,9,W178,AE-3200,CH-B,EXT-05,Extreme Edge,0.96,147.3,101.84,97.54,103.73,1036.7,False,True,False,True,1,3.62,arc_event
5157,Rev9,9,W178,AE-3200,CH-B,EXT-06,Extreme Edge,0.96,180.0,100.85,89.01,94.61,1015.0,False,True,False,True,3,16.77,arc_event
5158,Rev9,9,W178,AE-3200,CH-B,EXT-07,Extreme Edge,0.96,212.7,103.94,92.63,93.39,1138.8,False,True,True,False,1,3.37,polymer_residue
5159,Rev9,9,W178,AE-3200,CH-B,EXT-08,Extreme Edge,0.96,245.5,100.57,98.77,102.76,1099.1,True,False,False,False,2,6.33,polymer_residue
5160,Rev9,9,W178,AE-3200,CH-B,EXT-09,Extreme Edge,0.96,278.2,103.09,93.11,93.21,1042.8,False,True,True,True,0,0.0,
5161,Rev9,9,W178,AE-3200,CH-B,EXT-10,Extreme Edge,0.96,310.9,101.72,95.52,101.78,1064.0,False,True,False,True,0,0.0,
5162,Rev9,9,W178,AE-3200,CH-B,EXT-11,Extreme Edge,0.96,343.6,102.65,92.98,98.16,970.4,False,True,False,True,1,3.2,esc_temp_drift
5163,Rev10,10,W179,PX-7500,CH-C,C1,Center,0.0,0.0,92.23,88.97,95.08,1012.3,True,True,False,True,0,0.0,
5164,Rev10,10,W179,PX-7500,CH-C,MID-01,Mid,0.52,30.0,93.01,90.86,97.97,985.7,True,True,False,True,0,0.0,
5165,Rev10,10,W179,PX-7500,CH-C,MID-02,Mid,0.52,90.0,97.44,87.87,88.17,982.4,True,True,True,True,0,0.0,
5166,Rev10,10,W179,PX-7500,CH-C,MID-03,Mid,0.52,150.0,94.51,89.25,90.15,1014.3,True,True,True,True,0,0.0,
5167,Rev10,10,W179,PX-7500,CH-C,MID-04,Mid,0.52,210.0,93.82,89.92,97.49,1004.1,True,True,False,True,1,3.08,
5168,Rev10,10,W179,PX-7500,CH-C,MID-05,Mid,0.52,270.0,99.13,89.5,93.86,900.7,True,True,True,True,0,0.0,
5169,Rev10,10,W179,PX-7500,CH-C,MID-06,Mid,0.52,330.0,95.47,90.35,94.93,1008.0,True,True,False,True,0,0.0,
5170,Rev10,10,W179,PX-7500,CH-C,EDG-01,Edge,0.84,0.0,100.77,95.28,101.82,999.4,True,True,False,True,0,0.0,
5171,Rev10,10,W179,PX-7500,CH-C,EDG-02,Edge,0.84,32.7,97.46,92.23,86.04,969.1,True,True,True,True,1,4.32,endpoint_late
5172,Rev10,10,W179,PX-7500,CH-C,EDG-03,Edge,0.84,65.5,98.81,89.04,92.83,1015.9,True,True,True,True,0,0.0,
5173,Rev10,10,W179,PX-7500,CH-C,EDG-04,Edge,0.84,98.2,96.67,87.68,103.79,1013.5,True,True,False,True,1,6.48,
5174,Rev10,10,W179,PX-7500,CH-C,EDG-05,Edge,0.84,130.9,102.62,90.16,107.13,940.7,False,True,False,True,0,0.0,
5175,Rev10,10,W179,PX-7500,CH-C,EDG-06,Edge,0.84,163.6,100.41,96.59,88.93,1070.2,True,True,True,True,0,0.0,
5176,Rev10,10,W179,PX-7500,CH-C,EDG-07,Edge,0.84,196.4,96.38,88.31,100.07,1026.4,True,True,False,True,1,5.41,
5177,Rev10,10,W179,PX-7500,CH-C,EDG-08,Edge,0.84,229.1,95.22,93.38,93.67,978.0,True,True,True,True,3,14.07,arc_event
5178,Rev10,10,W179,PX-7500,CH-C,EDG-09,Edge,0.84,261.8,97.88,91.06,95.02,1002.9,True,True,False,True,0,0.0,
5179,Rev10,10,W179,PX-7500,CH-C,EDG-10,Edge,0.84,294.5,98.86,89.14,96.04,987.4,True,True,False,True,1,3.08,esc_temp_drift
5180,Rev10,10,W179,PX-7500,CH-C,EDG-11,Edge,0.84,327.3,100.73,88.1,90.95,1074.1,True,True,True,True,0,0.0,
5181,Rev10,10,W179,PX-7500,CH-C,EXT-01,Extreme Edge,0.96,16.4,101.8,90.41,98.1,1044.1,False,True,False,True,0,0.0,
5182,Rev10,10,W179,PX-7500,CH-C,EXT-02,Extreme Edge,0.96,49.1,97.64,89.64,90.9,1048.6,True,True,True,True,0,0.0,
5183,Rev10,10,W179,PX-7500,CH-C,EXT-03,Extreme Edge,0.96,81.8,101.82,90.01,100.64,1061.4,False,True,False,True,2,9.54,pressure_spike
5184,Rev10,10,W179,PX-7500,CH-C,EXT-04,Extreme Edge,0.96,114.5,98.31,86.73,100.52,1018.9,True,False,False,True,0,0.0,
5185,Rev10,10,W179,PX-7500,CH-C,EXT-05,Extreme Edge,0.96,147.3,100.07,92.09,92.96,1020.9,True,True,True,True,0,0.0,
5186,Rev10,10,W179,PX-7500,CH-C,EXT-06,Extreme Edge,0.96,180.0,96.45,95.91,99.99,1120.1,True,True,False,False,0,0.0,
5187,Rev10,10,W179,PX-7500,CH-C,EXT-07,Extreme Edge,0.96,212.7,98.93,94.06,99.91,1080.6,True,True,False,True,1,4.96,polymer_residue
5188,Rev10,10,W179,PX-7500,CH-C,EXT-08,Extreme Edge,0.96,245.5,98.82,93.16,94.88,1013.0,True,True,False,True,0,0.0,
5189,Rev10,10,W179,PX-7500,CH-C,EXT-09,Extreme Edge,0.96,278.2,103.44,90.76,99.47,1042.2,False,True,False,True,1,5.12,polymer_residue
5190,Rev10,10,W179,PX-7500,CH-C,EXT-10,Extreme Edge,0.96,310.9,98.1,92.52,95.92,1240.9,True,True,False,False,0,0.0,
5191,Rev10,10,W179,PX-7500,CH-C,EXT-11,Extreme Edge,0.96,343.6,101.11,90.31,88.37,1003.9,False,True,True,True,0,0.0,
5192,Rev6,6,W180,PX-7500,CH-C,C1,Center,0.0,0.0,95.49,92.7,88.53,1057.9,True,True,True,True,0,0.0,
5193,Rev6,6,W180,PX-7500,CH-C,MID-01,Mid,0.52,30.0,97.59,93.21,84.55,1000.0,True,True,True,True,0,0.0,
5194,Rev6,6,W180,PX-7500,CH-C,MID-02,Mid,0.52,90.0,94.1,91.8,90.22,1040.7,True,True,True,True,0,0.0,
5195,Rev6,6,W180,PX-7500,CH-C,MID-03,Mid,0.52,150.0,96.37,96.13,92.62,906.5,True,True,True,True,0,0.0,
5196,Rev6,6,W180,PX-7500,CH-C,MID-04,Mid,0.52,210.0,98.53,92.85,85.56,1005.4,True,True,True,True,0,0.0,
5197,Rev6,6,W180,PX-7500,CH-C,MID-05,Mid,0.52,270.0,94.76,96.89,86.78,931.3,True,True,True,True,0,0.0,
5198,Rev6,6,W180,PX-7500,CH-C,MID-06,Mid,0.52,330.0,96.33,91.33,95.22,1103.6,True,True,False,False,0,0.0,
5199,Rev6,6,W180,PX-7500,CH-C,EDG-01,Edge,0.84,0.0,101.8,95.78,90.9,1107.7,False,True,True,False,1,2.3,polymer_residue
5200,Rev6,6,W180,PX-7500,CH-C,EDG-02,Edge,0.84,32.7,99.43,95.33,84.72,1065.6,True,True,True,True,1,4.61,
5201,Rev6,6,W180,PX-7500,CH-C,EDG-03,Edge,0.84,65.5,102.26,94.34,86.24,1064.5,False,True,True,True,0,0.0,
5202,Rev6,6,W180,PX-7500,CH-C,EDG-04,Edge,0.84,98.2,104.74,96.71,92.68,1053.7,False,True,True,True,2,6.04,endpoint_late
5203,Rev6,6,W180,PX-7500,CH-C,EDG-05,Edge,0.84,130.9,98.37,94.56,86.98,960.7,True,True,True,True,0,0.0,
5204,Rev6,6,W180,PX-7500,CH-C,EDG-06,Edge,0.84,163.6,100.95,97.81,94.52,1055.7,False,False,False,True,0,0.0,
5205,Rev6,6,W180,PX-7500,CH-C,EDG-07,Edge,0.84,196.4,100.4,95.96,87.1,1008.9,True,True,True,True,0,0.0,
5206,Rev6,6,W180,PX-7500,CH-C,EDG-08,Edge,0.84,229.1,99.69,98.43,88.97,976.3,True,False,True,True,0,0.0,
5207,Rev6,6,W180,PX-7500,CH-C,EDG-09,Edge,0.84,261.8,98.91,98.46,85.2,1057.2,True,False,True,True,2,12.78,
5208,Rev6,6,W180,PX-7500,CH-C,EDG-10,Edge,0.84,294.5,97.59,97.33,86.31,976.8,True,True,True,True,1,2.69,polymer_residue
5209,Rev6,6,W180,PX-7500,CH-C,EDG-11,Edge,0.84,327.3,103.4,96.68,83.42,1026.7,False,True,True,True,0,0.0,
5210,Rev6,6,W180,PX-7500,CH-C,EXT-01,Extreme Edge,0.96,16.4,100.01,97.59,95.32,1220.1,True,True,False,False,1,5.79,arc_event
5211,Rev6,6,W180,PX-7500,CH-C,EXT-02,Extreme Edge,0.96,49.1,100.91,95.59,93.96,1040.8,False,True,True,True,1,2.31,endpoint_late
5212,Rev6,6,W180,PX-7500,CH-C,EXT-03,Extreme Edge,0.96,81.8,100.61,91.79,90.56,980.1,True,True,True,True,0,0.0,
5213,Rev6,6,W180,PX-7500,CH-C,EXT-04,Extreme Edge,0.96,114.5,99.9,94.39,97.1,1017.6,True,True,False,True,1,3.98,polymer_residue
5214,Rev6,6,W180,PX-7500,CH-C,EXT-05,Extreme Edge,0.96,147.3,105.22,97.93,93.48,1080.7,False,False,True,True,0,0.0,
5215,Rev6,6,W180,PX-7500,CH-C,EXT-06,Extreme Edge,0.96,180.0,101.33,93.26,86.92,1000.0,False,True,True,True,0,0.0,
5216,Rev6,6,W180,PX-7500,CH-C,EXT-07,Extreme Edge,0.96,212.7,100.06,98.95,88.27,1114.7,True,False,True,False,0,0.0,
5217,Rev6,6,W180,PX-7500,CH-C,EXT-08,Extreme Edge,0.96,245.5,100.5,96.73,92.59,947.2,True,True,True,True,0,0.0,
5218,Rev6,6,W180,PX-7500,CH-C,EXT-09,Extreme Edge,0.96,278.2,97.23,95.35,88.8,1077.8,True,True,True,True,0,0.0,
5219,Rev6,6,W180,PX-7500,CH-C,EXT-10,Extreme Edge,0.96,310.9,102.64,97.09,89.49,1041.0,False,True,True,True,1,2.2,
5220,Rev6,6,W180,PX-7500,CH-C,EXT-11,Extreme Edge,0.96,343.6,103.55,94.62,92.25,1061.9,False,True,True,True,1,2.51,polymer_residue
5221,Rev3,3,W181,PX-7500,CH-D,C1,Center,0.0,0.0,93.57,98.88,87.57,991.0,True,False,True,True,0,0.0,
5222,Rev3,3,W181,PX-7500,CH-D,MID-01,Mid,0.52,30.0,93.89,98.48,86.03,969.5,True,False,True,True,0,0.0,
5223,Rev3,3,W181,PX-7500,CH-D,MID-02,Mid,0.52,90.0,98.54,94.75,87.65,938.0,True,True,True,True,0,0.0,
5224,Rev3,3,W181,PX-7500,CH-D,MID-03,Mid,0.52,150.0,94.21,90.52,81.51,1008.9,True,True,True,True,1,2.66,
5225,Rev3,3,W181,PX-7500,CH-D,MID-04,Mid,0.52,210.0,96.86,94.84,86.67,978.7,True,True,True,True,0,0.0,
5226,Rev3,3,W181,PX-7500,CH-D,MID-05,Mid,0.52,270.0,97.02,98.51,84.8,869.8,True,False,True,False,1,4.4,polymer_residue
5227,Rev3,3,W181,PX-7500,CH-D,MID-06,Mid,0.52,330.0,98.23,99.84,87.27,938.0,True,False,True,True,0,0.0,
5228,Rev3,3,W181,PX-7500,CH-D,EDG-01,Edge,0.84,0.0,99.71,99.88,86.98,945.1,True,False,True,True,0,0.0,
5229,Rev3,3,W181,PX-7500,CH-D,EDG-02,Edge,0.84,32.7,100.33,103.08,87.09,965.6,True,False,True,True,0,0.0,
5230,Rev3,3,W181,PX-7500,CH-D,EDG-03,Edge,0.84,65.5,95.32,100.98,87.96,958.5,True,False,True,True,0,0.0,
5231,Rev3,3,W181,PX-7500,CH-D,EDG-04,Edge,0.84,98.2,100.02,96.88,83.72,961.9,True,True,True,True,1,3.82,
5232,Rev3,3,W181,PX-7500,CH-D,EDG-05,Edge,0.84,130.9,97.79,97.25,91.0,904.7,True,True,True,True,1,4.2,
5233,Rev3,3,W181,PX-7500,CH-D,EDG-06,Edge,0.84,163.6,95.67,98.41,83.79,910.4,True,False,True,True,1,1.87,polymer_residue
5234,Rev3,3,W181,PX-7500,CH-D,EDG-07,Edge,0.84,196.4,98.37,93.68,85.47,887.8,True,True,True,True,1,4.78,
5235,Rev3,3,W181,PX-7500,CH-D,EDG-08,Edge,0.84,229.1,103.18,92.4,87.76,984.3,False,True,True,True,0,0.0,
5236,Rev3,3,W181,PX-7500,CH-D,EDG-09,Edge,0.84,261.8,97.18,97.56,90.42,915.7,True,True,True,True,1,5.81,polymer_residue
5237,Rev3,3,W181,PX-7500,CH-D,EDG-10,Edge,0.84,294.5,99.06,100.69,89.34,981.6,True,False,True,True,1,5.73,
5238,Rev3,3,W181,PX-7500,CH-D,EDG-11,Edge,0.84,327.3,95.64,96.78,86.17,1022.9,True,True,True,True,0,0.0,
5239,Rev3,3,W181,PX-7500,CH-D,EXT-01,Extreme Edge,0.96,16.4,96.14,97.4,91.25,1026.8,True,True,True,True,0,0.0,
5240,Rev3,3,W181,PX-7500,CH-D,EXT-02,Extreme Edge,0.96,49.1,100.07,101.21,94.88,936.1,True,False,False,True,0,0.0,
5241,Rev3,3,W181,PX-7500,CH-D,EXT-03,Extreme Edge,0.96,81.8,101.58,102.15,86.44,1054.9,False,False,True,True,0,0.0,
5242,Rev3,3,W181,PX-7500,CH-D,EXT-04,Extreme Edge,0.96,114.5,98.98,99.21,93.05,924.4,True,False,True,True,1,3.97,endpoint_late
5243,Rev3,3,W181,PX-7500,CH-D,EXT-05,Extreme Edge,0.96,147.3,98.67,95.0,92.32,969.9,True,True,True,True,1,3.58,arc_event
5244,Rev3,3,W181,PX-7500,CH-D,EXT-06,Extreme Edge,0.96,180.0,99.89,99.78,84.56,1059.3,True,False,True,True,0,0.0,
5245,Rev3,3,W181,PX-7500,CH-D,EXT-07,Extreme Edge,0.96,212.7,101.55,104.78,86.87,954.1,False,False,True,True,0,0.0,
5246,Rev3,3,W181,PX-7500,CH-D,EXT-08,Extreme Edge,0.96,245.5,97.0,96.32,89.23,966.6,True,True,True,True,0,0.0,
5247,Rev3,3,W181,PX-7500,CH-D,EXT-09,Extreme Edge,0.96,278.2,98.45,97.46,92.22,1029.6,True,True,True,True,0,0.0,
5248,Rev3,3,W181,PX-7500,CH-D,EXT-10,Extreme Edge,0.96,310.9,101.24,100.5,88.5,921.1,False,False,True,True,0,0.0,
5249,Rev3,3,W181,PX-7500,CH-D,EXT-11,Extreme Edge,0.96,343.6,99.44,97.05,84.6,1033.2,True,True,True,True,0,0.0,
5250,Rev8,8,W182,AE-3200,CH-A,C1,Center,0.0,0.0,99.89,92.77,84.79,1091.9,True,True,True,False,0,0.0,
5251,Rev8,8,W182,AE-3200,CH-A,MID-01,Mid,0.52,30.0,99.21,93.6,77.65,1038.8,True,True,False,True,0,0.0,
5252,Rev8,8,W182,AE-3200,CH-A,MID-02,Mid,0.52,90.0,98.7,93.27,84.83,1027.7,True,True,True,True,0,0.0,
5253,Rev8,8,W182,AE-3200,CH-A,MID-03,Mid,0.52,150.0,98.43,94.04,88.97,1021.1,True,True,True,True,0,0.0,
5254,Rev8,8,W182,AE-3200,CH-A,MID-04,Mid,0.52,210.0,98.28,93.96,86.95,1019.6,True,True,True,True,0,0.0,
5255,Rev8,8,W182,AE-3200,CH-A,MID-05,Mid,0.52,270.0,99.33,96.9,92.82,927.2,True,True,True,True,0,0.0,
5256,Rev8,8,W182,AE-3200,CH-A,MID-06,Mid,0.52,330.0,103.57,93.44,92.77,1161.1,False,True,True,False,1,3.63,
5257,Rev8,8,W182,AE-3200,CH-A,EDG-01,Edge,0.84,0.0,101.58,97.24,90.76,1097.0,False,True,True,False,2,9.59,pressure_spike
5258,Rev8,8,W182,AE-3200,CH-A,EDG-02,Edge,0.84,32.7,103.02,95.25,91.3,1012.3,False,True,True,True,1,6.12,
5259,Rev8,8,W182,AE-3200,CH-A,EDG-03,Edge,0.84,65.5,103.68,97.88,89.58,1036.6,False,False,True,True,0,0.0,
5260,Rev8,8,W182,AE-3200,CH-A,EDG-04,Edge,0.84,98.2,97.95,98.68,95.41,1084.6,True,False,False,True,2,5.92,arc_event
5261,Rev8,8,W182,AE-3200,CH-A,EDG-05,Edge,0.84,130.9,99.53,96.44,87.99,1038.5,True,True,True,True,0,0.0,
5262,Rev8,8,W182,AE-3200,CH-A,EDG-06,Edge,0.84,163.6,101.95,93.41,90.99,1105.4,False,True,True,False,0,0.0,
5263,Rev8,8,W182,AE-3200,CH-A,EDG-07,Edge,0.84,196.4,101.29,94.35,91.55,1122.4,False,True,True,False,1,4.28,
5264,Rev8,8,W182,AE-3200,CH-A,EDG-08,Edge,0.84,229.1,104.75,95.77,91.06,1063.7,False,True,True,True,1,5.49,pressure_spike
5265,Rev8,8,W182,AE-3200,CH-A,EDG-09,Edge,0.84,261.8,101.0,97.79,102.75,1066.7,False,False,False,True,2,10.6,polymer_residue
5266,Rev8,8,W182,AE-3200,CH-A,EDG-10,Edge,0.84,294.5,101.43,90.96,90.91,1040.1,False,True,True,True,0,0.0,
5267,Rev8,8,W182,AE-3200,CH-A,EDG-11,Edge,0.84,327.3,103.79,96.98,95.24,1094.7,False,True,False,False,2,10.37,
5268,Rev8,8,W182,AE-3200,CH-A,EXT-01,Extreme Edge,0.96,16.4,101.35,91.38,91.59,1120.3,False,True,True,False,0,0.0,
5269,Rev8,8,W182,AE-3200,CH-A,EXT-02,Extreme Edge,0.96,49.1,100.73,94.62,90.91,1213.0,True,True,True,False,0,0.0,
5270,Rev8,8,W182,AE-3200,CH-A,EXT-03,Extreme Edge,0.96,81.8,103.18,98.77,92.43,1138.2,False,False,True,False,0,0.0,
5271,Rev8,8,W182,AE-3200,CH-A,EXT-04,Extreme Edge,0.96,114.5,101.86,98.1,90.53,1031.2,False,False,True,True,1,2.7,polymer_residue
5272,Rev8,8,W182,AE-3200,CH-A,EXT-05,Extreme Edge,0.96,147.3,102.54,97.56,85.55,1080.6,False,True,True,True,0,0.0,
5273,Rev8,8,W182,AE-3200,CH-A,EXT-06,Extreme Edge,0.96,180.0,101.47,94.59,90.03,1130.4,False,True,True,False,1,4.64,
5274,Rev8,8,W182,AE-3200,CH-A,EXT-07,Extreme Edge,0.96,212.7,103.77,94.4,96.31,1168.6,False,True,False,False,2,5.71,arc_event
5275,Rev8,8,W182,AE-3200,CH-A,EXT-08,Extreme Edge,0.96,245.5,101.85,96.5,94.33,1012.4,False,True,True,True,0,0.0,
5276,Rev8,8,W182,AE-3200,CH-A,EXT-09,Extreme Edge,0.96,278.2,105.1,93.81,98.71,1049.5,False,True,False,True,0,0.0,
5277,Rev8,8,W182,AE-3200,CH-A,EXT-10,Extreme Edge,0.96,310.9,103.25,97.16,84.59,1016.2,False,True,True,True,2,11.75,
5278,Rev8,8,W182,AE-3200,CH-A,EXT-11,Extreme Edge,0.96,343.6,100.53,94.85,98.16,1057.1,True,True,False,True,0,0.0,
5279,Rev5,5,W183,AE-3200,CH-B,C1,Center,0.0,0.0,97.31,98.79,87.53,863.8,True,False,True,False,0,0.0,
5280,Rev5,5,W183,AE-3200,CH-B,MID-01,Mid,0.52,30.0,94.57,91.48,81.55,899.4,True,True,True,True,0,0.0,
5281,Rev5,5,W183,AE-3200,CH-B,MID-02,Mid,0.52,90.0,96.0,90.27,82.0,872.2,True,True,True,False,0,0.0,
5282,Rev5,5,W183,AE-3200,CH-B,MID-03,Mid,0.52,150.0,99.54,94.48,83.54,988.8,True,True,True,True,0,0.0,
5283,Rev5,5,W183,AE-3200,CH-B,MID-04,Mid,0.52,210.0,98.07,91.17,85.06,1030.4,True,True,True,True,1,6.28,arc_event
5284,Rev5,5,W183,AE-3200,CH-B,MID-05,Mid,0.52,270.0,95.71,96.91,77.31,858.5,True,True,False,False,1,2.89,pressure_spike
5285,Rev5,5,W183,AE-3200,CH-B,MID-06,Mid,0.52,330.0,96.56,100.38,72.62,932.8,True,False,False,True,3,11.37,esc_temp_drift
5286,Rev5,5,W183,AE-3200,CH-B,EDG-01,Edge,0.84,0.0,98.99,97.28,77.77,895.8,True,True,False,True,3,9.02,arc_event
5287,Rev5,5,W183,AE-3200,CH-B,EDG-02,Edge,0.84,32.7,100.21,90.53,83.16,1007.0,True,True,True,True,0,0.0,
5288,Rev5,5,W183,AE-3200,CH-B,EDG-03,Edge,0.84,65.5,100.35,98.57,83.5,907.3,True,False,True,True,1,2.24,
5289,Rev5,5,W183,AE-3200,CH-B,EDG-04,Edge,0.84,98.2,98.78,99.28,83.7,943.6,True,False,True,True,0,0.0,
5290,Rev5,5,W183,AE-3200,CH-B,EDG-05,Edge,0.84,130.9,97.71,93.65,91.8,986.8,True,True,True,True,1,5.03,pressure_spike
5291,Rev5,5,W183,AE-3200,CH-B,EDG-06,Edge,0.84,163.6,96.3,93.7,79.06,826.0,True,True,True,False,3,11.15,
5292,Rev5,5,W183,AE-3200,CH-B,EDG-07,Edge,0.84,196.4,95.98,98.14,90.13,1023.3,True,False,True,True,2,10.25,pressure_spike
5293,Rev5,5,W183,AE-3200,CH-B,EDG-08,Edge,0.84,229.1,100.52,98.23,75.95,904.9,True,False,False,True,2,12.57,
5294,Rev5,5,W183,AE-3200,CH-B,EDG-09,Edge,0.84,261.8,99.77,96.32,90.74,984.8,True,True,True,True,1,3.16,
5295,Rev5,5,W183,AE-3200,CH-B,EDG-10,Edge,0.84,294.5,100.89,95.84,86.91,1009.4,False,True,True,True,0,0.0,
5296,Rev5,5,W183,AE-3200,CH-B,EDG-11,Edge,0.84,327.3,101.35,96.95,88.64,1055.4,False,True,True,True,0,0.0,
5297,Rev5,5,W183,AE-3200,CH-B,EXT-01,Extreme Edge,0.96,16.4,103.5,94.46,82.84,907.8,False,True,True,True,1,2.56,endpoint_late
5298,Rev5,5,W183,AE-3200,CH-B,EXT-02,Extreme Edge,0.96,49.1,97.31,98.27,76.41,907.2,True,False,False,True,0,0.0,
5299,Rev5,5,W183,AE-3200,CH-B,EXT-03,Extreme Edge,0.96,81.8,95.29,95.82,84.78,900.0,True,True,True,True,0,0.0,
5300,Rev5,5,W183,AE-3200,CH-B,EXT-04,Extreme Edge,0.96,114.5,97.25,94.95,90.96,994.5,True,True,True,True,1,3.97,polymer_residue
5301,Rev5,5,W183,AE-3200,CH-B,EXT-05,Extreme Edge,0.96,147.3,99.84,97.86,81.39,910.4,True,False,True,True,1,2.51,arc_event
5302,Rev5,5,W183,AE-3200,CH-B,EXT-06,Extreme Edge,0.96,180.0,98.64,97.32,87.96,978.8,True,True,True,True,0,0.0,
5303,Rev5,5,W183,AE-3200,CH-B,EXT-07,Extreme Edge,0.96,212.7,98.92,95.44,87.7,987.8,True,True,True,True,0,0.0,
5304,Rev5,5,W183,AE-3200,CH-B,EXT-08,Extreme Edge,0.96,245.5,96.42,97.81,86.88,985.4,True,False,True,True,1,5.89,
5305,Rev5,5,W183,AE-3200,CH-B,EXT-09,Extreme Edge,0.96,278.2,98.07,96.8,78.09,996.0,True,True,True,True,0,0.0,
5306,Rev5,5,W183,AE-3200,CH-B,EXT-10,Extreme Edge,0.96,310.9,99.94,93.6,84.18,969.8,True,True,True,True,1,6.02,polymer_residue
5307,Rev5,5,W183,AE-3200,CH-B,EXT-11,Extreme Edge,0.96,343.6,97.81,100.75,86.83,980.6,True,False,True,True,0,0.0,
5308,Rev5,5,W184,AE-3200,CH-B,C1,Center,0.0,0.0,93.96,91.05,82.08,1102.8,True,True,True,False,1,4.81,polymer_residue
5309,Rev5,5,W184,AE-3200,CH-B,MID-01,Mid,0.52,30.0,98.0,90.53,79.8,961.0,True,True,True,True,0,0.0,
5310,Rev5,5,W184,AE-3200,CH-B,MID-02,Mid,0.52,90.0,94.44,86.96,83.7,1069.6,True,True,True,True,0,0.0,
5311,Rev5,5,W184,AE-3200,CH-B,MID-03,Mid,0.52,150.0,97.16,90.02,78.29,996.2,True,True,True,True,0,0.0,
5312,Rev5,5,W184,AE-3200,CH-B,MID-04,Mid,0.52,210.0,96.0,86.35,82.97,977.4,True,False,True,True,0,0.0,
5313,Rev5,5,W184,AE-3200,CH-B,MID-05,Mid,0.52,270.0,101.22,92.01,83.91,991.9,False,True,True,True,1,6.19,pressure_spike
5314,Rev5,5,W184,AE-3200,CH-B,MID-06,Mid,0.52,330.0,95.4,90.6,81.44,946.2,True,True,True,True,0,0.0,
5315,Rev5,5,W184,AE-3200,CH-B,EDG-01,Edge,0.84,0.0,102.64,92.85,80.73,983.3,False,True,True,True,0,0.0,
5316,Rev5,5,W184,AE-3200,CH-B,EDG-02,Edge,0.84,32.7,98.36,93.08,85.54,938.2,True,True,True,True,0,0.0,
5317,Rev5,5,W184,AE-3200,CH-B,EDG-03,Edge,0.84,65.5,100.17,92.75,81.51,993.3,True,True,True,True,1,6.08,
5318,Rev5,5,W184,AE-3200,CH-B,EDG-04,Edge,0.84,98.2,101.94,92.75,84.81,929.2,False,True,True,True,2,10.87,arc_event
5319,Rev5,5,W184,AE-3200,CH-B,EDG-05,Edge,0.84,130.9,95.61,89.79,84.54,1001.3,True,True,True,True,0,0.0,
5320,Rev5,5,W184,AE-3200,CH-B,EDG-06,Edge,0.84,163.6,101.6,93.24,83.22,1033.2,False,True,True,True,0,0.0,
5321,Rev5,5,W184,AE-3200,CH-B,EDG-07,Edge,0.84,196.4,97.01,94.2,84.64,919.2,True,True,True,True,1,6.42,arc_event
5322,Rev5,5,W184,AE-3200,CH-B,EDG-08,Edge,0.84,229.1,99.78,94.62,76.83,913.4,True,True,False,True,1,6.01,polymer_residue
5323,Rev5,5,W184,AE-3200,CH-B,EDG-09,Edge,0.84,261.8,98.91,88.76,80.05,1015.9,True,True,True,True,1,4.86,polymer_residue
5324,Rev5,5,W184,AE-3200,CH-B,EDG-10,Edge,0.84,294.5,97.33,91.94,83.82,956.0,True,True,True,True,0,0.0,
5325,Rev5,5,W184,AE-3200,CH-B,EDG-11,Edge,0.84,327.3,101.27,96.66,92.28,1000.3,False,True,True,True,0,0.0,
5326,Rev5,5,W184,AE-3200,CH-B,EXT-01,Extreme Edge,0.96,16.4,102.11,95.3,81.76,872.3,False,True,True,False,1,2.12,polymer_residue
5327,Rev5,5,W184,AE-3200,CH-B,EXT-02,Extreme Edge,0.96,49.1,103.65,94.05,85.02,947.7,False,True,True,True,0,0.0,
5328,Rev5,5,W184,AE-3200,CH-B,EXT-03,Extreme Edge,0.96,81.8,102.0,94.81,85.65,950.5,False,True,True,True,0,0.0,
5329,Rev5,5,W184,AE-3200,CH-B,EXT-04,Extreme Edge,0.96,114.5,99.1,92.32,83.35,1058.9,True,True,True,True,1,5.34,
5330,Rev5,5,W184,AE-3200,CH-B,EXT-05,Extreme Edge,0.96,147.3,101.08,94.73,87.39,980.9,False,True,True,True,0,0.0,
5331,Rev5,5,W184,AE-3200,CH-B,EXT-06,Extreme Edge,0.96,180.0,102.52,98.32,83.84,1079.9,False,False,True,True,0,0.0,
5332,Rev5,5,W184,AE-3200,CH-B,EXT-07,Extreme Edge,0.96,212.7,101.08,94.01,84.35,926.7,False,True,True,True,0,0.0,
5333,Rev5,5,W184,AE-3200,CH-B,EXT-08,Extreme Edge,0.96,245.5,101.62,91.09,83.88,951.2,False,True,True,True,1,4.01,polymer_residue
5334,Rev5,5,W184,AE-3200,CH-B,EXT-09,Extreme Edge,0.96,278.2,103.62,94.79,80.07,1058.5,False,True,True,True,1,4.38,
5335,Rev5,5,W184,AE-3200,CH-B,EXT-10,Extreme Edge,0.96,310.9,100.72,93.25,82.27,958.6,True,True,True,True,1,4.74,pressure_spike
5336,Rev5,5,W184,AE-3200,CH-B,EXT-11,Extreme Edge,0.96,343.6,100.23,97.06,89.71,954.8,True,True,True,True,1,3.16,
5337,Rev3,3,W185,PX-7500,CH-D,C1,Center,0.0,0.0,98.49,92.77,89.61,1005.5,True,True,True,True,0,0.0,
5338,Rev3,3,W185,PX-7500,CH-D,MID-01,Mid,0.52,30.0,99.84,93.38,85.11,851.2,True,True,True,False,0,0.0,
5339,Rev3,3,W185,PX-7500,CH-D,MID-02,Mid,0.52,90.0,94.03,93.45,92.26,888.3,True,True,True,True,0,0.0,
5340,Rev3,3,W185,PX-7500,CH-D,MID-03,Mid,0.52,150.0,94.67,96.71,91.12,945.4,True,True,True,True,0,0.0,
5341,Rev3,3,W185,PX-7500,CH-D,MID-04,Mid,0.52,210.0,98.81,99.58,90.13,958.4,True,False,True,True,0,0.0,
5342,Rev3,3,W185,PX-7500,CH-D,MID-05,Mid,0.52,270.0,98.25,96.48,89.2,947.6,True,True,True,True,0,0.0,
5343,Rev3,3,W185,PX-7500,CH-D,MID-06,Mid,0.52,330.0,98.02,94.27,88.33,903.0,True,True,True,True,0,0.0,
5344,Rev3,3,W185,PX-7500,CH-D,EDG-01,Edge,0.84,0.0,99.5,95.87,88.09,932.0,True,True,True,True,0,0.0,
5345,Rev3,3,W185,PX-7500,CH-D,EDG-02,Edge,0.84,32.7,96.16,93.9,88.7,1019.0,True,True,True,True,1,2.47,
5346,Rev3,3,W185,PX-7500,CH-D,EDG-03,Edge,0.84,65.5,96.86,97.64,87.92,977.5,True,False,True,True,0,0.0,
5347,Rev3,3,W185,PX-7500,CH-D,EDG-04,Edge,0.84,98.2,100.37,94.93,85.63,1056.3,True,True,True,True,0,0.0,
5348,Rev3,3,W185,PX-7500,CH-D,EDG-05,Edge,0.84,130.9,95.88,95.87,86.99,981.1,True,True,True,True,0,0.0,
5349,Rev3,3,W185,PX-7500,CH-D,EDG-06,Edge,0.84,163.6,97.86,99.0,93.22,990.8,True,False,True,True,2,10.39,polymer_residue
5350,Rev3,3,W185,PX-7500,CH-D,EDG-07,Edge,0.84,196.4,96.43,98.3,85.83,1114.4,True,False,True,False,0,0.0,
5351,Rev3,3,W185,PX-7500,CH-D,EDG-08,Edge,0.84,229.1,96.29,96.96,92.54,960.5,True,True,True,True,0,0.0,
5352,Rev3,3,W185,PX-7500,CH-D,EDG-09,Edge,0.84,261.8,94.84,96.76,91.82,1032.6,True,True,True,True,1,2.32,
5353,Rev3,3,W185,PX-7500,CH-D,EDG-10,Edge,0.84,294.5,99.57,97.6,95.33,1041.5,True,False,False,True,1,1.84,polymer_residue
5354,Rev3,3,W185,PX-7500,CH-D,EDG-11,Edge,0.84,327.3,101.08,94.43,87.42,1051.9,False,True,True,True,0,0.0,
5355,Rev3,3,W185,PX-7500,CH-D,EXT-01,Extreme Edge,0.96,16.4,101.99,94.61,99.32,1074.8,False,True,False,True,2,7.53,
5356,Rev3,3,W185,PX-7500,CH-D,EXT-02,Extreme Edge,0.96,49.1,99.75,96.49,89.17,1035.7,True,True,True,True,2,12.66,polymer_residue
5357,Rev3,3,W185,PX-7500,CH-D,EXT-03,Extreme Edge,0.96,81.8,99.06,96.43,94.41,997.1,True,True,True,True,0,0.0,
5358,Rev3,3,W185,PX-7500,CH-D,EXT-04,Extreme Edge,0.96,114.5,99.68,99.4,92.72,1038.4,True,False,True,True,1,2.64,polymer_residue
5359,Rev3,3,W185,PX-7500,CH-D,EXT-05,Extreme Edge,0.96,147.3,99.84,98.37,93.86,968.0,True,False,True,True,2,8.6,esc_temp_drift
5360,Rev3,3,W185,PX-7500,CH-D,EXT-06,Extreme Edge,0.96,180.0,99.33,96.2,95.58,1036.6,True,True,False,True,1,5.06,
5361,Rev3,3,W185,PX-7500,CH-D,EXT-07,Extreme Edge,0.96,212.7,101.21,96.6,85.0,946.3,False,True,True,True,3,10.85,
5362,Rev3,3,W185,PX-7500,CH-D,EXT-08,Extreme Edge,0.96,245.5,99.74,96.19,90.8,1005.1,True,True,True,True,2,11.59,polymer_residue
5363,Rev3,3,W185,PX-7500,CH-D,EXT-09,Extreme Edge,0.96,278.2,99.3,101.37,91.35,975.1,True,False,True,True,1,5.14,
5364,Rev3,3,W185,PX-7500,CH-D,EXT-10,Extreme Edge,0.96,310.9,96.97,96.14,94.82,1064.3,True,True,False,True,2,3.94,polymer_residue
5365,Rev3,3,W185,PX-7500,CH-D,EXT-11,Extreme Edge,0.96,343.6,97.64,94.25,96.38,1005.4,True,True,False,True,3,14.74,arc_event
5366,Rev2,2,W186,PX-7500,CH-C,C1,Center,0.0,0.0,95.85,96.75,76.77,1024.5,True,True,False,True,0,0.0,
5367,Rev2,2,W186,PX-7500,CH-C,MID-01,Mid,0.52,30.0,96.96,95.44,84.89,934.3,True,True,True,True,0,0.0,
5368,Rev2,2,W186,PX-7500,CH-C,MID-02,Mid,0.52,90.0,98.53,96.06,92.32,987.0,True,True,True,True,0,0.0,
5369,Rev2,2,W186,PX-7500,CH-C,MID-03,Mid,0.52,150.0,95.0,93.79,90.17,957.2,True,True,True,True,0,0.0,
5370,Rev2,2,W186,PX-7500,CH-C,MID-04,Mid,0.52,210.0,95.62,96.53,84.59,875.0,True,True,True,False,1,4.85,
5371,Rev2,2,W186,PX-7500,CH-C,MID-05,Mid,0.52,270.0,96.92,96.32,83.57,948.5,True,True,True,True,0,0.0,
5372,Rev2,2,W186,PX-7500,CH-C,MID-06,Mid,0.52,330.0,97.48,93.65,83.89,798.4,True,True,True,False,0,0.0,
5373,Rev2,2,W186,PX-7500,CH-C,EDG-01,Edge,0.84,0.0,100.93,93.94,84.99,798.2,False,True,True,False,2,12.58,endpoint_late
5374,Rev2,2,W186,PX-7500,CH-C,EDG-02,Edge,0.84,32.7,98.44,98.95,87.67,938.6,True,False,True,True,1,3.85,
5375,Rev2,2,W186,PX-7500,CH-C,EDG-03,Edge,0.84,65.5,97.67,93.53,89.84,967.8,True,True,True,True,0,0.0,
5376,Rev2,2,W186,PX-7500,CH-C,EDG-04,Edge,0.84,98.2,98.71,95.98,89.7,984.3,True,True,True,True,0,0.0,
5377,Rev2,2,W186,PX-7500,CH-C,EDG-05,Edge,0.84,130.9,98.33,95.92,89.64,1010.6,True,True,True,True,0,0.0,
5378,Rev2,2,W186,PX-7500,CH-C,EDG-06,Edge,0.84,163.6,100.23,97.58,89.18,905.7,True,True,True,True,0,0.0,
5379,Rev2,2,W186,PX-7500,CH-C,EDG-07,Edge,0.84,196.4,99.16,96.68,89.08,1049.3,True,True,True,True,0,0.0,
5380,Rev2,2,W186,PX-7500,CH-C,EDG-08,Edge,0.84,229.1,96.0,92.66,88.14,991.2,True,True,True,True,2,6.31,
5381,Rev2,2,W186,PX-7500,CH-C,EDG-09,Edge,0.84,261.8,99.19,101.03,92.47,950.9,True,False,True,True,0,0.0,
5382,Rev2,2,W186,PX-7500,CH-C,EDG-10,Edge,0.84,294.5,100.44,96.3,94.18,820.4,True,True,True,False,0,0.0,
5383,Rev2,2,W186,PX-7500,CH-C,EDG-11,Edge,0.84,327.3,99.05,94.45,87.55,891.8,True,True,True,True,0,0.0,
5384,Rev2,2,W186,PX-7500,CH-C,EXT-01,Extreme Edge,0.96,16.4,99.62,93.55,89.22,937.6,True,True,True,True,1,2.06,
5385,Rev2,2,W186,PX-7500,CH-C,EXT-02,Extreme Edge,0.96,49.1,99.65,97.77,91.53,819.2,True,False,True,False,0,0.0,
5386,Rev2,2,W186,PX-7500,CH-C,EXT-03,Extreme Edge,0.96,81.8,100.04,97.62,89.35,963.6,True,False,True,True,1,2.03,esc_temp_drift
5387,Rev2,2,W186,PX-7500,CH-C,EXT-04,Extreme Edge,0.96,114.5,103.3,95.57,84.59,884.2,False,True,True,True,3,8.6,
5388,Rev2,2,W186,PX-7500,CH-C,EXT-05,Extreme Edge,0.96,147.3,98.06,97.34,87.16,1042.9,True,True,True,True,0,0.0,
5389,Rev2,2,W186,PX-7500,CH-C,EXT-06,Extreme Edge,0.96,180.0,103.53,94.0,85.4,1071.5,False,True,True,True,2,11.87,
5390,Rev2,2,W186,PX-7500,CH-C,EXT-07,Extreme Edge,0.96,212.7,99.48,95.93,88.48,1036.5,True,True,True,True,0,0.0,
5391,Rev2,2,W186,PX-7500,CH-C,EXT-08,Extreme Edge,0.96,245.5,103.87,96.69,89.33,844.5,False,True,True,False,0,0.0,
5392,Rev2,2,W186,PX-7500,CH-C,EXT-09,Extreme Edge,0.96,278.2,101.72,98.57,87.42,852.1,False,False,True,False,2,7.68,polymer_residue
5393,Rev2,2,W186,PX-7500,CH-C,EXT-10,Extreme Edge,0.96,310.9,101.34,96.12,88.39,957.4,False,True,True,True,1,5.85,esc_temp_drift
5394,Rev2,2,W186,PX-7500,CH-C,EXT-11,Extreme Edge,0.96,343.6,101.52,95.48,93.84,896.2,False,True,True,True,1,3.86,arc_event
5395,Rev5,5,W187,AE-3200,CH-B,C1,Center,0.0,0.0,100.26,89.19,90.95,978.6,True,True,True,True,0,0.0,
5396,Rev5,5,W187,AE-3200,CH-B,MID-01,Mid,0.52,30.0,97.46,93.32,84.33,917.3,True,True,True,True,0,0.0,
5397,Rev5,5,W187,AE-3200,CH-B,MID-02,Mid,0.52,90.0,97.16,92.4,84.91,911.3,True,True,True,True,0,0.0,
5398,Rev5,5,W187,AE-3200,CH-B,MID-03,Mid,0.52,150.0,95.49,91.89,90.41,964.7,True,True,True,True,2,8.42,
5399,Rev5,5,W187,AE-3200,CH-B,MID-04,Mid,0.52,210.0,102.41,92.42,83.92,982.4,False,True,True,True,0,0.0,
5400,Rev5,5,W187,AE-3200,CH-B,MID-05,Mid,0.52,270.0,100.41,93.13,82.6,911.0,True,True,True,True,0,0.0,
5401,Rev5,5,W187,AE-3200,CH-B,MID-06,Mid,0.52,330.0,98.2,91.91,92.3,912.3,True,True,True,True,0,0.0,
5402,Rev5,5,W187,AE-3200,CH-B,EDG-01,Edge,0.84,0.0,100.88,91.14,90.68,832.9,False,True,True,False,1,3.87,polymer_residue
5403,Rev5,5,W187,AE-3200,CH-B,EDG-02,Edge,0.84,32.7,99.76,92.55,90.26,936.4,True,True,True,True,1,6.08,polymer_residue
5404,Rev5,5,W187,AE-3200,CH-B,EDG-03,Edge,0.84,65.5,98.52,91.13,81.35,1006.5,True,True,True,True,1,3.07,
5405,Rev5,5,W187,AE-3200,CH-B,EDG-04,Edge,0.84,98.2,100.49,95.56,83.84,969.0,True,True,True,True,0,0.0,
5406,Rev5,5,W187,AE-3200,CH-B,EDG-05,Edge,0.84,130.9,97.05,92.72,86.71,1003.2,True,True,True,True,0,0.0,
5407,Rev5,5,W187,AE-3200,CH-B,EDG-06,Edge,0.84,163.6,98.89,92.98,87.96,964.0,True,True,True,True,1,5.65,
5408,Rev5,5,W187,AE-3200,CH-B,EDG-07,Edge,0.84,196.4,101.64,93.32,88.72,850.8,False,True,True,False,0,0.0,
5409,Rev5,5,W187,AE-3200,CH-B,EDG-08,Edge,0.84,229.1,99.32,90.9,85.39,942.1,True,True,True,True,0,0.0,
5410,Rev5,5,W187,AE-3200,CH-B,EDG-09,Edge,0.84,261.8,101.47,93.58,77.3,974.5,False,True,False,True,0,0.0,
5411,Rev5,5,W187,AE-3200,CH-B,EDG-10,Edge,0.84,294.5,101.6,91.18,86.58,875.4,False,True,True,False,2,6.49,polymer_residue
5412,Rev5,5,W187,AE-3200,CH-B,EDG-11,Edge,0.84,327.3,105.85,94.52,86.57,926.5,False,True,True,True,0,0.0,
5413,Rev5,5,W187,AE-3200,CH-B,EXT-01,Extreme Edge,0.96,16.4,102.01,93.02,85.48,1094.4,False,True,True,False,2,12.65,pressure_spike
5414,Rev5,5,W187,AE-3200,CH-B,EXT-02,Extreme Edge,0.96,49.1,99.01,94.37,84.08,1028.7,True,True,True,True,2,4.79,
5415,Rev5,5,W187,AE-3200,CH-B,EXT-03,Extreme Edge,0.96,81.8,103.74,95.95,86.06,955.3,False,True,True,True,1,4.42,polymer_residue
5416,Rev5,5,W187,AE-3200,CH-B,EXT-04,Extreme Edge,0.96,114.5,101.91,88.62,84.34,1020.6,False,True,True,True,0,0.0,
5417,Rev5,5,W187,AE-3200,CH-B,EXT-05,Extreme Edge,0.96,147.3,99.81,95.7,82.56,977.0,True,True,True,True,0,0.0,
5418,Rev5,5,W187,AE-3200,CH-B,EXT-06,Extreme Edge,0.96,180.0,103.72,95.87,90.4,878.4,False,True,True,False,3,16.46,arc_event
5419,Rev5,5,W187,AE-3200,CH-B,EXT-07,Extreme Edge,0.96,212.7,102.35,94.51,88.71,993.4,False,True,True,True,0,0.0,
5420,Rev5,5,W187,AE-3200,CH-B,EXT-08,Extreme Edge,0.96,245.5,100.1,98.84,87.61,988.4,True,False,True,True,1,3.21,esc_temp_drift
5421,Rev5,5,W187,AE-3200,CH-B,EXT-09,Extreme Edge,0.96,278.2,103.73,94.59,95.36,955.6,False,True,False,True,0,0.0,
5422,Rev5,5,W187,AE-3200,CH-B,EXT-10,Extreme Edge,0.96,310.9,98.68,91.86,82.13,952.3,True,True,True,True,0,0.0,
5423,Rev5,5,W187,AE-3200,CH-B,EXT-11,Extreme Edge,0.96,343.6,99.67,88.84,92.29,891.6,True,True,True,True,1,2.48,polymer_residue
5424,Rev3,3,W188,PX-7500,CH-D,C1,Center,0.0,0.0,99.18,92.04,83.35,911.6,True,True,True,True,0,0.0,
5425,Rev3,3,W188,PX-7500,CH-D,MID-01,Mid,0.52,30.0,98.69,96.3,84.73,953.6,True,True,True,True,0,0.0,
5426,Rev3,3,W188,PX-7500,CH-D,MID-02,Mid,0.52,90.0,101.17,96.47,89.29,907.9,False,True,True,True,0,0.0,
5427,Rev3,3,W188,PX-7500,CH-D,MID-03,Mid,0.52,150.0,96.06,97.06,92.26,931.9,True,True,True,True,1,3.07,
5428,Rev3,3,W188,PX-7500,CH-D,MID-04,Mid,0.52,210.0,97.45,93.09,87.84,929.9,True,True,True,True,2,4.62,
5429,Rev3,3,W188,PX-7500,CH-D,MID-05,Mid,0.52,270.0,96.02,93.32,87.15,923.6,True,True,True,True,1,6.15,polymer_residue
5430,Rev3,3,W188,PX-7500,CH-D,MID-06,Mid,0.52,330.0,94.78,92.11,87.68,1120.9,True,True,True,False,1,3.28,pressure_spike
5431,Rev3,3,W188,PX-7500,CH-D,EDG-01,Edge,0.84,0.0,103.33,98.31,87.88,984.0,False,False,True,True,1,2.84,polymer_residue
5432,Rev3,3,W188,PX-7500,CH-D,EDG-02,Edge,0.84,32.7,97.87,95.86,83.11,982.9,True,True,True,True,0,0.0,
5433,Rev3,3,W188,PX-7500,CH-D,EDG-03,Edge,0.84,65.5,95.28,99.27,86.5,909.3,True,False,True,True,0,0.0,
5434,Rev3,3,W188,PX-7500,CH-D,EDG-04,Edge,0.84,98.2,98.33,98.77,84.92,953.3,True,False,True,True,0,0.0,
5435,Rev3,3,W188,PX-7500,CH-D,EDG-05,Edge,0.84,130.9,98.48,97.54,91.95,903.2,True,True,True,True,1,2.34,
5436,Rev3,3,W188,PX-7500,CH-D,EDG-06,Edge,0.84,163.6,102.71,95.01,89.21,999.6,False,True,True,True,1,5.5,endpoint_late
5437,Rev3,3,W188,PX-7500,CH-D,EDG-07,Edge,0.84,196.4,100.96,95.43,90.7,972.8,False,True,True,True,0,0.0,
5438,Rev3,3,W188,PX-7500,CH-D,EDG-08,Edge,0.84,229.1,97.53,99.33,84.0,938.2,True,False,True,True,0,0.0,
5439,Rev3,3,W188,PX-7500,CH-D,EDG-09,Edge,0.84,261.8,99.72,99.19,89.95,975.9,True,False,True,True,0,0.0,
5440,Rev3,3,W188,PX-7500,CH-D,EDG-10,Edge,0.84,294.5,100.45,101.13,88.54,917.7,True,False,True,True,0,0.0,
5441,Rev3,3,W188,PX-7500,CH-D,EDG-11,Edge,0.84,327.3,101.65,97.22,87.29,911.9,False,True,True,True,0,0.0,
5442,Rev3,3,W188,PX-7500,CH-D,EXT-01,Extreme Edge,0.96,16.4,102.17,97.57,93.4,928.9,False,True,True,True,1,4.36,arc_event
5443,Rev3,3,W188,PX-7500,CH-D,EXT-02,Extreme Edge,0.96,49.1,100.02,92.8,87.41,994.4,True,True,True,True,0,0.0,
5444,Rev3,3,W188,PX-7500,CH-D,EXT-03,Extreme Edge,0.96,81.8,98.93,99.53,84.68,981.0,True,False,True,True,0,0.0,
5445,Rev3,3,W188,PX-7500,CH-D,EXT-04,Extreme Edge,0.96,114.5,100.92,96.56,89.88,1120.1,False,True,True,False,2,12.37,
5446,Rev3,3,W188,PX-7500,CH-D,EXT-05,Extreme Edge,0.96,147.3,99.12,98.61,81.05,932.6,True,False,True,True,3,11.46,
5447,Rev3,3,W188,PX-7500,CH-D,EXT-06,Extreme Edge,0.96,180.0,98.92,98.03,89.08,1017.2,True,False,True,True,1,4.33,polymer_residue
5448,Rev3,3,W188,PX-7500,CH-D,EXT-07,Extreme Edge,0.96,212.7,100.11,99.31,86.48,1046.5,True,False,True,True,0,0.0,
5449,Rev3,3,W188,PX-7500,CH-D,EXT-08,Extreme Edge,0.96,245.5,99.27,100.09,94.22,1080.8,True,False,True,True,1,4.87,
5450,Rev3,3,W188,PX-7500,CH-D,EXT-09,Extreme Edge,0.96,278.2,103.48,99.17,93.78,930.6,False,False,True,True,1,6.18,pressure_spike
5451,Rev3,3,W188,PX-7500,CH-D,EXT-10,Extreme Edge,0.96,310.9,101.05,101.35,89.36,946.7,False,False,True,True,1,3.44,polymer_residue
5452,Rev3,3,W188,PX-7500,CH-D,EXT-11,Extreme Edge,0.96,343.6,98.74,96.27,90.69,955.0,True,True,True,True,5,21.05,polymer_residue
5453,Rev1,1,W189,AE-3200,CH-B,C1,Center,0.0,0.0,93.02,94.78,81.77,937.4,True,True,True,True,0,0.0,
5454,Rev1,1,W189,AE-3200,CH-B,MID-01,Mid,0.52,30.0,94.31,96.54,81.79,916.5,True,True,True,True,0,0.0,
5455,Rev1,1,W189,AE-3200,CH-B,MID-02,Mid,0.52,90.0,91.78,93.94,78.46,829.0,True,True,True,False,0,0.0,
5456,Rev1,1,W189,AE-3200,CH-B,MID-03,Mid,0.52,150.0,93.77,101.69,85.53,967.9,True,False,True,True,0,0.0,
5457,Rev1,1,W189,AE-3200,CH-B,MID-04,Mid,0.52,210.0,93.5,92.51,87.72,928.6,True,True,True,True,0,0.0,
5458,Rev1,1,W189,AE-3200,CH-B,MID-05,Mid,0.52,270.0,91.98,96.86,79.77,986.5,True,True,True,True,0,0.0,
5459,Rev1,1,W189,AE-3200,CH-B,MID-06,Mid,0.52,330.0,93.63,95.38,89.73,878.5,True,True,True,False,0,0.0,
5460,Rev1,1,W189,AE-3200,CH-B,EDG-01,Edge,0.84,0.0,94.37,97.26,83.35,887.1,True,True,True,True,0,0.0,
5461,Rev1,1,W189,AE-3200,CH-B,EDG-02,Edge,0.84,32.7,92.9,100.73,84.74,908.2,True,False,True,True,0,0.0,
5462,Rev1,1,W189,AE-3200,CH-B,EDG-03,Edge,0.84,65.5,97.4,103.09,82.61,929.6,True,False,True,True,1,5.36,polymer_residue
5463,Rev1,1,W189,AE-3200,CH-B,EDG-04,Edge,0.84,98.2,96.72,104.13,87.08,938.2,True,False,True,True,0,0.0,
5464,Rev1,1,W189,AE-3200,CH-B,EDG-05,Edge,0.84,130.9,98.69,99.9,89.84,950.4,True,False,True,True,2,8.61,
5465,Rev1,1,W189,AE-3200,CH-B,EDG-06,Edge,0.84,163.6,94.24,97.77,92.72,795.5,True,False,True,False,0,0.0,
5466,Rev1,1,W189,AE-3200,CH-B,EDG-07,Edge,0.84,196.4,97.95,97.88,84.75,1014.8,True,False,True,True,0,0.0,
5467,Rev1,1,W189,AE-3200,CH-B,EDG-08,Edge,0.84,229.1,94.16,100.0,85.01,990.7,True,False,True,True,0,0.0,
5468,Rev1,1,W189,AE-3200,CH-B,EDG-09,Edge,0.84,261.8,95.73,95.14,86.71,963.5,True,True,True,True,0,0.0,
5469,Rev1,1,W189,AE-3200,CH-B,EDG-10,Edge,0.84,294.5,95.01,99.24,85.4,1052.3,True,False,True,True,3,7.88,
5470,Rev1,1,W189,AE-3200,CH-B,EDG-11,Edge,0.84,327.3,97.74,100.31,84.64,897.7,True,False,True,True,0,0.0,
5471,Rev1,1,W189,AE-3200,CH-B,EXT-01,Extreme Edge,0.96,16.4,97.73,100.06,77.65,1032.6,True,False,False,True,1,2.25,
5472,Rev1,1,W189,AE-3200,CH-B,EXT-02,Extreme Edge,0.96,49.1,95.16,102.46,87.89,996.7,True,False,True,True,0,0.0,
5473,Rev1,1,W189,AE-3200,CH-B,EXT-03,Extreme Edge,0.96,81.8,99.8,100.64,86.22,995.3,True,False,True,True,0,0.0,
5474,Rev1,1,W189,AE-3200,CH-B,EXT-04,Extreme Edge,0.96,114.5,94.86,104.41,79.79,1019.4,True,False,True,True,0,0.0,
5475,Rev1,1,W189,AE-3200,CH-B,EXT-05,Extreme Edge,0.96,147.3,92.28,96.63,89.59,992.6,True,True,True,True,0,0.0,
5476,Rev1,1,W189,AE-3200,CH-B,EXT-06,Extreme Edge,0.96,180.0,99.28,96.39,85.23,967.7,True,True,True,True,0,0.0,
5477,Rev1,1,W189,AE-3200,CH-B,EXT-07,Extreme Edge,0.96,212.7,98.23,100.76,80.5,1064.5,True,False,True,True,0,0.0,
5478,Rev1,1,W189,AE-3200,CH-B,EXT-08,Extreme Edge,0.96,245.5,93.44,99.72,83.27,973.0,True,False,True,True,0,0.0,
5479,Rev1,1,W189,AE-3200,CH-B,EXT-09,Extreme Edge,0.96,278.2,97.05,96.37,82.22,962.2,True,True,True,True,0,0.0,
5480,Rev1,1,W189,AE-3200,CH-B,EXT-10,Extreme Edge,0.96,310.9,98.26,101.23,89.17,922.0,True,False,True,True,3,9.68,polymer_residue
5481,Rev1,1,W189,AE-3200,CH-B,EXT-11,Extreme Edge,0.96,343.6,98.96,97.86,87.45,935.8,True,False,True,True,1,6.07,polymer_residue
5482,Rev2,2,W190,PX-7500,CH-C,C1,Center,0.0,0.0,94.25,96.77,83.88,982.7,True,True,True,True,0,0.0,
5483,Rev2,2,W190,PX-7500,CH-C,MID-01,Mid,0.52,30.0,92.56,91.12,84.76,908.0,True,True,True,True,0,0.0,
5484,Rev2,2,W190,PX-7500,CH-C,MID-02,Mid,0.52,90.0,95.37,96.53,80.61,1017.6,True,True,True,True,0,0.0,
5485,Rev2,2,W190,PX-7500,CH-C,MID-03,Mid,0.52,150.0,93.38,101.39,86.65,942.2,True,False,True,True,0,0.0,
5486,Rev2,2,W190,PX-7500,CH-C,MID-04,Mid,0.52,210.0,97.48,97.42,92.06,975.4,True,True,True,True,0,0.0,
5487,Rev2,2,W190,PX-7500,CH-C,MID-05,Mid,0.52,270.0,91.63,95.3,87.52,939.8,True,True,True,True,0,0.0,
5488,Rev2,2,W190,PX-7500,CH-C,MID-06,Mid,0.52,330.0,94.74,94.42,86.94,948.4,True,True,True,True,0,0.0,
5489,Rev2,2,W190,PX-7500,CH-C,EDG-01,Edge,0.84,0.0,99.31,100.26,88.18,852.0,True,False,True,False,1,5.85,esc_temp_drift
5490,Rev2,2,W190,PX-7500,CH-C,EDG-02,Edge,0.84,32.7,97.23,95.02,96.55,921.5,True,True,False,True,1,2.72,endpoint_late
5491,Rev2,2,W190,PX-7500,CH-C,EDG-03,Edge,0.84,65.5,98.61,101.3,90.2,922.1,True,False,True,True,2,9.43,
5492,Rev2,2,W190,PX-7500,CH-C,EDG-04,Edge,0.84,98.2,97.16,99.64,90.31,993.8,True,False,True,True,1,5.09,arc_event
5493,Rev2,2,W190,PX-7500,CH-C,EDG-05,Edge,0.84,130.9,98.37,99.15,88.44,1018.0,True,False,True,True,0,0.0,
5494,Rev2,2,W190,PX-7500,CH-C,EDG-06,Edge,0.84,163.6,95.64,95.42,85.58,964.1,True,True,True,True,1,1.97,polymer_residue
5495,Rev2,2,W190,PX-7500,CH-C,EDG-07,Edge,0.84,196.4,98.75,101.07,89.87,1038.0,True,False,True,True,0,0.0,
5496,Rev2,2,W190,PX-7500,CH-C,EDG-08,Edge,0.84,229.1,96.42,101.78,95.91,1080.0,True,False,False,True,2,8.85,polymer_residue
5497,Rev2,2,W190,PX-7500,CH-C,EDG-09,Edge,0.84,261.8,97.41,102.02,84.97,933.9,True,False,True,True,0,0.0,
5498,Rev2,2,W190,PX-7500,CH-C,EDG-10,Edge,0.84,294.5,95.55,98.51,90.88,1010.2,True,False,True,True,0,0.0,
5499,Rev2,2,W190,PX-7500,CH-C,EDG-11,Edge,0.84,327.3,97.66,97.85,85.75,1005.7,True,False,True,True,1,5.43,pressure_spike
5500,Rev2,2,W190,PX-7500,CH-C,EXT-01,Extreme Edge,0.96,16.4,98.93,99.93,92.34,1043.6,True,False,True,True,2,9.57,polymer_residue
5501,Rev2,2,W190,PX-7500,CH-C,EXT-02,Extreme Edge,0.96,49.1,98.41,95.88,95.06,1013.8,True,True,False,True,2,11.65,polymer_residue
5502,Rev2,2,W190,PX-7500,CH-C,EXT-03,Extreme Edge,0.96,81.8,96.44,99.06,94.8,998.0,True,False,False,True,0,0.0,
5503,Rev2,2,W190,PX-7500,CH-C,EXT-04,Extreme Edge,0.96,114.5,99.39,96.82,95.16,1039.8,True,True,False,True,0,0.0,
5504,Rev2,2,W190,PX-7500,CH-C,EXT-05,Extreme Edge,0.96,147.3,101.39,98.64,91.45,964.9,False,False,True,True,1,5.52,polymer_residue
5505,Rev2,2,W190,PX-7500,CH-C,EXT-06,Extreme Edge,0.96,180.0,95.66,99.32,99.04,934.3,True,False,False,True,1,3.94,pressure_spike
5506,Rev2,2,W190,PX-7500,CH-C,EXT-07,Extreme Edge,0.96,212.7,96.77,100.79,79.51,989.7,True,False,True,True,0,0.0,
5507,Rev2,2,W190,PX-7500,CH-C,EXT-08,Extreme Edge,0.96,245.5,98.66,102.02,96.01,1016.0,True,False,False,True,0,0.0,
5508,Rev2,2,W190,PX-7500,CH-C,EXT-09,Extreme Edge,0.96,278.2,99.53,99.06,91.14,992.4,True,False,True,True,0,0.0,
5509,Rev2,2,W190,PX-7500,CH-C,EXT-10,Extreme Edge,0.96,310.9,96.72,100.05,94.38,903.0,True,False,True,True,2,5.17,endpoint_late
5510,Rev2,2,W190,PX-7500,CH-C,EXT-11,Extreme Edge,0.96,343.6,99.47,99.75,89.81,1094.0,True,False,True,False,1,3.6,pressure_spike
5511,Rev6,6,W191,PX-7500,CH-C,C1,Center,0.0,0.0,94.75,91.98,78.26,1054.7,True,True,True,True,0,0.0,
5512,Rev6,6,W191,PX-7500,CH-C,MID-01,Mid,0.52,30.0,97.51,88.69,88.79,976.8,True,True,True,True,0,0.0,
5513,Rev6,6,W191,PX-7500,CH-C,MID-02,Mid,0.52,90.0,98.58,89.02,79.47,1012.1,True,True,True,True,0,0.0,
5514,Rev6,6,W191,PX-7500,CH-C,MID-03,Mid,0.52,150.0,97.7,93.73,82.22,1030.7,True,True,True,True,0,0.0,
5515,Rev6,6,W191,PX-7500,CH-C,MID-04,Mid,0.52,210.0,97.09,94.44,88.02,969.4,True,True,True,True,0,0.0,
5516,Rev6,6,W191,PX-7500,CH-C,MID-05,Mid,0.52,270.0,98.83,91.45,81.39,1028.7,True,True,True,True,0,0.0,
5517,Rev6,6,W191,PX-7500,CH-C,MID-06,Mid,0.52,330.0,97.69,93.25,86.34,980.0,True,True,True,True,0,0.0,
5518,Rev6,6,W191,PX-7500,CH-C,EDG-01,Edge,0.84,0.0,101.79,93.45,85.15,948.6,False,True,True,True,1,6.21,
5519,Rev6,6,W191,PX-7500,CH-C,EDG-02,Edge,0.84,32.7,98.78,91.27,90.87,942.7,True,True,True,True,0,0.0,
5520,Rev6,6,W191,PX-7500,CH-C,EDG-03,Edge,0.84,65.5,99.7,92.79,92.51,1045.1,True,True,True,True,1,5.93,endpoint_late
5521,Rev6,6,W191,PX-7500,CH-C,EDG-04,Edge,0.84,98.2,97.73,91.94,81.34,1046.4,True,True,True,True,0,0.0,
5522,Rev6,6,W191,PX-7500,CH-C,EDG-05,Edge,0.84,130.9,98.77,89.35,84.92,1106.3,True,True,True,False,0,0.0,
5523,Rev6,6,W191,PX-7500,CH-C,EDG-06,Edge,0.84,163.6,99.77,92.31,84.38,1044.1,True,True,True,True,0,0.0,
5524,Rev6,6,W191,PX-7500,CH-C,EDG-07,Edge,0.84,196.4,99.8,94.02,85.07,1031.4,True,True,True,True,0,0.0,
5525,Rev6,6,W191,PX-7500,CH-C,EDG-08,Edge,0.84,229.1,99.43,96.4,86.14,1009.0,True,True,True,True,0,0.0,
5526,Rev6,6,W191,PX-7500,CH-C,EDG-09,Edge,0.84,261.8,103.07,93.26,84.63,969.0,False,True,True,True,1,5.0,polymer_residue
5527,Rev6,6,W191,PX-7500,CH-C,EDG-10,Edge,0.84,294.5,98.43,96.4,80.12,1128.7,True,True,True,False,1,4.14,
5528,Rev6,6,W191,PX-7500,CH-C,EDG-11,Edge,0.84,327.3,100.94,93.39,82.92,1117.5,False,True,True,False,1,3.44,
5529,Rev6,6,W191,PX-7500,CH-C,EXT-01,Extreme Edge,0.96,16.4,97.23,95.86,88.06,1018.3,True,True,True,True,0,0.0,
5530,Rev6,6,W191,PX-7500,CH-C,EXT-02,Extreme Edge,0.96,49.1,100.26,92.58,83.25,1095.8,True,True,True,False,1,3.67,polymer_residue
5531,Rev6,6,W191,PX-7500,CH-C,EXT-03,Extreme Edge,0.96,81.8,99.16,99.9,82.26,1086.6,True,False,True,True,1,6.29,
5532,Rev6,6,W191,PX-7500,CH-C,EXT-04,Extreme Edge,0.96,114.5,102.5,94.84,85.47,1023.9,False,True,True,True,0,0.0,
5533,Rev6,6,W191,PX-7500,CH-C,EXT-05,Extreme Edge,0.96,147.3,101.7,94.49,91.83,1096.4,False,True,True,False,3,16.51,arc_event
5534,Rev6,6,W191,PX-7500,CH-C,EXT-06,Extreme Edge,0.96,180.0,104.25,96.42,89.88,945.9,False,True,True,True,0,0.0,
5535,Rev6,6,W191,PX-7500,CH-C,EXT-07,Extreme Edge,0.96,212.7,102.46,93.98,87.49,1121.6,False,True,True,False,1,2.34,endpoint_late
5536,Rev6,6,W191,PX-7500,CH-C,EXT-08,Extreme Edge,0.96,245.5,98.59,98.86,90.9,1134.7,True,False,True,False,1,3.51,
5537,Rev6,6,W191,PX-7500,CH-C,EXT-09,Extreme Edge,0.96,278.2,100.55,95.15,93.13,1216.7,True,True,True,False,0,0.0,
5538,Rev6,6,W191,PX-7500,CH-C,EXT-10,Extreme Edge,0.96,310.9,100.12,98.42,74.98,1041.1,True,False,False,True,2,11.79,
5539,Rev6,6,W191,PX-7500,CH-C,EXT-11,Extreme Edge,0.96,343.6,97.99,94.1,88.27,1098.6,True,True,True,False,2,10.82,polymer_residue
5540,Rev1,1,W192,AE-3200,CH-B,C1,Center,0.0,0.0,92.33,91.68,80.06,986.5,True,True,True,True,0,0.0,
5541,Rev1,1,W192,AE-3200,CH-B,MID-01,Mid,0.52,30.0,96.37,95.22,81.28,931.7,True,True,True,True,0,0.0,
5542,Rev1,1,W192,AE-3200,CH-B,MID-02,Mid,0.52,90.0,90.27,94.49,85.58,967.6,False,True,True,True,0,0.0,
5543,Rev1,1,W192,AE-3200,CH-B,MID-03,Mid,0.52,150.0,93.0,96.23,79.71,940.2,True,True,True,True,0,0.0,
5544,Rev1,1,W192,AE-3200,CH-B,MID-04,Mid,0.52,210.0,94.7,97.62,89.53,952.1,True,False,True,True,0,0.0,
5545,Rev1,1,W192,AE-3200,CH-B,MID-05,Mid,0.52,270.0,92.57,89.51,82.06,935.4,True,True,True,True,0,0.0,
5546,Rev1,1,W192,AE-3200,CH-B,MID-06,Mid,0.52,330.0,90.45,98.22,92.67,1005.1,False,False,True,True,1,5.77,pressure_spike
5547,Rev1,1,W192,AE-3200,CH-B,EDG-01,Edge,0.84,0.0,92.47,100.55,87.21,1049.0,True,False,True,True,1,2.8,polymer_residue
5548,Rev1,1,W192,AE-3200,CH-B,EDG-02,Edge,0.84,32.7,93.69,95.96,87.51,1015.4,True,True,True,True,0,0.0,
5549,Rev1,1,W192,AE-3200,CH-B,EDG-03,Edge,0.84,65.5,93.86,97.82,89.53,1015.7,True,False,True,True,1,4.65,
5550,Rev1,1,W192,AE-3200,CH-B,EDG-04,Edge,0.84,98.2,92.29,99.29,76.28,919.4,True,False,False,True,1,5.88,polymer_residue
5551,Rev1,1,W192,AE-3200,CH-B,EDG-05,Edge,0.84,130.9,95.65,98.8,86.14,841.4,True,False,True,False,0,0.0,
5552,Rev1,1,W192,AE-3200,CH-B,EDG-06,Edge,0.84,163.6,93.89,98.16,86.05,1002.3,True,False,True,True,1,4.01,endpoint_late
5553,Rev1,1,W192,AE-3200,CH-B,EDG-07,Edge,0.84,196.4,92.02,98.57,92.48,986.0,True,False,True,True,0,0.0,
5554,Rev1,1,W192,AE-3200,CH-B,EDG-08,Edge,0.84,229.1,93.87,99.18,85.66,1053.4,True,False,True,True,3,10.02,esc_temp_drift
5555,Rev1,1,W192,AE-3200,CH-B,EDG-09,Edge,0.84,261.8,93.0,97.61,83.92,857.9,True,False,True,False,2,12.9,
5556,Rev1,1,W192,AE-3200,CH-B,EDG-10,Edge,0.84,294.5,96.04,99.13,86.13,1050.2,True,False,True,True,0,0.0,
5557,Rev1,1,W192,AE-3200,CH-B,EDG-11,Edge,0.84,327.3,92.75,99.4,85.78,1022.7,True,False,True,True,0,0.0,
5558,Rev1,1,W192,AE-3200,CH-B,EXT-01,Extreme Edge,0.96,16.4,100.87,98.53,93.63,979.8,False,False,True,True,2,7.1,esc_temp_drift
5559,Rev1,1,W192,AE-3200,CH-B,EXT-02,Extreme Edge,0.96,49.1,97.37,100.16,94.06,1015.8,True,False,True,True,0,0.0,
5560,Rev1,1,W192,AE-3200,CH-B,EXT-03,Extreme Edge,0.96,81.8,97.36,98.59,90.41,999.0,True,False,True,True,2,5.57,
5561,Rev1,1,W192,AE-3200,CH-B,EXT-04,Extreme Edge,0.96,114.5,95.52,94.3,88.27,884.5,True,True,True,True,0,0.0,
5562,Rev1,1,W192,AE-3200,CH-B,EXT-05,Extreme Edge,0.96,147.3,96.32,100.33,92.63,913.3,True,False,True,True,1,5.45,
5563,Rev1,1,W192,AE-3200,CH-B,EXT-06,Extreme Edge,0.96,180.0,95.65,94.05,84.8,935.2,True,True,True,True,0,0.0,
5564,Rev1,1,W192,AE-3200,CH-B,EXT-07,Extreme Edge,0.96,212.7,94.03,98.49,91.59,961.2,True,False,True,True,0,0.0,
5565,Rev1,1,W192,AE-3200,CH-B,EXT-08,Extreme Edge,0.96,245.5,97.89,98.0,92.73,1044.8,True,False,True,True,2,6.47,
5566,Rev1,1,W192,AE-3200,CH-B,EXT-09,Extreme Edge,0.96,278.2,99.84,96.16,92.38,957.3,True,True,True,True,0,0.0,
5567,Rev1,1,W192,AE-3200,CH-B,EXT-10,Extreme Edge,0.96,310.9,96.27,99.96,88.73,990.0,True,False,True,True,1,5.1,endpoint_late
5568,Rev1,1,W192,AE-3200,CH-B,EXT-11,Extreme Edge,0.96,343.6,95.88,107.36,88.27,949.4,True,False,True,True,1,4.03,esc_temp_drift
5569,Rev8,8,W193,AE-3200,CH-A,C1,Center,0.0,0.0,100.33,93.56,88.6,1078.3,True,True,True,True,0,0.0,
5570,Rev8,8,W193,AE-3200,CH-A,MID-01,Mid,0.52,30.0,98.94,98.75,90.11,1088.2,True,False,True,True,0,0.0,
5571,Rev8,8,W193,AE-3200,CH-A,MID-02,Mid,0.52,90.0,99.85,91.94,97.13,1090.6,True,True,False,False,0,0.0,
5572,Rev8,8,W193,AE-3200,CH-A,MID-03,Mid,0.52,150.0,96.32,93.25,88.63,1023.1,True,True,True,True,0,0.0,
5573,Rev8,8,W193,AE-3200,CH-A,MID-04,Mid,0.52,210.0,95.6,92.19,90.81,1097.4,True,True,True,False,0,0.0,
5574,Rev8,8,W193,AE-3200,CH-A,MID-05,Mid,0.52,270.0,99.67,95.25,96.73,1022.6,True,True,False,True,0,0.0,
5575,Rev8,8,W193,AE-3200,CH-A,MID-06,Mid,0.52,330.0,100.18,92.97,95.62,1100.3,True,True,False,False,1,6.06,polymer_residue
5576,Rev8,8,W193,AE-3200,CH-A,EDG-01,Edge,0.84,0.0,99.86,96.33,95.46,1173.2,True,True,False,False,0,0.0,
5577,Rev8,8,W193,AE-3200,CH-A,EDG-02,Edge,0.84,32.7,103.6,96.72,86.67,1193.5,False,True,True,False,2,12.93,arc_event
5578,Rev8,8,W193,AE-3200,CH-A,EDG-03,Edge,0.84,65.5,100.08,97.66,97.22,1107.6,True,False,False,False,0,0.0,
5579,Rev8,8,W193,AE-3200,CH-A,EDG-04,Edge,0.84,98.2,101.37,97.15,85.55,1082.3,False,True,True,True,0,0.0,
5580,Rev8,8,W193,AE-3200,CH-A,EDG-05,Edge,0.84,130.9,101.2,95.38,94.84,1173.5,False,True,False,False,2,4.28,
5581,Rev8,8,W193,AE-3200,CH-A,EDG-06,Edge,0.84,163.6,104.98,94.68,96.98,1141.9,False,True,False,False,3,18.59,polymer_residue
5582,Rev8,8,W193,AE-3200,CH-A,EDG-07,Edge,0.84,196.4,101.1,97.54,85.19,1197.1,False,True,True,False,0,0.0,
5583,Rev8,8,W193,AE-3200,CH-A,EDG-08,Edge,0.84,229.1,102.34,96.52,102.35,1093.7,False,True,False,False,0,0.0,
5584,Rev8,8,W193,AE-3200,CH-A,EDG-09,Edge,0.84,261.8,101.63,94.97,94.5,1015.9,False,True,False,True,0,0.0,
5585,Rev8,8,W193,AE-3200,CH-A,EDG-10,Edge,0.84,294.5,102.28,94.52,95.99,1094.1,False,True,False,False,4,23.83,pressure_spike
5586,Rev8,8,W193,AE-3200,CH-A,EDG-11,Edge,0.84,327.3,103.44,93.4,97.14,1173.8,False,True,False,False,0,0.0,
5587,Rev8,8,W193,AE-3200,CH-A,EXT-01,Extreme Edge,0.96,16.4,101.23,94.42,92.14,1105.2,False,True,True,False,1,3.64,
5588,Rev8,8,W193,AE-3200,CH-A,EXT-02,Extreme Edge,0.96,49.1,99.53,93.35,90.26,995.2,True,True,True,True,1,3.92,pressure_spike
5589,Rev8,8,W193,AE-3200,CH-A,EXT-03,Extreme Edge,0.96,81.8,102.4,95.73,90.42,1020.2,False,True,True,True,0,0.0,
5590,Rev8,8,W193,AE-3200,CH-A,EXT-04,Extreme Edge,0.96,114.5,101.78,98.4,93.36,1212.2,False,False,True,False,1,2.76,
5591,Rev8,8,W193,AE-3200,CH-A,EXT-05,Extreme Edge,0.96,147.3,102.92,98.32,95.78,1102.8,False,False,False,False,0,0.0,
5592,Rev8,8,W193,AE-3200,CH-A,EXT-06,Extreme Edge,0.96,180.0,106.76,99.85,100.04,1126.2,False,False,False,False,1,6.14,polymer_residue
5593,Rev8,8,W193,AE-3200,CH-A,EXT-07,Extreme Edge,0.96,212.7,104.34,97.53,91.46,1024.7,False,True,True,True,0,0.0,
5594,Rev8,8,W193,AE-3200,CH-A,EXT-08,Extreme Edge,0.96,245.5,101.97,93.83,97.54,1133.6,False,True,False,False,2,8.13,
5595,Rev8,8,W193,AE-3200,CH-A,EXT-09,Extreme Edge,0.96,278.2,100.77,98.23,93.24,1009.0,True,False,True,True,2,10.94,
5596,Rev8,8,W193,AE-3200,CH-A,EXT-10,Extreme Edge,0.96,310.9,101.07,98.51,90.81,1104.9,False,False,True,False,1,5.5,polymer_residue
5597,Rev8,8,W193,AE-3200,CH-A,EXT-11,Extreme Edge,0.96,343.6,101.56,96.46,99.17,1183.4,False,True,False,False,1,3.43,pressure_spike
5598,Rev7,7,W194,PX-7500,CH-D,C1,Center,0.0,0.0,96.0,88.13,80.44,905.6,True,True,True,True,0,0.0,
5599,Rev7,7,W194,PX-7500,CH-D,MID-01,Mid,0.52,30.0,100.9,91.02,93.47,929.1,False,True,True,True,0,0.0,
5600,Rev7,7,W194,PX-7500,CH-D,MID-02,Mid,0.52,90.0,97.04,89.82,88.44,953.5,True,True,True,True,0,0.0,
5601,Rev7,7,W194,PX-7500,CH-D,MID-03,Mid,0.52,150.0,97.7,89.46,90.79,967.0,True,True,True,True,0,0.0,
5602,Rev7,7,W194,PX-7500,CH-D,MID-04,Mid,0.52,210.0,96.71,92.02,85.9,911.0,True,True,True,True,0,0.0,
5603,Rev7,7,W194,PX-7500,CH-D,MID-05,Mid,0.52,270.0,94.89,90.04,85.24,1114.4,True,True,True,False,0,0.0,
5604,Rev7,7,W194,PX-7500,CH-D,MID-06,Mid,0.52,330.0,98.38,91.41,85.06,1000.0,True,True,True,True,0,0.0,
5605,Rev7,7,W194,PX-7500,CH-D,EDG-01,Edge,0.84,0.0,102.64,93.8,92.03,1075.7,False,True,True,True,0,0.0,
5606,Rev7,7,W194,PX-7500,CH-D,EDG-02,Edge,0.84,32.7,98.08,88.48,93.38,1079.2,True,True,True,True,0,0.0,
5607,Rev7,7,W194,PX-7500,CH-D,EDG-03,Edge,0.84,65.5,104.47,93.33,87.7,1023.6,False,True,True,True,0,0.0,
5608,Rev7,7,W194,PX-7500,CH-D,EDG-04,Edge,0.84,98.2,100.6,94.17,85.69,1007.6,True,True,True,True,0,0.0,
5609,Rev7,7,W194,PX-7500,CH-D,EDG-05,Edge,0.84,130.9,99.37,95.87,94.44,1121.4,True,True,True,False,0,0.0,
5610,Rev7,7,W194,PX-7500,CH-D,EDG-06,Edge,0.84,163.6,97.42,96.1,80.09,1094.9,True,True,True,False,0,0.0,
5611,Rev7,7,W194,PX-7500,CH-D,EDG-07,Edge,0.84,196.4,98.19,94.37,95.08,1061.9,True,True,False,True,0,0.0,
5612,Rev7,7,W194,PX-7500,CH-D,EDG-08,Edge,0.84,229.1,99.91,89.71,84.43,1105.7,True,True,True,False,2,12.46,polymer_residue
5613,Rev7,7,W194,PX-7500,CH-D,EDG-09,Edge,0.84,261.8,99.87,90.57,85.96,1114.3,True,True,True,False,0,0.0,
5614,Rev7,7,W194,PX-7500,CH-D,EDG-10,Edge,0.84,294.5,100.84,93.6,90.01,1061.5,False,True,True,True,0,0.0,
5615,Rev7,7,W194,PX-7500,CH-D,EDG-11,Edge,0.84,327.3,100.78,92.55,90.05,1106.1,True,True,True,False,0,0.0,
5616,Rev7,7,W194,PX-7500,CH-D,EXT-01,Extreme Edge,0.96,16.4,106.04,95.47,97.04,1033.8,False,True,False,True,1,4.19,polymer_residue
5617,Rev7,7,W194,PX-7500,CH-D,EXT-02,Extreme Edge,0.96,49.1,101.17,93.99,77.36,1030.0,False,True,False,True,0,0.0,
5618,Rev7,7,W194,PX-7500,CH-D,EXT-03,Extreme Edge,0.96,81.8,101.51,94.88,76.58,1055.7,False,True,False,True,1,4.12,
5619,Rev7,7,W194,PX-7500,CH-D,EXT-04,Extreme Edge,0.96,114.5,100.78,91.31,92.65,1035.4,True,True,True,True,0,0.0,
5620,Rev7,7,W194,PX-7500,CH-D,EXT-05,Extreme Edge,0.96,147.3,98.42,97.69,85.81,1054.6,True,False,True,True,2,7.57,polymer_residue
5621,Rev7,7,W194,PX-7500,CH-D,EXT-06,Extreme Edge,0.96,180.0,103.76,96.32,88.13,992.0,False,True,True,True,1,6.3,polymer_residue
5622,Rev7,7,W194,PX-7500,CH-D,EXT-07,Extreme Edge,0.96,212.7,96.73,92.43,89.18,1064.3,True,True,True,True,0,0.0,
5623,Rev7,7,W194,PX-7500,CH-D,EXT-08,Extreme Edge,0.96,245.5,100.25,93.59,83.26,1059.7,True,True,True,True,0,0.0,
5624,Rev7,7,W194,PX-7500,CH-D,EXT-09,Extreme Edge,0.96,278.2,105.27,93.44,87.4,1074.5,False,True,True,True,1,3.59,polymer_residue
5625,Rev7,7,W194,PX-7500,CH-D,EXT-10,Extreme Edge,0.96,310.9,101.52,92.15,95.34,1134.4,False,True,False,False,1,2.85,
5626,Rev7,7,W194,PX-7500,CH-D,EXT-11,Extreme Edge,0.96,343.6,102.16,96.29,87.43,1033.5,False,True,True,True,1,5.19,endpoint_late
5627,Rev2,2,W195,PX-7500,CH-C,C1,Center,0.0,0.0,93.0,95.76,86.37,828.6,True,True,True,False,1,5.14,
5628,Rev2,2,W195,PX-7500,CH-C,MID-01,Mid,0.52,30.0,99.53,94.19,94.23,874.3,True,True,True,False,0,0.0,
5629,Rev2,2,W195,PX-7500,CH-C,MID-02,Mid,0.52,90.0,95.9,97.4,89.8,926.3,True,True,True,True,0,0.0,
5630,Rev2,2,W195,PX-7500,CH-C,MID-03,Mid,0.52,150.0,98.91,99.51,93.5,1001.6,True,False,True,True,0,0.0,
5631,Rev2,2,W195,PX-7500,CH-C,MID-04,Mid,0.52,210.0,99.16,97.17,92.15,960.5,True,True,True,True,1,5.18,polymer_residue
5632,Rev2,2,W195,PX-7500,CH-C,MID-05,Mid,0.52,270.0,97.62,97.36,86.1,914.1,True,True,True,True,0,0.0,
5633,Rev2,2,W195,PX-7500,CH-C,MID-06,Mid,0.52,330.0,98.01,97.43,86.97,954.1,True,True,True,True,0,0.0,
5634,Rev2,2,W195,PX-7500,CH-C,EDG-01,Edge,0.84,0.0,97.36,94.52,88.93,984.0,True,True,True,True,0,0.0,
5635,Rev2,2,W195,PX-7500,CH-C,EDG-02,Edge,0.84,32.7,98.86,99.68,85.47,841.0,True,False,True,False,0,0.0,
5636,Rev2,2,W195,PX-7500,CH-C,EDG-03,Edge,0.84,65.5,98.73,98.39,93.82,944.4,True,False,True,True,1,5.48,polymer_residue
5637,Rev2,2,W195,PX-7500,CH-C,EDG-04,Edge,0.84,98.2,104.06,97.63,87.4,992.1,False,False,True,True,1,2.3,
5638,Rev2,2,W195,PX-7500,CH-C,EDG-05,Edge,0.84,130.9,97.6,98.29,99.62,963.9,True,False,False,True,2,8.54,
5639,Rev2,2,W195,PX-7500,CH-C,EDG-06,Edge,0.84,163.6,104.28,102.14,90.24,964.5,False,False,True,True,0,0.0,
5640,Rev2,2,W195,PX-7500,CH-C,EDG-07,Edge,0.84,196.4,100.91,97.24,84.85,941.7,False,True,True,True,0,0.0,
5641,Rev2,2,W195,PX-7500,CH-C,EDG-08,Edge,0.84,229.1,96.71,94.31,89.27,1027.6,True,True,True,True,1,5.23,polymer_residue
5642,Rev2,2,W195,PX-7500,CH-C,EDG-09,Edge,0.84,261.8,97.07,96.03,80.91,947.5,True,True,True,True,1,3.35,polymer_residue
5643,Rev2,2,W195,PX-7500,CH-C,EDG-10,Edge,0.84,294.5,96.56,96.12,91.24,1104.5,True,True,True,False,1,4.99,
5644,Rev2,2,W195,PX-7500,CH-C,EDG-11,Edge,0.84,327.3,99.5,94.34,93.79,934.7,True,True,True,True,0,0.0,
5645,Rev2,2,W195,PX-7500,CH-C,EXT-01,Extreme Edge,0.96,16.4,96.71,97.8,97.12,991.4,True,False,False,True,1,2.95,
5646,Rev2,2,W195,PX-7500,CH-C,EXT-02,Extreme Edge,0.96,49.1,104.69,96.21,93.79,971.3,False,True,True,True,1,5.39,
5647,Rev2,2,W195,PX-7500,CH-C,EXT-03,Extreme Edge,0.96,81.8,101.41,94.96,96.31,1028.1,False,True,False,True,1,5.56,polymer_residue
5648,Rev2,2,W195,PX-7500,CH-C,EXT-04,Extreme Edge,0.96,114.5,97.23,95.64,82.04,992.8,True,True,True,True,0,0.0,
5649,Rev2,2,W195,PX-7500,CH-C,EXT-05,Extreme Edge,0.96,147.3,98.44,93.26,80.18,1008.1,True,True,True,True,0,0.0,
5650,Rev2,2,W195,PX-7500,CH-C,EXT-06,Extreme Edge,0.96,180.0,96.65,98.96,86.21,1032.9,True,False,True,True,1,5.37,polymer_residue
5651,Rev2,2,W195,PX-7500,CH-C,EXT-07,Extreme Edge,0.96,212.7,98.82,100.46,86.6,1003.0,True,False,True,True,2,5.87,endpoint_late
5652,Rev2,2,W195,PX-7500,CH-C,EXT-08,Extreme Edge,0.96,245.5,99.02,99.25,92.44,1070.1,True,False,True,True,0,0.0,
5653,Rev2,2,W195,PX-7500,CH-C,EXT-09,Extreme Edge,0.96,278.2,99.06,96.7,91.12,905.6,True,True,True,True,1,5.39,
5654,Rev2,2,W195,PX-7500,CH-C,EXT-10,Extreme Edge,0.96,310.9,100.74,100.86,91.31,1054.9,True,False,True,True,1,3.73,esc_temp_drift
5655,Rev2,2,W195,PX-7500,CH-C,EXT-11,Extreme Edge,0.96,343.6,100.47,102.44,86.91,982.8,True,False,True,True,0,0.0,
5656,Rev5,5,W196,AE-3200,CH-B,C1,Center,0.0,0.0,98.0,88.46,79.63,878.0,True,True,True,False,0,0.0,
5657,Rev5,5,W196,AE-3200,CH-B,MID-01,Mid,0.52,30.0,102.14,90.8,77.31,892.3,False,True,False,True,1,2.57,
5658,Rev5,5,W196,AE-3200,CH-B,MID-02,Mid,0.52,90.0,101.04,94.01,91.18,870.4,False,True,True,False,0,0.0,
5659,Rev5,5,W196,AE-3200,CH-B,MID-03,Mid,0.52,150.0,102.41,91.32,87.17,849.7,False,True,True,False,1,4.22,
5660,Rev5,5,W196,AE-3200,CH-B,MID-04,Mid,0.52,210.0,102.71,91.54,79.6,1016.0,False,True,True,True,1,2.46,
5661,Rev5,5,W196,AE-3200,CH-B,MID-05,Mid,0.52,270.0,101.39,86.74,84.67,902.5,False,False,True,True,0,0.0,
5662,Rev5,5,W196,AE-3200,CH-B,MID-06,Mid,0.52,330.0,98.18,93.2,83.87,894.2,True,True,True,True,0,0.0,
5663,Rev5,5,W196,AE-3200,CH-B,EDG-01,Edge,0.84,0.0,103.52,94.62,85.92,970.2,False,True,True,True,1,4.56,pressure_spike
5664,Rev5,5,W196,AE-3200,CH-B,EDG-02,Edge,0.84,32.7,98.82,95.92,91.51,956.2,True,True,True,True,0,0.0,
5665,Rev5,5,W196,AE-3200,CH-B,EDG-03,Edge,0.84,65.5,100.47,96.09,84.77,945.1,True,True,True,True,0,0.0,
5666,Rev5,5,W196,AE-3200,CH-B,EDG-04,Edge,0.84,98.2,99.14,92.84,77.7,917.0,True,True,False,True,0,0.0,
5667,Rev5,5,W196,AE-3200,CH-B,EDG-05,Edge,0.84,130.9,101.27,91.15,87.82,1027.4,False,True,True,True,0,0.0,
5668,Rev5,5,W196,AE-3200,CH-B,EDG-06,Edge,0.84,163.6,103.82,94.81,88.61,909.7,False,True,True,True,0,0.0,
5669,Rev5,5,W196,AE-3200,CH-B,EDG-07,Edge,0.84,196.4,102.37,93.67,80.2,999.5,False,True,True,True,0,0.0,
5670,Rev5,5,W196,AE-3200,CH-B,EDG-08,Edge,0.84,229.1,98.42,87.67,82.35,836.3,True,True,True,False,0,0.0,
5671,Rev5,5,W196,AE-3200,CH-B,EDG-09,Edge,0.84,261.8,102.56,91.12,84.74,991.4,False,True,True,True,0,0.0,
5672,Rev5,5,W196,AE-3200,CH-B,EDG-10,Edge,0.84,294.5,98.55,98.32,89.58,973.8,True,False,True,True,1,3.19,polymer_residue
5673,Rev5,5,W196,AE-3200,CH-B,EDG-11,Edge,0.84,327.3,102.41,94.17,84.41,900.4,False,True,True,True,1,3.1,
5674,Rev5,5,W196,AE-3200,CH-B,EXT-01,Extreme Edge,0.96,16.4,101.58,91.67,89.63,1009.9,False,True,True,True,1,5.9,
5675,Rev5,5,W196,AE-3200,CH-B,EXT-02,Extreme Edge,0.96,49.1,101.58,96.69,84.16,855.7,False,True,True,False,0,0.0,
5676,Rev5,5,W196,AE-3200,CH-B,EXT-03,Extreme Edge,0.96,81.8,100.68,96.28,81.39,946.5,True,True,True,True,1,6.44,arc_event
5677,Rev5,5,W196,AE-3200,CH-B,EXT-04,Extreme Edge,0.96,114.5,103.1,93.44,89.2,980.0,False,True,True,True,1,3.92,polymer_residue
5678,Rev5,5,W196,AE-3200,CH-B,EXT-05,Extreme Edge,0.96,147.3,103.18,95.46,82.78,934.8,False,True,True,True,2,10.04,polymer_residue
5679,Rev5,5,W196,AE-3200,CH-B,EXT-06,Extreme Edge,0.96,180.0,100.18,94.65,92.14,1029.5,True,True,True,True,1,6.49,
5680,Rev5,5,W196,AE-3200,CH-B,EXT-07,Extreme Edge,0.96,212.7,99.88,93.93,89.11,960.2,True,True,True,True,0,0.0,
5681,Rev5,5,W196,AE-3200,CH-B,EXT-08,Extreme Edge,0.96,245.5,103.28,97.57,90.79,1002.0,False,True,True,True,0,0.0,
5682,Rev5,5,W196,AE-3200,CH-B,EXT-09,Extreme Edge,0.96,278.2,100.68,96.93,83.13,978.8,True,True,True,True,1,5.62,polymer_residue
5683,Rev5,5,W196,AE-3200,CH-B,EXT-10,Extreme Edge,0.96,310.9,100.92,93.12,90.31,1037.6,False,True,True,True,0,0.0,
5684,Rev5,5,W196,AE-3200,CH-B,EXT-11,Extreme Edge,0.96,343.6,101.6,98.61,86.52,913.5,False,False,True,True,3,17.69,
5685,Rev5,5,W197,AE-3200,CH-B,C1,Center,0.0,0.0,94.17,93.43,80.76,1006.3,True,True,True,True,0,0.0,
5686,Rev5,5,W197,AE-3200,CH-B,MID-01,Mid,0.52,30.0,96.98,94.82,86.69,929.5,True,True,True,True,0,0.0,
5687,Rev5,5,W197,AE-3200,CH-B,MID-02,Mid,0.52,90.0,96.85,92.41,78.97,922.8,True,True,True,True,0,0.0,
5688,Rev5,5,W197,AE-3200,CH-B,MID-03,Mid,0.52,150.0,97.32,93.92,85.94,981.4,True,True,True,True,0,0.0,
5689,Rev5,5,W197,AE-3200,CH-B,MID-04,Mid,0.52,210.0,94.7,90.74,85.56,949.7,True,True,True,True,1,4.16,pressure_spike
5690,Rev5,5,W197,AE-3200,CH-B,MID-05,Mid,0.52,270.0,97.48,95.94,87.33,908.4,True,True,True,True,1,4.96,
5691,Rev5,5,W197,AE-3200,CH-B,MID-06,Mid,0.52,330.0,95.02,91.99,74.53,877.9,True,True,False,False,0,0.0,
5692,Rev5,5,W197,AE-3200,CH-B,EDG-01,Edge,0.84,0.0,99.29,93.04,88.72,1087.2,True,True,True,True,0,0.0,
5693,Rev5,5,W197,AE-3200,CH-B,EDG-02,Edge,0.84,32.7,96.99,96.45,88.92,1004.6,True,True,True,True,0,0.0,
5694,Rev5,5,W197,AE-3200,CH-B,EDG-03,Edge,0.84,65.5,97.12,91.25,93.16,850.1,True,True,True,False,0,0.0,
5695,Rev5,5,W197,AE-3200,CH-B,EDG-04,Edge,0.84,98.2,97.97,94.47,86.86,1036.0,True,True,True,True,0,0.0,
5696,Rev5,5,W197,AE-3200,CH-B,EDG-05,Edge,0.84,130.9,98.79,92.8,81.02,1083.1,True,True,True,True,1,5.28,
5697,Rev5,5,W197,AE-3200,CH-B,EDG-06,Edge,0.84,163.6,98.44,94.97,90.19,979.2,True,True,True,True,0,0.0,
5698,Rev5,5,W197,AE-3200,CH-B,EDG-07,Edge,0.84,196.4,95.4,93.82,83.69,1118.9,True,True,True,False,0,0.0,
5699,Rev5,5,W197,AE-3200,CH-B,EDG-08,Edge,0.84,229.1,98.4,96.4,89.33,985.0,True,True,True,True,1,2.72,polymer_residue
5700,Rev5,5,W197,AE-3200,CH-B,EDG-09,Edge,0.84,261.8,101.27,96.04,90.92,992.5,False,True,True,True,0,0.0,
5701,Rev5,5,W197,AE-3200,CH-B,EDG-10,Edge,0.84,294.5,97.82,95.09,87.54,959.0,True,True,True,True,0,0.0,
5702,Rev5,5,W197,AE-3200,CH-B,EDG-11,Edge,0.84,327.3,102.18,100.72,86.19,1121.4,False,False,True,False,2,9.66,arc_event
5703,Rev5,5,W197,AE-3200,CH-B,EXT-01,Extreme Edge,0.96,16.4,99.74,94.61,85.79,997.5,True,True,True,True,1,3.15,
5704,Rev5,5,W197,AE-3200,CH-B,EXT-02,Extreme Edge,0.96,49.1,100.4,94.02,82.42,965.2,True,True,True,True,2,11.49,polymer_residue
5705,Rev5,5,W197,AE-3200,CH-B,EXT-03,Extreme Edge,0.96,81.8,102.41,97.75,87.43,958.3,False,False,True,True,0,0.0,
5706,Rev5,5,W197,AE-3200,CH-B,EXT-04,Extreme Edge,0.96,114.5,98.7,95.08,90.21,948.7,True,True,True,True,0,0.0,
5707,Rev5,5,W197,AE-3200,CH-B,EXT-05,Extreme Edge,0.96,147.3,100.33,95.58,83.78,1009.5,True,True,True,True,0,0.0,
5708,Rev5,5,W197,AE-3200,CH-B,EXT-06,Extreme Edge,0.96,180.0,100.94,96.76,85.81,963.3,False,True,True,True,0,0.0,
5709,Rev5,5,W197,AE-3200,CH-B,EXT-07,Extreme Edge,0.96,212.7,102.72,96.72,87.63,1101.7,False,True,True,False,1,6.05,endpoint_late
5710,Rev5,5,W197,AE-3200,CH-B,EXT-08,Extreme Edge,0.96,245.5,97.44,95.16,89.32,891.9,True,True,True,True,1,2.33,
5711,Rev5,5,W197,AE-3200,CH-B,EXT-09,Extreme Edge,0.96,278.2,101.91,96.76,93.3,977.3,False,True,True,True,1,2.13,arc_event
5712,Rev5,5,W197,AE-3200,CH-B,EXT-10,Extreme Edge,0.96,310.9,102.08,94.34,86.55,1192.2,False,True,True,False,1,2.37,
5713,Rev5,5,W197,AE-3200,CH-B,EXT-11,Extreme Edge,0.96,343.6,99.34,98.17,88.51,998.8,True,False,True,True,2,12.68,
5714,Rev8,8,W198,AE-3200,CH-A,C1,Center,0.0,0.0,97.0,85.65,86.06,995.6,True,False,True,True,0,0.0,
5715,Rev8,8,W198,AE-3200,CH-A,MID-01,Mid,0.52,30.0,98.07,86.24,96.09,1064.5,True,False,False,True,1,2.18,
5716,Rev8,8,W198,AE-3200,CH-A,MID-02,Mid,0.52,90.0,98.82,88.05,89.45,1247.1,True,True,True,False,1,3.51,
5717,Rev8,8,W198,AE-3200,CH-A,MID-03,Mid,0.52,150.0,96.96,87.98,86.5,1132.1,True,True,True,False,1,3.83,
5718,Rev8,8,W198,AE-3200,CH-A,MID-04,Mid,0.52,210.0,97.09,90.2,98.66,1148.1,True,True,False,False,0,0.0,
5719,Rev8,8,W198,AE-3200,CH-A,MID-05,Mid,0.52,270.0,96.83,91.22,89.1,1144.9,True,True,True,False,0,0.0,
5720,Rev8,8,W198,AE-3200,CH-A,MID-06,Mid,0.52,330.0,97.36,85.41,96.74,1166.6,True,False,False,False,0,0.0,
5721,Rev8,8,W198,AE-3200,CH-A,EDG-01,Edge,0.84,0.0,98.01,89.58,93.1,1176.8,True,True,True,False,0,0.0,
5722,Rev8,8,W198,AE-3200,CH-A,EDG-02,Edge,0.84,32.7,98.4,91.94,88.68,1075.6,True,True,True,True,0,0.0,
5723,Rev8,8,W198,AE-3200,CH-A,EDG-03,Edge,0.84,65.5,98.78,86.3,91.24,1067.9,True,False,True,True,0,0.0,
5724,Rev8,8,W198,AE-3200,CH-A,EDG-04,Edge,0.84,98.2,99.6,91.47,89.85,1139.9,True,True,True,False,0,0.0,
5725,Rev8,8,W198,AE-3200,CH-A,EDG-05,Edge,0.84,130.9,99.0,94.65,93.42,1071.4,True,True,True,True,0,0.0,
5726,Rev8,8,W198,AE-3200,CH-A,EDG-06,Edge,0.84,163.6,101.01,90.57,93.42,1011.3,False,True,True,True,1,4.8,
5727,Rev8,8,W198,AE-3200,CH-A,EDG-07,Edge,0.84,196.4,94.98,87.15,99.35,1140.9,True,True,False,False,2,6.45,
5728,Rev8,8,W198,AE-3200,CH-A,EDG-08,Edge,0.84,229.1,100.14,91.1,91.66,1031.9,True,True,True,True,0,0.0,
5729,Rev8,8,W198,AE-3200,CH-A,EDG-09,Edge,0.84,261.8,101.03,88.56,91.26,1094.8,False,True,True,False,2,10.19,
5730,Rev8,8,W198,AE-3200,CH-A,EDG-10,Edge,0.84,294.5,97.57,92.21,101.9,1094.3,True,True,False,False,0,0.0,
5731,Rev8,8,W198,AE-3200,CH-A,EDG-11,Edge,0.84,327.3,97.45,94.03,97.95,1065.9,True,True,False,True,0,0.0,
5732,Rev8,8,W198,AE-3200,CH-A,EXT-01,Extreme Edge,0.96,16.4,96.56,97.03,93.86,1153.2,True,True,True,False,0,0.0,
5733,Rev8,8,W198,AE-3200,CH-A,EXT-02,Extreme Edge,0.96,49.1,97.67,94.28,99.11,1160.5,True,True,False,False,2,6.34,
5734,Rev8,8,W198,AE-3200,CH-A,EXT-03,Extreme Edge,0.96,81.8,98.07,91.16,93.68,1089.4,True,True,True,True,3,14.97,
5735,Rev8,8,W198,AE-3200,CH-A,EXT-04,Extreme Edge,0.96,114.5,99.73,90.36,94.93,1173.5,True,True,False,False,0,0.0,
5736,Rev8,8,W198,AE-3200,CH-A,EXT-05,Extreme Edge,0.96,147.3,99.54,91.63,94.44,1185.8,True,True,True,False,0,0.0,
5737,Rev8,8,W198,AE-3200,CH-A,EXT-06,Extreme Edge,0.96,180.0,102.35,92.34,93.55,1210.2,False,True,True,False,2,4.37,pressure_spike
5738,Rev8,8,W198,AE-3200,CH-A,EXT-07,Extreme Edge,0.96,212.7,102.94,92.63,107.59,1149.9,False,True,False,False,0,0.0,
5739,Rev8,8,W198,AE-3200,CH-A,EXT-08,Extreme Edge,0.96,245.5,100.48,92.54,93.42,1120.5,True,True,True,False,0,0.0,
5740,Rev8,8,W198,AE-3200,CH-A,EXT-09,Extreme Edge,0.96,278.2,101.22,89.61,99.75,1179.9,False,True,False,False,2,7.94,polymer_residue
5741,Rev8,8,W198,AE-3200,CH-A,EXT-10,Extreme Edge,0.96,310.9,101.32,94.8,95.54,1093.0,False,True,False,False,1,4.58,
5742,Rev8,8,W198,AE-3200,CH-A,EXT-11,Extreme Edge,0.96,343.6,99.7,90.69,98.42,1124.9,True,True,False,False,3,16.15,endpoint_late
5743,Rev3,3,W199,PX-7500,CH-D,C1,Center,0.0,0.0,93.77,99.76,84.11,894.3,True,False,True,True,0,0.0,
5744,Rev3,3,W199,PX-7500,CH-D,MID-01,Mid,0.52,30.0,98.6,97.92,94.46,985.6,True,False,True,True,2,12.31,esc_temp_drift
5745,Rev3,3,W199,PX-7500,CH-D,MID-02,Mid,0.52,90.0,95.55,94.32,83.67,938.0,True,True,True,True,0,0.0,
5746,Rev3,3,W199,PX-7500,CH-D,MID-03,Mid,0.52,150.0,97.79,94.51,84.12,894.6,True,True,True,True,0,0.0,
5747,Rev3,3,W199,PX-7500,CH-D,MID-04,Mid,0.52,210.0,94.95,94.01,82.33,923.2,True,True,True,True,0,0.0,
5748,Rev3,3,W199,PX-7500,CH-D,MID-05,Mid,0.52,270.0,96.93,92.67,86.74,897.5,True,True,True,True,0,0.0,
5749,Rev3,3,W199,PX-7500,CH-D,MID-06,Mid,0.52,330.0,97.91,91.66,91.11,946.9,True,True,True,True,0,0.0,
5750,Rev3,3,W199,PX-7500,CH-D,EDG-01,Edge,0.84,0.0,102.39,98.09,94.13,1081.0,False,False,True,True,0,0.0,
5751,Rev3,3,W199,PX-7500,CH-D,EDG-02,Edge,0.84,32.7,96.72,96.68,86.72,983.2,True,True,True,True,0,0.0,
5752,Rev3,3,W199,PX-7500,CH-D,EDG-03,Edge,0.84,65.5,99.51,99.18,90.32,1037.1,True,False,True,True,0,0.0,
5753,Rev3,3,W199,PX-7500,CH-D,EDG-04,Edge,0.84,98.2,101.0,99.67,88.51,985.9,False,False,True,True,0,0.0,
5754,Rev3,3,W199,PX-7500,CH-D,EDG-05,Edge,0.84,130.9,101.22,95.46,89.65,940.2,False,True,True,True,0,0.0,
5755,Rev3,3,W199,PX-7500,CH-D,EDG-06,Edge,0.84,163.6,102.89,93.95,95.94,919.3,False,True,False,True,1,4.03,polymer_residue
5756,Rev3,3,W199,PX-7500,CH-D,EDG-07,Edge,0.84,196.4,98.55,92.6,85.49,974.4,True,True,True,True,1,4.71,polymer_residue
5757,Rev3,3,W199,PX-7500,CH-D,EDG-08,Edge,0.84,229.1,102.0,96.53,85.49,1022.6,False,True,True,True,0,0.0,
5758,Rev3,3,W199,PX-7500,CH-D,EDG-09,Edge,0.84,261.8,100.84,102.78,89.71,1017.2,False,False,True,True,1,3.56,polymer_residue
5759,Rev3,3,W199,PX-7500,CH-D,EDG-10,Edge,0.84,294.5,95.61,96.2,86.93,990.6,True,True,True,True,0,0.0,
5760,Rev3,3,W199,PX-7500,CH-D,EDG-11,Edge,0.84,327.3,104.08,95.32,89.37,976.5,False,True,True,True,1,5.51,polymer_residue
5761,Rev3,3,W199,PX-7500,CH-D,EXT-01,Extreme Edge,0.96,16.4,103.23,97.88,89.43,985.3,False,False,True,True,0,0.0,
5762,Rev3,3,W199,PX-7500,CH-D,EXT-02,Extreme Edge,0.96,49.1,102.76,96.35,92.36,940.9,False,True,True,True,0,0.0,
5763,Rev3,3,W199,PX-7500,CH-D,EXT-03,Extreme Edge,0.96,81.8,98.47,98.91,94.81,967.7,True,False,False,True,0,0.0,
5764,Rev3,3,W199,PX-7500,CH-D,EXT-04,Extreme Edge,0.96,114.5,102.9,102.2,89.09,1043.4,False,False,True,True,1,2.34,
5765,Rev3,3,W199,PX-7500,CH-D,EXT-05,Extreme Edge,0.96,147.3,100.8,96.73,90.3,969.6,False,True,True,True,0,0.0,
5766,Rev3,3,W199,PX-7500,CH-D,EXT-06,Extreme Edge,0.96,180.0,102.43,97.99,94.59,861.4,False,False,False,False,1,5.05,esc_temp_drift
5767,Rev3,3,W199,PX-7500,CH-D,EXT-07,Extreme Edge,0.96,212.7,98.71,93.55,90.41,1117.0,True,True,True,False,2,4.5,polymer_residue
5768,Rev3,3,W199,PX-7500,CH-D,EXT-08,Extreme Edge,0.96,245.5,103.16,96.31,101.05,987.8,False,True,False,True,0,0.0,
5769,Rev3,3,W199,PX-7500,CH-D,EXT-09,Extreme Edge,0.96,278.2,100.4,95.85,93.72,1032.7,True,True,True,True,2,5.29,
5770,Rev3,3,W199,PX-7500,CH-D,EXT-10,Extreme Edge,0.96,310.9,99.28,99.16,93.59,1003.9,True,False,True,True,1,3.05,
5771,Rev3,3,W199,PX-7500,CH-D,EXT-11,Extreme Edge,0.96,343.6,104.66,101.56,99.27,955.2,False,False,False,True,0,0.0,
5772,Rev7,7,W200,PX-7500,CH-D,C1,Center,0.0,0.0,98.88,88.11,82.26,973.0,True,True,True,True,0,0.0,
5773,Rev7,7,W200,PX-7500,CH-D,MID-01,Mid,0.52,30.0,99.81,90.72,83.3,1019.6,True,True,True,True,0,0.0,
5774,Rev7,7,W200,PX-7500,CH-D,MID-02,Mid,0.52,90.0,98.2,94.23,88.42,912.3,True,True,True,True,0,0.0,
5775,Rev7,7,W200,PX-7500,CH-D,MID-03,Mid,0.52,150.0,97.36,90.79,81.82,1034.4,True,True,True,True,0,0.0,
5776,Rev7,7,W200,PX-7500,CH-D,MID-04,Mid,0.52,210.0,98.51,89.05,94.92,990.1,True,True,False,True,0,0.0,
5777,Rev7,7,W200,PX-7500,CH-D,MID-05,Mid,0.52,270.0,99.03,92.68,81.66,1114.7,True,True,True,False,1,2.58,
5778,Rev7,7,W200,PX-7500,CH-D,MID-06,Mid,0.52,330.0,98.52,89.63,80.72,1074.2,True,True,True,True,1,4.65,polymer_residue
5779,Rev7,7,W200,PX-7500,CH-D,EDG-01,Edge,0.84,0.0,100.64,95.16,81.8,1067.0,True,True,True,True,1,2.73,polymer_residue
5780,Rev7,7,W200,PX-7500,CH-D,EDG-02,Edge,0.84,32.7,98.76,93.19,88.61,1018.8,True,True,True,True,0,0.0,
5781,Rev7,7,W200,PX-7500,CH-D,EDG-03,Edge,0.84,65.5,100.11,91.76,81.72,1045.4,True,True,True,True,0,0.0,
5782,Rev7,7,W200,PX-7500,CH-D,EDG-04,Edge,0.84,98.2,100.28,93.78,79.97,995.1,True,True,True,True,2,11.71,
5783,Rev7,7,W200,PX-7500,CH-D,EDG-05,Edge,0.84,130.9,100.5,96.1,91.55,997.8,True,True,True,True,0,0.0,
5784,Rev7,7,W200,PX-7500,CH-D,EDG-06,Edge,0.84,163.6,103.4,94.61,88.96,989.0,False,True,True,True,2,4.19,
5785,Rev7,7,W200,PX-7500,CH-D,EDG-07,Edge,0.84,196.4,103.25,94.84,87.69,1003.4,False,True,True,True,0,0.0,
5786,Rev7,7,W200,PX-7500,CH-D,EDG-08,Edge,0.84,229.1,98.49,91.73,92.38,993.0,True,True,True,True,0,0.0,
5787,Rev7,7,W200,PX-7500,CH-D,EDG-09,Edge,0.84,261.8,97.73,90.03,85.97,980.5,True,True,True,True,0,0.0,
5788,Rev7,7,W200,PX-7500,CH-D,EDG-10,Edge,0.84,294.5,98.54,94.54,87.19,1084.3,True,True,True,True,0,0.0,
5789,Rev7,7,W200,PX-7500,CH-D,EDG-11,Edge,0.84,327.3,101.2,90.36,90.4,1076.5,False,True,True,True,0,0.0,
5790,Rev7,7,W200,PX-7500,CH-D,EXT-01,Extreme Edge,0.96,16.4,98.85,97.21,92.67,989.4,True,True,True,True,0,0.0,
5791,Rev7,7,W200,PX-7500,CH-D,EXT-02,Extreme Edge,0.96,49.1,100.8,93.48,92.09,1052.5,False,True,True,True,1,5.7,pressure_spike
5792,Rev7,7,W200,PX-7500,CH-D,EXT-03,Extreme Edge,0.96,81.8,102.69,93.7,91.53,1149.4,False,True,True,False,1,2.69,endpoint_late
5793,Rev7,7,W200,PX-7500,CH-D,EXT-04,Extreme Edge,0.96,114.5,101.21,92.41,89.91,1067.1,False,True,True,True,1,2.47,
5794,Rev7,7,W200,PX-7500,CH-D,EXT-05,Extreme Edge,0.96,147.3,101.94,95.82,84.56,1012.0,False,True,True,True,1,4.36,
5795,Rev7,7,W200,PX-7500,CH-D,EXT-06,Extreme Edge,0.96,180.0,102.31,93.12,90.84,1123.5,False,True,True,False,2,5.21,polymer_residue
5796,Rev7,7,W200,PX-7500,CH-D,EXT-07,Extreme Edge,0.96,212.7,101.51,95.08,83.56,1038.1,False,True,True,True,0,0.0,
5797,Rev7,7,W200,PX-7500,CH-D,EXT-08,Extreme Edge,0.96,245.5,97.72,94.86,90.41,1054.1,True,True,True,True,0,0.0,
5798,Rev7,7,W200,PX-7500,CH-D,EXT-09,Extreme Edge,0.96,278.2,99.3,95.83,90.63,904.5,True,True,True,True,0,0.0,
5799,Rev7,7,W200,PX-7500,CH-D,EXT-10,Extreme Edge,0.96,310.9,100.37,90.18,90.41,1000.8,True,True,True,True,0,0.0,
5800,Rev7,7,W200,PX-7500,CH-D,EXT-11,Extreme Edge,0.96,343.6,102.64,91.91,86.88,1085.7,False,True,True,True,1,2.76,
5801,Rev7,7,W201,PX-7500,CH-D,C1,Center,0.0,0.0,98.11,94.13,75.77,1102.4,True,True,False,False,1,6.13,
5802,Rev7,7,W201,PX-7500,CH-D,MID-01,Mid,0.52,30.0,93.86,90.32,86.85,1116.9,True,True,True,False,1,4.2,
5803,Rev7,7,W201,PX-7500,CH-D,MID-02,Mid,0.52,90.0,98.24,95.49,86.42,1019.6,True,True,True,True,0,0.0,
5804,Rev7,7,W201,PX-7500,CH-D,MID-03,Mid,0.52,150.0,97.73,99.38,86.91,992.8,True,False,True,True,1,1.87,
5805,Rev7,7,W201,PX-7500,CH-D,MID-04,Mid,0.52,210.0,97.9,94.39,94.47,1024.4,True,True,True,True,0,0.0,
5806,Rev7,7,W201,PX-7500,CH-D,MID-05,Mid,0.52,270.0,95.11,91.45,90.17,978.6,True,True,True,True,0,0.0,
5807,Rev7,7,W201,PX-7500,CH-D,MID-06,Mid,0.52,330.0,97.73,91.88,78.27,1050.1,True,True,True,True,1,1.97,polymer_residue
5808,Rev7,7,W201,PX-7500,CH-D,EDG-01,Edge,0.84,0.0,98.28,89.37,88.87,1006.8,True,True,True,True,0,0.0,
5809,Rev7,7,W201,PX-7500,CH-D,EDG-02,Edge,0.84,32.7,98.36,97.3,92.59,1156.7,True,True,True,False,1,4.99,polymer_residue
5810,Rev7,7,W201,PX-7500,CH-D,EDG-03,Edge,0.84,65.5,102.87,92.82,92.56,989.8,False,True,True,True,0,0.0,
5811,Rev7,7,W201,PX-7500,CH-D,EDG-04,Edge,0.84,98.2,98.02,96.47,86.04,1087.1,True,True,True,True,0,0.0,
5812,Rev7,7,W201,PX-7500,CH-D,EDG-05,Edge,0.84,130.9,99.02,96.39,87.48,1056.7,True,True,True,True,2,7.88,pressure_spike
5813,Rev7,7,W201,PX-7500,CH-D,EDG-06,Edge,0.84,163.6,98.73,93.1,89.95,987.1,True,True,True,True,1,3.07,arc_event
5814,Rev7,7,W201,PX-7500,CH-D,EDG-07,Edge,0.84,196.4,101.85,96.92,93.72,1087.2,False,True,True,True,1,3.22,
5815,Rev7,7,W201,PX-7500,CH-D,EDG-08,Edge,0.84,229.1,99.72,93.88,90.33,1044.7,True,True,True,True,0,0.0,
5816,Rev7,7,W201,PX-7500,CH-D,EDG-09,Edge,0.84,261.8,97.86,93.79,87.29,1068.2,True,True,True,True,0,0.0,
5817,Rev7,7,W201,PX-7500,CH-D,EDG-10,Edge,0.84,294.5,100.66,99.43,86.61,1066.1,True,False,True,True,2,4.56,arc_event
5818,Rev7,7,W201,PX-7500,CH-D,EDG-11,Edge,0.84,327.3,97.13,97.21,89.08,1030.1,True,True,True,True,1,3.86,
5819,Rev7,7,W201,PX-7500,CH-D,EXT-01,Extreme Edge,0.96,16.4,102.82,100.99,93.06,1129.2,False,False,True,False,2,10.45,polymer_residue
5820,Rev7,7,W201,PX-7500,CH-D,EXT-02,Extreme Edge,0.96,49.1,99.9,98.83,97.55,1129.5,True,False,False,False,0,0.0,
5821,Rev7,7,W201,PX-7500,CH-D,EXT-03,Extreme Edge,0.96,81.8,101.48,97.75,90.23,1050.8,False,False,True,True,2,6.34,
5822,Rev7,7,W201,PX-7500,CH-D,EXT-04,Extreme Edge,0.96,114.5,101.36,100.15,86.97,1167.0,False,False,True,False,0,0.0,
5823,Rev7,7,W201,PX-7500,CH-D,EXT-05,Extreme Edge,0.96,147.3,102.35,94.22,87.39,962.0,False,True,True,True,0,0.0,
5824,Rev7,7,W201,PX-7500,CH-D,EXT-06,Extreme Edge,0.96,180.0,100.12,101.1,84.85,1114.3,True,False,True,False,1,2.76,
5825,Rev7,7,W201,PX-7500,CH-D,EXT-07,Extreme Edge,0.96,212.7,96.93,98.69,90.08,1082.3,True,False,True,True,2,4.77,
5826,Rev7,7,W201,PX-7500,CH-D,EXT-08,Extreme Edge,0.96,245.5,104.05,98.62,82.76,1100.8,False,False,True,False,1,4.72,polymer_residue
5827,Rev7,7,W201,PX-7500,CH-D,EXT-09,Extreme Edge,0.96,278.2,100.3,95.32,90.81,1049.3,True,True,True,True,0,0.0,
5828,Rev7,7,W201,PX-7500,CH-D,EXT-10,Extreme Edge,0.96,310.9,99.38,102.08,90.42,969.5,True,False,True,True,1,3.18,
5829,Rev7,7,W201,PX-7500,CH-D,EXT-11,Extreme Edge,0.96,343.6,101.28,95.43,88.87,1051.7,False,True,True,True,0,0.0,
5830,Base,0,W202,AE-3200,CH-A,C1,Center,0.0,0.0,94.43,96.41,77.64,905.5,True,True,False,True,1,5.3,
5831,Base,0,W202,AE-3200,CH-A,MID-01,Mid,0.52,30.0,97.63,94.42,80.47,1006.4,True,True,True,True,1,3.55,
5832,Base,0,W202,AE-3200,CH-A,MID-02,Mid,0.52,90.0,94.78,91.6,81.05,951.3,True,True,True,True,0,0.0,
5833,Base,0,W202,AE-3200,CH-A,MID-03,Mid,0.52,150.0,99.77,95.36,83.71,967.0,True,True,True,True,0,0.0,
5834,Base,0,W202,AE-3200,CH-A,MID-04,Mid,0.52,210.0,97.91,97.09,79.96,1002.7,True,True,True,True,0,0.0,
5835,Base,0,W202,AE-3200,CH-A,MID-05,Mid,0.52,270.0,95.71,91.88,83.68,923.5,True,True,True,True,0,0.0,
5836,Base,0,W202,AE-3200,CH-A,MID-06,Mid,0.52,330.0,97.57,96.23,84.07,986.8,True,True,True,True,0,0.0,
5837,Base,0,W202,AE-3200,CH-A,EDG-01,Edge,0.84,0.0,98.44,96.24,91.97,1013.7,True,True,True,True,0,0.0,
5838,Base,0,W202,AE-3200,CH-A,EDG-02,Edge,0.84,32.7,99.54,96.39,84.88,949.4,True,True,True,True,1,1.82,
5839,Base,0,W202,AE-3200,CH-A,EDG-03,Edge,0.84,65.5,96.84,93.79,89.43,1038.6,True,True,True,True,0,0.0,
5840,Base,0,W202,AE-3200,CH-A,EDG-04,Edge,0.84,98.2,97.22,93.1,85.76,961.7,True,True,True,True,3,16.96,polymer_residue
5841,Base,0,W202,AE-3200,CH-A,EDG-05,Edge,0.84,130.9,102.01,92.76,81.6,988.3,False,True,True,True,0,0.0,
5842,Base,0,W202,AE-3200,CH-A,EDG-06,Edge,0.84,163.6,99.46,97.55,87.49,1008.0,True,True,True,True,1,2.96,
5843,Base,0,W202,AE-3200,CH-A,EDG-07,Edge,0.84,196.4,99.41,100.58,86.13,1101.4,True,False,True,False,0,0.0,
5844,Base,0,W202,AE-3200,CH-A,EDG-08,Edge,0.84,229.1,100.11,98.63,86.71,1014.1,True,False,True,True,0,0.0,
5845,Base,0,W202,AE-3200,CH-A,EDG-09,Edge,0.84,261.8,102.98,98.33,84.01,959.8,False,False,True,True,0,0.0,
5846,Base,0,W202,AE-3200,CH-A,EDG-10,Edge,0.84,294.5,97.78,101.49,88.5,1054.2,True,False,True,True,0,0.0,
5847,Base,0,W202,AE-3200,CH-A,EDG-11,Edge,0.84,327.3,100.41,98.06,80.69,972.1,True,False,True,True,1,5.76,
5848,Base,0,W202,AE-3200,CH-A,EXT-01,Extreme Edge,0.96,16.4,98.83,97.33,85.86,991.9,True,True,True,True,0,0.0,
5849,Base,0,W202,AE-3200,CH-A,EXT-02,Extreme Edge,0.96,49.1,99.05,98.26,90.09,971.9,True,False,True,True,1,6.39,
5850,Base,0,W202,AE-3200,CH-A,EXT-03,Extreme Edge,0.96,81.8,100.81,95.76,75.11,985.0,False,True,False,True,0,0.0,
5851,Base,0,W202,AE-3200,CH-A,EXT-04,Extreme Edge,0.96,114.5,98.45,97.27,83.7,957.2,True,True,True,True,0,0.0,
5852,Base,0,W202,AE-3200,CH-A,EXT-05,Extreme Edge,0.96,147.3,101.98,98.82,83.84,1037.3,False,False,True,True,0,0.0,
5853,Base,0,W202,AE-3200,CH-A,EXT-06,Extreme Edge,0.96,180.0,99.96,99.35,86.39,1081.6,True,False,True,True,1,2.52,
5854,Base,0,W202,AE-3200,CH-A,EXT-07,Extreme Edge,0.96,212.7,99.35,102.33,80.54,1013.1,True,False,True,True,1,5.89,pressure_spike
5855,Base,0,W202,AE-3200,CH-A,EXT-08,Extreme Edge,0.96,245.5,100.42,97.39,85.12,970.2,True,True,True,True,0,0.0,
5856,Base,0,W202,AE-3200,CH-A,EXT-09,Extreme Edge,0.96,278.2,99.55,98.89,82.75,933.3,True,False,True,True,1,4.51,
5857,Base,0,W202,AE-3200,CH-A,EXT-10,Extreme Edge,0.96,310.9,99.89,94.42,85.93,1019.0,True,True,True,True,0,0.0,
5858,Base,0,W202,AE-3200,CH-A,EXT-11,Extreme Edge,0.96,343.6,101.38,102.29,79.18,933.4,False,False,True,True,0,0.0,
5859,Rev9,9,W203,AE-3200,CH-B,C1,Center,0.0,0.0,98.45,87.83,90.77,1126.5,True,True,True,False,0,0.0,
5860,Rev9,9,W203,AE-3200,CH-B,MID-01,Mid,0.52,30.0,102.88,88.49,87.3,1053.7,False,True,True,True,0,0.0,
5861,Rev9,9,W203,AE-3200,CH-B,MID-02,Mid,0.52,90.0,98.06,87.5,93.2,1078.9,True,True,True,True,0,0.0,
5862,Rev9,9,W203,AE-3200,CH-B,MID-03,Mid,0.52,150.0,101.12,92.26,100.88,1065.6,False,True,False,True,0,0.0,
5863,Rev9,9,W203,AE-3200,CH-B,MID-04,Mid,0.52,210.0,98.07,89.56,94.78,1031.3,True,True,False,True,0,0.0,
5864,Rev9,9,W203,AE-3200,CH-B,MID-05,Mid,0.52,270.0,93.29,92.33,94.21,1157.5,True,True,True,False,0,0.0,
5865,Rev9,9,W203,AE-3200,CH-B,MID-06,Mid,0.52,330.0,97.42,86.83,82.02,1071.2,True,True,True,True,0,0.0,
5866,Rev9,9,W203,AE-3200,CH-B,EDG-01,Edge,0.84,0.0,97.6,93.92,99.44,1120.8,True,True,False,False,0,0.0,
5867,Rev9,9,W203,AE-3200,CH-B,EDG-02,Edge,0.84,32.7,97.17,93.01,101.57,1030.9,True,True,False,True,0,0.0,
5868,Rev9,9,W203,AE-3200,CH-B,EDG-03,Edge,0.84,65.5,98.78,88.11,92.05,1066.1,True,True,True,True,0,0.0,
5869,Rev9,9,W203,AE-3200,CH-B,EDG-04,Edge,0.84,98.2,99.37,91.37,87.96,1120.5,True,True,True,False,1,2.56,polymer_residue
5870,Rev9,9,W203,AE-3200,CH-B,EDG-05,Edge,0.84,130.9,99.53,90.55,91.57,1156.4,True,True,True,False,0,0.0,
5871,Rev9,9,W203,AE-3200,CH-B,EDG-06,Edge,0.84,163.6,97.23,88.7,87.25,1123.6,True,True,True,False,0,0.0,
5872,Rev9,9,W203,AE-3200,CH-B,EDG-07,Edge,0.84,196.4,98.12,94.45,97.14,994.2,True,True,False,True,0,0.0,
5873,Rev9,9,W203,AE-3200,CH-B,EDG-08,Edge,0.84,229.1,96.22,89.68,96.13,1114.4,True,True,False,False,1,4.04,polymer_residue
5874,Rev9,9,W203,AE-3200,CH-B,EDG-09,Edge,0.84,261.8,100.0,89.57,94.67,1111.5,True,True,False,False,0,0.0,
5875,Rev9,9,W203,AE-3200,CH-B,EDG-10,Edge,0.84,294.5,101.69,89.72,93.08,1014.4,False,True,True,True,0,0.0,
5876,Rev9,9,W203,AE-3200,CH-B,EDG-11,Edge,0.84,327.3,97.77,90.84,97.93,1097.7,True,True,False,False,1,2.49,esc_temp_drift
5877,Rev9,9,W203,AE-3200,CH-B,EXT-01,Extreme Edge,0.96,16.4,98.95,91.47,99.56,1134.0,True,True,False,False,0,0.0,
5878,Rev9,9,W203,AE-3200,CH-B,EXT-02,Extreme Edge,0.96,49.1,100.59,91.99,97.8,1111.9,True,True,False,False,4,7.91,
5879,Rev9,9,W203,AE-3200,CH-B,EXT-03,Extreme Edge,0.96,81.8,101.05,90.47,99.74,1087.3,False,True,False,True,0,0.0,
5880,Rev9,9,W203,AE-3200,CH-B,EXT-04,Extreme Edge,0.96,114.5,99.33,90.44,101.77,1065.4,True,True,False,True,4,16.24,
5881,Rev9,9,W203,AE-3200,CH-B,EXT-05,Extreme Edge,0.96,147.3,101.02,91.68,98.64,1072.2,False,True,False,True,1,3.63,
5882,Rev9,9,W203,AE-3200,CH-B,EXT-06,Extreme Edge,0.96,180.0,105.65,91.96,100.14,1076.5,False,True,False,True,1,3.46,endpoint_late
5883,Rev9,9,W203,AE-3200,CH-B,EXT-07,Extreme Edge,0.96,212.7,100.07,90.5,93.32,1216.4,True,True,True,False,0,0.0,
5884,Rev9,9,W203,AE-3200,CH-B,EXT-08,Extreme Edge,0.96,245.5,100.07,94.1,94.28,1115.8,True,True,True,False,1,5.85,
5885,Rev9,9,W203,AE-3200,CH-B,EXT-09,Extreme Edge,0.96,278.2,99.02,86.37,92.74,1143.8,True,False,True,False,0,0.0,
5886,Rev9,9,W203,AE-3200,CH-B,EXT-10,Extreme Edge,0.96,310.9,100.72,89.6,98.81,1204.4,True,True,False,False,0,0.0,
5887,Rev9,9,W203,AE-3200,CH-B,EXT-11,Extreme Edge,0.96,343.6,100.75,89.5,89.74,1131.8,True,True,True,False,1,5.98,polymer_residue
5888,Rev5,5,W204,AE-3200,CH-B,C1,Center,0.0,0.0,99.09,91.02,87.17,1017.8,True,True,True,True,0,0.0,
5889,Rev5,5,W204,AE-3200,CH-B,MID-01,Mid,0.52,30.0,100.16,88.55,76.73,908.5,True,True,False,True,0,0.0,
5890,Rev5,5,W204,AE-3200,CH-B,MID-02,Mid,0.52,90.0,98.99,95.22,83.39,1046.5,True,True,True,True,0,0.0,
5891,Rev5,5,W204,AE-3200,CH-B,MID-03,Mid,0.52,150.0,97.35,94.88,81.19,995.0,True,True,True,True,0,0.0,
5892,Rev5,5,W204,AE-3200,CH-B,MID-04,Mid,0.52,210.0,100.11,91.02,86.65,1029.3,True,True,True,True,2,9.99,
5893,Rev5,5,W204,AE-3200,CH-B,MID-05,Mid,0.52,270.0,98.82,90.26,87.54,970.7,True,True,True,True,2,7.59,
5894,Rev5,5,W204,AE-3200,CH-B,MID-06,Mid,0.52,330.0,97.04,93.7,86.32,1064.5,True,True,True,True,0,0.0,
5895,Rev5,5,W204,AE-3200,CH-B,EDG-01,Edge,0.84,0.0,101.73,93.0,90.52,970.8,False,True,True,True,1,3.3,
5896,Rev5,5,W204,AE-3200,CH-B,EDG-02,Edge,0.84,32.7,100.83,96.5,86.57,1048.6,False,True,True,True,0,0.0,
5897,Rev5,5,W204,AE-3200,CH-B,EDG-03,Edge,0.84,65.5,98.17,90.91,84.12,924.9,True,True,True,True,1,6.01,
5898,Rev5,5,W204,AE-3200,CH-B,EDG-04,Edge,0.84,98.2,101.14,94.52,86.05,962.7,False,True,True,True,0,0.0,
5899,Rev5,5,W204,AE-3200,CH-B,EDG-05,Edge,0.84,130.9,100.35,95.07,87.8,1015.5,True,True,True,True,0,0.0,
5900,Rev5,5,W204,AE-3200,CH-B,EDG-06,Edge,0.84,163.6,101.14,94.12,90.45,1026.6,False,True,True,True,1,4.16,polymer_residue
5901,Rev5,5,W204,AE-3200,CH-B,EDG-07,Edge,0.84,196.4,101.44,93.79,88.43,1010.7,False,True,True,True,1,2.24,polymer_residue
5902,Rev5,5,W204,AE-3200,CH-B,EDG-08,Edge,0.84,229.1,100.95,93.19,85.43,864.0,False,True,True,False,2,6.95,
5903,Rev5,5,W204,AE-3200,CH-B,EDG-09,Edge,0.84,261.8,106.13,92.66,93.6,981.6,False,True,True,True,2,4.26,
5904,Rev5,5,W204,AE-3200,CH-B,EDG-10,Edge,0.84,294.5,97.75,91.34,82.19,940.8,True,True,True,True,2,9.21,polymer_residue
5905,Rev5,5,W204,AE-3200,CH-B,EDG-11,Edge,0.84,327.3,98.72,95.35,83.6,976.3,True,True,True,True,0,0.0,
5906,Rev5,5,W204,AE-3200,CH-B,EXT-01,Extreme Edge,0.96,16.4,101.51,95.27,83.46,957.1,False,True,True,True,2,5.51,
5907,Rev5,5,W204,AE-3200,CH-B,EXT-02,Extreme Edge,0.96,49.1,99.4,95.59,92.64,919.0,True,True,True,True,0,0.0,
5908,Rev5,5,W204,AE-3200,CH-B,EXT-03,Extreme Edge,0.96,81.8,100.54,93.84,90.67,1009.5,True,True,True,True,0,0.0,
5909,Rev5,5,W204,AE-3200,CH-B,EXT-04,Extreme Edge,0.96,114.5,101.22,93.85,85.7,1012.0,False,True,True,True,2,11.84,polymer_residue
5910,Rev5,5,W204,AE-3200,CH-B,EXT-05,Extreme Edge,0.96,147.3,101.71,92.24,87.3,1104.4,False,True,True,False,0,0.0,
5911,Rev5,5,W204,AE-3200,CH-B,EXT-06,Extreme Edge,0.96,180.0,101.54,89.42,86.09,980.6,False,True,True,True,1,2.0,
5912,Rev5,5,W204,AE-3200,CH-B,EXT-07,Extreme Edge,0.96,212.7,100.44,92.15,92.42,1052.6,True,True,True,True,1,3.02,polymer_residue
5913,Rev5,5,W204,AE-3200,CH-B,EXT-08,Extreme Edge,0.96,245.5,98.76,96.56,87.95,1066.9,True,True,True,True,0,0.0,
5914,Rev5,5,W204,AE-3200,CH-B,EXT-09,Extreme Edge,0.96,278.2,104.94,93.78,88.75,965.5,False,True,True,True,2,7.26,polymer_residue
5915,Rev5,5,W204,AE-3200,CH-B,EXT-10,Extreme Edge,0.96,310.9,104.22,90.56,88.66,886.7,False,True,True,True,0,0.0,
5916,Rev5,5,W204,AE-3200,CH-B,EXT-11,Extreme Edge,0.96,343.6,105.67,92.57,87.96,1124.1,False,True,True,False,1,3.0,
5917,Rev4,4,W205,AE-3200,CH-A,C1,Center,0.0,0.0,98.49,94.29,88.28,790.1,True,True,True,False,0,0.0,
5918,Rev4,4,W205,AE-3200,CH-A,MID-01,Mid,0.52,30.0,98.49,96.49,91.47,914.0,True,True,True,True,0,0.0,
5919,Rev4,4,W205,AE-3200,CH-A,MID-02,Mid,0.52,90.0,99.55,93.74,88.65,834.2,True,True,True,False,3,9.03,
5920,Rev4,4,W205,AE-3200,CH-A,MID-03,Mid,0.52,150.0,98.29,93.67,86.46,925.1,True,True,True,True,0,0.0,
5921,Rev4,4,W205,AE-3200,CH-A,MID-04,Mid,0.52,210.0,99.89,94.98,85.19,856.7,True,True,True,False,0,0.0,
5922,Rev4,4,W205,AE-3200,CH-A,MID-05,Mid,0.52,270.0,98.89,96.42,92.8,888.6,True,True,True,True,0,0.0,
5923,Rev4,4,W205,AE-3200,CH-A,MID-06,Mid,0.52,330.0,94.54,100.85,98.04,949.7,True,False,False,True,0,0.0,
5924,Rev4,4,W205,AE-3200,CH-A,EDG-01,Edge,0.84,0.0,103.08,93.63,90.79,908.6,False,True,True,True,0,0.0,
5925,Rev4,4,W205,AE-3200,CH-A,EDG-02,Edge,0.84,32.7,103.04,99.77,90.21,927.6,False,False,True,True,1,5.13,polymer_residue
5926,Rev4,4,W205,AE-3200,CH-A,EDG-03,Edge,0.84,65.5,100.17,96.87,92.15,903.7,True,True,True,True,0,0.0,
5927,Rev4,4,W205,AE-3200,CH-A,EDG-04,Edge,0.84,98.2,101.3,95.99,85.09,974.9,False,True,True,True,0,0.0,
5928,Rev4,4,W205,AE-3200,CH-A,EDG-05,Edge,0.84,130.9,98.43,100.23,95.1,958.4,True,False,False,True,0,0.0,
5929,Rev4,4,W205,AE-3200,CH-A,EDG-06,Edge,0.84,163.6,101.6,99.77,95.23,1124.6,False,False,False,False,0,0.0,
5930,Rev4,4,W205,AE-3200,CH-A,EDG-07,Edge,0.84,196.4,100.51,95.14,86.26,908.1,True,True,True,True,1,3.32,
5931,Rev4,4,W205,AE-3200,CH-A,EDG-08,Edge,0.84,229.1,99.91,99.18,93.38,891.0,True,False,True,True,0,0.0,
5932,Rev4,4,W205,AE-3200,CH-A,EDG-09,Edge,0.84,261.8,104.05,95.08,87.54,991.4,False,True,True,True,0,0.0,
5933,Rev4,4,W205,AE-3200,CH-A,EDG-10,Edge,0.84,294.5,103.11,97.11,92.44,895.2,False,True,True,True,1,3.56,
5934,Rev4,4,W205,AE-3200,CH-A,EDG-11,Edge,0.84,327.3,99.27,97.07,92.34,1100.5,True,True,True,False,0,0.0,
5935,Rev4,4,W205,AE-3200,CH-A,EXT-01,Extreme Edge,0.96,16.4,101.77,97.67,93.19,864.3,False,False,True,False,1,2.22,polymer_residue
5936,Rev4,4,W205,AE-3200,CH-A,EXT-02,Extreme Edge,0.96,49.1,100.95,96.88,83.62,989.4,False,True,True,True,0,0.0,
5937,Rev4,4,W205,AE-3200,CH-A,EXT-03,Extreme Edge,0.96,81.8,105.54,100.26,92.92,954.5,False,False,True,True,1,3.33,
5938,Rev4,4,W205,AE-3200,CH-A,EXT-04,Extreme Edge,0.96,114.5,99.93,97.57,89.8,951.4,True,True,True,True,1,5.55,pressure_spike
5939,Rev4,4,W205,AE-3200,CH-A,EXT-05,Extreme Edge,0.96,147.3,99.95,97.03,86.31,1066.0,True,True,True,True,0,0.0,
5940,Rev4,4,W205,AE-3200,CH-A,EXT-06,Extreme Edge,0.96,180.0,101.41,96.47,89.08,911.2,False,True,True,True,2,9.86,polymer_residue
5941,Rev4,4,W205,AE-3200,CH-A,EXT-07,Extreme Edge,0.96,212.7,105.22,97.69,82.28,897.5,False,False,True,True,4,24.96,
5942,Rev4,4,W205,AE-3200,CH-A,EXT-08,Extreme Edge,0.96,245.5,102.0,101.52,92.07,891.9,False,False,True,True,0,0.0,
5943,Rev4,4,W205,AE-3200,CH-A,EXT-09,Extreme Edge,0.96,278.2,103.3,92.4,88.01,854.9,False,True,True,False,2,6.32,
5944,Rev4,4,W205,AE-3200,CH-A,EXT-10,Extreme Edge,0.96,310.9,106.71,99.41,87.19,930.4,False,False,True,True,0,0.0,
5945,Rev4,4,W205,AE-3200,CH-A,EXT-11,Extreme Edge,0.96,343.6,99.47,100.86,84.69,1039.5,True,False,True,True,0,0.0,
5946,Rev1,1,W206,AE-3200,CH-B,C1,Center,0.0,0.0,93.02,97.95,89.56,860.5,True,False,True,False,0,0.0,
5947,Rev1,1,W206,AE-3200,CH-B,MID-01,Mid,0.52,30.0,93.7,96.94,76.27,884.1,True,True,False,True,1,6.19,
5948,Rev1,1,W206,AE-3200,CH-B,MID-02,Mid,0.52,90.0,96.05,99.3,87.86,899.4,True,False,True,True,1,4.84,pressure_spike
5949,Rev1,1,W206,AE-3200,CH-B,MID-03,Mid,0.52,150.0,93.35,98.92,91.8,937.9,True,False,True,True,1,3.23,arc_event
5950,Rev1,1,W206,AE-3200,CH-B,MID-04,Mid,0.52,210.0,92.71,95.61,85.97,853.3,True,True,True,False,0,0.0,
5951,Rev1,1,W206,AE-3200,CH-B,MID-05,Mid,0.52,270.0,94.64,94.71,86.51,867.3,True,True,True,False,0,0.0,
5952,Rev1,1,W206,AE-3200,CH-B,MID-06,Mid,0.52,330.0,94.65,97.28,84.42,901.8,True,True,True,True,0,0.0,
5953,Rev1,1,W206,AE-3200,CH-B,EDG-01,Edge,0.84,0.0,94.29,101.61,82.86,822.0,True,False,True,False,0,0.0,
5954,Rev1,1,W206,AE-3200,CH-B,EDG-02,Edge,0.84,32.7,96.15,98.46,91.16,909.9,True,False,True,True,0,0.0,
5955,Rev1,1,W206,AE-3200,CH-B,EDG-03,Edge,0.84,65.5,94.32,100.16,81.45,947.7,True,False,True,True,0,0.0,
5956,Rev1,1,W206,AE-3200,CH-B,EDG-04,Edge,0.84,98.2,95.25,97.84,91.17,895.9,True,False,True,True,0,0.0,
5957,Rev1,1,W206,AE-3200,CH-B,EDG-05,Edge,0.84,130.9,98.2,98.57,90.34,976.0,True,False,True,True,1,4.72,
5958,Rev1,1,W206,AE-3200,CH-B,EDG-06,Edge,0.84,163.6,94.88,97.25,89.85,1036.0,True,True,True,True,2,9.1,pressure_spike
5959,Rev1,1,W206,AE-3200,CH-B,EDG-07,Edge,0.84,196.4,95.74,98.73,83.12,976.5,True,False,True,True,1,5.62,
5960,Rev1,1,W206,AE-3200,CH-B,EDG-08,Edge,0.84,229.1,95.12,105.14,87.67,981.8,True,False,True,True,0,0.0,
5961,Rev1,1,W206,AE-3200,CH-B,EDG-09,Edge,0.84,261.8,98.77,98.73,90.84,892.7,True,False,True,True,1,4.74,polymer_residue
5962,Rev1,1,W206,AE-3200,CH-B,EDG-10,Edge,0.84,294.5,97.43,97.8,85.88,972.6,True,False,True,True,1,6.22,arc_event
5963,Rev1,1,W206,AE-3200,CH-B,EDG-11,Edge,0.84,327.3,96.16,96.31,92.84,853.1,True,True,True,False,0,0.0,
5964,Rev1,1,W206,AE-3200,CH-B,EXT-01,Extreme Edge,0.96,16.4,96.8,95.53,83.06,957.3,True,True,True,True,0,0.0,
5965,Rev1,1,W206,AE-3200,CH-B,EXT-02,Extreme Edge,0.96,49.1,96.21,99.23,90.34,840.9,True,False,True,False,0,0.0,
5966,Rev1,1,W206,AE-3200,CH-B,EXT-03,Extreme Edge,0.96,81.8,96.48,100.9,92.44,855.2,True,False,True,False,1,5.52,polymer_residue
5967,Rev1,1,W206,AE-3200,CH-B,EXT-04,Extreme Edge,0.96,114.5,95.18,101.27,87.75,928.2,True,False,True,True,2,5.64,
5968,Rev1,1,W206,AE-3200,CH-B,EXT-05,Extreme Edge,0.96,147.3,97.08,103.97,88.79,862.1,True,False,True,False,1,2.8,
5969,Rev1,1,W206,AE-3200,CH-B,EXT-06,Extreme Edge,0.96,180.0,101.06,100.22,78.48,813.9,False,False,True,False,1,4.63,
5970,Rev1,1,W206,AE-3200,CH-B,EXT-07,Extreme Edge,0.96,212.7,94.95,99.71,89.27,975.9,True,False,True,True,1,4.39,polymer_residue
5971,Rev1,1,W206,AE-3200,CH-B,EXT-08,Extreme Edge,0.96,245.5,97.89,99.56,86.18,1071.8,True,False,True,True,0,0.0,
5972,Rev1,1,W206,AE-3200,CH-B,EXT-09,Extreme Edge,0.96,278.2,99.98,100.98,94.5,969.9,True,False,False,True,0,0.0,
5973,Rev1,1,W206,AE-3200,CH-B,EXT-10,Extreme Edge,0.96,310.9,99.19,97.93,94.1,980.6,True,False,True,True,1,5.92,polymer_residue
5974,Rev1,1,W206,AE-3200,CH-B,EXT-11,Extreme Edge,0.96,343.6,101.96,101.54,92.97,858.4,False,False,True,False,1,1.9,polymer_residue
5975,Base,0,W207,AE-3200,CH-A,C1,Center,0.0,0.0,96.97,94.73,92.3,935.3,True,True,True,True,0,0.0,
5976,Base,0,W207,AE-3200,CH-A,MID-01,Mid,0.52,30.0,94.24,100.15,90.71,963.1,True,False,True,True,0,0.0,
5977,Base,0,W207,AE-3200,CH-A,MID-02,Mid,0.52,90.0,101.64,98.6,82.46,1052.6,False,False,True,True,0,0.0,
5978,Base,0,W207,AE-3200,CH-A,MID-03,Mid,0.52,150.0,97.03,98.87,81.12,1008.2,True,False,True,True,0,0.0,
5979,Base,0,W207,AE-3200,CH-A,MID-04,Mid,0.52,210.0,100.03,101.62,88.12,945.4,True,False,True,True,0,0.0,
5980,Base,0,W207,AE-3200,CH-A,MID-05,Mid,0.52,270.0,97.14,92.77,89.47,984.4,True,True,True,True,0,0.0,
5981,Base,0,W207,AE-3200,CH-A,MID-06,Mid,0.52,330.0,97.23,96.7,86.23,886.4,True,True,True,True,0,0.0,
5982,Base,0,W207,AE-3200,CH-A,EDG-01,Edge,0.84,0.0,102.43,101.11,92.64,1111.6,False,False,True,False,0,0.0,
5983,Base,0,W207,AE-3200,CH-A,EDG-02,Edge,0.84,32.7,96.79,97.6,90.47,1025.8,True,False,True,True,1,5.17,polymer_residue
5984,Base,0,W207,AE-3200,CH-A,EDG-03,Edge,0.84,65.5,100.0,97.75,91.83,998.4,True,False,True,True,2,10.72,
5985,Base,0,W207,AE-3200,CH-A,EDG-04,Edge,0.84,98.2,98.6,100.41,88.43,965.3,True,False,True,True,0,0.0,
5986,Base,0,W207,AE-3200,CH-A,EDG-05,Edge,0.84,130.9,101.03,100.96,84.0,901.0,False,False,True,True,1,5.64,
5987,Base,0,W207,AE-3200,CH-A,EDG-06,Edge,0.84,163.6,95.89,101.38,86.79,1074.8,True,False,True,True,2,9.63,
5988,Base,0,W207,AE-3200,CH-A,EDG-07,Edge,0.84,196.4,102.47,102.34,92.61,1079.4,False,False,True,True,1,2.37,
5989,Base,0,W207,AE-3200,CH-A,EDG-08,Edge,0.84,229.1,99.04,101.86,86.68,923.9,True,False,True,True,0,0.0,
5990,Base,0,W207,AE-3200,CH-A,EDG-09,Edge,0.84,261.8,97.53,104.02,102.46,1109.1,True,False,False,False,2,10.29,
5991,Base,0,W207,AE-3200,CH-A,EDG-10,Edge,0.84,294.5,99.73,101.24,90.45,1123.0,True,False,True,False,2,7.3,
5992,Base,0,W207,AE-3200,CH-A,EDG-11,Edge,0.84,327.3,99.21,103.77,89.54,973.5,True,False,True,True,3,6.38,
5993,Base,0,W207,AE-3200,CH-A,EXT-01,Extreme Edge,0.96,16.4,98.8,96.91,84.43,1035.0,True,True,True,True,0,0.0,
5994,Base,0,W207,AE-3200,CH-A,EXT-02,Extreme Edge,0.96,49.1,99.84,101.41,89.0,1087.1,True,False,True,True,1,6.16,endpoint_late
5995,Base,0,W207,AE-3200,CH-A,EXT-03,Extreme Edge,0.96,81.8,102.92,103.11,94.95,1005.4,False,False,False,True,2,12.51,polymer_residue
5996,Base,0,W207,AE-3200,CH-A,EXT-04,Extreme Edge,0.96,114.5,95.68,102.77,96.26,1007.3,True,False,False,True,0,0.0,
5997,Base,0,W207,AE-3200,CH-A,EXT-05,Extreme Edge,0.96,147.3,98.35,102.67,90.37,1021.7,True,False,True,True,2,11.23,
5998,Base,0,W207,AE-3200,CH-A,EXT-06,Extreme Edge,0.96,180.0,96.05,102.32,90.33,957.9,True,False,True,True,1,3.41,
5999,Base,0,W207,AE-3200,CH-A,EXT-07,Extreme Edge,0.96,212.7,101.13,98.91,94.38,1035.1,False,False,True,True,0,0.0,
6000,Base,0,W207,AE-3200,CH-A,EXT-08,Extreme Edge,0.96,245.5,100.92,101.55,87.77,953.7,False,False,True,True,2,10.69,
6001,Base,0,W207,AE-3200,CH-A,EXT-09,Extreme Edge,0.96,278.2,99.67,100.46,88.39,1013.4,True,False,True,True,1,6.26,
6002,Base,0,W207,AE-3200,CH-A,EXT-10,Extreme Edge,0.96,310.9,98.02,102.18,96.02,999.3,True,False,False,True,0,0.0,
6003,Base,0,W207,AE-3200,CH-A,EXT-11,Extreme Edge,0.96,343.6,99.46,100.89,90.23,1100.0,True,False,True,False,1,5.92,
6004,Rev4,4,W208,AE-3200,CH-A,C1,Center,0.0,0.0,96.42,96.06,83.29,922.2,True,True,True,True,0,0.0,
6005,Rev4,4,W208,AE-3200,CH-A,MID-01,Mid,0.52,30.0,98.42,97.69,86.67,947.2,True,False,True,True,0,0.0,
6006,Rev4,4,W208,AE-3200,CH-A,MID-02,Mid,0.52,90.0,98.82,93.25,89.93,1048.1,True,True,True,True,0,0.0,
6007,Rev4,4,W208,AE-3200,CH-A,MID-03,Mid,0.52,150.0,100.52,97.88,94.9,885.5,True,False,False,True,0,0.0,
6008,Rev4,4,W208,AE-3200,CH-A,MID-04,Mid,0.52,210.0,101.78,98.85,89.35,894.6,False,False,True,True,0,0.0,
6009,Rev4,4,W208,AE-3200,CH-A,MID-05,Mid,0.52,270.0,101.69,96.7,94.59,1019.3,False,True,False,True,0,0.0,
6010,Rev4,4,W208,AE-3200,CH-A,MID-06,Mid,0.52,330.0,101.45,96.92,91.82,987.8,False,True,True,True,1,2.03,
6011,Rev4,4,W208,AE-3200,CH-A,EDG-01,Edge,0.84,0.0,99.42,96.95,97.4,942.2,True,True,False,True,0,0.0,
6012,Rev4,4,W208,AE-3200,CH-A,EDG-02,Edge,0.84,32.7,104.01,95.62,90.03,944.6,False,True,True,True,2,10.23,polymer_residue
6013,Rev4,4,W208,AE-3200,CH-A,EDG-03,Edge,0.84,65.5,101.09,95.18,91.84,882.7,False,True,True,True,0,0.0,
6014,Rev4,4,W208,AE-3200,CH-A,EDG-04,Edge,0.84,98.2,96.58,96.46,87.51,887.9,True,True,True,True,0,0.0,
6015,Rev4,4,W208,AE-3200,CH-A,EDG-05,Edge,0.84,130.9,96.26,99.11,90.57,944.3,True,False,True,True,0,0.0,
6016,Rev4,4,W208,AE-3200,CH-A,EDG-06,Edge,0.84,163.6,102.74,96.52,88.71,951.9,False,True,True,True,1,5.67,polymer_residue
6017,Rev4,4,W208,AE-3200,CH-A,EDG-07,Edge,0.84,196.4,99.57,101.84,96.07,980.9,True,False,False,True,1,3.94,
6018,Rev4,4,W208,AE-3200,CH-A,EDG-08,Edge,0.84,229.1,99.37,96.05,90.18,893.7,True,True,True,True,2,9.02,polymer_residue
6019,Rev4,4,W208,AE-3200,CH-A,EDG-09,Edge,0.84,261.8,99.73,99.14,94.93,979.2,True,False,False,True,1,5.59,
6020,Rev4,4,W208,AE-3200,CH-A,EDG-10,Edge,0.84,294.5,100.58,100.13,84.98,897.1,True,False,True,True,0,0.0,
6021,Rev4,4,W208,AE-3200,CH-A,EDG-11,Edge,0.84,327.3,99.5,100.66,85.91,978.8,True,False,True,True,0,0.0,
6022,Rev4,4,W208,AE-3200,CH-A,EXT-01,Extreme Edge,0.96,16.4,100.88,101.97,92.68,970.1,False,False,True,True,0,0.0,
6023,Rev4,4,W208,AE-3200,CH-A,EXT-02,Extreme Edge,0.96,49.1,99.97,96.51,94.71,963.5,True,True,False,True,1,3.37,
6024,Rev4,4,W208,AE-3200,CH-A,EXT-03,Extreme Edge,0.96,81.8,101.84,97.76,89.68,953.8,False,False,True,True,0,0.0,
6025,Rev4,4,W208,AE-3200,CH-A,EXT-04,Extreme Edge,0.96,114.5,107.0,98.55,89.24,1015.8,False,False,True,True,0,0.0,
6026,Rev4,4,W208,AE-3200,CH-A,EXT-05,Extreme Edge,0.96,147.3,99.3,98.25,97.74,910.2,True,False,False,True,1,3.4,
6027,Rev4,4,W208,AE-3200,CH-A,EXT-06,Extreme Edge,0.96,180.0,101.28,102.45,87.86,1001.4,False,False,True,True,0,0.0,
6028,Rev4,4,W208,AE-3200,CH-A,EXT-07,Extreme Edge,0.96,212.7,103.02,101.64,98.18,1041.8,False,False,False,True,0,0.0,
6029,Rev4,4,W208,AE-3200,CH-A,EXT-08,Extreme Edge,0.96,245.5,101.35,97.39,102.32,959.5,False,True,False,True,1,5.44,
6030,Rev4,4,W208,AE-3200,CH-A,EXT-09,Extreme Edge,0.96,278.2,101.76,98.68,91.59,950.8,False,False,True,True,0,0.0,
6031,Rev4,4,W208,AE-3200,CH-A,EXT-10,Extreme Edge,0.96,310.9,103.09,96.34,90.88,931.8,False,True,True,True,0,0.0,
6032,Rev4,4,W208,AE-3200,CH-A,EXT-11,Extreme Edge,0.96,343.6,101.84,95.02,97.37,988.2,False,True,False,True,2,6.43,polymer_residue
6033,Rev10,10,W209,PX-7500,CH-C,C1,Center,0.0,0.0,94.82,92.37,95.71,1064.7,True,True,False,True,0,0.0,
6034,Rev10,10,W209,PX-7500,CH-C,MID-01,Mid,0.52,30.0,98.79,91.99,94.03,1017.5,True,True,True,True,0,0.0,
6035,Rev10,10,W209,PX-7500,CH-C,MID-02,Mid,0.52,90.0,94.09,93.8,89.36,1014.0,True,True,True,True,0,0.0,
6036,Rev10,10,W209,PX-7500,CH-C,MID-03,Mid,0.52,150.0,98.25,91.48,91.75,965.5,True,True,True,True,0,0.0,
6037,Rev10,10,W209,PX-7500,CH-C,MID-04,Mid,0.52,210.0,93.11,91.95,95.02,1054.4,True,True,False,True,1,3.37,
6038,Rev10,10,W209,PX-7500,CH-C,MID-05,Mid,0.52,270.0,92.69,89.96,95.22,993.3,True,True,False,True,0,0.0,
6039,Rev10,10,W209,PX-7500,CH-C,MID-06,Mid,0.52,330.0,96.36,91.12,90.37,1063.5,True,True,True,True,2,11.46,
6040,Rev10,10,W209,PX-7500,CH-C,EDG-01,Edge,0.84,0.0,98.2,93.26,100.6,1003.9,True,True,False,True,0,0.0,
6041,Rev10,10,W209,PX-7500,CH-C,EDG-02,Edge,0.84,32.7,95.8,94.76,96.77,1075.2,True,True,False,True,1,4.93,endpoint_late
6042,Rev10,10,W209,PX-7500,CH-C,EDG-03,Edge,0.84,65.5,101.46,92.56,93.43,1024.1,False,True,True,True,0,0.0,
6043,Rev10,10,W209,PX-7500,CH-C,EDG-04,Edge,0.84,98.2,97.59,94.69,96.89,1086.5,True,True,False,True,2,6.47,
6044,Rev10,10,W209,PX-7500,CH-C,EDG-05,Edge,0.84,130.9,94.88,94.36,97.89,996.5,True,True,False,True,1,2.1,
6045,Rev10,10,W209,PX-7500,CH-C,EDG-06,Edge,0.84,163.6,98.65,95.18,91.63,1070.9,True,True,True,True,0,0.0,
6046,Rev10,10,W209,PX-7500,CH-C,EDG-07,Edge,0.84,196.4,97.41,96.2,91.31,1085.0,True,True,True,True,0,0.0,
6047,Rev10,10,W209,PX-7500,CH-C,EDG-08,Edge,0.84,229.1,93.68,91.01,99.64,1152.9,True,True,False,False,3,17.55,
6048,Rev10,10,W209,PX-7500,CH-C,EDG-09,Edge,0.84,261.8,96.56,95.48,94.31,965.0,True,True,True,True,0,0.0,
6049,Rev10,10,W209,PX-7500,CH-C,EDG-10,Edge,0.84,294.5,95.31,91.78,95.94,1054.6,True,True,False,True,1,6.38,
6050,Rev10,10,W209,PX-7500,CH-C,EDG-11,Edge,0.84,327.3,97.43,90.81,90.5,1068.8,True,True,True,True,1,4.61,polymer_residue
6051,Rev10,10,W209,PX-7500,CH-C,EXT-01,Extreme Edge,0.96,16.4,94.69,93.1,95.07,1017.0,True,True,False,True,2,6.96,endpoint_late
6052,Rev10,10,W209,PX-7500,CH-C,EXT-02,Extreme Edge,0.96,49.1,98.34,94.82,99.42,1200.7,True,True,False,False,1,2.6,polymer_residue
6053,Rev10,10,W209,PX-7500,CH-C,EXT-03,Extreme Edge,0.96,81.8,97.19,95.01,98.48,992.1,True,True,False,True,0,0.0,
6054,Rev10,10,W209,PX-7500,CH-C,EXT-04,Extreme Edge,0.96,114.5,98.19,96.02,95.23,1144.9,True,True,False,False,0,0.0,
6055,Rev10,10,W209,PX-7500,CH-C,EXT-05,Extreme Edge,0.96,147.3,96.54,97.32,90.72,1094.8,True,True,True,False,1,5.1,polymer_residue
6056,Rev10,10,W209,PX-7500,CH-C,EXT-06,Extreme Edge,0.96,180.0,99.08,95.38,96.18,1091.6,True,True,False,False,0,0.0,
6057,Rev10,10,W209,PX-7500,CH-C,EXT-07,Extreme Edge,0.96,212.7,98.11,91.06,92.07,1064.6,True,True,True,True,0,0.0,
6058,Rev10,10,W209,PX-7500,CH-C,EXT-08,Extreme Edge,0.96,245.5,99.11,94.79,106.49,964.3,True,True,False,True,0,0.0,
6059,Rev10,10,W209,PX-7500,CH-C,EXT-09,Extreme Edge,0.96,278.2,99.08,92.95,93.06,1092.3,True,True,True,False,1,4.6,
6060,Rev10,10,W209,PX-7500,CH-C,EXT-10,Extreme Edge,0.96,310.9,95.52,91.68,91.86,1051.1,True,True,True,True,2,6.92,polymer_residue
6061,Rev10,10,W209,PX-7500,CH-C,EXT-11,Extreme Edge,0.96,343.6,99.43,99.01,102.48,1226.2,True,False,False,False,0,0.0,
6062,Rev3,3,W210,PX-7500,CH-D,C1,Center,0.0,0.0,97.52,98.56,84.06,871.2,True,False,True,False,0,0.0,
6063,Rev3,3,W210,PX-7500,CH-D,MID-01,Mid,0.52,30.0,101.76,93.88,90.62,971.9,False,True,True,True,0,0.0,
6064,Rev3,3,W210,PX-7500,CH-D,MID-02,Mid,0.52,90.0,97.96,93.19,94.61,1007.8,True,True,False,True,0,0.0,
6065,Rev3,3,W210,PX-7500,CH-D,MID-03,Mid,0.52,150.0,97.62,97.15,99.82,946.5,True,True,False,True,0,0.0,
6066,Rev3,3,W210,PX-7500,CH-D,MID-04,Mid,0.52,210.0,97.09,99.2,94.72,1079.6,True,False,False,True,0,0.0,
6067,Rev3,3,W210,PX-7500,CH-D,MID-05,Mid,0.52,270.0,96.82,95.36,82.46,950.0,True,True,True,True,2,9.99,polymer_residue
6068,Rev3,3,W210,PX-7500,CH-D,MID-06,Mid,0.52,330.0,97.78,96.39,89.85,943.1,True,True,True,True,0,0.0,
6069,Rev3,3,W210,PX-7500,CH-D,EDG-01,Edge,0.84,0.0,99.97,93.76,81.76,993.9,True,True,True,True,0,0.0,
6070,Rev3,3,W210,PX-7500,CH-D,EDG-02,Edge,0.84,32.7,100.55,96.59,91.49,1038.8,True,True,True,True,2,7.94,
6071,Rev3,3,W210,PX-7500,CH-D,EDG-03,Edge,0.84,65.5,104.71,99.0,90.63,899.3,False,False,True,True,0,0.0,
6072,Rev3,3,W210,PX-7500,CH-D,EDG-04,Edge,0.84,98.2,99.28,96.14,87.73,930.4,True,True,True,True,0,0.0,
6073,Rev3,3,W210,PX-7500,CH-D,EDG-05,Edge,0.84,130.9,100.39,100.14,92.36,975.1,True,False,True,True,0,0.0,
6074,Rev3,3,W210,PX-7500,CH-D,EDG-06,Edge,0.84,163.6,99.92,98.0,87.62,1055.5,True,False,True,True,0,0.0,
6075,Rev3,3,W210,PX-7500,CH-D,EDG-07,Edge,0.84,196.4,100.3,93.91,90.47,965.5,True,True,True,True,0,0.0,
6076,Rev3,3,W210,PX-7500,CH-D,EDG-08,Edge,0.84,229.1,101.46,95.63,100.73,1003.9,False,True,False,True,0,0.0,
6077,Rev3,3,W210,PX-7500,CH-D,EDG-09,Edge,0.84,261.8,97.41,97.89,88.29,974.9,True,False,True,True,0,0.0,
6078,Rev3,3,W210,PX-7500,CH-D,EDG-10,Edge,0.84,294.5,100.53,93.95,92.63,978.2,True,True,True,True,0,0.0,
6079,Rev3,3,W210,PX-7500,CH-D,EDG-11,Edge,0.84,327.3,98.12,94.37,94.56,1009.6,True,True,False,True,0,0.0,
6080,Rev3,3,W210,PX-7500,CH-D,EXT-01,Extreme Edge,0.96,16.4,99.0,98.84,85.91,1026.9,True,False,True,True,0,0.0,
6081,Rev3,3,W210,PX-7500,CH-D,EXT-02,Extreme Edge,0.96,49.1,99.04,96.27,98.94,1048.5,True,True,False,True,1,4.34,
6082,Rev3,3,W210,PX-7500,CH-D,EXT-03,Extreme Edge,0.96,81.8,99.08,99.33,88.81,1011.0,True,False,True,True,0,0.0,
6083,Rev3,3,W210,PX-7500,CH-D,EXT-04,Extreme Edge,0.96,114.5,100.25,96.21,93.79,965.8,True,True,True,True,0,0.0,
6084,Rev3,3,W210,PX-7500,CH-D,EXT-05,Extreme Edge,0.96,147.3,102.4,98.57,93.72,988.9,False,False,True,True,0,0.0,
6085,Rev3,3,W210,PX-7500,CH-D,EXT-06,Extreme Edge,0.96,180.0,103.08,100.19,93.1,1122.3,False,False,True,False,1,6.02,
6086,Rev3,3,W210,PX-7500,CH-D,EXT-07,Extreme Edge,0.96,212.7,104.7,96.74,92.58,985.4,False,True,True,True,0,0.0,
6087,Rev3,3,W210,PX-7500,CH-D,EXT-08,Extreme Edge,0.96,245.5,103.72,102.8,97.72,1070.5,False,False,False,True,2,5.51,
6088,Rev3,3,W210,PX-7500,CH-D,EXT-09,Extreme Edge,0.96,278.2,99.83,95.17,96.58,1046.3,True,True,False,True,1,3.33,endpoint_late
6089,Rev3,3,W210,PX-7500,CH-D,EXT-10,Extreme Edge,0.96,310.9,100.18,98.03,92.81,988.5,True,False,True,True,0,0.0,
6090,Rev3,3,W210,PX-7500,CH-D,EXT-11,Extreme Edge,0.96,343.6,99.57,100.73,91.0,1048.3,True,False,True,True,1,3.51,polymer_residue
6091,Rev4,4,W211,AE-3200,CH-A,C1,Center,0.0,0.0,95.96,90.2,93.16,1041.8,True,True,True,True,0,0.0,
6092,Rev4,4,W211,AE-3200,CH-A,MID-01,Mid,0.52,30.0,95.42,90.58,96.04,938.1,True,True,False,True,0,0.0,
6093,Rev4,4,W211,AE-3200,CH-A,MID-02,Mid,0.52,90.0,98.13,97.63,88.62,919.7,True,False,True,True,0,0.0,
6094,Rev4,4,W211,AE-3200,CH-A,MID-03,Mid,0.52,150.0,98.14,94.11,93.2,1075.2,True,True,True,True,0,0.0,
6095,Rev4,4,W211,AE-3200,CH-A,MID-04,Mid,0.52,210.0,97.94,94.54,97.12,922.1,True,True,False,True,0,0.0,
6096,Rev4,4,W211,AE-3200,CH-A,MID-05,Mid,0.52,270.0,96.82,96.75,85.6,950.0,True,True,True,True,0,0.0,
6097,Rev4,4,W211,AE-3200,CH-A,MID-06,Mid,0.52,330.0,94.92,97.86,99.22,978.1,True,False,False,True,0,0.0,
6098,Rev4,4,W211,AE-3200,CH-A,EDG-01,Edge,0.84,0.0,99.9,95.82,97.87,1098.4,True,True,False,False,1,6.2,polymer_residue
6099,Rev4,4,W211,AE-3200,CH-A,EDG-02,Edge,0.84,32.7,100.09,92.95,96.45,1042.5,True,True,False,True,0,0.0,
6100,Rev4,4,W211,AE-3200,CH-A,EDG-03,Edge,0.84,65.5,96.52,94.9,98.78,1042.5,True,True,False,True,0,0.0,
6101,Rev4,4,W211,AE-3200,CH-A,EDG-04,Edge,0.84,98.2,98.55,95.53,88.3,904.3,True,True,True,True,0,0.0,
6102,Rev4,4,W211,AE-3200,CH-A,EDG-05,Edge,0.84,130.9,100.47,95.76,91.87,976.0,True,True,True,True,1,5.21,polymer_residue
6103,Rev4,4,W211,AE-3200,CH-A,EDG-06,Edge,0.84,163.6,100.44,95.55,98.15,1039.9,True,True,False,True,3,11.32,
6104,Rev4,4,W211,AE-3200,CH-A,EDG-07,Edge,0.84,196.4,98.86,94.15,90.3,986.0,True,True,True,True,0,0.0,
6105,Rev4,4,W211,AE-3200,CH-A,EDG-08,Edge,0.84,229.1,99.09,93.93,96.38,1001.4,True,True,False,True,2,8.48,endpoint_late
6106,Rev4,4,W211,AE-3200,CH-A,EDG-09,Edge,0.84,261.8,97.86,98.03,100.8,1025.1,True,False,False,True,0,0.0,
6107,Rev4,4,W211,AE-3200,CH-A,EDG-10,Edge,0.84,294.5,98.42,92.34,84.56,1144.6,True,True,True,False,1,5.46,polymer_residue
6108,Rev4,4,W211,AE-3200,CH-A,EDG-11,Edge,0.84,327.3,99.9,96.65,91.45,929.4,True,True,True,True,0,0.0,
6109,Rev4,4,W211,AE-3200,CH-A,EXT-01,Extreme Edge,0.96,16.4,99.76,96.79,94.43,1033.2,True,True,True,True,0,0.0,
6110,Rev4,4,W211,AE-3200,CH-A,EXT-02,Extreme Edge,0.96,49.1,102.41,105.83,98.07,1091.9,False,False,False,False,2,10.88,
6111,Rev4,4,W211,AE-3200,CH-A,EXT-03,Extreme Edge,0.96,81.8,101.44,101.61,104.61,1024.6,False,False,False,True,0,0.0,
6112,Rev4,4,W211,AE-3200,CH-A,EXT-04,Extreme Edge,0.96,114.5,98.26,100.37,94.52,1067.5,True,False,False,True,3,19.46,
6113,Rev4,4,W211,AE-3200,CH-A,EXT-05,Extreme Edge,0.96,147.3,101.23,94.51,95.0,952.5,False,True,False,True,3,6.19,
6114,Rev4,4,W211,AE-3200,CH-A,EXT-06,Extreme Edge,0.96,180.0,101.26,95.49,89.63,1064.5,False,True,True,True,0,0.0,
6115,Rev4,4,W211,AE-3200,CH-A,EXT-07,Extreme Edge,0.96,212.7,100.26,95.44,98.72,1115.2,True,True,False,False,0,0.0,
6116,Rev4,4,W211,AE-3200,CH-A,EXT-08,Extreme Edge,0.96,245.5,102.67,89.93,90.1,1026.8,False,True,True,True,1,1.81,esc_temp_drift
6117,Rev4,4,W211,AE-3200,CH-A,EXT-09,Extreme Edge,0.96,278.2,103.57,103.28,97.67,1033.9,False,False,False,True,3,19.06,polymer_residue
6118,Rev4,4,W211,AE-3200,CH-A,EXT-10,Extreme Edge,0.96,310.9,98.76,95.3,97.73,1016.4,True,True,False,True,1,2.08,esc_temp_drift
6119,Rev4,4,W211,AE-3200,CH-A,EXT-11,Extreme Edge,0.96,343.6,100.83,99.24,92.77,999.7,False,False,True,True,0,0.0,
6120,Rev5,5,W212,AE-3200,CH-B,C1,Center,0.0,0.0,93.12,88.35,81.46,875.3,True,True,True,False,1,2.66,endpoint_late
6121,Rev5,5,W212,AE-3200,CH-B,MID-01,Mid,0.52,30.0,95.06,96.08,92.74,976.9,True,True,True,True,0,0.0,
6122,Rev5,5,W212,AE-3200,CH-B,MID-02,Mid,0.52,90.0,96.31,94.6,94.19,927.4,True,True,True,True,0,0.0,
6123,Rev5,5,W212,AE-3200,CH-B,MID-03,Mid,0.52,150.0,96.63,95.22,92.62,1014.6,True,True,True,True,0,0.0,
6124,Rev5,5,W212,AE-3200,CH-B,MID-04,Mid,0.52,210.0,98.06,93.0,84.88,999.7,True,True,True,True,0,0.0,
6125,Rev5,5,W212,AE-3200,CH-B,MID-05,Mid,0.52,270.0,100.35,95.81,89.22,918.6,True,True,True,True,0,0.0,
6126,Rev5,5,W212,AE-3200,CH-B,MID-06,Mid,0.52,330.0,96.33,96.26,90.77,954.7,True,True,True,True,0,0.0,
6127,Rev5,5,W212,AE-3200,CH-B,EDG-01,Edge,0.84,0.0,99.96,94.4,96.29,796.6,True,True,False,False,1,2.0,
6128,Rev5,5,W212,AE-3200,CH-B,EDG-02,Edge,0.84,32.7,100.23,95.05,81.4,977.3,True,True,True,True,1,3.53,polymer_residue
6129,Rev5,5,W212,AE-3200,CH-B,EDG-03,Edge,0.84,65.5,100.0,97.02,88.66,923.5,True,True,True,True,0,0.0,
6130,Rev5,5,W212,AE-3200,CH-B,EDG-04,Edge,0.84,98.2,101.96,99.83,92.64,976.5,False,False,True,True,0,0.0,
6131,Rev5,5,W212,AE-3200,CH-B,EDG-05,Edge,0.84,130.9,100.1,91.43,92.04,822.0,True,True,True,False,1,3.85,polymer_residue
6132,Rev5,5,W212,AE-3200,CH-B,EDG-06,Edge,0.84,163.6,100.0,94.17,90.87,897.6,True,True,True,True,0,0.0,
6133,Rev5,5,W212,AE-3200,CH-B,EDG-07,Edge,0.84,196.4,102.12,92.49,86.36,948.5,False,True,True,True,0,0.0,
6134,Rev5,5,W212,AE-3200,CH-B,EDG-08,Edge,0.84,229.1,101.89,95.1,89.36,995.2,False,True,True,True,0,0.0,
6135,Rev5,5,W212,AE-3200,CH-B,EDG-09,Edge,0.84,261.8,99.7,94.08,87.26,940.8,True,True,True,True,1,5.81,
6136,Rev5,5,W212,AE-3200,CH-B,EDG-10,Edge,0.84,294.5,100.01,93.65,88.99,955.1,True,True,True,True,0,0.0,
6137,Rev5,5,W212,AE-3200,CH-B,EDG-11,Edge,0.84,327.3,97.99,91.28,87.65,993.1,True,True,True,True,1,3.82,
6138,Rev5,5,W212,AE-3200,CH-B,EXT-01,Extreme Edge,0.96,16.4,103.37,94.86,92.38,960.2,False,True,True,True,0,0.0,
6139,Rev5,5,W212,AE-3200,CH-B,EXT-02,Extreme Edge,0.96,49.1,103.66,98.21,91.9,900.5,False,False,True,True,0,0.0,
6140,Rev5,5,W212,AE-3200,CH-B,EXT-03,Extreme Edge,0.96,81.8,101.34,98.02,97.13,834.6,False,False,False,False,2,12.73,polymer_residue
6141,Rev5,5,W212,AE-3200,CH-B,EXT-04,Extreme Edge,0.96,114.5,100.25,96.23,90.97,926.4,True,True,True,True,1,6.36,esc_temp_drift
6142,Rev5,5,W212,AE-3200,CH-B,EXT-05,Extreme Edge,0.96,147.3,100.86,93.91,88.75,902.7,False,True,True,True,0,0.0,
6143,Rev5,5,W212,AE-3200,CH-B,EXT-06,Extreme Edge,0.96,180.0,100.68,93.1,96.86,955.2,True,True,False,True,1,3.83,
6144,Rev5,5,W212,AE-3200,CH-B,EXT-07,Extreme Edge,0.96,212.7,100.45,98.14,91.52,778.8,True,False,True,False,0,0.0,
6145,Rev5,5,W212,AE-3200,CH-B,EXT-08,Extreme Edge,0.96,245.5,104.19,97.25,94.67,981.9,False,True,False,True,1,3.79,arc_event
6146,Rev5,5,W212,AE-3200,CH-B,EXT-09,Extreme Edge,0.96,278.2,98.85,94.9,90.68,971.9,True,True,True,True,0,0.0,
6147,Rev5,5,W212,AE-3200,CH-B,EXT-10,Extreme Edge,0.96,310.9,101.74,98.05,88.33,894.0,False,False,True,True,0,0.0,
6148,Rev5,5,W212,AE-3200,CH-B,EXT-11,Extreme Edge,0.96,343.6,100.91,98.28,94.81,955.1,False,False,False,True,2,5.43,polymer_residue
6149,Rev11,11,W213,PX-7500,CH-D,C1,Center,0.0,0.0,95.19,93.71,104.65,1044.0,True,True,False,True,0,0.0,
6150,Rev11,11,W213,PX-7500,CH-D,MID-01,Mid,0.52,30.0,97.46,101.08,92.38,1125.9,True,False,True,False,1,3.36,
6151,Rev11,11,W213,PX-7500,CH-D,MID-02,Mid,0.52,90.0,93.62,91.71,94.5,1049.0,True,True,True,True,0,0.0,
6152,Rev11,11,W213,PX-7500,CH-D,MID-03,Mid,0.52,150.0,99.82,95.71,102.33,913.8,True,True,False,True,0,0.0,
6153,Rev11,11,W213,PX-7500,CH-D,MID-04,Mid,0.52,210.0,93.71,92.98,92.46,1063.2,True,True,True,True,0,0.0,
6154,Rev11,11,W213,PX-7500,CH-D,MID-05,Mid,0.52,270.0,98.45,95.33,82.26,1014.1,True,True,True,True,0,0.0,
6155,Rev11,11,W213,PX-7500,CH-D,MID-06,Mid,0.52,330.0,96.51,94.11,98.15,1057.7,True,True,False,True,0,0.0,
6156,Rev11,11,W213,PX-7500,CH-D,EDG-01,Edge,0.84,0.0,100.66,96.71,98.63,984.0,True,True,False,True,1,4.8,
6157,Rev11,11,W213,PX-7500,CH-D,EDG-02,Edge,0.84,32.7,94.11,98.91,111.33,1166.3,True,False,False,False,0,0.0,
6158,Rev11,11,W213,PX-7500,CH-D,EDG-03,Edge,0.84,65.5,98.77,94.72,106.12,1020.1,True,True,False,True,0,0.0,
6159,Rev11,11,W213,PX-7500,CH-D,EDG-04,Edge,0.84,98.2,97.33,97.01,98.69,1047.0,True,True,False,True,0,0.0,
6160,Rev11,11,W213,PX-7500,CH-D,EDG-05,Edge,0.84,130.9,102.17,102.31,105.02,1026.4,False,False,False,True,0,0.0,
6161,Rev11,11,W213,PX-7500,CH-D,EDG-06,Edge,0.84,163.6,100.3,97.53,101.12,1048.1,True,True,False,True,0,0.0,
6162,Rev11,11,W213,PX-7500,CH-D,EDG-07,Edge,0.84,196.4,96.54,98.44,101.43,1063.0,True,False,False,True,0,0.0,
6163,Rev11,11,W213,PX-7500,CH-D,EDG-08,Edge,0.84,229.1,98.54,93.73,97.17,1064.8,True,True,False,True,0,0.0,
6164,Rev11,11,W213,PX-7500,CH-D,EDG-09,Edge,0.84,261.8,98.49,95.97,95.47,1068.8,True,True,False,True,1,5.14,
6165,Rev11,11,W213,PX-7500,CH-D,EDG-10,Edge,0.84,294.5,100.96,98.58,100.89,1148.6,False,False,False,False,1,4.19,pressure_spike
6166,Rev11,11,W213,PX-7500,CH-D,EDG-11,Edge,0.84,327.3,97.1,98.67,92.23,1107.4,True,False,True,False,2,8.52,endpoint_late
6167,Rev11,11,W213,PX-7500,CH-D,EXT-01,Extreme Edge,0.96,16.4,101.23,97.55,103.97,1070.7,False,True,False,True,0,0.0,
6168,Rev11,11,W213,PX-7500,CH-D,EXT-02,Extreme Edge,0.96,49.1,98.52,94.76,108.7,1139.3,True,True,False,False,0,0.0,
6169,Rev11,11,W213,PX-7500,CH-D,EXT-03,Extreme Edge,0.96,81.8,102.96,97.53,102.04,1071.9,False,True,False,True,0,0.0,
6170,Rev11,11,W213,PX-7500,CH-D,EXT-04,Extreme Edge,0.96,114.5,98.59,96.37,105.17,1080.8,True,True,False,True,2,8.52,
6171,Rev11,11,W213,PX-7500,CH-D,EXT-05,Extreme Edge,0.96,147.3,98.1,93.47,94.93,1005.1,True,True,False,True,0,0.0,
6172,Rev11,11,W213,PX-7500,CH-D,EXT-06,Extreme Edge,0.96,180.0,97.47,96.62,100.92,1110.8,True,True,False,False,2,11.69,polymer_residue
6173,Rev11,11,W213,PX-7500,CH-D,EXT-07,Extreme Edge,0.96,212.7,98.15,95.61,96.12,1123.5,True,True,False,False,2,12.0,
6174,Rev11,11,W213,PX-7500,CH-D,EXT-08,Extreme Edge,0.96,245.5,100.07,96.68,100.62,1028.9,True,True,False,True,0,0.0,
6175,Rev11,11,W213,PX-7500,CH-D,EXT-09,Extreme Edge,0.96,278.2,99.84,96.4,104.71,1027.2,True,True,False,True,0,0.0,
6176,Rev11,11,W213,PX-7500,CH-D,EXT-10,Extreme Edge,0.96,310.9,100.2,95.2,100.09,980.2,True,True,False,True,2,4.61,polymer_residue
6177,Rev11,11,W213,PX-7500,CH-D,EXT-11,Extreme Edge,0.96,343.6,99.58,94.89,98.63,951.5,True,True,False,True,2,9.32,pressure_spike
6178,Rev2,2,W214,PX-7500,CH-C,C1,Center,0.0,0.0,97.83,94.93,82.32,976.0,True,True,True,True,1,6.15,esc_temp_drift
6179,Rev2,2,W214,PX-7500,CH-C,MID-01,Mid,0.52,30.0,99.08,94.57,91.61,1074.3,True,True,True,True,0,0.0,
6180,Rev2,2,W214,PX-7500,CH-C,MID-02,Mid,0.52,90.0,97.67,100.36,83.88,945.0,True,False,True,True,0,0.0,
6181,Rev2,2,W214,PX-7500,CH-C,MID-03,Mid,0.52,150.0,95.36,97.69,84.43,928.3,True,False,True,True,0,0.0,
6182,Rev2,2,W214,PX-7500,CH-C,MID-04,Mid,0.52,210.0,98.58,94.94,84.77,862.5,True,True,True,False,0,0.0,
6183,Rev2,2,W214,PX-7500,CH-C,MID-05,Mid,0.52,270.0,95.84,98.16,87.14,1008.1,True,False,True,True,0,0.0,
6184,Rev2,2,W214,PX-7500,CH-C,MID-06,Mid,0.52,330.0,97.14,98.58,84.96,899.3,True,False,True,True,0,0.0,
6185,Rev2,2,W214,PX-7500,CH-C,EDG-01,Edge,0.84,0.0,101.24,96.68,89.93,974.6,False,True,True,True,0,0.0,
6186,Rev2,2,W214,PX-7500,CH-C,EDG-02,Edge,0.84,32.7,97.96,96.47,80.18,966.4,True,True,True,True,0,0.0,
6187,Rev2,2,W214,PX-7500,CH-C,EDG-03,Edge,0.84,65.5,98.05,97.2,87.0,904.8,True,True,True,True,0,0.0,
6188,Rev2,2,W214,PX-7500,CH-C,EDG-04,Edge,0.84,98.2,98.53,94.8,83.7,991.7,True,True,True,True,2,6.07,polymer_residue
6189,Rev2,2,W214,PX-7500,CH-C,EDG-05,Edge,0.84,130.9,98.57,97.17,85.74,963.1,True,True,True,True,0,0.0,
6190,Rev2,2,W214,PX-7500,CH-C,EDG-06,Edge,0.84,163.6,95.73,97.7,87.99,895.7,True,False,True,True,1,1.95,
6191,Rev2,2,W214,PX-7500,CH-C,EDG-07,Edge,0.84,196.4,99.55,95.79,86.58,1004.3,True,True,True,True,0,0.0,
6192,Rev2,2,W214,PX-7500,CH-C,EDG-08,Edge,0.84,229.1,96.12,98.85,83.2,901.3,True,False,True,True,0,0.0,
6193,Rev2,2,W214,PX-7500,CH-C,EDG-09,Edge,0.84,261.8,98.02,95.63,84.71,968.6,True,True,True,True,1,3.5,polymer_residue
6194,Rev2,2,W214,PX-7500,CH-C,EDG-10,Edge,0.84,294.5,98.13,98.8,88.13,973.6,True,False,True,True,0,0.0,
6195,Rev2,2,W214,PX-7500,CH-C,EDG-11,Edge,0.84,327.3,99.84,97.72,86.44,970.0,True,False,True,True,0,0.0,
6196,Rev2,2,W214,PX-7500,CH-C,EXT-01,Extreme Edge,0.96,16.4,98.77,102.04,91.85,997.1,True,False,True,True,0,0.0,
6197,Rev2,2,W214,PX-7500,CH-C,EXT-02,Extreme Edge,0.96,49.1,97.22,97.17,86.71,1028.0,True,True,True,True,1,4.23,endpoint_late
6198,Rev2,2,W214,PX-7500,CH-C,EXT-03,Extreme Edge,0.96,81.8,101.22,98.8,79.93,959.6,False,False,True,True,3,8.8,
6199,Rev2,2,W214,PX-7500,CH-C,EXT-04,Extreme Edge,0.96,114.5,97.06,99.35,89.89,884.3,True,False,True,True,0,0.0,
6200,Rev2,2,W214,PX-7500,CH-C,EXT-05,Extreme Edge,0.96,147.3,98.94,99.12,88.54,984.4,True,False,True,True,0,0.0,
6201,Rev2,2,W214,PX-7500,CH-C,EXT-06,Extreme Edge,0.96,180.0,102.7,101.07,90.35,900.4,False,False,True,True,1,5.85,
6202,Rev2,2,W214,PX-7500,CH-C,EXT-07,Extreme Edge,0.96,212.7,98.64,99.35,87.68,925.4,True,False,True,True,0,0.0,
6203,Rev2,2,W214,PX-7500,CH-C,EXT-08,Extreme Edge,0.96,245.5,98.72,98.84,82.4,884.0,True,False,True,True,0,0.0,
6204,Rev2,2,W214,PX-7500,CH-C,EXT-09,Extreme Edge,0.96,278.2,101.2,98.98,89.47,1010.9,False,False,True,True,0,0.0,
6205,Rev2,2,W214,PX-7500,CH-C,EXT-10,Extreme Edge,0.96,310.9,100.98,95.96,76.51,1093.0,False,True,False,False,1,6.28,polymer_residue
6206,Rev2,2,W214,PX-7500,CH-C,EXT-11,Extreme Edge,0.96,343.6,99.08,97.12,81.24,909.6,True,True,True,True,1,4.78,
6207,Rev4,4,W215,AE-3200,CH-A,C1,Center,0.0,0.0,96.62,93.11,84.14,876.7,True,True,True,False,0,0.0,
6208,Rev4,4,W215,AE-3200,CH-A,MID-01,Mid,0.52,30.0,95.64,91.27,85.34,950.0,True,True,True,True,0,0.0,
6209,Rev4,4,W215,AE-3200,CH-A,MID-02,Mid,0.52,90.0,99.29,93.38,93.58,896.8,True,True,True,True,0,0.0,
6210,Rev4,4,W215,AE-3200,CH-A,MID-03,Mid,0.52,150.0,99.35,92.35,86.24,883.6,True,True,True,True,0,0.0,
6211,Rev4,4,W215,AE-3200,CH-A,MID-04,Mid,0.52,210.0,93.36,94.96,89.39,958.5,True,True,True,True,0,0.0,
6212,Rev4,4,W215,AE-3200,CH-A,MID-05,Mid,0.52,270.0,96.74,88.1,87.14,914.1,True,True,True,True,0,0.0,
6213,Rev4,4,W215,AE-3200,CH-A,MID-06,Mid,0.52,330.0,98.07,95.81,96.8,942.2,True,True,False,True,1,2.85,arc_event
6214,Rev4,4,W215,AE-3200,CH-A,EDG-01,Edge,0.84,0.0,98.15,96.47,97.85,906.4,True,True,False,True,1,2.66,polymer_residue
6215,Rev4,4,W215,AE-3200,CH-A,EDG-02,Edge,0.84,32.7,97.93,98.32,90.1,919.1,True,False,True,True,0,0.0,
6216,Rev4,4,W215,AE-3200,CH-A,EDG-03,Edge,0.84,65.5,101.3,98.77,94.8,992.6,False,False,False,True,1,1.84,polymer_residue
6217,Rev4,4,W215,AE-3200,CH-A,EDG-04,Edge,0.84,98.2,98.27,99.99,87.69,1047.2,True,False,True,True,0,0.0,
6218,Rev4,4,W215,AE-3200,CH-A,EDG-05,Edge,0.84,130.9,99.18,90.68,89.33,934.8,True,True,True,True,0,0.0,
6219,Rev4,4,W215,AE-3200,CH-A,EDG-06,Edge,0.84,163.6,101.24,98.74,90.72,942.0,False,False,True,True,0,0.0,
6220,Rev4,4,W215,AE-3200,CH-A,EDG-07,Edge,0.84,196.4,97.77,97.54,91.05,893.5,True,True,True,True,0,0.0,
6221,Rev4,4,W215,AE-3200,CH-A,EDG-08,Edge,0.84,229.1,97.53,97.67,86.61,919.5,True,False,True,True,1,3.11,endpoint_late
6222,Rev4,4,W215,AE-3200,CH-A,EDG-09,Edge,0.84,261.8,98.6,94.27,90.58,935.7,True,True,True,True,1,2.74,
6223,Rev4,4,W215,AE-3200,CH-A,EDG-10,Edge,0.84,294.5,96.75,97.31,88.23,873.0,True,True,True,False,1,3.65,
6224,Rev4,4,W215,AE-3200,CH-A,EDG-11,Edge,0.84,327.3,102.61,96.21,92.87,994.2,False,True,True,True,1,5.22,
6225,Rev4,4,W215,AE-3200,CH-A,EXT-01,Extreme Edge,0.96,16.4,103.03,101.38,90.99,943.5,False,False,True,True,1,2.59,polymer_residue
6226,Rev4,4,W215,AE-3200,CH-A,EXT-02,Extreme Edge,0.96,49.1,98.09,94.08,98.64,969.0,True,True,False,True,0,0.0,
6227,Rev4,4,W215,AE-3200,CH-A,EXT-03,Extreme Edge,0.96,81.8,98.1,95.92,87.98,1035.8,True,True,True,True,1,2.45,esc_temp_drift
6228,Rev4,4,W215,AE-3200,CH-A,EXT-04,Extreme Edge,0.96,114.5,100.08,95.03,94.83,903.9,True,True,False,True,1,2.35,
6229,Rev4,4,W215,AE-3200,CH-A,EXT-05,Extreme Edge,0.96,147.3,98.56,97.33,97.9,922.6,True,True,False,True,0,0.0,
6230,Rev4,4,W215,AE-3200,CH-A,EXT-06,Extreme Edge,0.96,180.0,104.69,97.49,87.81,962.3,False,True,True,True,0,0.0,
6231,Rev4,4,W215,AE-3200,CH-A,EXT-07,Extreme Edge,0.96,212.7,97.9,96.72,85.53,1014.8,True,True,True,True,0,0.0,
6232,Rev4,4,W215,AE-3200,CH-A,EXT-08,Extreme Edge,0.96,245.5,100.68,91.43,88.85,876.7,True,True,True,False,0,0.0,
6233,Rev4,4,W215,AE-3200,CH-A,EXT-09,Extreme Edge,0.96,278.2,99.23,92.45,90.7,975.1,True,True,True,True,0,0.0,
6234,Rev4,4,W215,AE-3200,CH-A,EXT-10,Extreme Edge,0.96,310.9,100.47,101.56,91.29,920.9,True,False,True,True,1,4.77,polymer_residue
6235,Rev4,4,W215,AE-3200,CH-A,EXT-11,Extreme Edge,0.96,343.6,98.23,95.39,88.93,907.9,True,True,True,True,0,0.0,
6236,Rev6,6,W216,PX-7500,CH-C,C1,Center,0.0,0.0,98.15,95.17,83.33,976.9,True,True,True,True,0,0.0,
6237,Rev6,6,W216,PX-7500,CH-C,MID-01,Mid,0.52,30.0,98.04,93.27,81.45,1044.2,True,True,True,True,0,0.0,
6238,Rev6,6,W216,PX-7500,CH-C,MID-02,Mid,0.52,90.0,102.2,94.57,77.19,1069.3,False,True,False,True,0,0.0,
6239,Rev6,6,W216,PX-7500,CH-C,MID-03,Mid,0.52,150.0,100.2,96.96,79.55,971.3,True,True,True,True,0,0.0,
6240,Rev6,6,W216,PX-7500,CH-C,MID-04,Mid,0.52,210.0,98.24,96.97,85.01,1011.7,True,True,True,True,0,0.0,
6241,Rev6,6,W216,PX-7500,CH-C,MID-05,Mid,0.52,270.0,97.71,97.77,82.64,1032.8,True,False,True,True,0,0.0,
6242,Rev6,6,W216,PX-7500,CH-C,MID-06,Mid,0.52,330.0,97.79,89.01,84.63,1051.4,True,True,True,True,0,0.0,
6243,Rev6,6,W216,PX-7500,CH-C,EDG-01,Edge,0.84,0.0,99.87,94.05,89.7,1000.0,True,True,True,True,0,0.0,
6244,Rev6,6,W216,PX-7500,CH-C,EDG-02,Edge,0.84,32.7,100.6,91.92,86.03,994.8,True,True,True,True,1,3.9,
6245,Rev6,6,W216,PX-7500,CH-C,EDG-03,Edge,0.84,65.5,100.73,95.71,85.6,1072.9,True,True,True,True,0,0.0,
6246,Rev6,6,W216,PX-7500,CH-C,EDG-04,Edge,0.84,98.2,103.12,98.16,82.41,1074.3,False,False,True,True,3,13.51,
6247,Rev6,6,W216,PX-7500,CH-C,EDG-05,Edge,0.84,130.9,103.6,95.97,88.78,959.4,False,True,True,True,0,0.0,
6248,Rev6,6,W216,PX-7500,CH-C,EDG-06,Edge,0.84,163.6,101.34,96.51,93.56,1031.7,False,True,True,True,1,2.95,polymer_residue
6249,Rev6,6,W216,PX-7500,CH-C,EDG-07,Edge,0.84,196.4,101.37,94.52,89.27,1041.0,False,True,True,True,0,0.0,
6250,Rev6,6,W216,PX-7500,CH-C,EDG-08,Edge,0.84,229.1,97.25,92.49,85.81,970.3,True,True,True,True,0,0.0,
6251,Rev6,6,W216,PX-7500,CH-C,EDG-09,Edge,0.84,261.8,103.93,99.71,87.63,1106.4,False,False,True,False,1,6.05,polymer_residue
6252,Rev6,6,W216,PX-7500,CH-C,EDG-10,Edge,0.84,294.5,99.87,92.79,83.4,1012.7,True,True,True,True,0,0.0,
6253,Rev6,6,W216,PX-7500,CH-C,EDG-11,Edge,0.84,327.3,100.01,93.09,90.85,1086.1,True,True,True,True,0,0.0,
6254,Rev6,6,W216,PX-7500,CH-C,EXT-01,Extreme Edge,0.96,16.4,99.71,95.93,82.43,927.0,True,True,True,True,0,0.0,
6255,Rev6,6,W216,PX-7500,CH-C,EXT-02,Extreme Edge,0.96,49.1,104.25,97.89,86.56,917.9,False,False,True,True,0,0.0,
6256,Rev6,6,W216,PX-7500,CH-C,EXT-03,Extreme Edge,0.96,81.8,102.68,95.35,89.97,1116.4,False,True,True,False,0,0.0,
6257,Rev6,6,W216,PX-7500,CH-C,EXT-04,Extreme Edge,0.96,114.5,100.31,95.45,79.77,1110.3,True,True,True,False,0,0.0,
6258,Rev6,6,W216,PX-7500,CH-C,EXT-05,Extreme Edge,0.96,147.3,101.19,98.08,81.74,973.0,False,False,True,True,0,0.0,
6259,Rev6,6,W216,PX-7500,CH-C,EXT-06,Extreme Edge,0.96,180.0,101.2,92.33,87.14,970.6,False,True,True,True,0,0.0,
6260,Rev6,6,W216,PX-7500,CH-C,EXT-07,Extreme Edge,0.96,212.7,106.04,96.25,79.45,1039.1,False,True,True,True,0,0.0,
6261,Rev6,6,W216,PX-7500,CH-C,EXT-08,Extreme Edge,0.96,245.5,102.2,97.8,86.82,1067.9,False,False,True,True,2,12.74,
6262,Rev6,6,W216,PX-7500,CH-C,EXT-09,Extreme Edge,0.96,278.2,98.67,96.43,86.9,993.5,True,True,True,True,1,3.99,arc_event
6263,Rev6,6,W216,PX-7500,CH-C,EXT-10,Extreme Edge,0.96,310.9,104.24,98.76,85.42,1020.6,False,False,True,True,1,2.4,
6264,Rev6,6,W216,PX-7500,CH-C,EXT-11,Extreme Edge,0.96,343.6,102.68,91.81,88.12,1078.7,False,True,True,True,1,5.38,
6265,Rev4,4,W217,AE-3200,CH-A,C1,Center,0.0,0.0,99.28,92.94,84.58,949.0,True,True,True,True,0,0.0,
6266,Rev4,4,W217,AE-3200,CH-A,MID-01,Mid,0.52,30.0,96.95,93.23,88.61,915.5,True,True,True,True,1,2.64,polymer_residue
6267,Rev4,4,W217,AE-3200,CH-A,MID-02,Mid,0.52,90.0,99.42,90.22,85.61,941.5,True,True,True,True,1,5.69,
6268,Rev4,4,W217,AE-3200,CH-A,MID-03,Mid,0.52,150.0,101.58,93.35,90.3,1071.6,False,True,True,True,2,9.54,polymer_residue
6269,Rev4,4,W217,AE-3200,CH-A,MID-04,Mid,0.52,210.0,98.45,97.26,83.54,1017.8,True,True,True,True,0,0.0,
6270,Rev4,4,W217,AE-3200,CH-A,MID-05,Mid,0.52,270.0,101.16,94.63,89.54,933.4,False,True,True,True,0,0.0,
6271,Rev4,4,W217,AE-3200,CH-A,MID-06,Mid,0.52,330.0,97.8,94.63,82.97,1046.2,True,True,True,True,1,1.94,
6272,Rev4,4,W217,AE-3200,CH-A,EDG-01,Edge,0.84,0.0,102.13,93.04,84.94,923.5,False,True,True,True,0,0.0,
6273,Rev4,4,W217,AE-3200,CH-A,EDG-02,Edge,0.84,32.7,99.21,95.51,93.64,1047.6,True,True,True,True,1,2.89,polymer_residue
6274,Rev4,4,W217,AE-3200,CH-A,EDG-03,Edge,0.84,65.5,103.48,97.96,91.19,1030.7,False,False,True,True,0,0.0,
6275,Rev4,4,W217,AE-3200,CH-A,EDG-04,Edge,0.84,98.2,99.45,100.5,79.05,918.2,True,False,True,True,0,0.0,
6276,Rev4,4,W217,AE-3200,CH-A,EDG-05,Edge,0.84,130.9,99.44,96.48,89.91,962.4,True,True,True,True,1,4.92,
6277,Rev4,4,W217,AE-3200,CH-A,EDG-06,Edge,0.84,163.6,101.09,95.81,90.79,944.2,False,True,True,True,0,0.0,
6278,Rev4,4,W217,AE-3200,CH-A,EDG-07,Edge,0.84,196.4,98.79,93.89,84.37,895.6,True,True,True,True,1,5.47,polymer_residue
6279,Rev4,4,W217,AE-3200,CH-A,EDG-08,Edge,0.84,229.1,102.67,96.79,92.93,930.8,False,True,True,True,1,2.52,
6280,Rev4,4,W217,AE-3200,CH-A,EDG-09,Edge,0.84,261.8,99.63,95.49,85.94,984.2,True,True,True,True,0,0.0,
6281,Rev4,4,W217,AE-3200,CH-A,EDG-10,Edge,0.84,294.5,101.18,93.74,96.92,1022.7,False,True,False,True,0,0.0,
6282,Rev4,4,W217,AE-3200,CH-A,EDG-11,Edge,0.84,327.3,97.93,98.4,82.67,1065.5,True,False,True,True,0,0.0,
6283,Rev4,4,W217,AE-3200,CH-A,EXT-01,Extreme Edge,0.96,16.4,100.19,96.55,84.2,961.0,True,True,True,True,0,0.0,
6284,Rev4,4,W217,AE-3200,CH-A,EXT-02,Extreme Edge,0.96,49.1,103.5,96.04,86.28,927.5,False,True,True,True,1,3.19,
6285,Rev4,4,W217,AE-3200,CH-A,EXT-03,Extreme Edge,0.96,81.8,104.13,101.74,94.68,964.2,False,False,False,True,3,15.84,polymer_residue
6286,Rev4,4,W217,AE-3200,CH-A,EXT-04,Extreme Edge,0.96,114.5,100.37,98.89,87.3,1035.3,True,False,True,True,2,8.56,
6287,Rev4,4,W217,AE-3200,CH-A,EXT-05,Extreme Edge,0.96,147.3,103.73,95.98,92.09,985.5,False,True,True,True,0,0.0,
6288,Rev4,4,W217,AE-3200,CH-A,EXT-06,Extreme Edge,0.96,180.0,102.36,98.45,97.65,909.1,False,False,False,True,1,5.15,arc_event
6289,Rev4,4,W217,AE-3200,CH-A,EXT-07,Extreme Edge,0.96,212.7,102.33,100.66,86.95,997.2,False,False,True,True,0,0.0,
6290,Rev4,4,W217,AE-3200,CH-A,EXT-08,Extreme Edge,0.96,245.5,100.68,97.66,83.16,1048.5,True,False,True,True,1,4.22,
6291,Rev4,4,W217,AE-3200,CH-A,EXT-09,Extreme Edge,0.96,278.2,101.74,92.64,96.88,989.2,False,True,False,True,2,3.94,
6292,Rev4,4,W217,AE-3200,CH-A,EXT-10,Extreme Edge,0.96,310.9,99.57,97.6,89.98,905.1,True,True,True,True,1,3.61,
6293,Rev4,4,W217,AE-3200,CH-A,EXT-11,Extreme Edge,0.96,343.6,101.4,96.77,86.12,900.2,False,True,True,True,0,0.0,
6294,Rev4,4,W218,AE-3200,CH-A,C1,Center,0.0,0.0,94.84,93.91,81.55,954.3,True,True,True,True,0,0.0,
6295,Rev4,4,W218,AE-3200,CH-A,MID-01,Mid,0.52,30.0,95.04,95.4,83.73,872.6,True,True,True,False,0,0.0,
6296,Rev4,4,W218,AE-3200,CH-A,MID-02,Mid,0.52,90.0,95.7,98.62,81.92,1009.4,True,False,True,True,0,0.0,
6297,Rev4,4,W218,AE-3200,CH-A,MID-03,Mid,0.52,150.0,97.29,93.82,90.16,944.0,True,True,True,True,1,4.83,esc_temp_drift
6298,Rev4,4,W218,AE-3200,CH-A,MID-04,Mid,0.52,210.0,93.99,94.29,89.74,984.9,True,True,True,True,0,0.0,
6299,Rev4,4,W218,AE-3200,CH-A,MID-05,Mid,0.52,270.0,94.12,91.78,77.3,1035.0,True,True,False,True,1,1.92,
6300,Rev4,4,W218,AE-3200,CH-A,MID-06,Mid,0.52,330.0,98.39,94.27,87.12,954.3,True,True,True,True,0,0.0,
6301,Rev4,4,W218,AE-3200,CH-A,EDG-01,Edge,0.84,0.0,98.17,96.48,83.52,946.3,True,True,True,True,1,5.05,
6302,Rev4,4,W218,AE-3200,CH-A,EDG-02,Edge,0.84,32.7,94.08,98.35,93.28,1064.2,True,False,True,True,0,0.0,
6303,Rev4,4,W218,AE-3200,CH-A,EDG-03,Edge,0.84,65.5,98.2,97.28,83.71,1022.4,True,True,True,True,0,0.0,
6304,Rev4,4,W218,AE-3200,CH-A,EDG-04,Edge,0.84,98.2,98.54,99.2,91.65,963.4,True,False,True,True,0,0.0,
6305,Rev4,4,W218,AE-3200,CH-A,EDG-05,Edge,0.84,130.9,97.24,94.58,91.57,1004.9,True,True,True,True,0,0.0,
6306,Rev4,4,W218,AE-3200,CH-A,EDG-06,Edge,0.84,163.6,96.07,101.63,84.25,898.4,True,False,True,True,1,4.98,
6307,Rev4,4,W218,AE-3200,CH-A,EDG-07,Edge,0.84,196.4,96.95,97.64,94.63,866.8,True,False,False,False,0,0.0,
6308,Rev4,4,W218,AE-3200,CH-A,EDG-08,Edge,0.84,229.1,97.05,97.61,91.69,888.9,True,False,True,True,0,0.0,
6309,Rev4,4,W218,AE-3200,CH-A,EDG-09,Edge,0.84,261.8,97.9,99.51,85.23,854.0,True,False,True,False,0,0.0,
6310,Rev4,4,W218,AE-3200,CH-A,EDG-10,Edge,0.84,294.5,95.65,101.9,91.52,1058.8,True,False,True,True,0,0.0,
6311,Rev4,4,W218,AE-3200,CH-A,EDG-11,Edge,0.84,327.3,96.74,99.29,83.1,926.6,True,False,True,True,0,0.0,
6312,Rev4,4,W218,AE-3200,CH-A,EXT-01,Extreme Edge,0.96,16.4,101.56,100.86,97.32,997.8,False,False,False,True,1,2.86,
6313,Rev4,4,W218,AE-3200,CH-A,EXT-02,Extreme Edge,0.96,49.1,98.55,99.69,88.37,968.9,True,False,True,True,0,0.0,
6314,Rev4,4,W218,AE-3200,CH-A,EXT-03,Extreme Edge,0.96,81.8,102.81,99.5,93.19,907.0,False,False,True,True,2,12.27,esc_temp_drift
6315,Rev4,4,W218,AE-3200,CH-A,EXT-04,Extreme Edge,0.96,114.5,98.69,97.27,95.23,1032.7,True,True,False,True,2,8.22,polymer_residue
6316,Rev4,4,W218,AE-3200,CH-A,EXT-05,Extreme Edge,0.96,147.3,100.36,94.34,87.98,964.7,True,True,True,True,1,1.88,polymer_residue
6317,Rev4,4,W218,AE-3200,CH-A,EXT-06,Extreme Edge,0.96,180.0,95.3,99.41,94.02,980.0,True,False,True,True,0,0.0,
6318,Rev4,4,W218,AE-3200,CH-A,EXT-07,Extreme Edge,0.96,212.7,99.14,97.99,89.45,909.1,True,False,True,True,0,0.0,
6319,Rev4,4,W218,AE-3200,CH-A,EXT-08,Extreme Edge,0.96,245.5,99.24,96.64,92.23,913.8,True,True,True,True,1,6.09,polymer_residue
6320,Rev4,4,W218,AE-3200,CH-A,EXT-09,Extreme Edge,0.96,278.2,98.85,97.08,88.6,1032.7,True,True,True,True,1,3.1,
6321,Rev4,4,W218,AE-3200,CH-A,EXT-10,Extreme Edge,0.96,310.9,95.5,98.35,91.72,963.9,True,False,True,True,0,0.0,
6322,Rev4,4,W218,AE-3200,CH-A,EXT-11,Extreme Edge,0.96,343.6,99.47,96.94,93.21,963.2,True,True,True,True,0,0.0,
6323,Rev11,11,W219,PX-7500,CH-D,C1,Center,0.0,0.0,99.96,93.34,98.74,1033.1,True,True,False,True,1,4.07,
6324,Rev11,11,W219,PX-7500,CH-D,MID-01,Mid,0.52,30.0,96.63,91.8,92.67,1054.0,True,True,True,True,0,0.0,
6325,Rev11,11,W219,PX-7500,CH-D,MID-02,Mid,0.52,90.0,98.4,89.57,92.3,1094.9,True,True,True,False,0,0.0,
6326,Rev11,11,W219,PX-7500,CH-D,MID-03,Mid,0.52,150.0,99.81,94.23,88.7,1075.3,True,True,True,True,0,0.0,
6327,Rev11,11,W219,PX-7500,CH-D,MID-04,Mid,0.52,210.0,98.03,90.26,90.27,948.4,True,True,True,True,0,0.0,
6328,Rev11,11,W219,PX-7500,CH-D,MID-05,Mid,0.52,270.0,98.54,93.07,90.83,1070.8,True,True,True,True,0,0.0,
6329,Rev11,11,W219,PX-7500,CH-D,MID-06,Mid,0.52,330.0,95.31,89.2,102.37,1090.1,True,True,False,False,0,0.0,
6330,Rev11,11,W219,PX-7500,CH-D,EDG-01,Edge,0.84,0.0,99.92,96.51,92.32,1030.3,True,True,True,True,1,2.39,
6331,Rev11,11,W219,PX-7500,CH-D,EDG-02,Edge,0.84,32.7,100.59,94.88,96.09,1103.1,True,True,False,False,0,0.0,
6332,Rev11,11,W219,PX-7500,CH-D,EDG-03,Edge,0.84,65.5,100.92,96.91,92.58,1117.3,False,True,True,False,1,2.75,
6333,Rev11,11,W219,PX-7500,CH-D,EDG-04,Edge,0.84,98.2,97.79,96.64,91.53,933.2,True,True,True,True,0,0.0,
6334,Rev11,11,W219,PX-7500,CH-D,EDG-05,Edge,0.84,130.9,99.87,96.86,94.44,1117.1,True,True,True,False,0,0.0,
6335,Rev11,11,W219,PX-7500,CH-D,EDG-06,Edge,0.84,163.6,102.37,94.52,92.95,1149.0,False,True,True,False,1,5.41,
6336,Rev11,11,W219,PX-7500,CH-D,EDG-07,Edge,0.84,196.4,96.48,92.51,98.26,1130.5,True,True,False,False,0,0.0,
6337,Rev11,11,W219,PX-7500,CH-D,EDG-08,Edge,0.84,229.1,99.61,91.7,98.1,1074.3,True,True,False,True,1,5.17,arc_event
6338,Rev11,11,W219,PX-7500,CH-D,EDG-09,Edge,0.84,261.8,102.51,93.46,88.02,974.5,False,True,True,True,1,3.0,
6339,Rev11,11,W219,PX-7500,CH-D,EDG-10,Edge,0.84,294.5,102.54,92.32,93.72,1140.5,False,True,True,False,1,4.85,
6340,Rev11,11,W219,PX-7500,CH-D,EDG-11,Edge,0.84,327.3,101.38,96.63,94.36,1100.8,False,True,True,False,0,0.0,
6341,Rev11,11,W219,PX-7500,CH-D,EXT-01,Extreme Edge,0.96,16.4,99.34,93.93,88.75,1064.0,True,True,True,True,1,1.93,
6342,Rev11,11,W219,PX-7500,CH-D,EXT-02,Extreme Edge,0.96,49.1,98.95,94.06,95.62,1051.7,True,True,False,True,2,4.55,polymer_residue
6343,Rev11,11,W219,PX-7500,CH-D,EXT-03,Extreme Edge,0.96,81.8,101.66,95.59,100.33,1136.8,False,True,False,False,1,3.84,
6344,Rev11,11,W219,PX-7500,CH-D,EXT-04,Extreme Edge,0.96,114.5,101.12,96.36,97.32,1103.6,False,True,False,False,0,0.0,
6345,Rev11,11,W219,PX-7500,CH-D,EXT-05,Extreme Edge,0.96,147.3,99.92,100.14,97.93,1084.4,True,False,False,True,0,0.0,
6346,Rev11,11,W219,PX-7500,CH-D,EXT-06,Extreme Edge,0.96,180.0,100.03,95.17,95.01,1049.9,True,True,False,True,1,2.9,pressure_spike
6347,Rev11,11,W219,PX-7500,CH-D,EXT-07,Extreme Edge,0.96,212.7,101.49,97.79,94.08,1056.9,False,False,True,True,1,3.54,polymer_residue
6348,Rev11,11,W219,PX-7500,CH-D,EXT-08,Extreme Edge,0.96,245.5,99.07,99.62,97.12,1018.6,True,False,False,True,2,8.88,polymer_residue
6349,Rev11,11,W219,PX-7500,CH-D,EXT-09,Extreme Edge,0.96,278.2,101.81,96.45,97.34,1070.1,False,True,False,True,0,0.0,
6350,Rev11,11,W219,PX-7500,CH-D,EXT-10,Extreme Edge,0.96,310.9,101.33,92.41,98.91,1060.9,False,True,False,True,0,0.0,
6351,Rev11,11,W219,PX-7500,CH-D,EXT-11,Extreme Edge,0.96,343.6,102.47,93.1,91.15,1085.4,False,True,True,True,2,11.9,
6352,Rev5,5,W220,AE-3200,CH-B,C1,Center,0.0,0.0,98.58,89.64,79.37,813.2,True,True,True,False,0,0.0,
6353,Rev5,5,W220,AE-3200,CH-B,MID-01,Mid,0.52,30.0,97.09,94.27,90.01,1024.1,True,True,True,True,0,0.0,
6354,Rev5,5,W220,AE-3200,CH-B,MID-02,Mid,0.52,90.0,97.59,88.71,86.71,1003.3,True,True,True,True,0,0.0,
6355,Rev5,5,W220,AE-3200,CH-B,MID-03,Mid,0.52,150.0,98.2,91.29,86.29,1010.2,True,True,True,True,0,0.0,
6356,Rev5,5,W220,AE-3200,CH-B,MID-04,Mid,0.52,210.0,99.54,91.8,84.11,1008.3,True,True,True,True,0,0.0,
6357,Rev5,5,W220,AE-3200,CH-B,MID-05,Mid,0.52,270.0,98.48,90.17,81.15,1046.4,True,True,True,True,0,0.0,
6358,Rev5,5,W220,AE-3200,CH-B,MID-06,Mid,0.52,330.0,99.79,86.31,82.84,1008.6,True,False,True,True,0,0.0,
6359,Rev5,5,W220,AE-3200,CH-B,EDG-01,Edge,0.84,0.0,101.62,94.04,85.94,1016.1,False,True,True,True,1,1.86,arc_event
6360,Rev5,5,W220,AE-3200,CH-B,EDG-02,Edge,0.84,32.7,101.59,97.54,92.13,1063.0,False,True,True,True,2,7.9,
6361,Rev5,5,W220,AE-3200,CH-B,EDG-03,Edge,0.84,65.5,100.13,90.76,94.33,1043.1,True,True,True,True,0,0.0,
6362,Rev5,5,W220,AE-3200,CH-B,EDG-04,Edge,0.84,98.2,101.73,88.82,85.87,1016.4,False,True,True,True,0,0.0,
6363,Rev5,5,W220,AE-3200,CH-B,EDG-05,Edge,0.84,130.9,102.82,92.84,91.76,1128.9,False,True,True,False,0,0.0,
6364,Rev5,5,W220,AE-3200,CH-B,EDG-06,Edge,0.84,163.6,97.71,92.56,84.84,917.8,True,True,True,True,0,0.0,
6365,Rev5,5,W220,AE-3200,CH-B,EDG-07,Edge,0.84,196.4,97.61,93.85,87.33,1053.4,True,True,True,True,0,0.0,
6366,Rev5,5,W220,AE-3200,CH-B,EDG-08,Edge,0.84,229.1,97.24,91.37,81.93,994.7,True,True,True,True,1,5.5,
6367,Rev5,5,W220,AE-3200,CH-B,EDG-09,Edge,0.84,261.8,101.43,91.32,86.97,1007.8,False,True,True,True,1,6.41,polymer_residue
6368,Rev5,5,W220,AE-3200,CH-B,EDG-10,Edge,0.84,294.5,98.0,92.7,88.61,1021.3,True,True,True,True,0,0.0,
6369,Rev5,5,W220,AE-3200,CH-B,EDG-11,Edge,0.84,327.3,102.05,90.95,78.75,1019.5,False,True,True,True,0,0.0,
6370,Rev5,5,W220,AE-3200,CH-B,EXT-01,Extreme Edge,0.96,16.4,99.15,93.25,89.44,924.2,True,True,True,True,0,0.0,
6371,Rev5,5,W220,AE-3200,CH-B,EXT-02,Extreme Edge,0.96,49.1,100.83,94.16,88.92,1103.4,False,True,True,False,1,4.63,endpoint_late
6372,Rev5,5,W220,AE-3200,CH-B,EXT-03,Extreme Edge,0.96,81.8,102.01,95.66,86.57,1046.7,False,True,True,True,0,0.0,
6373,Rev5,5,W220,AE-3200,CH-B,EXT-04,Extreme Edge,0.96,114.5,100.71,91.52,85.28,933.4,True,True,True,True,0,0.0,
6374,Rev5,5,W220,AE-3200,CH-B,EXT-05,Extreme Edge,0.96,147.3,99.44,91.76,87.19,1042.3,True,True,True,True,0,0.0,
6375,Rev5,5,W220,AE-3200,CH-B,EXT-06,Extreme Edge,0.96,180.0,104.8,90.84,90.79,1007.2,False,True,True,True,0,0.0,
6376,Rev5,5,W220,AE-3200,CH-B,EXT-07,Extreme Edge,0.96,212.7,102.29,94.33,89.06,1066.7,False,True,True,True,0,0.0,
6377,Rev5,5,W220,AE-3200,CH-B,EXT-08,Extreme Edge,0.96,245.5,102.89,93.05,92.63,1056.1,False,True,True,True,1,2.92,
6378,Rev5,5,W220,AE-3200,CH-B,EXT-09,Extreme Edge,0.96,278.2,104.07,93.47,88.0,1059.5,False,True,True,True,0,0.0,
6379,Rev5,5,W220,AE-3200,CH-B,EXT-10,Extreme Edge,0.96,310.9,100.45,95.28,87.73,1064.4,True,True,True,True,0,0.0,
6380,Rev5,5,W220,AE-3200,CH-B,EXT-11,Extreme Edge,0.96,343.6,103.7,91.83,88.31,1120.7,False,True,True,False,0,0.0,
6381,Rev5,5,W221,AE-3200,CH-B,C1,Center,0.0,0.0,94.86,92.0,84.0,959.6,True,True,True,True,0,0.0,
6382,Rev5,5,W221,AE-3200,CH-B,MID-01,Mid,0.52,30.0,99.66,99.17,84.3,947.3,True,False,True,True,0,0.0,
6383,Rev5,5,W221,AE-3200,CH-B,MID-02,Mid,0.52,90.0,97.28,92.27,82.99,1035.8,True,True,True,True,0,0.0,
6384,Rev5,5,W221,AE-3200,CH-B,MID-03,Mid,0.52,150.0,101.46,97.1,85.6,1031.1,False,True,True,True,0,0.0,
6385,Rev5,5,W221,AE-3200,CH-B,MID-04,Mid,0.52,210.0,97.95,91.35,81.99,1051.2,True,True,True,True,0,0.0,
6386,Rev5,5,W221,AE-3200,CH-B,MID-05,Mid,0.52,270.0,99.29,89.89,80.91,1002.6,True,True,True,True,0,0.0,
6387,Rev5,5,W221,AE-3200,CH-B,MID-06,Mid,0.52,330.0,97.12,95.44,87.48,917.7,True,True,True,True,1,3.11,
6388,Rev5,5,W221,AE-3200,CH-B,EDG-01,Edge,0.84,0.0,100.09,92.9,78.56,969.0,True,True,True,True,1,2.11,
6389,Rev5,5,W221,AE-3200,CH-B,EDG-02,Edge,0.84,32.7,99.56,92.49,79.84,925.9,True,True,True,True,0,0.0,
6390,Rev5,5,W221,AE-3200,CH-B,EDG-03,Edge,0.84,65.5,98.87,91.74,81.31,1090.9,True,True,True,False,1,3.22,pressure_spike
6391,Rev5,5,W221,AE-3200,CH-B,EDG-04,Edge,0.84,98.2,98.06,97.14,83.93,945.3,True,True,True,True,0,0.0,
6392,Rev5,5,W221,AE-3200,CH-B,EDG-05,Edge,0.84,130.9,100.72,94.22,89.37,1030.0,True,True,True,True,0,0.0,
6393,Rev5,5,W221,AE-3200,CH-B,EDG-06,Edge,0.84,163.6,98.1,98.09,86.47,911.1,True,False,True,True,1,4.36,polymer_residue
6394,Rev5,5,W221,AE-3200,CH-B,EDG-07,Edge,0.84,196.4,102.04,95.65,86.67,973.5,False,True,True,True,0,0.0,
6395,Rev5,5,W221,AE-3200,CH-B,EDG-08,Edge,0.84,229.1,97.45,94.47,93.1,983.9,True,True,True,True,0,0.0,
6396,Rev5,5,W221,AE-3200,CH-B,EDG-09,Edge,0.84,261.8,101.96,90.51,88.35,940.5,False,True,True,True,0,0.0,
6397,Rev5,5,W221,AE-3200,CH-B,EDG-10,Edge,0.84,294.5,101.34,93.86,81.48,1027.9,False,True,True,True,2,6.95,polymer_residue
6398,Rev5,5,W221,AE-3200,CH-B,EDG-11,Edge,0.84,327.3,103.0,92.54,83.71,1126.1,False,True,True,False,1,2.31,
6399,Rev5,5,W221,AE-3200,CH-B,EXT-01,Extreme Edge,0.96,16.4,100.41,96.89,86.4,1012.4,True,True,True,True,0,0.0,
6400,Rev5,5,W221,AE-3200,CH-B,EXT-02,Extreme Edge,0.96,49.1,102.15,95.31,90.27,1115.0,False,True,True,False,2,12.1,pressure_spike
6401,Rev5,5,W221,AE-3200,CH-B,EXT-03,Extreme Edge,0.96,81.8,100.62,97.57,84.63,955.0,True,True,True,True,0,0.0,
6402,Rev5,5,W221,AE-3200,CH-B,EXT-04,Extreme Edge,0.96,114.5,98.76,94.51,80.24,969.2,True,True,True,True,0,0.0,
6403,Rev5,5,W221,AE-3200,CH-B,EXT-05,Extreme Edge,0.96,147.3,98.5,96.63,87.31,1012.1,True,True,True,True,0,0.0,
6404,Rev5,5,W221,AE-3200,CH-B,EXT-06,Extreme Edge,0.96,180.0,102.8,95.79,86.11,1060.7,False,True,True,True,1,5.65,
6405,Rev5,5,W221,AE-3200,CH-B,EXT-07,Extreme Edge,0.96,212.7,100.42,92.19,90.89,1070.3,True,True,True,True,0,0.0,
6406,Rev5,5,W221,AE-3200,CH-B,EXT-08,Extreme Edge,0.96,245.5,101.6,95.38,83.09,1026.9,False,True,True,True,2,12.85,
6407,Rev5,5,W221,AE-3200,CH-B,EXT-09,Extreme Edge,0.96,278.2,105.97,96.17,84.11,946.8,False,True,True,True,0,0.0,
6408,Rev5,5,W221,AE-3200,CH-B,EXT-10,Extreme Edge,0.96,310.9,98.79,93.97,83.85,1056.3,True,True,True,True,0,0.0,
6409,Rev5,5,W221,AE-3200,CH-B,EXT-11,Extreme Edge,0.96,343.6,97.53,90.41,91.82,1121.7,True,True,True,False,1,2.99,pressure_spike
6410,Rev6,6,W222,PX-7500,CH-C,C1,Center,0.0,0.0,97.64,94.71,84.42,954.3,True,True,True,True,0,0.0,
6411,Rev6,6,W222,PX-7500,CH-C,MID-01,Mid,0.52,30.0,96.19,93.26,83.19,925.9,True,True,True,True,1,2.83,
6412,Rev6,6,W222,PX-7500,CH-C,MID-02,Mid,0.52,90.0,96.53,98.95,92.44,968.2,True,False,True,True,0,0.0,
6413,Rev6,6,W222,PX-7500,CH-C,MID-03,Mid,0.52,150.0,95.96,94.72,85.69,984.5,True,True,True,True,0,0.0,
6414,Rev6,6,W222,PX-7500,CH-C,MID-04,Mid,0.52,210.0,97.21,95.98,81.54,1022.9,True,True,True,True,0,0.0,
6415,Rev6,6,W222,PX-7500,CH-C,MID-05,Mid,0.52,270.0,97.37,97.2,82.5,986.9,True,True,True,True,0,0.0,
6416,Rev6,6,W222,PX-7500,CH-C,MID-06,Mid,0.52,330.0,97.69,97.93,90.66,870.0,True,False,True,False,1,4.81,
6417,Rev6,6,W222,PX-7500,CH-C,EDG-01,Edge,0.84,0.0,98.75,97.7,93.83,1169.0,True,False,True,False,2,5.99,polymer_residue
6418,Rev6,6,W222,PX-7500,CH-C,EDG-02,Edge,0.84,32.7,95.45,96.95,89.43,1053.9,True,True,True,True,0,0.0,
6419,Rev6,6,W222,PX-7500,CH-C,EDG-03,Edge,0.84,65.5,97.36,97.59,86.82,1142.6,True,True,True,False,0,0.0,
6420,Rev6,6,W222,PX-7500,CH-C,EDG-04,Edge,0.84,98.2,98.6,98.11,89.68,1164.4,True,False,True,False,0,0.0,
6421,Rev6,6,W222,PX-7500,CH-C,EDG-05,Edge,0.84,130.9,100.46,93.44,89.26,943.0,True,True,True,True,0,0.0,
6422,Rev6,6,W222,PX-7500,CH-C,EDG-06,Edge,0.84,163.6,98.39,96.19,94.22,1032.9,True,True,True,True,0,0.0,
6423,Rev6,6,W222,PX-7500,CH-C,EDG-07,Edge,0.84,196.4,101.22,97.04,85.79,1087.4,False,True,True,True,1,2.71,arc_event
6424,Rev6,6,W222,PX-7500,CH-C,EDG-08,Edge,0.84,229.1,97.91,97.81,89.47,957.0,True,False,True,True,1,5.83,
6425,Rev6,6,W222,PX-7500,CH-C,EDG-09,Edge,0.84,261.8,100.21,95.34,85.75,978.6,True,True,True,True,2,9.64,polymer_residue
6426,Rev6,6,W222,PX-7500,CH-C,EDG-10,Edge,0.84,294.5,100.72,98.3,87.81,1088.6,True,False,True,True,0,0.0,
6427,Rev6,6,W222,PX-7500,CH-C,EDG-11,Edge,0.84,327.3,99.32,94.72,96.31,962.9,True,True,False,True,2,11.32,
6428,Rev6,6,W222,PX-7500,CH-C,EXT-01,Extreme Edge,0.96,16.4,101.24,98.26,98.25,1093.0,False,False,False,False,0,0.0,
6429,Rev6,6,W222,PX-7500,CH-C,EXT-02,Extreme Edge,0.96,49.1,101.53,97.5,91.98,1108.3,False,True,True,False,0,0.0,
6430,Rev6,6,W222,PX-7500,CH-C,EXT-03,Extreme Edge,0.96,81.8,100.42,97.35,87.92,1029.8,True,True,True,True,1,6.27,
6431,Rev6,6,W222,PX-7500,CH-C,EXT-04,Extreme Edge,0.96,114.5,103.57,97.92,89.0,1031.9,False,False,True,True,0,0.0,
6432,Rev6,6,W222,PX-7500,CH-C,EXT-05,Extreme Edge,0.96,147.3,98.97,101.48,89.69,1059.8,True,False,True,True,1,4.69,polymer_residue
6433,Rev6,6,W222,PX-7500,CH-C,EXT-06,Extreme Edge,0.96,180.0,98.75,94.14,93.54,1015.5,True,True,True,True,0,0.0,
6434,Rev6,6,W222,PX-7500,CH-C,EXT-07,Extreme Edge,0.96,212.7,101.75,97.95,87.26,1039.5,False,False,True,True,0,0.0,
6435,Rev6,6,W222,PX-7500,CH-C,EXT-08,Extreme Edge,0.96,245.5,102.53,103.62,84.52,1045.7,False,False,True,True,1,3.94,
6436,Rev6,6,W222,PX-7500,CH-C,EXT-09,Extreme Edge,0.96,278.2,101.46,95.24,89.3,920.8,False,True,True,True,0,0.0,
6437,Rev6,6,W222,PX-7500,CH-C,EXT-10,Extreme Edge,0.96,310.9,100.22,94.02,84.86,1096.4,True,True,True,False,1,3.56,esc_temp_drift
6438,Rev6,6,W222,PX-7500,CH-C,EXT-11,Extreme Edge,0.96,343.6,101.26,97.55,91.06,1117.6,False,True,True,False,1,2.01,polymer_residue
6439,Rev9,9,W223,AE-3200,CH-B,C1,Center,0.0,0.0,97.42,90.35,93.91,1066.1,True,True,True,True,0,0.0,
6440,Rev9,9,W223,AE-3200,CH-B,MID-01,Mid,0.52,30.0,99.39,88.96,95.76,1143.7,True,True,False,False,0,0.0,
6441,Rev9,9,W223,AE-3200,CH-B,MID-02,Mid,0.52,90.0,98.23,91.79,92.36,1200.6,True,True,True,False,0,0.0,
6442,Rev9,9,W223,AE-3200,CH-B,MID-03,Mid,0.52,150.0,99.59,88.13,93.65,1140.2,True,True,True,False,0,0.0,
6443,Rev9,9,W223,AE-3200,CH-B,MID-04,Mid,0.52,210.0,95.65,91.79,89.76,996.1,True,True,True,True,1,5.63,
6444,Rev9,9,W223,AE-3200,CH-B,MID-05,Mid,0.52,270.0,97.75,87.0,99.88,943.4,True,True,False,True,0,0.0,
6445,Rev9,9,W223,AE-3200,CH-B,MID-06,Mid,0.52,330.0,96.48,85.91,97.5,1039.2,True,False,False,True,1,5.45,
6446,Rev9,9,W223,AE-3200,CH-B,EDG-01,Edge,0.84,0.0,99.81,92.56,93.6,995.1,True,True,True,True,0,0.0,
6447,Rev9,9,W223,AE-3200,CH-B,EDG-02,Edge,0.84,32.7,99.35,91.47,97.96,1139.9,True,True,False,False,0,0.0,
6448,Rev9,9,W223,AE-3200,CH-B,EDG-03,Edge,0.84,65.5,100.38,90.79,93.11,990.5,True,True,True,True,1,4.79,
6449,Rev9,9,W223,AE-3200,CH-B,EDG-04,Edge,0.84,98.2,100.02,89.69,91.64,1065.1,True,True,True,True,0,0.0,
6450,Rev9,9,W223,AE-3200,CH-B,EDG-05,Edge,0.84,130.9,99.62,88.8,86.23,1187.0,True,True,True,False,0,0.0,
6451,Rev9,9,W223,AE-3200,CH-B,EDG-06,Edge,0.84,163.6,98.74,91.33,106.73,1149.6,True,True,False,False,0,0.0,
6452,Rev9,9,W223,AE-3200,CH-B,EDG-07,Edge,0.84,196.4,104.63,90.33,93.62,1153.1,False,True,True,False,0,0.0,
6453,Rev9,9,W223,AE-3200,CH-B,EDG-08,Edge,0.84,229.1,102.9,91.84,93.11,1051.8,False,True,True,True,0,0.0,
6454,Rev9,9,W223,AE-3200,CH-B,EDG-09,Edge,0.84,261.8,100.4,89.32,98.85,1187.9,True,True,False,False,0,0.0,
6455,Rev9,9,W223,AE-3200,CH-B,EDG-10,Edge,0.84,294.5,100.79,93.15,99.03,1082.0,True,True,False,True,0,0.0,
6456,Rev9,9,W223,AE-3200,CH-B,EDG-11,Edge,0.84,327.3,98.0,88.77,103.14,1069.9,True,True,False,True,2,11.06,
6457,Rev9,9,W223,AE-3200,CH-B,EXT-01,Extreme Edge,0.96,16.4,103.15,94.53,101.17,1147.6,False,True,False,False,2,11.1,
6458,Rev9,9,W223,AE-3200,CH-B,EXT-02,Extreme Edge,0.96,49.1,101.95,88.83,100.49,1055.3,False,True,False,True,1,3.14,
6459,Rev9,9,W223,AE-3200,CH-B,EXT-03,Extreme Edge,0.96,81.8,105.31,93.03,93.0,1034.8,False,True,True,True,0,0.0,
6460,Rev9,9,W223,AE-3200,CH-B,EXT-04,Extreme Edge,0.96,114.5,99.62,93.36,100.5,1123.6,True,True,False,False,1,4.05,
6461,Rev9,9,W223,AE-3200,CH-B,EXT-05,Extreme Edge,0.96,147.3,103.55,91.32,95.62,1172.3,False,True,False,False,2,8.33,
6462,Rev9,9,W223,AE-3200,CH-B,EXT-06,Extreme Edge,0.96,180.0,100.03,92.89,102.15,1088.3,True,True,False,True,1,2.65,polymer_residue
6463,Rev9,9,W223,AE-3200,CH-B,EXT-07,Extreme Edge,0.96,212.7,102.9,90.61,97.61,968.0,False,True,False,True,3,13.87,arc_event
6464,Rev9,9,W223,AE-3200,CH-B,EXT-08,Extreme Edge,0.96,245.5,100.12,91.5,94.89,1111.7,True,True,False,False,0,0.0,
6465,Rev9,9,W223,AE-3200,CH-B,EXT-09,Extreme Edge,0.96,278.2,100.48,91.77,100.87,1088.2,True,True,False,True,2,7.73,
6466,Rev9,9,W223,AE-3200,CH-B,EXT-10,Extreme Edge,0.96,310.9,100.15,94.97,99.71,1075.1,True,True,False,True,0,0.0,
6467,Rev9,9,W223,AE-3200,CH-B,EXT-11,Extreme Edge,0.96,343.6,102.77,91.8,100.22,1178.0,False,True,False,False,1,6.41,
6468,Rev5,5,W224,AE-3200,CH-B,C1,Center,0.0,0.0,95.21,89.76,88.27,904.1,True,True,True,True,0,0.0,
6469,Rev5,5,W224,AE-3200,CH-B,MID-01,Mid,0.52,30.0,99.4,94.16,77.89,931.9,True,True,False,True,0,0.0,
6470,Rev5,5,W224,AE-3200,CH-B,MID-02,Mid,0.52,90.0,96.7,87.45,87.59,984.5,True,True,True,True,0,0.0,
6471,Rev5,5,W224,AE-3200,CH-B,MID-03,Mid,0.52,150.0,92.5,90.29,87.31,948.1,True,True,True,True,0,0.0,
6472,Rev5,5,W224,AE-3200,CH-B,MID-04,Mid,0.52,210.0,98.12,87.81,82.1,925.3,True,True,True,True,0,0.0,
6473,Rev5,5,W224,AE-3200,CH-B,MID-05,Mid,0.52,270.0,93.97,91.09,75.94,894.6,True,True,False,True,0,0.0,
6474,Rev5,5,W224,AE-3200,CH-B,MID-06,Mid,0.52,330.0,98.82,93.55,86.3,913.1,True,True,True,True,0,0.0,
6475,Rev5,5,W224,AE-3200,CH-B,EDG-01,Edge,0.84,0.0,101.71,95.16,78.49,1061.5,False,True,True,True,1,5.83,
6476,Rev5,5,W224,AE-3200,CH-B,EDG-02,Edge,0.84,32.7,98.96,92.37,87.46,1033.1,True,True,True,True,2,12.93,
6477,Rev5,5,W224,AE-3200,CH-B,EDG-03,Edge,0.84,65.5,101.09,92.25,81.22,1021.0,False,True,True,True,1,3.11,
6478,Rev5,5,W224,AE-3200,CH-B,EDG-04,Edge,0.84,98.2,98.52,92.65,92.73,988.1,True,True,True,True,0,0.0,
6479,Rev5,5,W224,AE-3200,CH-B,EDG-05,Edge,0.84,130.9,98.35,93.0,81.01,1069.9,True,True,True,True,1,2.61,
6480,Rev5,5,W224,AE-3200,CH-B,EDG-06,Edge,0.84,163.6,95.11,94.92,78.7,989.3,True,True,True,True,0,0.0,
6481,Rev5,5,W224,AE-3200,CH-B,EDG-07,Edge,0.84,196.4,96.2,92.06,96.23,1032.3,True,True,False,True,0,0.0,
6482,Rev5,5,W224,AE-3200,CH-B,EDG-08,Edge,0.84,229.1,97.89,93.27,85.54,975.2,True,True,True,True,1,5.9,polymer_residue
6483,Rev5,5,W224,AE-3200,CH-B,EDG-09,Edge,0.84,261.8,98.79,93.99,85.65,965.5,True,True,True,True,1,4.09,
6484,Rev5,5,W224,AE-3200,CH-B,EDG-10,Edge,0.84,294.5,96.76,91.52,85.99,998.8,True,True,True,True,0,0.0,
6485,Rev5,5,W224,AE-3200,CH-B,EDG-11,Edge,0.84,327.3,96.32,96.51,74.78,956.5,True,True,False,True,0,0.0,
6486,Rev5,5,W224,AE-3200,CH-B,EXT-01,Extreme Edge,0.96,16.4,97.38,92.32,83.88,1027.0,True,True,True,True,1,5.49,pressure_spike
6487,Rev5,5,W224,AE-3200,CH-B,EXT-02,Extreme Edge,0.96,49.1,99.38,93.15,86.69,943.1,True,True,True,True,0,0.0,
6488,Rev5,5,W224,AE-3200,CH-B,EXT-03,Extreme Edge,0.96,81.8,102.65,97.32,93.77,1114.1,False,True,True,False,2,6.06,
6489,Rev5,5,W224,AE-3200,CH-B,EXT-04,Extreme Edge,0.96,114.5,100.34,93.48,89.4,892.8,True,True,True,True,0,0.0,
6490,Rev5,5,W224,AE-3200,CH-B,EXT-05,Extreme Edge,0.96,147.3,100.69,90.16,88.96,1024.0,True,True,True,True,0,0.0,
6491,Rev5,5,W224,AE-3200,CH-B,EXT-06,Extreme Edge,0.96,180.0,95.93,94.38,86.84,927.9,True,True,True,True,0,0.0,
6492,Rev5,5,W224,AE-3200,CH-B,EXT-07,Extreme Edge,0.96,212.7,101.15,92.87,85.96,901.4,False,True,True,True,3,7.65,pressure_spike
6493,Rev5,5,W224,AE-3200,CH-B,EXT-08,Extreme Edge,0.96,245.5,99.11,96.81,79.88,959.2,True,True,True,True,0,0.0,
6494,Rev5,5,W224,AE-3200,CH-B,EXT-09,Extreme Edge,0.96,278.2,100.06,95.52,87.58,1026.5,True,True,True,True,1,5.84,pressure_spike
6495,Rev5,5,W224,AE-3200,CH-B,EXT-10,Extreme Edge,0.96,310.9,98.53,91.45,92.16,961.0,True,True,True,True,0,0.0,
6496,Rev5,5,W224,AE-3200,CH-B,EXT-11,Extreme Edge,0.96,343.6,100.13,91.93,85.04,884.1,True,True,True,True,1,2.43,pressure_spike
6497,Base,0,W225,AE-3200,CH-A,C1,Center,0.0,0.0,94.46,91.77,86.01,1020.2,True,True,True,True,0,0.0,
6498,Base,0,W225,AE-3200,CH-A,MID-01,Mid,0.52,30.0,94.87,94.15,93.43,1084.9,True,True,True,True,0,0.0,
6499,Base,0,W225,AE-3200,CH-A,MID-02,Mid,0.52,90.0,95.06,95.25,82.56,988.6,True,True,True,True,0,0.0,
6500,Base,0,W225,AE-3200,CH-A,MID-03,Mid,0.52,150.0,91.02,91.02,79.61,966.5,False,True,True,True,0,0.0,
6501,Base,0,W225,AE-3200,CH-A,MID-04,Mid,0.52,210.0,94.53,92.93,89.78,1038.8,True,True,True,True,1,2.9,
6502,Base,0,W225,AE-3200,CH-A,MID-05,Mid,0.52,270.0,95.44,92.4,89.7,1036.7,True,True,True,True,0,0.0,
6503,Base,0,W225,AE-3200,CH-A,MID-06,Mid,0.52,330.0,97.21,95.03,78.44,960.1,True,True,True,True,1,5.15,
6504,Base,0,W225,AE-3200,CH-A,EDG-01,Edge,0.84,0.0,97.44,96.61,92.43,967.3,True,True,True,True,1,3.31,polymer_residue
6505,Base,0,W225,AE-3200,CH-A,EDG-02,Edge,0.84,32.7,97.71,95.38,94.86,1026.3,True,True,False,True,0,0.0,
6506,Base,0,W225,AE-3200,CH-A,EDG-03,Edge,0.84,65.5,98.66,98.76,83.13,1082.1,True,False,True,True,1,4.46,
6507,Base,0,W225,AE-3200,CH-A,EDG-04,Edge,0.84,98.2,100.88,95.87,91.72,1011.4,False,True,True,True,1,5.95,endpoint_late
6508,Base,0,W225,AE-3200,CH-A,EDG-05,Edge,0.84,130.9,96.52,95.67,91.84,1055.0,True,True,True,True,1,2.53,arc_event
6509,Base,0,W225,AE-3200,CH-A,EDG-06,Edge,0.84,163.6,98.35,94.76,87.94,896.6,True,True,True,True,0,0.0,
6510,Base,0,W225,AE-3200,CH-A,EDG-07,Edge,0.84,196.4,98.84,90.56,86.55,1027.4,True,True,True,True,0,0.0,
6511,Base,0,W225,AE-3200,CH-A,EDG-08,Edge,0.84,229.1,98.09,99.03,84.36,1061.4,True,False,True,True,1,4.34,
6512,Base,0,W225,AE-3200,CH-A,EDG-09,Edge,0.84,261.8,95.81,92.93,86.61,1107.4,True,True,True,False,1,4.81,polymer_residue
6513,Base,0,W225,AE-3200,CH-A,EDG-10,Edge,0.84,294.5,95.4,97.79,88.1,951.0,True,False,True,True,0,0.0,
6514,Base,0,W225,AE-3200,CH-A,EDG-11,Edge,0.84,327.3,98.0,97.78,85.78,1094.0,True,False,True,False,0,0.0,
6515,Base,0,W225,AE-3200,CH-A,EXT-01,Extreme Edge,0.96,16.4,94.95,96.09,85.76,1093.9,True,True,True,False,0,0.0,
6516,Base,0,W225,AE-3200,CH-A,EXT-02,Extreme Edge,0.96,49.1,93.68,96.83,88.56,1003.7,True,True,True,True,0,0.0,
6517,Base,0,W225,AE-3200,CH-A,EXT-03,Extreme Edge,0.96,81.8,99.01,102.38,87.44,949.4,True,False,True,True,0,0.0,
6518,Base,0,W225,AE-3200,CH-A,EXT-04,Extreme Edge,0.96,114.5,98.9,95.54,92.56,1087.8,True,True,True,True,0,0.0,
6519,Base,0,W225,AE-3200,CH-A,EXT-05,Extreme Edge,0.96,147.3,99.5,97.68,88.52,1159.4,True,False,True,False,0,0.0,
6520,Base,0,W225,AE-3200,CH-A,EXT-06,Extreme Edge,0.96,180.0,99.23,95.64,87.97,1047.2,True,True,True,True,1,3.73,pressure_spike
6521,Base,0,W225,AE-3200,CH-A,EXT-07,Extreme Edge,0.96,212.7,98.72,94.47,78.99,986.1,True,True,True,True,0,0.0,
6522,Base,0,W225,AE-3200,CH-A,EXT-08,Extreme Edge,0.96,245.5,98.61,91.69,89.56,1061.9,True,True,True,True,1,3.11,arc_event
6523,Base,0,W225,AE-3200,CH-A,EXT-09,Extreme Edge,0.96,278.2,100.48,92.19,88.65,980.9,True,True,True,True,0,0.0,
6524,Base,0,W225,AE-3200,CH-A,EXT-10,Extreme Edge,0.96,310.9,99.23,99.62,93.29,943.1,True,False,True,True,1,5.95,
6525,Base,0,W225,AE-3200,CH-A,EXT-11,Extreme Edge,0.96,343.6,97.15,97.74,85.52,1141.5,True,False,True,False,1,5.48,arc_event
6526,Rev9,9,W226,AE-3200,CH-B,C1,Center,0.0,0.0,93.08,91.45,87.22,1013.2,True,True,True,True,0,0.0,
6527,Rev9,9,W226,AE-3200,CH-B,MID-01,Mid,0.52,30.0,96.41,91.66,99.28,1059.2,True,True,False,True,1,5.14,
6528,Rev9,9,W226,AE-3200,CH-B,MID-02,Mid,0.52,90.0,97.47,92.6,91.94,1107.4,True,True,True,False,0,0.0,
6529,Rev9,9,W226,AE-3200,CH-B,MID-03,Mid,0.52,150.0,94.93,89.75,92.92,1073.7,True,True,True,True,0,0.0,
6530,Rev9,9,W226,AE-3200,CH-B,MID-04,Mid,0.52,210.0,94.21,88.92,93.05,1063.3,True,True,True,True,0,0.0,
6531,Rev9,9,W226,AE-3200,CH-B,MID-05,Mid,0.52,270.0,96.06,87.27,99.1,1028.2,True,True,False,True,0,0.0,
6532,Rev9,9,W226,AE-3200,CH-B,MID-06,Mid,0.52,330.0,95.6,90.32,92.2,1098.3,True,True,True,False,0,0.0,
6533,Rev9,9,W226,AE-3200,CH-B,EDG-01,Edge,0.84,0.0,96.01,93.23,96.34,1153.5,True,True,False,False,3,12.41,
6534,Rev9,9,W226,AE-3200,CH-B,EDG-02,Edge,0.84,32.7,98.33,95.88,93.42,1174.9,True,True,True,False,1,4.3,
6535,Rev9,9,W226,AE-3200,CH-B,EDG-03,Edge,0.84,65.5,98.72,91.01,93.09,1199.5,True,True,True,False,1,5.5,
6536,Rev9,9,W226,AE-3200,CH-B,EDG-04,Edge,0.84,98.2,94.29,88.76,92.65,1152.0,True,True,True,False,0,0.0,
6537,Rev9,9,W226,AE-3200,CH-B,EDG-05,Edge,0.84,130.9,98.35,92.94,105.37,1038.3,True,True,False,True,0,0.0,
6538,Rev9,9,W226,AE-3200,CH-B,EDG-06,Edge,0.84,163.6,96.05,91.17,95.82,1148.4,True,True,False,False,1,2.58,esc_temp_drift
6539,Rev9,9,W226,AE-3200,CH-B,EDG-07,Edge,0.84,196.4,99.97,92.91,101.57,1125.3,True,True,False,False,0,0.0,
6540,Rev9,9,W226,AE-3200,CH-B,EDG-08,Edge,0.84,229.1,97.88,88.94,102.22,1002.8,True,True,False,True,0,0.0,
6541,Rev9,9,W226,AE-3200,CH-B,EDG-09,Edge,0.84,261.8,97.65,91.58,92.63,1006.0,True,True,True,True,1,4.25,polymer_residue
6542,Rev9,9,W226,AE-3200,CH-B,EDG-10,Edge,0.84,294.5,100.74,89.74,93.8,1153.8,True,True,True,False,0,0.0,
6543,Rev9,9,W226,AE-3200,CH-B,EDG-11,Edge,0.84,327.3,95.17,90.15,96.71,1122.3,True,True,False,False,0,0.0,
6544,Rev9,9,W226,AE-3200,CH-B,EXT-01,Extreme Edge,0.96,16.4,98.1,92.04,94.84,1111.5,True,True,False,False,0,0.0,
6545,Rev9,9,W226,AE-3200,CH-B,EXT-02,Extreme Edge,0.96,49.1,97.25,89.32,103.8,1169.1,True,True,False,False,0,0.0,
6546,Rev9,9,W226,AE-3200,CH-B,EXT-03,Extreme Edge,0.96,81.8,93.46,92.9,103.32,1095.7,True,True,False,False,0,0.0,
6547,Rev9,9,W226,AE-3200,CH-B,EXT-04,Extreme Edge,0.96,114.5,97.6,90.62,90.28,1208.3,True,True,True,False,3,13.77,
6548,Rev9,9,W226,AE-3200,CH-B,EXT-05,Extreme Edge,0.96,147.3,98.39,89.07,99.38,1042.6,True,True,False,True,0,0.0,
6549,Rev9,9,W226,AE-3200,CH-B,EXT-06,Extreme Edge,0.96,180.0,97.52,91.04,93.49,1142.3,True,True,True,False,1,5.15,
6550,Rev9,9,W226,AE-3200,CH-B,EXT-07,Extreme Edge,0.96,212.7,99.19,88.52,98.46,1108.6,True,True,False,False,1,4.96,
6551,Rev9,9,W226,AE-3200,CH-B,EXT-08,Extreme Edge,0.96,245.5,99.09,88.81,96.28,1075.9,True,True,False,True,0,0.0,
6552,Rev9,9,W226,AE-3200,CH-B,EXT-09,Extreme Edge,0.96,278.2,100.37,90.66,94.65,1086.7,True,True,False,True,0,0.0,
6553,Rev9,9,W226,AE-3200,CH-B,EXT-10,Extreme Edge,0.96,310.9,97.63,90.29,91.77,1017.7,True,True,True,True,1,6.47,endpoint_late
6554,Rev9,9,W226,AE-3200,CH-B,EXT-11,Extreme Edge,0.96,343.6,99.01,92.9,100.11,1076.7,True,True,False,True,0,0.0,
6555,Rev1,1,W227,AE-3200,CH-B,C1,Center,0.0,0.0,92.22,94.37,73.59,1013.4,True,True,False,True,0,0.0,
6556,Rev1,1,W227,AE-3200,CH-B,MID-01,Mid,0.52,30.0,97.53,98.8,78.88,907.0,True,False,True,True,0,0.0,
6557,Rev1,1,W227,AE-3200,CH-B,MID-02,Mid,0.52,90.0,98.84,97.83,80.38,1071.1,True,False,True,True,1,3.27,pressure_spike
6558,Rev1,1,W227,AE-3200,CH-B,MID-03,Mid,0.52,150.0,97.7,98.17,83.21,1014.9,True,False,True,True,1,3.86,
6559,Rev1,1,W227,AE-3200,CH-B,MID-04,Mid,0.52,210.0,92.82,94.72,86.44,938.3,True,True,True,True,0,0.0,
6560,Rev1,1,W227,AE-3200,CH-B,MID-05,Mid,0.52,270.0,96.12,95.27,82.15,961.7,True,True,True,True,0,0.0,
6561,Rev1,1,W227,AE-3200,CH-B,MID-06,Mid,0.52,330.0,92.21,96.22,84.88,1010.8,True,True,True,True,0,0.0,
6562,Rev1,1,W227,AE-3200,CH-B,EDG-01,Edge,0.84,0.0,97.12,105.12,83.49,1017.6,True,False,True,True,0,0.0,
6563,Rev1,1,W227,AE-3200,CH-B,EDG-02,Edge,0.84,32.7,99.83,98.2,78.63,1066.3,True,False,True,True,0,0.0,
6564,Rev1,1,W227,AE-3200,CH-B,EDG-03,Edge,0.84,65.5,91.9,97.51,86.05,1036.5,True,True,True,True,0,0.0,
6565,Rev1,1,W227,AE-3200,CH-B,EDG-04,Edge,0.84,98.2,96.78,100.06,79.63,1031.6,True,False,True,True,0,0.0,
6566,Rev1,1,W227,AE-3200,CH-B,EDG-05,Edge,0.84,130.9,97.42,98.91,85.94,929.3,True,False,True,True,1,2.48,
6567,Rev1,1,W227,AE-3200,CH-B,EDG-06,Edge,0.84,163.6,95.97,99.42,82.73,1186.5,True,False,True,False,1,5.94,
6568,Rev1,1,W227,AE-3200,CH-B,EDG-07,Edge,0.84,196.4,95.41,93.46,85.74,1088.5,True,True,True,True,0,0.0,
6569,Rev1,1,W227,AE-3200,CH-B,EDG-08,Edge,0.84,229.1,96.22,99.84,75.02,1029.4,True,False,False,True,0,0.0,
6570,Rev1,1,W227,AE-3200,CH-B,EDG-09,Edge,0.84,261.8,96.17,106.06,85.12,1058.1,True,False,True,True,0,0.0,
6571,Rev1,1,W227,AE-3200,CH-B,EDG-10,Edge,0.84,294.5,95.16,99.82,80.91,991.6,True,False,True,True,3,15.2,polymer_residue
6572,Rev1,1,W227,AE-3200,CH-B,EDG-11,Edge,0.84,327.3,94.06,98.39,84.25,1095.0,True,False,True,False,1,2.35,
6573,Rev1,1,W227,AE-3200,CH-B,EXT-01,Extreme Edge,0.96,16.4,97.34,99.82,80.38,1083.2,True,False,True,True,1,3.93,
6574,Rev1,1,W227,AE-3200,CH-B,EXT-02,Extreme Edge,0.96,49.1,94.53,102.18,88.24,977.8,True,False,True,True,0,0.0,
6575,Rev1,1,W227,AE-3200,CH-B,EXT-03,Extreme Edge,0.96,81.8,101.03,101.21,80.66,1009.0,False,False,True,True,2,8.23,
6576,Rev1,1,W227,AE-3200,CH-B,EXT-04,Extreme Edge,0.96,114.5,94.1,103.6,86.22,959.7,True,False,True,True,3,11.09,pressure_spike
6577,Rev1,1,W227,AE-3200,CH-B,EXT-05,Extreme Edge,0.96,147.3,94.45,100.28,80.46,1095.0,True,False,True,False,1,5.84,
6578,Rev1,1,W227,AE-3200,CH-B,EXT-06,Extreme Edge,0.96,180.0,100.3,99.52,84.89,1112.1,True,False,True,False,0,0.0,
6579,Rev1,1,W227,AE-3200,CH-B,EXT-07,Extreme Edge,0.96,212.7,97.59,98.05,78.14,1049.8,True,False,True,True,0,0.0,
6580,Rev1,1,W227,AE-3200,CH-B,EXT-08,Extreme Edge,0.96,245.5,95.99,104.0,81.28,1039.1,True,False,True,True,2,12.39,
6581,Rev1,1,W227,AE-3200,CH-B,EXT-09,Extreme Edge,0.96,278.2,97.19,97.84,79.23,966.4,True,False,True,True,0,0.0,
6582,Rev1,1,W227,AE-3200,CH-B,EXT-10,Extreme Edge,0.96,310.9,93.34,100.12,86.94,1020.4,True,False,True,True,2,7.06,
6583,Rev1,1,W227,AE-3200,CH-B,EXT-11,Extreme Edge,0.96,343.6,99.54,96.21,77.88,1133.6,True,True,False,False,1,3.77,
6584,Rev7,7,W228,PX-7500,CH-D,C1,Center,0.0,0.0,98.86,95.4,82.07,1062.3,True,True,True,True,0,0.0,
6585,Rev7,7,W228,PX-7500,CH-D,MID-01,Mid,0.52,30.0,97.6,95.96,84.82,1079.5,True,True,True,True,0,0.0,
6586,Rev7,7,W228,PX-7500,CH-D,MID-02,Mid,0.52,90.0,101.33,95.55,90.63,948.5,False,True,True,True,0,0.0,
6587,Rev7,7,W228,PX-7500,CH-D,MID-03,Mid,0.52,150.0,99.77,102.07,81.25,1031.4,True,False,True,True,1,5.6,polymer_residue
6588,Rev7,7,W228,PX-7500,CH-D,MID-04,Mid,0.52,210.0,99.76,92.84,86.45,1053.7,True,True,True,True,0,0.0,
6589,Rev7,7,W228,PX-7500,CH-D,MID-05,Mid,0.52,270.0,97.22,95.46,91.3,1228.4,True,True,True,False,0,0.0,
6590,Rev7,7,W228,PX-7500,CH-D,MID-06,Mid,0.52,330.0,100.13,87.77,86.72,1016.9,True,True,True,True,0,0.0,
6591,Rev7,7,W228,PX-7500,CH-D,EDG-01,Edge,0.84,0.0,103.5,98.45,87.31,1061.2,False,False,True,True,1,2.64,
6592,Rev7,7,W228,PX-7500,CH-D,EDG-02,Edge,0.84,32.7,103.36,97.07,85.66,1156.1,False,True,True,False,1,5.89,
6593,Rev7,7,W228,PX-7500,CH-D,EDG-03,Edge,0.84,65.5,99.58,93.32,89.48,1089.6,True,True,True,True,0,0.0,
6594,Rev7,7,W228,PX-7500,CH-D,EDG-04,Edge,0.84,98.2,103.19,98.24,90.56,1060.2,False,False,True,True,1,3.0,
6595,Rev7,7,W228,PX-7500,CH-D,EDG-05,Edge,0.84,130.9,100.5,99.98,94.46,1045.6,True,False,True,True,1,4.94,arc_event
6596,Rev7,7,W228,PX-7500,CH-D,EDG-06,Edge,0.84,163.6,103.45,91.31,86.22,1143.8,False,True,True,False,0,0.0,
6597,Rev7,7,W228,PX-7500,CH-D,EDG-07,Edge,0.84,196.4,101.96,94.45,88.36,1132.3,False,True,True,False,1,3.08,polymer_residue
6598,Rev7,7,W228,PX-7500,CH-D,EDG-08,Edge,0.84,229.1,106.57,94.51,88.57,1004.6,False,True,True,True,0,0.0,
6599,Rev7,7,W228,PX-7500,CH-D,EDG-09,Edge,0.84,261.8,101.54,91.2,87.01,995.2,False,True,True,True,0,0.0,
6600,Rev7,7,W228,PX-7500,CH-D,EDG-10,Edge,0.84,294.5,101.55,96.09,95.17,1051.3,False,True,False,True,0,0.0,
6601,Rev7,7,W228,PX-7500,CH-D,EDG-11,Edge,0.84,327.3,101.26,96.94,95.92,1105.8,False,True,False,False,0,0.0,
6602,Rev7,7,W228,PX-7500,CH-D,EXT-01,Extreme Edge,0.96,16.4,98.82,97.67,88.23,1130.6,True,False,True,False,2,5.23,
6603,Rev7,7,W228,PX-7500,CH-D,EXT-02,Extreme Edge,0.96,49.1,103.6,93.81,95.37,1041.4,False,True,False,True,0,0.0,
6604,Rev7,7,W228,PX-7500,CH-D,EXT-03,Extreme Edge,0.96,81.8,100.6,95.82,91.67,992.6,True,True,True,True,0,0.0,
6605,Rev7,7,W228,PX-7500,CH-D,EXT-04,Extreme Edge,0.96,114.5,99.65,97.82,85.14,1078.6,True,False,True,True,0,0.0,
6606,Rev7,7,W228,PX-7500,CH-D,EXT-05,Extreme Edge,0.96,147.3,105.65,98.35,77.94,1062.9,False,False,False,True,3,14.58,
6607,Rev7,7,W228,PX-7500,CH-D,EXT-06,Extreme Edge,0.96,180.0,103.28,100.4,89.16,1080.0,False,False,True,True,2,9.48,polymer_residue
6608,Rev7,7,W228,PX-7500,CH-D,EXT-07,Extreme Edge,0.96,212.7,102.64,97.69,94.98,1050.2,False,False,False,True,2,10.03,polymer_residue
6609,Rev7,7,W228,PX-7500,CH-D,EXT-08,Extreme Edge,0.96,245.5,103.35,99.87,81.83,1117.5,False,False,True,False,1,3.62,
6610,Rev7,7,W228,PX-7500,CH-D,EXT-09,Extreme Edge,0.96,278.2,103.41,97.39,82.73,1115.2,False,True,True,False,3,7.18,
6611,Rev7,7,W228,PX-7500,CH-D,EXT-10,Extreme Edge,0.96,310.9,101.45,96.35,90.1,854.0,False,True,True,False,0,0.0,
6612,Rev7,7,W228,PX-7500,CH-D,EXT-11,Extreme Edge,0.96,343.6,100.79,97.64,87.18,1129.6,True,False,True,False,0,0.0,
