Wafer_ID,Lot_ID,Slot,fin_width_nm,fin_height_nm,gate_length_nm,gate_ox_thk_nm,hk_thk_nm,sd_epi_thk_nm,contact_cd_nm,m1_width_nm,m1_space_nm,via_cd_nm,vt_n_V,vt_p_V,idsat_uA_um,ss_mV_dec,fin_width_nm__in_spec,fin_height_nm__in_spec,gate_length_nm__in_spec,gate_ox_thk_nm__in_spec,hk_thk_nm__in_spec,sd_epi_thk_nm__in_spec,contact_cd_nm__in_spec,m1_width_nm__in_spec,m1_space_nm__in_spec,via_cd_nm__in_spec,vt_n_V__in_spec,vt_p_V__in_spec,idsat_uA_um__in_spec,ss_mV_dec__in_spec,fail_count,overall_pass,fail_mode
RL001W01,RL001,1,7.16335,55.81194,16.90874,1.27699,1.81928,10.59406,16.85674,18.81289,17.63052,18.42095,0.32503,-0.30461,734.43539,74.58582,False,True,True,False,True,False,True,True,True,True,False,False,False,False,5,False,Oxide BD
RL001W02,RL001,2,6.67505,57.58245,16.97096,1.24423,1.82135,11.42568,15.75243,19.01592,18.31299,17.60107,0.31922,-0.2949,776.67639,74.94176,False,True,True,False,True,False,True,True,True,True,False,False,False,False,6,False,Vt Shift
RL001W03,RL001,3,6.69736,54.72337,16.37164,1.20652,1.7931,12.31664,15.86301,18.27332,18.51436,17.79987,0.2984,-0.29055,740.28071,71.58065,False,True,True,False,True,True,True,True,True,True,False,False,False,True,1,False,Metal Migration
RL001W04,RL001,4,6.35525,55.65403,17.72673,1.23654,1.9393,11.8306,17.24886,19.01379,18.38585,17.98266,0.31083,-0.31548,862.87126,74.79299,True,True,False,False,False,True,False,True,True,True,False,False,True,False,5,False,Vt Shift
RL001W05,RL001,5,6.71574,55.94054,16.27712,1.22971,1.81659,11.42098,16.37206,18.51886,17.97417,17.79182,0.31095,-0.29708,793.43251,73.06013,False,True,True,False,True,False,True,True,True,True,False,False,False,False,3,False,Oxide BD
RL001W06,RL001,6,6.79314,54.31589,16.66095,1.22979,1.85144,12.29148,16.49234,18.66818,18.31497,17.82677,0.30638,-0.29983,807.28295,71.13758,False,True,True,False,False,True,True,True,True,True,False,False,False,True,4,False,Metal Migration
RL001W07,RL001,7,6.75865,55.65296,16.77839,1.21257,1.78739,12.20951,16.05657,18.62546,18.35501,17.81048,0.29674,-0.30498,829.61258,71.54963,False,True,True,False,True,True,True,True,True,True,False,False,True,True,3,False,Contact Open
RL001W08,RL001,8,6.35091,56.06064,16.9758,1.22155,1.83736,12.15298,16.90812,18.34635,18.93419,17.57666,0.31157,-0.28387,833.64853,72.09321,True,True,True,False,True,True,True,True,True,True,False,True,True,False,3,False,Wear-out
RL001W09,RL001,9,7.03874,56.08237,15.86253,1.21303,1.77442,11.60968,16.69192,18.94621,18.23603,17.80936,0.30917,-0.29331,885.97667,72.46378,False,True,True,False,True,True,True,True,True,True,False,False,True,False,4,False,Junction Leak
RL001W10,RL001,10,6.65245,52.05451,16.65329,1.22541,1.75002,11.27686,16.54813,18.77186,19.30971,17.7362,0.31111,-0.27828,834.01776,72.23734,False,True,True,False,True,False,True,True,True,True,False,True,True,False,2,False,Contact Open
RL001W11,RL001,11,6.20953,56.29782,16.81857,1.24226,1.80435,12.56849,15.8559,17.57466,18.2498,17.93579,0.30267,-0.27444,749.57218,72.39477,True,True,True,False,True,True,True,True,True,True,False,True,False,False,2,False,Wear-out
RL001W12,RL001,12,6.72719,57.27831,16.69815,1.25466,1.87216,10.44876,15.58412,19.07557,17.99266,18.13969,0.30225,-0.31432,854.10701,73.38912,False,True,True,False,False,False,True,True,True,True,False,False,True,False,5,False,Vt Shift
RL001W13,RL001,13,6.82987,55.18326,17.39024,1.22216,1.73787,12.34439,16.73317,18.49379,17.69485,19.02565,0.29677,-0.29481,806.42993,73.6643,False,True,True,False,True,True,True,True,True,True,False,False,False,False,4,False,Metal Migration
RL001W14,RL001,14,6.65526,53.21695,16.89366,1.21202,1.87004,11.5355,16.30367,18.64167,19.03281,17.86408,0.31085,-0.30449,849.80627,70.44272,False,True,True,False,False,True,True,True,True,True,False,False,True,True,3,False,Wear-out
RL001W15,RL001,15,6.73854,56.31019,17.33209,1.21464,1.70079,11.54557,16.7825,18.9178,18.71593,17.52802,0.29764,-0.30347,861.76098,72.77165,False,True,True,False,True,True,True,True,True,True,False,False,True,False,5,False,Metal Migration
RL001W16,RL001,16,6.55045,54.88093,16.99709,1.20406,1.92634,11.68531,16.01854,17.81352,18.50297,18.01935,0.29088,-0.28556,831.5383,73.8084,False,True,True,False,False,True,True,True,True,True,False,False,True,False,4,False,Contact Open
RL001W17,RL001,17,6.89723,54.05356,16.40031,1.23263,1.77488,11.96833,15.69256,18.49506,17.63813,17.77347,0.29452,-0.30267,840.73428,73.72595,False,True,True,False,True,True,True,True,True,True,False,False,True,False,3,False,Junction Leak
RL001W18,RL001,18,7.0007,56.9937,17.28648,1.2692,1.89946,11.84454,15.98115,18.18984,18.22307,17.87436,0.3144,-0.29774,828.84228,71.65732,False,True,True,False,False,True,True,True,True,True,False,False,True,True,4,False,Wear-out
RL001W19,RL001,19,6.57222,56.61624,16.67048,1.25156,1.89116,11.89108,16.55804,17.46212,17.96211,17.80174,0.30454,-0.31006,769.51085,75.90776,False,True,True,False,False,True,True,True,True,True,False,False,False,False,5,False,Vt Shift
RL001W20,RL001,20,6.70706,56.33961,16.58747,1.19781,1.84653,12.44185,16.22233,18.55196,18.86512,17.51398,0.3083,-0.30243,829.24302,72.70714,False,True,True,False,True,True,True,True,True,True,False,False,True,False,3,False,Fin Collapse
RL001W21,RL001,21,6.97616,53.89728,17.01464,1.27827,1.83851,11.32507,15.16806,18.42045,17.74131,18.59767,0.31617,-0.29786,852.28761,72.90447,False,True,True,False,True,False,True,True,True,True,False,False,True,False,3,False,Fin Collapse
RL001W22,RL001,22,6.79508,55.64242,17.4604,1.22427,1.86115,11.78381,16.96022,17.97955,18.91672,18.15614,0.31316,-0.30146,818.70954,70.33081,False,True,True,False,False,True,True,True,True,True,False,False,False,True,4,False,Junction Leak
RL001W23,RL001,23,7.11577,55.5429,16.62256,1.34994,1.76174,11.1438,16.75582,18.78911,18.55843,17.82546,0.29497,-0.30464,784.32662,72.59239,False,True,True,False,True,False,True,True,True,True,False,False,False,False,4,False,Contact Open
RL001W24,RL001,24,6.76921,53.48455,17.12434,1.34224,1.76108,11.43951,16.22628,18.07741,19.32607,18.25185,0.32613,-0.30854,811.81836,74.99816,False,True,True,False,True,False,True,True,True,True,False,False,False,False,6,False,Wear-out
RL001W25,RL001,25,6.71278,57.37541,17.25331,1.26729,1.80958,10.99817,15.69903,19.38128,17.69925,18.23647,0.30646,-0.29937,854.3606,75.37426,False,True,True,False,True,False,True,True,True,True,False,False,True,False,3,False,Fin Collapse
RL002W01,RL002,1,5.96487,54.04012,16.5225,1.06052,1.73095,12.25239,15.664,17.86628,17.7764,17.33998,0.25037,-0.25612,846.23459,69.03446,True,True,True,True,True,True,True,True,True,True,True,True,True,True,0,True,None
RL002W02,RL002,2,5.96312,54.60643,16.3697,1.07254,1.6899,13.03708,16.4127,18.46047,18.15892,17.74016,0.25994,-0.26434,890.12361,67.90669,True,True,True,True,True,True,True,True,True,True,True,True,True,True,0,True,None
RL002W03,RL002,3,5.20844,54.5314,15.89999,1.10802,1.53187,13.05686,15.60701,18.59429,19.67751,17.12894,0.24184,-0.26081,889.87954,65.29982,True,True,True,True,True,True,True,True,True,True,True,True,True,True,0,True,None
RL002W04,RL002,4,5.45713,55.56054,16.28822,1.0382,1.69847,13.40786,15.60618,18.0481,17.75263,17.46373,0.25796,-0.25121,931.2771,71.30596,True,True,True,True,True,True,True,True,True,True,True,True,True,True,0,True,None
RL002W05,RL002,5,5.6682,55.41045,15.77865,1.02478,1.56079,12.24783,15.03694,17.80981,18.25793,17.18033,0.24689,-0.26684,960.19785,64.7055,True,True,True,True,True,True,True,True,True,True,True,True,True,True,0,True,None
RL002W06,RL002,6,6.00866,52.83693,16.05977,1.03446,1.61884,13.42732,15.655,19.02871,18.31106,17.8165,0.2315,-0.24299,917.09555,66.89813,True,True,True,True,True,True,True,True,True,True,True,True,True,True,0,True,None
RL002W07,RL002,7,5.11099,52.7439,16.07141,1.01958,1.55093,13.55961,15.69294,18.63915,18.72342,17.49757,0.25355,-0.25684,900.737,64.57314,True,True,True,True,True,True,True,True,True,True,True,True,True,True,0,True,None
RL002W08,RL002,8,5.97047,55.87136,16.10587,1.01171,1.66209,12.91529,15.01116,18.15905,18.15235,17.71729,0.24828,-0.26849,913.84369,68.88649,True,True,True,True,True,True,True,True,True,True,True,True,True,True,0,True,None
RL002W09,RL002,9,5.61625,53.50748,15.9122,1.01662,1.62159,12.6646,15.99075,18.71055,18.14462,17.73553,0.24871,-0.26671,935.51433,68.50229,True,True,True,True,True,True,True,True,True,True,True,True,True,True,0,True,None
RL002W10,RL002,10,5.83243,54.74254,15.78415,1.09538,1.72624,13.28219,15.28252,18.05759,17.98384,17.71141,0.22481,-0.2715,943.98973,63.56469,True,True,True,True,True,True,True,True,True,True,True,True,True,True,0,True,None
RL002W11,RL002,11,5.72498,54.28719,16.20928,0.99538,1.74013,12.34818,15.74364,17.83409,18.40634,17.26889,0.24667,-0.26605,908.55835,64.31921,True,True,True,True,True,True,True,True,True,True,True,True,True,True,0,True,None
RL002W12,RL002,12,5.37537,53.45503,15.67894,0.96405,1.65017,13.0945,15.19696,17.92197,18.20992,17.45054,0.24968,-0.23736,913.66659,66.83145,True,True,True,True,True,True,True,True,True,True,True,True,True,True,0,True,None
RL002W13,RL002,13,5.8285,53.39197,15.42449,0.93358,1.67115,12.28256,15.44755,19.1783,18.36624,17.84681,0.25091,-0.27359,924.11875,67.82593,True,True,True,True,True,True,True,True,True,True,True,True,True,True,0,True,None
RL002W14,RL002,14,5.60542,54.89644,16.15783,0.99743,1.5801,13.9617,15.93685,18.63729,19.12646,17.42662,0.2275,-0.25234,935.0201,66.61138,True,True,True,True,True,True,True,True,True,True,True,True,True,True,0,True,None
RL002W15,RL002,15,5.52062,54.74921,15.9356,1.02153,1.6781,13.06614,15.97894,16.30445,18.24419,17.96179,0.26188,-0.24671,903.11238,67.0035,True,True,True,True,True,True,True,False,True,True,True,True,True,True,0,True,None
RL002W16,RL002,16,5.64514,56.60986,16.06564,1.00102,1.75904,13.03377,15.75896,18.67023,17.41813,18.15705,0.25642,-0.25662,894.23056,68.79863,True,True,True,True,True,True,True,True,True,True,True,True,True,True,0,True,None
RL002W17,RL002,17,5.47681,54.03956,15.53886,1.00858,1.62963,13.10263,15.78572,18.47461,18.491,17.05629,0.2397,-0.26992,935.60431,63.40883,True,True,True,True,True,True,True,True,True,True,True,True,True,True,0,True,None
RL002W18,RL002,18,5.93261,55.48559,15.69896,1.00137,1.70544,11.57762,16.19028,18.59268,18.59317,16.48693,0.2502,-0.25707,941.04845,64.31779,True,True,True,True,True,True,True,True,True,True,True,True,True,True,1,False,Junction Leak
RL002W19,RL002,19,5.43945,54.27436,15.61024,1.00265,1.65997,13.05788,15.92135,18.77818,18.35539,17.80836,0.26954,-0.26107,888.84149,68.34053,True,True,True,True,True,True,True,True,True,True,True,True,True,True,0,True,None
RL002W20,RL002,20,5.82162,52.48006,16.23091,0.99799,1.65314,11.86028,16.12292,17.0673,18.37103,17.15182,0.23527,-0.2531,848.88404,68.79731,True,True,True,True,True,True,True,True,True,True,True,True,True,True,1,False,Vt Shift
RL002W21,RL002,21,5.43664,55.49982,15.77966,0.92127,1.64256,12.12238,15.75646,18.37388,18.1254,17.66575,0.24568,-0.2539,907.09695,64.45864,True,True,True,True,True,True,True,True,True,True,True,True,True,True,0,True,None
RL002W22,RL002,22,5.81334,53.90356,15.89613,1.0814,1.69107,11.82611,15.67577,18.31705,18.02043,17.85948,0.25473,-0.25425,898.60725,69.67222,True,True,True,True,True,True,True,True,True,True,True,True,True,True,1,False,Vt Shift
RL002W23,RL002,23,5.739,56.45214,16.42937,1.09436,1.74265,12.95314,16.12478,17.17,18.56663,18.08565,0.24428,-0.2475,902.24949,66.39104,True,True,True,True,True,True,True,True,True,True,True,True,True,True,0,True,None
RL002W24,RL002,24,5.62252,54.42063,16.08165,1.02487,1.72561,13.38582,15.6625,18.07596,18.36576,17.55305,0.27154,-0.2735,883.21484,71.48766,True,True,True,True,True,True,True,True,True,True,True,True,True,True,0,True,None
RL002W25,RL002,25,5.82576,55.88268,16.13778,1.08681,1.6014,13.0884,15.39057,18.34805,17.60914,17.57845,0.26014,-0.28345,894.14148,72.53455,True,True,True,True,True,True,True,True,True,True,True,True,True,False,0,True,None
RL003W01,RL003,1,5.75152,56.71728,16.24956,1.07832,1.59505,12.94256,15.88884,19.47114,18.56786,17.29816,0.25967,-0.23386,904.1406,64.10548,True,True,True,True,True,True,True,True,True,True,True,True,True,True,7,False,Metal Migration
RL003W02,RL003,2,5.50314,56.20354,16.37688,1.09552,1.7145,12.92144,15.87218,18.02705,18.19627,17.48646,0.23829,-0.25027,939.08897,62.87367,True,True,True,True,True,True,True,True,True,True,True,True,True,True,8,False,Metal Migration
RL003W03,RL003,3,5.71854,51.03006,16.16506,1.01308,1.71539,13.61957,14.6881,20.22808,18.86775,18.91517,0.22913,-0.24446,929.77224,65.62705,True,True,True,True,True,True,True,True,True,True,True,True,True,True,4,False,Vt Shift
RL003W04,RL003,4,5.65944,52.02237,16.3335,1.09599,1.54884,12.91222,15.42841,17.99471,19.25931,17.43389,0.24278,-0.2542,875.78262,66.29893,True,True,True,True,True,True,True,True,True,True,True,True,True,True,3,False,Vt Shift
RL003W05,RL003,5,5.82201,55.38129,16.64482,1.08829,1.705,13.28313,15.8107,19.42274,17.96184,17.24959,0.24633,-0.26873,900.12704,67.87035,True,True,True,True,True,True,True,True,True,True,True,True,True,True,5,False,Wear-out
RL003W06,RL003,6,5.31459,56.07472,15.90423,1.01658,1.67024,13.24632,15.48703,18.83496,18.99562,17.73088,0.26582,-0.24905,969.10035,65.90406,True,True,True,True,True,True,True,True,True,True,True,True,True,True,4,False,Wear-out
RL003W07,RL003,7,5.48484,53.948,16.21682,0.97359,1.62625,12.76118,15.22917,19.87952,18.45544,17.00637,0.24665,-0.248,909.6508,65.99262,True,True,True,True,True,True,True,True,True,True,True,True,True,True,1,False,Junction Leak
RL003W08,RL003,8,5.62549,55.97722,15.97739,1.03898,1.56945,13.9456,15.01291,17.77671,18.1599,18.7403,0.25633,-0.23832,965.51269,66.43748,True,True,True,True,True,True,True,True,True,True,True,True,True,True,3,False,Wear-out
RL003W09,RL003,9,5.89549,53.08116,15.38041,1.03058,1.67176,13.48849,16.10061,17.96645,18.11785,18.01792,0.24603,-0.2426,896.06972,68.02444,True,True,True,True,True,True,True,True,True,True,True,True,True,True,6,False,Junction Leak
RL003W10,RL003,10,5.55076,54.86881,16.0429,1.09425,1.5819,13.81843,15.41177,19.20733,18.89934,18.00929,0.25034,-0.23143,940.5386,64.38981,True,True,True,True,True,True,True,True,True,True,True,True,True,True,2,False,Junction Leak
RL003W11,RL003,11,5.75988,54.12566,16.39761,1.07674,1.63339,12.89575,16.04678,18.38048,18.21575,17.74403,0.24066,-0.25693,926.59921,68.36352,True,True,True,True,True,True,True,True,True,True,True,True,True,True,6,False,Vt Shift
RL003W12,RL003,12,5.68036,54.3384,16.35109,0.99237,1.58765,13.42457,15.46298,18.91475,18.5113,18.13457,0.22958,-0.24864,886.31576,65.0557,True,True,True,True,True,True,True,True,True,True,True,True,True,True,4,False,Wear-out
RL003W13,RL003,13,5.48665,56.06777,16.12322,0.99854,1.67001,13.31088,15.90883,17.82057,19.03501,17.31009,0.23604,-0.24147,897.97956,67.81316,True,True,True,True,True,True,True,True,True,True,True,True,True,True,3,False,Metal Migration
RL003W14,RL003,14,5.61344,52.01869,15.83451,1.09896,1.77676,12.48647,14.77797,18.15896,17.90998,18.12755,0.24046,-0.26535,900.59239,66.95319,True,True,True,True,True,True,True,True,True,True,True,True,True,True,5,False,Oxide BD
RL003W15,RL003,15,5.57602,55.62204,15.8952,1.01694,1.75242,12.47209,16.14374,18.18687,18.7308,17.18503,0.23877,-0.26267,926.36817,66.84649,True,True,True,True,True,True,True,True,True,True,True,True,True,True,3,False,Vt Shift
RL003W16,RL003,16,5.73135,54.20171,16.19245,0.99577,1.59928,12.55864,16.0692,18.15833,18.3721,17.99196,0.2688,-0.25737,871.72444,65.92424,True,True,True,True,True,True,True,True,True,True,True,True,True,True,3,False,Oxide BD
RL003W17,RL003,17,5.16865,54.54049,15.9092,1.11066,1.62858,12.44777,14.67924,18.84687,18.30236,16.76639,0.25602,-0.25929,910.04756,67.17792,True,True,True,True,True,True,True,True,True,True,True,True,True,True,6,False,Junction Leak
RL003W18,RL003,18,5.78516,55.30857,15.78502,1.04111,1.68003,12.77689,15.3432,19.5264,18.80888,18.07382,0.22765,-0.25583,936.41064,66.0784,True,True,True,True,True,True,True,True,True,True,True,True,True,True,5,False,Metal Migration
RL003W19,RL003,19,5.30448,54.21585,16.26028,1.04902,1.55078,12.57103,15.43687,18.26976,17.79578,16.90738,0.25085,-0.2387,899.19075,66.27463,True,True,True,True,True,True,True,True,True,True,True,True,True,True,4,False,Fin Collapse
RL003W20,RL003,20,5.69702,54.36593,15.67512,1.06676,1.68494,12.25319,16.17592,17.76031,18.00159,17.54469,0.24047,-0.2634,910.85129,67.44877,True,True,True,True,True,True,True,True,True,True,True,True,True,True,3,False,Wear-out
RL003W21,RL003,21,5.35251,53.89241,15.7009,1.02709,1.69668,12.99352,15.22215,19.01458,18.97126,17.28632,0.23626,-0.24052,843.38573,66.52056,True,True,True,True,True,True,True,True,True,True,True,True,True,True,2,False,Oxide BD
RL003W22,RL003,22,5.57792,55.73095,15.93766,1.0568,1.57552,13.2238,15.86632,18.62813,18.1726,16.97162,0.23676,-0.26778,912.30838,68.7311,True,True,True,True,True,True,True,True,True,True,True,True,True,True,6,False,Contact Open
RL003W23,RL003,23,5.38773,54.33632,16.23895,1.0641,1.68303,12.95106,14.79095,19.42223,18.19579,17.68036,0.24062,-0.2788,905.8167,68.6631,True,True,True,True,True,True,True,True,True,True,True,True,True,True,6,False,Wear-out
RL003W24,RL003,24,5.71846,54.89241,15.84098,1.07801,1.62115,12.6974,15.54968,18.44646,17.80857,17.80605,0.25239,-0.26181,915.42286,69.98294,True,True,True,True,True,True,True,True,True,True,True,True,True,True,6,False,Oxide BD
RL003W25,RL003,25,5.60261,55.26594,16.01769,1.13724,1.71097,12.0908,16.19952,17.63807,17.80201,17.36274,0.23976,-0.2543,919.55036,67.23984,True,True,True,True,True,True,True,True,True,True,True,True,True,True,6,False,Metal Migration
RL004W01,RL004,1,5.84911,54.99323,16.42797,1.03264,1.56336,13.0157,15.79591,17.60733,18.30046,17.3858,0.25608,-0.25673,862.98788,71.06399,True,True,True,True,True,True,True,True,True,True,True,True,True,True,0,True,None
RL004W02,RL004,2,5.41331,54.82291,15.80153,1.0186,1.70394,12.5045,16.20681,18.84266,18.08264,17.26899,0.25886,-0.2598,923.69195,72.47614,True,True,True,True,True,True,True,True,True,True,True,True,True,False,0,True,None
RL004W03,RL004,3,5.34541,52.52307,15.44741,0.96929,1.69266,12.18323,15.81997,18.34235,18.63851,17.14278,0.23535,-0.23888,889.15271,65.68172,True,True,True,True,True,True,True,True,True,True,True,True,True,True,0,True,None
RL004W04,RL004,4,5.60982,54.28787,16.31737,1.00331,1.64372,12.9141,15.39452,18.93659,18.28464,17.71687,0.24583,-0.24612,904.77598,65.14653,True,True,True,True,True,True,True,True,True,True,True,True,True,True,0,True,None
RL004W05,RL004,5,5.29187,54.30832,15.83411,1.02167,1.66504,12.97724,15.68269,17.02486,17.98615,17.86036,0.24982,-0.2596,901.8153,65.62888,True,True,True,True,True,True,True,True,True,True,True,True,True,True,0,True,None
RL004W06,RL004,6,5.58736,53.49647,15.84524,1.0085,1.62645,12.47672,15.24378,17.99053,17.87871,17.59145,0.25206,-0.26552,877.97883,71.28702,True,True,True,True,True,True,True,True,True,True,True,True,True,True,0,True,None
RL004W07,RL004,7,5.92875,53.25491,16.31076,1.03206,1.73802,12.93379,15.62019,18.90891,18.42333,17.6631,0.25456,-0.25495,894.99229,66.23554,True,True,True,True,True,True,True,True,True,True,True,True,True,True,0,True,None
RL004W08,RL004,8,5.77053,54.23669,16.46191,1.06225,1.65199,12.31041,15.48823,18.85625,17.67559,18.49148,0.25182,-0.25167,948.82763,64.32632,True,True,True,True,True,True,True,True,True,True,True,True,True,True,0,True,None
RL004W09,RL004,9,5.93888,53.83155,16.22526,1.00041,1.62408,12.54291,14.95002,18.13478,18.48859,18.13177,0.22798,-0.25509,885.29761,65.44537,True,True,True,True,True,True,True,True,True,True,True,True,True,True,0,True,None
RL004W10,RL004,10,5.57498,52.14928,16.29525,1.01915,1.70935,12.32344,15.46047,17.76983,18.67387,17.31974,0.26043,-0.25907,904.36343,64.98916,True,True,True,True,True,True,True,True,True,True,True,True,True,True,1,False,Contact Open
RL004W11,RL004,11,5.83757,54.71397,15.95888,1.04858,1.62585,12.1295,15.42771,17.93979,18.57737,17.3666,0.24493,-0.25697,939.09511,67.08924,True,True,True,True,True,True,True,True,True,True,True,True,True,True,0,True,None
RL004W12,RL004,12,6.12305,53.46256,16.50223,1.05854,1.74443,12.76512,15.77568,17.67459,18.86784,18.31412,0.25862,-0.26693,872.41075,66.29884,True,True,True,True,True,True,True,True,True,True,True,True,True,True,1,False,Vt Shift
RL004W13,RL004,13,5.36478,51.62281,16.313,0.98099,1.59885,12.60559,15.52453,18.95539,18.23118,16.96571,0.24409,-0.27304,898.86703,65.90202,True,True,True,True,True,True,True,True,True,True,True,True,True,True,0,True,None
RL004W14,RL004,14,5.6816,55.28188,16.17915,0.98408,1.60789,13.10093,15.73124,17.76757,17.68517,17.80147,0.2559,-0.25355,920.93573,66.74413,True,True,True,True,True,True,True,True,True,True,True,True,True,True,0,True,None
RL004W15,RL004,15,5.68257,54.43078,16.43796,1.03266,1.75701,12.987,16.02143,19.68195,19.11875,16.35075,0.25434,-0.26778,874.59007,68.20904,True,True,True,True,True,True,True,True,True,True,True,True,True,True,0,True,None
RL004W16,RL004,16,5.61748,52.9568,16.33765,0.98384,1.71525,13.13618,15.41532,17.39412,18.33641,17.92042,0.24714,-0.25664,895.9171,65.36036,True,True,True,True,True,True,True,True,True,True,True,True,True,True,0,True,None
RL004W17,RL004,17,5.68928,54.71871,16.02048,1.06334,1.73891,12.98206,15.39662,18.94242,18.07757,17.7078,0.24038,-0.26161,912.33676,65.45448,True,True,True,True,True,True,True,True,True,True,True,True,True,True,1,False,Junction Leak
RL004W18,RL004,18,5.41942,52.51419,16.26271,1.02383,1.65749,12.72858,15.83718,19.06198,18.47009,17.68134,0.2471,-0.26984,946.39987,65.01431,True,True,True,True,True,True,True,True,True,True,True,True,True,True,0,True,None
RL004W19,RL004,19,5.35047,55.20059,15.97922,0.95082,1.7127,14.22461,15.24476,19.14727,17.63344,18.03094,0.23602,-0.25217,887.82187,67.35387,True,True,True,True,True,True,True,True,True,True,True,True,True,True,0,True,None
RL004W20,RL004,20,5.66901,55.19027,16.6664,1.13813,1.67975,12.88141,15.23061,18.31404,18.36455,17.86174,0.26248,-0.25496,906.76848,66.52672,True,True,True,True,True,True,True,True,True,True,True,True,True,True,0,True,None
RL004W21,RL004,21,5.61094,55.05461,16.38753,0.98312,1.69688,12.92934,15.89775,18.69072,18.12239,16.95871,0.23992,-0.25925,955.86775,69.73602,True,True,True,True,True,True,True,True,True,True,True,True,True,True,0,True,None
RL004W22,RL004,22,5.85938,54.98076,16.41684,1.0931,1.68106,12.49826,15.73432,19.02115,18.79898,17.65882,0.26263,-0.25261,912.45414,66.94884,True,True,True,True,True,True,True,True,True,True,True,True,True,True,0,True,None
RL004W23,RL004,23,5.78598,54.78981,16.40643,1.05196,1.67768,13.00951,14.91664,18.00171,18.44096,17.2817,0.24143,-0.24655,933.84272,68.83065,True,True,True,True,True,True,True,True,True,True,True,True,True,True,0,True,None
RL004W24,RL004,24,6.11084,54.92122,16.78585,1.09555,1.73881,11.92877,16.51059,16.86277,18.29078,18.28762,0.25602,-0.2523,876.49962,71.23172,True,True,True,True,True,True,True,False,True,True,True,True,True,True,4,False,Oxide BD
RL004W25,RL004,25,5.82434,53.75015,15.98453,1.10195,1.72093,12.13836,15.53285,18.28579,18.74548,17.62791,0.25046,-0.25326,920.62727,67.52436,True,True,True,True,True,True,True,True,True,True,True,True,True,True,0,True,None
RL005W01,RL005,1,6.83936,56.91711,16.45535,1.13089,1.7785,12.28075,15.59055,18.80306,18.71077,17.82149,0.27942,-0.28263,840.0768,73.41501,False,True,True,True,True,True,True,True,True,True,False,True,True,False,0,True,None
RL005W02,RL005,2,6.71765,54.09826,16.59875,1.13229,1.79949,12.123,15.33881,19.11369,19.31526,18.37588,0.28653,-0.28397,876.7804,67.94741,False,True,True,True,True,True,True,True,True,True,False,True,True,True,0,True,None
RL005W03,RL005,3,6.00903,56.2074,16.48669,1.17364,1.78167,11.35425,15.28641,18.81693,18.60552,18.84541,0.26279,-0.28205,858.1138,69.52584,True,True,True,False,True,False,True,True,True,True,True,True,True,True,0,True,None
RL005W04,RL005,4,5.91205,54.74755,16.27302,1.00542,1.7436,12.65969,15.51095,19.09015,18.42812,17.35389,0.2574,-0.26162,883.92809,65.88178,True,True,True,True,True,True,True,True,True,True,True,True,True,True,0,True,None
RL005W05,RL005,5,5.98828,55.16812,16.28971,1.10689,1.72285,11.60547,15.37319,19.34956,18.20778,17.45264,0.28447,-0.29554,887.63861,66.43489,True,True,True,True,True,True,True,True,True,True,False,False,True,True,0,True,None
RL005W06,RL005,6,5.86613,55.46496,16.11395,1.16474,1.66224,12.14491,15.64598,17.92339,17.99171,18.27416,0.27364,-0.26042,838.52302,66.73483,True,True,True,False,True,True,True,True,True,True,True,True,True,True,0,True,None
RL005W07,RL005,7,5.90574,55.16353,16.25978,1.10248,1.7724,12.60631,15.89596,18.74708,17.985,18.12477,0.27539,-0.28902,868.06287,67.59749,True,True,True,True,True,True,True,True,True,True,False,False,True,True,0,True,None
RL005W08,RL005,8,5.92331,53.4125,16.49364,1.11581,1.63589,12.23912,15.72859,18.95517,18.48463,18.40877,0.27627,-0.26791,871.66541,71.86404,True,True,True,True,True,True,True,True,True,True,False,True,True,True,0,True,None
RL005W09,RL005,9,5.96473,52.68274,16.96686,1.10489,1.78135,12.33867,15.7568,19.06758,18.51011,17.38838,0.26681,-0.2828,927.17069,65.93239,True,True,True,True,True,True,True,True,True,True,True,True,True,True,0,True,None
RL005W10,RL005,10,5.75486,54.56705,16.35291,1.11434,1.78634,12.71681,15.7978,18.87981,17.53172,17.80531,0.25834,-0.2787,875.13886,67.90792,True,True,True,True,True,True,True,True,True,True,True,True,True,True,0,True,None
RL005W11,RL005,11,6.0131,56.83149,16.19257,1.0952,1.74161,12.06995,15.88403,18.81706,18.83704,17.41604,0.27513,-0.27561,860.86117,70.97841,True,True,True,True,True,True,True,True,True,True,False,True,True,True,0,True,None
RL005W12,RL005,12,6.05435,54.99872,16.44137,1.13193,1.59834,12.82276,15.75642,19.5377,19.64002,18.31055,0.27823,-0.25624,866.0651,69.01898,True,True,True,True,True,True,True,True,True,True,False,True,True,True,0,True,None
RL005W13,RL005,13,6.28328,57.57425,16.54555,1.17196,1.76987,12.59009,16.42365,17.90985,17.61956,17.88628,0.28661,-0.2953,867.93009,67.80278,True,True,True,False,True,True,True,True,True,True,False,False,True,True,1,False,Wear-out
RL005W14,RL005,14,6.1236,56.41157,16.10068,1.11024,1.74287,11.95368,14.96472,18.65205,18.3401,17.78396,0.25074,-0.25701,886.48496,68.71109,True,True,True,True,True,True,True,True,True,True,True,True,True,True,0,True,None
RL005W15,RL005,15,5.61824,56.22449,16.56742,1.02833,1.69794,13.068,16.19915,18.91289,18.2614,16.89816,0.26892,-0.26877,899.50439,68.67696,True,True,True,True,True,True,True,True,True,True,True,True,True,True,0,True,None
RL005W16,RL005,16,5.69154,56.97405,16.97562,1.10359,1.73653,13.23412,16.08965,19.11821,18.39027,18.02162,0.29072,-0.2697,853.69582,69.84114,True,True,True,True,True,True,True,True,True,True,False,True,True,True,0,True,None
RL005W17,RL005,17,6.15101,56.53421,17.07844,1.1412,1.767,11.99258,16.63602,18.87102,19.54001,18.65464,0.26388,-0.28069,858.04166,68.66188,True,True,True,True,True,True,True,True,True,True,True,True,True,True,1,False,Contact Open
RL005W18,RL005,18,6.16767,55.69887,16.47815,1.20252,1.68115,12.33846,16.40877,19.98981,19.12379,17.35327,0.257,-0.27642,875.47346,69.77274,True,True,True,False,True,True,True,True,True,True,True,True,True,True,0,True,None
RL005W19,RL005,19,5.96561,52.61046,15.97233,1.1745,1.74651,12.58404,15.67884,18.13947,18.06217,18.11723,0.25537,-0.26035,906.46693,69.74139,True,True,True,False,True,True,True,True,True,True,True,True,True,True,0,True,None
RL005W20,RL005,20,5.93591,55.56344,15.95211,1.09351,1.73117,11.70977,16.93089,19.27493,18.61763,18.49113,0.27585,-0.2652,876.46233,67.1383,True,True,True,True,True,True,True,True,True,True,False,True,True,True,0,True,None
RL005W21,RL005,21,5.86714,53.93914,16.18395,1.09577,1.65122,11.61768,16.10994,18.77537,18.70434,17.70128,0.27705,-0.27747,926.54756,66.28242,True,True,True,True,True,True,True,True,True,True,False,True,True,True,0,True,None
RL005W22,RL005,22,5.8328,55.22563,16.40412,1.05533,1.70095,11.65605,15.24775,19.42036,17.76734,17.72343,0.28082,-0.26989,857.60743,69.50357,True,True,True,True,True,True,True,True,True,True,False,True,True,True,0,True,None
RL005W23,RL005,23,5.60311,53.20961,16.18304,1.04117,1.72682,11.84445,16.36683,19.33556,18.7644,18.07233,0.26102,-0.26666,875.18223,70.08691,True,True,True,True,True,True,True,True,True,True,True,True,True,True,0,True,None
RL005W24,RL005,24,6.35815,57.19422,16.6768,1.14163,1.76758,11.55543,16.57103,18.72822,18.50899,17.82297,0.29294,-0.29824,814.30737,72.32146,True,True,True,True,True,True,True,True,True,True,False,False,False,False,2,False,Fin Collapse
RL005W25,RL005,25,6.47538,54.36761,16.40364,1.14267,1.91654,12.1153,16.12727,18.187,18.88925,18.23707,0.27787,-0.27084,870.48743,69.02002,False,True,True,True,False,True,True,True,True,True,False,True,True,True,0,True,None
RL006W01,RL006,1,6.02058,54.18731,17.26288,1.0664,1.68482,12.06944,15.51084,18.1862,17.96445,18.15347,0.24648,-0.27544,880.14997,72.04574,True,True,True,True,True,True,True,True,True,True,True,True,True,False,0,True,None
RL006W02,RL006,2,6.02193,53.05529,16.40989,1.14906,1.56115,12.90751,15.52597,18.89965,18.84234,17.66592,0.26345,-0.26345,864.68873,67.23873,True,True,True,True,True,True,True,True,True,True,True,True,True,True,1,False,Vt Shift
RL006W03,RL006,3,5.47695,53.74172,16.09733,0.94309,1.6823,12.74551,15.7019,18.5395,17.94767,16.5931,0.25479,-0.23343,916.59113,66.33655,True,True,True,True,True,True,True,True,True,True,True,True,True,True,1,False,Oxide BD
RL006W04,RL006,4,5.58696,53.52773,16.32898,1.05577,1.68574,12.97315,15.71123,18.34764,17.30511,18.15021,0.26382,-0.25656,944.59473,70.82894,True,True,True,True,True,True,True,True,True,True,True,True,True,True,0,True,None
RL006W05,RL006,5,5.14341,54.62055,15.89086,1.01793,1.66397,13.10962,15.15539,19.6157,19.14503,17.28323,0.23893,-0.25442,932.16004,66.94612,True,True,True,True,True,True,True,True,True,True,True,True,True,True,0,True,None
RL006W06,RL006,6,5.51884,55.32852,16.57476,1.03033,1.74781,13.3541,15.36972,18.09829,18.82672,18.06033,0.25358,-0.27608,883.18944,67.1845,True,True,True,True,True,True,True,True,True,True,True,True,True,True,0,True,None
RL006W07,RL006,7,5.86868,54.65158,16.6054,1.03158,1.61694,13.18256,16.10069,18.21738,18.03141,17.63117,0.24878,-0.26305,909.48231,67.60194,True,True,True,True,True,True,True,True,True,True,True,True,True,True,0,True,None
RL006W08,RL006,8,5.45315,56.5566,16.47421,0.99384,1.59735,12.79788,16.4957,18.78362,18.12803,17.6402,0.2639,-0.26283,876.64217,67.92984,True,True,True,True,True,True,True,True,True,True,True,True,True,True,0,True,None
RL006W09,RL006,9,5.57552,52.06133,16.02071,1.0107,1.67485,12.54264,15.29052,18.96633,19.06859,17.21588,0.22982,-0.26796,922.8825,69.77854,True,True,True,True,True,True,True,True,True,True,True,True,True,True,0,True,None
RL006W10,RL006,10,5.92991,53.68098,15.91727,1.05179,1.66487,12.81991,16.32324,18.24476,17.74618,17.94293,0.24109,-0.25661,945.35322,65.62918,True,True,True,True,True,True,True,True,True,True,True,True,True,True,0,True,None
RL006W11,RL006,11,5.32747,53.02454,16.03259,1.02693,1.60777,12.81743,15.32419,18.36991,17.69133,18.27394,0.25893,-0.25144,936.09048,68.37368,True,True,True,True,True,True,True,True,True,True,True,True,True,True,0,True,None
RL006W12,RL006,12,5.68777,54.76108,16.20947,1.08,1.79183,12.71323,16.31497,17.75367,19.42235,18.19833,0.26389,-0.25633,910.53557,69.56413,True,True,True,True,True,True,True,True,True,True,True,True,True,True,0,True,None
RL006W13,RL006,13,5.56993,54.17916,15.94267,0.98866,1.62747,13.17197,16.74403,18.13832,18.04362,17.26989,0.23949,-0.25912,918.67608,65.53453,True,True,True,True,True,True,True,True,True,True,True,True,True,True,0,True,None
RL006W14,RL006,14,5.42072,53.46547,16.45497,1.02125,1.6392,13.54492,15.12169,18.77352,18.8389,17.10169,0.22849,-0.28108,882.94539,65.04976,True,True,True,True,True,True,True,True,True,True,True,True,True,True,0,True,None
RL006W15,RL006,15,5.53181,55.14826,15.46076,1.04972,1.60749,12.483,15.50764,18.20404,18.83127,16.64104,0.24565,-0.23239,944.2497,67.36797,True,True,True,True,True,True,True,True,True,True,True,True,True,True,0,True,None
RL006W16,RL006,16,5.90478,53.85523,15.81594,1.03361,1.67595,12.42711,15.05334,17.85794,17.87939,17.12789,0.23792,-0.23708,882.84845,66.76738,True,True,True,True,True,True,True,True,True,True,True,True,True,True,0,True,None
RL006W17,RL006,17,5.68123,53.48533,15.72815,0.98189,1.79424,13.34587,15.97032,18.48569,18.76856,17.39938,0.24145,-0.2556,877.26472,67.00036,True,True,True,True,True,True,True,True,True,True,True,True,True,True,0,True,None
RL006W18,RL006,18,5.51127,55.07706,15.98997,1.0868,1.60737,13.45759,15.23931,18.91617,18.02378,17.8586,0.24172,-0.24791,936.15356,67.17495,True,True,True,True,True,True,True,True,True,True,True,True,True,True,0,True,None
RL006W19,RL006,19,5.43619,52.37428,16.16817,1.02343,1.6969,13.31439,16.14718,19.05944,17.436,17.8868,0.25246,-0.24978,904.84456,66.59824,True,True,True,True,True,True,True,True,True,True,True,True,True,True,0,True,None
RL006W20,RL006,20,5.43881,53.07402,15.59006,0.95531,1.74497,13.31359,15.21888,16.80542,18.75357,17.81307,0.23701,-0.2527,905.24864,65.27442,True,True,True,True,True,True,True,False,True,True,True,True,True,True,0,True,None
RL006W21,RL006,21,5.81019,53.15121,16.3846,1.09083,1.73503,12.30966,15.83852,18.03503,17.99718,17.74598,0.25314,-0.25606,932.60524,67.08945,True,True,True,True,True,True,True,True,True,True,True,True,True,True,0,True,None
RL006W22,RL006,22,5.84384,51.144,16.58276,1.03133,1.62451,14.35622,16.09765,18.21877,18.183,18.17517,0.24166,-0.24096,902.37936,66.9913,True,True,True,True,True,True,True,True,True,True,True,True,True,True,0,True,None
RL006W23,RL006,23,5.22679,54.34398,16.33545,0.97838,1.73426,13.68571,15.75737,19.08781,18.86212,17.36834,0.2479,-0.26388,908.13469,68.32301,True,True,True,True,True,True,True,True,True,True,True,True,True,True,0,True,None
RL006W24,RL006,24,6.02648,55.13512,16.0468,1.11426,1.66917,11.56351,15.63509,18.58727,17.91324,18.58208,0.27275,-0.26006,942.01514,65.6667,True,True,True,True,True,True,True,True,True,True,True,True,True,True,0,True,None
RL006W25,RL006,25,5.61391,53.0182,15.92716,1.00683,1.79707,13.09964,14.73199,18.62544,18.54487,17.49245,0.24526,-0.26229,914.23685,69.60126,True,True,True,True,True,True,True,True,True,True,True,True,True,True,1,False,Junction Leak
RL007W01,RL007,1,5.97128,55.60872,16.20047,1.15894,1.64363,12.69221,16.02289,17.08445,18.10713,17.6883,0.26419,-0.28165,862.15539,70.53712,True,True,True,False,True,True,True,True,True,True,True,True,True,True,8,False,Wear-out
RL007W02,RL007,2,6.27282,53.97228,16.25052,1.08541,1.71126,12.6217,15.94902,18.82728,18.45423,18.09679,0.2663,-0.26271,920.34761,68.64184,True,True,True,True,True,True,True,True,True,True,True,True,True,True,6,False,Contact Open
RL007W03,RL007,3,5.61987,55.18464,16.37898,1.12993,1.66338,11.96572,15.35436,18.34267,18.23276,17.33133,0.26216,-0.24133,897.38384,67.58648,True,True,True,True,True,True,True,True,True,True,True,True,True,True,4,False,Oxide BD
RL007W04,RL007,4,5.66352,56.20693,15.88288,1.15432,1.69213,12.44459,15.57115,17.50585,17.73494,17.31157,0.25088,-0.25839,858.05622,67.22628,True,True,True,False,True,True,True,True,True,True,True,True,True,True,7,False,Vt Shift
RL007W05,RL007,5,5.75731,56.5632,15.72834,1.11237,1.70855,11.99075,15.38105,18.0074,18.56744,16.47231,0.25358,-0.25394,928.07865,67.52778,True,True,True,True,True,True,True,True,True,True,True,True,True,True,7,False,Junction Leak
RL007W06,RL007,6,5.35899,54.44214,15.91886,1.1286,1.72687,13.20323,15.9767,19.04522,18.69654,17.74884,0.25475,-0.24521,921.56095,69.54681,True,True,True,True,True,True,True,True,True,True,True,True,True,True,4,False,Vt Shift
RL007W07,RL007,7,6.18482,54.83045,15.89304,1.08903,1.81873,12.32341,16.75362,18.13659,18.45531,16.92679,0.25589,-0.2551,941.25047,71.00021,True,True,True,True,True,True,True,True,True,True,True,True,True,True,8,False,Junction Leak
RL007W08,RL007,8,5.15236,54.72386,16.3821,1.11593,1.63369,13.24576,15.27286,18.15446,18.29793,17.06032,0.24588,-0.27366,907.17285,69.19575,True,True,True,True,True,True,True,True,True,True,True,True,True,True,5,False,Vt Shift
RL007W09,RL007,9,5.93659,52.80429,16.17587,1.05786,1.68296,12.25359,15.67557,19.27572,18.39933,17.32824,0.25955,-0.25668,904.99203,64.56979,True,True,True,True,True,True,True,True,True,True,True,True,True,True,5,False,Wear-out
RL007W10,RL007,10,5.90672,54.56488,16.02117,1.07679,1.83093,13.78441,15.46834,17.10546,18.07571,17.62438,0.27173,-0.26796,906.05253,67.20206,True,True,True,True,True,True,True,True,True,True,True,True,True,True,6,False,Vt Shift
RL007W11,RL007,11,6.23791,56.43172,16.956,1.05407,1.68767,13.25714,15.82255,19.07156,18.74093,17.64965,0.26578,-0.2659,858.33023,69.39296,True,True,True,True,True,True,True,True,True,True,True,True,True,True,6,False,Fin Collapse
RL007W12,RL007,12,5.85108,53.92002,16.1464,1.13558,1.83427,12.30332,15.58378,18.15539,18.9841,18.36311,0.24735,-0.27893,902.13475,64.45296,True,True,True,True,True,True,True,True,True,True,True,True,True,True,7,False,Junction Leak
RL007W13,RL007,13,5.64823,52.09536,16.56373,1.10637,1.60639,12.53209,16.08131,17.90639,18.37863,17.79676,0.26136,-0.25931,897.76334,68.2768,True,True,True,True,True,True,True,True,True,True,True,True,True,True,8,False,Wear-out
RL007W14,RL007,14,5.88999,52.71774,16.73284,1.1715,1.77395,12.43729,15.71634,18.79217,18.38304,17.51328,0.25388,-0.25896,902.88749,66.73122,True,True,True,False,True,True,True,True,True,True,True,True,True,True,7,False,Junction Leak
RL007W15,RL007,15,5.60417,53.86694,16.46406,1.13729,1.66168,12.82572,15.26287,19.05074,18.05885,16.26479,0.25764,-0.25751,898.87847,67.61616,True,True,True,True,True,True,True,True,True,True,True,True,True,True,6,False,Contact Open
RL007W16,RL007,16,5.55032,52.30336,16.30915,1.13034,1.70418,12.98418,15.7499,18.31534,18.61677,17.74007,0.23857,-0.26652,943.39507,67.32673,True,True,True,True,True,True,True,True,True,True,True,True,True,True,4,False,Contact Open
RL007W17,RL007,17,5.99565,54.12245,16.00063,1.16114,1.73774,13.02214,15.81761,17.67764,17.55023,17.60304,0.27126,-0.27382,903.69077,69.06527,True,True,True,False,True,True,True,True,True,True,True,True,True,True,5,False,Metal Migration
RL007W18,RL007,18,5.65635,54.35877,15.8279,1.08118,1.7165,13.67584,15.94238,18.73727,18.45766,17.13372,0.2571,-0.25481,879.9661,69.62719,True,True,True,True,True,True,True,True,True,True,True,True,True,True,8,False,Oxide BD
RL007W19,RL007,19,5.54561,54.26753,15.95267,1.1626,1.71943,12.2278,16.37578,18.89676,18.05248,17.63576,0.26218,-0.26871,879.11072,67.23612,True,True,True,False,True,True,True,True,True,True,True,True,True,True,3,False,Vt Shift
RL007W20,RL007,20,5.91927,56.19616,16.60198,1.11293,1.69282,13.71052,15.58787,18.43576,18.75862,17.99825,0.25638,-0.26328,898.81226,68.66033,True,True,True,True,True,True,True,True,True,True,True,True,True,True,6,False,Fin Collapse
RL007W21,RL007,21,5.54499,54.47174,16.56234,1.08487,1.62566,12.12955,15.04567,18.45363,17.67233,17.92626,0.26162,-0.26097,876.20266,62.98506,True,True,True,True,True,True,True,True,True,True,True,True,True,True,6,False,Oxide BD
RL007W22,RL007,22,6.28024,51.80935,16.49133,1.04505,1.67041,12.46919,15.95448,17.95627,19.00792,16.92589,0.24687,-0.26341,902.40841,70.00418,True,True,True,True,True,True,True,True,True,True,True,True,True,True,5,False,Vt Shift
RL007W23,RL007,23,6.05566,55.41674,15.90076,1.08768,1.6732,12.58808,15.69233,17.12698,17.94076,17.93588,0.2585,-0.255,906.4389,66.03381,True,True,True,True,True,True,True,True,True,True,True,True,True,True,6,False,Fin Collapse
RL007W24,RL007,24,5.86404,54.38353,16.14814,1.14376,1.70438,12.97994,15.85787,17.58121,18.06531,17.29632,0.27847,-0.26995,866.44539,67.36063,True,True,True,True,True,True,True,True,True,True,False,True,True,True,7,False,Wear-out
RL007W25,RL007,25,6.21866,53.28094,16.43481,1.11986,1.80972,12.72155,16.42215,18.99705,18.16845,16.80734,0.26879,-0.25677,858.17377,67.26203,True,True,True,True,True,True,True,True,True,True,True,True,True,True,8,False,Metal Migration
RL008W01,RL008,1,5.92399,53.04069,16.16875,1.14306,1.72369,12.48022,16.04305,19.5935,17.90555,18.15179,0.24175,-0.2843,898.63014,67.00616,True,True,True,True,True,True,True,True,True,True,True,True,True,True,2,False,Contact Open
RL008W02,RL008,2,5.66118,53.72416,15.91149,1.15171,1.76393,11.99078,15.61811,19.68277,18.55209,17.94717,0.26577,-0.27167,859.23939,67.80019,True,True,True,False,True,True,True,True,True,True,True,True,True,True,2,False,Contact Open
RL008W03,RL008,3,5.61074,55.26276,16.70135,1.07769,1.68302,13.14804,15.85806,19.53392,18.89389,17.14974,0.26716,-0.25485,853.49601,71.33674,True,True,True,True,True,True,True,True,True,True,True,True,True,True,0,True,None
RL008W04,RL008,4,5.48329,54.01005,16.30886,1.11669,1.77777,12.9502,15.78861,19.21205,19.79861,18.38977,0.26603,-0.25235,902.93126,68.49959,True,True,True,True,True,True,True,True,True,True,True,True,True,True,0,True,None
RL008W05,RL008,5,5.94125,51.96784,16.33853,1.07459,1.65448,13.48487,14.8099,18.20456,18.63122,17.51337,0.24612,-0.25575,963.28192,65.7292,True,True,True,True,True,True,True,True,True,True,True,True,True,True,0,True,None
RL008W06,RL008,6,5.72749,55.8105,15.8409,1.12222,1.64508,13.17402,15.78974,19.03439,17.89371,17.46414,0.27431,-0.2539,885.89262,68.17108,True,True,True,True,True,True,True,True,True,True,True,True,True,True,1,False,Oxide BD
RL008W07,RL008,7,5.68025,55.71481,16.51686,1.12816,1.65975,12.47048,15.34875,18.67618,19.39846,18.16976,0.26104,-0.25083,877.91171,66.43031,True,True,True,True,True,True,True,True,True,True,True,True,True,True,1,False,Wear-out
RL008W08,RL008,8,5.68019,54.38348,16.26166,1.13994,1.6904,13.3336,15.14497,19.11436,17.82156,17.56196,0.251,-0.27155,892.36794,68.8497,True,True,True,True,True,True,True,True,True,True,True,True,True,True,2,False,Contact Open
RL008W09,RL008,9,5.34723,55.66809,15.76378,1.06924,1.63934,13.20876,15.63189,18.55886,18.37306,17.23703,0.24896,-0.27817,885.74525,68.7071,True,True,True,True,True,True,True,True,True,True,True,True,True,True,0,True,None
RL008W10,RL008,10,5.78919,54.6267,16.06439,1.12333,1.67912,12.75509,15.79899,19.33885,19.88665,17.71718,0.24881,-0.27591,861.47908,69.2498,True,True,True,True,True,True,True,True,True,True,True,True,True,True,0,True,None
RL008W11,RL008,11,5.75164,55.31831,16.21219,1.0457,1.7292,12.66181,15.77127,18.46063,19.50611,17.08695,0.25071,-0.23922,907.15506,66.77888,True,True,True,True,True,True,True,True,True,True,True,True,True,True,0,True,None
RL008W12,RL008,12,5.70977,52.57861,16.41298,1.11452,1.72448,12.08489,16.37079,18.78555,18.37794,17.04501,0.25848,-0.26303,938.28294,70.59542,True,True,True,True,True,True,True,True,True,True,True,True,True,True,2,False,Oxide BD
RL008W13,RL008,13,5.66486,54.56385,15.8473,1.03459,1.57258,12.8793,15.5848,19.53275,17.89071,17.40168,0.26657,-0.27389,891.6379,66.3657,True,True,True,True,True,True,True,True,True,True,True,True,True,True,0,True,None
RL008W14,RL008,14,5.60774,56.01172,16.57033,1.07138,1.76277,12.3956,15.70852,19.41812,18.6121,17.74338,0.27139,-0.25929,922.67692,68.38923,True,True,True,True,True,True,True,True,True,True,True,True,True,True,1,False,Junction Leak
RL008W15,RL008,15,6.22687,53.41401,15.87779,1.09726,1.65072,12.75327,15.43601,18.7185,18.36973,17.57419,0.27131,-0.25805,911.1362,69.52273,True,True,True,True,True,True,True,True,True,True,True,True,True,True,0,True,None
RL008W16,RL008,16,6.0931,53.63937,16.73777,1.1591,1.65103,12.04498,15.24916,18.2375,18.15151,17.93988,0.26139,-0.26759,911.82325,70.14462,True,True,True,False,True,True,True,True,True,True,True,True,True,True,2,False,Fin Collapse
RL008W17,RL008,17,6.00515,55.12234,16.26925,1.10114,1.71583,12.46391,16.0812,18.15205,18.46769,17.68876,0.27009,-0.27169,886.19601,70.09188,True,True,True,True,True,True,True,True,True,True,True,True,True,True,2,False,Fin Collapse
RL008W18,RL008,18,5.80714,54.4887,16.28007,1.10943,1.74081,12.58125,15.64421,19.93491,18.49779,18.43181,0.27328,-0.26973,901.03409,66.59565,True,True,True,True,True,True,True,True,True,True,True,True,True,True,3,False,Contact Open
RL008W19,RL008,19,5.44813,52.63361,16.96024,1.08412,1.73438,12.83501,15.77762,18.99818,19.22895,18.24614,0.25387,-0.26635,896.76566,65.32867,True,True,True,True,True,True,True,True,True,True,True,True,True,True,1,False,Vt Shift
RL008W20,RL008,20,5.64441,51.6932,16.30548,1.05631,1.6971,12.662,15.49173,18.67975,18.34761,16.60759,0.24277,-0.258,906.4639,66.84771,True,True,True,True,True,True,True,True,True,True,True,True,True,True,0,True,None
RL008W21,RL008,21,5.88663,52.76248,15.86979,1.10461,1.67494,12.19769,15.63037,19.71484,18.85693,17.95174,0.26648,-0.2717,914.91667,66.09214,True,True,True,True,True,True,True,True,True,True,True,True,True,True,0,True,None
RL008W22,RL008,22,6.06981,55.16003,15.93712,1.10139,1.60321,12.29212,16.49518,18.70688,19.25632,17.62825,0.26666,-0.2697,885.09631,72.85441,True,True,True,True,True,True,True,True,True,True,True,True,True,False,2,False,Oxide BD
RL008W23,RL008,23,5.78702,53.4929,16.38556,1.09057,1.67627,12.34791,15.34076,18.67372,17.78167,17.95926,0.2378,-0.27769,898.00622,67.69759,True,True,True,True,True,True,True,True,True,True,True,True,True,True,2,False,Wear-out
RL008W24,RL008,24,5.86848,54.88748,16.41449,1.06652,1.78169,13.22928,14.88734,19.0746,19.17422,17.55851,0.27557,-0.25794,894.37293,71.51289,True,True,True,True,True,True,True,True,True,True,False,True,True,True,2,False,Fin Collapse
RL008W25,RL008,25,5.93042,55.75102,15.95493,1.12087,1.75436,12.30887,15.22143,18.71395,18.71094,17.08301,0.25878,-0.2418,883.6208,70.79024,True,True,True,True,True,True,True,True,True,True,True,True,True,True,2,False,Junction Leak
RL009W01,RL009,1,5.45735,54.02743,16.02204,1.14119,1.72341,12.10297,15.8631,18.26142,18.78226,18.47957,0.23272,-0.25798,833.3322,69.57901,True,True,True,True,True,True,True,True,True,True,True,True,True,True,1,False,Fin Collapse
RL009W02,RL009,2,5.88247,58.37839,16.0494,1.00395,1.69783,12.28916,14.56252,19.81022,18.59999,16.91655,0.25626,-0.24838,892.84921,65.64271,True,False,True,True,True,True,True,True,True,True,True,True,True,True,0,True,None
RL009W03,RL009,3,5.68205,53.98961,16.3162,1.08358,1.59289,13.07509,15.93035,18.7644,18.92482,17.43625,0.23207,-0.25302,940.74853,66.67718,True,True,True,True,True,True,True,True,True,True,True,True,True,True,0,True,None
RL009W04,RL009,4,5.67543,55.13838,16.40105,1.03037,1.81008,12.49384,15.98172,18.45557,19.02222,17.69904,0.24394,-0.2502,873.70083,65.88203,True,True,True,True,True,True,True,True,True,True,True,True,True,True,0,True,None
RL009W05,RL009,5,5.48785,50.60534,15.71024,0.99,1.65907,13.08216,15.39048,18.75597,19.46528,16.96172,0.24363,-0.24242,942.44801,67.3787,True,True,True,True,True,True,True,True,True,True,True,True,True,True,0,True,None
RL009W06,RL009,6,5.42982,53.35859,15.7172,0.99993,1.63416,12.61784,16.0269,18.90508,19.13004,16.87333,0.23846,-0.24083,878.9161,66.77301,True,True,True,True,True,True,True,True,True,True,True,True,True,True,0,True,None
RL009W07,RL009,7,5.24076,53.75745,16.01528,1.12513,1.6135,12.89055,15.09654,19.09745,19.94117,17.73614,0.2538,-0.25241,935.56732,64.81249,True,True,True,True,True,True,True,True,True,True,True,True,True,True,0,True,None
RL009W08,RL009,8,5.61103,53.5069,16.27818,1.08424,1.8337,13.6051,15.96065,18.85263,18.97218,17.52943,0.2508,-0.25032,928.59762,66.57969,True,True,True,True,True,True,True,True,True,True,True,True,True,True,0,True,None
RL009W09,RL009,9,5.90658,54.86269,15.7896,1.04201,1.81756,13.08413,16.10224,18.38709,18.34283,18.2905,0.24464,-0.26378,897.47428,68.36314,True,True,True,True,True,True,True,True,True,True,True,True,True,True,0,True,None
RL009W10,RL009,10,5.50523,56.07365,16.60434,1.11209,1.70761,13.1428,15.23259,17.68714,18.74001,17.34724,0.24884,-0.27309,961.82677,67.97902,True,True,True,True,True,True,True,True,True,True,True,True,True,True,0,True,None
RL009W11,RL009,11,5.67982,53.55749,15.74934,0.99932,1.66899,13.4477,15.5137,19.22455,18.29438,17.30479,0.22842,-0.26319,879.4513,65.74728,True,True,True,True,True,True,True,True,True,True,True,True,True,True,0,True,None
RL009W12,RL009,12,5.45573,53.19365,16.45661,1.12138,1.67802,12.75917,15.58018,19.42305,19.09992,17.93279,0.25275,-0.25776,897.72999,66.39196,True,True,True,True,True,True,True,True,True,True,True,True,True,True,0,True,None
RL009W13,RL009,13,5.60803,53.24514,16.328,1.05069,1.65507,12.97222,15.7768,19.48909,17.86169,17.08774,0.25233,-0.25613,966.58363,66.94485,True,True,True,True,True,True,True,True,True,True,True,True,True,True,0,True,None
RL009W14,RL009,14,5.83638,53.94643,15.3077,1.05747,1.53869,12.77453,15.33829,18.9357,18.58309,16.60177,0.25196,-0.26194,905.36313,64.13292,True,True,True,True,True,True,True,True,True,True,True,True,True,True,0,True,None
RL009W15,RL009,15,5.71446,54.67516,15.87175,1.0529,1.62931,12.29491,15.4303,18.76693,18.51126,17.17054,0.23491,-0.24375,936.64404,66.66294,True,True,True,True,True,True,True,True,True,True,True,True,True,True,0,True,None
RL009W16,RL009,16,5.75004,53.78137,15.89714,1.05852,1.61145,12.92091,15.79733,18.57575,18.91914,18.23286,0.23858,-0.25761,915.44749,66.01067,True,True,True,True,True,True,True,True,True,True,True,True,True,True,0,True,None
RL009W17,RL009,17,4.92518,54.4583,16.51677,1.08506,1.62214,13.69581,15.87388,18.78798,18.55406,17.80793,0.2513,-0.25443,888.97431,67.31517,True,True,True,True,True,True,True,True,True,True,True,True,True,True,0,True,None
RL009W18,RL009,18,5.18071,55.11582,16.50615,1.11397,1.52385,13.06631,14.99095,19.17812,19.13011,17.01324,0.25002,-0.25676,918.9681,66.39945,True,True,True,True,True,True,True,True,True,True,True,True,True,True,0,True,None
RL009W19,RL009,19,5.3893,52.43779,15.50452,1.0839,1.60705,12.67211,16.18372,19.19199,19.30499,17.31949,0.2732,-0.23888,869.95175,63.40772,True,True,True,True,True,True,True,True,True,True,True,True,True,True,1,False,Fin Collapse
RL009W20,RL009,20,5.93123,54.20502,16.52347,1.0702,1.65605,12.76838,15.50133,19.76274,18.95112,17.93511,0.23895,-0.2329,925.74349,65.02884,True,True,True,True,True,True,True,True,True,True,True,True,True,True,0,True,None
RL009W21,RL009,21,5.39701,54.30141,16.22995,1.01559,1.68341,12.21933,15.10592,18.68069,17.78377,17.30251,0.23866,-0.25923,897.70122,64.73303,True,True,True,True,True,True,True,True,True,True,True,True,True,True,0,True,None
RL009W22,RL009,22,5.61883,53.26987,15.90482,1.13777,1.71799,12.46546,16.02954,19.31323,18.98023,17.34401,0.2476,-0.25764,958.32817,66.82195,True,True,True,True,True,True,True,True,True,True,True,True,True,True,0,True,None
RL009W23,RL009,23,5.57526,54.84151,16.1889,1.00153,1.70392,12.28453,15.00039,18.20229,17.98462,17.54374,0.24402,-0.27084,923.86677,65.68772,True,True,True,True,True,True,True,True,True,True,True,True,True,True,0,True,None
RL009W24,RL009,24,5.98157,56.98351,16.60799,1.06546,1.53874,12.75892,15.54666,18.27159,19.72168,17.64114,0.24708,-0.25837,966.34621,67.81457,True,True,True,True,True,True,True,True,True,True,True,True,True,True,0,True,None
RL009W25,RL009,25,5.82661,54.38337,15.91747,1.12064,1.76639,13.01606,15.44645,19.05555,19.29684,18.53074,0.25566,-0.24942,892.39063,67.63664,True,True,True,True,True,True,True,True,True,True,True,True,True,True,0,True,None
RL010W01,RL010,1,5.68888,54.32068,16.67415,1.01261,1.78186,12.36187,15.26466,18.53558,18.07274,17.1576,0.25972,-0.27901,894.08507,68.58636,True,True,True,True,True,True,True,True,True,True,True,True,True,True,1,False,Junction Leak
RL010W02,RL010,2,6.39992,55.2218,16.85223,1.08213,1.64281,12.82181,16.18022,18.59894,18.29265,17.75117,0.26615,-0.25422,847.2051,71.75838,True,True,True,True,True,True,True,True,True,True,True,True,True,True,5,False,Junction Leak
RL010W03,RL010,3,5.70748,53.35176,16.87487,1.08247,1.711,12.52609,15.26912,18.14997,17.70949,16.98708,0.2442,-0.25851,890.13239,66.259,True,True,True,True,True,True,True,True,True,True,True,True,True,True,0,True,None
RL010W04,RL010,4,5.26085,54.07203,16.57369,1.01553,1.74975,12.22918,16.07362,18.46884,18.87955,16.74901,0.25705,-0.28411,891.48197,66.00342,True,True,True,True,True,True,True,True,True,True,True,True,True,True,0,True,None
RL010W05,RL010,5,5.72212,55.85147,16.60303,1.07592,1.66037,13.16608,16.33406,18.27943,17.83164,16.66142,0.25803,-0.26586,922.27567,63.63732,True,True,True,True,True,True,True,True,True,True,True,True,True,True,0,True,None
RL010W06,RL010,6,5.78141,55.43514,16.82366,1.07383,1.68158,12.13933,15.45622,19.39221,17.87415,17.65158,0.26172,-0.27733,895.51474,67.37023,True,True,True,True,True,True,True,True,True,True,True,True,True,True,2,False,Junction Leak
RL010W07,RL010,7,6.17326,54.72682,16.42069,1.05518,1.79123,13.55121,15.66036,18.54344,17.8686,16.82841,0.24239,-0.28763,870.52985,65.48953,True,True,True,True,True,True,True,True,True,True,True,False,True,True,2,False,Vt Shift
RL010W08,RL010,8,5.75776,56.11192,16.39805,0.99692,1.74185,13.31945,16.15636,18.21118,18.68132,18.31282,0.28094,-0.25475,852.35827,67.72122,True,True,True,True,True,True,True,True,True,True,False,True,True,True,0,True,None
RL010W09,RL010,9,5.56832,54.31098,16.30695,1.02409,1.61811,12.64417,16.01375,18.94753,18.88265,18.20341,0.24973,-0.25974,853.66127,69.74476,True,True,True,True,True,True,True,True,True,True,True,True,True,True,1,False,Vt Shift
RL010W10,RL010,10,6.02455,56.75091,16.23013,1.09113,1.71921,12.05039,16.10291,18.38211,18.96062,17.17203,0.2562,-0.24789,873.07707,67.81966,True,True,True,True,True,True,True,True,True,True,True,True,True,True,0,True,None
RL010W11,RL010,11,6.24911,54.67894,16.29876,0.99604,1.49579,13.86189,15.49435,17.59899,18.40999,17.17541,0.22624,-0.24381,896.94407,66.64205,True,True,True,True,True,True,True,True,True,True,True,True,True,True,2,False,Metal Migration
RL010W12,RL010,12,5.63714,54.26226,17.18353,1.03909,1.7063,12.5181,15.47337,18.55221,18.15841,17.9586,0.27649,-0.26757,916.96908,71.18126,True,True,True,True,True,True,True,True,True,True,False,True,True,True,0,True,None
RL010W13,RL010,13,5.83914,51.48222,16.50091,1.07389,1.69823,12.70179,16.05031,18.73793,17.84136,17.39831,0.26376,-0.2582,869.43598,67.92275,True,True,True,True,True,True,True,True,True,True,True,True,True,True,1,False,Junction Leak
RL010W14,RL010,14,6.14182,53.55389,16.12166,1.0206,1.65842,12.68686,15.1195,18.01677,18.42894,17.19242,0.25359,-0.25179,869.60563,69.54192,True,True,True,True,True,True,True,True,True,True,True,True,True,True,0,True,None
RL010W15,RL010,15,6.26839,53.7747,16.46636,1.10186,1.69569,12.74781,16.19912,17.85671,19.07027,17.18972,0.26472,-0.2734,892.02681,67.74682,True,True,True,True,True,True,True,True,True,True,True,True,True,True,0,True,None
RL010W16,RL010,16,5.49626,52.56311,16.41593,0.97655,1.63265,12.90987,15.70312,16.95516,18.61693,18.39844,0.26621,-0.23537,924.3664,66.53397,True,True,True,True,True,True,True,False,True,True,True,True,True,True,0,True,None
RL010W17,RL010,17,6.14218,54.42348,15.5992,1.02677,1.73365,12.60542,15.53568,17.4623,18.11636,17.34967,0.26473,-0.25642,931.02711,67.01073,True,True,True,True,True,True,True,True,True,True,True,True,True,True,0,True,None
RL010W18,RL010,18,5.99931,55.6578,15.58526,1.06501,1.75573,13.11407,16.05565,18.95539,18.39097,17.77007,0.23991,-0.26813,892.30847,66.96482,True,True,True,True,True,True,True,True,True,True,True,True,True,True,0,True,None
RL010W19,RL010,19,5.75779,55.6594,16.04689,1.13387,1.64474,12.54004,15.75414,18.08862,18.81886,17.77316,0.23479,-0.25342,886.70584,66.2603,True,True,True,True,True,True,True,True,True,True,True,True,True,True,0,True,None
RL010W20,RL010,20,5.27752,53.94207,17.01166,1.06935,1.7624,12.87344,15.58117,19.09952,17.94565,17.65384,0.28321,-0.27641,913.29353,65.23352,True,True,True,True,True,True,True,True,True,True,False,True,True,True,0,True,None
RL010W21,RL010,21,6.05075,53.78875,15.89856,0.95739,1.60577,12.04334,15.39029,17.97555,18.4679,17.41814,0.24447,-0.26873,884.65021,68.97856,True,True,True,True,True,True,True,True,True,True,True,True,True,True,0,True,None
RL010W22,RL010,22,5.65641,58.47288,16.14451,1.14812,1.79712,12.71002,16.37401,17.26455,17.63797,17.64973,0.28611,-0.27064,885.916,68.36606,True,False,True,True,True,True,True,True,True,True,False,True,True,True,1,False,Wear-out
RL010W23,RL010,23,5.91945,53.36496,16.63545,1.08912,1.68559,11.28625,15.59382,16.95275,18.04552,18.06101,0.24549,-0.26568,891.93563,67.89604,True,True,True,True,True,False,True,False,True,True,True,True,True,True,0,True,None
RL010W24,RL010,24,5.72549,55.98701,16.59499,1.03936,1.75067,12.80838,16.84216,18.33379,18.01215,16.89699,0.29164,-0.28125,843.88445,70.66793,True,True,True,True,True,True,True,True,True,True,False,True,True,True,2,False,Oxide BD
RL010W25,RL010,25,6.06157,55.56806,16.00691,1.1054,1.6461,13.65847,16.65442,17.53828,18.6815,18.21538,0.259,-0.26816,877.72347,69.69252,True,True,True,True,True,True,True,True,True,True,True,True,True,True,1,False,Metal Migration
RL011W01,RL011,1,5.62578,55.84707,16.00811,1.06112,1.68378,12.69268,16.28685,17.7153,17.60643,18.04621,0.27201,-0.26298,886.94202,68.68644,True,True,True,True,True,True,True,True,True,True,True,True,True,True,1,False,Fin Collapse
RL011W02,RL011,2,5.90577,51.04782,16.53777,1.0752,1.66151,12.07686,15.59825,18.34035,17.68328,17.25549,0.2703,-0.27419,870.96816,69.56006,True,True,True,True,True,True,True,True,True,True,True,True,True,True,3,False,Oxide BD
RL011W03,RL011,3,6.10592,53.67021,15.9447,1.05404,1.75723,12.85615,16.13192,18.44057,17.96706,18.17946,0.26293,-0.2463,907.41598,66.02822,True,True,True,True,True,True,True,True,True,True,True,True,True,True,0,True,None
RL011W04,RL011,4,5.33418,55.54612,16.125,1.00906,1.62032,12.45902,14.86365,18.67722,18.55414,18.14528,0.2472,-0.25512,896.58332,67.16279,True,True,True,True,True,True,True,True,True,True,True,True,True,True,0,True,None
RL011W05,RL011,5,5.71453,54.92635,16.00401,1.06438,1.7667,11.81432,16.09179,18.78704,18.8418,17.98795,0.25123,-0.2524,887.04129,64.96072,True,True,True,True,True,True,True,True,True,True,True,True,True,True,0,True,None
RL011W06,RL011,6,5.91325,53.16084,16.54967,1.05086,1.74561,12.69045,15.84181,19.18826,19.00651,17.52394,0.26202,-0.27076,908.40836,67.57807,True,True,True,True,True,True,True,True,True,True,True,True,True,True,0,True,None
RL011W07,RL011,7,6.48648,54.49138,16.64279,1.07988,1.72783,13.0946,16.2282,17.93489,18.35177,16.83724,0.2831,-0.2715,882.76903,67.77151,False,True,True,True,True,True,True,True,True,True,False,True,True,True,1,False,Contact Open
RL011W08,RL011,8,5.49161,52.79477,16.05044,1.07593,1.62414,12.83039,15.66719,18.74103,17.59918,17.47835,0.25261,-0.26524,860.46378,69.94002,True,True,True,True,True,True,True,True,True,True,True,True,True,True,0,True,None
RL011W09,RL011,9,5.8561,55.11759,16.17006,1.0942,1.73417,13.37326,15.82592,18.44181,17.906,17.90853,0.23957,-0.25007,894.56722,64.67223,True,True,True,True,True,True,True,True,True,True,True,True,True,True,0,True,None
RL011W10,RL011,10,5.76887,56.63875,16.56797,1.05199,1.70975,12.44879,15.73401,18.72292,19.30537,17.07391,0.25181,-0.26026,880.26137,65.17883,True,True,True,True,True,True,True,True,True,True,True,True,True,True,0,True,None
RL011W11,RL011,11,6.05299,55.63541,16.20297,0.98665,1.61696,12.95088,14.76978,19.19545,18.67187,17.65009,0.26662,-0.25818,891.31111,68.87489,True,True,True,True,True,True,True,True,True,True,True,True,True,True,0,True,None
RL011W12,RL011,12,6.1271,53.23112,16.73764,1.03919,1.78941,11.78782,15.13288,18.39763,18.71153,18.58413,0.25777,-0.27172,918.67573,66.08638,True,True,True,True,True,True,True,True,True,True,True,True,True,True,1,False,Vt Shift
RL011W13,RL011,13,5.64668,55.21761,15.36373,1.13476,1.58508,12.28143,15.75582,18.44707,18.57597,17.52268,0.25111,-0.28385,890.10831,66.41875,True,True,True,True,True,True,True,True,True,True,True,True,True,True,1,False,Oxide BD
RL011W14,RL011,14,5.83232,53.27452,16.07008,1.00855,1.68303,13.51238,15.2241,18.33496,18.55612,17.50973,0.248,-0.27188,870.43332,69.14101,True,True,True,True,True,True,True,True,True,True,True,True,True,True,0,True,None
RL011W15,RL011,15,6.1142,54.22238,16.11068,1.07621,1.75036,13.16807,16.52701,18.736,18.76577,17.12373,0.2412,-0.26091,901.80542,68.30101,True,True,True,True,True,True,True,True,True,True,True,True,True,True,1,False,Contact Open
RL011W16,RL011,16,5.96113,55.04093,16.5133,1.05848,1.67881,12.60935,15.21705,18.09823,18.5131,17.56863,0.23748,-0.25272,913.63314,68.13829,True,True,True,True,True,True,True,True,True,True,True,True,True,True,0,True,None
RL011W17,RL011,17,5.29982,54.44822,16.2691,1.00797,1.64388,12.86604,14.79957,17.83302,17.75268,17.53192,0.25103,-0.26512,904.85088,67.92672,True,True,True,True,True,True,True,True,True,True,True,True,True,True,0,True,None
RL011W18,RL011,18,5.55637,54.73177,16.00072,1.06185,1.69875,12.77732,15.23565,18.72442,18.88855,17.36427,0.25432,-0.2728,929.17948,65.60415,True,True,True,True,True,True,True,True,True,True,True,True,True,True,1,False,Contact Open
RL011W19,RL011,19,5.85035,53.76179,16.11313,1.03085,1.58324,12.66576,15.44839,18.04163,18.68241,18.38017,0.25129,-0.26419,918.30575,66.71352,True,True,True,True,True,True,True,True,True,True,True,True,True,True,0,True,None
RL011W20,RL011,20,6.24025,55.27797,15.94354,1.06403,1.75636,12.97602,15.59388,18.13331,18.25019,16.97848,0.24172,-0.24324,884.56787,67.16405,True,True,True,True,True,True,True,True,True,True,True,True,True,True,2,False,Contact Open
RL011W21,RL011,21,6.00425,55.67069,15.75473,1.00152,1.73912,12.45861,16.01269,18.2796,17.48111,18.55059,0.26315,-0.25173,859.3153,68.76825,True,True,True,True,True,True,True,True,True,True,True,True,True,True,0,True,None
RL011W22,RL011,22,5.45875,54.14633,16.05165,0.97095,1.74542,12.42773,15.68579,17.71676,18.78494,17.66287,0.25016,-0.25439,897.34978,63.7437,True,True,True,True,True,True,True,True,True,True,True,True,True,True,0,True,None
RL011W23,RL011,23,5.61939,51.37567,16.46222,1.09913,1.72497,12.95733,15.89629,18.05988,18.7643,17.47139,0.24708,-0.25808,895.23887,66.05831,True,True,True,True,True,True,True,True,True,True,True,True,True,True,0,True,None
RL011W24,RL011,24,5.73791,53.66085,16.17169,1.04244,1.66816,13.57431,15.63142,18.07159,17.47638,18.08264,0.27033,-0.28676,825.20017,67.35633,True,True,True,True,True,True,True,True,True,True,True,False,True,True,1,False,Junction Leak
RL011W25,RL011,25,6.2004,55.95959,16.36859,1.12708,1.73905,11.71925,15.73482,18.61984,17.26246,16.89794,0.26119,-0.27887,892.26941,70.0217,True,True,True,True,True,True,True,True,True,True,True,True,True,True,5,False,Oxide BD
RL012W01,RL012,1,5.03891,53.77772,16.14128,0.97428,1.65947,12.43135,15.22138,18.58056,18.63897,18.08773,0.25075,-0.26543,907.17365,66.05942,True,True,True,True,True,True,True,True,True,True,True,True,True,True,0,True,None
RL012W02,RL012,2,5.73117,54.38429,16.14362,1.07058,1.70444,13.41796,15.39849,18.34832,18.60926,17.97846,0.25353,-0.26235,908.29287,66.77267,True,True,True,True,True,True,True,True,True,True,True,True,True,True,0,True,None
RL012W03,RL012,3,5.62287,54.82241,16.07207,0.90996,1.64295,12.72939,15.35916,17.87407,18.53889,18.21102,0.2422,-0.24782,951.55722,67.90379,True,True,True,True,True,True,True,True,True,True,True,True,True,True,0,True,None
RL012W04,RL012,4,5.06489,52.78007,15.71753,1.01508,1.61668,12.37599,15.53288,17.79524,17.64442,16.86929,0.24296,-0.26488,937.59521,64.83053,True,True,True,True,True,True,True,True,True,True,True,True,True,True,0,True,None
RL012W05,RL012,5,5.65078,56.11768,15.94859,1.00945,1.68108,13.20478,15.2116,19.12686,18.62881,17.19876,0.23505,-0.26325,932.06778,68.56281,True,True,True,True,True,True,True,True,True,True,True,True,True,True,0,True,None
RL012W06,RL012,6,5.5598,53.69376,16.05672,0.9867,1.59091,13.03266,14.87217,18.30585,18.19344,17.36397,0.23337,-0.25946,905.96289,65.14,True,True,True,True,True,True,True,True,True,True,True,True,True,True,0,True,None
RL012W07,RL012,7,5.93847,53.74162,15.29683,0.99032,1.65711,13.47493,15.38311,17.76462,19.27438,17.35407,0.25477,-0.22963,907.34929,66.53864,True,True,True,True,True,True,True,True,True,True,True,True,True,True,0,True,None
RL012W08,RL012,8,5.9408,54.598,16.33485,0.98534,1.62042,11.99194,15.62155,18.5139,17.94088,17.81053,0.26185,-0.26436,864.65686,67.36045,True,True,True,True,True,True,True,True,True,True,True,True,True,True,0,True,None
RL012W09,RL012,9,5.49648,52.34498,15.84494,0.97394,1.69661,12.96235,16.01397,18.03053,18.56705,16.85604,0.236,-0.23777,891.83492,64.85593,True,True,True,True,True,True,True,True,True,True,True,True,True,True,0,True,None
RL012W10,RL012,10,5.21036,54.27907,15.80845,1.05018,1.64497,12.65999,15.29307,18.20265,19.58332,18.04021,0.24685,-0.25561,875.88561,65.23076,True,True,True,True,True,True,True,True,True,True,True,True,True,True,0,True,None
RL012W11,RL012,11,6.18705,52.9132,15.40116,0.95087,1.69955,13.19944,15.42093,19.38132,19.67249,18.05446,0.25318,-0.26915,938.77489,65.16483,True,True,True,True,True,True,True,True,True,True,True,True,True,True,0,True,None
RL012W12,RL012,12,5.33478,54.2775,16.0836,1.02376,1.74829,13.35263,15.69077,17.4534,18.75768,17.40648,0.25193,-0.25451,904.44686,65.84391,True,True,True,True,True,True,True,True,True,True,True,True,True,True,0,True,None
RL012W13,RL012,13,5.75609,53.58094,16.50324,1.0178,1.65382,13.25965,15.11653,18.10629,18.89933,17.50085,0.22873,-0.24704,906.27491,64.67111,True,True,True,True,True,True,True,True,True,True,True,True,True,True,0,True,None
RL012W14,RL012,14,5.65141,52.02913,15.71968,0.95972,1.68662,12.9284,15.69537,18.36391,18.44055,18.10191,0.22519,-0.24724,918.52466,65.05021,True,True,True,True,True,True,True,True,True,True,True,True,True,True,0,True,None
RL012W15,RL012,15,5.46759,55.07032,16.15453,1.05687,1.58904,13.20392,15.15399,18.64391,18.94309,17.51788,0.2523,-0.2545,878.46747,66.74163,True,True,True,True,True,True,True,True,True,True,True,True,True,True,0,True,None
RL012W16,RL012,16,5.61005,52.14725,15.81261,1.00877,1.61968,13.1267,15.56274,19.04561,19.55851,17.57066,0.25096,-0.24905,879.18165,66.49834,True,True,True,True,True,True,True,True,True,True,True,True,True,True,0,True,None
RL012W17,RL012,17,5.32244,53.68718,15.81863,1.0826,1.69329,13.13028,15.26521,18.70428,18.93885,17.05617,0.24666,-0.2549,902.08124,66.11125,True,True,True,True,True,True,True,True,True,True,True,True,True,True,0,True,None
RL012W18,RL012,18,5.64138,55.94487,16.11508,1.02739,1.69272,13.64338,15.45991,18.293,17.39978,17.33374,0.27214,-0.25251,882.76497,66.80669,True,True,True,True,True,True,True,True,True,True,True,True,True,True,0,True,None
RL012W19,RL012,19,5.63148,53.58589,15.65282,0.98197,1.6261,13.41189,14.77093,18.29457,18.83256,17.35096,0.24778,-0.2489,883.6464,68.73002,True,True,True,True,True,True,True,True,True,True,True,True,True,True,0,True,None
RL012W20,RL012,20,5.53463,55.01067,15.74192,0.96948,1.6799,13.34037,14.66912,17.99083,17.83896,17.71775,0.22182,-0.25181,884.06822,68.78604,True,True,True,True,True,True,True,True,True,True,True,True,True,True,0,True,None
RL012W21,RL012,21,5.70317,53.60575,15.87483,1.04265,1.72364,12.69977,16.0218,18.87413,18.79,17.42498,0.23707,-0.24889,888.11048,67.48626,True,True,True,True,True,True,True,True,True,True,True,True,True,True,0,True,None
RL012W22,RL012,22,5.76089,53.54227,16.16742,1.02164,1.62851,11.97431,16.05871,18.05197,19.02299,17.48962,0.22659,-0.2586,941.81676,65.3598,True,True,True,True,True,True,True,True,True,True,True,True,True,True,0,True,None
RL012W23,RL012,23,5.27618,53.85699,15.46073,1.00964,1.63656,12.6148,15.105,18.21831,18.97735,17.77766,0.23657,-0.25508,902.82074,61.84994,True,True,True,True,True,True,True,True,True,True,True,True,True,True,0,True,None
RL012W24,RL012,24,6.14926,54.78433,16.7559,1.09971,1.656,12.42985,15.18336,18.45614,17.67055,18.12764,0.26087,-0.25296,911.25665,66.2962,True,True,True,True,True,True,True,True,True,True,True,True,True,True,2,False,Fin Collapse
RL012W25,RL012,25,5.65875,54.85782,16.37343,1.05136,1.5954,12.7451,16.45452,18.51897,18.0383,17.19195,0.27482,-0.25508,932.77187,67.72159,True,True,True,True,True,True,True,True,True,True,True,True,True,True,0,True,None
RL013W01,RL013,1,5.82888,56.6848,15.89366,1.01872,1.66806,12.81032,15.89483,19.43454,19.24728,17.54893,0.23822,-0.26898,951.74284,66.04082,True,True,True,True,True,True,True,True,True,True,True,True,True,True,4,False,Oxide BD
RL013W02,RL013,2,5.69349,54.3967,16.39694,1.08917,1.66347,12.95818,15.49601,17.97175,18.68735,17.92812,0.25028,-0.25735,903.58305,69.50052,True,True,True,True,True,True,True,True,True,True,True,True,True,True,6,False,Junction Leak
RL013W03,RL013,3,5.37051,52.11432,16.19349,1.01802,1.56237,12.48,15.55761,18.92623,17.76893,16.60712,0.24903,-0.24699,856.90969,65.02688,True,True,True,True,True,True,True,True,True,True,True,True,True,True,3,False,Metal Migration
RL013W04,RL013,4,5.80636,54.07121,15.94779,1.07206,1.66505,13.56702,15.73099,18.45703,17.83517,16.27833,0.2486,-0.26405,895.43749,64.4348,True,True,True,True,True,True,True,True,True,True,True,True,True,True,4,False,Metal Migration
RL013W05,RL013,5,5.34044,52.82095,15.65012,0.91543,1.79786,13.24404,15.70049,17.59689,18.78675,18.05685,0.22051,-0.23666,947.68385,65.77155,True,True,True,True,True,True,True,True,True,True,True,True,True,True,6,False,Oxide BD
RL013W06,RL013,6,5.256,53.25121,15.63431,1.06085,1.59721,11.91715,15.39138,18.72919,18.13643,16.95397,0.24411,-0.24037,909.38041,67.37823,True,True,True,True,True,True,True,True,True,True,True,True,True,True,3,False,Metal Migration
RL013W07,RL013,7,5.15912,55.4418,16.52367,1.00463,1.72994,12.86434,16.15044,18.54839,18.45665,17.62425,0.23976,-0.25953,953.89806,65.064,True,True,True,True,True,True,True,True,True,True,True,True,True,True,4,False,Contact Open
RL013W08,RL013,8,5.7548,56.20231,16.33384,1.04717,1.73477,12.38696,15.42095,19.23441,17.86209,18.06087,0.24534,-0.25748,890.23818,65.32713,True,True,True,True,True,True,True,True,True,True,True,True,True,True,6,False,Wear-out
RL013W09,RL013,9,5.62264,49.0991,15.43272,1.05571,1.68835,12.92648,15.37132,18.31924,19.31271,17.65383,0.24809,-0.23152,947.63809,65.26588,True,False,True,True,True,True,True,True,True,True,True,True,True,True,3,False,Wear-out
RL013W10,RL013,10,5.4057,55.40759,15.87727,1.06891,1.59551,13.57998,15.62533,18.84758,18.32498,16.68242,0.23422,-0.23367,898.81433,64.70837,True,True,True,True,True,True,True,True,True,True,True,True,True,True,3,False,Contact Open
RL013W11,RL013,11,4.95135,55.09833,15.91633,1.03211,1.64996,12.60166,15.04158,18.82777,18.30214,17.39598,0.24935,-0.25297,881.67073,70.60499,True,True,True,True,True,True,True,True,True,True,True,True,True,True,4,False,Oxide BD
RL013W12,RL013,12,5.4463,53.88653,16.14958,1.05173,1.55145,12.76951,14.96814,18.47668,18.08155,17.70921,0.22929,-0.25941,979.17601,66.98241,True,True,True,True,True,True,True,True,True,True,True,True,True,True,3,False,Oxide BD
RL013W13,RL013,13,5.91594,55.33415,15.9089,1.01511,1.65063,12.06512,15.51116,18.05856,18.03356,17.20842,0.25626,-0.25667,893.83594,63.46087,True,True,True,True,True,True,True,True,True,True,True,True,True,True,4,False,Wear-out
RL013W14,RL013,14,5.57102,52.74673,15.88896,1.08912,1.55807,13.37828,15.8095,17.79144,18.2093,17.88721,0.24395,-0.25967,882.4318,68.87129,True,True,True,True,True,True,True,True,True,True,True,True,True,True,4,False,Vt Shift
RL013W15,RL013,15,5.46006,54.35512,16.01003,1.04663,1.6003,12.90308,14.70902,18.28967,18.12086,17.05451,0.23733,-0.25719,924.82715,67.49745,True,True,True,True,True,True,True,True,True,True,True,True,True,True,4,False,Vt Shift
RL013W16,RL013,16,5.00933,54.62293,15.86749,0.98064,1.56488,13.81151,15.07271,17.7783,18.57043,17.07161,0.23862,-0.23407,940.60714,64.92665,True,True,True,True,True,True,True,True,True,True,True,True,True,True,5,False,Junction Leak
RL013W17,RL013,17,5.5383,52.86248,16.35439,1.13896,1.62341,12.46584,15.38445,18.59965,18.40674,17.939,0.2413,-0.26064,934.55657,68.04576,True,True,True,True,True,True,True,True,True,True,True,True,True,True,6,False,Vt Shift
RL013W18,RL013,18,5.53932,54.71651,15.97589,1.01981,1.55773,12.82583,15.69176,16.97209,17.90027,17.07543,0.24769,-0.27685,862.52265,68.56006,True,True,True,True,True,True,True,False,True,True,True,True,True,True,6,False,Metal Migration
RL013W19,RL013,19,5.30161,54.69172,16.29495,1.05982,1.61072,13.48808,15.00548,19.15854,17.91037,16.67348,0.24663,-0.25653,884.54323,67.40844,True,True,True,True,True,True,True,True,True,True,True,True,True,True,4,False,Oxide BD
RL013W20,RL013,20,5.20613,52.73388,15.97407,0.97607,1.51922,14.29262,16.29631,18.94385,18.74534,17.72714,0.23829,-0.22695,908.53658,64.03262,True,True,True,True,True,True,True,True,True,True,True,True,True,True,3,False,Wear-out
RL013W21,RL013,21,5.56085,56.02906,16.04417,1.07258,1.64897,13.73558,15.41907,18.63128,19.88741,17.64344,0.24798,-0.24838,861.74179,66.61785,True,True,True,True,True,True,True,True,True,True,True,True,True,True,3,False,Junction Leak
RL013W22,RL013,22,5.74434,55.42143,15.21618,1.04371,1.59527,12.85103,15.39068,17.50967,17.84238,18.12643,0.246,-0.26034,887.45871,64.54337,True,True,True,True,True,True,True,True,True,True,True,True,True,True,7,False,Oxide BD
RL013W23,RL013,23,5.35108,53.72917,16.04288,1.07716,1.54414,12.66264,16.10835,18.98696,18.19305,17.26611,0.22373,-0.2444,914.08585,65.99269,True,True,True,True,True,True,True,True,True,True,True,True,True,True,3,False,Wear-out
RL013W24,RL013,24,5.44137,55.34377,16.08356,1.0078,1.62918,13.57657,15.70153,18.59911,19.33929,17.90653,0.24775,-0.24841,858.23525,66.20593,True,True,True,True,True,True,True,True,True,True,True,True,True,True,3,False,Metal Migration
RL013W25,RL013,25,5.80313,54.90721,15.72745,1.05428,1.74128,12.41602,15.57173,18.46041,19.02486,17.62215,0.25837,-0.24964,913.42071,66.3822,True,True,True,True,True,True,True,True,True,True,True,True,True,True,5,False,Fin Collapse
RL014W01,RL014,1,6.01469,53.90028,15.84029,1.1439,1.63638,12.37267,15.77871,18.74674,18.40969,16.95039,0.24554,-0.25181,890.20819,68.41773,True,True,True,True,True,True,True,True,True,True,True,True,True,True,5,False,Metal Migration
RL014W02,RL014,2,6.01859,54.16263,16.26695,1.0532,1.74763,11.86779,15.88262,17.87209,17.94388,17.62938,0.24777,-0.26707,880.00805,65.24076,True,True,True,True,True,True,True,True,True,True,True,True,True,True,8,False,Oxide BD
RL014W03,RL014,3,5.23284,52.61888,16.13112,1.10032,1.66702,12.64498,15.25226,18.38319,19.12481,18.53177,0.25385,-0.24714,926.90864,64.60748,True,True,True,True,True,True,True,True,True,True,True,True,True,True,6,False,Wear-out
RL014W04,RL014,4,5.50498,53.77977,16.15047,1.11894,1.68974,12.43057,15.83806,18.79156,17.20056,17.49394,0.25227,-0.25745,940.67613,63.91174,True,True,True,True,True,True,True,True,True,True,True,True,True,True,4,False,Metal Migration
RL014W05,RL014,5,5.37272,54.10247,16.57399,1.06388,1.81179,12.5044,15.22361,18.88715,18.6625,17.35526,0.2487,-0.24889,919.61401,65.97119,True,True,True,True,True,True,True,True,True,True,True,True,True,True,4,False,Fin Collapse
RL014W06,RL014,6,5.59365,54.21295,16.05706,1.05437,1.64835,12.28885,15.53639,18.44472,18.72003,16.89555,0.25471,-0.25026,946.97453,66.0578,True,True,True,True,True,True,True,True,True,True,True,True,True,True,3,False,Metal Migration
RL014W07,RL014,7,5.41991,53.70408,16.38596,1.08523,1.61867,13.42263,15.72863,18.19701,19.0411,17.52724,0.24907,-0.24692,876.30396,69.75374,True,True,True,True,True,True,True,True,True,True,True,True,True,True,5,False,Junction Leak
RL014W08,RL014,8,5.45033,54.95953,16.45971,1.05171,1.63562,11.66611,15.952,18.65556,18.14125,17.77898,0.24497,-0.25792,928.7013,66.46866,True,True,True,True,True,True,True,True,True,True,True,True,True,True,4,False,Contact Open
RL014W09,RL014,9,5.65143,52.10799,16.23959,1.03124,1.63565,11.80067,15.42168,18.58413,18.67928,17.96328,0.23782,-0.26432,952.67045,68.1353,True,True,True,True,True,True,True,True,True,True,True,True,True,True,5,False,Contact Open
RL014W10,RL014,10,6.18618,54.30084,16.46786,1.08503,1.72748,12.56891,16.19837,18.92842,18.78637,17.51687,0.22837,-0.26613,924.78632,65.69079,True,True,True,True,True,True,True,True,True,True,True,True,True,True,5,False,Junction Leak
RL014W11,RL014,11,5.28333,52.36312,16.04538,1.01523,1.64714,12.05772,15.24903,17.96071,18.52208,17.31395,0.25298,-0.24784,938.44125,68.4877,True,True,True,True,True,True,True,True,True,True,True,True,True,True,3,False,Oxide BD
RL014W12,RL014,12,5.5116,55.01497,15.71331,1.05671,1.68135,12.94227,16.37658,18.32866,17.77309,17.78473,0.23709,-0.24497,879.77878,68.32862,True,True,True,True,True,True,True,True,True,True,True,True,True,True,4,False,Vt Shift
RL014W13,RL014,13,5.42108,54.5294,16.47648,1.03694,1.74032,11.7686,16.49317,19.09458,18.37801,16.37146,0.23839,-0.23842,897.41341,65.00301,True,True,True,True,True,True,True,True,True,True,True,True,True,True,6,False,Metal Migration
RL014W14,RL014,14,5.92334,55.04969,16.36115,1.05881,1.63636,11.51287,15.53029,18.61782,18.74778,17.71151,0.24691,-0.26581,930.83657,64.85767,True,True,True,True,True,True,True,True,True,True,True,True,True,True,5,False,Metal Migration
RL014W15,RL014,15,5.93811,53.9358,16.47229,1.10453,1.71811,12.83567,15.60528,19.4482,18.62176,17.80236,0.24616,-0.25684,924.3814,68.18979,True,True,True,True,True,True,True,True,True,True,True,True,True,True,6,False,Fin Collapse
RL014W16,RL014,16,5.37554,54.22041,15.94999,1.09488,1.65504,13.54514,15.88526,17.31743,18.69749,17.40295,0.26648,-0.25397,918.69539,65.14289,True,True,True,True,True,True,True,True,True,True,True,True,True,True,5,False,Junction Leak
RL014W17,RL014,17,5.7766,55.77604,15.75047,1.06516,1.65329,12.68491,16.04617,18.70625,18.65546,17.58792,0.23383,-0.25321,869.73803,64.27913,True,True,True,True,True,True,True,True,True,True,True,True,True,True,1,False,Wear-out
RL014W18,RL014,18,5.91039,53.7345,16.44101,1.12929,1.66479,13.27077,16.07025,18.0646,18.14606,18.0434,0.25212,-0.26232,930.98085,66.42314,True,True,True,True,True,True,True,True,True,True,True,True,True,True,5,False,Vt Shift
RL014W19,RL014,19,5.64237,54.17349,16.37303,1.03151,1.61957,12.72228,15.54259,17.44743,19.00713,16.88987,0.23842,-0.27975,914.06544,67.10207,True,True,True,True,True,True,True,True,True,True,True,True,True,True,3,False,Junction Leak
RL014W20,RL014,20,5.38783,54.96118,16.58102,1.12502,1.61518,13.39933,14.96056,18.76683,18.72061,17.61678,0.24194,-0.25285,946.31339,64.8245,True,True,True,True,True,True,True,True,True,True,True,True,True,True,6,False,Vt Shift
RL014W21,RL014,21,5.32008,53.13796,15.97741,1.02953,1.62952,13.27729,15.56812,18.98767,18.70788,17.5365,0.24053,-0.25171,935.6568,68.12534,True,True,True,True,True,True,True,True,True,True,True,True,True,True,3,False,Junction Leak
RL014W22,RL014,22,5.90487,53.86469,15.76819,0.94345,1.49419,13.72632,15.7496,18.50209,19.22327,17.12636,0.24462,-0.25909,905.41471,68.05668,True,True,True,True,True,True,True,True,True,True,True,True,True,True,4,False,Metal Migration
RL014W23,RL014,23,5.31841,54.03782,16.39562,1.04481,1.49891,13.53478,15.33513,17.6776,18.60541,18.0547,0.25375,-0.23641,892.29779,67.69052,True,True,True,True,True,True,True,True,True,True,True,True,True,True,4,False,Metal Migration
RL014W24,RL014,24,6.04151,53.31174,15.9487,1.15983,1.54524,12.14029,15.99529,19.61008,17.09275,17.35914,0.25604,-0.27128,881.76213,67.12389,True,True,True,False,True,True,True,True,True,True,True,True,True,True,8,False,Contact Open
RL014W25,RL014,25,5.83149,54.88613,16.06477,1.08193,1.66376,13.77517,15.50513,18.34676,18.36899,17.89449,0.23883,-0.2699,943.05492,67.05703,True,True,True,True,True,True,True,True,True,True,True,True,True,True,4,False,Fin Collapse
RL015W01,RL015,1,6.01773,55.73422,16.18165,1.12941,1.69994,12.48841,15.45904,18.70707,18.99144,17.57368,0.27642,-0.25679,904.80776,70.4995,True,True,True,True,True,True,True,True,True,True,False,True,True,True,2,False,Vt Shift
RL015W02,RL015,2,6.08933,53.94202,15.70397,1.15799,1.61818,11.03711,16.2612,19.04226,18.13252,18.27556,0.25225,-0.28795,829.25693,67.77352,True,True,True,False,True,False,True,True,True,True,True,False,True,True,4,False,Metal Migration
RL015W03,RL015,3,5.9979,53.96698,16.70425,1.14757,1.71756,12.56635,15.86509,19.15511,18.94602,17.24646,0.26974,-0.26792,887.71084,67.81422,True,True,True,True,True,True,True,True,True,True,True,True,True,True,1,False,Fin Collapse
RL015W04,RL015,4,5.29189,52.12457,15.88598,1.13602,1.69001,12.19355,15.65585,20.37276,19.56529,17.52492,0.21738,-0.25639,863.80185,68.96672,True,True,True,True,True,True,True,True,True,True,True,True,True,True,1,False,Contact Open
RL015W05,RL015,5,6.00747,53.2726,16.1428,1.06912,1.49705,11.97731,15.50402,18.4692,18.97667,18.0255,0.2646,-0.26821,900.346,64.70351,True,True,True,True,True,True,True,True,True,True,True,True,True,True,0,True,None
RL015W06,RL015,6,5.68988,52.15635,16.17676,1.10792,1.63298,12.3748,16.1898,19.63241,18.17675,16.8869,0.24525,-0.25905,904.57755,67.53109,True,True,True,True,True,True,True,True,True,True,True,True,True,True,1,False,Wear-out
RL015W07,RL015,7,5.69762,52.11921,16.23927,1.02101,1.61845,13.5835,15.12209,19.0554,18.64633,17.23625,0.24399,-0.25075,900.13707,65.72102,True,True,True,True,True,True,True,True,True,True,True,True,True,True,0,True,None
RL015W08,RL015,8,5.83887,54.22568,15.85632,1.08653,1.67174,12.70016,16.20809,18.29222,18.72747,17.81363,0.23351,-0.26647,874.86838,69.84169,True,True,True,True,True,True,True,True,True,True,True,True,True,True,0,True,None
RL015W09,RL015,9,6.03612,53.71211,16.3077,1.07064,1.63358,13.41515,15.66678,18.49917,19.02926,18.09959,0.24739,-0.25837,895.40419,65.72766,True,True,True,True,True,True,True,True,True,True,True,True,True,True,0,True,None
RL015W10,RL015,10,5.54672,54.13745,16.562,1.13107,1.7259,12.78448,16.40482,19.59794,18.99131,17.02065,0.27852,-0.26886,864.91892,67.96238,True,True,True,True,True,True,True,True,True,True,False,True,True,True,1,False,Vt Shift
RL015W11,RL015,11,5.60572,54.20376,16.37309,1.15044,1.71369,13.68004,14.99157,18.41952,18.36213,16.87838,0.22886,-0.25701,945.09565,65.04592,True,True,True,False,True,True,True,True,True,True,True,True,True,True,1,False,Junction Leak
RL015W12,RL015,12,5.9363,54.93381,16.03595,1.05633,1.60674,12.39,16.02169,18.07866,18.9887,17.88761,0.24978,-0.2483,905.7403,66.25641,True,True,True,True,True,True,True,True,True,True,True,True,True,True,0,True,None
RL015W13,RL015,13,5.75833,53.11252,16.67281,1.09228,1.60833,12.76496,16.23833,17.92673,18.85338,17.24925,0.24124,-0.25937,869.06507,63.41386,True,True,True,True,True,True,True,True,True,True,True,True,True,True,0,True,None
RL015W14,RL015,14,5.51522,54.66632,15.98167,1.0888,1.69671,12.80155,15.6501,18.70014,19.04419,17.55332,0.24415,-0.25909,932.6699,67.60423,True,True,True,True,True,True,True,True,True,True,True,True,True,True,1,False,Fin Collapse
RL015W15,RL015,15,6.05298,54.33702,15.67746,1.08469,1.74773,13.57994,15.83689,19.20101,18.41901,17.60431,0.2287,-0.25383,901.16758,66.40524,True,True,True,True,True,True,True,True,True,True,True,True,True,True,0,True,None
RL015W16,RL015,16,5.90124,52.43128,16.22324,1.13401,1.70032,12.32184,15.18111,18.71592,19.7726,17.72719,0.2694,-0.26842,851.1095,69.15384,True,True,True,True,True,True,True,True,True,True,True,True,True,True,1,False,Vt Shift
RL015W17,RL015,17,5.666,54.50421,15.56096,1.06863,1.67323,12.72558,15.45782,19.23794,18.28336,17.36758,0.25327,-0.25103,885.05348,66.91769,True,True,True,True,True,True,True,True,True,True,True,True,True,True,0,True,None
RL015W18,RL015,18,5.54109,56.37447,16.49996,1.07862,1.6288,12.80237,15.01927,19.37579,18.83687,17.79735,0.24519,-0.26447,909.29975,66.18333,True,True,True,True,True,True,True,True,True,True,True,True,True,True,0,True,None
RL015W19,RL015,19,6.19901,52.74429,16.96407,1.10076,1.66522,12.39928,15.50288,18.86321,19.33155,17.4778,0.25878,-0.25326,878.96725,68.90502,True,True,True,True,True,True,True,True,True,True,True,True,True,True,2,False,Vt Shift
RL015W20,RL015,20,5.55466,52.82678,16.15947,1.08522,1.67501,13.20978,15.59293,18.59819,19.29052,16.70778,0.22207,-0.22966,914.66197,67.1834,True,True,True,True,True,True,True,True,True,True,True,True,True,True,0,True,None
RL015W21,RL015,21,6.11034,53.15185,15.67154,1.11589,1.6827,12.62913,15.32598,20.22822,18.11333,17.75192,0.23834,-0.25605,871.70795,66.3495,True,True,True,True,True,True,True,True,True,True,True,True,True,True,0,True,None
RL015W22,RL015,22,5.58507,54.07877,16.62134,1.10793,1.65135,13.39901,15.87209,19.57885,18.80796,18.01911,0.24282,-0.25358,927.30025,67.00244,True,True,True,True,True,True,True,True,True,True,True,True,True,True,0,True,None
RL015W23,RL015,23,5.6717,54.63761,16.78865,1.08482,1.60887,12.97889,15.66476,18.7664,19.38776,17.49204,0.2617,-0.25221,898.94039,63.42077,True,True,True,True,True,True,True,True,True,True,True,True,True,True,0,True,None
RL015W24,RL015,24,5.59196,57.34156,15.76451,1.08376,1.67851,12.85365,15.76462,18.15713,20.10342,17.71909,0.25514,-0.26674,916.20291,68.22442,True,True,True,True,True,True,True,True,True,True,True,True,True,True,2,False,Wear-out
RL015W25,RL015,25,6.00648,54.75686,16.77212,1.09901,1.83849,12.02311,15.73364,18.3364,18.81773,16.3849,0.2783,-0.26591,863.02544,69.688,True,True,True,True,True,True,True,True,True,True,False,True,True,True,1,False,Oxide BD
RL016W01,RL016,1,5.93886,54.34542,15.95978,1.09889,1.48965,12.48364,15.54432,18.86329,17.6344,17.77411,0.2459,-0.2367,886.96889,66.78702,True,True,True,True,True,True,True,True,True,True,True,True,True,True,1,False,Junction Leak
RL016W02,RL016,2,5.69,52.61349,15.42272,1.04135,1.58494,12.58745,15.10778,19.26365,18.95783,18.34572,0.26502,-0.24992,893.74409,70.40257,True,True,True,True,True,True,True,True,True,True,True,True,True,True,0,True,None
RL016W03,RL016,3,5.62453,56.41932,16.04674,1.00984,1.66301,12.78334,15.29514,19.39425,20.43137,17.76829,0.24166,-0.25668,943.65973,66.4785,True,True,True,True,True,True,True,True,True,True,True,True,True,True,0,True,None
RL016W04,RL016,4,5.72348,56.7959,15.59246,1.11135,1.65627,13.01579,16.10295,19.24876,19.20027,17.68839,0.23954,-0.24049,957.90042,65.97543,True,True,True,True,True,True,True,True,True,True,True,True,True,True,1,False,Wear-out
RL016W05,RL016,5,5.47048,55.16462,15.79034,0.99376,1.62195,13.22632,16.07672,19.28943,19.01759,16.96768,0.23807,-0.24219,912.82248,67.8188,True,True,True,True,True,True,True,True,True,True,True,True,True,True,0,True,None
RL016W06,RL016,6,5.7023,54.07666,15.89306,1.09279,1.63987,12.96955,16.09967,19.22212,19.10732,17.86345,0.25058,-0.24463,951.55244,66.0457,True,True,True,True,True,True,True,True,True,True,True,True,True,True,0,True,None
RL016W07,RL016,7,5.62197,54.06094,16.10375,1.0643,1.65165,12.62151,15.04442,19.79656,19.06807,17.58455,0.23845,-0.25137,887.19758,65.85788,True,True,True,True,True,True,True,True,True,True,True,True,True,True,0,True,None
RL016W08,RL016,8,5.99065,54.86908,15.43556,1.07643,1.56316,12.57263,15.83336,18.04826,18.92813,17.4829,0.24575,-0.24726,876.76843,66.69843,True,True,True,True,True,True,True,True,True,True,True,True,True,True,0,True,None
RL016W09,RL016,9,5.69593,54.0273,15.81723,1.07465,1.61424,12.46434,15.98745,17.57409,18.70968,18.33972,0.2293,-0.27044,936.33716,62.89711,True,True,True,True,True,True,True,True,True,True,True,True,True,True,0,True,None
RL016W10,RL016,10,5.77525,54.43413,16.10654,1.01909,1.67676,12.6772,15.35497,18.8509,18.96318,17.30382,0.22288,-0.24815,926.23812,64.99483,True,True,True,True,True,True,True,True,True,True,True,True,True,True,0,True,None
RL016W11,RL016,11,5.73764,52.67419,16.59123,1.04592,1.55806,13.08742,14.85792,17.87366,18.71128,17.84386,0.25672,-0.25701,922.98385,65.00592,True,True,True,True,True,True,True,True,True,True,True,True,True,True,1,False,Metal Migration
RL016W12,RL016,12,5.26562,53.14254,15.9249,1.0334,1.69667,13.11582,15.51934,19.78224,18.56119,17.0307,0.25474,-0.25474,938.60255,64.04285,True,True,True,True,True,True,True,True,True,True,True,True,True,True,0,True,None
RL016W13,RL016,13,5.20868,55.14833,16.28611,1.04043,1.67773,13.33673,15.58996,18.93877,18.26876,17.74443,0.22973,-0.24713,911.60015,67.72625,True,True,True,True,True,True,True,True,True,True,True,True,True,True,0,True,None
RL016W14,RL016,14,5.55458,54.58577,15.71418,1.02568,1.56983,12.50106,14.74349,20.01565,19.1137,18.00993,0.23688,-0.22757,942.29408,67.4327,True,True,True,True,True,True,True,True,True,True,True,True,True,True,0,True,None
RL016W15,RL016,15,5.51315,54.04034,15.63394,1.06308,1.64556,12.99388,15.53252,18.84747,19.31599,17.90954,0.24879,-0.24649,880.68222,67.88172,True,True,True,True,True,True,True,True,True,True,True,True,True,True,0,True,None
RL016W16,RL016,16,5.79754,54.96829,15.66905,1.08973,1.65221,12.94587,15.46037,19.49543,17.92328,17.81661,0.25614,-0.25137,924.74052,66.33999,True,True,True,True,True,True,True,True,True,True,True,True,True,True,0,True,None
RL016W17,RL016,17,5.3459,55.14921,16.71052,1.13596,1.75288,13.0117,15.1474,19.2954,18.83714,18.3716,0.23351,-0.23109,956.28227,67.04344,True,True,True,True,True,True,True,True,True,True,True,True,True,True,0,True,None
RL016W18,RL016,18,5.79797,54.00342,16.41903,1.05543,1.54741,12.37735,15.67235,18.68853,19.60134,18.20908,0.21165,-0.25179,922.97342,64.28884,True,True,True,True,True,True,True,True,True,True,True,True,True,True,0,True,None
RL016W19,RL016,19,5.59025,52.90708,16.33949,1.01576,1.6868,13.06807,15.79335,19.63918,18.97049,17.76378,0.25727,-0.25505,888.60653,63.47884,True,True,True,True,True,True,True,True,True,True,True,True,True,True,0,True,None
RL016W20,RL016,20,5.89562,53.26046,16.11629,0.94697,1.63598,12.47457,15.91048,19.01859,19.79372,17.45117,0.23092,-0.24571,943.4179,66.5584,True,True,True,True,True,True,True,True,True,True,True,True,True,True,0,True,None
RL016W21,RL016,21,5.09942,55.65628,15.45372,0.99209,1.65042,13.37995,15.74195,19.0193,19.17545,17.8754,0.2368,-0.24759,964.19427,62.83082,True,True,True,True,True,True,True,True,True,True,True,True,True,True,0,True,None
RL016W22,RL016,22,5.51279,53.77889,15.64372,0.99624,1.66201,12.38756,15.9176,19.19246,19.31546,17.91281,0.24189,-0.25694,941.09429,64.3245,True,True,True,True,True,True,True,True,True,True,True,True,True,True,0,True,None
RL016W23,RL016,23,5.56319,54.42458,15.55715,1.05243,1.64761,12.93146,15.50561,19.72286,19.38327,17.42667,0.23986,-0.2368,939.22562,68.94197,True,True,True,True,True,True,True,True,True,True,True,True,True,True,0,True,None
RL016W24,RL016,24,6.20875,53.58625,16.95143,1.14783,1.71448,12.71151,15.35253,18.81052,19.21077,17.90804,0.27032,-0.25547,875.86286,69.96647,True,True,True,True,True,True,True,True,True,True,True,True,True,True,1,False,Junction Leak
RL016W25,RL016,25,5.57786,55.29967,15.80937,1.00177,1.6597,12.77146,15.43872,17.74308,19.11121,18.38863,0.25644,-0.25058,857.9151,66.44936,True,True,True,True,True,True,True,True,True,True,True,True,True,True,0,True,None
RL017W01,RL017,1,6.15632,56.27371,16.49404,1.07611,1.77929,12.58358,15.891,18.62629,18.22347,18.66046,0.28781,-0.27155,889.92564,70.15621,True,True,True,True,True,True,True,True,True,True,False,True,True,True,3,False,Fin Collapse
RL017W02,RL017,2,6.32014,56.43895,16.35681,1.1567,1.61168,12.82885,15.59413,18.37452,18.68861,17.44497,0.28348,-0.27298,852.04039,68.30522,True,True,True,False,True,True,True,True,True,True,False,True,True,True,2,False,Oxide BD
RL017W03,RL017,3,5.66399,54.80022,16.31993,1.063,1.65443,12.92024,15.62045,18.68135,18.25245,17.62159,0.26361,-0.27562,898.05082,70.83424,True,True,True,True,True,True,True,True,True,True,True,True,True,True,1,False,Wear-out
RL017W04,RL017,4,5.81657,53.61835,16.03827,1.14319,1.63371,13.24915,15.80365,18.25575,19.2555,17.31333,0.25923,-0.25977,914.80128,67.45059,True,True,True,True,True,True,True,True,True,True,True,True,True,True,0,True,None
RL017W05,RL017,5,5.62342,53.7799,16.56738,1.04048,1.66237,12.49895,15.95562,19.00952,18.6467,17.92221,0.25027,-0.26408,908.25809,67.04427,True,True,True,True,True,True,True,True,True,True,True,True,True,True,0,True,None
RL017W06,RL017,6,5.61299,52.4175,16.37372,1.05932,1.68687,13.30085,15.21994,19.51738,19.08134,17.39316,0.26566,-0.26657,913.97694,68.36821,True,True,True,True,True,True,True,True,True,True,True,True,True,True,0,True,None
RL017W07,RL017,7,5.94468,52.55556,15.82497,1.0935,1.58456,12.2464,15.3097,19.57331,18.0273,18.21452,0.25109,-0.2567,924.78331,69.02718,True,True,True,True,True,True,True,True,True,True,True,True,True,True,2,False,Fin Collapse
RL017W08,RL017,8,5.76502,53.16054,16.45761,1.07635,1.64963,12.58099,15.4253,19.22927,19.82555,17.53371,0.25301,-0.29011,919.63896,69.54257,True,True,True,True,True,True,True,True,True,True,True,False,True,True,2,False,Metal Migration
RL017W09,RL017,9,5.67635,54.33152,16.13313,1.04352,1.6803,12.38668,15.97966,19.25368,17.88169,17.46242,0.25422,-0.26588,886.52638,72.81275,True,True,True,True,True,True,True,True,True,True,True,True,True,False,0,True,None
RL017W10,RL017,10,5.98244,54.32076,16.90821,1.07006,1.6485,13.31627,15.32198,19.1667,18.53871,18.14457,0.25485,-0.27919,870.03498,64.70012,True,True,True,True,True,True,True,True,True,True,True,True,True,True,0,True,None
RL017W11,RL017,11,5.45725,54.86342,16.27268,1.07001,1.6809,13.33363,15.98502,18.96216,19.07811,18.014,0.25783,-0.25727,899.34813,66.20072,True,True,True,True,True,True,True,True,True,True,True,True,True,True,0,True,None
RL017W12,RL017,12,5.4718,57.89011,16.16901,1.14991,1.63759,13.33204,15.96155,18.24833,18.06187,18.04246,0.25609,-0.26516,900.87281,70.18044,True,True,True,True,True,True,True,True,True,True,True,True,True,True,2,False,Wear-out
RL017W13,RL017,13,5.63249,54.3914,16.40565,1.06679,1.68403,12.79187,15.46245,18.46349,19.57946,18.03805,0.26828,-0.25886,870.58871,68.58435,True,True,True,True,True,True,True,True,True,True,True,True,True,True,0,True,None
RL017W14,RL017,14,5.9499,55.23459,16.46777,1.14979,1.76999,13.27554,15.80748,16.68859,19.33923,17.37984,0.25506,-0.26755,901.94259,68.27159,True,True,True,True,True,True,True,False,True,True,True,True,True,True,4,False,Vt Shift
RL017W15,RL017,15,5.90463,55.54836,16.07395,1.13356,1.69797,12.14384,15.96424,17.85864,19.30513,17.70749,0.26228,-0.25989,895.67992,69.92661,True,True,True,True,True,True,True,True,True,True,True,True,True,True,2,False,Junction Leak
RL017W16,RL017,16,5.71121,55.20852,16.25467,1.07084,1.74103,13.57775,16.3435,18.75046,19.02589,17.83641,0.25498,-0.2546,881.36132,73.38748,True,True,True,True,True,True,True,True,True,True,True,True,True,False,0,True,None
RL017W17,RL017,17,5.91571,54.29986,16.26847,1.15358,1.67544,13.07527,16.28862,18.91022,19.28301,17.59908,0.26345,-0.27961,895.13306,69.27103,True,True,True,False,True,True,True,True,True,True,True,True,True,True,1,False,Junction Leak
RL017W18,RL017,18,6.14414,54.746,15.94551,1.10857,1.71668,12.63645,15.7533,18.71087,18.48773,17.35666,0.25852,-0.25999,861.735,69.26889,True,True,True,True,True,True,True,True,True,True,True,True,True,True,2,False,Vt Shift
RL017W19,RL017,19,5.97191,53.19758,16.121,1.11457,1.71218,13.19874,15.44724,19.75399,18.32893,16.94805,0.25573,-0.25808,911.14702,67.99418,True,True,True,True,True,True,True,True,True,True,True,True,True,True,0,True,None
RL017W20,RL017,20,5.92094,51.23195,15.903,1.11215,1.57888,12.39621,15.31146,18.67736,19.05246,17.1374,0.27673,-0.26592,870.30246,67.74384,True,True,True,True,True,True,True,True,True,True,False,True,True,True,1,False,Vt Shift
RL017W21,RL017,21,5.74171,52.87935,16.25821,1.10865,1.65313,13.77033,16.25651,17.98998,19.09974,17.45108,0.25346,-0.25615,888.96658,70.63909,True,True,True,True,True,True,True,True,True,True,True,True,True,True,0,True,None
RL017W22,RL017,22,5.80941,53.06314,16.77129,1.07902,1.68931,13.09706,16.13525,18.68642,19.05508,17.68194,0.28794,-0.28004,888.83522,69.27364,True,True,True,True,True,True,True,True,True,True,False,True,True,True,2,False,Fin Collapse
RL017W23,RL017,23,5.93416,53.62008,15.87298,1.10073,1.76146,12.39753,16.4872,18.92176,18.76209,17.27769,0.24183,-0.26071,892.56797,65.98675,True,True,True,True,True,True,True,True,True,True,True,True,True,True,1,False,Vt Shift
RL017W24,RL017,24,6.27839,55.74054,16.48502,1.12392,1.73577,12.17905,16.16068,18.23268,19.46869,17.85792,0.25929,-0.27072,846.64923,69.25618,True,True,True,True,True,True,True,True,True,True,True,True,True,True,3,False,Vt Shift
RL017W25,RL017,25,6.32421,54.85878,16.69496,1.11853,1.73647,13.1679,15.93159,18.63375,18.64446,17.15319,0.27487,-0.27464,857.36723,65.45025,True,True,True,True,True,True,True,True,True,True,True,True,True,True,2,False,Contact Open
RL018W01,RL018,1,5.88361,55.67023,17.21039,1.00493,1.69519,11.6828,15.7942,18.52971,18.30768,18.06877,0.27176,-0.26952,857.1497,69.42058,True,True,True,True,True,True,True,True,True,True,True,True,True,True,2,False,Oxide BD
RL018W02,RL018,2,5.87281,52.28985,16.39961,1.06884,1.75947,11.99647,15.72048,18.68616,18.75036,17.6194,0.28998,-0.25833,907.86728,68.23908,True,True,True,True,True,True,True,True,True,True,False,True,True,True,1,False,Junction Leak
RL018W03,RL018,3,5.75247,55.66046,15.77475,1.01759,1.67968,12.32594,15.81367,18.66105,18.48448,17.72636,0.21764,-0.24419,831.36826,68.81013,True,True,True,True,True,True,True,True,True,True,True,True,True,True,0,True,None
RL018W04,RL018,4,5.79583,56.53775,16.56217,1.02067,1.7315,12.95604,14.98591,17.58833,18.39439,17.19009,0.22414,-0.23999,894.35725,67.80729,True,True,True,True,True,True,True,True,True,True,True,True,True,True,0,True,None
RL018W05,RL018,5,5.3804,55.65152,16.03453,0.95547,1.74644,12.8093,15.62202,17.41691,17.99035,17.10573,0.25808,-0.26718,925.46794,67.14504,True,True,True,True,True,True,True,True,True,True,True,True,True,True,0,True,None
RL018W06,RL018,6,5.71537,54.13012,15.92349,1.03885,1.67106,13.14013,15.72174,19.45377,18.63373,17.99438,0.24974,-0.25517,896.74372,70.64504,True,True,True,True,True,True,True,True,True,True,True,True,True,True,0,True,None
RL018W07,RL018,7,5.47744,52.46361,15.67639,0.99142,1.55287,12.2746,15.23211,18.50831,18.66829,17.34717,0.23355,-0.24328,894.79417,66.32034,True,True,True,True,True,True,True,True,True,True,True,True,True,True,0,True,None
RL018W08,RL018,8,5.78943,57.95969,16.08142,1.02457,1.5949,12.86328,15.57862,17.5168,18.77546,17.12856,0.24404,-0.24564,958.61213,67.23658,True,True,True,True,True,True,True,True,True,True,True,True,True,True,0,True,None
RL018W09,RL018,9,5.57098,54.10083,16.26226,1.00498,1.62274,13.36767,15.93252,17.99743,19.38249,17.82387,0.22912,-0.2555,913.96635,68.44639,True,True,True,True,True,True,True,True,True,True,True,True,True,True,1,False,Metal Migration
RL018W10,RL018,10,5.89919,53.89351,16.02028,1.00554,1.69123,12.9814,15.47562,18.72423,18.21888,17.62974,0.24066,-0.26517,932.27429,70.77211,True,True,True,True,True,True,True,True,True,True,True,True,True,True,0,True,None
RL018W11,RL018,11,5.99105,53.37385,16.07702,1.07578,1.58531,12.4118,15.3521,18.2235,18.74859,17.18269,0.25573,-0.25676,917.00294,65.06196,True,True,True,True,True,True,True,True,True,True,True,True,True,True,1,False,Fin Collapse
RL018W12,RL018,12,5.96575,53.90718,16.66307,0.99938,1.8559,13.35554,16.10468,18.19033,17.92255,18.20738,0.26151,-0.24994,943.28838,67.94732,True,True,True,True,False,True,True,True,True,True,True,True,True,True,0,True,None
RL018W13,RL018,13,5.87265,55.68959,16.00785,1.02096,1.6531,12.96763,14.82329,18.70732,18.34497,17.89094,0.25408,-0.25916,920.25623,66.65204,True,True,True,True,True,True,True,True,True,True,True,True,True,True,0,True,None
RL018W14,RL018,14,5.25126,54.23112,16.4277,1.03153,1.68288,12.2905,15.12028,19.34857,17.98359,17.75919,0.22557,-0.25191,975.25844,65.91641,True,True,True,True,True,True,True,True,True,True,True,True,True,True,0,True,None
RL018W15,RL018,15,5.81813,54.82133,16.02343,1.15059,1.64753,13.43123,15.23137,18.08437,17.87028,17.98358,0.24818,-0.26499,918.7296,65.99765,True,True,True,False,True,True,True,True,True,True,True,True,True,True,1,False,Contact Open
RL018W16,RL018,16,5.83586,54.60453,16.31023,0.98273,1.71764,12.91107,15.39346,18.48131,18.36414,17.89697,0.24556,-0.2594,898.51157,65.77952,True,True,True,True,True,True,True,True,True,True,True,True,True,True,0,True,None
RL018W17,RL018,17,5.41282,53.30914,16.36205,1.00048,1.71398,13.13388,15.8433,18.26365,17.35937,17.50212,0.22896,-0.24913,877.0675,69.19209,True,True,True,True,True,True,True,True,True,True,True,True,True,True,0,True,None
RL018W18,RL018,18,5.65438,55.73232,16.3931,0.99015,1.79906,13.24517,15.04122,18.5753,18.23513,17.23445,0.24903,-0.26515,918.08798,69.06741,True,True,True,True,True,True,True,True,True,True,True,True,True,True,0,True,None
RL018W19,RL018,19,5.56156,56.68252,16.27675,1.00564,1.64559,12.9294,16.18388,18.78814,18.63847,17.71256,0.25907,-0.25984,915.38187,63.13509,True,True,True,True,True,True,True,True,True,True,True,True,True,True,0,True,None
RL018W20,RL018,20,5.78793,55.43726,16.49573,0.98239,1.75519,13.9033,16.03787,18.07488,18.08893,16.91282,0.25712,-0.26545,915.67807,69.07654,True,True,True,True,True,True,True,True,True,True,True,True,True,True,1,False,Wear-out
RL018W21,RL018,21,5.5654,52.92699,15.76169,1.04042,1.59699,12.98689,15.79437,17.50378,18.86595,18.7053,0.23531,-0.25248,899.45198,66.01983,True,True,True,True,True,True,True,True,True,True,True,True,True,True,0,True,None
RL018W22,RL018,22,5.36165,55.50648,15.81808,1.04984,1.72425,12.50321,15.40071,18.2268,18.02065,16.75871,0.24444,-0.24967,912.78111,66.16031,True,True,True,True,True,True,True,True,True,True,True,True,True,True,0,True,None
RL018W23,RL018,23,5.94118,53.25438,16.58994,1.09236,1.75956,13.20347,15.75707,18.06106,17.35947,17.81803,0.24031,-0.25777,882.89047,69.68826,True,True,True,True,True,True,True,True,True,True,True,True,True,True,0,True,None
RL018W24,RL018,24,5.50314,56.10133,15.76811,1.01311,1.75999,13.08501,15.54575,18.30792,17.82495,17.90307,0.25083,-0.2639,896.98568,66.59698,True,True,True,True,True,True,True,True,True,True,True,True,True,True,0,True,None
RL018W25,RL018,25,6.10114,53.35082,16.24754,1.10233,1.64667,12.43037,16.16454,19.05031,17.43645,17.87787,0.25305,-0.26649,889.42011,66.62579,True,True,True,True,True,True,True,True,True,True,True,True,True,True,0,True,None
RL019W01,RL019,1,5.95053,54.98358,15.69754,1.06151,1.68338,13.43412,15.78227,19.39004,18.99125,18.07966,0.25527,-0.26637,915.87866,63.74879,True,True,True,True,True,True,True,True,True,True,True,True,True,True,0,True,None
RL019W02,RL019,2,6.19937,55.89527,16.37721,1.0772,1.79993,13.06342,15.97854,18.13304,19.46355,17.86792,0.26023,-0.29399,903.79973,68.8751,True,True,True,True,True,True,True,True,True,True,True,False,True,True,0,True,None
RL019W03,RL019,3,5.55283,53.81724,15.57442,0.99186,1.63508,13.25199,14.99409,19.23431,19.23325,17.60198,0.25638,-0.24722,898.48657,65.37047,True,True,True,True,True,True,True,True,True,True,True,True,True,True,0,True,None
RL019W04,RL019,4,5.96986,53.30882,15.43517,1.08935,1.61544,13.35294,15.24435,18.80417,19.32379,17.61698,0.22724,-0.23268,918.22754,67.79101,True,True,True,True,True,True,True,True,True,True,True,True,True,True,0,True,None
RL019W05,RL019,5,5.62829,56.28778,16.63606,1.04766,1.77871,13.58329,15.01083,18.50378,18.45385,17.15369,0.2368,-0.27173,901.79757,67.15301,True,True,True,True,True,True,True,True,True,True,True,True,True,True,0,True,None
RL019W06,RL019,6,5.38796,56.53286,15.71999,1.04316,1.67597,13.12112,14.80074,18.92266,19.28523,17.69522,0.23658,-0.24388,918.59557,66.39901,True,True,True,True,True,True,True,True,True,True,True,True,True,True,0,True,None
RL019W07,RL019,7,5.20895,51.91978,16.24513,0.99176,1.70586,13.24729,15.32343,19.75333,18.23146,17.36829,0.24886,-0.27879,855.21522,65.83086,True,True,True,True,True,True,True,True,True,True,True,True,True,True,0,True,None
RL019W08,RL019,8,5.42325,53.93354,16.57288,0.91845,1.71885,12.88756,15.14565,19.26715,19.29114,17.6898,0.25042,-0.26562,889.38359,68.00148,True,True,True,True,True,True,True,True,True,True,True,True,True,True,0,True,None
RL019W09,RL019,9,5.74334,54.47055,16.26767,1.02139,1.61948,13.30915,15.7214,18.97704,19.12688,18.27871,0.25516,-0.24573,900.25655,67.73277,True,True,True,True,True,True,True,True,True,True,True,True,True,True,0,True,None
RL019W10,RL019,10,5.40771,53.91468,15.85814,0.97494,1.65267,13.4293,15.14811,19.35985,19.44988,17.16696,0.2268,-0.25756,887.68129,67.55758,True,True,True,True,True,True,True,True,True,True,True,True,True,True,0,True,None
RL019W11,RL019,11,5.70122,54.89609,15.66787,1.02995,1.74549,13.52709,15.24867,18.6982,19.47883,17.43328,0.26196,-0.25325,893.95916,68.70226,True,True,True,True,True,True,True,True,True,True,True,True,True,True,0,True,None
RL019W12,RL019,12,5.62965,53.02253,16.33283,0.99455,1.56998,12.37623,15.66136,18.88846,19.23993,16.27447,0.2452,-0.25072,891.03816,66.74598,True,True,True,True,True,True,True,True,True,True,True,True,True,True,0,True,None
RL019W13,RL019,13,6.00777,52.49563,16.69546,0.97088,1.63197,13.31481,15.35013,19.11538,19.22193,17.53864,0.24194,-0.26743,922.88554,65.96755,True,True,True,True,True,True,True,True,True,True,True,True,True,True,0,True,None
RL019W14,RL019,14,5.60243,55.26175,15.70695,0.98822,1.54261,13.52056,15.8631,18.67286,18.50435,17.63676,0.26031,-0.26947,914.3442,65.37866,True,True,True,True,True,True,True,True,True,True,True,True,True,True,0,True,None
RL019W15,RL019,15,5.27053,54.41887,15.88559,1.06662,1.7098,13.18379,15.74914,19.89298,19.73938,17.82372,0.26604,-0.23707,925.68728,65.82338,True,True,True,True,True,True,True,True,True,True,True,True,True,True,0,True,None
RL019W16,RL019,16,5.63688,55.58308,16.28708,1.07813,1.69657,12.76991,14.86758,19.50953,19.7715,17.43264,0.2316,-0.24458,902.8514,68.36165,True,True,True,True,True,True,True,True,True,True,True,True,True,True,0,True,None
RL019W17,RL019,17,5.8427,55.83831,15.97407,1.04718,1.6107,12.56356,16.19597,18.81958,18.75918,18.50079,0.22663,-0.23237,923.53005,64.61344,True,True,True,True,True,True,True,True,True,True,True,True,True,True,0,True,None
RL019W18,RL019,18,5.86864,56.15597,16.37098,1.10341,1.64539,12.97052,15.82219,18.92291,19.51324,17.87719,0.2397,-0.24954,901.10832,68.38974,True,True,True,True,True,True,True,True,True,True,True,True,True,True,0,True,None
RL019W19,RL019,19,5.68891,54.02674,16.78244,1.00867,1.64898,13.20262,15.46459,19.06213,18.77882,17.24804,0.2535,-0.251,927.93431,68.18901,True,True,True,True,True,True,True,True,True,True,True,True,True,True,0,True,None
RL019W20,RL019,20,5.72539,56.87251,16.128,1.08796,1.65393,12.66933,15.75005,17.95871,19.19664,18.19419,0.24647,-0.26325,911.24275,68.52296,True,True,True,True,True,True,True,True,True,True,True,True,True,True,0,True,None
RL019W21,RL019,21,5.75239,54.79965,16.128,1.02204,1.69026,13.7087,15.07968,18.84455,19.75524,17.77625,0.25088,-0.26255,902.42254,66.80648,True,True,True,True,True,True,True,True,True,True,True,True,True,True,0,True,None
RL019W22,RL019,22,5.39838,55.76556,16.39912,1.10698,1.64748,12.42968,16.45482,18.90512,18.63571,17.87212,0.26039,-0.26209,952.11848,67.14848,True,True,True,True,True,True,True,True,True,True,True,True,True,True,0,True,None
RL019W23,RL019,23,5.58143,55.43299,16.1163,1.01493,1.63588,13.16606,15.61369,17.94362,18.3841,17.35396,0.24555,-0.25282,924.64344,65.01276,True,True,True,True,True,True,True,True,True,True,True,True,True,True,0,True,None
RL019W24,RL019,24,5.68474,52.51751,15.90924,1.07218,1.64845,12.34851,15.67383,19.80015,18.18305,17.56053,0.27827,-0.25781,912.43415,67.90324,True,True,True,True,True,True,True,True,True,True,False,True,True,True,0,True,None
RL019W25,RL019,25,6.37268,54.87588,16.53473,1.17906,1.70375,12.54985,16.0678,18.86159,18.7911,18.24741,0.23649,-0.28458,834.62037,68.77581,True,True,True,False,True,True,True,True,True,True,True,True,True,True,0,True,None
RL020W01,RL020,1,5.51723,53.11978,16.18566,1.10638,1.65796,13.15373,15.5616,18.42405,18.29183,17.58958,0.25782,-0.26344,869.96364,67.35885,True,True,True,True,True,True,True,True,True,True,True,True,True,True,0,True,None
RL020W02,RL020,2,5.9269,54.3011,15.78499,1.04899,1.74757,12.9614,15.45774,18.75656,18.42379,18.07799,0.26303,-0.26836,931.39497,67.48202,True,True,True,True,True,True,True,True,True,True,True,True,True,True,1,False,Vt Shift
RL020W03,RL020,3,5.34284,56.19342,16.45885,1.08796,1.53507,13.22244,15.43865,18.9351,19.53482,18.02384,0.24688,-0.24037,911.40371,63.73815,True,True,True,True,True,True,True,True,True,True,True,True,True,True,0,True,None
RL020W04,RL020,4,5.39917,54.15334,15.94637,1.0288,1.62894,13.32072,16.5007,18.23902,19.25409,16.93782,0.26528,-0.25241,915.06544,69.60991,True,True,True,True,True,True,True,True,True,True,True,True,True,True,0,True,None
RL020W05,RL020,5,5.69261,54.80737,15.78364,0.98491,1.78294,12.33501,14.86611,18.67224,18.63231,18.57135,0.23147,-0.26328,892.91764,66.56274,True,True,True,True,True,True,True,True,True,True,True,True,True,True,0,True,None
RL020W06,RL020,6,5.40828,54.82435,15.06489,1.03246,1.62128,12.87691,15.01329,19.16646,18.97812,17.91686,0.22778,-0.2339,938.93057,66.00881,True,True,True,True,True,True,True,True,True,True,True,True,True,True,0,True,None
RL020W07,RL020,7,5.86703,56.04297,16.21786,1.05981,1.73191,12.19607,15.12607,18.88884,18.78723,17.17662,0.23824,-0.25366,891.72242,68.09192,True,True,True,True,True,True,True,True,True,True,True,True,True,True,1,False,Metal Migration
RL020W08,RL020,8,5.95725,54.6872,15.8569,1.0197,1.56714,12.78773,15.76165,17.62858,18.33656,17.59812,0.26576,-0.2652,887.30722,69.22297,True,True,True,True,True,True,True,True,True,True,True,True,True,True,0,True,None
RL020W09,RL020,9,5.41381,54.79394,16.06571,1.02993,1.57987,13.84299,15.54405,19.55081,19.47787,17.29922,0.23129,-0.26126,935.12544,63.02489,True,True,True,True,True,True,True,True,True,True,True,True,True,True,0,True,None
RL020W10,RL020,10,5.79242,55.64131,15.95299,1.08737,1.7383,13.23925,15.4464,19.25573,19.8201,17.5769,0.25286,-0.25388,942.0115,67.7696,True,True,True,True,True,True,True,True,True,True,True,True,True,True,0,True,None
RL020W11,RL020,11,5.73582,55.44994,16.06472,1.08349,1.58296,11.69158,15.74641,19.31797,19.63632,17.77711,0.2236,-0.24182,932.26993,66.6044,True,True,True,True,True,True,True,True,True,True,True,True,True,True,0,True,None
RL020W12,RL020,12,5.49506,54.86584,16.10706,1.05559,1.65459,11.97343,15.56283,19.36814,18.9082,17.24821,0.24257,-0.2695,921.4991,68.78965,True,True,True,True,True,True,True,True,True,True,True,True,True,True,0,True,None
RL020W13,RL020,13,5.3871,51.38015,16.16427,1.05559,1.68099,13.27285,15.49403,20.05878,18.54512,17.26823,0.24198,-0.24406,916.96648,64.89449,True,True,True,True,True,True,True,True,True,True,True,True,True,True,0,True,None
RL020W14,RL020,14,5.5039,50.31863,16.14531,1.07489,1.70875,13.60177,15.51582,19.03874,18.92545,17.2545,0.21112,-0.26599,940.52612,65.09783,True,True,True,True,True,True,True,True,True,True,True,True,True,True,0,True,None
RL020W15,RL020,15,5.77275,53.16413,15.33363,1.0762,1.61006,12.94368,15.80599,19.30846,19.25972,16.92609,0.25128,-0.26599,919.13702,70.03482,True,True,True,True,True,True,True,True,True,True,True,True,True,True,0,True,None
RL020W16,RL020,16,5.17781,52.72156,15.99699,1.06937,1.61272,12.94273,15.60552,19.75278,19.23657,17.53675,0.23464,-0.23729,954.48516,66.41867,True,True,True,True,True,True,True,True,True,True,True,True,True,True,0,True,None
RL020W17,RL020,17,5.54412,51.55343,15.82429,0.96834,1.67558,13.71142,15.24145,18.78533,20.1109,17.30761,0.24075,-0.24649,916.04839,66.06499,True,True,True,True,True,True,True,True,True,True,True,True,True,True,0,True,None
RL020W18,RL020,18,5.20834,53.70392,16.07198,1.05762,1.65384,13.83114,14.71424,19.76312,19.51805,17.32185,0.22261,-0.26412,913.78502,65.80111,True,True,True,True,True,True,True,True,True,True,True,True,True,True,0,True,None
RL020W19,RL020,19,5.32608,54.76042,15.97115,1.06142,1.59024,13.20639,15.19344,19.59046,18.91451,17.50284,0.21639,-0.25967,929.90983,67.22904,True,True,True,True,True,True,True,True,True,True,True,True,True,True,0,True,None
RL020W20,RL020,20,5.43435,56.8474,16.85347,1.04127,1.57782,12.83365,15.86804,19.63028,19.07809,17.63647,0.26238,-0.2464,876.83063,63.46805,True,True,True,True,True,True,True,True,True,True,True,True,True,True,0,True,None
RL020W21,RL020,21,5.36982,54.31407,15.94541,1.00507,1.58514,12.78761,15.3935,19.01407,18.85336,16.89785,0.2376,-0.26383,922.25983,64.17997,True,True,True,True,True,True,True,True,True,True,True,True,True,True,0,True,None
RL020W22,RL020,22,5.48415,54.08596,15.7719,1.04514,1.82788,12.2773,15.83033,20.10551,19.1224,16.60283,0.24985,-0.24852,918.37385,65.39999,True,True,True,True,True,True,True,True,True,True,True,True,True,True,0,True,None
RL020W23,RL020,23,5.68719,52.81956,15.94411,1.09846,1.5725,13.04092,15.33865,18.79458,19.64407,17.30884,0.2457,-0.26449,899.18237,68.46152,True,True,True,True,True,True,True,True,True,True,True,True,True,True,0,True,None
RL020W24,RL020,24,5.78884,55.20309,16.06979,1.13372,1.84491,13.25162,15.15753,19.97059,18.39007,17.32899,0.26452,-0.25701,858.52378,68.73958,True,True,True,True,True,True,True,True,True,True,True,True,True,True,1,False,Oxide BD
RL020W25,RL020,25,5.96994,55.96217,16.15779,1.08397,1.81976,12.28187,16.06704,18.9923,17.61592,17.85785,0.2627,-0.26019,890.51556,69.19674,True,True,True,True,True,True,True,True,True,True,True,True,True,True,1,False,Metal Migration
RL021W01,RL021,1,6.57217,55.10043,16.77947,1.1593,1.82568,11.92157,16.70672,19.21126,17.6867,17.96093,0.31155,-0.3047,849.1315,69.07998,False,True,True,False,True,True,True,True,True,True,False,False,True,True,8,False,Vt Shift
RL021W02,RL021,2,6.87221,55.79183,16.2785,1.27548,1.79403,11.34943,15.42919,18.73033,17.99752,17.96261,0.30252,-0.28628,827.5414,71.50717,False,True,True,False,True,False,True,True,True,True,False,False,True,True,6,False,Fin Collapse
RL021W03,RL021,3,6.44937,55.89844,16.6579,1.17263,1.89045,12.95645,15.70576,18.29123,18.20802,17.27837,0.27845,-0.26327,840.22665,72.53576,False,True,True,False,False,True,True,True,True,True,False,True,True,False,6,False,Junction Leak
RL021W04,RL021,4,6.17791,53.7304,17.2095,1.20205,1.66975,12.54556,16.09429,17.94229,18.09637,17.36926,0.26405,-0.28497,904.4453,72.08572,True,True,True,False,True,True,True,True,True,True,True,True,True,False,6,False,Contact Open
RL021W05,RL021,5,6.50504,53.24619,16.53004,1.22159,1.87323,12.80191,16.6524,19.15633,18.67482,17.38374,0.27054,-0.27679,877.95625,70.99576,False,True,True,False,False,True,True,True,True,True,True,True,True,True,4,False,Vt Shift
RL021W06,RL021,6,6.2366,54.62443,16.63942,1.19649,1.7824,12.23147,15.68683,19.37183,18.35966,17.34993,0.27094,-0.28827,833.99467,68.71096,True,True,True,False,True,True,True,True,True,True,True,False,True,True,5,False,Vt Shift
RL021W07,RL021,7,6.13777,54.75141,16.77269,1.15982,1.76258,12.59329,15.51744,18.59415,18.86051,17.35962,0.28221,-0.28344,851.15437,72.09031,True,True,True,False,True,True,True,True,True,True,False,True,True,False,5,False,Vt Shift
RL021W08,RL021,8,6.82689,56.50713,16.41434,1.24004,1.66256,11.90072,15.92481,18.02157,17.98249,18.38545,0.27374,-0.29549,815.37191,70.30238,False,True,True,False,True,True,True,True,True,True,True,False,False,True,6,False,Metal Migration
RL021W09,RL021,9,6.44359,55.06047,16.74102,1.24136,1.8484,11.21394,16.07979,18.80914,18.31643,18.48136,0.28008,-0.28727,839.32991,71.46613,False,True,True,False,True,False,True,True,True,True,False,False,True,True,7,False,Oxide BD
RL021W10,RL021,10,6.16467,57.19271,16.43862,1.21463,1.68473,12.04628,16.13072,18.51513,18.08924,17.73049,0.2995,-0.27634,901.89009,68.77592,True,True,True,False,True,True,True,True,True,True,False,True,True,True,5,False,Contact Open
RL021W11,RL021,11,6.18049,55.47756,16.80167,1.2285,1.76579,12.16375,16.8096,19.37601,18.46694,17.46542,0.27513,-0.28349,861.947,68.47287,True,True,True,False,True,True,True,True,True,True,False,True,True,True,8,False,Metal Migration
RL021W12,RL021,12,6.33747,54.30673,17.2199,1.19256,1.77556,11.68973,16.25484,19.14856,18.56902,17.99017,0.29541,-0.29423,842.88178,71.04108,True,True,True,False,True,True,True,True,True,True,False,False,True,True,6,False,Wear-out
RL021W13,RL021,13,6.33153,55.77481,16.12179,1.16989,1.76612,11.68601,16.38901,18.77311,19.05222,18.33609,0.27502,-0.27113,800.6412,72.48197,True,True,True,False,True,True,True,True,True,True,False,True,False,False,6,False,Junction Leak
RL021W14,RL021,14,6.29974,55.24557,16.83205,1.10162,1.81445,11.90104,15.89081,18.92651,18.53261,19.02419,0.28961,-0.28465,872.2248,71.93126,True,True,True,True,True,True,True,True,True,True,False,True,True,True,5,False,Junction Leak
RL021W15,RL021,15,5.92318,55.25696,16.11664,1.20721,1.75953,12.08864,15.70876,19.2595,18.35419,18.39938,0.29183,-0.29244,889.0316,69.42027,True,True,True,False,True,True,True,True,True,True,False,False,True,True,4,False,Vt Shift
RL021W16,RL021,16,6.27328,55.9052,16.18145,1.23219,1.67777,10.77216,16.65137,18.35769,19.55197,17.7138,0.27522,-0.29482,862.96926,68.43928,True,True,True,False,True,False,True,True,True,True,False,False,True,True,6,False,Junction Leak
RL021W17,RL021,17,6.1238,56.15402,16.61569,1.23993,1.69648,11.259,15.88977,17.60535,18.83936,17.89594,0.27624,-0.29227,857.04917,70.38913,True,True,True,False,True,False,True,True,True,True,False,False,True,True,5,False,Junction Leak
RL021W18,RL021,18,5.97801,56.75654,17.04659,1.08353,1.77988,13.21046,16.41628,17.8574,18.91871,17.0946,0.26885,-0.27799,889.17452,71.63018,True,True,True,True,True,True,True,True,True,True,True,True,True,True,6,False,Fin Collapse
RL021W19,RL021,19,6.4176,54.147,16.23269,1.24862,1.74127,11.93373,15.36309,18.58061,18.74845,18.13497,0.28523,-0.28435,871.10737,70.80264,False,True,True,False,True,True,True,True,True,True,False,True,True,True,6,False,Metal Migration
RL021W20,RL021,20,6.47731,54.414,16.46858,1.22857,1.75494,12.65948,16.33389,18.97261,18.49496,17.84168,0.29529,-0.28346,827.89492,72.51823,False,True,True,False,True,True,True,True,True,True,False,True,True,False,5,False,Contact Open
RL021W21,RL021,21,6.66725,55.1728,16.69644,1.22324,1.73211,12.11865,15.79578,18.24191,17.87094,18.64127,0.27826,-0.28751,859.25771,72.49759,False,True,True,False,True,True,True,True,True,True,False,False,True,False,6,False,Oxide BD
RL021W22,RL021,22,6.18764,56.14708,16.91906,1.23305,1.77431,11.59942,16.22508,18.56818,18.13105,17.25644,0.28556,-0.29294,850.83008,73.85949,True,True,True,False,True,True,True,True,True,True,False,False,True,False,6,False,Junction Leak
RL021W23,RL021,23,6.30165,55.59819,16.79441,1.19341,1.69349,11.68328,15.85286,17.48556,19.00401,17.22607,0.29826,-0.28608,862.12421,68.99352,True,True,True,False,True,True,True,True,True,True,False,False,True,True,7,False,Metal Migration
RL021W24,RL021,24,5.78082,55.61011,16.55414,1.24668,1.73552,11.8131,16.98698,17.2713,17.90362,17.6181,0.31133,-0.28436,851.65747,75.70453,True,True,True,False,True,True,True,True,True,True,False,True,True,False,6,False,Metal Migration
RL021W25,RL021,25,6.57425,55.0226,16.84199,1.29893,1.7774,12.2596,15.86324,18.57382,17.80598,17.31123,0.3011,-0.29999,831.42606,68.56865,False,True,True,False,True,True,True,True,True,True,False,False,True,True,6,False,Junction Leak
RL022W01,RL022,1,6.2501,52.39156,16.52331,1.0381,1.72123,13.39255,15.74492,19.56952,19.2045,17.76309,0.2647,-0.25978,893.37391,65.30562,True,True,True,True,True,True,True,True,True,True,True,True,True,True,0,True,None
RL022W02,RL022,2,5.9155,56.42655,16.42007,1.18634,1.736,13.49268,15.57266,18.93809,18.40834,17.70583,0.2798,-0.26392,920.46225,66.65522,True,True,True,False,True,True,True,True,True,True,False,True,True,True,3,False,Junction Leak
RL022W03,RL022,3,5.76704,53.27843,16.25683,1.05971,1.69707,13.19547,15.05893,18.46164,20.10241,17.04402,0.23975,-0.23367,932.28148,64.38599,True,True,True,True,True,True,True,True,True,True,True,True,True,True,0,True,None
RL022W04,RL022,4,5.37162,54.36784,16.33868,0.97006,1.64698,13.17081,15.67991,18.52085,18.7106,17.06724,0.24822,-0.26166,924.42697,68.50283,True,True,True,True,True,True,True,True,True,True,True,True,True,True,0,True,None
RL022W05,RL022,5,5.35445,55.34819,15.81485,1.00123,1.71826,12.38306,14.95961,19.60252,19.53822,17.10254,0.25424,-0.24804,935.86626,69.30093,True,True,True,True,True,True,True,True,True,True,True,True,True,True,0,True,None
RL022W06,RL022,6,5.27433,55.07099,16.04639,1.08213,1.66699,12.83833,15.43167,19.3476,18.84266,18.28579,0.23759,-0.25756,877.0187,68.10933,True,True,True,True,True,True,True,True,True,True,True,True,True,True,0,True,None
RL022W07,RL022,7,5.63914,54.43689,16.2448,1.0964,1.75754,13.2964,15.63659,18.84925,18.81217,17.4072,0.2523,-0.24128,905.13191,66.74305,True,True,True,True,True,True,True,True,True,True,True,True,True,True,0,True,None
RL022W08,RL022,8,5.44026,52.90217,15.88249,1.00379,1.51701,13.17582,15.60618,19.76832,18.84465,18.02543,0.22854,-0.24747,935.94549,62.69768,True,True,True,True,True,True,True,True,True,True,True,True,True,True,0,True,None
RL022W09,RL022,9,5.33514,55.04601,15.58632,1.02251,1.717,13.27686,15.93692,19.10386,19.0367,17.56541,0.23885,-0.24622,902.40727,65.09574,True,True,True,True,True,True,True,True,True,True,True,True,True,True,0,True,None
RL022W10,RL022,10,5.43538,54.74531,16.15774,1.08138,1.61432,12.49952,15.32043,20.31699,18.7328,16.64658,0.23869,-0.25043,895.22951,67.55663,True,True,True,True,True,True,True,True,True,True,True,True,True,True,0,True,None
RL022W11,RL022,11,5.54397,54.02839,16.30173,0.99902,1.59283,13.08444,15.63254,18.31257,18.425,17.13651,0.24518,-0.24917,972.13443,64.80201,True,True,True,True,True,True,True,True,True,True,True,True,True,True,0,True,None
RL022W12,RL022,12,5.1082,55.77652,16.76056,1.02673,1.63943,13.22196,17.02137,18.74919,19.70128,18.26139,0.2465,-0.25764,908.40395,66.27607,True,True,True,True,True,True,False,True,True,True,True,True,True,True,0,True,None
RL022W13,RL022,13,5.18001,53.08681,15.88694,1.07206,1.52917,12.89033,14.80304,19.46844,19.76556,18.24241,0.22785,-0.24649,943.07669,66.42649,True,True,True,True,True,True,True,True,True,True,True,True,True,True,0,True,None
RL022W14,RL022,14,5.36257,52.67568,16.25551,0.99872,1.57247,12.77821,15.43492,19.69072,18.97048,17.33518,0.24189,-0.26406,896.86546,65.37119,True,True,True,True,True,True,True,True,True,True,True,True,True,True,0,True,None
RL022W15,RL022,15,5.50294,54.53345,16.0798,1.07034,1.69004,13.12928,15.37383,18.97209,19.10811,17.3104,0.24193,-0.25227,951.22984,65.22061,True,True,True,True,True,True,True,True,True,True,True,True,True,True,0,True,None
RL022W16,RL022,16,5.28838,54.6036,15.83998,1.05713,1.71939,12.5389,15.66786,19.91761,18.5566,18.15062,0.2489,-0.24824,916.80032,66.47549,True,True,True,True,True,True,True,True,True,True,True,True,True,True,0,True,None
RL022W17,RL022,17,5.77645,53.36032,15.96339,1.00196,1.627,13.11309,15.16739,18.09653,19.73196,18.56588,0.22257,-0.23969,916.53752,64.01004,True,True,True,True,True,True,True,True,True,True,True,True,True,True,0,True,None
RL022W18,RL022,18,5.61088,55.67483,16.33176,1.04293,1.63941,13.42226,15.94942,18.23368,19.74015,17.85341,0.25112,-0.24774,933.99617,64.73607,True,True,True,True,True,True,True,True,True,True,True,True,True,True,0,True,None
RL022W19,RL022,19,5.56466,55.02237,16.21064,1.05622,1.63723,13.51062,15.43434,18.47211,18.11619,17.8947,0.24762,-0.27094,896.6147,65.61008,True,True,True,True,True,True,True,True,True,True,True,True,True,True,0,True,None
RL022W20,RL022,20,5.95744,53.00485,15.89156,1.08984,1.72145,13.54892,14.82329,18.95848,18.81999,18.19547,0.24567,-0.25292,918.84713,64.48959,True,True,True,True,True,True,True,True,True,True,True,True,True,True,0,True,None
RL022W21,RL022,21,5.35452,52.6694,15.90816,1.07022,1.73291,12.99525,15.40706,18.79033,18.86448,17.83,0.2412,-0.24587,929.72046,66.13461,True,True,True,True,True,True,True,True,True,True,True,True,True,True,0,True,None
RL022W22,RL022,22,5.45286,54.67928,17.13851,1.00853,1.60073,13.26588,14.42971,18.83623,18.77624,17.16038,0.25227,-0.2608,926.67709,65.91268,True,True,True,True,True,True,True,True,True,True,True,True,True,True,0,True,None
RL022W23,RL022,23,5.1469,53.44756,15.84977,1.05427,1.72114,12.93297,15.26717,19.80856,18.73181,16.99204,0.23058,-0.26341,921.89884,65.66341,True,True,True,True,True,True,True,True,True,True,True,True,True,True,0,True,None
RL022W24,RL022,24,6.0871,52.89248,16.581,1.0349,1.53401,12.41463,15.57555,19.13605,18.57837,17.50486,0.23862,-0.26649,930.53855,66.87506,True,True,True,True,True,True,True,True,True,True,True,True,True,True,1,False,Fin Collapse
RL022W25,RL022,25,5.45751,52.69123,15.52499,1.04622,1.56167,13.3889,15.36515,18.57433,19.3917,17.53085,0.24566,-0.25205,928.63322,65.67465,True,True,True,True,True,True,True,True,True,True,True,True,True,True,0,True,None
RL023W01,RL023,1,5.62704,52.80268,15.70964,1.13178,1.75294,12.48377,15.58675,18.74738,18.11875,16.6666,0.26259,-0.27097,893.43211,65.12644,True,True,True,True,True,True,True,True,True,True,True,True,True,True,3,False,Contact Open
RL023W02,RL023,2,5.96915,54.99435,16.55197,1.03411,1.71707,12.10352,15.20996,18.59833,17.86058,17.98451,0.26139,-0.27876,880.7156,68.73911,True,True,True,True,True,True,True,True,True,True,True,True,True,True,1,False,Junction Leak
RL023W03,RL023,3,5.88194,57.30287,15.92153,1.06577,1.70306,12.31977,15.55963,19.04198,19.35898,18.13472,0.25074,-0.27321,871.62264,66.16664,True,True,True,True,True,True,True,True,True,True,True,True,True,True,0,True,None
RL023W04,RL023,4,5.57519,55.92503,16.24211,1.0337,1.61517,13.30174,15.91,19.40364,18.65355,16.82821,0.23442,-0.25478,956.65021,65.06683,True,True,True,True,True,True,True,True,True,True,True,True,True,True,0,True,None
RL023W05,RL023,5,5.45748,54.83327,15.99534,1.07055,1.61632,12.80374,15.76381,20.01624,17.84357,17.5045,0.24908,-0.23751,951.2539,69.00022,True,True,True,True,True,True,True,True,True,True,True,True,True,True,0,True,None
RL023W06,RL023,6,5.4104,53.67518,15.9713,1.0003,1.60086,13.50212,15.96994,18.79676,18.87848,18.20475,0.24835,-0.24064,922.42445,64.7176,True,True,True,True,True,True,True,True,True,True,True,True,True,True,0,True,None
RL023W07,RL023,7,5.53245,52.30359,16.12928,1.11914,1.62295,13.68033,14.74413,19.43209,17.66392,18.01149,0.25487,-0.25835,856.57853,67.33061,True,True,True,True,True,True,True,True,True,True,True,True,True,True,1,False,Wear-out
RL023W08,RL023,8,5.6286,53.65682,16.17518,1.13825,1.67478,12.85026,14.95838,18.25513,18.47129,17.14338,0.24951,-0.25937,915.60171,70.66056,True,True,True,True,True,True,True,True,True,True,True,True,True,True,1,False,Metal Migration
RL023W09,RL023,9,5.52946,54.92722,16.12597,1.05652,1.75854,13.71982,15.04486,19.35459,19.79806,17.21111,0.24193,-0.26457,939.85934,66.96421,True,True,True,True,True,True,True,True,True,True,True,True,True,True,0,True,None
RL023W10,RL023,10,5.78592,54.42266,16.21959,1.06003,1.74664,12.36152,15.27688,19.46458,19.72866,18.548,0.24184,-0.24951,936.01147,66.97419,True,True,True,True,True,True,True,True,True,True,True,True,True,True,1,False,Junction Leak
RL023W11,RL023,11,5.69816,55.20557,16.56905,1.06921,1.6559,12.76846,15.30053,18.28575,19.33805,17.7017,0.24464,-0.25319,948.51231,66.48231,True,True,True,True,True,True,True,True,True,True,True,True,True,True,0,True,None
RL023W12,RL023,12,5.80888,56.71809,16.82882,1.06074,1.65382,12.55559,16.10118,18.55006,18.88199,16.96486,0.24851,-0.25261,908.39563,67.95393,True,True,True,True,True,True,True,True,True,True,True,True,True,True,1,False,Vt Shift
RL023W13,RL023,13,5.96724,53.50674,16.03063,1.11155,1.66959,13.47858,16.12743,18.89851,20.05451,18.12529,0.24165,-0.27097,917.74564,66.82356,True,True,True,True,True,True,True,True,True,True,True,True,True,True,0,True,None
RL023W14,RL023,14,5.81478,55.02169,15.56009,1.03091,1.69307,12.05172,16.11442,19.15479,19.96952,17.62617,0.24662,-0.25932,886.72017,67.09559,True,True,True,True,True,True,True,True,True,True,True,True,True,True,1,False,Metal Migration
RL023W15,RL023,15,5.51962,51.86049,15.95224,1.05872,1.72041,13.34104,15.35162,19.92078,19.81107,17.97414,0.27502,-0.26008,940.39335,66.56962,True,True,True,True,True,True,True,True,True,True,False,True,True,True,0,True,None
RL023W16,RL023,16,5.77043,51.63448,15.27153,1.05193,1.73433,14.02268,15.50763,18.67283,18.56713,16.86178,0.2487,-0.25269,937.30877,66.26892,True,True,True,True,True,True,True,True,True,True,True,True,True,True,0,True,None
RL023W17,RL023,17,5.53961,53.50912,16.00724,1.09204,1.67695,13.04797,15.4841,18.17352,19.4771,17.75499,0.24319,-0.25839,908.18662,68.46737,True,True,True,True,True,True,True,True,True,True,True,True,True,True,0,True,None
RL023W18,RL023,18,5.91466,53.90042,16.85193,1.06822,1.73139,12.98874,14.99199,20.44335,19.23743,17.23807,0.2514,-0.25876,896.02472,65.54506,True,True,True,True,True,True,True,True,True,True,True,True,True,True,0,True,None
RL023W19,RL023,19,5.8953,56.45024,15.97606,1.02383,1.52134,13.92344,15.56347,18.63091,18.99342,16.9994,0.24333,-0.25142,903.61185,64.83582,True,True,True,True,True,True,True,True,True,True,True,True,True,True,0,True,None
RL023W20,RL023,20,5.66634,55.60923,16.20662,1.13294,1.63415,13.81133,15.31645,19.54489,18.93153,17.91919,0.24287,-0.26233,940.90403,64.72263,True,True,True,True,True,True,True,True,True,True,True,True,True,True,0,True,None
RL023W21,RL023,21,5.26244,54.05969,16.2922,1.04241,1.6537,12.52997,15.0424,17.33367,20.17726,17.24941,0.25823,-0.26583,924.69195,65.40701,True,True,True,True,True,True,True,True,True,True,True,True,True,True,0,True,None
RL023W22,RL023,22,5.55861,52.41654,15.60319,1.10089,1.64928,12.73008,15.7648,18.7358,18.74453,16.66948,0.23244,-0.27396,945.93752,63.28025,True,True,True,True,True,True,True,True,True,True,True,True,True,True,0,True,None
RL023W23,RL023,23,5.9602,53.85105,16.29575,1.08636,1.61725,13.63215,15.19386,18.82898,18.85168,17.65608,0.26046,-0.26081,877.90901,67.69474,True,True,True,True,True,True,True,True,True,True,True,True,True,True,0,True,None
RL023W24,RL023,24,5.58488,56.43976,16.42436,1.06043,1.64211,12.07268,16.64457,19.74431,19.32497,18.66238,0.26252,-0.25957,913.86737,69.22738,True,True,True,True,True,True,True,True,True,True,True,True,True,True,1,False,Vt Shift
RL023W25,RL023,25,5.79426,55.59411,15.9089,1.17437,1.6999,11.87871,16.24972,18.81404,18.55258,17.22307,0.2652,-0.26072,889.04443,67.42218,True,True,True,False,True,True,True,True,True,True,True,True,True,True,3,False,Metal Migration
RL024W01,RL024,1,5.6823,54.62171,16.03745,1.08866,1.69967,12.22976,16.20879,19.59304,18.43722,17.09244,0.24719,-0.26377,830.23918,66.61557,True,True,True,True,True,True,True,True,True,True,True,True,True,True,0,True,None
RL024W02,RL024,2,5.46752,54.91593,16.14065,1.17148,1.65115,13.01205,16.20958,18.27224,18.5767,16.79892,0.28012,-0.27358,905.36157,66.20532,True,True,True,False,True,True,True,True,True,True,False,True,True,True,2,False,Metal Migration
RL024W03,RL024,3,5.82313,55.44346,16.47556,1.08477,1.6703,13.50299,16.53014,19.72674,19.53967,17.12194,0.25425,-0.26614,894.17254,65.23663,True,True,True,True,True,True,True,True,True,True,True,True,True,True,0,True,None
RL024W04,RL024,4,5.51273,57.22658,16.65726,1.1121,1.82178,12.60929,15.69997,18.7781,19.20539,17.51878,0.27236,-0.24738,845.86378,65.12499,True,True,True,True,True,True,True,True,True,True,True,True,True,True,1,False,Metal Migration
RL024W05,RL024,5,5.561,52.33046,16.11205,1.1282,1.72865,12.48736,15.2107,18.65575,18.77848,17.75776,0.24215,-0.2474,936.85542,68.04292,True,True,True,True,True,True,True,True,True,True,True,True,True,True,0,True,None
RL024W06,RL024,6,5.39927,54.50155,16.5339,1.00675,1.7076,12.48938,15.44311,18.93743,19.07927,17.59036,0.24595,-0.24418,932.20884,67.47959,True,True,True,True,True,True,True,True,True,True,True,True,True,True,0,True,None
RL024W07,RL024,7,5.71731,53.65914,15.82879,1.1083,1.76,12.4596,15.86617,19.29711,18.92964,17.08842,0.25184,-0.2576,889.54679,71.92201,True,True,True,True,True,True,True,True,True,True,True,True,True,True,1,False,Contact Open
RL024W08,RL024,8,5.52639,52.07766,15.8042,1.09212,1.57568,12.16873,15.05494,19.17519,19.28009,18.03327,0.24411,-0.25679,878.89746,68.46096,True,True,True,True,True,True,True,True,True,True,True,True,True,True,0,True,None
RL024W09,RL024,9,5.22041,55.21903,16.06555,1.08022,1.62567,12.28441,15.56061,18.86262,18.98196,18.26023,0.25571,-0.25428,883.80208,64.77627,True,True,True,True,True,True,True,True,True,True,True,True,True,True,0,True,None
RL024W10,RL024,10,5.69475,55.32476,15.91101,1.00621,1.58675,13.19936,16.17835,18.52114,19.46523,16.78443,0.2564,-0.2633,893.90142,67.60737,True,True,True,True,True,True,True,True,True,True,True,True,True,True,0,True,None
RL024W11,RL024,11,5.66615,53.94116,15.61743,1.07341,1.70741,12.87531,16.18041,19.42739,19.59745,17.67037,0.23716,-0.24777,894.46236,64.33489,True,True,True,True,True,True,True,True,True,True,True,True,True,True,1,False,Fin Collapse
RL024W12,RL024,12,5.51703,52.8203,16.2399,1.06825,1.64972,12.60849,14.98571,18.94733,18.53332,17.89519,0.25212,-0.27116,898.38284,66.10619,True,True,True,True,True,True,True,True,True,True,True,True,True,True,0,True,None
RL024W13,RL024,13,5.18595,55.24826,16.3268,1.10045,1.66862,12.84807,15.57603,19.20527,18.85202,17.31671,0.25439,-0.25262,941.96415,66.39038,True,True,True,True,True,True,True,True,True,True,True,True,True,True,0,True,None
RL024W14,RL024,14,5.47397,53.67946,15.20042,1.12556,1.56731,13.81471,15.30656,18.19799,18.64252,17.79227,0.2603,-0.25044,938.92567,66.22941,True,True,True,True,True,True,True,True,True,True,True,True,True,True,1,False,Vt Shift
RL024W15,RL024,15,5.50048,54.84776,16.20771,1.08758,1.69403,12.88412,16.04331,18.15335,18.36128,17.14485,0.2492,-0.23884,929.83408,68.52319,True,True,True,True,True,True,True,True,True,True,True,True,True,True,0,True,None
RL024W16,RL024,16,5.63794,52.35189,16.90718,1.09266,1.6404,12.81507,14.99885,19.60689,18.64824,17.36524,0.24038,-0.24941,903.7281,66.44325,True,True,True,True,True,True,True,True,True,True,True,True,True,True,0,True,None
RL024W17,RL024,17,6.24602,53.85267,16.56146,1.05515,1.68132,12.79028,15.09957,18.8762,18.50716,17.58819,0.25469,-0.2438,932.44361,64.23092,True,True,True,True,True,True,True,True,True,True,True,True,True,True,1,False,Fin Collapse
RL024W18,RL024,18,5.48499,55.20271,15.43195,1.04785,1.67161,13.46597,15.36151,18.04135,18.63634,17.05558,0.23996,-0.26398,903.53064,65.73448,True,True,True,True,True,True,True,True,True,True,True,True,True,True,0,True,None
RL024W19,RL024,19,5.58958,55.52794,16.24943,1.08718,1.67768,13.40734,15.89213,18.89972,20.04554,17.43723,0.23271,-0.26161,946.61579,68.54074,True,True,True,True,True,True,True,True,True,True,True,True,True,True,0,True,None
RL024W20,RL024,20,6.03751,53.94858,17.32191,1.17226,1.75242,12.80353,15.96924,20.20184,18.0696,17.19418,0.26306,-0.27323,889.70743,69.12744,True,True,True,False,True,True,True,True,True,True,True,True,True,True,4,False,Fin Collapse
RL024W21,RL024,21,5.59557,54.16498,16.2869,1.0777,1.68413,13.04486,15.43108,18.68548,19.1956,17.31081,0.25571,-0.25535,897.24699,65.81524,True,True,True,True,True,True,True,True,True,True,True,True,True,True,0,True,None
RL024W22,RL024,22,5.71816,56.87604,16.60768,1.15159,1.67373,12.42838,15.667,19.23089,19.64014,17.81884,0.24769,-0.24828,947.06866,64.26905,True,True,True,False,True,True,True,True,True,True,True,True,True,True,2,False,Contact Open
RL024W23,RL024,23,5.55161,53.90184,16.69807,1.03322,1.54492,14.19104,15.52125,18.65361,20.3723,18.10808,0.24295,-0.25145,865.20116,65.05732,True,True,True,True,True,True,True,True,True,True,True,True,True,True,0,True,None
RL024W24,RL024,24,5.17983,58.48125,16.62253,1.09249,1.75626,13.1572,16.22699,18.10106,19.08763,17.18654,0.26882,-0.26624,908.18977,68.15854,True,False,True,True,True,True,True,True,True,True,True,True,True,True,1,False,Fin Collapse
RL024W25,RL024,25,5.82238,54.41604,15.96891,1.03803,1.72289,12.88349,15.48985,19.41096,19.07371,17.95069,0.24532,-0.26353,887.8721,64.91694,True,True,True,True,True,True,True,True,True,True,True,True,True,True,0,True,None
RL025W01,RL025,1,5.93417,53.44727,15.98604,1.18978,1.66507,13.00222,15.86441,17.98372,19.54356,17.72738,0.25908,-0.27156,906.17879,69.22075,True,True,True,False,True,True,True,True,True,True,True,True,True,True,1,False,Wear-out
RL025W02,RL025,2,5.64458,55.73846,16.51083,1.12911,1.5765,12.56779,15.27369,18.76687,17.8736,17.27033,0.25394,-0.26644,864.6264,67.88676,True,True,True,True,True,True,True,True,True,True,True,True,True,True,1,False,Oxide BD
RL025W03,RL025,3,5.43182,54.93131,15.44949,1.0436,1.6475,12.44448,15.75103,18.47205,18.73088,18.32737,0.24829,-0.24898,917.27408,68.22463,True,True,True,True,True,True,True,True,True,True,True,True,True,True,0,True,None
RL025W04,RL025,4,5.74014,54.21011,16.28877,1.10143,1.78803,12.8766,15.9278,18.4191,17.77304,17.69865,0.26137,-0.25744,910.95817,64.41614,True,True,True,True,True,True,True,True,True,True,True,True,True,True,1,False,Vt Shift
RL025W05,RL025,5,5.41514,54.24611,15.66001,0.98808,1.73031,12.57977,15.49126,18.05112,17.61118,17.11338,0.24981,-0.25171,919.57535,64.83619,True,True,True,True,True,True,True,True,True,True,True,True,True,True,1,False,Fin Collapse
RL025W06,RL025,6,5.52782,53.28674,16.05096,1.0774,1.79737,13.0231,15.78367,18.66286,18.83808,16.98024,0.26067,-0.24823,839.16368,67.05772,True,True,True,True,True,True,True,True,True,True,True,True,True,True,0,True,None
RL025W07,RL025,7,5.77573,52.03395,16.01213,1.09797,1.63311,12.73606,14.47752,19.35653,19.20955,17.51591,0.22256,-0.2502,924.70139,65.19232,True,True,True,True,True,True,True,True,True,True,True,True,True,True,0,True,None
RL025W08,RL025,8,5.29704,53.75024,15.7017,1.06565,1.56879,12.87489,15.91024,19.37085,19.92203,17.49478,0.23176,-0.25695,963.90858,68.22958,True,True,True,True,True,True,True,True,True,True,True,True,True,True,0,True,None
RL025W09,RL025,9,5.71339,52.9797,16.2538,1.08768,1.71322,12.89082,15.64754,19.83526,18.47697,17.2858,0.24457,-0.24288,912.11318,65.16507,True,True,True,True,True,True,True,True,True,True,True,True,True,True,0,True,None
RL025W10,RL025,10,5.19865,52.29302,15.61355,1.05726,1.62745,13.13438,15.09986,18.47632,19.49375,17.44457,0.25968,-0.24192,897.97294,68.57309,True,True,True,True,True,True,True,True,True,True,True,True,True,True,0,True,None
RL025W11,RL025,11,5.66413,53.40064,16.21338,1.11138,1.72067,12.91198,14.96084,18.90143,18.58911,18.07239,0.26055,-0.25205,881.3822,64.78488,True,True,True,True,True,True,True,True,True,True,True,True,True,True,0,True,None
RL025W12,RL025,12,5.97901,55.89167,15.37012,1.00741,1.78506,13.53626,16.17932,18.07023,19.45968,16.84604,0.243,-0.25821,922.59163,65.64474,True,True,True,True,True,True,True,True,True,True,True,True,True,True,0,True,None
RL025W13,RL025,13,5.31679,55.49209,16.11605,0.99013,1.61316,12.80102,15.6972,20.18829,19.04581,17.26354,0.21992,-0.24591,933.34635,67.04354,True,True,True,True,True,True,True,True,True,True,True,True,True,True,0,True,None
RL025W14,RL025,14,5.56548,54.93732,15.35535,1.08613,1.63799,13.09102,15.46896,18.81841,19.26059,17.63095,0.2402,-0.26188,896.94016,67.15266,True,True,True,True,True,True,True,True,True,True,True,True,True,True,0,True,None
RL025W15,RL025,15,5.07409,53.63542,16.26017,1.08752,1.68762,13.30874,15.02898,18.49164,19.07307,17.83274,0.24443,-0.264,931.42354,66.31534,True,True,True,True,True,True,True,True,True,True,True,True,True,True,0,True,None
RL025W16,RL025,16,5.49755,53.55306,16.05384,1.06273,1.62697,12.65445,15.78382,18.23985,18.57498,17.17812,0.2511,-0.26561,961.44381,67.99673,True,True,True,True,True,True,True,True,True,True,True,True,True,True,0,True,None
RL025W17,RL025,17,5.71151,54.75907,16.12635,1.07687,1.69015,12.90555,16.41685,19.11181,18.81537,17.93727,0.22777,-0.25916,899.26576,65.34099,True,True,True,True,True,True,True,True,True,True,True,True,True,True,0,True,None
RL025W18,RL025,18,5.85767,52.7892,16.6811,1.07002,1.6169,11.74751,15.87023,18.66868,19.23751,17.38454,0.24889,-0.25869,908.61493,65.46384,True,True,True,True,True,True,True,True,True,True,True,True,True,True,0,True,None
RL025W19,RL025,19,5.57603,53.74231,15.49052,1.0572,1.60393,13.89841,15.5086,19.03274,19.93946,17.68482,0.22534,-0.25624,984.40288,70.7456,True,True,True,True,True,True,True,True,True,True,True,True,True,True,0,True,None
RL025W20,RL025,20,5.48368,53.17594,15.74368,1.06315,1.70012,12.26061,16.22325,19.20976,18.47158,17.19868,0.24508,-0.23675,904.25018,67.19793,True,True,True,True,True,True,True,True,True,True,True,True,True,True,0,True,None
RL025W21,RL025,21,5.52665,55.30335,15.73111,1.05295,1.65831,12.91092,14.74817,19.18283,18.50263,16.62084,0.24378,-0.24621,915.43481,65.57398,True,True,True,True,True,True,True,True,True,True,True,True,True,True,0,True,None
RL025W22,RL025,22,5.00772,55.00208,16.14376,1.03555,1.67051,14.02785,15.30904,19.3522,18.82456,18.13603,0.25935,-0.24263,915.22319,65.30438,True,True,True,True,True,True,True,True,True,True,True,True,True,True,0,True,None
RL025W23,RL025,23,5.33076,53.94281,16.30403,1.08462,1.69592,13.08809,15.88336,19.15575,18.54884,18.0824,0.26439,-0.25327,873.78152,66.0379,True,True,True,True,True,True,True,True,True,True,True,True,True,True,0,True,None
RL025W24,RL025,24,5.71432,55.14886,16.41114,1.11509,1.81498,13.44576,16.47564,19.32663,19.4501,16.23615,0.24862,-0.28479,896.72734,67.0494,True,True,True,True,True,True,True,True,True,True,True,True,True,True,3,False,Vt Shift
RL025W25,RL025,25,5.95489,55.22004,16.31261,1.12716,1.73199,12.69803,16.01908,19.3316,17.86585,18.52881,0.24933,-0.2604,934.72411,69.56803,True,True,True,True,True,True,True,True,True,True,True,True,True,True,0,True,None
RL026W01,RL026,1,5.57248,54.67717,16.74413,1.06122,1.72939,12.06731,14.8328,18.08435,17.72376,18.1183,0.26454,-0.27937,939.6209,68.0484,True,True,True,True,True,True,True,True,True,True,True,True,True,True,0,True,None
RL026W02,RL026,2,5.62946,55.11007,15.82247,1.01332,1.63019,13.36383,15.4954,19.77292,18.55652,17.70567,0.24815,-0.26183,924.20835,65.61862,True,True,True,True,True,True,True,True,True,True,True,True,True,True,0,True,None
RL026W03,RL026,3,5.4177,53.74984,15.83038,1.07428,1.60121,12.1363,15.70867,18.21979,17.88938,17.57284,0.24542,-0.24937,905.43709,69.16575,True,True,True,True,True,True,True,True,True,True,True,True,True,True,0,True,None
RL026W04,RL026,4,5.46383,53.01106,16.41082,1.00157,1.69209,12.40374,15.00659,17.70495,19.08865,17.48807,0.24778,-0.25561,964.08943,67.99238,True,True,True,True,True,True,True,True,True,True,True,True,True,True,0,True,None
RL026W05,RL026,5,6.10638,52.35168,16.00494,0.99931,1.75964,12.69478,16.17366,19.03911,18.15181,17.39193,0.255,-0.24616,950.31286,65.7561,True,True,True,True,True,True,True,True,True,True,True,True,True,True,0,True,None
RL026W06,RL026,6,5.58405,53.0219,15.70692,0.99792,1.67452,13.23164,15.51548,19.25255,18.71214,18.02058,0.25598,-0.24993,903.15455,63.66291,True,True,True,True,True,True,True,True,True,True,True,True,True,True,0,True,None
RL026W07,RL026,7,5.5805,54.62116,16.04564,0.95996,1.71416,12.94717,15.62866,18.80885,18.82062,17.69128,0.24639,-0.2613,950.44744,62.09319,True,True,True,True,True,True,True,True,True,True,True,True,True,True,0,True,None
RL026W08,RL026,8,5.33776,53.12989,15.71959,1.02377,1.66581,13.06217,15.55107,18.73817,18.27212,17.71899,0.23785,-0.26083,928.68123,62.97916,True,True,True,True,True,True,True,True,True,True,True,True,True,True,0,True,None
RL026W09,RL026,9,5.25484,54.35118,16.00365,0.98726,1.61658,12.98744,15.63691,19.3277,19.07349,17.4522,0.2311,-0.23976,901.54828,61.22086,True,True,True,True,True,True,True,True,True,True,True,True,True,True,0,True,None
RL026W10,RL026,10,5.39461,52.57489,15.74571,0.94078,1.71594,12.57685,15.93332,17.30377,18.22714,16.98537,0.23296,-0.25199,914.19765,64.90622,True,True,True,True,True,True,True,True,True,True,True,True,True,True,1,False,Metal Migration
RL026W11,RL026,11,5.63495,55.66843,16.25578,1.05833,1.61833,13.94338,15.12752,17.92987,19.65486,16.87648,0.23537,-0.24937,942.01964,67.05484,True,True,True,True,True,True,True,True,True,True,True,True,True,True,0,True,None
RL026W12,RL026,12,5.2851,52.53792,16.25371,1.01249,1.6815,12.86947,16.41771,19.13273,17.87782,17.13818,0.27066,-0.24901,968.14208,69.00202,True,True,True,True,True,True,True,True,True,True,True,True,True,True,1,False,Contact Open
RL026W13,RL026,13,5.27084,51.87391,15.84281,0.97145,1.56081,13.72805,15.54143,18.49489,18.72211,17.30761,0.22646,-0.24047,903.68285,64.76588,True,True,True,True,True,True,True,True,True,True,True,True,True,True,0,True,None
RL026W14,RL026,14,5.7791,54.38615,16.11507,1.03748,1.67912,12.44569,14.94465,18.84662,19.41504,17.49485,0.2439,-0.24799,951.2303,67.34605,True,True,True,True,True,True,True,True,True,True,True,True,True,True,0,True,None
RL026W15,RL026,15,5.4982,53.32309,16.23549,0.98649,1.67626,12.68803,15.69025,17.83412,19.42162,18.29967,0.23568,-0.24749,926.81143,66.96795,True,True,True,True,True,True,True,True,True,True,True,True,True,True,0,True,None
RL026W16,RL026,16,5.3766,54.16114,16.11714,0.95339,1.52046,12.55587,16.32227,18.70494,17.8937,17.67357,0.23266,-0.26936,924.59304,68.50466,True,True,True,True,True,True,True,True,True,True,True,True,True,True,0,True,None
RL026W17,RL026,17,5.52647,52.10115,15.78393,0.99426,1.64979,13.57578,15.34476,18.58732,19.36884,17.32118,0.24348,-0.2388,920.6423,65.01393,True,True,True,True,True,True,True,True,True,True,True,True,True,True,0,True,None
RL026W18,RL026,18,5.37718,54.06993,15.81287,1.01825,1.82055,11.56811,14.49271,18.44454,19.065,17.90618,0.24974,-0.23699,952.2085,66.46191,True,True,True,True,True,True,True,True,True,True,True,True,True,True,0,True,None
RL026W19,RL026,19,5.76015,54.24002,16.27443,0.99424,1.63386,12.83942,15.67173,18.25865,18.84583,17.22644,0.25147,-0.25779,914.31598,65.95763,True,True,True,True,True,True,True,True,True,True,True,True,True,True,0,True,None
RL026W20,RL026,20,5.06588,53.73328,16.44141,0.97091,1.63039,12.64392,15.27274,18.37292,17.76314,17.94395,0.22521,-0.24638,932.45387,65.88901,True,True,True,True,True,True,True,True,True,True,True,True,True,True,0,True,None
RL026W21,RL026,21,6.05635,51.92437,15.94519,1.0719,1.65867,12.43339,15.6797,18.99853,19.0922,18.43508,0.23324,-0.25738,965.26924,66.70911,True,True,True,True,True,True,True,True,True,True,True,True,True,True,0,True,None
RL026W22,RL026,22,5.30057,55.62249,16.01392,0.99614,1.64528,13.44733,15.00851,18.56798,18.18244,17.5377,0.23835,-0.244,904.228,67.41982,True,True,True,True,True,True,True,True,True,True,True,True,True,True,0,True,None
RL026W23,RL026,23,5.80312,53.23635,15.88306,0.96548,1.68082,13.64411,16.01563,18.36376,18.00594,17.15044,0.24321,-0.25381,901.80319,67.87911,True,True,True,True,True,True,True,True,True,True,True,True,True,True,0,True,None
RL026W24,RL026,24,5.63808,56.3163,16.33386,1.05458,1.77157,11.77588,16.01681,18.22254,18.38628,17.41123,0.24406,-0.2544,887.08294,65.31499,True,True,True,True,True,True,True,True,True,True,True,True,True,True,1,False,Oxide BD
RL026W25,RL026,25,5.65158,55.19815,16.43149,0.95886,1.66562,12.35246,15.66982,18.16017,17.89344,17.53245,0.25177,-0.27046,877.06435,67.02277,True,True,True,True,True,True,True,True,True,True,True,True,True,True,0,True,None
RL027W01,RL027,1,6.01013,55.82971,16.60942,1.20718,1.75189,11.91971,16.37294,17.84819,18.17621,17.86531,0.27266,-0.28003,843.59872,66.04217,True,True,True,False,True,True,True,True,True,True,True,True,True,True,8,False,Metal Migration
RL027W02,RL027,2,6.67001,53.20031,16.90808,1.1413,1.89889,12.96848,16.08379,17.61449,17.3432,18.24299,0.27547,-0.27325,885.03281,69.77865,False,True,True,True,False,True,True,True,True,True,False,True,True,True,8,False,Wear-out
RL027W03,RL027,3,6.24509,55.0015,16.25019,1.12665,1.73727,12.56072,15.79825,18.15873,17.719,18.05513,0.28313,-0.28051,907.32479,69.19046,True,True,True,True,True,True,True,True,True,True,False,True,True,True,8,False,Contact Open
RL027W04,RL027,4,6.1821,56.52883,16.13131,1.1809,1.77536,12.96412,16.11898,17.73431,18.58809,17.329,0.26947,-0.256,876.66882,68.69253,True,True,True,False,True,True,True,True,True,True,True,True,True,True,8,False,Wear-out
RL027W05,RL027,5,6.25889,54.61941,16.7852,1.08521,1.74859,13.4523,15.87655,19.14304,17.43085,16.96533,0.27241,-0.26739,886.6774,69.25485,True,True,True,True,True,True,True,True,True,True,True,True,True,True,7,False,Vt Shift
RL027W06,RL027,6,6.31925,57.02172,16.46076,1.14006,1.6407,12.08057,15.14955,18.11728,17.80341,17.37351,0.27227,-0.27651,868.06729,67.12896,True,True,True,True,True,True,True,True,True,True,True,True,True,True,6,False,Vt Shift
RL027W07,RL027,7,5.72906,55.29608,15.43011,1.09692,1.7485,12.17795,15.39536,17.57957,17.63523,17.59303,0.26965,-0.2609,861.38335,67.61792,True,True,True,True,True,True,True,True,True,True,True,True,True,True,7,False,Oxide BD
RL027W08,RL027,8,6.26253,54.38314,16.59355,1.17571,1.78229,12.43809,16.28441,18.48447,17.7125,18.0455,0.25853,-0.25901,929.04168,67.03175,True,True,True,False,True,True,True,True,True,True,True,True,True,True,7,False,Vt Shift
RL027W09,RL027,9,5.94079,53.64511,16.06557,1.19322,1.72395,12.48097,15.76083,18.53104,17.59024,17.48406,0.27097,-0.27187,905.09609,69.34169,True,True,True,False,True,True,True,True,True,True,True,True,True,True,8,False,Fin Collapse
RL027W10,RL027,10,5.62551,54.04676,15.86455,1.13397,1.70522,12.43627,16.22961,18.21538,17.50824,18.38496,0.28604,-0.25626,807.85986,67.02008,True,True,True,True,True,True,True,True,True,True,False,True,False,True,8,False,Vt Shift
RL027W11,RL027,11,5.69442,53.16838,16.66976,1.10478,1.75511,11.75739,15.52108,18.83006,18.0498,17.66261,0.26576,-0.27327,877.92158,73.29721,True,True,True,True,True,True,True,True,True,True,True,True,True,False,7,False,Metal Migration
RL027W12,RL027,12,6.31436,57.99009,16.41378,1.15694,1.72927,13.59607,15.97843,18.19597,18.62967,17.54332,0.26087,-0.27873,854.78289,68.69661,True,True,True,False,True,True,True,True,True,True,True,True,True,True,7,False,Wear-out
RL027W13,RL027,13,5.93665,54.88302,16.20492,1.17879,1.64002,12.09342,16.11856,18.78723,18.23987,17.84822,0.2921,-0.28641,883.14225,68.05883,True,True,True,False,True,True,True,True,True,True,False,False,True,True,8,False,Metal Migration
RL027W14,RL027,14,5.71517,54.62455,16.41924,1.11658,1.77044,12.51173,15.87357,18.34536,17.34384,17.33728,0.26938,-0.27387,869.92243,68.58431,True,True,True,True,True,True,True,True,True,True,True,True,True,True,7,False,Junction Leak
RL027W15,RL027,15,5.49859,55.01648,16.25393,1.07217,1.75099,13.00261,16.73792,18.00608,17.89372,17.33469,0.26078,-0.28141,893.53456,66.10945,True,True,True,True,True,True,True,True,True,True,True,True,True,True,6,False,Contact Open
RL027W16,RL027,16,6.13904,53.23395,16.91175,1.12046,1.73864,12.18875,16.32749,18.39541,19.34354,17.78944,0.26442,-0.25596,887.16131,67.31957,True,True,True,True,True,True,True,True,True,True,True,True,True,True,6,False,Metal Migration
RL027W17,RL027,17,6.08678,55.40923,16.15827,1.10917,1.67277,12.91998,15.74416,18.48671,17.00634,17.54725,0.26842,-0.27357,878.94738,70.07108,True,True,True,True,True,True,True,True,True,True,True,True,True,True,7,False,Wear-out
RL027W18,RL027,18,5.94396,55.0489,15.86936,1.14443,1.73054,13.3606,16.38689,18.53022,18.40556,17.9007,0.26616,-0.25701,874.43122,69.23668,True,True,True,True,True,True,True,True,True,True,True,True,True,True,7,False,Vt Shift
RL027W19,RL027,19,5.55465,56.21716,16.52938,1.18608,1.66549,12.02365,15.34773,18.59694,17.90694,18.16231,0.2632,-0.29308,905.063,67.54205,True,True,True,False,True,True,True,True,True,True,True,False,True,True,6,False,Contact Open
RL027W20,RL027,20,6.13607,53.07715,16.6738,1.14046,1.8349,12.89759,15.6475,17.91091,17.79504,17.48301,0.26411,-0.26972,861.48782,69.32213,True,True,True,True,True,True,True,True,True,True,True,True,True,True,7,False,Wear-out
RL027W21,RL027,21,6.55334,54.03802,16.05361,1.15178,1.70072,12.18452,16.30274,17.89212,17.22714,18.20033,0.26312,-0.27985,890.44025,68.70433,False,True,True,False,True,True,True,True,True,True,True,True,True,True,8,False,Junction Leak
RL027W22,RL027,22,5.9604,55.25864,16.74541,1.23955,1.73483,11.49499,15.88896,17.5406,18.75416,17.75597,0.26745,-0.2801,844.49309,70.05751,True,True,True,False,True,False,True,True,True,True,True,True,True,True,8,False,Junction Leak
RL027W23,RL027,23,6.13861,53.89152,15.99007,1.09426,1.63547,11.41619,16.80549,18.57028,18.28443,17.72708,0.25621,-0.26425,869.51051,70.91668,True,True,True,True,True,False,True,True,True,True,True,True,True,True,7,False,Wear-out
RL027W24,RL027,24,6.2179,54.72809,16.62956,1.17283,1.84398,11.5658,15.79298,18.1176,18.87892,17.54713,0.29269,-0.28371,813.73712,70.27834,True,True,True,False,True,True,True,True,True,True,False,True,False,True,8,False,Fin Collapse
RL027W25,RL027,25,6.65673,54.90942,16.53443,1.15319,1.77218,11.56612,16.3347,17.11264,18.40814,17.87125,0.29731,-0.27537,861.1443,75.45161,False,True,True,False,True,True,True,True,True,True,False,True,True,False,8,False,Junction Leak
RL028W01,RL028,1,7.3164,57.68572,17.07811,1.23189,1.83974,11.1038,16.67956,17.73181,16.84185,18.08742,0.32584,-0.32219,755.19917,76.37294,False,True,True,False,True,False,True,True,False,True,False,False,False,False,8,False,Metal Migration
RL028W02,RL028,2,7.03728,56.11957,16.69531,1.28823,1.80254,11.17857,16.44567,17.82266,17.98732,18.18876,0.30578,-0.30258,756.21196,74.58008,False,True,True,False,True,False,True,True,True,True,False,False,False,False,8,False,Oxide BD
RL028W03,RL028,3,6.46816,57.10033,17.41947,1.27661,1.80657,11.69748,16.56843,18.20899,17.81814,18.58928,0.29986,-0.30315,792.84573,72.86387,False,True,True,False,True,True,True,True,True,True,False,False,False,False,8,False,Contact Open
RL028W04,RL028,4,6.93438,56.32807,16.65874,1.27659,1.77511,11.62511,17.06314,18.59321,17.92531,18.22033,0.3015,-0.29231,813.37165,72.34499,False,True,True,False,True,True,False,True,True,True,False,False,False,False,8,False,Junction Leak
RL028W05,RL028,5,6.47861,57.77095,17.38812,1.21133,1.86985,11.84356,16.66782,17.91246,17.32057,17.36953,0.29568,-0.31373,836.41387,71.62108,False,True,True,False,False,True,True,True,True,True,False,False,True,True,8,False,Junction Leak
RL028W06,RL028,6,7.04187,56.97787,16.98751,1.32174,1.7955,11.51512,16.63498,17.15717,17.25593,17.85483,0.29615,-0.31504,796.99385,76.5532,False,True,True,False,True,True,True,True,True,True,False,False,False,False,8,False,Metal Migration
RL028W07,RL028,7,6.42971,52.97836,16.39281,1.28648,1.69396,12.07057,15.97029,17.46928,17.27684,18.22879,0.29384,-0.28696,834.86482,71.48943,False,True,True,False,True,True,True,True,True,True,False,False,True,True,8,False,Metal Migration
RL028W08,RL028,8,6.23373,57.7315,16.61702,1.22306,1.81783,11.21581,16.17026,18.86833,18.34362,18.70017,0.31877,-0.2984,834.09889,71.37361,True,True,True,False,True,False,True,True,True,True,False,False,True,True,8,False,Junction Leak
RL028W09,RL028,9,6.23435,54.9043,16.70348,1.19945,1.78723,11.14905,15.69469,18.29,17.7784,17.88196,0.3104,-0.28848,850.92951,73.23285,True,True,True,False,True,False,True,True,True,True,False,False,True,False,8,False,Metal Migration
RL028W10,RL028,10,6.51416,57.75847,16.98219,1.227,1.80667,11.67851,17.2473,17.74318,17.96647,17.58392,0.29869,-0.30026,839.53154,70.71596,False,True,True,False,True,True,False,True,True,True,False,False,True,True,8,False,Oxide BD
RL028W11,RL028,11,6.65991,56.00806,17.22276,1.25157,1.78947,11.52267,17.39784,17.51988,17.86231,17.4206,0.29166,-0.28916,804.66878,73.56688,False,True,True,False,True,True,False,True,True,True,False,False,False,False,8,False,Wear-out
RL028W12,RL028,12,7.13043,52.87101,16.88841,1.24769,1.91933,11.91484,16.54894,17.4402,17.30838,17.71133,0.31455,-0.31247,813.48127,75.09488,False,True,True,False,False,True,True,True,True,True,False,False,False,False,8,False,Wear-out
RL028W13,RL028,13,6.84024,55.96175,17.29189,1.32879,1.86041,11.4499,16.36314,17.66766,18.14948,16.74094,0.31781,-0.3092,810.46087,70.59104,False,True,True,False,False,False,True,True,True,True,False,False,False,True,8,False,Junction Leak
RL028W14,RL028,14,6.6977,55.79998,17.37299,1.2362,1.81132,10.63356,16.78064,18.02749,17.70759,18.47425,0.30611,-0.28758,801.73922,70.31245,False,True,True,False,True,False,True,True,True,True,False,False,False,True,8,False,Fin Collapse
RL028W15,RL028,15,6.80184,56.32751,16.66382,1.23728,1.89652,12.14452,15.7885,17.49552,17.88228,18.47076,0.30376,-0.31338,814.02544,73.63404,False,True,True,False,False,True,True,True,True,True,False,False,False,False,8,False,Oxide BD
RL028W16,RL028,16,6.36886,56.42283,17.31143,1.30712,1.75804,12.09906,16.62643,17.60898,17.3599,18.20374,0.29088,-0.297,785.80915,73.24562,True,True,True,False,True,True,True,True,True,True,False,False,False,False,8,False,Contact Open
RL028W17,RL028,17,7.0873,56.54216,16.99655,1.2142,1.94738,11.55455,16.58552,17.64761,18.27125,17.03186,0.29824,-0.28978,804.85006,71.84469,False,True,True,False,False,True,True,True,True,True,False,False,False,True,8,False,Vt Shift
RL028W18,RL028,18,6.37065,53.6093,16.91412,1.26428,1.73327,11.58157,16.11343,17.38266,17.64993,18.54699,0.29723,-0.31192,821.99985,71.63421,True,True,True,False,True,True,True,True,True,True,False,False,True,True,8,False,Junction Leak
RL028W19,RL028,19,6.58853,55.97156,16.46967,1.29665,1.78789,11.73884,16.86563,17.54216,17.66444,18.30102,0.31219,-0.29604,838.76384,71.45888,False,True,True,False,True,True,True,True,True,True,False,False,True,True,8,False,Wear-out
RL028W20,RL028,20,6.93631,56.0213,17.2843,1.25835,1.84445,11.78437,16.85844,18.15085,17.78852,18.76518,0.30329,-0.30978,809.6337,73.76259,False,True,True,False,True,True,True,True,True,True,False,False,False,False,8,False,Vt Shift
RL028W21,RL028,21,6.31185,56.97356,16.68129,1.29788,1.78497,12.35274,16.2724,18.73502,17.38091,18.36035,0.2838,-0.29074,834.84007,70.85673,True,True,True,False,True,True,True,True,True,True,False,False,True,True,8,False,Fin Collapse
RL028W22,RL028,22,6.84937,55.84077,16.81018,1.36701,1.83497,12.07645,16.50635,17.74379,18.27189,18.48058,0.29353,-0.30539,814.09607,73.60317,False,True,True,False,True,True,True,True,True,True,False,False,False,False,8,False,Oxide BD
RL028W23,RL028,23,6.53884,55.77332,17.21725,1.2461,1.73577,11.74091,16.63881,18.4192,17.77961,17.84319,0.30796,-0.28403,799.98591,70.64163,False,True,True,False,True,True,True,True,True,True,False,True,False,True,8,False,Oxide BD
RL028W24,RL028,24,7.19413,57.61503,16.81725,1.34142,2.00403,11.61818,15.85797,17.6087,17.20172,18.23388,0.33374,-0.2907,740.72433,76.62764,False,True,True,False,False,True,True,True,True,True,False,False,False,False,8,False,Oxide BD
RL028W25,RL028,25,6.93344,56.32482,16.71577,1.28703,1.92558,11.59829,16.29959,17.49507,17.83289,18.84941,0.32808,-0.30567,783.45697,75.11159,False,True,True,False,False,True,True,True,True,True,False,False,False,False,8,False,Vt Shift
RL029W01,RL029,1,6.7378,56.25176,16.499,1.26935,1.75827,12.19213,16.31165,17.52321,18.2341,17.91124,0.29937,-0.28264,852.00628,70.47115,False,True,True,False,True,True,True,True,True,True,False,True,True,True,8,False,Vt Shift
RL029W02,RL029,2,6.49163,55.2051,17.00372,1.19154,1.70845,11.81026,15.92988,19.21315,18.2542,18.11062,0.29442,-0.28512,782.65743,70.74277,False,True,True,False,True,True,True,True,True,True,False,False,False,True,8,False,Wear-out
RL029W03,RL029,3,6.34331,57.22284,16.7224,1.22143,1.79372,12.01634,16.12719,17.6763,17.47761,17.0244,0.27003,-0.2678,887.95042,66.7261,True,True,True,False,True,True,True,True,True,True,True,True,True,True,8,False,Fin Collapse
RL029W04,RL029,4,6.21419,55.65727,16.65949,1.18551,1.73268,12.11885,16.67858,18.02609,18.22189,17.69705,0.27988,-0.2748,803.97496,71.02446,True,True,True,False,True,True,True,True,True,True,False,True,False,True,8,False,Oxide BD
RL029W05,RL029,5,6.16042,55.3973,16.92139,1.28838,1.76494,12.49056,15.77508,18.3579,19.01946,18.19028,0.26657,-0.27131,877.56993,70.32165,True,True,True,False,True,True,True,True,True,True,True,True,True,True,7,False,Metal Migration
RL029W06,RL029,6,6.34503,56.00153,16.16892,1.10811,1.64408,11.83874,16.24075,18.50208,17.42714,18.67004,0.2859,-0.29297,837.5269,72.63034,True,True,True,True,True,True,True,True,True,True,False,False,True,False,8,False,Junction Leak
RL029W07,RL029,7,6.208,53.72503,16.25238,1.03186,1.60037,11.55965,15.7663,18.2073,18.34713,18.12675,0.27105,-0.28444,877.00681,69.0371,True,True,True,True,True,True,True,True,True,True,True,True,True,True,7,False,Metal Migration
RL029W08,RL029,8,6.23971,55.99787,16.37278,1.17499,1.76981,12.24513,15.6517,18.84777,18.39712,17.71532,0.28682,-0.28813,841.00434,73.84978,True,True,True,False,True,True,True,True,True,True,False,False,True,False,8,False,Contact Open
RL029W09,RL029,9,6.34614,55.83674,16.62624,1.21062,1.86352,12.30079,15.84548,17.35113,17.30816,17.08135,0.27437,-0.28786,886.36149,66.19048,True,True,True,False,False,True,True,True,True,True,True,False,True,True,8,False,Metal Migration
RL029W10,RL029,10,6.08511,53.05492,16.6725,1.1585,1.71581,11.95991,15.67802,17.71318,18.1885,18.06825,0.25928,-0.27956,862.5334,72.10463,True,True,True,False,True,True,True,True,True,True,True,True,True,False,8,False,Junction Leak
RL029W11,RL029,11,6.13148,54.51936,16.19692,1.15966,1.75074,12.40974,16.008,18.04186,18.20123,18.22664,0.27081,-0.28118,806.89071,66.31376,True,True,True,False,True,True,True,True,True,True,True,True,False,True,8,False,Fin Collapse
RL029W12,RL029,12,5.80884,55.92332,16.74222,1.14915,1.70722,11.62357,16.41646,17.2631,17.61192,17.71212,0.25579,-0.28539,841.44994,70.50279,True,True,True,True,True,True,True,True,True,True,True,False,True,True,8,False,Oxide BD
RL029W13,RL029,13,6.39572,53.23754,16.60575,1.15897,1.74847,11.33858,16.26765,17.29706,17.93898,17.92136,0.28647,-0.28055,891.80647,70.36578,True,True,True,False,True,False,True,True,True,True,False,True,True,True,8,False,Vt Shift
RL029W14,RL029,14,6.01434,54.1272,16.18432,1.11018,1.80464,12.30525,16.16914,17.55234,18.0332,17.69412,0.29097,-0.2952,882.11119,70.93369,True,True,True,True,True,True,True,True,True,True,False,False,True,True,7,False,Wear-out
RL029W15,RL029,15,6.09204,56.58833,16.73201,1.19173,1.65022,11.45675,16.06411,17.63128,17.95985,18.2881,0.30505,-0.28369,832.84349,67.01969,True,True,True,False,True,False,True,True,True,True,False,True,True,True,8,False,Fin Collapse
RL029W16,RL029,16,6.35318,54.62324,16.48065,1.18431,1.61352,13.17902,16.09338,18.27751,18.44858,16.99999,0.28198,-0.26368,837.52375,70.42317,True,True,True,False,True,True,True,True,True,True,False,True,True,True,7,False,Wear-out
RL029W17,RL029,17,6.45195,53.51887,15.81958,1.24833,1.79926,12.91388,16.36758,17.86738,17.80376,18.41433,0.28307,-0.27679,854.41722,67.81159,False,True,True,False,True,True,True,True,True,True,False,True,True,True,8,False,Junction Leak
RL029W18,RL029,18,5.85594,53.9888,16.70793,1.17944,1.76587,12.62555,15.22144,17.68035,17.79102,18.40096,0.28072,-0.27981,870.19404,70.95881,True,True,True,False,True,True,True,True,True,True,False,True,True,True,8,False,Oxide BD
RL029W19,RL029,19,6.28671,55.68511,16.5755,1.16889,1.74117,12.6815,16.09528,16.84884,18.584,17.55178,0.26214,-0.27561,863.41546,70.06664,True,True,True,False,True,True,True,False,True,True,True,True,True,True,8,False,Contact Open
RL029W20,RL029,20,6.0728,55.95093,16.19222,1.15011,1.74399,13.16238,15.05351,18.25564,18.67342,17.72206,0.26561,-0.2811,866.73307,69.99107,True,True,True,False,True,True,True,True,True,True,True,True,True,True,7,False,Vt Shift
RL029W21,RL029,21,6.35312,55.64373,17.03348,1.15975,1.71261,11.67262,14.90085,18.55463,18.45836,17.77984,0.28565,-0.28856,863.29051,70.82744,True,True,True,False,True,True,True,True,True,True,False,False,True,True,8,False,Vt Shift
RL029W22,RL029,22,6.50636,56.01678,16.69487,1.19837,1.73164,12.28236,16.43804,18.09334,17.88332,17.4872,0.27848,-0.27415,842.86397,71.35972,False,True,True,False,True,True,True,True,True,True,False,True,True,True,8,False,Oxide BD
RL029W23,RL029,23,6.33517,55.25342,16.92578,1.20953,1.78003,11.74495,16.26547,18.24875,17.73357,18.40063,0.27595,-0.28985,903.19298,70.99766,True,True,True,False,True,True,True,True,True,True,False,False,True,True,8,False,Oxide BD
RL029W24,RL029,24,5.80867,54.24223,16.68804,1.18688,1.83486,11.97307,15.83633,17.81767,17.15318,18.28733,0.27957,-0.30453,851.11944,70.99367,True,True,True,False,True,True,True,True,True,True,False,False,True,True,8,False,Contact Open
RL029W25,RL029,25,6.54194,53.32514,16.74914,1.12336,1.83805,11.73947,16.34039,18.57159,18.34973,17.41055,0.29441,-0.2839,872.60179,72.74939,False,True,True,True,True,True,True,True,True,True,False,True,True,False,8,False,Fin Collapse
RL030W01,RL030,1,5.69034,55.73672,15.88846,1.04289,1.66211,11.93383,16.32316,18.57666,18.18921,17.83792,0.2519,-0.25249,909.65508,68.22917,True,True,True,True,True,True,True,True,True,True,True,True,True,True,5,False,Vt Shift
RL030W02,RL030,2,5.58304,56.74847,15.81743,1.02084,1.67633,11.97737,16.72829,19.74994,18.75925,17.54787,0.25319,-0.23443,882.45203,65.90346,True,True,True,True,True,True,True,True,True,True,True,True,True,True,6,False,Fin Collapse
RL030W03,RL030,3,5.26014,55.191,16.69671,1.01254,1.5803,13.63949,14.78139,18.9827,18.05318,17.67358,0.24231,-0.23986,915.0148,64.51026,True,True,True,True,True,True,True,True,True,True,True,True,True,True,4,False,Vt Shift
RL030W04,RL030,4,5.56119,51.18376,15.26575,1.08955,1.57363,13.33519,15.40028,18.46617,18.73995,16.36164,0.23832,-0.23491,973.29032,63.76742,True,True,True,True,True,True,True,True,True,True,True,True,True,True,7,False,Junction Leak
RL030W05,RL030,5,5.58223,55.1239,16.30368,1.06472,1.60678,13.0945,16.21854,19.2297,17.21848,17.29423,0.24151,-0.2541,885.66741,69.94218,True,True,True,True,True,True,True,True,True,True,True,True,True,True,3,False,Contact Open
RL030W06,RL030,6,5.62904,53.74742,16.1704,1.04924,1.71728,12.65515,15.44852,17.77586,18.09586,17.10154,0.26307,-0.25095,918.96046,65.15856,True,True,True,True,True,True,True,True,True,True,True,True,True,True,2,False,Contact Open
RL030W07,RL030,7,6.12207,54.40382,15.92928,1.01768,1.60605,13.3401,15.66544,18.43882,19.01148,17.23364,0.23338,-0.24393,901.77317,66.18879,True,True,True,True,True,True,True,True,True,True,True,True,True,True,3,False,Junction Leak
RL030W08,RL030,8,5.76801,52.94938,16.36517,1.09375,1.55758,12.39397,15.64399,18.34818,17.97168,17.60452,0.25958,-0.2495,989.28999,63.99596,True,True,True,True,True,True,True,True,True,True,True,True,True,True,6,False,Vt Shift
RL030W09,RL030,9,5.17446,53.96908,15.85606,1.04749,1.67359,13.14592,15.76989,18.75767,18.72664,17.87285,0.2427,-0.25003,958.45566,65.7298,True,True,True,True,True,True,True,True,True,True,True,True,True,True,2,False,Junction Leak
RL030W10,RL030,10,5.19232,54.99509,16.28226,1.04149,1.69118,12.26299,15.82898,18.07394,18.21775,17.71134,0.24339,-0.23959,913.63202,63.95783,True,True,True,True,True,True,True,True,True,True,True,True,True,True,3,False,Contact Open
RL030W11,RL030,11,5.6123,54.54616,15.36036,1.0438,1.56459,13.81245,15.3676,17.79143,17.96613,16.79876,0.23019,-0.23521,937.40398,67.93614,True,True,True,True,True,True,True,True,True,True,True,True,True,True,3,False,Junction Leak
RL030W12,RL030,12,5.60928,54.93289,16.34589,1.04044,1.68095,13.35005,15.24662,18.86575,19.17606,17.67635,0.23883,-0.2281,926.72454,66.52241,True,True,True,True,True,True,True,True,True,True,True,True,True,True,1,False,Fin Collapse
RL030W13,RL030,13,5.49244,50.49908,15.84776,0.96837,1.58625,13.16772,15.82108,17.87206,19.10293,17.41007,0.25156,-0.25078,936.79861,63.97613,True,True,True,True,True,True,True,True,True,True,True,True,True,True,4,False,Metal Migration
RL030W14,RL030,14,5.50793,51.80008,16.11439,1.01933,1.64998,13.53632,15.03381,17.68697,17.70847,17.83387,0.22496,-0.24427,909.98534,69.01518,True,True,True,True,True,True,True,True,True,True,True,True,True,True,5,False,Oxide BD
RL030W15,RL030,15,5.90358,54.0321,15.68177,1.07821,1.58524,13.04031,14.65684,18.39305,18.44182,17.37691,0.23899,-0.25706,881.66506,63.17865,True,True,True,True,True,True,True,True,True,True,True,True,True,True,6,False,Contact Open
RL030W16,RL030,16,5.7103,52.99674,16.1701,1.09814,1.63048,13.27478,15.13983,17.86304,17.84803,16.88264,0.24642,-0.24307,908.28721,66.26298,True,True,True,True,True,True,True,True,True,True,True,True,True,True,4,False,Contact Open
RL030W17,RL030,17,6.01683,54.96372,15.54482,1.02193,1.71159,12.5432,15.30512,18.44229,19.05645,17.75204,0.22934,-0.25893,931.77906,67.20195,True,True,True,True,True,True,True,True,True,True,True,True,True,True,6,False,Junction Leak
RL030W18,RL030,18,5.54723,55.46997,15.57906,1.07445,1.65122,13.50801,15.78345,17.98437,18.26307,16.58683,0.24091,-0.25971,956.32133,63.99519,True,True,True,True,True,True,True,True,True,True,True,True,True,True,5,False,Metal Migration
RL030W19,RL030,19,6.22817,54.96417,16.42927,0.9856,1.60826,12.65349,14.84784,18.39011,18.45143,17.72025,0.25394,-0.26135,879.76115,69.52951,True,True,True,True,True,True,True,True,True,True,True,True,True,True,6,False,Oxide BD
RL030W20,RL030,20,6.08241,54.15336,15.82772,1.02933,1.61621,12.26582,16.01176,18.00219,17.65909,17.29553,0.24005,-0.25169,903.96366,66.93491,True,True,True,True,True,True,True,True,True,True,True,True,True,True,4,False,Contact Open
RL030W21,RL030,21,5.18977,54.35666,16.29838,1.01903,1.76241,13.27878,15.64299,18.56348,18.36315,18.05423,0.2349,-0.24594,903.75019,64.88497,True,True,True,True,True,True,True,True,True,True,True,True,True,True,2,False,Vt Shift
RL030W22,RL030,22,5.80586,52.24877,16.16127,1.07079,1.63834,13.4392,14.78257,18.06813,18.69594,18.18499,0.24108,-0.2519,950.21012,65.80062,True,True,True,True,True,True,True,True,True,True,True,True,True,True,4,False,Contact Open
RL030W23,RL030,23,6.15838,55.69934,15.90645,1.05097,1.64536,12.40226,14.99893,17.30523,18.69583,17.01179,0.23226,-0.2602,968.97362,68.30127,True,True,True,True,True,True,True,True,True,True,True,True,True,True,8,False,Junction Leak
RL030W24,RL030,24,5.75646,51.5631,16.05909,1.04754,1.70031,12.53715,15.52299,20.21386,18.5184,18.19923,0.26639,-0.24448,909.52538,68.48805,True,True,True,True,True,True,True,True,True,True,True,True,True,True,5,False,Junction Leak
RL030W25,RL030,25,5.8642,56.91655,16.48957,1.04848,1.71561,12.35325,16.17747,18.08333,17.37693,17.62563,0.23996,-0.26407,952.03828,66.73151,True,True,True,True,True,True,True,True,True,True,True,True,True,True,6,False,Wear-out
RL031W01,RL031,1,5.79028,54.45487,16.24235,1.12089,1.62602,12.88535,16.21939,17.74042,17.73352,17.636,0.27502,-0.25117,914.76046,69.17624,True,True,True,True,True,True,True,True,True,True,False,True,True,True,5,False,Junction Leak
RL031W02,RL031,2,5.88741,53.04656,16.19326,1.14009,1.71115,13.7467,15.67621,18.25501,18.98954,17.46175,0.24683,-0.27726,921.03718,68.41746,True,True,True,True,True,True,True,True,True,True,True,True,True,True,7,False,Contact Open
RL031W03,RL031,3,6.05182,55.85429,16.35033,1.10619,1.77625,12.30986,15.7323,18.44061,17.06119,17.23603,0.25596,-0.27877,889.22789,70.04602,True,True,True,True,True,True,True,True,True,True,True,True,True,True,8,False,Oxide BD
RL031W04,RL031,4,5.88193,55.68809,15.91438,1.08098,1.69537,12.66386,16.35534,17.85636,18.34213,17.71517,0.25771,-0.26327,860.92195,67.91245,True,True,True,True,True,True,True,True,True,True,True,True,True,True,6,False,Vt Shift
RL031W05,RL031,5,5.63018,55.45716,16.04948,1.05865,1.67115,12.77912,15.91059,17.77039,18.1181,17.86126,0.25317,-0.24347,875.70807,69.52228,True,True,True,True,True,True,True,True,True,True,True,True,True,True,7,False,Contact Open
RL031W06,RL031,6,6.03661,53.76281,16.62255,1.12384,1.70825,13.44067,15.20011,18.68336,18.60144,18.11059,0.26255,-0.25088,873.90012,69.13563,True,True,True,True,True,True,True,True,True,True,True,True,True,True,7,False,Junction Leak
RL031W07,RL031,7,6.1656,54.47788,16.50103,1.07671,1.67101,12.95033,15.77321,18.67392,18.09806,17.64138,0.26108,-0.25974,850.92482,70.75413,True,True,True,True,True,True,True,True,True,True,True,True,True,True,7,False,Metal Migration
RL031W08,RL031,8,5.67141,56.61989,15.58934,1.08997,1.74155,13.35222,15.14034,16.64607,19.28284,17.52695,0.26311,-0.26265,896.49805,66.02042,True,True,True,True,True,True,True,False,True,True,True,True,True,True,6,False,Wear-out
RL031W09,RL031,9,5.8529,55.63778,16.17558,1.03192,1.71766,12.7048,15.62019,18.14905,18.35463,17.14308,0.22822,-0.25317,888.86108,67.49457,True,True,True,True,True,True,True,True,True,True,True,True,True,True,4,False,Contact Open
RL031W10,RL031,10,5.64013,54.54322,16.40592,1.11252,1.64267,12.94579,15.7822,17.71159,18.51141,18.06978,0.23757,-0.24778,911.33184,70.90233,True,True,True,True,True,True,True,True,True,True,True,True,True,True,5,False,Metal Migration
RL031W11,RL031,11,6.29581,54.83258,15.72323,1.09576,1.60544,11.96034,16.0762,17.9617,19.1653,18.19375,0.25577,-0.28157,852.91729,67.7613,True,True,True,True,True,True,True,True,True,True,True,True,True,True,5,False,Oxide BD
RL031W12,RL031,12,5.46698,50.24592,16.54298,0.99201,1.63227,12.97107,15.33895,18.7291,17.78094,17.39938,0.26589,-0.24887,881.26364,62.7012,True,True,True,True,True,True,True,True,True,True,True,True,True,True,4,False,Fin Collapse
RL031W13,RL031,13,5.64558,54.63638,15.89924,1.07904,1.58774,13.15219,15.38609,19.40598,18.21012,18.12204,0.23576,-0.25863,909.45496,67.74968,True,True,True,True,True,True,True,True,True,True,True,True,True,True,4,False,Metal Migration
RL031W14,RL031,14,5.69539,54.23535,16.3187,1.08399,1.75072,11.83249,15.79728,18.75235,17.98164,17.21533,0.24467,-0.26582,922.29795,66.87948,True,True,True,True,True,True,True,True,True,True,True,True,True,True,5,False,Wear-out
RL031W15,RL031,15,5.79093,55.05902,16.53462,1.10318,1.64438,13.30958,16.1031,18.11861,18.18254,17.40089,0.25972,-0.26461,875.91846,67.95109,True,True,True,True,True,True,True,True,True,True,True,True,True,True,7,False,Oxide BD
RL031W16,RL031,16,5.66038,52.53695,16.43108,1.13547,1.695,12.67112,16.40142,18.17999,17.9102,17.37995,0.26119,-0.25668,885.37169,63.91611,True,True,True,True,True,True,True,True,True,True,True,True,True,True,7,False,Contact Open
RL031W17,RL031,17,5.60692,56.13114,16.32484,1.10644,1.64208,13.23561,15.32162,19.15214,17.43714,17.67319,0.24293,-0.24668,961.72275,68.01991,True,True,True,True,True,True,True,True,True,True,True,True,True,True,4,False,Oxide BD
RL031W18,RL031,18,5.52405,53.24107,16.12422,1.07175,1.80626,12.36344,15.69541,19.01784,18.60819,16.99521,0.23882,-0.26435,898.12286,68.16539,True,True,True,True,True,True,True,True,True,True,True,True,True,True,5,False,Wear-out
RL031W19,RL031,19,5.98506,54.65311,15.86767,1.04404,1.66909,12.63998,15.94176,17.96665,18.51727,17.84337,0.24798,-0.27499,899.59854,67.51122,True,True,True,True,True,True,True,True,True,True,True,True,True,True,6,False,Metal Migration
RL031W20,RL031,20,5.64409,55.62339,15.46014,1.08796,1.65217,13.07507,15.3839,18.38726,18.67075,18.02178,0.25525,-0.24865,899.90822,68.67299,True,True,True,True,True,True,True,True,True,True,True,True,True,True,5,False,Fin Collapse
RL031W21,RL031,21,5.86267,53.24774,16.33621,1.11128,1.65502,13.08242,15.98176,18.28819,17.71071,17.37645,0.24732,-0.26789,887.96343,68.27354,True,True,True,True,True,True,True,True,True,True,True,True,True,True,4,False,Metal Migration
RL031W22,RL031,22,5.62341,56.06166,16.37619,1.13445,1.43995,12.75112,16.51483,17.74702,17.79081,18.14771,0.25781,-0.27877,869.41862,65.81716,True,True,True,True,False,True,True,True,True,True,True,True,True,True,6,False,Contact Open
RL031W23,RL031,23,5.8168,54.9218,15.96526,1.05992,1.73591,12.87196,16.16776,18.89836,19.04983,17.62361,0.26227,-0.2686,932.82921,64.22064,True,True,True,True,True,True,True,True,True,True,True,True,True,True,5,False,Wear-out
RL031W24,RL031,24,5.91035,57.17249,16.13917,1.13083,1.7494,11.68036,15.13982,18.05684,18.0236,16.85462,0.26206,-0.27753,906.37478,68.89199,True,True,True,True,True,True,True,True,True,True,True,True,True,True,7,False,Contact Open
RL031W25,RL031,25,6.00794,56.45021,16.46257,1.13069,1.79442,12.64975,15.48462,19.95969,18.99654,17.77461,0.27975,-0.27929,888.54522,66.01085,True,True,True,True,True,True,True,True,True,True,False,True,True,True,6,False,Junction Leak
RL032W01,RL032,1,5.6442,50.84501,16.1309,1.02449,1.62707,12.76267,15.52797,18.89225,17.97472,18.19753,0.26918,-0.25538,898.53167,67.70449,True,True,True,True,True,True,True,True,True,True,True,True,True,True,0,True,None
RL032W02,RL032,2,6.01133,53.99239,16.48622,1.07508,1.71717,13.05282,15.63968,19.01895,18.74045,17.1476,0.23529,-0.25789,914.54059,67.68688,True,True,True,True,True,True,True,True,True,True,True,True,True,True,0,True,None
RL032W03,RL032,3,5.46615,53.84044,15.69973,1.01381,1.63261,12.91816,15.68423,18.89881,19.64128,17.55347,0.23325,-0.24506,954.8636,67.39142,True,True,True,True,True,True,True,True,True,True,True,True,True,True,0,True,None
RL032W04,RL032,4,5.319,54.84818,15.95899,0.9576,1.67917,13.15408,15.491,19.26163,19.46059,17.6158,0.24771,-0.24225,884.88533,67.42869,True,True,True,True,True,True,True,True,True,True,True,True,True,True,0,True,None
RL032W05,RL032,5,5.1666,54.95465,15.98415,1.02866,1.6036,13.12355,15.74184,19.10109,18.38666,17.48852,0.26205,-0.23964,919.87491,68.55257,True,True,True,True,True,True,True,True,True,True,True,True,True,True,0,True,None
RL032W06,RL032,6,5.41983,53.68667,16.43692,0.93345,1.58946,13.45704,15.58292,19.66486,18.83099,17.30075,0.22874,-0.26153,893.45041,67.97852,True,True,True,True,True,True,True,True,True,True,True,True,True,True,0,True,None
RL032W07,RL032,7,5.52656,51.76258,16.48951,1.04963,1.72271,13.03196,16.26963,19.15296,18.91359,16.74997,0.23721,-0.25716,908.29146,63.68179,True,True,True,True,True,True,True,True,True,True,True,True,True,True,0,True,None
RL032W08,RL032,8,5.39138,55.64183,15.90823,0.98379,1.6523,12.93686,14.95163,19.55278,19.6715,17.77895,0.23305,-0.26518,942.54203,67.23556,True,True,True,True,True,True,True,True,True,True,True,True,True,True,0,True,None
RL032W09,RL032,9,5.08201,53.87291,16.14878,0.9996,1.49991,12.87651,15.43355,19.31747,19.1349,17.88212,0.24919,-0.25413,936.79539,64.02784,True,True,True,True,True,True,True,True,True,True,True,True,True,True,0,True,None
RL032W10,RL032,10,5.20204,55.08139,15.96461,0.99517,1.62652,12.856,15.89779,19.19603,19.23419,17.4469,0.26343,-0.2416,937.19549,66.24608,True,True,True,True,True,True,True,True,True,True,True,True,True,True,0,True,None
RL032W11,RL032,11,5.58251,53.60596,15.95851,0.98171,1.71323,13.34432,15.79181,18.70342,18.76113,17.81838,0.23119,-0.24654,888.49859,66.3921,True,True,True,True,True,True,True,True,True,True,True,True,True,True,0,True,None
RL032W12,RL032,12,5.49898,52.0255,15.97054,1.05713,1.66552,13.19927,14.85405,18.81921,18.10744,17.08436,0.24111,-0.24176,891.72048,67.30929,True,True,True,True,True,True,True,True,True,True,True,True,True,True,0,True,None
RL032W13,RL032,13,5.49175,53.61648,16.4771,1.02874,1.60885,13.04843,15.70368,18.63272,18.7995,18.4619,0.23353,-0.24268,939.4837,67.50312,True,True,True,True,True,True,True,True,True,True,True,True,True,True,0,True,None
RL032W14,RL032,14,5.17865,53.36705,16.59603,1.00011,1.64104,11.7985,14.58322,19.49989,18.93743,17.60953,0.24396,-0.24619,890.17893,65.47309,True,True,True,True,True,True,True,True,True,True,True,True,True,True,0,True,None
RL032W15,RL032,15,5.67234,55.4549,16.01398,1.02875,1.61779,13.28273,15.67273,18.50021,19.1184,16.88157,0.25083,-0.25297,900.66105,64.24274,True,True,True,True,True,True,True,True,True,True,True,True,True,True,0,True,None
RL032W16,RL032,16,5.65361,55.62279,16.18433,1.03029,1.6638,12.48437,15.20729,18.97864,19.2257,17.59849,0.25732,-0.25737,950.68075,68.69895,True,True,True,True,True,True,True,True,True,True,True,True,True,True,0,True,None
RL032W17,RL032,17,5.38668,53.21222,16.56643,0.97847,1.72118,11.40085,16.02357,18.85453,18.82037,17.47012,0.24643,-0.23535,935.08593,64.7102,True,True,True,True,True,False,True,True,True,True,True,True,True,True,0,True,None
RL032W18,RL032,18,5.21949,53.4156,15.49008,0.90638,1.67562,12.40814,15.46708,19.26765,19.50057,17.67968,0.22945,-0.23697,965.64776,62.89758,True,True,True,True,True,True,True,True,True,True,True,True,True,True,0,True,None
RL032W19,RL032,19,6.19574,54.95161,16.22334,1.03111,1.71953,13.30872,15.8182,18.31529,18.7588,17.00088,0.24968,-0.23587,934.79765,63.13594,True,True,True,True,True,True,True,True,True,True,True,True,True,True,0,True,None
RL032W20,RL032,20,5.61107,54.36277,15.16891,1.022,1.6097,12.74874,15.51056,19.51832,18.89385,17.90188,0.2269,-0.24854,923.95644,66.183,True,True,True,True,True,True,True,True,True,True,True,True,True,True,0,True,None
RL032W21,RL032,21,5.32458,53.56142,16.13814,1.00348,1.56921,12.69803,15.0221,18.59559,18.85195,18.26476,0.2404,-0.24501,843.5034,67.12707,True,True,True,True,True,True,True,True,True,True,True,True,True,True,0,True,None
RL032W22,RL032,22,5.66631,53.17164,15.42343,1.02135,1.56111,12.31787,15.94724,19.4618,18.6573,16.66162,0.25369,-0.23986,900.57405,65.42144,True,True,True,True,True,True,True,True,True,True,True,True,True,True,0,True,None
RL032W23,RL032,23,5.90719,52.6075,16.2011,1.00091,1.62554,12.93161,15.05527,18.86413,18.287,17.1612,0.21633,-0.25317,931.50947,67.08452,True,True,True,True,True,True,True,True,True,True,True,True,True,True,0,True,None
RL032W24,RL032,24,5.76524,55.73413,16.02488,1.03234,1.61521,13.32123,15.81712,18.67752,19.55585,16.69672,0.24127,-0.25714,936.04111,66.90666,True,True,True,True,True,True,True,True,True,True,True,True,True,True,0,True,None
RL032W25,RL032,25,5.66152,54.998,16.5579,1.0052,1.72769,12.81511,15.44755,19.08693,19.48846,18.08067,0.2489,-0.25519,934.16396,65.89489,True,True,True,True,True,True,True,True,True,True,True,True,True,True,0,True,None
RL033W01,RL033,1,5.78378,55.09025,15.78941,1.0733,1.71077,12.30261,16.32461,17.79543,18.90819,18.04092,0.25026,-0.28687,882.7624,68.11523,True,True,True,True,True,True,True,True,True,True,True,False,True,True,2,False,Junction Leak
RL033W02,RL033,2,5.71672,55.78388,17.05752,1.11393,1.75883,12.11855,15.18823,18.90299,18.39835,17.29551,0.2422,-0.27994,889.74797,68.2708,True,True,True,True,True,True,True,True,True,True,True,True,True,True,2,False,Oxide BD
RL033W03,RL033,3,5.61449,52.12941,15.44026,1.08621,1.51807,12.30987,15.14746,18.86278,19.08523,17.18681,0.23494,-0.24754,923.75065,68.84075,True,True,True,True,True,True,True,True,True,True,True,True,True,True,2,False,Contact Open
RL033W04,RL033,4,5.81034,53.65589,16.26743,1.03306,1.74083,12.36632,15.84295,18.27115,18.23493,17.69385,0.2394,-0.26412,949.9194,66.07902,True,True,True,True,True,True,True,True,True,True,True,True,True,True,0,True,None
RL033W05,RL033,5,5.37789,54.53359,15.70432,1.03117,1.62584,12.45713,15.77078,19.659,19.38847,17.39819,0.24579,-0.24983,868.40535,65.03872,True,True,True,True,True,True,True,True,True,True,True,True,True,True,1,False,Oxide BD
RL033W06,RL033,6,6.10988,53.98662,15.73609,1.09678,1.75073,12.86455,15.30385,19.99683,19.09243,17.81934,0.22866,-0.27841,946.69922,65.33776,True,True,True,True,True,True,True,True,True,True,True,True,True,True,0,True,None
RL033W07,RL033,7,5.83464,54.61214,15.42546,0.98974,1.72621,12.60089,15.20848,18.5839,19.40468,17.39524,0.23185,-0.23168,915.65689,65.241,True,True,True,True,True,True,True,True,True,True,True,True,True,True,0,True,None
RL033W08,RL033,8,5.23148,53.05216,16.09326,1.05872,1.67789,13.04676,15.66398,18.91666,17.84827,17.39052,0.24347,-0.27222,905.72603,68.59174,True,True,True,True,True,True,True,True,True,True,True,True,True,True,0,True,None
RL033W09,RL033,9,5.77407,54.26678,16.29056,1.01613,1.63619,13.75531,16.06526,17.92209,19.48091,17.33447,0.24505,-0.25588,895.75198,64.92547,True,True,True,True,True,True,True,True,True,True,True,True,True,True,0,True,None
RL033W10,RL033,10,5.58676,53.00961,16.17134,1.08471,1.63236,12.8146,15.25436,18.99154,19.39338,17.48509,0.24023,-0.25836,882.72107,68.25009,True,True,True,True,True,True,True,True,True,True,True,True,True,True,0,True,None
RL033W11,RL033,11,5.48606,54.48586,16.17875,1.07285,1.67259,12.51939,16.25259,18.50428,19.30021,17.38894,0.24544,-0.25864,893.41614,68.91458,True,True,True,True,True,True,True,True,True,True,True,True,True,True,0,True,None
RL033W12,RL033,12,5.71602,52.99037,16.48161,1.1307,1.67393,13.01199,16.35559,19.00017,19.0351,17.7375,0.2642,-0.24947,890.80887,69.23237,True,True,True,True,True,True,True,True,True,True,True,True,True,True,0,True,None
RL033W13,RL033,13,5.39538,53.55785,16.55678,1.00191,1.68484,12.63524,15.64061,18.29754,18.62335,17.25663,0.26557,-0.26718,895.59015,67.89472,True,True,True,True,True,True,True,True,True,True,True,True,True,True,0,True,None
RL033W14,RL033,14,5.43591,53.65972,16.60543,0.99329,1.62622,13.54102,15.47125,18.76852,18.14009,17.26922,0.2269,-0.27905,952.3558,67.22125,True,True,True,True,True,True,True,True,True,True,True,True,True,True,0,True,None
RL033W15,RL033,15,5.35406,54.74583,16.06859,1.07075,1.66357,13.0866,15.24827,19.95267,19.47675,17.08823,0.23667,-0.25861,950.13605,66.54631,True,True,True,True,True,True,True,True,True,True,True,True,True,True,0,True,None
RL033W16,RL033,16,5.44711,52.01507,15.85348,1.06175,1.63663,13.07196,16.02062,18.83685,19.3641,17.25476,0.25315,-0.25281,961.12129,68.07557,True,True,True,True,True,True,True,True,True,True,True,True,True,True,0,True,None
RL033W17,RL033,17,5.63396,54.2684,16.27581,1.06261,1.69924,12.50091,15.26237,19.68245,18.34541,18.38026,0.23556,-0.25015,905.53913,65.24469,True,True,True,True,True,True,True,True,True,True,True,True,True,True,0,True,None
RL033W18,RL033,18,5.41341,54.55451,15.48115,1.08019,1.69419,13.39869,15.91918,18.8033,18.73168,17.34143,0.23997,-0.26583,920.45874,65.77964,True,True,True,True,True,True,True,True,True,True,True,True,True,True,0,True,None
RL033W19,RL033,19,5.58595,55.28709,15.5755,1.0562,1.75157,12.73003,15.41159,19.14431,20.26822,17.63922,0.25621,-0.25312,826.04744,67.35135,True,True,True,True,True,True,True,True,True,True,True,True,True,True,0,True,None
RL033W20,RL033,20,5.63485,53.85071,15.76984,0.99772,1.63337,13.23186,16.24679,19.03469,18.13406,16.67932,0.25384,-0.27336,882.91163,64.47325,True,True,True,True,True,True,True,True,True,True,True,True,True,True,0,True,None
RL033W21,RL033,21,5.79619,55.42022,16.35436,0.97168,1.6939,13.1854,15.78365,19.11026,19.34605,16.68578,0.24678,-0.24778,908.43754,66.53645,True,True,True,True,True,True,True,True,True,True,True,True,True,True,0,True,None
RL033W22,RL033,22,5.53899,50.89815,15.57686,1.07599,1.65119,12.9043,15.81098,18.0477,18.79156,17.55239,0.2547,-0.25898,891.19042,65.78243,True,True,True,True,True,True,True,True,True,True,True,True,True,True,0,True,None
RL033W23,RL033,23,5.56464,53.41869,16.10577,1.15521,1.65983,12.41966,15.22987,19.44098,18.81237,17.71817,0.24808,-0.25177,961.80434,68.76393,True,True,True,False,True,True,True,True,True,True,True,True,True,True,0,True,None
RL033W24,RL033,24,5.58602,53.38363,16.65744,1.04937,1.82365,13.00943,15.69636,18.87551,18.7276,16.88129,0.23292,-0.27102,864.39815,64.55132,True,True,True,True,True,True,True,True,True,True,True,True,True,True,0,True,None
RL033W25,RL033,25,5.92093,55.12655,16.31758,1.11742,1.63878,12.62159,15.85987,19.05871,19.64466,17.44312,0.255,-0.26283,893.65063,66.81355,True,True,True,True,True,True,True,True,True,True,True,True,True,True,1,False,Fin Collapse
RL034W01,RL034,1,6.17693,56.21522,16.71007,1.28163,1.75406,12.91232,15.03241,17.51355,18.56202,18.03122,0.28364,-0.28782,811.58141,74.19878,True,True,True,False,True,True,True,True,True,True,False,False,False,False,8,False,Vt Shift
RL034W02,RL034,2,6.78806,54.98878,16.66279,1.24761,1.79156,12.58746,16.8799,17.78539,18.14947,17.9936,0.29554,-0.28689,882.75725,70.04834,False,True,True,False,True,True,True,True,True,True,False,False,True,True,8,False,Fin Collapse
RL034W03,RL034,3,6.47434,54.47958,17.03451,1.2017,1.84841,12.38934,15.97222,17.83153,17.70268,17.663,0.27116,-0.28577,841.73267,70.30631,False,True,True,False,True,True,True,True,True,True,True,False,True,True,8,False,Wear-out
RL034W04,RL034,4,6.07481,56.27999,16.43372,1.17709,1.70421,11.68273,16.97718,18.71019,17.68095,17.69133,0.28697,-0.28393,814.92882,70.10694,True,True,True,False,True,True,True,True,True,True,False,True,False,True,8,False,Fin Collapse
RL034W05,RL034,5,6.38815,55.69419,16.2718,1.2298,1.64236,11.47531,16.44315,18.06764,17.64226,17.51203,0.27837,-0.29749,855.64607,70.33842,True,True,True,False,True,False,True,True,True,True,False,False,True,True,8,False,Wear-out
RL034W06,RL034,6,6.35981,56.50352,17.03582,1.18018,1.80279,12.32604,16.41814,17.76193,17.51384,17.798,0.30499,-0.28635,840.13662,72.94267,True,True,True,False,True,True,True,True,True,True,False,False,True,False,8,False,Oxide BD
RL034W07,RL034,7,6.07634,56.38739,16.64952,1.1943,1.65317,11.50128,15.36221,18.46939,18.91871,17.71306,0.27402,-0.29481,867.10209,69.38772,True,True,True,False,True,True,True,True,True,True,True,False,True,True,7,False,Oxide BD
RL034W08,RL034,8,6.34706,56.26381,16.27821,1.20377,1.65439,12.30268,15.90005,17.55372,17.5219,18.14524,0.28664,-0.28629,832.34907,69.94048,True,True,True,False,True,True,True,True,True,True,False,False,True,True,8,False,Junction Leak
RL034W09,RL034,9,7.02119,57.3748,17.02532,1.20594,1.86064,11.83308,16.50725,17.63492,17.42538,17.48563,0.29318,-0.28705,844.56234,72.70332,False,True,True,False,False,True,True,True,True,True,False,False,True,False,8,False,Wear-out
RL034W10,RL034,10,6.57829,57.33378,16.62291,1.2023,1.77426,12.31152,16.79728,18.78846,18.45509,18.21869,0.28853,-0.2962,832.51426,72.23029,False,True,True,False,True,True,True,True,True,True,False,False,True,False,8,False,Vt Shift
RL034W11,RL034,11,6.2499,55.61324,16.03488,1.17573,1.74104,12.72912,15.91128,17.19219,18.50669,19.27563,0.27867,-0.27665,884.18054,68.31142,True,True,True,False,True,True,True,True,True,True,False,True,True,True,8,False,Junction Leak
RL034W12,RL034,12,6.47171,53.36368,16.8549,1.24122,1.79899,12.4033,16.04963,17.61388,17.76475,17.71725,0.2917,-0.3004,863.15956,71.54184,False,True,True,False,True,True,True,True,True,True,False,False,True,True,8,False,Vt Shift
RL034W13,RL034,13,6.52967,57.17262,16.76705,1.21703,1.75153,11.5305,16.81646,18.55209,17.41552,17.78927,0.29011,-0.31407,866.83632,70.5676,False,True,True,False,True,True,True,True,True,True,False,False,True,True,8,False,Junction Leak
RL034W14,RL034,14,6.75465,56.01042,16.82998,1.29,1.81862,12.33077,15.57714,17.32464,18.13037,18.02873,0.28087,-0.27353,855.75543,74.50323,False,True,True,False,True,True,True,True,True,True,False,True,True,False,8,False,Metal Migration
RL034W15,RL034,15,6.10188,53.85496,16.16969,1.19974,1.67266,12.72335,16.16702,16.9152,17.20922,18.76603,0.278,-0.28274,854.67436,70.82214,True,True,True,False,True,True,True,False,True,True,False,True,True,True,8,False,Oxide BD
RL034W16,RL034,16,6.63379,56.34885,16.57316,1.1447,1.70582,11.35177,16.35831,18.23818,17.54202,17.52202,0.28955,-0.29516,865.79594,71.32267,False,True,True,True,True,False,True,True,True,True,False,False,True,True,8,False,Contact Open
RL034W17,RL034,17,6.2461,56.08737,15.84682,1.18714,1.76339,12.64497,15.85562,18.1973,18.11891,18.3819,0.29777,-0.28878,818.96871,72.46528,True,True,True,False,True,True,True,True,True,True,False,False,False,False,8,False,Fin Collapse
RL034W18,RL034,18,6.90745,57.09906,17.21844,1.18644,1.88195,12.76778,16.77377,17.96673,18.80904,17.42839,0.29974,-0.27063,810.29927,73.00836,False,True,True,False,False,True,True,True,True,True,False,True,False,False,8,False,Fin Collapse
RL034W19,RL034,19,6.58943,55.72583,16.18744,1.14836,1.75438,11.89899,16.35526,18.25232,17.37931,18.40077,0.27389,-0.27926,847.23022,71.89312,False,True,True,True,True,True,True,True,True,True,True,True,True,True,8,False,Oxide BD
RL034W20,RL034,20,6.27278,56.8968,16.95257,1.21553,1.79489,12.43407,16.28698,17.74985,17.08963,17.43069,0.30357,-0.28278,822.68694,72.86493,True,True,True,False,True,True,True,True,True,True,False,True,True,False,7,False,Contact Open
RL034W21,RL034,21,6.40759,56.48851,16.37688,1.26378,1.74594,12.20084,16.23872,18.48407,17.69757,17.39509,0.28642,-0.29401,855.84695,69.97602,False,True,True,False,True,True,True,True,True,True,False,False,True,True,8,False,Junction Leak
RL034W22,RL034,22,6.14026,55.26998,16.76327,1.23443,1.81909,11.35821,16.53794,18.06613,17.42171,17.63342,0.28446,-0.29491,799.32809,68.31066,True,True,True,False,True,False,True,True,True,True,False,False,False,True,8,False,Fin Collapse
RL034W23,RL034,23,6.35051,55.39316,16.38692,1.12168,1.6652,12.97885,16.47944,18.34385,17.33359,17.38978,0.28313,-0.2917,876.42385,73.29563,True,True,True,True,True,True,True,True,True,True,False,False,True,False,8,False,Oxide BD
RL034W24,RL034,24,6.42992,55.88962,16.83511,1.33385,1.81687,11.05461,16.51942,18.19462,17.36286,17.52748,0.26343,-0.285,815.62138,73.67636,False,True,True,False,True,False,True,True,True,True,True,True,False,False,8,False,Contact Open
RL034W25,RL034,25,6.40412,53.40096,16.27415,1.14605,1.84311,12.23424,16.82146,18.26576,17.87974,18.13157,0.3141,-0.29205,816.24843,73.2678,False,True,True,True,True,True,True,True,True,True,False,False,False,False,8,False,Vt Shift
RL035W01,RL035,1,5.86375,57.2321,16.13629,1.03608,1.68053,11.99645,15.98591,18.08676,18.21558,17.15523,0.26912,-0.2747,862.63371,64.93669,True,True,True,True,True,True,True,True,True,True,True,True,True,True,0,True,None
RL035W02,RL035,2,5.48252,52.82737,15.8764,1.02887,1.5316,12.89835,15.94486,18.78014,19.02763,17.53639,0.22437,-0.27793,923.78588,62.78115,True,True,True,True,True,True,True,True,True,True,True,True,True,True,0,True,None
RL035W03,RL035,3,5.93609,52.51026,15.81927,1.04144,1.70373,12.60443,15.39674,19.231,17.81445,16.92039,0.21347,-0.25057,928.05414,65.67261,True,True,True,True,True,True,True,True,True,True,True,True,True,True,0,True,None
RL035W04,RL035,4,5.50574,52.24747,15.81459,1.01369,1.59362,11.6695,15.19775,18.84434,18.07647,17.75275,0.23937,-0.24842,894.85414,66.65558,True,True,True,True,True,True,True,True,True,True,True,True,True,True,0,True,None
RL035W05,RL035,5,5.3585,54.46829,15.33596,1.03812,1.62765,12.44319,15.23036,19.32151,18.74852,17.42656,0.247,-0.24444,948.98865,66.99319,True,True,True,True,True,True,True,True,True,True,True,True,True,True,0,True,None
RL035W06,RL035,6,5.22583,53.71933,15.99399,0.96772,1.54161,11.90254,15.99601,20.39597,18.31136,17.28815,0.25107,-0.25093,913.88172,72.44971,True,True,True,True,True,True,True,True,True,True,True,True,True,False,0,True,None
RL035W07,RL035,7,5.57352,52.21903,15.74495,0.96661,1.67862,12.93867,15.49736,18.81522,18.85931,17.45253,0.24009,-0.24425,945.03821,66.2076,True,True,True,True,True,True,True,True,True,True,True,True,True,True,0,True,None
RL035W08,RL035,8,5.54192,54.01193,15.87037,1.09654,1.59238,13.18456,15.41869,18.63533,19.10358,17.45341,0.23664,-0.25199,907.8317,64.82599,True,True,True,True,True,True,True,True,True,True,True,True,True,True,0,True,None
RL035W09,RL035,9,5.21886,52.71523,16.082,1.02508,1.7248,13.07247,15.31663,19.34612,18.63599,17.51969,0.23714,-0.246,909.9777,65.48192,True,True,True,True,True,True,True,True,True,True,True,True,True,True,0,True,None
RL035W10,RL035,10,5.31639,55.32104,15.49645,1.03471,1.6505,12.92656,16.09774,20.12817,18.03289,16.84166,0.22703,-0.26444,933.23823,68.71529,True,True,True,True,True,True,True,True,True,True,True,True,True,True,0,True,None
RL035W11,RL035,11,5.41959,55.47702,15.93371,1.00589,1.56134,13.86043,15.5893,18.45345,19.13243,17.72433,0.249,-0.26218,930.35102,64.83628,True,True,True,True,True,True,True,True,True,True,True,True,True,True,0,True,None
RL035W12,RL035,12,5.47366,52.60203,15.65211,0.99644,1.58468,12.62472,15.56197,19.6805,19.28441,17.52104,0.2482,-0.24204,955.23112,68.31203,True,True,True,True,True,True,True,True,True,True,True,True,True,True,0,True,None
RL035W13,RL035,13,5.50476,54.87524,16.05603,1.06723,1.64978,12.90505,15.85944,19.45082,19.31264,16.89681,0.2364,-0.26609,941.61217,66.15674,True,True,True,True,True,True,True,True,True,True,True,True,True,True,0,True,None
RL035W14,RL035,14,5.71098,51.78431,15.81852,1.01108,1.64098,12.07457,15.14428,18.73309,19.79177,18.21464,0.24923,-0.25783,913.84649,69.05213,True,True,True,True,True,True,True,True,True,True,True,True,True,True,0,True,None
RL035W15,RL035,15,5.71952,54.94078,15.64297,1.00758,1.5781,12.38512,14.91575,19.1728,19.00909,17.89923,0.23868,-0.24989,978.6026,62.20284,True,True,True,True,True,True,True,True,True,True,True,True,True,True,0,True,None
RL035W16,RL035,16,5.36193,53.92139,15.84318,1.00815,1.73737,12.08833,16.26321,18.87968,18.8233,17.56395,0.23963,-0.24371,975.04622,68.2886,True,True,True,True,True,True,True,True,True,True,True,True,True,True,0,True,None
RL035W17,RL035,17,5.65831,54.42828,16.04503,0.93854,1.7089,12.96861,14.99523,19.24139,19.46282,17.51091,0.25607,-0.2463,957.07565,66.52358,True,True,True,True,True,True,True,True,True,True,True,True,True,True,0,True,None
RL035W18,RL035,18,5.67091,54.7525,15.99033,1.02786,1.56392,11.83241,15.89785,18.18158,18.10398,17.54271,0.24573,-0.25463,922.28692,66.31203,True,True,True,True,True,True,True,True,True,True,True,True,True,True,0,True,None
RL035W19,RL035,19,5.91405,55.56697,16.56614,1.04824,1.57688,13.76733,15.54734,19.74745,18.3067,17.68235,0.24576,-0.26191,937.03313,66.20318,True,True,True,True,True,True,True,True,True,True,True,True,True,True,0,True,None
RL035W20,RL035,20,5.77431,54.95925,16.29764,0.92889,1.60715,12.68069,15.41613,18.85326,18.60921,17.63418,0.23298,-0.25205,900.92485,64.55977,True,True,True,True,True,True,True,True,True,True,True,True,True,True,0,True,None
RL035W21,RL035,21,5.33575,54.34311,16.41311,1.003,1.68138,12.84534,15.48916,18.52444,18.48866,17.27964,0.26282,-0.24751,942.78755,65.43994,True,True,True,True,True,True,True,True,True,True,True,True,True,True,0,True,None
RL035W22,RL035,22,5.67553,52.87602,15.3784,1.02253,1.64612,12.95028,15.42047,19.89441,19.26572,17.2169,0.24244,-0.25012,943.10009,65.41104,True,True,True,True,True,True,True,True,True,True,True,True,True,True,0,True,None
RL035W23,RL035,23,5.08346,53.58395,15.45649,0.97455,1.57579,13.31345,15.72567,18.75341,19.22198,17.24406,0.2358,-0.24665,941.78872,61.98018,True,True,True,True,True,True,True,True,True,True,True,True,True,True,0,True,None
RL035W24,RL035,24,5.80286,56.50347,16.67253,1.02811,1.68656,13.25118,15.02978,18.43458,18.56102,18.49259,0.26736,-0.26694,872.69876,66.31605,True,True,True,True,True,True,True,True,True,True,True,True,True,True,0,True,None
RL035W25,RL035,25,5.50727,54.51726,15.27428,1.04071,1.66653,12.52063,15.23147,18.88007,18.73367,16.80697,0.25427,-0.2398,918.15696,67.75843,True,True,True,True,True,True,True,True,True,True,True,True,True,True,0,True,None
RL036W01,RL036,1,5.85731,55.91509,16.37704,1.18761,1.71904,12.8785,15.95469,18.22226,19.02527,17.72468,0.28183,-0.27026,849.16837,69.37903,True,True,True,False,True,True,True,True,True,True,False,True,True,True,8,False,Junction Leak
RL036W02,RL036,2,6.23604,56.77401,16.52063,1.14028,1.66465,12.36259,15.77911,18.24994,18.14435,17.56222,0.28596,-0.27258,823.96092,67.95189,True,True,True,True,True,True,True,True,True,True,False,True,True,True,7,False,Contact Open
RL036W03,RL036,3,5.47692,54.13226,15.92041,1.11017,1.77328,12.78014,16.15064,18.58247,17.97994,17.65139,0.26213,-0.24538,927.32176,64.82368,True,True,True,True,True,True,True,True,True,True,True,True,True,True,4,False,Metal Migration
RL036W04,RL036,4,5.67688,55.4457,15.98299,1.08254,1.70389,12.75722,16.35908,18.78902,18.12395,18.08291,0.25521,-0.25654,872.52818,69.03709,True,True,True,True,True,True,True,True,True,True,True,True,True,True,4,False,Wear-out
RL036W05,RL036,5,5.30985,55.50492,16.12072,1.14067,1.65952,12.97545,15.98579,18.71806,18.2072,17.81728,0.26719,-0.24817,886.08144,67.98878,True,True,True,True,True,True,True,True,True,True,True,True,True,True,4,False,Fin Collapse
RL036W06,RL036,6,5.5115,54.31018,16.33586,1.07035,1.69706,11.68988,15.41178,18.6836,17.92288,17.49111,0.25138,-0.25451,886.71972,67.22037,True,True,True,True,True,True,True,True,True,True,True,True,True,True,6,False,Vt Shift
RL036W07,RL036,7,5.51802,54.17803,15.66519,1.08263,1.74263,12.35091,15.85521,19.38707,18.71448,17.63411,0.26033,-0.26217,917.20042,66.94619,True,True,True,True,True,True,True,True,True,True,True,True,True,True,6,False,Metal Migration
RL036W08,RL036,8,5.53967,54.36673,15.79871,1.07999,1.83522,12.47395,15.69902,17.91288,18.30857,18.02099,0.24533,-0.27022,873.37336,68.43938,True,True,True,True,True,True,True,True,True,True,True,True,True,True,6,False,Vt Shift
RL036W09,RL036,9,5.25263,55.12618,16.45516,1.0462,1.60737,13.43086,15.68444,18.31054,18.45107,17.30708,0.26845,-0.24782,892.85876,64.16378,True,True,True,True,True,True,True,True,True,True,True,True,True,True,4,False,Wear-out
RL036W10,RL036,10,5.81538,54.94869,16.41852,1.10476,1.67841,12.70483,16.04079,18.88418,17.75664,17.72981,0.2463,-0.26957,901.0854,66.13972,True,True,True,True,True,True,True,True,True,True,True,True,True,True,7,False,Contact Open
RL036W11,RL036,11,5.38233,53.86473,16.11278,1.01982,1.6414,12.9681,16.10055,20.25245,18.22987,16.12559,0.24517,-0.25557,907.59436,68.25872,True,True,True,True,True,True,True,True,True,True,True,True,True,True,7,False,Vt Shift
RL036W12,RL036,12,5.96589,53.90216,16.54787,1.09251,1.65968,12.03078,15.91974,18.32112,18.2574,17.13847,0.26606,-0.26564,937.03765,67.42948,True,True,True,True,True,True,True,True,True,True,True,True,True,True,5,False,Junction Leak
RL036W13,RL036,13,5.25972,53.31121,15.70395,1.06105,1.653,12.70505,15.35936,19.28163,18.40126,17.50494,0.24168,-0.25047,954.5829,62.70335,True,True,True,True,True,True,True,True,True,True,True,True,True,True,4,False,Vt Shift
RL036W14,RL036,14,5.74601,52.21268,15.86747,1.05486,1.67335,12.62073,15.17607,17.8625,18.04069,17.16523,0.25108,-0.26122,910.13002,67.09934,True,True,True,True,True,True,True,True,True,True,True,True,True,True,4,False,Vt Shift
RL036W15,RL036,15,5.54535,53.31413,15.98729,1.06503,1.74884,13.29999,16.40888,18.83412,18.92325,17.11484,0.25033,-0.24013,912.65177,67.85395,True,True,True,True,True,True,True,True,True,True,True,True,True,True,5,False,Vt Shift
RL036W16,RL036,16,5.65601,54.73965,16.62889,1.0942,1.73473,11.69845,14.94539,17.90418,17.60537,17.96137,0.25399,-0.25938,932.28544,63.35742,True,True,True,True,True,True,True,True,True,True,True,True,True,True,5,False,Oxide BD
RL036W17,RL036,17,5.92958,55.73495,16.10269,1.17066,1.68867,14.15356,15.7984,17.68396,18.28788,17.92936,0.25179,-0.25546,879.52986,65.856,True,True,True,False,True,True,True,True,True,True,True,True,True,True,8,False,Oxide BD
RL036W18,RL036,18,5.34937,53.86761,16.86437,1.09681,1.65036,12.1496,15.46086,18.07208,17.64955,18.06099,0.25611,-0.2633,947.65437,67.01406,True,True,True,True,True,True,True,True,True,True,True,True,True,True,4,False,Junction Leak
RL036W19,RL036,19,5.62983,55.41683,15.95698,1.0937,1.68384,12.45434,15.0452,19.14646,18.69575,17.19478,0.24847,-0.24147,949.76472,64.3416,True,True,True,True,True,True,True,True,True,True,True,True,True,True,6,False,Metal Migration
RL036W20,RL036,20,5.35641,53.99078,16.25629,1.00024,1.70794,12.48984,16.10892,17.55495,18.15453,17.53826,0.27697,-0.25697,907.71326,68.57792,True,True,True,True,True,True,True,True,True,True,False,True,True,True,4,False,Vt Shift
RL036W21,RL036,21,5.52952,56.1896,16.0638,0.99802,1.64551,13.01995,15.91577,18.8453,18.57204,17.49937,0.24894,-0.25089,922.28351,65.40612,True,True,True,True,True,True,True,True,True,True,True,True,True,True,3,False,Fin Collapse
RL036W22,RL036,22,5.59683,55.01484,16.22718,1.06895,1.71363,12.35321,15.19301,17.6187,18.28188,17.43494,0.25717,-0.24793,923.1954,66.15865,True,True,True,True,True,True,True,True,True,True,True,True,True,True,4,False,Contact Open
RL036W23,RL036,23,6.38436,53.48334,16.16997,1.06404,1.66745,12.33852,15.8636,19.20365,19.22598,17.30839,0.26231,-0.27204,917.62893,70.90614,True,True,True,True,True,True,True,True,True,True,True,True,True,True,5,False,Fin Collapse
RL036W24,RL036,24,5.57577,57.0136,16.23983,1.17546,1.80915,12.54222,15.95872,18.66545,18.38765,18.55498,0.26006,-0.25513,879.37578,70.06056,True,True,True,False,True,True,True,True,True,True,True,True,True,True,7,False,Contact Open
RL036W25,RL036,25,5.72925,55.39054,16.46306,1.15879,1.72831,12.79477,16.1866,18.4464,17.77833,18.2071,0.26719,-0.27096,824.43795,68.4323,True,True,True,False,True,True,True,True,True,True,True,True,True,True,7,False,Wear-out
RL037W01,RL037,1,7.09717,56.29248,17.50174,1.4005,1.89272,11.04981,16.2249,17.95934,18.30875,18.00699,0.31856,-0.3112,801.31277,75.11154,False,True,False,False,False,False,True,True,True,True,False,False,False,False,7,False,Metal Migration
RL037W02,RL037,2,6.69611,57.17386,16.41991,1.30664,1.74454,11.01713,17.24286,19.17108,17.7838,17.78816,0.3258,-0.32101,825.94727,73.19778,False,True,True,False,True,False,False,True,True,True,False,False,True,False,8,False,Junction Leak
RL037W03,RL037,3,6.8046,55.57901,16.6819,1.32646,1.78407,11.89237,16.88378,18.11519,19.76629,17.88197,0.28372,-0.30732,825.82245,72.96171,False,True,True,False,True,True,True,True,True,True,False,False,True,False,8,False,Contact Open
RL037W04,RL037,4,6.59069,56.24589,16.94942,1.23107,1.77337,11.26791,16.12813,18.91647,17.71202,17.82524,0.29061,-0.30841,793.20935,70.86765,False,True,True,False,True,False,True,True,True,True,False,False,False,True,6,False,Wear-out
RL037W05,RL037,5,6.87174,55.18574,16.39135,1.28924,1.875,11.42122,16.41715,19.248,18.14056,18.14372,0.29512,-0.29647,773.7672,69.26182,False,True,True,False,False,False,True,True,True,True,False,False,False,True,7,False,Fin Collapse
RL037W06,RL037,6,7.13171,55.67922,16.49224,1.28688,1.95313,12.08322,16.9823,19.4677,17.20179,17.99631,0.29188,-0.29445,843.02062,73.53155,False,True,True,False,False,True,True,True,True,True,False,False,True,False,7,False,Contact Open
RL037W07,RL037,7,6.4644,59.55718,16.65415,1.2884,1.83268,11.72352,16.80362,18.66967,18.06401,17.84596,0.3164,-0.31765,776.84951,73.82555,False,False,True,False,True,True,True,True,True,True,False,False,False,False,7,False,Fin Collapse
RL037W08,RL037,8,6.36932,56.79588,16.39643,1.26059,1.85541,12.028,16.65321,18.13806,18.55991,18.5853,0.29801,-0.3113,810.56062,73.12229,True,True,True,False,False,True,True,True,True,True,False,False,False,False,7,False,Contact Open
RL037W09,RL037,9,7.01476,57.84661,16.01555,1.33822,1.75842,11.74904,16.28898,17.89759,17.96642,18.38875,0.29446,-0.30419,777.35142,77.51805,False,True,True,False,True,True,True,True,True,True,False,False,False,False,7,False,Junction Leak
RL037W10,RL037,10,6.97502,56.97128,16.28155,1.22137,1.93458,10.6436,15.85071,18.35541,18.05696,18.00541,0.31835,-0.30001,786.34619,72.6047,False,True,True,False,False,False,True,True,True,True,False,False,False,False,7,False,Oxide BD
RL037W11,RL037,11,7.11096,55.5434,17.29075,1.29282,1.79141,11.91711,16.38291,19.24335,18.46845,18.89955,0.29103,-0.31119,761.35106,73.64001,False,True,True,False,True,True,True,True,True,True,False,False,False,False,8,False,Junction Leak
RL037W12,RL037,12,6.64885,55.13738,15.83653,1.26384,1.80285,11.00706,15.82645,18.96843,18.10109,18.5327,0.30873,-0.3159,849.70351,71.05474,False,True,True,False,True,False,True,True,True,True,False,False,True,True,7,False,Fin Collapse
RL037W13,RL037,13,6.50975,53.48494,16.51007,1.20339,1.84788,11.00438,15.96808,18.55496,18.95643,17.24846,0.28357,-0.28122,812.57628,74.74686,False,True,True,False,True,False,True,True,True,True,False,True,False,False,7,False,Wear-out
RL037W14,RL037,14,6.7661,55.80772,16.581,1.31879,1.77531,11.87048,16.92325,18.72116,18.73148,18.29964,0.2952,-0.30212,854.82164,77.4906,False,True,True,False,True,True,True,True,True,True,False,False,True,False,7,False,Junction Leak
RL037W15,RL037,15,6.32313,56.97989,16.72813,1.30329,1.84773,11.13929,17.43299,19.00832,18.75504,18.43816,0.30458,-0.2957,815.27227,74.50616,True,True,True,False,True,False,False,True,True,True,False,False,False,False,8,False,Vt Shift
RL037W16,RL037,16,7.13057,55.92964,17.23809,1.35537,1.81289,11.51085,16.71824,19.54646,18.40479,18.07032,0.32248,-0.29594,877.57281,72.88698,False,True,True,False,True,True,True,True,True,True,False,False,True,False,8,False,Wear-out
RL037W17,RL037,17,6.40424,56.53009,16.99683,1.22891,1.74623,12.50855,15.85223,18.98521,17.88466,18.24354,0.28497,-0.28864,816.09051,68.49592,False,True,True,False,True,True,True,True,True,True,False,False,False,True,6,False,Fin Collapse
RL037W18,RL037,18,7.14512,57.42227,16.97163,1.33132,1.69078,11.41731,16.24945,18.00025,18.44298,17.97944,0.33206,-0.30435,827.25314,74.85036,False,True,True,False,True,False,True,True,True,True,False,False,True,False,7,False,Fin Collapse
RL037W19,RL037,19,6.24941,54.81286,16.48732,1.2208,1.71101,11.72808,16.85731,18.72148,17.84045,17.4832,0.29835,-0.29908,802.99113,75.06919,True,True,True,False,True,True,True,True,True,True,False,False,False,False,7,False,Oxide BD
RL037W20,RL037,20,6.92517,54.70222,16.74108,1.15606,1.78711,11.81003,16.32254,18.53506,18.33701,17.91737,0.30421,-0.28875,816.99369,73.98526,False,True,True,False,True,True,True,True,True,True,False,False,False,False,6,False,Fin Collapse
RL037W21,RL037,21,6.85207,55.7166,17.77863,1.28025,1.73859,12.04081,16.51831,17.30477,18.11176,18.44173,0.29264,-0.31714,759.79466,75.70928,False,True,False,False,True,True,True,True,True,True,False,False,False,False,8,False,Contact Open
RL037W22,RL037,22,7.29452,56.52083,16.58801,1.23145,1.88195,11.43521,17.20867,18.75978,17.64275,17.98239,0.31881,-0.30308,810.04213,68.4962,False,True,True,False,False,False,False,True,True,True,False,False,False,True,7,False,Oxide BD
RL037W23,RL037,23,6.85293,57.8812,16.68769,1.26559,1.72064,12.92712,16.28672,18.84973,17.92632,17.85861,0.28572,-0.28769,839.77065,71.29333,False,True,True,False,True,True,True,True,True,True,False,False,True,True,7,False,Oxide BD
RL037W24,RL037,24,7.06206,54.74592,17.46824,1.38638,1.93684,10.46218,17.06899,18.59646,17.39745,18.28628,0.32978,-0.3029,781.07464,75.58527,False,True,True,False,False,False,False,True,True,True,False,False,False,False,8,False,Metal Migration
RL037W25,RL037,25,7.02074,58.43797,16.51675,1.3439,1.88565,11.38689,16.54882,18.09445,18.66753,18.21008,0.3338,-0.30237,799.31048,78.37002,False,False,True,False,False,False,True,True,True,True,False,False,False,False,6,False,Wear-out
RL038W01,RL038,1,6.07819,58.03599,16.49657,1.1314,1.78494,12.90808,15.73706,18.96297,18.71969,17.39085,0.26287,-0.27111,842.65496,68.61024,True,False,True,True,True,True,True,True,True,True,True,True,True,True,3,False,Contact Open
RL038W02,RL038,2,6.25367,54.4509,15.86898,1.14844,1.8227,12.64123,15.97831,19.25704,17.73256,18.04873,0.26917,-0.27556,843.82493,67.81766,True,True,True,True,True,True,True,True,True,True,True,True,True,True,3,False,Vt Shift
RL038W03,RL038,3,5.68823,54.47877,16.52409,1.08125,1.77409,12.56022,15.36833,18.97186,18.73513,17.54483,0.27437,-0.25036,841.41211,66.6548,True,True,True,True,True,True,True,True,True,True,True,True,True,True,1,False,Metal Migration
RL038W04,RL038,4,5.72343,53.51624,15.61861,1.08717,1.67736,12.59987,15.95201,19.85442,18.97381,18.26821,0.25809,-0.26834,856.43245,66.57654,True,True,True,True,True,True,True,True,True,True,True,True,True,True,2,False,Wear-out
RL038W05,RL038,5,5.58349,57.35194,16.67756,1.11123,1.68962,12.3321,16.16934,20.35263,19.15839,17.40842,0.26116,-0.26349,866.133,72.12005,True,True,True,True,True,True,True,True,True,True,True,True,True,False,2,False,Junction Leak
RL038W06,RL038,6,5.77693,54.63216,16.49617,1.08655,1.83405,11.74554,16.33063,19.2169,18.56481,17.22591,0.27055,-0.25271,930.74335,65.79797,True,True,True,True,True,True,True,True,True,True,True,True,True,True,3,False,Metal Migration
RL038W07,RL038,7,6.00827,55.54086,15.47122,1.07087,1.71389,12.94638,15.00952,19.41063,18.67794,17.62471,0.26791,-0.25731,925.17242,67.87818,True,True,True,True,True,True,True,True,True,True,True,True,True,True,1,False,Contact Open
RL038W08,RL038,8,5.82564,54.38567,16.32712,1.09372,1.81031,13.36644,16.60216,18.22574,18.70974,17.85517,0.27605,-0.25767,898.12832,70.2199,True,True,True,True,True,True,True,True,True,True,False,True,True,True,1,False,Vt Shift
RL038W09,RL038,9,5.90176,52.59536,15.5849,1.14856,1.87095,12.44904,15.50665,19.37521,18.96732,18.06769,0.26746,-0.27291,906.73045,64.05433,True,True,True,True,False,True,True,True,True,True,True,True,True,True,1,False,Junction Leak
RL038W10,RL038,10,5.292,55.52293,16.2744,1.01393,1.78103,12.92751,15.01693,18.95369,17.92878,17.71177,0.26603,-0.26467,905.92375,65.95745,True,True,True,True,True,True,True,True,True,True,True,True,True,True,0,True,None
RL038W11,RL038,11,5.65742,54.4066,16.28828,1.03913,1.66087,12.11806,15.98186,18.88629,18.66807,17.77076,0.2818,-0.26652,924.69272,63.33251,True,True,True,True,True,True,True,True,True,True,False,True,True,True,0,True,None
RL038W12,RL038,12,5.75313,54.10344,16.72479,1.18107,1.73648,13.25623,15.475,18.92067,18.81353,17.93581,0.25703,-0.27151,844.75469,66.61716,True,True,True,False,True,True,True,True,True,True,True,True,True,True,2,False,Metal Migration
RL038W13,RL038,13,5.79516,54.23171,16.18321,1.11763,1.68311,13.94889,16.37372,18.62537,18.62187,18.1607,0.25243,-0.25465,895.19437,68.54545,True,True,True,True,True,True,True,True,True,True,True,True,True,True,1,False,Wear-out
RL038W14,RL038,14,6.0381,52.60875,16.5463,1.06486,1.58301,11.72165,15.8876,18.78162,18.89207,17.34393,0.26639,-0.26978,915.70614,66.63086,True,True,True,True,True,True,True,True,True,True,True,True,True,True,0,True,None
RL038W15,RL038,15,6.29742,53.76063,16.49319,1.05519,1.78793,12.42586,16.44863,18.64629,18.73221,18.00852,0.26362,-0.25153,902.64129,70.64083,True,True,True,True,True,True,True,True,True,True,True,True,True,True,1,False,Vt Shift
RL038W16,RL038,16,5.64768,54.26798,15.72577,1.09972,1.60632,13.5754,15.53695,19.93944,19.01518,16.71467,0.25699,-0.25923,881.0555,67.38553,True,True,True,True,True,True,True,True,True,True,True,True,True,True,0,True,None
RL038W17,RL038,17,5.91533,53.06528,15.99734,0.98631,1.68863,12.91947,15.40694,18.75899,18.94211,17.67423,0.2541,-0.26483,876.10239,68.12951,True,True,True,True,True,True,True,True,True,True,True,True,True,True,0,True,None
RL038W18,RL038,18,5.87557,55.71495,16.59109,1.12864,1.72078,12.41693,15.88439,18.49362,18.92059,17.84952,0.24548,-0.2591,926.44195,70.67779,True,True,True,True,True,True,True,True,True,True,True,True,True,True,0,True,None
RL038W19,RL038,19,5.55828,55.08283,16.78413,1.02891,1.60419,13.06343,15.24551,18.3118,18.25714,17.51869,0.26631,-0.25546,914.49396,69.1912,True,True,True,True,True,True,True,True,True,True,True,True,True,True,0,True,None
RL038W20,RL038,20,5.83404,56.33394,16.0855,1.12856,1.60745,12.95531,15.65257,20.10456,18.11752,17.74976,0.25944,-0.26709,908.75895,68.28601,True,True,True,True,True,True,True,True,True,True,True,True,True,True,0,True,None
RL038W21,RL038,21,5.51845,52.99146,16.28421,1.21213,1.62345,12.97654,15.95507,17.8553,18.1683,17.46432,0.23723,-0.25093,907.87355,64.97764,True,True,True,False,True,True,True,True,True,True,True,True,True,True,1,False,Metal Migration
RL038W22,RL038,22,5.33768,53.95657,16.24637,1.06522,1.74431,12.86042,15.42317,19.21461,18.16112,17.06302,0.25614,-0.2657,926.72452,67.61303,True,True,True,True,True,True,True,True,True,True,True,True,True,True,0,True,None
RL038W23,RL038,23,5.55878,55.84295,16.46392,1.02337,1.75477,12.91576,15.89178,18.86898,19.10631,17.60462,0.24778,-0.25811,872.11264,70.49527,True,True,True,True,True,True,True,True,True,True,True,True,True,True,0,True,None
RL038W24,RL038,24,5.92401,54.7597,16.64834,1.19355,1.72043,12.93672,15.90532,18.06963,19.02834,17.77211,0.27478,-0.28585,865.49565,70.12516,True,True,True,False,True,True,True,True,True,True,True,False,True,True,3,False,Junction Leak
RL038W25,RL038,25,6.07725,54.96583,16.41563,1.14846,1.66632,12.63363,16.23067,18.0385,19.23823,17.9215,0.28366,-0.2863,895.66599,64.32953,True,True,True,True,True,True,True,True,True,True,False,False,True,True,3,False,Wear-out
RL039W01,RL039,1,6.02363,53.53068,16.32061,1.01603,1.83968,12.09613,16.07394,18.56283,18.4949,16.96714,0.23862,-0.29004,880.63469,68.69545,True,True,True,True,True,True,True,True,True,True,True,False,True,True,1,False,Fin Collapse
RL039W02,RL039,2,5.94861,52.28804,16.07094,1.05947,1.64064,12.69165,15.187,18.10057,18.60876,18.04731,0.26841,-0.25144,874.66103,68.69268,True,True,True,True,True,True,True,True,True,True,True,True,True,True,0,True,None
RL039W03,RL039,3,5.33849,54.16851,16.09031,1.0003,1.69027,13.31581,15.03792,17.46196,18.63611,17.29898,0.25812,-0.24,932.41563,67.21501,True,True,True,True,True,True,True,True,True,True,True,True,True,True,0,True,None
RL039W04,RL039,4,5.64186,56.79694,15.49141,0.93941,1.68227,12.52908,15.18343,18.91281,18.67468,17.37996,0.24036,-0.24782,909.04179,67.86373,True,True,True,True,True,True,True,True,True,True,True,True,True,True,0,True,None
RL039W05,RL039,5,5.45416,54.89036,16.1253,1.03247,1.71725,12.03696,15.77382,18.63739,18.59063,17.60278,0.24075,-0.2511,890.45501,66.21398,True,True,True,True,True,True,True,True,True,True,True,True,True,True,0,True,None
RL039W06,RL039,6,5.71827,52.70655,16.29934,1.05182,1.63141,13.89634,15.24034,17.8785,18.68037,16.97163,0.254,-0.25091,899.20138,66.54779,True,True,True,True,True,True,True,True,True,True,True,True,True,True,1,False,Fin Collapse
RL039W07,RL039,7,5.31116,53.73068,16.43344,0.97088,1.64743,12.45001,15.79701,19.31817,18.31756,17.092,0.2408,-0.25558,895.31187,67.83137,True,True,True,True,True,True,True,True,True,True,True,True,True,True,0,True,None
RL039W08,RL039,8,5.67454,55.72844,16.12183,1.01832,1.57394,12.41976,15.51603,19.83664,18.41256,17.01108,0.26057,-0.2509,883.43098,66.497,True,True,True,True,True,True,True,True,True,True,True,True,True,True,0,True,None
RL039W09,RL039,9,5.83951,53.97552,16.53224,1.03688,1.68263,12.80323,15.38509,18.21222,17.75778,17.29306,0.24413,-0.26858,878.08294,66.09901,True,True,True,True,True,True,True,True,True,True,True,True,True,True,0,True,None
RL039W10,RL039,10,5.18706,53.10167,16.77697,1.08049,1.65041,11.99092,15.9849,18.55955,18.49164,17.64211,0.26116,-0.25098,916.65044,65.33658,True,True,True,True,True,True,True,True,True,True,True,True,True,True,0,True,None
RL039W11,RL039,11,6.15649,54.05833,15.66919,0.89847,1.66007,12.69925,16.25042,17.65997,18.19685,17.88132,0.24735,-0.23956,930.14729,65.6167,True,True,True,True,True,True,True,True,True,True,True,True,True,True,0,True,None
RL039W12,RL039,12,5.72907,55.36366,15.54218,1.0383,1.69886,12.25382,15.5067,19.10796,18.25015,17.32094,0.2452,-0.24626,943.15427,67.15314,True,True,True,True,True,True,True,True,True,True,True,True,True,True,0,True,None
RL039W13,RL039,13,5.6952,54.63548,16.52273,1.04616,1.66647,12.81496,15.40287,18.54437,19.10305,17.8266,0.26669,-0.25506,918.62508,64.9076,True,True,True,True,True,True,True,True,True,True,True,True,True,True,0,True,None
RL039W14,RL039,14,5.7008,51.93868,16.38914,1.0626,1.60322,13.60174,15.23164,19.30777,18.96145,17.42166,0.24291,-0.25448,922.03501,67.25486,True,True,True,True,True,True,True,True,True,True,True,True,True,True,0,True,None
RL039W15,RL039,15,5.66969,52.82145,16.68354,1.01719,1.69827,12.9336,15.80701,17.9298,18.699,17.59321,0.24154,-0.26015,914.44024,63.34675,True,True,True,True,True,True,True,True,True,True,True,True,True,True,0,True,None
RL039W16,RL039,16,5.53344,54.2663,16.1589,1.00703,1.60868,13.29318,15.45021,18.80309,18.20151,16.76942,0.25195,-0.24723,928.34989,66.50861,True,True,True,True,True,True,True,True,True,True,True,True,True,True,0,True,None
RL039W17,RL039,17,5.91869,56.41906,16.35668,1.00553,1.75026,12.34929,16.30156,17.43565,18.94069,17.1922,0.24634,-0.2656,892.14644,65.97126,True,True,True,True,True,True,True,True,True,True,True,True,True,True,1,False,Wear-out
RL039W18,RL039,18,5.7661,52.4169,15.33942,0.98264,1.53291,14.01586,15.88408,17.98562,18.80093,17.35115,0.24166,-0.25331,941.37838,67.38287,True,True,True,True,True,True,True,True,True,True,True,True,True,True,0,True,None
RL039W19,RL039,19,5.51162,54.00585,15.60367,1.01575,1.6872,12.58112,15.67836,18.8678,18.80427,17.81337,0.2629,-0.27062,903.32241,69.00331,True,True,True,True,True,True,True,True,True,True,True,True,True,True,0,True,None
RL039W20,RL039,20,5.78976,53.96814,15.84406,1.02045,1.71008,12.41667,15.8171,17.94405,18.44311,16.89029,0.24846,-0.26858,894.00558,70.36535,True,True,True,True,True,True,True,True,True,True,True,True,True,True,0,True,None
RL039W21,RL039,21,5.30914,56.40757,16.03551,1.0357,1.61849,13.32876,14.98644,18.42697,18.1707,17.28065,0.23802,-0.25958,892.31047,65.0842,True,True,True,True,True,True,True,True,True,True,True,True,True,True,0,True,None
RL039W22,RL039,22,5.73529,54.9361,15.84489,1.06439,1.67203,13.07259,14.28905,18.60959,19.45645,17.27629,0.26184,-0.27387,892.0596,65.26946,True,True,True,True,True,True,True,True,True,True,True,True,True,True,1,False,Oxide BD
RL039W23,RL039,23,5.70666,56.32493,16.11966,1.03669,1.65494,13.92179,15.41315,18.22269,19.10151,17.9228,0.2579,-0.25885,920.18606,67.87604,True,True,True,True,True,True,True,True,True,True,True,True,True,True,0,True,None
RL039W24,RL039,24,5.89805,53.68069,16.41355,1.11708,1.75522,12.18067,16.60918,18.42447,18.65845,17.72915,0.2341,-0.27283,901.00283,69.58881,True,True,True,True,True,True,True,True,True,True,True,True,True,True,1,False,Oxide BD
RL039W25,RL039,25,6.17373,54.80275,16.4924,1.11591,1.76281,12.8678,16.22505,18.32032,18.13793,18.15456,0.27169,-0.26696,915.52338,65.09563,True,True,True,True,True,True,True,True,True,True,True,True,True,True,3,False,Metal Migration
RL040W01,RL040,1,5.81677,53.80735,16.42698,1.1474,1.6283,11.81338,15.56675,17.97056,18.34341,17.35019,0.26229,-0.25113,859.32451,67.45133,True,True,True,True,True,True,True,True,True,True,True,True,True,True,7,False,Junction Leak
RL040W02,RL040,2,5.78498,54.90428,16.22343,1.14846,1.766,13.42965,15.29855,18.15033,18.14582,17.74973,0.25226,-0.27404,889.14652,66.92549,True,True,True,True,True,True,True,True,True,True,True,True,True,True,7,False,Fin Collapse
RL040W03,RL040,3,5.92139,56.44163,16.24006,1.07828,1.68834,13.15681,16.19002,18.0677,19.36063,17.4699,0.25776,-0.23573,888.01511,66.3129,True,True,True,True,True,True,True,True,True,True,True,True,True,True,5,False,Vt Shift
RL040W04,RL040,4,5.7531,53.8818,15.78851,1.06959,1.6931,13.13923,15.69618,18.64291,17.84149,17.29126,0.2612,-0.27635,881.28519,66.34032,True,True,True,True,True,True,True,True,True,True,True,True,True,True,6,False,Contact Open
RL040W05,RL040,5,5.78658,54.80318,15.71363,1.07001,1.61727,13.2879,15.7563,18.34041,17.43067,17.7177,0.24827,-0.25652,925.78708,67.52574,True,True,True,True,True,True,True,True,True,True,True,True,True,True,3,False,Wear-out
RL040W06,RL040,6,5.97923,51.18328,16.25653,1.09607,1.60679,12.62318,15.8556,18.4614,17.75327,17.05513,0.26348,-0.27227,878.48759,68.17639,True,True,True,True,True,True,True,True,True,True,True,True,True,True,5,False,Metal Migration
RL040W07,RL040,7,5.90271,54.83214,16.26167,1.02453,1.72413,12.09062,15.52751,17.42359,18.97654,16.89177,0.23756,-0.25412,930.94026,66.81942,True,True,True,True,True,True,True,True,True,True,True,True,True,True,6,False,Fin Collapse
RL040W08,RL040,8,5.56468,55.96805,16.4517,1.12497,1.68478,13.89896,15.06641,17.56218,18.52514,17.85192,0.23833,-0.26119,874.57588,68.01699,True,True,True,True,True,True,True,True,True,True,True,True,True,True,4,False,Oxide BD
RL040W09,RL040,9,5.72038,53.57921,15.73987,1.0278,1.60996,13.66908,15.68624,18.87072,17.92611,17.22358,0.2506,-0.25673,907.32995,66.14992,True,True,True,True,True,True,True,True,True,True,True,True,True,True,3,False,Vt Shift
RL040W10,RL040,10,5.59659,54.46627,16.35953,0.98932,1.73296,12.42646,15.626,17.67662,18.30778,17.45679,0.24775,-0.24442,896.67057,66.2192,True,True,True,True,True,True,True,True,True,True,True,True,True,True,5,False,Wear-out
RL040W11,RL040,11,6.30344,53.78056,16.45416,1.07324,1.66236,13.18599,15.21881,17.94555,18.33332,17.92373,0.26445,-0.26777,855.39159,67.88866,True,True,True,True,True,True,True,True,True,True,True,True,True,True,5,False,Fin Collapse
RL040W12,RL040,12,5.58428,56.04723,16.31028,1.04484,1.556,12.702,15.04116,17.34459,18.24476,17.56049,0.25156,-0.25667,919.2271,67.92159,True,True,True,True,True,True,True,True,True,True,True,True,True,True,6,False,Wear-out
RL040W13,RL040,13,5.56538,55.65376,16.49454,1.13867,1.69443,12.52354,15.17483,19.08419,18.28852,18.57553,0.2479,-0.25038,835.61657,63.67985,True,True,True,True,True,True,True,True,True,True,True,True,True,True,5,False,Wear-out
RL040W14,RL040,14,5.84636,54.08074,16.15695,1.08168,1.64658,12.3325,16.27141,18.85866,18.76366,17.7948,0.24517,-0.26708,892.39259,64.30713,True,True,True,True,True,True,True,True,True,True,True,True,True,True,3,False,Wear-out
RL040W15,RL040,15,5.74389,52.99988,16.26341,1.05755,1.68002,12.90771,16.14946,18.06163,18.72851,17.47528,0.25692,-0.24703,923.08578,67.60981,True,True,True,True,True,True,True,True,True,True,True,True,True,True,5,False,Oxide BD
RL040W16,RL040,16,5.5101,53.90502,15.16656,1.00817,1.66231,13.48835,15.06442,19.20476,18.36578,17.0121,0.24864,-0.26791,917.57635,67.37232,True,True,True,True,True,True,True,True,True,True,True,True,True,True,5,False,Wear-out
RL040W17,RL040,17,5.76977,53.33131,15.9749,1.08207,1.63466,12.20642,15.62929,17.89159,18.04304,17.50607,0.25109,-0.25713,924.08523,67.07386,True,True,True,True,True,True,True,True,True,True,True,True,True,True,5,False,Junction Leak
RL040W18,RL040,18,5.96692,53.14401,16.03921,1.08772,1.63115,13.04155,15.3061,17.80954,18.46124,17.19245,0.25452,-0.26381,922.89859,63.73979,True,True,True,True,True,True,True,True,True,True,True,True,True,True,6,False,Junction Leak
RL040W19,RL040,19,6.04156,54.68983,16.27891,1.07296,1.63094,12.26191,16.16309,17.91598,18.24771,17.74539,0.2625,-0.27154,826.38393,67.08233,True,True,True,True,True,True,True,True,True,True,True,True,True,True,6,False,Junction Leak
RL040W20,RL040,20,5.29649,53.46595,16.0152,0.98638,1.69447,13.64789,15.54549,18.35208,17.25204,17.55578,0.25781,-0.25556,883.88543,65.47842,True,True,True,True,True,True,True,True,True,True,True,True,True,True,6,False,Contact Open
RL040W21,RL040,21,5.79374,52.61604,16.38175,1.01243,1.70852,13.07898,15.64474,17.21181,18.10303,18.46778,0.23565,-0.29358,872.35381,67.26322,True,True,True,True,True,True,True,True,True,True,True,False,True,True,5,False,Fin Collapse
RL040W22,RL040,22,5.9916,56.48796,16.41224,1.14846,1.72503,12.25934,15.49862,18.72444,18.48107,17.58824,0.26494,-0.27271,896.41854,69.00495,True,True,True,True,True,True,True,True,True,True,True,True,True,True,6,False,Contact Open
RL040W23,RL040,23,5.6847,53.58196,16.19948,1.09702,1.71242,12.10807,15.70752,18.37397,17.62568,17.97033,0.24147,-0.24569,895.27679,65.79733,True,True,True,True,True,True,True,True,True,True,True,True,True,True,6,False,Wear-out
RL040W24,RL040,24,6.06984,54.60904,16.2312,1.18953,1.78233,12.53444,15.8512,18.85183,17.64112,17.78244,0.26738,-0.25855,888.44951,69.6526,True,True,True,False,True,True,True,True,True,True,True,True,True,True,6,False,Contact Open
RL040W25,RL040,25,5.79708,54.28239,16.04546,1.14882,1.71372,12.13231,15.22994,18.75655,18.48512,18.38755,0.24029,-0.27135,919.90818,66.75817,True,True,True,True,True,True,True,True,True,True,True,True,True,True,6,False,Contact Open
RL041W01,RL041,1,5.8782,53.22467,16.83164,0.9997,1.70759,12.39074,15.29925,18.85407,19.0128,16.88356,0.25323,-0.2746,856.51164,69.20081,True,True,True,True,True,True,True,True,True,True,True,True,True,True,0,True,None
RL041W02,RL041,2,6.28354,55.6384,16.71229,1.07217,1.56806,12.04893,16.12765,18.8741,18.27938,17.47344,0.26505,-0.25131,847.35671,67.80873,True,True,True,True,True,True,True,True,True,True,True,True,True,True,0,True,None
RL041W03,RL041,3,5.2346,53.47009,15.65596,1.00584,1.64997,13.30814,14.82533,19.40578,18.90971,17.89161,0.24253,-0.25056,940.8144,64.039,True,True,True,True,True,True,True,True,True,True,True,True,True,True,0,True,None
RL041W04,RL041,4,5.41252,54.06896,16.13032,1.12952,1.6953,13.16516,15.60452,18.60271,19.08616,17.478,0.27067,-0.26293,908.40456,68.20957,True,True,True,True,True,True,True,True,True,True,True,True,True,True,0,True,None
RL041W05,RL041,5,5.76228,53.18905,15.98316,1.07738,1.65395,13.38371,14.68734,19.36983,19.41278,17.34879,0.23215,-0.25059,870.5952,63.9518,True,True,True,True,True,True,True,True,True,True,True,True,True,True,0,True,None
RL041W06,RL041,6,5.70333,53.42608,15.84829,0.97552,1.5942,12.57983,14.72572,19.03367,18.92254,17.96638,0.23235,-0.25987,888.06149,65.76951,True,True,True,True,True,True,True,True,True,True,True,True,True,True,0,True,None
RL041W07,RL041,7,5.79369,55.02703,15.9474,1.0026,1.7473,13.26688,16.23966,18.83894,18.86069,17.35734,0.2558,-0.24388,938.80391,64.41743,True,True,True,True,True,True,True,True,True,True,True,True,True,True,0,True,None
RL041W08,RL041,8,5.86759,53.63722,16.21718,0.99836,1.6477,12.95053,15.17649,18.73695,18.47493,17.6956,0.25577,-0.27701,907.07125,65.60946,True,True,True,True,True,True,True,True,True,True,True,True,True,True,0,True,None
RL041W09,RL041,9,5.35794,54.24715,16.20415,1.0063,1.69038,12.24444,15.38848,19.31163,18.17355,17.3591,0.25123,-0.25231,911.10427,63.66971,True,True,True,True,True,True,True,True,True,True,True,True,True,True,0,True,None
RL041W10,RL041,10,5.46342,54.08298,15.81121,0.99582,1.7684,13.54876,15.67491,18.70256,19.2342,17.3307,0.22436,-0.26461,931.46767,65.96822,True,True,True,True,True,True,True,True,True,True,True,True,True,True,0,True,None
RL041W11,RL041,11,5.53488,56.94158,15.61747,0.90879,1.77582,13.27935,15.97163,18.82944,18.33488,17.25124,0.24463,-0.24747,890.191,66.53173,True,True,True,True,True,True,True,True,True,True,True,True,True,True,0,True,None
RL041W12,RL041,12,5.28274,54.05936,16.01432,1.01599,1.75666,13.51484,15.13625,17.92646,18.79858,17.43034,0.24212,-0.24265,919.53144,63.10102,True,True,True,True,True,True,True,True,True,True,True,True,True,True,0,True,None
RL041W13,RL041,13,5.36009,55.32253,16.43148,1.01203,1.63282,13.09678,15.24294,17.57713,18.95866,17.44683,0.25185,-0.25366,892.54028,66.16425,True,True,True,True,True,True,True,True,True,True,True,True,True,True,0,True,None
RL041W14,RL041,14,5.81485,52.84655,16.72076,1.03272,1.61131,12.48583,15.90123,18.86478,18.95203,16.92889,0.23451,-0.24889,893.32498,64.93422,True,True,True,True,True,True,True,True,True,True,True,True,True,True,0,True,None
RL041W15,RL041,15,5.40697,52.58622,16.4845,1.05113,1.66635,13.71189,15.89896,19.68469,19.07211,16.95857,0.25053,-0.23583,938.61337,63.39944,True,True,True,True,True,True,True,True,True,True,True,True,True,True,0,True,None
RL041W16,RL041,16,5.58247,55.81989,16.46903,0.97972,1.61157,12.66909,15.54096,19.80402,18.63359,18.02851,0.24351,-0.27479,922.07324,66.91867,True,True,True,True,True,True,True,True,True,True,True,True,True,True,0,True,None
RL041W17,RL041,17,5.30511,55.08146,15.49736,1.03139,1.65926,13.19273,15.65435,18.68019,19.43343,17.68264,0.25126,-0.25521,919.7945,65.42495,True,True,True,True,True,True,True,True,True,True,True,True,True,True,0,True,None
RL041W18,RL041,18,5.27731,54.75486,16.69071,1.03747,1.73353,13.00409,14.82113,18.85368,18.30332,17.52127,0.24628,-0.27082,917.76898,67.56858,True,True,True,True,True,True,True,True,True,True,True,True,True,True,0,True,None
RL041W19,RL041,19,5.49087,53.62707,16.21747,1.07233,1.72399,13.35474,15.70181,18.16862,18.70117,18.06074,0.2603,-0.24812,923.25657,65.07327,True,True,True,True,True,True,True,True,True,True,True,True,True,True,0,True,None
RL041W20,RL041,20,5.53671,52.98792,15.88393,1.03663,1.72434,13.30133,15.27778,19.23481,19.36937,17.33323,0.24238,-0.27751,926.78887,66.95612,True,True,True,True,True,True,True,True,True,True,True,True,True,True,0,True,None
RL041W21,RL041,21,5.41556,55.34739,16.53966,1.0455,1.65334,13.09344,15.63363,18.42358,19.48587,17.59129,0.24039,-0.26435,932.90863,63.7273,True,True,True,True,True,True,True,True,True,True,True,True,True,True,0,True,None
RL041W22,RL041,22,5.78919,53.55714,16.56381,1.02796,1.64781,12.28803,15.37136,18.40503,18.43099,16.87389,0.2506,-0.25583,950.96132,64.89461,True,True,True,True,True,True,True,True,True,True,True,True,True,True,0,True,None
RL041W23,RL041,23,5.80425,54.67237,16.19762,0.97965,1.63252,12.53031,15.54414,18.95419,18.55101,17.48126,0.23916,-0.2559,969.03815,68.02822,True,True,True,True,True,True,True,True,True,True,True,True,True,True,0,True,None
RL041W24,RL041,24,5.61292,54.49806,16.0386,1.0227,1.75843,13.19395,16.24835,18.18221,19.15458,16.7209,0.24397,-0.23301,929.86865,66.26185,True,True,True,True,True,True,True,True,True,True,True,True,True,True,0,True,None
RL041W25,RL041,25,5.78202,55.89625,15.9431,1.00664,1.77244,11.87826,15.72034,17.52049,19.16544,17.47939,0.25997,-0.26863,935.49733,68.17066,True,True,True,True,True,True,True,True,True,True,True,True,True,True,0,True,None
RL042W01,RL042,1,5.62423,54.7826,15.77787,1.08035,1.54361,13.44575,15.61079,19.12421,18.23712,18.15316,0.26409,-0.27407,890.00902,66.24151,True,True,True,True,True,True,True,True,True,True,True,True,True,True,0,True,None
RL042W02,RL042,2,5.73993,54.59931,16.28581,1.07527,1.70279,11.95131,15.19672,18.99722,18.613,17.67087,0.25544,-0.25525,889.80278,66.15974,True,True,True,True,True,True,True,True,True,True,True,True,True,True,0,True,None
RL042W03,RL042,3,5.74154,54.03319,16.26517,1.04879,1.75673,12.74073,15.93856,19.24955,18.89726,17.69751,0.24284,-0.23423,930.703,67.96013,True,True,True,True,True,True,True,True,True,True,True,True,True,True,0,True,None
RL042W04,RL042,4,5.67397,55.83693,15.81954,1.0244,1.6284,12.8035,15.28901,19.88612,17.42884,16.82957,0.23937,-0.26284,917.92841,65.35701,True,True,True,True,True,True,True,True,True,True,True,True,True,True,0,True,None
RL042W05,RL042,5,5.48969,55.84955,15.84682,1.01102,1.62767,13.60829,15.83882,18.41011,18.83154,18.04632,0.24515,-0.26287,942.47286,67.8024,True,True,True,True,True,True,True,True,True,True,True,True,True,True,0,True,None
RL042W06,RL042,6,5.79099,55.29129,16.15264,1.03202,1.72859,12.41486,15.42799,18.91661,19.00578,17.35904,0.25204,-0.27429,921.01413,69.00011,True,True,True,True,True,True,True,True,True,True,True,True,True,True,0,True,None
RL042W07,RL042,7,5.72542,53.56203,15.88286,0.98501,1.63846,12.19738,15.67475,18.7485,19.36612,17.2187,0.25619,-0.25357,949.4888,64.28247,True,True,True,True,True,True,True,True,True,True,True,True,True,True,0,True,None
RL042W08,RL042,8,6.28645,56.0849,15.90547,1.11285,1.64404,13.6473,15.69653,18.9506,18.4597,17.69693,0.24759,-0.26126,907.5672,66.10277,True,True,True,True,True,True,True,True,True,True,True,True,True,True,0,True,None
RL042W09,RL042,9,5.44891,55.72516,15.42031,0.99145,1.72194,13.21393,15.30416,17.99401,19.5622,17.21919,0.2621,-0.25977,925.29931,63.71761,True,True,True,True,True,True,True,True,True,True,True,True,True,True,0,True,None
RL042W10,RL042,10,5.51771,55.61757,16.65277,1.00433,1.64858,12.78179,15.64032,18.84991,18.4067,17.03026,0.23779,-0.26275,937.03788,70.11629,True,True,True,True,True,True,True,True,True,True,True,True,True,True,0,True,None
RL042W11,RL042,11,5.5195,54.83877,16.05589,1.03808,1.59521,13.29697,15.47822,18.72025,19.03475,17.23256,0.24463,-0.26035,938.39058,67.62598,True,True,True,True,True,True,True,True,True,True,True,True,True,True,0,True,None
RL042W12,RL042,12,5.59931,53.80498,17.03004,1.0377,1.72089,13.44109,15.97976,19.60509,18.68714,18.53104,0.24849,-0.25382,873.58699,65.68649,True,True,True,True,True,True,True,True,True,True,True,True,True,True,0,True,None
RL042W13,RL042,13,5.69168,53.77312,16.14846,1.07052,1.62134,12.86401,15.78719,19.3565,18.55916,17.01752,0.24162,-0.25605,893.21178,66.8975,True,True,True,True,True,True,True,True,True,True,True,True,True,True,0,True,None
RL042W14,RL042,14,5.63034,54.14103,15.67824,1.01051,1.74173,12.16332,15.72469,18.81786,19.88059,17.63166,0.24484,-0.2465,917.99546,64.24445,True,True,True,True,True,True,True,True,True,True,True,True,True,True,0,True,None
RL042W15,RL042,15,5.38533,53.89189,16.43067,1.04205,1.6405,13.14265,15.43564,19.45661,18.44772,17.84925,0.27349,-0.25145,869.44183,66.30339,True,True,True,True,True,True,True,True,True,True,True,True,True,True,0,True,None
RL042W16,RL042,16,5.60595,54.31597,16.35205,0.94974,1.64322,13.23791,15.74722,19.47855,19.29428,17.82301,0.23477,-0.25623,887.57357,64.45293,True,True,True,True,True,True,True,True,True,True,True,True,True,True,0,True,None
RL042W17,RL042,17,5.59191,53.78024,15.79112,1.01943,1.69746,13.42752,15.69554,19.43328,19.14874,17.60346,0.23502,-0.2346,886.52664,64.61693,True,True,True,True,True,True,True,True,True,True,True,True,True,True,0,True,None
RL042W18,RL042,18,5.38432,53.77158,16.64477,0.97624,1.57717,13.55118,16.06608,18.99022,18.28936,17.33809,0.2559,-0.26768,920.48076,65.91743,True,True,True,True,True,True,True,True,True,True,True,True,True,True,0,True,None
RL042W19,RL042,19,4.9878,56.46815,16.24399,1.03202,1.5702,12.92659,14.82548,19.25447,19.54878,17.1819,0.23545,-0.24175,885.82057,66.25222,True,True,True,True,True,True,True,True,True,True,True,True,True,True,0,True,None
RL042W20,RL042,20,5.54695,52.97035,16.49731,1.04998,1.59192,12.91786,15.63882,19.1124,18.34103,17.07637,0.24131,-0.26485,889.82416,66.2646,True,True,True,True,True,True,True,True,True,True,True,True,True,True,0,True,None
RL042W21,RL042,21,5.8557,53.79383,16.2332,1.03462,1.57213,13.51061,15.06666,19.89399,19.44867,17.50728,0.23986,-0.23649,932.45751,63.68779,True,True,True,True,True,True,True,True,True,True,True,True,True,True,0,True,None
RL042W22,RL042,22,5.76352,54.71721,16.13535,1.00899,1.72308,13.63196,15.70577,17.99551,17.07969,17.58634,0.24444,-0.25585,905.16522,68.86261,True,True,True,True,True,True,True,True,True,True,True,True,True,True,0,True,None
RL042W23,RL042,23,5.85128,57.60727,16.05123,1.00726,1.70621,12.8404,16.94383,19.70432,19.00587,18.16347,0.24192,-0.2503,913.86035,67.72412,True,True,True,True,True,True,True,True,True,True,True,True,True,True,0,True,None
RL042W24,RL042,24,5.55851,54.98848,16.78193,1.00237,1.5746,12.32271,15.2366,18.46468,18.58744,17.83442,0.25751,-0.25584,831.92859,68.23714,True,True,True,True,True,True,True,True,True,True,True,True,True,True,0,True,None
RL042W25,RL042,25,5.69395,53.86936,16.75543,1.05251,1.82927,13.75238,15.57432,18.96213,19.81574,16.97782,0.23648,-0.2495,879.19541,68.75527,True,True,True,True,True,True,True,True,True,True,True,True,True,True,0,True,None
RL043W01,RL043,1,5.92219,56.7835,16.04744,1.07478,1.71135,12.62528,15.87567,17.89711,18.31463,17.66703,0.25624,-0.25787,873.05339,69.57306,True,True,True,True,True,True,True,True,True,True,True,True,True,True,0,True,None
RL043W02,RL043,2,5.45994,53.74782,15.73998,1.02208,1.62697,13.04398,15.85805,19.03039,18.90528,17.18816,0.25042,-0.26364,848.89976,65.59205,True,True,True,True,True,True,True,True,True,True,True,True,True,True,0,True,None
RL043W03,RL043,3,5.52603,52.68233,16.09262,0.98442,1.65288,13.03745,15.34531,18.34288,18.75836,17.00312,0.23104,-0.25777,911.99575,66.26894,True,True,True,True,True,True,True,True,True,True,True,True,True,True,0,True,None
RL043W04,RL043,4,4.98772,54.44393,16.05432,1.01621,1.62823,12.63491,15.26389,19.16301,19.62019,17.46081,0.22264,-0.25854,888.58187,66.63098,True,True,True,True,True,True,True,True,True,True,True,True,True,True,0,True,None
RL043W05,RL043,5,5.4919,55.2935,15.40556,1.02853,1.60384,13.08043,15.91557,18.96191,19.11697,17.40348,0.23973,-0.2339,932.56293,64.94518,True,True,True,True,True,True,True,True,True,True,True,True,True,True,0,True,None
RL043W06,RL043,6,5.1769,54.06741,15.84602,0.99641,1.71204,12.65207,15.5188,19.55887,18.5698,17.70647,0.22312,-0.2541,899.90499,68.66486,True,True,True,True,True,True,True,True,True,True,True,True,True,True,0,True,None
RL043W07,RL043,7,5.7428,54.67484,15.70833,1.0063,1.65582,13.29747,15.41413,18.93271,19.04682,17.78152,0.21837,-0.24379,934.33782,66.03755,True,True,True,True,True,True,True,True,True,True,True,True,True,True,0,True,None
RL043W08,RL043,8,5.64574,55.42975,16.50491,0.99297,1.63247,13.39868,15.39319,20.02466,19.37893,17.48907,0.23687,-0.24497,949.50079,64.9374,True,True,True,True,True,True,True,True,True,True,True,True,True,True,0,True,None
RL043W09,RL043,9,5.514,54.88315,16.33636,0.97857,1.59417,13.41542,15.15295,18.52929,19.85835,18.07998,0.22674,-0.27002,918.18205,67.57388,True,True,True,True,True,True,True,True,True,True,True,True,True,True,0,True,None
RL043W10,RL043,10,5.45251,52.55271,16.64124,1.01671,1.59239,12.77488,15.78709,18.95264,19.04145,17.23856,0.2466,-0.2518,944.39562,70.72666,True,True,True,True,True,True,True,True,True,True,True,True,True,True,0,True,None
RL043W11,RL043,11,5.83459,52.49438,15.73062,0.97844,1.65052,13.12911,15.9393,17.57016,19.35757,17.76733,0.23681,-0.25862,964.51523,66.08577,True,True,True,True,True,True,True,True,True,True,True,True,True,True,0,True,None
RL043W12,RL043,12,5.7648,52.70563,15.76456,0.9948,1.6723,13.1893,15.11722,19.30638,18.95525,17.47513,0.2219,-0.26842,934.68457,69.42163,True,True,True,True,True,True,True,True,True,True,True,True,True,True,0,True,None
RL043W13,RL043,13,5.59996,53.29437,15.65741,1.03648,1.70509,13.72063,15.91767,19.08173,18.6727,18.41062,0.22857,-0.25292,942.38865,67.2125,True,True,True,True,True,True,True,True,True,True,True,True,True,True,0,True,None
RL043W14,RL043,14,5.97851,54.56506,16.24029,1.05182,1.67282,12.8739,15.43323,19.56273,19.51369,17.29909,0.24112,-0.25657,915.40998,67.29517,True,True,True,True,True,True,True,True,True,True,True,True,True,True,0,True,None
RL043W15,RL043,15,5.71566,54.36808,15.64453,1.06384,1.69394,13.21069,14.72211,18.78576,18.62968,17.43734,0.22351,-0.24189,918.68043,65.53095,True,True,True,True,True,True,True,True,True,True,True,True,True,True,0,True,None
RL043W16,RL043,16,5.79497,50.22817,15.11992,1.02811,1.61274,12.84889,15.69032,19.00722,18.55037,17.95428,0.24511,-0.26383,932.91317,67.9935,True,True,True,True,True,True,True,True,True,True,True,True,True,True,0,True,None
RL043W17,RL043,17,5.21403,56.2531,16.2516,1.01671,1.6841,13.16913,14.55744,18.47348,18.23732,18.17789,0.21661,-0.25657,953.08977,66.61797,True,True,True,True,True,True,True,True,True,True,True,True,True,True,0,True,None
RL043W18,RL043,18,5.6358,53.66728,15.97895,1.00446,1.64758,12.95371,15.221,18.34248,19.27581,17.55604,0.25391,-0.24575,902.24595,65.63305,True,True,True,True,True,True,True,True,True,True,True,True,True,True,0,True,None
RL043W19,RL043,19,5.74119,53.19474,16.97267,1.00001,1.68413,13.3046,15.13732,18.77409,18.58362,17.90841,0.24373,-0.2474,893.09512,66.79795,True,True,True,True,True,True,True,True,True,True,True,True,True,True,0,True,None
RL043W20,RL043,20,5.86844,55.82849,15.95887,0.94736,1.66298,12.9711,15.16905,20.07149,19.52811,17.61645,0.24862,-0.24372,913.83206,63.47054,True,True,True,True,True,True,True,True,True,True,True,True,True,True,0,True,None
RL043W21,RL043,21,5.59306,55.4015,16.45092,1.04913,1.64948,12.85621,15.86919,18.95518,18.17314,17.9288,0.24206,-0.27636,928.22142,67.58012,True,True,True,True,True,True,True,True,True,True,True,True,True,True,0,True,None
RL043W22,RL043,22,5.69176,54.25502,15.38262,0.97667,1.73145,13.4824,15.93396,18.28782,18.62114,17.20941,0.24283,-0.27661,905.73334,65.9331,True,True,True,True,True,True,True,True,True,True,True,True,True,True,0,True,None
RL043W23,RL043,23,5.61667,56.85967,15.84198,1.02348,1.75074,12.68871,14.81936,19.25695,19.39655,17.10806,0.26598,-0.25524,907.04803,68.12671,True,True,True,True,True,True,True,True,True,True,True,True,True,True,0,True,None
RL043W24,RL043,24,6.32718,52.82405,15.8446,1.00885,1.65237,12.92722,15.98279,18.40989,18.59162,17.89666,0.259,-0.2794,864.26913,65.66527,True,True,True,True,True,True,True,True,True,True,True,True,True,True,0,True,None
RL043W25,RL043,25,5.52777,53.59256,16.32499,1.05845,1.64744,12.15139,16.04505,20.03076,18.78336,17.15781,0.24985,-0.24844,954.47855,67.12202,True,True,True,True,True,True,True,True,True,True,True,True,True,True,0,True,None
RL044W01,RL044,1,5.79764,55.67087,16.74722,1.03909,1.73839,12.25234,15.68345,18.17276,18.58459,17.83269,0.25686,-0.25414,909.65137,67.4157,True,True,True,True,True,True,True,True,True,True,True,True,True,True,0,True,None
RL044W02,RL044,2,5.8929,51.5122,16.53921,1.09716,1.65727,12.3433,15.38675,19.66181,18.0585,17.2091,0.26282,-0.252,907.98447,70.82776,True,True,True,True,True,True,True,True,True,True,True,True,True,True,0,True,None
RL044W03,RL044,3,6.00455,54.20758,16.50098,1.01543,1.71169,13.2554,15.92784,18.1805,18.57655,16.95676,0.23334,-0.262,864.46124,64.83457,True,True,True,True,True,True,True,True,True,True,True,True,True,True,0,True,None
RL044W04,RL044,4,5.52367,54.21098,16.05563,1.02949,1.61829,12.39736,15.81386,19.50544,19.30941,16.99195,0.23831,-0.25691,949.82269,70.42969,True,True,True,True,True,True,True,True,True,True,True,True,True,True,0,True,None
RL044W05,RL044,5,5.84424,55.45295,15.87252,1.00911,1.74278,13.05178,15.49998,19.2695,19.179,17.34737,0.25703,-0.24064,931.13636,66.58975,True,True,True,True,True,True,True,True,True,True,True,True,True,True,0,True,None
RL044W06,RL044,6,5.61783,53.80755,15.89119,1.03485,1.70007,12.63663,16.45274,18.71152,19.37188,17.69764,0.25022,-0.24689,907.02065,67.17792,True,True,True,True,True,True,True,True,True,True,True,True,True,True,0,True,None
RL044W07,RL044,7,5.74318,54.53046,16.18186,1.06807,1.58247,12.47179,15.67096,19.4587,17.79046,17.62482,0.25334,-0.24276,863.72366,66.57682,True,True,True,True,True,True,True,True,True,True,True,True,True,True,0,True,None
RL044W08,RL044,8,5.81831,54.38252,15.99758,0.98815,1.75571,12.60895,15.76511,19.83362,19.04757,17.62261,0.24748,-0.24626,879.62162,66.42949,True,True,True,True,True,True,True,True,True,True,True,True,True,True,0,True,None
RL044W09,RL044,9,5.56477,54.22415,15.79822,1.00332,1.63225,12.93013,15.74646,20.15504,18.90366,17.81155,0.2501,-0.26228,936.32954,65.92046,True,True,True,True,True,True,True,True,True,True,True,True,True,True,0,True,None
RL044W10,RL044,10,5.24067,52.98346,15.6914,0.97738,1.64611,13.2328,15.40587,20.153,19.60289,17.63546,0.23218,-0.24238,949.79821,66.13164,True,True,True,True,True,True,True,True,True,True,True,True,True,True,0,True,None
RL044W11,RL044,11,5.64838,52.30482,15.97327,1.04447,1.63727,12.983,15.87797,18.78871,18.35649,17.30098,0.25241,-0.24613,888.58776,67.92998,True,True,True,True,True,True,True,True,True,True,True,True,True,True,0,True,None
RL044W12,RL044,12,5.6138,55.32961,16.02547,1.11908,1.57641,12.36774,15.40865,19.12575,19.01842,17.77995,0.23269,-0.24222,943.92336,66.0751,True,True,True,True,True,True,True,True,True,True,True,True,True,True,0,True,None
RL044W13,RL044,13,5.80544,55.7211,15.67155,1.02449,1.65225,12.55226,15.6603,19.61096,19.75558,17.41857,0.24855,-0.24885,932.0907,63.89685,True,True,True,True,True,True,True,True,True,True,True,True,True,True,0,True,None
RL044W14,RL044,14,5.52462,54.78936,16.18454,0.95328,1.70451,13.33754,15.67742,18.67261,18.14503,17.56274,0.24404,-0.23778,930.60948,67.10012,True,True,True,True,True,True,True,True,True,True,True,True,True,True,0,True,None
RL044W15,RL044,15,5.54614,56.97718,15.83087,0.96674,1.51089,13.1547,15.76773,18.75123,19.26687,17.04319,0.25793,-0.26254,893.50554,66.77715,True,True,True,True,True,True,True,True,True,True,True,True,True,True,0,True,None
RL044W16,RL044,16,5.4393,53.02374,15.36524,0.99135,1.57913,12.89599,15.57467,19.61665,19.1455,16.71451,0.23532,-0.23942,952.36116,66.44381,True,True,True,True,True,True,True,True,True,True,True,True,True,True,0,True,None
RL044W17,RL044,17,5.56358,53.9771,15.50707,0.99167,1.64571,13.45775,14.95584,19.10777,18.8805,18.44005,0.22414,-0.23588,954.85476,65.74819,True,True,True,True,True,True,True,True,True,True,True,True,True,True,0,True,None
RL044W18,RL044,18,5.48052,52.77488,16.34311,1.04241,1.63416,13.61055,15.85777,18.11716,18.724,17.44732,0.24936,-0.27176,962.84158,66.0105,True,True,True,True,True,True,True,True,True,True,True,True,True,True,0,True,None
RL044W19,RL044,19,5.35397,54.77673,16.73659,0.98164,1.72179,13.28314,15.87274,18.64893,19.62815,17.64027,0.24572,-0.24336,894.51187,64.21364,True,True,True,True,True,True,True,True,True,True,True,True,True,True,0,True,None
RL044W20,RL044,20,5.65782,52.67624,15.74287,1.01501,1.74145,12.93909,15.31721,18.73976,18.88836,17.8151,0.24903,-0.25346,882.03184,61.39862,True,True,True,True,True,True,True,True,True,True,True,True,True,True,0,True,None
RL044W21,RL044,21,5.7143,51.39028,16.8919,1.04104,1.66363,12.86102,15.61134,19.10817,18.55435,17.31782,0.25196,-0.24351,904.97874,67.28006,True,True,True,True,True,True,True,True,True,True,True,True,True,True,0,True,None
RL044W22,RL044,22,5.42771,53.89073,15.82266,1.04213,1.64901,13.13248,15.92634,18.55495,19.42368,18.09972,0.23309,-0.25059,917.43349,67.61357,True,True,True,True,True,True,True,True,True,True,True,True,True,True,0,True,None
RL044W23,RL044,23,5.5717,54.28081,15.6134,0.97922,1.66094,13.29837,15.76158,18.73901,18.93605,17.67061,0.24696,-0.22433,933.5935,67.21024,True,True,True,True,True,True,True,True,True,True,True,True,True,True,0,True,None
RL044W24,RL044,24,5.66832,52.86232,16.37605,1.11597,1.71679,11.80742,15.92305,19.30319,18.92268,18.23871,0.25645,-0.25055,893.04952,67.57486,True,True,True,True,True,True,True,True,True,True,True,True,True,True,0,True,None
RL044W25,RL044,25,6.05743,55.87733,16.50892,1.05307,1.61547,12.80812,15.44622,19.11065,18.15206,17.54045,0.2515,-0.26574,897.5682,69.84243,True,True,True,True,True,True,True,True,True,True,True,True,True,True,0,True,None
RL045W01,RL045,1,6.77709,56.52985,16.7892,1.22914,1.75676,11.21265,16.1494,17.45104,18.10759,18.08198,0.29116,-0.30931,847.17068,73.98585,False,True,True,False,True,False,True,True,True,True,False,False,True,False,8,False,Vt Shift
RL045W02,RL045,2,6.24014,55.88293,17.06858,1.30029,1.89135,11.79137,15.94488,17.66341,17.11997,17.81566,0.29726,-0.29192,828.60033,73.4709,True,True,True,False,False,True,True,True,True,True,False,False,True,False,8,False,Wear-out
RL045W03,RL045,3,6.43349,55.07199,16.47686,1.15311,1.75215,11.59498,16.20586,17.82645,18.20717,17.74981,0.29716,-0.27668,812.16287,70.70786,False,True,True,False,True,True,True,True,True,True,False,True,False,True,8,False,Contact Open
RL045W04,RL045,4,6.37795,55.40125,16.17435,1.23931,1.72065,12.58438,16.14389,17.79801,17.97849,17.42695,0.28557,-0.2968,895.35783,68.49708,True,True,True,False,True,True,True,True,True,True,False,False,True,True,8,False,Wear-out
RL045W05,RL045,5,6.21921,56.03304,16.75455,1.26135,1.76906,12.52113,16.20735,18.15592,16.38545,18.05428,0.28381,-0.29571,796.89198,74.55276,True,True,True,False,True,True,True,True,False,True,False,False,False,False,8,False,Metal Migration
RL045W06,RL045,6,6.46695,55.62221,17.15849,1.2376,1.82959,12.18842,16.8595,17.0832,18.11823,18.12985,0.29882,-0.31231,835.79466,70.56365,False,True,True,False,True,True,True,True,True,True,False,False,True,True,8,False,Fin Collapse
RL045W07,RL045,7,6.2338,54.98431,16.10396,1.17023,1.78128,11.38703,16.09799,17.62931,18.02835,17.9648,0.28031,-0.29648,892.1645,70.50537,True,True,True,False,True,False,True,True,True,True,False,False,True,True,8,False,Junction Leak
RL045W08,RL045,8,6.36801,54.85412,16.83459,1.23997,1.85953,11.56535,16.53716,16.85076,18.37134,18.45485,0.30574,-0.30949,804.63101,70.19268,True,True,True,False,False,True,True,False,True,True,False,False,False,True,8,False,Fin Collapse
RL045W09,RL045,9,6.83052,53.93637,16.69058,1.23871,1.71051,12.69425,16.14729,18.17599,17.40569,18.58576,0.29047,-0.27947,805.32239,72.36095,False,True,True,False,True,True,True,True,True,True,False,True,False,False,8,False,Wear-out
RL045W10,RL045,10,6.01034,55.89771,16.48986,1.20232,1.74714,12.39034,15.42119,17.82717,17.37696,17.06363,0.27646,-0.27984,811.46192,71.20068,True,True,True,False,True,True,True,True,True,True,False,True,False,True,8,False,Fin Collapse
RL045W11,RL045,11,6.62625,56.88082,16.72086,1.22893,1.83982,11.44905,17.09316,17.36054,19.28151,17.9549,0.29543,-0.28551,838.54697,69.86881,False,True,True,False,True,False,False,True,True,True,False,False,True,True,8,False,Contact Open
RL045W12,RL045,12,6.79831,55.26383,16.29282,1.29749,1.8252,11.94291,15.48474,18.39886,17.57033,17.19111,0.30198,-0.2859,807.21718,73.54378,False,True,True,False,True,True,True,True,True,True,False,False,False,False,8,False,Oxide BD
RL045W13,RL045,13,6.04385,54.28985,16.28802,1.19198,1.80439,11.99667,15.93696,17.59964,17.80282,17.91156,0.28282,-0.27909,866.93566,71.22056,True,True,True,False,True,True,True,True,True,True,False,True,True,True,8,False,Metal Migration
RL045W14,RL045,14,6.23723,57.35987,17.12263,1.15833,1.7912,11.78844,16.62036,18.67908,18.27897,17.63289,0.27281,-0.28233,840.19936,74.85433,True,True,True,False,True,True,True,True,True,True,True,True,True,False,7,False,Fin Collapse
RL045W15,RL045,15,6.15216,55.08551,16.52667,1.19713,1.78893,12.05179,16.04897,18.33137,17.35969,17.85358,0.30752,-0.28463,835.82648,72.87651,True,True,True,False,True,True,True,True,True,True,False,True,True,False,8,False,Junction Leak
RL045W16,RL045,16,6.42686,55.71701,17.2227,1.30497,1.80866,12.05832,15.69518,18.42107,17.7298,18.44916,0.2756,-0.30584,856.76059,70.06358,False,True,True,False,True,True,True,True,True,True,False,False,True,True,8,False,Junction Leak
RL045W17,RL045,17,6.3669,53.71355,16.43419,1.16959,1.79523,11.95159,15.54142,18.13367,18.2712,17.37608,0.29604,-0.279,867.64361,70.76135,True,True,True,False,True,True,True,True,True,True,False,True,True,True,7,False,Contact Open
RL045W18,RL045,18,5.80217,56.93093,16.27502,1.24045,1.75622,12.17716,16.44715,17.3678,18.06206,17.60467,0.28205,-0.28258,861.20111,73.15361,True,True,True,False,True,True,True,True,True,True,False,True,True,False,7,False,Junction Leak
RL045W19,RL045,19,6.52399,56.59979,16.9594,1.13566,1.79671,12.36541,16.79949,18.93693,18.31606,17.65765,0.27732,-0.28935,825.88122,68.43007,False,True,True,True,True,True,True,True,True,True,False,False,True,True,8,False,Contact Open
RL045W20,RL045,20,6.71753,54.23353,16.62028,1.3165,1.72555,11.81657,16.68227,17.70218,18.00436,17.67128,0.27362,-0.28162,809.04251,70.34278,False,True,True,False,True,True,True,True,True,True,True,True,False,True,8,False,Vt Shift
RL045W21,RL045,21,6.48289,55.43873,16.88854,1.27262,1.81535,11.97084,16.34529,18.921,18.96967,17.89488,0.30729,-0.28707,888.34825,67.91355,False,True,True,False,True,True,True,True,True,True,False,False,True,True,8,False,Junction Leak
RL045W22,RL045,22,6.31595,54.24722,16.17443,1.24466,1.70735,11.45258,16.35831,17.62194,18.23939,17.43272,0.29122,-0.27926,856.86603,73.37455,True,True,True,False,True,False,True,True,True,True,False,True,True,False,8,False,Oxide BD
RL045W23,RL045,23,6.83845,54.96832,16.49887,1.28359,1.82015,12.03126,16.74716,17.97843,17.25425,17.65041,0.30803,-0.28469,851.76757,74.34185,False,True,True,False,True,True,True,True,True,True,False,True,True,False,8,False,Oxide BD
RL045W24,RL045,24,6.30256,57.41398,17.23261,1.33917,1.7616,10.81278,16.45495,17.75033,18.59147,18.36254,0.32476,-0.29501,780.1454,72.42027,True,True,True,False,True,False,True,True,True,True,False,False,False,False,8,False,Contact Open
RL045W25,RL045,25,6.6664,53.71981,16.2662,1.30889,1.71439,12.29367,16.70213,18.84569,16.64439,17.83734,0.31219,-0.29657,860.14202,72.98737,False,True,True,False,True,True,True,True,False,True,False,False,True,False,8,False,Oxide BD
RL046W01,RL046,1,6.11903,57.54212,16.53222,1.15896,1.75842,12.20429,16.00606,18.88588,19.07277,17.52345,0.23829,-0.23963,871.14405,70.33878,True,True,True,False,True,True,True,True,True,True,True,True,True,True,0,True,None
RL046W02,RL046,2,5.66202,55.44457,16.54653,1.12007,1.81275,13.56194,15.085,19.53424,18.35124,17.02495,0.25291,-0.25955,906.44057,68.96564,True,True,True,True,True,True,True,True,True,True,True,True,True,True,0,True,None
RL046W03,RL046,3,5.27216,54.1575,15.35356,1.02457,1.64979,13.9655,15.18954,19.58745,18.94927,16.78583,0.25923,-0.26075,903.4114,68.11896,True,True,True,True,True,True,True,True,True,True,True,True,True,True,0,True,None
RL046W04,RL046,4,5.64736,55.37402,15.85081,1.02845,1.66174,13.20869,15.9819,19.65771,20.24371,17.48661,0.25394,-0.25758,912.83397,65.44297,True,True,True,True,True,True,True,True,True,True,True,True,True,True,0,True,None
RL046W05,RL046,5,5.41624,54.3668,16.30906,1.04048,1.67584,13.45622,15.76161,18.48946,18.34875,17.6031,0.24452,-0.23503,902.37154,67.94365,True,True,True,True,True,True,True,True,True,True,True,True,True,True,0,True,None
RL046W06,RL046,6,6.09632,55.47947,16.28272,1.0433,1.64865,13.16445,15.12957,18.18224,19.06965,16.68824,0.24332,-0.23962,905.98442,65.17178,True,True,True,True,True,True,True,True,True,True,True,True,True,True,0,True,None
RL046W07,RL046,7,5.44664,54.32347,15.94443,1.0434,1.74811,13.01168,14.71495,19.21273,18.85017,16.96216,0.25921,-0.25968,923.14147,71.56907,True,True,True,True,True,True,True,True,True,True,True,True,True,True,0,True,None
RL046W08,RL046,8,6.10909,55.05676,16.45726,1.05609,1.63395,12.4646,15.61489,17.6249,19.01699,18.02198,0.25824,-0.25161,871.72914,69.91583,True,True,True,True,True,True,True,True,True,True,True,True,True,True,0,True,None
RL046W09,RL046,9,5.56012,54.0131,16.39139,0.9832,1.65404,12.08062,15.33613,19.2163,18.14953,16.94627,0.25216,-0.23763,910.62607,65.05351,True,True,True,True,True,True,True,True,True,True,True,True,True,True,0,True,None
RL046W10,RL046,10,6.09884,53.10815,16.33033,1.09901,1.78678,11.81941,15.35018,19.05173,18.85888,17.18958,0.25362,-0.26607,866.96069,69.29413,True,True,True,True,True,True,True,True,True,True,True,True,True,True,0,True,None
RL046W11,RL046,11,5.9259,54.95805,16.25573,1.04295,1.6049,12.16323,15.78674,18.8074,18.48883,17.28624,0.25664,-0.24924,900.29318,65.26183,True,True,True,True,True,True,True,True,True,True,True,True,True,True,0,True,None
RL046W12,RL046,12,5.69071,54.31757,16.3354,1.04347,1.70082,12.29418,16.12612,19.98091,18.54943,17.50027,0.24916,-0.24383,919.15627,67.76414,True,True,True,True,True,True,True,True,True,True,True,True,True,True,0,True,None
RL046W13,RL046,13,6.15335,52.83999,16.11479,1.06346,1.67064,13.43846,15.42269,20.27136,19.67366,17.9886,0.25673,-0.24672,958.53917,65.00341,True,True,True,True,True,True,True,True,True,True,True,True,True,True,0,True,None
RL046W14,RL046,14,5.61897,53.20892,16.38809,1.00557,1.65081,13.40525,16.03518,19.02591,18.88121,18.4092,0.25122,-0.2541,944.12606,66.87212,True,True,True,True,True,True,True,True,True,True,True,True,True,True,0,True,None
RL046W15,RL046,15,6.06112,51.0862,15.7236,1.00884,1.70336,12.17787,15.79976,19.97854,18.81422,17.75638,0.25058,-0.27124,898.24202,66.55774,True,True,True,True,True,True,True,True,True,True,True,True,True,True,0,True,None
RL046W16,RL046,16,5.53796,56.2383,15.83623,1.04645,1.72907,12.81241,15.66501,19.77412,18.10908,17.98855,0.23508,-0.26273,875.4025,71.07533,True,True,True,True,True,True,True,True,True,True,True,True,True,True,0,True,None
RL046W17,RL046,17,5.35873,53.65734,16.27728,1.05509,1.77533,12.32419,15.9084,19.17056,19.08314,18.03996,0.23268,-0.25327,895.01809,64.92365,True,True,True,True,True,True,True,True,True,True,True,True,True,True,0,True,None
RL046W18,RL046,18,5.96439,57.066,16.17045,1.00504,1.68324,12.7548,15.67811,19.11518,18.86395,17.42515,0.2553,-0.26115,926.299,67.19905,True,True,True,True,True,True,True,True,True,True,True,True,True,True,0,True,None
RL046W19,RL046,19,5.84959,54.5576,15.9661,1.04268,1.78957,12.55702,15.51483,19.64628,18.81757,17.21978,0.24927,-0.25093,909.5908,66.63666,True,True,True,True,True,True,True,True,True,True,True,True,True,True,0,True,None
RL046W20,RL046,20,5.85209,54.02823,15.94873,1.12835,1.68448,13.18037,15.42147,18.60016,18.6997,18.15536,0.24444,-0.27435,910.7263,67.0838,True,True,True,True,True,True,True,True,True,True,True,True,True,True,0,True,None
RL046W21,RL046,21,5.79052,53.1927,15.76111,1.01339,1.67417,13.01696,15.07112,19.59191,19.26572,17.8425,0.25501,-0.25625,905.15271,66.55476,True,True,True,True,True,True,True,True,True,True,True,True,True,True,0,True,None
RL046W22,RL046,22,5.95355,50.51981,16.13264,1.05907,1.61461,12.48821,15.25973,19.05681,18.41746,17.7911,0.2469,-0.26948,863.75798,67.91657,True,True,True,True,True,True,True,True,True,True,True,True,True,True,0,True,None
RL046W23,RL046,23,5.24452,53.60479,16.11246,1.00238,1.62054,12.49719,15.60207,19.16133,18.95002,17.17854,0.24103,-0.24517,873.70654,68.66078,True,True,True,True,True,True,True,True,True,True,True,True,True,True,0,True,None
RL046W24,RL046,24,5.71041,55.41708,16.79853,1.09216,1.67501,12.54551,15.97764,18.47899,18.48935,17.97225,0.27369,-0.24749,910.12856,69.88372,True,True,True,True,True,True,True,True,True,True,True,True,True,True,0,True,None
RL046W25,RL046,25,6.11123,54.09257,16.25953,1.08059,1.74422,12.39722,15.90103,19.98497,19.46648,18.01725,0.24661,-0.26222,922.19578,68.46514,True,True,True,True,True,True,True,True,True,True,True,True,True,True,0,True,None
RL047W01,RL047,1,5.91217,53.46009,16.32169,1.13674,1.69317,12.88456,15.85339,18.48968,18.23118,17.70022,0.25787,-0.25449,866.23422,69.92947,True,True,True,True,True,True,True,True,True,True,True,True,True,True,8,False,Wear-out
RL047W02,RL047,2,5.43322,53.08818,16.30129,1.04278,1.71587,11.68276,16.02347,18.56341,18.8566,18.55889,0.24982,-0.27657,892.96087,67.79622,True,True,True,True,True,True,True,True,True,True,True,True,True,True,6,False,Metal Migration
RL047W03,RL047,3,5.6141,54.84274,16.2677,1.11156,1.7098,12.88023,14.89631,19.17634,18.6793,17.44933,0.24525,-0.26214,923.12594,65.56823,True,True,True,True,True,True,True,True,True,True,True,True,True,True,5,False,Oxide BD
RL047W04,RL047,4,5.35375,54.41688,16.31634,1.05913,1.61838,12.75401,15.15183,17.44001,18.16279,17.72629,0.23056,-0.24547,937.75407,66.50147,True,True,True,True,True,True,True,True,True,True,True,True,True,True,4,False,Contact Open
RL047W05,RL047,5,5.78278,53.643,16.44456,1.09344,1.71453,12.51579,15.30874,18.04144,18.90038,17.14516,0.2636,-0.261,884.23905,66.13747,True,True,True,True,True,True,True,True,True,True,True,True,True,True,6,False,Contact Open
RL047W06,RL047,6,5.2944,52.62327,15.84382,1.03554,1.662,12.47674,15.29978,17.2936,18.58835,17.75985,0.25366,-0.25629,905.2324,68.25701,True,True,True,True,True,True,True,True,True,True,True,True,True,True,4,False,Fin Collapse
RL047W07,RL047,7,5.77772,51.44085,16.36776,1.05258,1.60506,12.64392,15.92286,18.09876,18.50676,17.59521,0.24586,-0.24052,953.45424,66.67046,True,True,True,True,True,True,True,True,True,True,True,True,True,True,4,False,Fin Collapse
RL047W08,RL047,8,5.67554,53.37118,15.75852,1.02198,1.68915,13.64285,15.47353,18.49389,17.91121,17.72948,0.23134,-0.24527,970.34893,67.63583,True,True,True,True,True,True,True,True,True,True,True,True,True,True,4,False,Oxide BD
RL047W09,RL047,9,6.04248,55.40539,16.29416,1.10974,1.71225,11.64186,16.34998,19.025,19.09051,17.58071,0.24283,-0.26056,920.41986,67.00014,True,True,True,True,True,True,True,True,True,True,True,True,True,True,4,False,Junction Leak
RL047W10,RL047,10,5.31839,52.38525,15.80395,1.00822,1.6549,12.78556,15.69505,18.1376,18.5984,18.12949,0.2407,-0.25167,875.19919,65.81842,True,True,True,True,True,True,True,True,True,True,True,True,True,True,4,False,Contact Open
RL047W11,RL047,11,5.38262,53.29407,15.99555,0.98139,1.64209,13.3201,15.7582,19.53349,18.44366,17.25588,0.23571,-0.25382,948.08221,64.97465,True,True,True,True,True,True,True,True,True,True,True,True,True,True,2,False,Contact Open
RL047W12,RL047,12,5.82492,53.28205,15.85935,1.05729,1.70638,12.46224,15.98182,18.41698,17.81298,17.48404,0.23832,-0.25168,943.1364,66.05331,True,True,True,True,True,True,True,True,True,True,True,True,True,True,5,False,Wear-out
RL047W13,RL047,13,5.46131,52.6682,15.90201,1.07372,1.67702,12.71085,15.85318,17.50518,19.36346,18.37635,0.2351,-0.24118,944.24872,63.87334,True,True,True,True,True,True,True,True,True,True,True,True,True,True,4,False,Oxide BD
RL047W14,RL047,14,5.79755,51.44099,16.36839,1.00028,1.6724,13.64551,15.17692,18.20883,17.96342,18.1077,0.25687,-0.2574,906.98965,68.6071,True,True,True,True,True,True,True,True,True,True,True,True,True,True,7,False,Fin Collapse
RL047W15,RL047,15,5.58213,55.16273,16.55177,1.09303,1.60935,13.00147,15.33318,17.69838,19.11153,17.95202,0.25736,-0.25695,909.9885,64.1389,True,True,True,True,True,True,True,True,True,True,True,True,True,True,3,False,Wear-out
RL047W16,RL047,16,5.59584,53.41883,16.33745,1.07078,1.69156,13.17142,15.62715,18.23941,17.77625,17.57329,0.24908,-0.25903,928.45311,67.04963,True,True,True,True,True,True,True,True,True,True,True,True,True,True,5,False,Fin Collapse
RL047W17,RL047,17,5.78141,53.99746,16.48615,1.10497,1.71841,12.68711,15.12577,19.12917,18.34664,17.61931,0.25454,-0.2855,903.68462,65.33652,True,True,True,True,True,True,True,True,True,True,True,False,True,True,4,False,Contact Open
RL047W18,RL047,18,5.61226,55.19195,16.25742,1.0664,1.66125,12.5993,15.24054,19.0335,18.5321,17.89676,0.24366,-0.23684,936.05755,64.8951,True,True,True,True,True,True,True,True,True,True,True,True,True,True,3,False,Oxide BD
RL047W19,RL047,19,5.72919,52.58625,16.3856,1.09407,1.55659,13.09583,15.63891,17.89348,18.26815,18.02212,0.25798,-0.25679,931.91047,69.20101,True,True,True,True,True,True,True,True,True,True,True,True,True,True,7,False,Metal Migration
RL047W20,RL047,20,5.89676,54.5626,16.2446,1.09249,1.79124,12.16748,15.70879,17.40524,18.31746,18.04791,0.25185,-0.25073,882.68637,65.80345,True,True,True,True,True,True,True,True,True,True,True,True,True,True,5,False,Vt Shift
RL047W21,RL047,21,5.50048,53.5749,15.8546,1.08799,1.7074,13.23846,15.78478,18.30976,18.47438,17.36087,0.24586,-0.2375,949.14583,66.69169,True,True,True,True,True,True,True,True,True,True,True,True,True,True,6,False,Fin Collapse
RL047W22,RL047,22,5.74292,53.36202,16.11967,1.11428,1.66718,13.49316,15.77681,17.89298,18.73767,17.78764,0.25471,-0.26733,919.5541,65.70005,True,True,True,True,True,True,True,True,True,True,True,True,True,True,3,False,Wear-out
RL047W23,RL047,23,5.92409,53.8955,16.40356,1.10963,1.51429,14.32918,15.72076,19.45425,18.39889,18.34064,0.24844,-0.26747,891.06815,65.68205,True,True,True,True,True,True,True,True,True,True,True,True,True,True,6,False,Fin Collapse
RL047W24,RL047,24,5.55657,52.85731,15.93683,1.17121,1.728,12.91882,15.5003,17.81419,18.66426,17.61509,0.24456,-0.26142,906.81784,65.21636,True,True,True,False,True,True,True,True,True,True,True,True,True,True,5,False,Metal Migration
RL047W25,RL047,25,5.7383,55.15931,16.46639,1.13798,1.71113,13.0371,16.58919,17.72743,18.23188,18.36273,0.26134,-0.25687,912.43562,66.36454,True,True,True,True,True,True,True,True,True,True,True,True,True,True,8,False,Oxide BD
RL048W01,RL048,1,6.16879,54.83462,15.70069,1.05576,1.69207,12.31972,15.297,19.31853,18.88768,17.28084,0.26069,-0.23266,894.15452,64.27383,True,True,True,True,True,True,True,True,True,True,True,True,True,True,1,False,Metal Migration
RL048W02,RL048,2,5.88009,54.51368,16.3788,1.08553,1.6811,13.02867,15.63237,18.4717,18.43163,17.41541,0.24372,-0.26104,952.53293,68.77031,True,True,True,True,True,True,True,True,True,True,True,True,True,True,1,False,Oxide BD
RL048W03,RL048,3,5.85321,53.22747,15.24572,1.0741,1.53758,12.59167,15.65198,18.42769,19.00755,18.19014,0.2378,-0.25299,922.20564,66.07867,True,True,True,True,True,True,True,True,True,True,True,True,True,True,0,True,None
RL048W04,RL048,4,5.32738,54.80289,16.31219,1.15598,1.62074,12.97088,15.56522,19.29101,19.31709,17.90168,0.25403,-0.25047,914.85154,69.57381,True,True,True,False,True,True,True,True,True,True,True,True,True,True,0,True,None
RL048W05,RL048,5,5.1455,55.63543,15.48466,1.01917,1.72427,13.86558,16.24559,18.80204,17.97062,16.34709,0.2482,-0.24712,901.39852,65.91834,True,True,True,True,True,True,True,True,True,True,True,True,True,True,2,False,Oxide BD
RL048W06,RL048,6,5.50021,55.57037,15.8519,1.07817,1.61192,13.83059,15.26554,19.43309,19.18289,17.26732,0.25362,-0.25505,930.52181,68.99792,True,True,True,True,True,True,True,True,True,True,True,True,True,True,0,True,None
RL048W07,RL048,7,5.58636,53.98434,15.94599,1.11153,1.60514,12.6656,15.02682,18.53794,18.7248,17.25599,0.23157,-0.25239,915.80435,66.64894,True,True,True,True,True,True,True,True,True,True,True,True,True,True,0,True,None
RL048W08,RL048,8,5.77102,54.75161,15.89981,1.08542,1.79367,13.03236,15.67374,18.53527,19.93077,17.47731,0.24721,-0.2909,865.85444,67.56835,True,True,True,True,True,True,True,True,True,True,True,False,True,True,0,True,None
RL048W09,RL048,9,5.61146,53.41368,15.93942,1.0326,1.58259,13.70645,15.52117,19.00816,18.84776,17.80133,0.2248,-0.24605,916.40769,67.76123,True,True,True,True,True,True,True,True,True,True,True,True,True,True,0,True,None
RL048W10,RL048,10,5.96982,54.04661,16.17277,1.10923,1.72208,12.12083,15.77038,18.59938,18.28276,17.42682,0.24002,-0.25638,866.5389,69.74275,True,True,True,True,True,True,True,True,True,True,True,True,True,True,0,True,None
RL048W11,RL048,11,5.22732,51.50358,15.93327,1.04208,1.63893,13.42399,15.39487,19.21902,18.37632,16.50398,0.22921,-0.26414,911.33113,68.80724,True,True,True,True,True,True,True,True,True,True,True,True,True,True,1,False,Contact Open
RL048W12,RL048,12,5.17934,55.5613,16.5718,1.07215,1.57064,13.30536,16.1883,19.44663,19.6715,17.49743,0.22246,-0.25475,930.95725,68.49933,True,True,True,True,True,True,True,True,True,True,True,True,True,True,0,True,None
RL048W13,RL048,13,5.55468,53.05115,15.46846,1.12638,1.71387,13.726,14.54509,18.47518,18.89243,17.21339,0.2372,-0.24881,905.29103,60.91544,True,True,True,True,True,True,True,True,True,True,True,True,True,True,0,True,None
RL048W14,RL048,14,5.77406,55.04946,15.7874,1.06307,1.70563,12.73363,15.4478,19.15608,18.6497,18.13137,0.22957,-0.25392,916.66309,63.19913,True,True,True,True,True,True,True,True,True,True,True,True,True,True,0,True,None
RL048W15,RL048,15,5.57123,53.15994,15.90224,1.12361,1.70854,12.55831,15.60669,19.36413,18.47993,17.58326,0.22483,-0.23576,861.9311,67.32931,True,True,True,True,True,True,True,True,True,True,True,True,True,True,0,True,None
RL048W16,RL048,16,5.66635,54.50685,16.48322,1.02014,1.74529,11.9752,15.07567,19.26427,18.81767,17.304,0.2505,-0.24395,910.99114,66.99327,True,True,True,True,True,True,True,True,True,True,True,True,True,True,0,True,None
RL048W17,RL048,17,5.07496,52.93584,15.21023,1.03985,1.66825,13.37408,16.02039,19.19545,19.32689,18.04769,0.23102,-0.25705,935.16261,63.54226,True,True,True,True,True,True,True,True,True,True,True,True,True,True,0,True,None
RL048W18,RL048,18,5.37056,53.82038,16.15668,1.02221,1.58312,12.46803,14.82709,19.58026,18.49785,17.56018,0.2519,-0.24874,872.79893,66.37372,True,True,True,True,True,True,True,True,True,True,True,True,True,True,0,True,None
RL048W19,RL048,19,5.56592,53.37248,15.98668,1.02472,1.74512,12.89758,15.71476,18.19772,19.00647,17.59144,0.25371,-0.25413,865.32806,66.26649,True,True,True,True,True,True,True,True,True,True,True,True,True,True,0,True,None
RL048W20,RL048,20,5.16763,54.52636,16.0617,1.08934,1.66686,13.1955,15.62266,18.25136,19.68664,17.52808,0.25547,-0.25042,943.10226,64.6756,True,True,True,True,True,True,True,True,True,True,True,True,True,True,0,True,None
RL048W21,RL048,21,5.63338,54.80055,15.72132,0.94008,1.6748,13.11586,15.7958,18.18255,19.25714,17.49995,0.2186,-0.24946,891.03126,65.50526,True,True,True,True,True,True,True,True,True,True,True,True,True,True,0,True,None
RL048W22,RL048,22,5.88562,55.35811,15.4234,1.10397,1.64592,13.49688,15.06513,19.13421,19.13133,17.4797,0.25854,-0.27608,864.50633,66.28986,True,True,True,True,True,True,True,True,True,True,True,True,True,True,0,True,None
RL048W23,RL048,23,6.00642,56.23529,16.21496,1.1399,1.66749,13.1453,16.15142,19.67891,18.73112,17.28192,0.23963,-0.23799,890.86319,64.77718,True,True,True,True,True,True,True,True,True,True,True,True,True,True,1,False,Vt Shift
RL048W24,RL048,24,6.1149,51.69986,15.99982,1.09356,1.66166,13.6061,15.30508,18.52432,19.40607,17.2129,0.25695,-0.26498,904.84485,69.51727,True,True,True,True,True,True,True,True,True,True,True,True,True,True,0,True,None
RL048W25,RL048,25,5.72312,53.4014,15.99615,1.0823,1.60191,13.32427,15.60793,18.58201,18.82255,16.9826,0.25597,-0.24533,899.663,67.84622,True,True,True,True,True,True,True,True,True,True,True,True,True,True,0,True,None
